uid,sent_id,gate_prob_nonjunk,gate_pred,s2_pred,s2_p_divine_teleology,s2_p_non_divine_teleology,s2_p_internal_essence
ia_bim_eighteenth-century_magazine-of-natural-hist_sibly-ebenezer_1794_3,1,0.07805,junk,,,,
ia_bim_eighteenth-century_magazine-of-natural-hist_sibly-ebenezer_1794_3,3,0.99191,non_junk,non_divine_teleology,0.02079,0.87841,0.1008
ia_bim_eighteenth-century_magazine-of-natural-hist_sibly-ebenezer_1794_3,4,0.97647,non_junk,non_divine_teleology,0.01288,0.72411,0.26301
ia_bim_eighteenth-century_magazine-of-natural-hist_sibly-ebenezer_1794_3,5,0.8027,non_junk,non_divine_teleology,0.0473,0.66138,0.29132
ia_bim_eighteenth-century_magazine-of-natural-hist_sibly-ebenezer_1794_3,7,0.00136,junk,,,,
ia_bim_eighteenth-century_magazine-of-natural-hist_sibly-ebenezer_1794_3,8,0.03148,junk,,,,
ia_bim_eighteenth-century_magazine-of-natural-hist_sibly-ebenezer_1794_3,10,0.79192,non_junk,non_divine_teleology,0.06631,0.6827,0.25099
ia_bim_eighteenth-century_magazine-of-natural-hist_sibly-ebenezer_1794_3,11,0.36851,junk,,,,
ia_bim_eighteenth-century_magazine-of-natural-hist_sibly-ebenezer_1794_3,13,0.98277,non_junk,non_divine_teleology,0.00585,0.95988,0.03427
ia_bim_eighteenth-century_magazine-of-natural-hist_sibly-ebenezer_1794_3,14,0.00317,junk,,,,
ia_bim_eighteenth-century_magazine-of-natural-hist_sibly-ebenezer_1794_3,19,0.05049,junk,,,,
ia_bim_eighteenth-century_magazine-of-natural-hist_sibly-ebenezer_1794_3,20,0.50148,non_junk,non_divine_teleology,0.00469,0.95712,0.03819
ia_bim_eighteenth-century_magazine-of-natural-hist_sibly-ebenezer_1794_3,22,0.12971,junk,,,,
ia_bim_eighteenth-century_magazine-of-natural-hist_sibly-ebenezer_1794_3,23,0.01304,junk,,,,
ia_bim_eighteenth-century_magazine-of-natural-hist_sibly-ebenezer_1794_3,24,0.00735,junk,,,,
ia_bim_eighteenth-century_magazine-of-natural-hist_sibly-ebenezer_1794_3,28,0.97676,non_junk,non_divine_teleology,0.01074,0.9475,0.04175
ia_bim_eighteenth-century_magazine-of-natural-hist_sibly-ebenezer_1794_3,29,0.63342,non_junk,non_divine_teleology,0.0033,0.97721,0.01949
ia_bim_eighteenth-century_magazine-of-natural-hist_sibly-ebenezer_1794_3,31,0.07443,junk,,,,
ia_bim_eighteenth-century_magazine-of-natural-hist_sibly-ebenezer_1794_3,32,0.20435,junk,,,,
ia_bim_eighteenth-century_magazine-of-natural-hist_sibly-ebenezer_1794_3,34,0.90383,non_junk,non_divine_teleology,0.03828,0.87762,0.0841
ia_bim_eighteenth-century_magazine-of-natural-hist_sibly-ebenezer_1794_3,35,0.01047,junk,,,,
ia_bim_eighteenth-century_magazine-of-natural-hist_sibly-ebenezer_1794_3,36,0.08093,junk,,,,
ia_bim_eighteenth-century_magazine-of-natural-hist_sibly-ebenezer_1794_3,37,0.08093,junk,,,,
ia_bim_eighteenth-century_magazine-of-natural-hist_sibly-ebenezer_1794_3,38,0.97001,non_junk,non_divine_teleology,0.00232,0.99356,0.00412
ia_bim_eighteenth-century_magazine-of-natural-hist_sibly-ebenezer_1794_3,39,0.00025,junk,,,,
ia_bim_eighteenth-century_magazine-of-natural-hist_sibly-ebenezer_1794_3,42,0.43924,junk,,,,
ia_bim_eighteenth-century_magazine-of-natural-hist_sibly-ebenezer_1794_3,43,0.05608,junk,,,,
ia_bim_eighteenth-century_magazine-of-natural-hist_sibly-ebenezer_1794_3,44,0.03732,junk,,,,
ia_bim_eighteenth-century_magazine-of-natural-hist_sibly-ebenezer_1794_3,45,0.19429,junk,,,,
ia_bim_eighteenth-century_magazine-of-natural-hist_sibly-ebenezer_1794_3,46,0.00705,junk,,,,
ia_bim_eighteenth-century_magazine-of-natural-hist_sibly-ebenezer_1794_3,47,0.98769,non_junk,non_divine_teleology,0.01467,0.97752,0.00781
ia_bim_eighteenth-century_magazine-of-natural-hist_sibly-ebenezer_1794_3,49,0.00093,junk,,,,
ia_bim_eighteenth-century_magazine-of-natural-hist_sibly-ebenezer_1794_3,50,0.13442,junk,,,,
ia_bim_eighteenth-century_magazine-of-natural-hist_sibly-ebenezer_1794_3,52,0.00594,junk,,,,
ia_bim_eighteenth-century_magazine-of-natural-hist_sibly-ebenezer_1794_3,54,0.25125,junk,,,,
ia_bim_eighteenth-century_magazine-of-natural-hist_sibly-ebenezer_1794_3,55,0.44701,junk,,,,
ia_bim_eighteenth-century_magazine-of-natural-hist_sibly-ebenezer_1794_3,56,0.84776,non_junk,non_divine_teleology,0.00914,0.71153,0.27933
ia_bim_eighteenth-century_magazine-of-natural-hist_sibly-ebenezer_1794_3,59,0.01374,junk,,,,
ia_bim_eighteenth-century_magazine-of-natural-hist_sibly-ebenezer_1794_3,60,0.66767,non_junk,non_divine_teleology,0.02266,0.72551,0.25183
ia_bim_eighteenth-century_magazine-of-natural-hist_sibly-ebenezer_1794_3,61,0.0152,junk,,,,
ia_bim_eighteenth-century_magazine-of-natural-hist_sibly-ebenezer_1794_3,62,0.00779,junk,,,,
ia_bim_eighteenth-century_magazine-of-natural-hist_sibly-ebenezer_1794_3,63,0.00048,junk,,,,
ia_bim_eighteenth-century_magazine-of-natural-hist_sibly-ebenezer_1794_3,65,0.02926,junk,,,,
ia_bim_eighteenth-century_magazine-of-natural-hist_sibly-ebenezer_1794_3,66,0.10472,junk,,,,
ia_bim_eighteenth-century_magazine-of-natural-hist_sibly-ebenezer_1794_3,70,0.18278,junk,,,,
ia_bim_eighteenth-century_magazine-of-natural-hist_sibly-ebenezer_1794_3,72,0.30936,junk,,,,
ia_bim_eighteenth-century_magazine-of-natural-hist_sibly-ebenezer_1794_3,74,0.0038,junk,,,,
ia_bim_eighteenth-century_magazine-of-natural-hist_sibly-ebenezer_1794_3,75,0.38018,junk,,,,
ia_bim_eighteenth-century_magazine-of-natural-hist_sibly-ebenezer_1794_3,76,0.50532,non_junk,non_divine_teleology,0.02225,0.82689,0.15086
ia_bim_eighteenth-century_magazine-of-natural-hist_sibly-ebenezer_1794_3,77,0.14571,junk,,,,
ia_bim_eighteenth-century_magazine-of-natural-hist_sibly-ebenezer_1794_3,78,0.75631,non_junk,internal_essence,0.00457,0.02334,0.97209
ia_bim_eighteenth-century_magazine-of-natural-hist_sibly-ebenezer_1794_3,79,0.25179,junk,,,,
ia_bim_eighteenth-century_magazine-of-natural-hist_sibly-ebenezer_1794_3,80,0.01284,junk,,,,
ia_bim_eighteenth-century_magazine-of-natural-hist_sibly-ebenezer_1794_3,81,0.72288,non_junk,non_divine_teleology,0.00346,0.9836,0.01294
ia_bim_eighteenth-century_magazine-of-natural-hist_sibly-ebenezer_1794_3,82,0.04931,junk,,,,
ia_bim_eighteenth-century_magazine-of-natural-hist_sibly-ebenezer_1794_3,83,0.03566,junk,,,,
ia_bim_eighteenth-century_magazine-of-natural-hist_sibly-ebenezer_1794_3,84,0.01316,junk,,,,
ia_bim_eighteenth-century_magazine-of-natural-hist_sibly-ebenezer_1794_3,85,0.02073,junk,,,,
ia_bim_eighteenth-century_magazine-of-natural-hist_sibly-ebenezer_1794_3,86,0.08461,junk,,,,
ia_bim_eighteenth-century_magazine-of-natural-hist_sibly-ebenezer_1794_3,88,0.05156,junk,,,,
ia_bim_eighteenth-century_magazine-of-natural-hist_sibly-ebenezer_1794_3,91,0.00036,junk,,,,
ia_bim_eighteenth-century_magazine-of-natural-hist_sibly-ebenezer_1794_3,93,0.06056,junk,,,,
ia_bim_eighteenth-century_magazine-of-natural-hist_sibly-ebenezer_1794_3,95,0.03869,junk,,,,
ia_bim_eighteenth-century_magazine-of-natural-hist_sibly-ebenezer_1794_3,98,0.06642,junk,,,,
ia_bim_eighteenth-century_magazine-of-natural-hist_sibly-ebenezer_1794_3,100,0.07933,junk,,,,
ia_bim_eighteenth-century_magazine-of-natural-hist_sibly-ebenezer_1794_3,102,0.00992,junk,,,,
ia_bim_eighteenth-century_magazine-of-natural-hist_sibly-ebenezer_1794_3,103,0.00706,junk,,,,
ia_bim_eighteenth-century_magazine-of-natural-hist_sibly-ebenezer_1794_3,104,0.04423,junk,,,,
ia_bim_eighteenth-century_magazine-of-natural-hist_sibly-ebenezer_1794_3,106,0.0056,junk,,,,
ia_bim_eighteenth-century_magazine-of-natural-hist_sibly-ebenezer_1794_3,108,0.014,junk,,,,
ia_bim_eighteenth-century_magazine-of-natural-hist_sibly-ebenezer_1794_3,109,0.0056,junk,,,,
ia_bim_eighteenth-century_magazine-of-natural-hist_sibly-ebenezer_1794_3,111,8e-05,junk,,,,
ia_bim_eighteenth-century_magazine-of-natural-hist_sibly-ebenezer_1794_3,112,0.94085,non_junk,non_divine_teleology,0.00375,0.91941,0.07685
ia_bim_eighteenth-century_magazine-of-natural-hist_sibly-ebenezer_1794_3,113,0.01661,junk,,,,
ia_bim_eighteenth-century_magazine-of-natural-hist_sibly-ebenezer_1794_3,114,0.09581,junk,,,,
ia_bim_eighteenth-century_magazine-of-natural-hist_sibly-ebenezer_1794_3,116,0.11087,junk,,,,
ia_bim_eighteenth-century_magazine-of-natural-hist_sibly-ebenezer_1794_3,117,0.02212,junk,,,,
ia_bim_eighteenth-century_magazine-of-natural-hist_sibly-ebenezer_1794_3,118,0.02932,junk,,,,
ia_bim_eighteenth-century_magazine-of-natural-hist_sibly-ebenezer_1794_3,125,0.00164,junk,,,,
ia_bim_eighteenth-century_magazine-of-natural-hist_sibly-ebenezer_1794_3,126,0.35916,junk,,,,
ia_bim_eighteenth-century_magazine-of-natural-hist_sibly-ebenezer_1794_3,127,0.00965,junk,,,,
ia_bim_eighteenth-century_magazine-of-natural-hist_sibly-ebenezer_1794_3,129,0.01914,junk,,,,
ia_bim_eighteenth-century_magazine-of-natural-hist_sibly-ebenezer_1794_3,131,0.1259,junk,,,,
ia_bim_eighteenth-century_magazine-of-natural-hist_sibly-ebenezer_1794_3,134,0.02388,junk,,,,
ia_bim_eighteenth-century_magazine-of-natural-hist_sibly-ebenezer_1794_3,135,0.00405,junk,,,,
ia_bim_eighteenth-century_magazine-of-natural-hist_sibly-ebenezer_1794_3,136,0.01251,junk,,,,
ia_bim_eighteenth-century_magazine-of-natural-hist_sibly-ebenezer_1794_3,137,0.99649,non_junk,non_divine_teleology,0.00254,0.99406,0.0034
ia_bim_eighteenth-century_magazine-of-natural-hist_sibly-ebenezer_1794_3,139,0.01731,junk,,,,
ia_bim_eighteenth-century_magazine-of-natural-hist_sibly-ebenezer_1794_3,140,0.09405,junk,,,,
ia_bim_eighteenth-century_magazine-of-natural-hist_sibly-ebenezer_1794_3,144,0.01529,junk,,,,
ia_bim_eighteenth-century_magazine-of-natural-hist_sibly-ebenezer_1794_3,145,0.66648,non_junk,non_divine_teleology,0.00539,0.98645,0.00816
ia_bim_eighteenth-century_magazine-of-natural-hist_sibly-ebenezer_1794_3,147,0.00096,junk,,,,
ia_bim_eighteenth-century_magazine-of-natural-hist_sibly-ebenezer_1794_3,148,0.22789,junk,,,,
ia_bim_eighteenth-century_magazine-of-natural-hist_sibly-ebenezer_1794_3,150,0.01018,junk,,,,
ia_bim_eighteenth-century_magazine-of-natural-hist_sibly-ebenezer_1794_3,151,0.2209,junk,,,,
ia_bim_eighteenth-century_magazine-of-natural-hist_sibly-ebenezer_1794_3,155,0.00147,junk,,,,
ia_bim_eighteenth-century_magazine-of-natural-hist_sibly-ebenezer_1794_3,157,0.17462,junk,,,,
ia_bim_eighteenth-century_magazine-of-natural-hist_sibly-ebenezer_1794_3,160,0.0029,junk,,,,
ia_bim_eighteenth-century_magazine-of-natural-hist_sibly-ebenezer_1794_3,161,0.0524,junk,,,,
ia_bim_eighteenth-century_magazine-of-natural-hist_sibly-ebenezer_1794_3,162,0.09668,junk,,,,
ia_bim_eighteenth-century_magazine-of-natural-hist_sibly-ebenezer_1794_3,163,0.00048,junk,,,,
ia_bim_eighteenth-century_magazine-of-natural-hist_sibly-ebenezer_1794_3,164,0.9737,non_junk,non_divine_teleology,0.00825,0.92383,0.06792
ia_bim_eighteenth-century_magazine-of-natural-hist_sibly-ebenezer_1794_3,165,0.97842,non_junk,non_divine_teleology,0.00712,0.93286,0.06002
ia_bim_eighteenth-century_magazine-of-natural-hist_sibly-ebenezer_1794_3,166,0.07175,junk,,,,
ia_bim_eighteenth-century_magazine-of-natural-hist_sibly-ebenezer_1794_3,167,0.982,non_junk,non_divine_teleology,0.00158,0.99619,0.00224
ia_bim_eighteenth-century_magazine-of-natural-hist_sibly-ebenezer_1794_3,168,0.05075,junk,,,,
ia_bim_eighteenth-century_magazine-of-natural-hist_sibly-ebenezer_1794_3,170,0.24402,junk,,,,
ia_bim_eighteenth-century_magazine-of-natural-hist_sibly-ebenezer_1794_3,172,0.01999,junk,,,,
ia_bim_eighteenth-century_magazine-of-natural-hist_sibly-ebenezer_1794_3,173,0.27307,junk,,,,
ia_bim_eighteenth-century_magazine-of-natural-hist_sibly-ebenezer_1794_3,175,0.01679,junk,,,,
ia_bim_eighteenth-century_magazine-of-natural-hist_sibly-ebenezer_1794_3,176,0.03208,junk,,,,
ia_bim_eighteenth-century_magazine-of-natural-hist_sibly-ebenezer_1794_3,179,0.70279,non_junk,non_divine_teleology,0.00493,0.919,0.07607
ia_bim_eighteenth-century_magazine-of-natural-hist_sibly-ebenezer_1794_3,180,0.12487,junk,,,,
ia_bim_eighteenth-century_magazine-of-natural-hist_sibly-ebenezer_1794_3,181,0.96293,non_junk,non_divine_teleology,0.00342,0.98493,0.01164
ia_bim_eighteenth-century_magazine-of-natural-hist_sibly-ebenezer_1794_3,182,0.00783,junk,,,,
ia_bim_eighteenth-century_magazine-of-natural-hist_sibly-ebenezer_1794_3,184,0.03984,junk,,,,
ia_bim_eighteenth-century_magazine-of-natural-hist_sibly-ebenezer_1794_3,185,0.00172,junk,,,,
ia_bim_eighteenth-century_magazine-of-natural-hist_sibly-ebenezer_1794_3,186,0.02775,junk,,,,
ia_bim_eighteenth-century_magazine-of-natural-hist_sibly-ebenezer_1794_3,187,0.00284,junk,,,,
ia_bim_eighteenth-century_magazine-of-natural-hist_sibly-ebenezer_1794_3,191,0.59918,non_junk,non_divine_teleology,0.0061,0.85016,0.14374
ia_bim_eighteenth-century_magazine-of-natural-hist_sibly-ebenezer_1794_3,194,0.73591,non_junk,divine_teleology,0.96201,0.03785,0.00014
ia_bim_eighteenth-century_magazine-of-natural-hist_sibly-ebenezer_1794_3,195,0.00057,junk,,,,
ia_bim_eighteenth-century_magazine-of-natural-hist_sibly-ebenezer_1794_3,196,0.68685,non_junk,non_divine_teleology,0.01252,0.93906,0.04843
ia_bim_eighteenth-century_magazine-of-natural-hist_sibly-ebenezer_1794_3,197,0.00191,junk,,,,
ia_bim_eighteenth-century_magazine-of-natural-hist_sibly-ebenezer_1794_3,199,0.68378,non_junk,non_divine_teleology,0.02931,0.966,0.00469
ia_bim_eighteenth-century_magazine-of-natural-hist_sibly-ebenezer_1794_3,200,0.00449,junk,,,,
ia_bim_eighteenth-century_magazine-of-natural-hist_sibly-ebenezer_1794_3,201,0.67846,non_junk,internal_essence,0.02284,0.27375,0.70341
ia_bim_eighteenth-century_magazine-of-natural-hist_sibly-ebenezer_1794_3,202,0.13846,junk,,,,
ia_bim_eighteenth-century_magazine-of-natural-hist_sibly-ebenezer_1794_3,203,0.00683,junk,,,,
ia_bim_eighteenth-century_magazine-of-natural-hist_sibly-ebenezer_1794_3,207,0.00162,junk,,,,
ia_bim_eighteenth-century_magazine-of-natural-hist_sibly-ebenezer_1794_3,209,0.71297,non_junk,non_divine_teleology,0.01875,0.95108,0.03017
ia_bim_eighteenth-century_magazine-of-natural-hist_sibly-ebenezer_1794_3,212,0.38083,junk,,,,
ia_bim_eighteenth-century_magazine-of-natural-hist_sibly-ebenezer_1794_3,213,0.00669,junk,,,,
ia_bim_eighteenth-century_magazine-of-natural-hist_sibly-ebenezer_1794_3,214,0.47298,junk,,,,
ia_bim_eighteenth-century_magazine-of-natural-hist_sibly-ebenezer_1794_3,216,0.02716,junk,,,,
ia_bim_eighteenth-century_magazine-of-natural-hist_sibly-ebenezer_1794_3,224,0.00148,junk,,,,
ia_bim_eighteenth-century_magazine-of-natural-hist_sibly-ebenezer_1794_3,225,0.00558,junk,,,,
ia_bim_eighteenth-century_magazine-of-natural-hist_sibly-ebenezer_1794_3,226,0.00069,junk,,,,
ia_bim_eighteenth-century_magazine-of-natural-hist_sibly-ebenezer_1794_3,227,0.14617,junk,,,,
ia_bim_eighteenth-century_magazine-of-natural-hist_sibly-ebenezer_1794_3,228,0.9518,non_junk,non_divine_teleology,0.05374,0.81664,0.12962
ia_bim_eighteenth-century_magazine-of-natural-hist_sibly-ebenezer_1794_3,229,0.00127,junk,,,,
ia_bim_eighteenth-century_magazine-of-natural-hist_sibly-ebenezer_1794_3,230,0.37831,junk,,,,
ia_bim_eighteenth-century_magazine-of-natural-hist_sibly-ebenezer_1794_3,231,0.03301,junk,,,,
ia_bim_eighteenth-century_magazine-of-natural-hist_sibly-ebenezer_1794_3,232,0.00029,junk,,,,
ia_bim_eighteenth-century_magazine-of-natural-hist_sibly-ebenezer_1794_3,233,0.79897,non_junk,internal_essence,0.00238,0.0379,0.95972
ia_bim_eighteenth-century_magazine-of-natural-hist_sibly-ebenezer_1794_3,235,0.02069,junk,,,,
ia_bim_eighteenth-century_magazine-of-natural-hist_sibly-ebenezer_1794_3,237,0.71671,non_junk,internal_essence,0.00157,0.02768,0.97075
ia_bim_eighteenth-century_magazine-of-natural-hist_sibly-ebenezer_1794_3,238,0.00755,junk,,,,
ia_bim_eighteenth-century_magazine-of-natural-hist_sibly-ebenezer_1794_3,240,0.00307,junk,,,,
ia_bim_eighteenth-century_magazine-of-natural-hist_sibly-ebenezer_1794_3,243,0.89559,non_junk,non_divine_teleology,0.10467,0.87832,0.01701
ia_bim_eighteenth-century_magazine-of-natural-hist_sibly-ebenezer_1794_3,244,0.00044,junk,,,,
ia_bim_eighteenth-century_magazine-of-natural-hist_sibly-ebenezer_1794_3,245,0.3783,junk,,,,
ia_bim_eighteenth-century_magazine-of-natural-hist_sibly-ebenezer_1794_3,248,0.03331,junk,,,,
ia_bim_eighteenth-century_magazine-of-natural-hist_sibly-ebenezer_1794_3,249,0.00188,junk,,,,
ia_bim_eighteenth-century_magazine-of-natural-hist_sibly-ebenezer_1794_3,251,0.22839,junk,,,,
ia_bim_eighteenth-century_magazine-of-natural-hist_sibly-ebenezer_1794_3,252,0.99544,non_junk,non_divine_teleology,0.00193,0.99699,0.00108
ia_bim_eighteenth-century_magazine-of-natural-hist_sibly-ebenezer_1794_3,253,0.99544,non_junk,non_divine_teleology,0.00193,0.99699,0.00108
ia_bim_eighteenth-century_magazine-of-natural-hist_sibly-ebenezer_1794_3,254,0.31456,junk,,,,
ia_bim_eighteenth-century_magazine-of-natural-hist_sibly-ebenezer_1794_3,255,0.63787,non_junk,non_divine_teleology,0.00319,0.60311,0.3937
ia_bim_eighteenth-century_magazine-of-natural-hist_sibly-ebenezer_1794_3,258,0.0315,junk,,,,
ia_bim_eighteenth-century_magazine-of-natural-hist_sibly-ebenezer_1794_3,259,0.01721,junk,,,,
ia_bim_eighteenth-century_magazine-of-natural-hist_sibly-ebenezer_1794_3,260,0.01429,junk,,,,
ia_bim_eighteenth-century_magazine-of-natural-hist_sibly-ebenezer_1794_3,261,0.12556,junk,,,,
ia_bim_eighteenth-century_magazine-of-natural-hist_sibly-ebenezer_1794_3,262,0.15632,junk,,,,
ia_bim_eighteenth-century_magazine-of-natural-hist_sibly-ebenezer_1794_3,263,0.00093,junk,,,,
ia_bim_eighteenth-century_magazine-of-natural-hist_sibly-ebenezer_1794_3,266,0.15632,junk,,,,
ia_bim_eighteenth-century_magazine-of-natural-hist_sibly-ebenezer_1794_3,267,0.00093,junk,,,,
ia_bim_eighteenth-century_magazine-of-natural-hist_sibly-ebenezer_1794_3,268,0.00158,junk,,,,
ia_bim_eighteenth-century_magazine-of-natural-hist_sibly-ebenezer_1794_3,269,0.02798,junk,,,,
ia_bim_eighteenth-century_magazine-of-natural-hist_sibly-ebenezer_1794_3,271,0.05013,junk,,,,
ia_bim_eighteenth-century_magazine-of-natural-hist_sibly-ebenezer_1794_3,273,0.00101,junk,,,,
ia_bim_eighteenth-century_magazine-of-natural-hist_sibly-ebenezer_1794_3,274,0.0466,junk,,,,
ia_bim_eighteenth-century_magazine-of-natural-hist_sibly-ebenezer_1794_3,275,0.02151,junk,,,,
ia_bim_eighteenth-century_magazine-of-natural-hist_sibly-ebenezer_1794_3,279,0.00953,junk,,,,
ia_bim_eighteenth-century_magazine-of-natural-hist_sibly-ebenezer_1794_3,280,0.94939,non_junk,non_divine_teleology,0.00816,0.97301,0.01884
ia_bim_eighteenth-century_magazine-of-natural-hist_sibly-ebenezer_1794_3,281,0.41993,junk,,,,
ia_bim_eighteenth-century_magazine-of-natural-hist_sibly-ebenezer_1794_3,282,0.01966,junk,,,,
ia_bim_eighteenth-century_magazine-of-natural-hist_sibly-ebenezer_1794_3,283,0.05834,junk,,,,
ia_bim_eighteenth-century_magazine-of-natural-hist_sibly-ebenezer_1794_3,284,0.00595,junk,,,,
ia_bim_eighteenth-century_magazine-of-natural-hist_sibly-ebenezer_1794_3,286,0.00288,junk,,,,
ia_bim_eighteenth-century_magazine-of-natural-hist_sibly-ebenezer_1794_3,289,0.16139,junk,,,,
ia_bim_eighteenth-century_magazine-of-natural-hist_sibly-ebenezer_1794_3,290,0.01055,junk,,,,
ia_bim_eighteenth-century_magazine-of-natural-hist_sibly-ebenezer_1794_3,291,0.01601,junk,,,,
ia_bim_eighteenth-century_magazine-of-natural-hist_sibly-ebenezer_1794_3,292,0.0754,junk,,,,
ia_bim_eighteenth-century_magazine-of-natural-hist_sibly-ebenezer_1794_3,293,0.0028,junk,,,,
ia_bim_eighteenth-century_magazine-of-natural-hist_sibly-ebenezer_1794_3,294,0.00069,junk,,,,
ia_bim_eighteenth-century_magazine-of-natural-hist_sibly-ebenezer_1794_3,295,0.00161,junk,,,,
ia_bim_eighteenth-century_magazine-of-natural-hist_sibly-ebenezer_1794_3,300,0.09387,junk,,,,
ia_bim_eighteenth-century_magazine-of-natural-hist_sibly-ebenezer_1794_3,301,0.04055,junk,,,,
ia_bim_eighteenth-century_magazine-of-natural-hist_sibly-ebenezer_1794_3,302,0.04055,junk,,,,
ia_bim_eighteenth-century_magazine-of-natural-hist_sibly-ebenezer_1794_3,303,0.25827,junk,,,,
ia_bim_eighteenth-century_magazine-of-natural-hist_sibly-ebenezer_1794_3,307,0.01684,junk,,,,
ia_bim_eighteenth-century_magazine-of-natural-hist_sibly-ebenezer_1794_3,308,0.72393,non_junk,non_divine_teleology,0.02911,0.82075,0.15014
ia_bim_eighteenth-century_magazine-of-natural-hist_sibly-ebenezer_1794_3,309,0.00502,junk,,,,
ia_bim_eighteenth-century_magazine-of-natural-hist_sibly-ebenezer_1794_3,310,0.02844,junk,,,,
ia_bim_eighteenth-century_magazine-of-natural-hist_sibly-ebenezer_1794_3,311,0.00143,junk,,,,
ia_bim_eighteenth-century_magazine-of-natural-hist_sibly-ebenezer_1794_3,312,0.01134,junk,,,,
ia_bim_eighteenth-century_magazine-of-natural-hist_sibly-ebenezer_1794_3,313,0.00986,junk,,,,
ia_bim_eighteenth-century_magazine-of-natural-hist_sibly-ebenezer_1794_3,314,0.00145,junk,,,,
ia_bim_eighteenth-century_magazine-of-natural-hist_sibly-ebenezer_1794_3,316,0.30137,junk,,,,
ia_bim_eighteenth-century_magazine-of-natural-hist_sibly-ebenezer_1794_3,318,0.05164,junk,,,,
ia_bim_eighteenth-century_magazine-of-natural-hist_sibly-ebenezer_1794_3,319,0.00706,junk,,,,
ia_bim_eighteenth-century_magazine-of-natural-hist_sibly-ebenezer_1794_3,320,0.69619,non_junk,non_divine_teleology,0.02745,0.89528,0.07727
ia_bim_eighteenth-century_magazine-of-natural-hist_sibly-ebenezer_1794_3,322,0.00379,junk,,,,
ia_bim_eighteenth-century_magazine-of-natural-hist_sibly-ebenezer_1794_3,323,0.0001,junk,,,,
ia_bim_eighteenth-century_magazine-of-natural-hist_sibly-ebenezer_1794_3,325,0.8438,non_junk,non_divine_teleology,0.03527,0.93109,0.03363
ia_bim_eighteenth-century_magazine-of-natural-hist_sibly-ebenezer_1794_3,328,0.06114,junk,,,,
ia_bim_eighteenth-century_magazine-of-natural-hist_sibly-ebenezer_1794_3,329,0.03482,junk,,,,
ia_bim_eighteenth-century_magazine-of-natural-hist_sibly-ebenezer_1794_3,331,0.00331,junk,,,,
ia_bim_eighteenth-century_magazine-of-natural-hist_sibly-ebenezer_1794_3,332,0.00113,junk,,,,
ia_bim_eighteenth-century_magazine-of-natural-hist_sibly-ebenezer_1794_3,333,0.1877,junk,,,,
ia_bim_eighteenth-century_magazine-of-natural-hist_sibly-ebenezer_1794_3,334,0.00338,junk,,,,
ia_bim_eighteenth-century_magazine-of-natural-hist_sibly-ebenezer_1794_3,337,0.00155,junk,,,,
ia_bim_eighteenth-century_magazine-of-natural-hist_sibly-ebenezer_1794_3,338,0.00334,junk,,,,
ia_bim_eighteenth-century_magazine-of-natural-hist_sibly-ebenezer_1794_3,340,0.06771,junk,,,,
ia_bim_eighteenth-century_magazine-of-natural-hist_sibly-ebenezer_1794_3,341,0.12555,junk,,,,
ia_bim_eighteenth-century_magazine-of-natural-hist_sibly-ebenezer_1794_3,343,0.00069,junk,,,,
ia_bim_eighteenth-century_magazine-of-natural-hist_sibly-ebenezer_1794_3,344,0.1025,junk,,,,
ia_bim_eighteenth-century_magazine-of-natural-hist_sibly-ebenezer_1794_3,345,0.5437,non_junk,non_divine_teleology,0.01805,0.96879,0.01317
ia_bim_eighteenth-century_magazine-of-natural-hist_sibly-ebenezer_1794_3,349,0.99437,non_junk,divine_teleology,0.5804,0.41565,0.00396
ia_bim_eighteenth-century_magazine-of-natural-hist_sibly-ebenezer_1794_3,353,0.03696,junk,,,,
ia_bim_eighteenth-century_magazine-of-natural-hist_sibly-ebenezer_1794_3,354,0.1637,junk,,,,
ia_bim_eighteenth-century_magazine-of-natural-hist_sibly-ebenezer_1794_3,356,0.19273,junk,,,,
ia_bim_eighteenth-century_magazine-of-natural-hist_sibly-ebenezer_1794_3,357,0.97405,non_junk,non_divine_teleology,0.03728,0.9496,0.01312
ia_bim_eighteenth-century_magazine-of-natural-hist_sibly-ebenezer_1794_3,359,0.17121,junk,,,,
ia_bim_eighteenth-century_magazine-of-natural-hist_sibly-ebenezer_1794_3,360,0.02205,junk,,,,
ia_bim_eighteenth-century_magazine-of-natural-hist_sibly-ebenezer_1794_3,363,0.05689,junk,,,,
ia_bim_eighteenth-century_magazine-of-natural-hist_sibly-ebenezer_1794_3,365,0.00087,junk,,,,
ia_bim_eighteenth-century_magazine-of-natural-hist_sibly-ebenezer_1794_3,366,0.78019,non_junk,non_divine_teleology,0.03108,0.87354,0.09538
ia_bim_eighteenth-century_magazine-of-natural-hist_sibly-ebenezer_1794_3,368,0.18014,junk,,,,
ia_bim_eighteenth-century_magazine-of-natural-hist_sibly-ebenezer_1794_3,370,0.00102,junk,,,,
ia_bim_eighteenth-century_magazine-of-natural-hist_sibly-ebenezer_1794_3,373,0.05391,junk,,,,
ia_bim_eighteenth-century_magazine-of-natural-hist_sibly-ebenezer_1794_3,376,0.02868,junk,,,,
ia_bim_eighteenth-century_magazine-of-natural-hist_sibly-ebenezer_1794_3,379,0.06057,junk,,,,
ia_bim_eighteenth-century_magazine-of-natural-hist_sibly-ebenezer_1794_3,381,0.07468,junk,,,,
ia_bim_eighteenth-century_magazine-of-natural-hist_sibly-ebenezer_1794_3,383,0.07139,junk,,,,
ia_bim_eighteenth-century_magazine-of-natural-hist_sibly-ebenezer_1794_3,384,0.0541,junk,,,,
ia_bim_eighteenth-century_magazine-of-natural-hist_sibly-ebenezer_1794_3,387,0.00127,junk,,,,
ia_bim_eighteenth-century_magazine-of-natural-hist_sibly-ebenezer_1794_3,388,0.02807,junk,,,,
ia_bim_eighteenth-century_magazine-of-natural-hist_sibly-ebenezer_1794_3,389,0.0049,junk,,,,
ia_bim_eighteenth-century_magazine-of-natural-hist_sibly-ebenezer_1794_3,390,0.07023,junk,,,,
ia_bim_eighteenth-century_magazine-of-natural-hist_sibly-ebenezer_1794_3,392,0.61823,non_junk,non_divine_teleology,0.00832,0.98067,0.01101
ia_bim_eighteenth-century_magazine-of-natural-hist_sibly-ebenezer_1794_3,393,0.0035,junk,,,,
ia_bim_eighteenth-century_magazine-of-natural-hist_sibly-ebenezer_1794_3,395,0.0247,junk,,,,
ia_bim_eighteenth-century_magazine-of-natural-hist_sibly-ebenezer_1794_3,398,0.2743,junk,,,,
ia_bim_eighteenth-century_magazine-of-natural-hist_sibly-ebenezer_1794_3,401,0.02357,junk,,,,
ia_bim_eighteenth-century_magazine-of-natural-hist_sibly-ebenezer_1794_3,402,0.96219,non_junk,divine_teleology,0.99788,0.0019,0.00022
ia_bim_eighteenth-century_magazine-of-natural-hist_sibly-ebenezer_1794_3,403,0.01355,junk,,,,
ia_bim_eighteenth-century_magazine-of-natural-hist_sibly-ebenezer_1794_3,404,0.0786,junk,,,,
ia_bim_eighteenth-century_magazine-of-natural-hist_sibly-ebenezer_1794_3,405,0.00057,junk,,,,
ia_bim_eighteenth-century_magazine-of-natural-hist_sibly-ebenezer_1794_3,406,0.37393,junk,,,,
ia_bim_eighteenth-century_magazine-of-natural-hist_sibly-ebenezer_1794_3,408,0.03559,junk,,,,
ia_bim_eighteenth-century_magazine-of-natural-hist_sibly-ebenezer_1794_3,409,0.01615,junk,,,,
ia_bim_eighteenth-century_magazine-of-natural-hist_sibly-ebenezer_1794_3,410,0.00547,junk,,,,
ia_bim_eighteenth-century_magazine-of-natural-hist_sibly-ebenezer_1794_3,411,0.00165,junk,,,,
ia_bim_eighteenth-century_magazine-of-natural-hist_sibly-ebenezer_1794_3,414,0.01289,junk,,,,
ia_bim_eighteenth-century_magazine-of-natural-hist_sibly-ebenezer_1794_3,417,0.08727,junk,,,,
ia_bim_eighteenth-century_magazine-of-natural-hist_sibly-ebenezer_1794_3,420,0.03888,junk,,,,
ia_bim_eighteenth-century_magazine-of-natural-hist_sibly-ebenezer_1794_3,422,0.93011,non_junk,internal_essence,0.0005,0.02108,0.97842
ia_bim_eighteenth-century_magazine-of-natural-hist_sibly-ebenezer_1794_3,423,0.00275,junk,,,,
ia_bim_eighteenth-century_magazine-of-natural-hist_sibly-ebenezer_1794_3,425,0.24958,junk,,,,
ia_bim_eighteenth-century_magazine-of-natural-hist_sibly-ebenezer_1794_3,426,0.00048,junk,,,,
ia_bim_eighteenth-century_magazine-of-natural-hist_sibly-ebenezer_1794_3,427,0.00048,junk,,,,
ia_bim_eighteenth-century_magazine-of-natural-hist_sibly-ebenezer_1794_3,432,0.01158,junk,,,,
ia_bim_eighteenth-century_magazine-of-natural-hist_sibly-ebenezer_1794_3,438,0.98402,non_junk,non_divine_teleology,0.00203,0.98825,0.00972
ia_bim_eighteenth-century_magazine-of-natural-hist_sibly-ebenezer_1794_3,439,0.8847,non_junk,non_divine_teleology,0.00469,0.98351,0.0118
ia_bim_eighteenth-century_magazine-of-natural-hist_sibly-ebenezer_1794_3,440,0.28804,junk,,,,
ia_bim_eighteenth-century_magazine-of-natural-hist_sibly-ebenezer_1794_3,442,0.96024,non_junk,non_divine_teleology,0.01178,0.96173,0.02649
ia_bim_eighteenth-century_magazine-of-natural-hist_sibly-ebenezer_1794_3,444,0.47803,junk,,,,
ia_bim_eighteenth-century_magazine-of-natural-hist_sibly-ebenezer_1794_3,446,0.87064,non_junk,non_divine_teleology,0.00906,0.98025,0.01069
ia_bim_eighteenth-century_magazine-of-natural-hist_sibly-ebenezer_1794_3,447,0.06293,junk,,,,
ia_bim_eighteenth-century_magazine-of-natural-hist_sibly-ebenezer_1794_3,448,0.027,junk,,,,
ia_bim_eighteenth-century_magazine-of-natural-hist_sibly-ebenezer_1794_3,450,0.1074,junk,,,,
ia_bim_eighteenth-century_magazine-of-natural-hist_sibly-ebenezer_1794_3,452,0.03867,junk,,,,
ia_bim_eighteenth-century_magazine-of-natural-hist_sibly-ebenezer_1794_3,456,0.03292,junk,,,,
ia_bim_eighteenth-century_magazine-of-natural-hist_sibly-ebenezer_1794_3,457,0.08289,junk,,,,
ia_bim_eighteenth-century_magazine-of-natural-hist_sibly-ebenezer_1794_3,458,0.01009,junk,,,,
ia_bim_eighteenth-century_magazine-of-natural-hist_sibly-ebenezer_1794_3,460,0.02393,junk,,,,
ia_bim_eighteenth-century_magazine-of-natural-hist_sibly-ebenezer_1794_3,461,0.03687,junk,,,,
ia_bim_eighteenth-century_magazine-of-natural-hist_sibly-ebenezer_1794_3,462,0.00273,junk,,,,
ia_bim_eighteenth-century_magazine-of-natural-hist_sibly-ebenezer_1794_3,463,0.00122,junk,,,,
ia_bim_eighteenth-century_magazine-of-natural-hist_sibly-ebenezer_1794_3,464,0.00841,junk,,,,
ia_bim_eighteenth-century_magazine-of-natural-hist_sibly-ebenezer_1794_3,465,0.58161,non_junk,internal_essence,0.00359,0.04345,0.95297
ia_bim_eighteenth-century_magazine-of-natural-hist_sibly-ebenezer_1794_3,466,0.00128,junk,,,,
ia_bim_eighteenth-century_magazine-of-natural-hist_sibly-ebenezer_1794_3,467,0.74179,non_junk,non_divine_teleology,0.00886,0.70204,0.28909
ia_bim_eighteenth-century_magazine-of-natural-hist_sibly-ebenezer_1794_3,468,0.0566,junk,,,,
ia_bim_eighteenth-century_magazine-of-natural-hist_sibly-ebenezer_1794_3,469,0.00234,junk,,,,
ia_bim_eighteenth-century_magazine-of-natural-hist_sibly-ebenezer_1794_3,470,0.44667,junk,,,,
ia_bim_eighteenth-century_magazine-of-natural-hist_sibly-ebenezer_1794_3,471,0.30336,junk,,,,
ia_bim_eighteenth-century_magazine-of-natural-hist_sibly-ebenezer_1794_3,473,0.01833,junk,,,,
ia_bim_eighteenth-century_magazine-of-natural-hist_sibly-ebenezer_1794_3,475,0.00622,junk,,,,
ia_bim_eighteenth-century_magazine-of-natural-hist_sibly-ebenezer_1794_3,476,0.95528,non_junk,non_divine_teleology,0.00275,0.89459,0.10266
ia_bim_eighteenth-century_magazine-of-natural-hist_sibly-ebenezer_1794_3,478,0.77971,non_junk,non_divine_teleology,0.00134,0.9953,0.00336
ia_bim_eighteenth-century_magazine-of-natural-hist_sibly-ebenezer_1794_3,479,0.00049,junk,,,,
ia_bim_eighteenth-century_magazine-of-natural-hist_sibly-ebenezer_1794_3,480,0.00771,junk,,,,
ia_bim_eighteenth-century_magazine-of-natural-hist_sibly-ebenezer_1794_3,483,0.01997,junk,,,,
ia_bim_eighteenth-century_magazine-of-natural-hist_sibly-ebenezer_1794_3,484,0.09355,junk,,,,
ia_bim_eighteenth-century_magazine-of-natural-hist_sibly-ebenezer_1794_3,485,0.00069,junk,,,,
ia_bim_eighteenth-century_magazine-of-natural-hist_sibly-ebenezer_1794_3,487,0.00565,junk,,,,
ia_bim_eighteenth-century_magazine-of-natural-hist_sibly-ebenezer_1794_3,489,0.01562,junk,,,,
ia_bim_eighteenth-century_magazine-of-natural-hist_sibly-ebenezer_1794_3,490,0.00075,junk,,,,
ia_bim_eighteenth-century_magazine-of-natural-hist_sibly-ebenezer_1794_3,491,7e-05,junk,,,,
ia_bim_eighteenth-century_magazine-of-natural-hist_sibly-ebenezer_1794_3,492,0.4148,junk,,,,
ia_bim_eighteenth-century_magazine-of-natural-hist_sibly-ebenezer_1794_3,494,0.28702,junk,,,,
ia_bim_eighteenth-century_magazine-of-natural-hist_sibly-ebenezer_1794_3,495,0.00021,junk,,,,
ia_bim_eighteenth-century_magazine-of-natural-hist_sibly-ebenezer_1794_3,497,0.00191,junk,,,,
ia_bim_eighteenth-century_magazine-of-natural-hist_sibly-ebenezer_1794_3,498,0.00021,junk,,,,
ia_bim_eighteenth-century_magazine-of-natural-hist_sibly-ebenezer_1794_3,499,0.00458,junk,,,,
ia_bim_eighteenth-century_magazine-of-natural-hist_sibly-ebenezer_1794_3,500,0.00417,junk,,,,
ia_bim_eighteenth-century_magazine-of-natural-hist_sibly-ebenezer_1794_3,505,0.1417,junk,,,,
ia_bim_eighteenth-century_magazine-of-natural-hist_sibly-ebenezer_1794_3,506,0.00749,junk,,,,
ia_bim_eighteenth-century_magazine-of-natural-hist_sibly-ebenezer_1794_3,507,0.0298,junk,,,,
ia_bim_eighteenth-century_magazine-of-natural-hist_sibly-ebenezer_1794_3,509,0.00026,junk,,,,
ia_bim_eighteenth-century_magazine-of-natural-hist_sibly-ebenezer_1794_3,510,0.0547,junk,,,,
ia_bim_eighteenth-century_magazine-of-natural-hist_sibly-ebenezer_1794_3,511,0.9189,non_junk,non_divine_teleology,0.01182,0.75107,0.23711
ia_bim_eighteenth-century_magazine-of-natural-hist_sibly-ebenezer_1794_3,513,0.00555,junk,,,,
ia_bim_eighteenth-century_magazine-of-natural-hist_sibly-ebenezer_1794_3,514,0.00141,junk,,,,
ia_bim_eighteenth-century_magazine-of-natural-hist_sibly-ebenezer_1794_3,515,0.01658,junk,,,,
ia_bim_eighteenth-century_magazine-of-natural-hist_sibly-ebenezer_1794_3,516,0.02566,junk,,,,
ia_bim_eighteenth-century_magazine-of-natural-hist_sibly-ebenezer_1794_3,517,0.01334,junk,,,,
ia_bim_eighteenth-century_magazine-of-natural-hist_sibly-ebenezer_1794_3,520,0.08181,junk,,,,
ia_bim_eighteenth-century_magazine-of-natural-hist_sibly-ebenezer_1794_3,521,0.82646,non_junk,non_divine_teleology,0.01274,0.98312,0.00414
ia_bim_eighteenth-century_magazine-of-natural-hist_sibly-ebenezer_1794_3,522,0.09806,junk,,,,
ia_bim_eighteenth-century_magazine-of-natural-hist_sibly-ebenezer_1794_3,523,0.00167,junk,,,,
ia_bim_eighteenth-century_magazine-of-natural-hist_sibly-ebenezer_1794_3,524,0.90932,non_junk,non_divine_teleology,0.00218,0.92452,0.0733
ia_bim_eighteenth-century_magazine-of-natural-hist_sibly-ebenezer_1794_3,525,0.05718,junk,,,,
ia_bim_eighteenth-century_magazine-of-natural-hist_sibly-ebenezer_1794_3,529,0.00262,junk,,,,
ia_bim_eighteenth-century_magazine-of-natural-hist_sibly-ebenezer_1794_3,530,0.00758,junk,,,,
ia_bim_eighteenth-century_magazine-of-natural-hist_sibly-ebenezer_1794_3,532,0.17362,junk,,,,
ia_bim_eighteenth-century_magazine-of-natural-hist_sibly-ebenezer_1794_3,537,0.10809,junk,,,,
ia_bim_eighteenth-century_magazine-of-natural-hist_sibly-ebenezer_1794_3,538,0.64538,non_junk,divine_teleology,0.76692,0.22945,0.00363
ia_bim_eighteenth-century_magazine-of-natural-hist_sibly-ebenezer_1794_3,539,0.24661,junk,,,,
ia_bim_eighteenth-century_magazine-of-natural-hist_sibly-ebenezer_1794_3,540,0.21738,junk,,,,
ia_bim_eighteenth-century_magazine-of-natural-hist_sibly-ebenezer_1794_3,542,0.007,junk,,,,
ia_bim_eighteenth-century_magazine-of-natural-hist_sibly-ebenezer_1794_3,544,0.00138,junk,,,,
ia_bim_eighteenth-century_magazine-of-natural-hist_sibly-ebenezer_1794_3,545,0.03426,junk,,,,
ia_bim_eighteenth-century_magazine-of-natural-hist_sibly-ebenezer_1794_3,547,0.00102,junk,,,,
ia_bim_eighteenth-century_magazine-of-natural-hist_sibly-ebenezer_1794_3,548,0.01338,junk,,,,
ia_bim_eighteenth-century_magazine-of-natural-hist_sibly-ebenezer_1794_3,552,0.00172,junk,,,,
ia_bim_eighteenth-century_magazine-of-natural-hist_sibly-ebenezer_1794_3,553,0.33232,junk,,,,
ia_bim_eighteenth-century_magazine-of-natural-hist_sibly-ebenezer_1794_3,554,0.98573,non_junk,internal_essence,0.00382,0.18523,0.81096
ia_bim_eighteenth-century_magazine-of-natural-hist_sibly-ebenezer_1794_3,555,0.01213,junk,,,,
ia_bim_eighteenth-century_magazine-of-natural-hist_sibly-ebenezer_1794_3,557,0.02599,junk,,,,
ia_bim_eighteenth-century_magazine-of-natural-hist_sibly-ebenezer_1794_3,560,0.33918,junk,,,,
ia_bim_eighteenth-century_magazine-of-natural-hist_sibly-ebenezer_1794_3,563,0.19702,junk,,,,
ia_bim_eighteenth-century_magazine-of-natural-hist_sibly-ebenezer_1794_3,568,0.20163,junk,,,,
ia_bim_eighteenth-century_magazine-of-natural-hist_sibly-ebenezer_1794_3,570,0.05017,junk,,,,
ia_bim_eighteenth-century_magazine-of-natural-hist_sibly-ebenezer_1794_3,571,0.01915,junk,,,,
ia_bim_eighteenth-century_magazine-of-natural-hist_sibly-ebenezer_1794_3,572,0.01243,junk,,,,
ia_bim_eighteenth-century_magazine-of-natural-hist_sibly-ebenezer_1794_3,573,0.01103,junk,,,,
ia_bim_eighteenth-century_magazine-of-natural-hist_sibly-ebenezer_1794_3,575,0.63564,non_junk,non_divine_teleology,0.00351,0.92321,0.07328
ia_bim_eighteenth-century_magazine-of-natural-hist_sibly-ebenezer_1794_3,576,0.62816,non_junk,non_divine_teleology,0.04977,0.93389,0.01634
ia_bim_eighteenth-century_magazine-of-natural-hist_sibly-ebenezer_1794_3,577,0.16413,junk,,,,
ia_bim_eighteenth-century_magazine-of-natural-hist_sibly-ebenezer_1794_3,579,0.99728,non_junk,non_divine_teleology,0.21099,0.7804,0.0086
ia_bim_eighteenth-century_magazine-of-natural-hist_sibly-ebenezer_1794_3,581,0.05615,junk,,,,
ia_bim_eighteenth-century_magazine-of-natural-hist_sibly-ebenezer_1794_3,582,0.99152,non_junk,non_divine_teleology,0.00444,0.98997,0.00559
ia_bim_eighteenth-century_magazine-of-natural-hist_sibly-ebenezer_1794_3,585,0.14096,junk,,,,
ia_bim_eighteenth-century_magazine-of-natural-hist_sibly-ebenezer_1794_3,586,0.00017,junk,,,,
ia_bim_eighteenth-century_magazine-of-natural-hist_sibly-ebenezer_1794_3,587,0.1803,junk,,,,
ia_bim_eighteenth-century_magazine-of-natural-hist_sibly-ebenezer_1794_3,588,0.03266,junk,,,,
ia_bim_eighteenth-century_magazine-of-natural-hist_sibly-ebenezer_1794_3,589,0.02369,junk,,,,
ia_bim_eighteenth-century_magazine-of-natural-hist_sibly-ebenezer_1794_3,590,0.00089,junk,,,,
ia_bim_eighteenth-century_magazine-of-natural-hist_sibly-ebenezer_1794_3,591,0.87999,non_junk,non_divine_teleology,0.01018,0.82413,0.16569
ia_bim_eighteenth-century_magazine-of-natural-hist_sibly-ebenezer_1794_3,592,0.86759,non_junk,non_divine_teleology,0.02814,0.8538,0.11806
ia_bim_eighteenth-century_magazine-of-natural-hist_sibly-ebenezer_1794_3,593,0.70491,non_junk,non_divine_teleology,0.00635,0.95569,0.03796
ia_bim_eighteenth-century_magazine-of-natural-hist_sibly-ebenezer_1794_3,594,0.03475,junk,,,,
ia_bim_eighteenth-century_magazine-of-natural-hist_sibly-ebenezer_1794_3,595,0.06276,junk,,,,
ia_bim_eighteenth-century_magazine-of-natural-hist_sibly-ebenezer_1794_3,598,0.0008,junk,,,,
ia_bim_eighteenth-century_magazine-of-natural-hist_sibly-ebenezer_1794_3,599,0.004,junk,,,,
ia_bim_eighteenth-century_magazine-of-natural-hist_sibly-ebenezer_1794_3,600,0.00701,junk,,,,
ia_bim_eighteenth-century_magazine-of-natural-hist_sibly-ebenezer_1794_3,605,0.06139,junk,,,,
ia_bim_eighteenth-century_magazine-of-natural-hist_sibly-ebenezer_1794_3,608,0.01874,junk,,,,
ia_bim_eighteenth-century_magazine-of-natural-hist_sibly-ebenezer_1794_3,609,0.00143,junk,,,,
ia_bim_eighteenth-century_magazine-of-natural-hist_sibly-ebenezer_1794_3,612,0.23412,junk,,,,
ia_bim_eighteenth-century_magazine-of-natural-hist_sibly-ebenezer_1794_3,613,0.00323,junk,,,,
ia_bim_eighteenth-century_magazine-of-natural-hist_sibly-ebenezer_1794_3,614,0.0272,junk,,,,
ia_bim_eighteenth-century_magazine-of-natural-hist_sibly-ebenezer_1794_3,615,0.00145,junk,,,,
ia_bim_eighteenth-century_magazine-of-natural-hist_sibly-ebenezer_1794_3,618,0.02909,junk,,,,
ia_bim_eighteenth-century_magazine-of-natural-hist_sibly-ebenezer_1794_3,619,0.00021,junk,,,,
ia_bim_eighteenth-century_magazine-of-natural-hist_sibly-ebenezer_1794_3,625,0.90357,non_junk,non_divine_teleology,0.03258,0.86136,0.10606
ia_bim_eighteenth-century_magazine-of-natural-hist_sibly-ebenezer_1794_3,631,0.03668,junk,,,,
ia_bim_eighteenth-century_magazine-of-natural-hist_sibly-ebenezer_1794_3,633,0.94113,non_junk,non_divine_teleology,0.00461,0.98616,0.00922
ia_bim_eighteenth-century_magazine-of-natural-hist_sibly-ebenezer_1794_3,634,0.00074,junk,,,,
ia_bim_eighteenth-century_magazine-of-natural-hist_sibly-ebenezer_1794_3,638,0.00078,junk,,,,
ia_bim_eighteenth-century_magazine-of-natural-hist_sibly-ebenezer_1794_3,639,0.38513,junk,,,,
ia_bim_eighteenth-century_magazine-of-natural-hist_sibly-ebenezer_1794_3,646,0.00021,junk,,,,
ia_bim_eighteenth-century_magazine-of-natural-hist_sibly-ebenezer_1794_3,648,0.00655,junk,,,,
ia_bim_eighteenth-century_magazine-of-natural-hist_sibly-ebenezer_1794_3,649,0.11052,junk,,,,
ia_bim_eighteenth-century_magazine-of-natural-hist_sibly-ebenezer_1794_3,657,0.00126,junk,,,,
ia_bim_eighteenth-century_magazine-of-natural-hist_sibly-ebenezer_1794_3,658,0.00119,junk,,,,
ia_bim_eighteenth-century_magazine-of-natural-hist_sibly-ebenezer_1794_3,659,0.00345,junk,,,,
ia_bim_eighteenth-century_magazine-of-natural-hist_sibly-ebenezer_1794_3,661,0.86016,non_junk,internal_essence,0.01529,0.40985,0.57486
ia_bim_eighteenth-century_magazine-of-natural-hist_sibly-ebenezer_1794_3,662,0.00028,junk,,,,
ia_bim_eighteenth-century_magazine-of-natural-hist_sibly-ebenezer_1794_3,664,0.00275,junk,,,,
ia_bim_eighteenth-century_magazine-of-natural-hist_sibly-ebenezer_1794_3,667,0.0953,junk,,,,
ia_bim_eighteenth-century_magazine-of-natural-hist_sibly-ebenezer_1794_3,671,0.00959,junk,,,,
ia_bim_eighteenth-century_magazine-of-natural-hist_sibly-ebenezer_1794_3,672,0.37521,junk,,,,
ia_bim_eighteenth-century_magazine-of-natural-hist_sibly-ebenezer_1794_3,674,0.00141,junk,,,,
ia_bim_eighteenth-century_magazine-of-natural-hist_sibly-ebenezer_1794_3,679,0.08597,junk,,,,
ia_bim_eighteenth-century_magazine-of-natural-hist_sibly-ebenezer_1794_3,682,0.99877,non_junk,non_divine_teleology,0.06229,0.93091,0.0068
ia_bim_eighteenth-century_magazine-of-natural-hist_sibly-ebenezer_1794_3,684,0.01651,junk,,,,
ia_bim_eighteenth-century_magazine-of-natural-hist_sibly-ebenezer_1794_3,686,0.14294,junk,,,,
ia_bim_eighteenth-century_magazine-of-natural-hist_sibly-ebenezer_1794_3,687,0.00228,junk,,,,
ia_bim_eighteenth-century_magazine-of-natural-hist_sibly-ebenezer_1794_3,688,0.01206,junk,,,,
ia_bim_eighteenth-century_magazine-of-natural-hist_sibly-ebenezer_1794_3,690,0.01371,junk,,,,
ia_bim_eighteenth-century_magazine-of-natural-hist_sibly-ebenezer_1794_3,691,4e-05,junk,,,,
ia_bim_eighteenth-century_magazine-of-natural-hist_sibly-ebenezer_1794_3,693,4e-05,junk,,,,
ia_bim_eighteenth-century_magazine-of-natural-hist_sibly-ebenezer_1794_3,694,0.90252,non_junk,non_divine_teleology,0.01128,0.95156,0.03716
ia_bim_eighteenth-century_magazine-of-natural-hist_sibly-ebenezer_1794_3,695,0.98529,non_junk,non_divine_teleology,0.01676,0.90723,0.07602
ia_bim_eighteenth-century_magazine-of-natural-hist_sibly-ebenezer_1794_3,696,0.00109,junk,,,,
ia_bim_eighteenth-century_magazine-of-natural-hist_sibly-ebenezer_1794_3,697,0.04839,junk,,,,
ia_bim_eighteenth-century_magazine-of-natural-hist_sibly-ebenezer_1794_3,699,0.00208,junk,,,,
ia_bim_eighteenth-century_magazine-of-natural-hist_sibly-ebenezer_1794_3,700,0.00061,junk,,,,
ia_bim_eighteenth-century_magazine-of-natural-hist_sibly-ebenezer_1794_3,701,0.00034,junk,,,,
ia_bim_eighteenth-century_magazine-of-natural-hist_sibly-ebenezer_1794_3,702,0.61719,non_junk,non_divine_teleology,0.03062,0.92582,0.04356
ia_bim_eighteenth-century_magazine-of-natural-hist_sibly-ebenezer_1794_3,703,0.68303,non_junk,non_divine_teleology,0.02277,0.95974,0.01749
ia_bim_eighteenth-century_magazine-of-natural-hist_sibly-ebenezer_1794_3,705,0.95468,non_junk,non_divine_teleology,0.01356,0.9799,0.00654
ia_bim_eighteenth-century_magazine-of-natural-hist_sibly-ebenezer_1794_3,710,0.43884,junk,,,,
ia_bim_eighteenth-century_magazine-of-natural-hist_sibly-ebenezer_1794_3,712,0.13026,junk,,,,
ia_bim_eighteenth-century_magazine-of-natural-hist_sibly-ebenezer_1794_3,714,0.05006,junk,,,,
ia_bim_eighteenth-century_magazine-of-natural-hist_sibly-ebenezer_1794_3,716,0.01107,junk,,,,
ia_bim_eighteenth-century_magazine-of-natural-hist_sibly-ebenezer_1794_3,717,0.00398,junk,,,,
ia_bim_eighteenth-century_magazine-of-natural-hist_sibly-ebenezer_1794_3,718,0.21352,junk,,,,
ia_bim_eighteenth-century_magazine-of-natural-hist_sibly-ebenezer_1794_3,719,0.06204,junk,,,,
ia_bim_eighteenth-century_magazine-of-natural-hist_sibly-ebenezer_1794_3,725,0.02466,junk,,,,
ia_bim_eighteenth-century_magazine-of-natural-hist_sibly-ebenezer_1794_3,726,0.24483,junk,,,,
ia_bim_eighteenth-century_magazine-of-natural-hist_sibly-ebenezer_1794_3,727,0.00214,junk,,,,
ia_bim_eighteenth-century_magazine-of-natural-hist_sibly-ebenezer_1794_3,728,0.09884,junk,,,,
ia_bim_eighteenth-century_magazine-of-natural-hist_sibly-ebenezer_1794_3,730,0.23159,junk,,,,
ia_bim_eighteenth-century_magazine-of-natural-hist_sibly-ebenezer_1794_3,731,0.86865,non_junk,non_divine_teleology,0.00595,0.97687,0.01718
ia_bim_eighteenth-century_magazine-of-natural-hist_sibly-ebenezer_1794_3,732,0.39241,junk,,,,
ia_bim_eighteenth-century_magazine-of-natural-hist_sibly-ebenezer_1794_3,735,0.00069,junk,,,,
ia_bim_eighteenth-century_magazine-of-natural-hist_sibly-ebenezer_1794_3,736,0.91158,non_junk,non_divine_teleology,0.06478,0.9212,0.01402
ia_bim_eighteenth-century_magazine-of-natural-hist_sibly-ebenezer_1794_3,737,0.02696,junk,,,,
ia_bim_eighteenth-century_magazine-of-natural-hist_sibly-ebenezer_1794_3,738,0.8462,non_junk,non_divine_teleology,0.0063,0.86058,0.13312
ia_bim_eighteenth-century_magazine-of-natural-hist_sibly-ebenezer_1794_3,739,0.45687,junk,,,,
ia_bim_eighteenth-century_magazine-of-natural-hist_sibly-ebenezer_1794_3,741,0.93498,non_junk,non_divine_teleology,0.01512,0.9565,0.02838
ia_bim_eighteenth-century_magazine-of-natural-hist_sibly-ebenezer_1794_3,746,0.95448,non_junk,non_divine_teleology,0.00602,0.91115,0.08283
ia_bim_eighteenth-century_magazine-of-natural-hist_sibly-ebenezer_1794_3,749,0.32516,junk,,,,
ia_bim_eighteenth-century_magazine-of-natural-hist_sibly-ebenezer_1794_3,751,0.91815,non_junk,non_divine_teleology,0.00238,0.93354,0.06407
ia_bim_eighteenth-century_magazine-of-natural-hist_sibly-ebenezer_1794_3,752,0.25195,junk,,,,
ia_bim_eighteenth-century_magazine-of-natural-hist_sibly-ebenezer_1794_3,753,0.96759,non_junk,non_divine_teleology,0.00782,0.89955,0.09263
ia_bim_eighteenth-century_magazine-of-natural-hist_sibly-ebenezer_1794_3,755,0.0015,junk,,,,
ia_bim_eighteenth-century_magazine-of-natural-hist_sibly-ebenezer_1794_3,757,0.01114,junk,,,,
ia_bim_eighteenth-century_magazine-of-natural-hist_sibly-ebenezer_1794_3,759,0.63715,non_junk,internal_essence,0.00252,0.04466,0.95282
ia_bim_eighteenth-century_magazine-of-natural-hist_sibly-ebenezer_1794_3,760,0.25296,junk,,,,
ia_bim_eighteenth-century_magazine-of-natural-hist_sibly-ebenezer_1794_3,761,0.88823,non_junk,non_divine_teleology,0.03677,0.79444,0.16879
ia_bim_eighteenth-century_magazine-of-natural-hist_sibly-ebenezer_1794_3,766,0.86776,non_junk,non_divine_teleology,0.0123,0.96091,0.02679
ia_bim_eighteenth-century_magazine-of-natural-hist_sibly-ebenezer_1794_3,767,0.02047,junk,,,,
ia_bim_eighteenth-century_magazine-of-natural-hist_sibly-ebenezer_1794_3,768,0.00266,junk,,,,
ia_bim_eighteenth-century_magazine-of-natural-hist_sibly-ebenezer_1794_3,770,0.46608,junk,,,,
ia_bim_eighteenth-century_magazine-of-natural-hist_sibly-ebenezer_1794_3,771,0.07149,junk,,,,
ia_bim_eighteenth-century_magazine-of-natural-hist_sibly-ebenezer_1794_3,772,0.00312,junk,,,,
ia_bim_eighteenth-century_magazine-of-natural-hist_sibly-ebenezer_1794_3,773,0.11399,junk,,,,
ia_bim_eighteenth-century_magazine-of-natural-hist_sibly-ebenezer_1794_3,774,0.76755,non_junk,non_divine_teleology,0.00322,0.958,0.03878
ia_bim_eighteenth-century_magazine-of-natural-hist_sibly-ebenezer_1794_3,775,0.0085,junk,,,,
ia_bim_eighteenth-century_magazine-of-natural-hist_sibly-ebenezer_1794_3,777,0.45495,junk,,,,
ia_bim_eighteenth-century_magazine-of-natural-hist_sibly-ebenezer_1794_3,779,0.007,junk,,,,
ia_bim_eighteenth-century_magazine-of-natural-hist_sibly-ebenezer_1794_3,781,0.01887,junk,,,,
ia_bim_eighteenth-century_magazine-of-natural-hist_sibly-ebenezer_1794_3,782,0.01466,junk,,,,
ia_bim_eighteenth-century_magazine-of-natural-hist_sibly-ebenezer_1794_3,783,0.00105,junk,,,,
ia_bim_eighteenth-century_magazine-of-natural-hist_sibly-ebenezer_1794_3,786,0.015,junk,,,,
ia_bim_eighteenth-century_magazine-of-natural-hist_sibly-ebenezer_1794_3,788,0.07753,junk,,,,
ia_bim_eighteenth-century_magazine-of-natural-hist_sibly-ebenezer_1794_3,792,0.00214,junk,,,,
ia_bim_eighteenth-century_magazine-of-natural-hist_sibly-ebenezer_1794_3,793,0.0003,junk,,,,
ia_bim_eighteenth-century_magazine-of-natural-hist_sibly-ebenezer_1794_3,794,0.00066,junk,,,,
ia_bim_eighteenth-century_magazine-of-natural-hist_sibly-ebenezer_1794_3,796,0.01164,junk,,,,
ia_bim_eighteenth-century_magazine-of-natural-hist_sibly-ebenezer_1794_3,799,0.00561,junk,,,,
ia_bim_eighteenth-century_magazine-of-natural-hist_sibly-ebenezer_1794_3,800,0.94995,non_junk,internal_essence,0.00349,0.09926,0.89725
ia_bim_eighteenth-century_magazine-of-natural-hist_sibly-ebenezer_1794_3,804,0.00218,junk,,,,
ia_bim_eighteenth-century_magazine-of-natural-hist_sibly-ebenezer_1794_3,808,0.00108,junk,,,,
ia_bim_eighteenth-century_magazine-of-natural-hist_sibly-ebenezer_1794_3,809,0.00415,junk,,,,
ia_bim_eighteenth-century_magazine-of-natural-hist_sibly-ebenezer_1794_3,814,0.00244,junk,,,,
ia_bim_eighteenth-century_magazine-of-natural-hist_sibly-ebenezer_1794_3,815,0.01085,junk,,,,
ia_bim_eighteenth-century_magazine-of-natural-hist_sibly-ebenezer_1794_3,816,0.00053,junk,,,,
ia_bim_eighteenth-century_magazine-of-natural-hist_sibly-ebenezer_1794_3,817,0.00212,junk,,,,
ia_bim_eighteenth-century_magazine-of-natural-hist_sibly-ebenezer_1794_3,821,0.06876,junk,,,,
ia_bim_eighteenth-century_magazine-of-natural-hist_sibly-ebenezer_1794_3,823,0.03688,junk,,,,
ia_bim_eighteenth-century_magazine-of-natural-hist_sibly-ebenezer_1794_3,824,0.01885,junk,,,,
ia_bim_eighteenth-century_magazine-of-natural-hist_sibly-ebenezer_1794_3,829,0.60559,non_junk,non_divine_teleology,0.00928,0.93212,0.0586
ia_bim_eighteenth-century_magazine-of-natural-hist_sibly-ebenezer_1794_3,831,0.03946,junk,,,,
ia_bim_eighteenth-century_magazine-of-natural-hist_sibly-ebenezer_1794_3,833,0.60395,non_junk,non_divine_teleology,0.00161,0.98133,0.01706
ia_bim_eighteenth-century_magazine-of-natural-hist_sibly-ebenezer_1794_3,834,0.02204,junk,,,,
ia_bim_eighteenth-century_magazine-of-natural-hist_sibly-ebenezer_1794_3,835,0.00053,junk,,,,
ia_bim_eighteenth-century_magazine-of-natural-hist_sibly-ebenezer_1794_3,837,0.00395,junk,,,,
ia_bim_eighteenth-century_magazine-of-natural-hist_sibly-ebenezer_1794_3,838,0.00367,junk,,,,
ia_bim_eighteenth-century_magazine-of-natural-hist_sibly-ebenezer_1794_3,841,0.00114,junk,,,,
ia_bim_eighteenth-century_magazine-of-natural-hist_sibly-ebenezer_1794_3,845,0.00602,junk,,,,
ia_bim_eighteenth-century_magazine-of-natural-hist_sibly-ebenezer_1794_3,847,0.19865,junk,,,,
ia_bim_eighteenth-century_magazine-of-natural-hist_sibly-ebenezer_1794_3,849,0.93924,non_junk,non_divine_teleology,0.2337,0.75417,0.01213
ia_bim_eighteenth-century_magazine-of-natural-hist_sibly-ebenezer_1794_3,850,0.55164,non_junk,non_divine_teleology,0.03933,0.94529,0.01538
ia_bim_eighteenth-century_magazine-of-natural-hist_sibly-ebenezer_1794_3,851,0.6352,non_junk,non_divine_teleology,0.06529,0.90591,0.0288
ia_bim_eighteenth-century_magazine-of-natural-hist_sibly-ebenezer_1794_3,852,0.36583,junk,,,,
ia_bim_eighteenth-century_magazine-of-natural-hist_sibly-ebenezer_1794_3,853,0.70506,non_junk,non_divine_teleology,0.06121,0.86135,0.07744
ia_bim_eighteenth-century_magazine-of-natural-hist_sibly-ebenezer_1794_3,854,0.00175,junk,,,,
ia_bim_eighteenth-century_magazine-of-natural-hist_sibly-ebenezer_1794_3,859,0.2817,junk,,,,
ia_bim_eighteenth-century_magazine-of-natural-hist_sibly-ebenezer_1794_3,860,0.60481,non_junk,non_divine_teleology,0.01139,0.63661,0.352
ia_bim_eighteenth-century_magazine-of-natural-hist_sibly-ebenezer_1794_3,861,0.37173,junk,,,,
ia_bim_eighteenth-century_magazine-of-natural-hist_sibly-ebenezer_1794_3,862,0.97486,non_junk,non_divine_teleology,0.02029,0.91363,0.06608
ia_bim_eighteenth-century_magazine-of-natural-hist_sibly-ebenezer_1794_3,863,0.95615,non_junk,non_divine_teleology,0.02211,0.94462,0.03327
ia_bim_eighteenth-century_magazine-of-natural-hist_sibly-ebenezer_1794_3,867,0.00812,junk,,,,
ia_bim_eighteenth-century_magazine-of-natural-hist_sibly-ebenezer_1794_3,868,0.00117,junk,,,,
ia_bim_eighteenth-century_magazine-of-natural-hist_sibly-ebenezer_1794_3,870,0.94942,non_junk,non_divine_teleology,0.00153,0.9901,0.00837
ia_bim_eighteenth-century_magazine-of-natural-hist_sibly-ebenezer_1794_3,874,0.09734,junk,,,,
ia_bim_eighteenth-century_magazine-of-natural-hist_sibly-ebenezer_1794_3,875,0.00214,junk,,,,
ia_bim_eighteenth-century_magazine-of-natural-hist_sibly-ebenezer_1794_3,879,0.33489,junk,,,,
ia_bim_eighteenth-century_magazine-of-natural-hist_sibly-ebenezer_1794_3,882,0.00433,junk,,,,
ia_bim_eighteenth-century_magazine-of-natural-hist_sibly-ebenezer_1794_3,883,0.00018,junk,,,,
ia_bim_eighteenth-century_magazine-of-natural-hist_sibly-ebenezer_1794_3,885,0.00177,junk,,,,
ia_bim_eighteenth-century_magazine-of-natural-hist_sibly-ebenezer_1794_3,888,0.0003,junk,,,,
ia_bim_eighteenth-century_magazine-of-natural-hist_sibly-ebenezer_1794_3,890,0.11244,junk,,,,
ia_bim_eighteenth-century_magazine-of-natural-hist_sibly-ebenezer_1794_3,892,0.08354,junk,,,,
ia_bim_eighteenth-century_magazine-of-natural-hist_sibly-ebenezer_1794_3,896,0.0129,junk,,,,
ia_bim_eighteenth-century_magazine-of-natural-hist_sibly-ebenezer_1794_3,899,0.20112,junk,,,,
ia_bim_eighteenth-century_magazine-of-natural-hist_sibly-ebenezer_1794_3,900,0.30483,junk,,,,
ia_bim_eighteenth-century_magazine-of-natural-hist_sibly-ebenezer_1794_3,901,0.1816,junk,,,,
ia_bim_eighteenth-century_magazine-of-natural-hist_sibly-ebenezer_1794_3,902,0.00485,junk,,,,
ia_bim_eighteenth-century_magazine-of-natural-hist_sibly-ebenezer_1794_3,903,0.43844,junk,,,,
ia_bim_eighteenth-century_magazine-of-natural-hist_sibly-ebenezer_1794_3,904,0.98,non_junk,non_divine_teleology,0.21627,0.66536,0.11837
ia_bim_eighteenth-century_magazine-of-natural-hist_sibly-ebenezer_1794_3,905,0.0627,junk,,,,
ia_bim_eighteenth-century_magazine-of-natural-hist_sibly-ebenezer_1794_3,908,0.04949,junk,,,,
ia_bim_eighteenth-century_magazine-of-natural-hist_sibly-ebenezer_1794_3,911,0.00187,junk,,,,
ia_bim_eighteenth-century_magazine-of-natural-hist_sibly-ebenezer_1794_3,912,0.01919,junk,,,,
ia_bim_eighteenth-century_magazine-of-natural-hist_sibly-ebenezer_1794_3,913,0.00967,junk,,,,
ia_bim_eighteenth-century_magazine-of-natural-hist_sibly-ebenezer_1794_3,915,0.00472,junk,,,,
ia_bim_eighteenth-century_magazine-of-natural-hist_sibly-ebenezer_1794_3,916,0.0036,junk,,,,
ia_bim_eighteenth-century_magazine-of-natural-hist_sibly-ebenezer_1794_3,917,0.02784,junk,,,,
ia_bim_eighteenth-century_magazine-of-natural-hist_sibly-ebenezer_1794_3,919,0.00098,junk,,,,
ia_bim_eighteenth-century_magazine-of-natural-hist_sibly-ebenezer_1794_3,920,0.00267,junk,,,,
ia_bim_eighteenth-century_magazine-of-natural-hist_sibly-ebenezer_1794_3,923,0.27351,junk,,,,
ia_bim_eighteenth-century_magazine-of-natural-hist_sibly-ebenezer_1794_3,924,0.18617,junk,,,,
ia_bim_eighteenth-century_magazine-of-natural-hist_sibly-ebenezer_1794_3,925,0.00531,junk,,,,
ia_bim_eighteenth-century_magazine-of-natural-hist_sibly-ebenezer_1794_3,929,0.02757,junk,,,,
ia_bim_eighteenth-century_magazine-of-natural-hist_sibly-ebenezer_1794_3,930,0.70141,non_junk,non_divine_teleology,0.02262,0.9553,0.02207
ia_bim_eighteenth-century_magazine-of-natural-hist_sibly-ebenezer_1794_3,931,0.67513,non_junk,non_divine_teleology,0.0174,0.94554,0.03706
ia_bim_eighteenth-century_magazine-of-natural-hist_sibly-ebenezer_1794_3,932,0.00082,junk,,,,
ia_bim_eighteenth-century_magazine-of-natural-hist_sibly-ebenezer_1794_3,933,0.00042,junk,,,,
ia_bim_eighteenth-century_magazine-of-natural-hist_sibly-ebenezer_1794_3,934,0.03587,junk,,,,
ia_bim_eighteenth-century_magazine-of-natural-hist_sibly-ebenezer_1794_3,937,0.00937,junk,,,,
ia_bim_eighteenth-century_magazine-of-natural-hist_sibly-ebenezer_1794_3,941,0.7753,non_junk,non_divine_teleology,0.01241,0.9441,0.04349
ia_bim_eighteenth-century_magazine-of-natural-hist_sibly-ebenezer_1794_3,942,0.62273,non_junk,non_divine_teleology,0.01657,0.92827,0.05517
ia_bim_eighteenth-century_magazine-of-natural-hist_sibly-ebenezer_1794_3,943,0.59314,non_junk,non_divine_teleology,0.0183,0.96815,0.01355
ia_bim_eighteenth-century_magazine-of-natural-hist_sibly-ebenezer_1794_3,945,0.00794,junk,,,,
ia_bim_eighteenth-century_magazine-of-natural-hist_sibly-ebenezer_1794_3,947,0.08072,junk,,,,
ia_bim_eighteenth-century_magazine-of-natural-hist_sibly-ebenezer_1794_3,949,0.01045,junk,,,,
ia_bim_eighteenth-century_magazine-of-natural-hist_sibly-ebenezer_1794_3,950,0.33812,junk,,,,
ia_bim_eighteenth-century_magazine-of-natural-hist_sibly-ebenezer_1794_3,953,0.33812,junk,,,,
ia_bim_eighteenth-century_magazine-of-natural-hist_sibly-ebenezer_1794_3,954,0.01774,junk,,,,
ia_bim_eighteenth-century_magazine-of-natural-hist_sibly-ebenezer_1794_3,955,0.00601,junk,,,,
ia_bim_eighteenth-century_magazine-of-natural-hist_sibly-ebenezer_1794_3,958,0.01524,junk,,,,
ia_bim_eighteenth-century_magazine-of-natural-hist_sibly-ebenezer_1794_3,960,0.0948,junk,,,,
ia_bim_eighteenth-century_magazine-of-natural-hist_sibly-ebenezer_1794_3,961,0.01391,junk,,,,
ia_bim_eighteenth-century_magazine-of-natural-hist_sibly-ebenezer_1794_3,962,0.0713,junk,,,,
ia_bim_eighteenth-century_magazine-of-natural-hist_sibly-ebenezer_1794_3,965,0.2638,junk,,,,
ia_bim_eighteenth-century_magazine-of-natural-hist_sibly-ebenezer_1794_3,966,0.90409,non_junk,non_divine_teleology,0.02714,0.95656,0.0163
ia_bim_eighteenth-century_magazine-of-natural-hist_sibly-ebenezer_1794_3,967,0.0548,junk,,,,
ia_bim_eighteenth-century_magazine-of-natural-hist_sibly-ebenezer_1794_3,968,0.00741,junk,,,,
ia_bim_eighteenth-century_magazine-of-natural-hist_sibly-ebenezer_1794_3,969,0.33393,junk,,,,
ia_bim_eighteenth-century_magazine-of-natural-hist_sibly-ebenezer_1794_3,970,0.30066,junk,,,,
ia_bim_eighteenth-century_magazine-of-natural-hist_sibly-ebenezer_1794_3,974,0.0104,junk,,,,
ia_bim_eighteenth-century_magazine-of-natural-hist_sibly-ebenezer_1794_3,975,0.64411,non_junk,non_divine_teleology,0.02076,0.96806,0.01118
ia_bim_eighteenth-century_magazine-of-natural-hist_sibly-ebenezer_1794_3,976,0.00019,junk,,,,
ia_bim_eighteenth-century_magazine-of-natural-hist_sibly-ebenezer_1794_3,978,0.97901,non_junk,non_divine_teleology,0.06766,0.78938,0.14296
ia_bim_eighteenth-century_magazine-of-natural-hist_sibly-ebenezer_1794_3,980,0.01152,junk,,,,
ia_bim_eighteenth-century_magazine-of-natural-hist_sibly-ebenezer_1794_3,982,0.77076,non_junk,non_divine_teleology,0.00464,0.85956,0.1358
ia_bim_eighteenth-century_magazine-of-natural-hist_sibly-ebenezer_1794_3,983,0.66894,non_junk,non_divine_teleology,0.02736,0.90674,0.0659
ia_bim_eighteenth-century_magazine-of-natural-hist_sibly-ebenezer_1794_3,988,0.02072,junk,,,,
ia_bim_eighteenth-century_magazine-of-natural-hist_sibly-ebenezer_1794_3,989,0.0077,junk,,,,
ia_bim_eighteenth-century_magazine-of-natural-hist_sibly-ebenezer_1794_3,990,9e-05,junk,,,,
ia_bim_eighteenth-century_magazine-of-natural-hist_sibly-ebenezer_1794_3,992,0.06638,junk,,,,
ia_bim_eighteenth-century_magazine-of-natural-hist_sibly-ebenezer_1794_3,996,0.01406,junk,,,,
ia_bim_eighteenth-century_magazine-of-natural-hist_sibly-ebenezer_1794_3,997,1e-05,junk,,,,
ia_bim_eighteenth-century_magazine-of-natural-hist_sibly-ebenezer_1794_3,1000,0.01406,junk,,,,
ia_bim_eighteenth-century_magazine-of-natural-hist_sibly-ebenezer_1794_3,1003,0.27958,junk,,,,
ia_bim_eighteenth-century_magazine-of-natural-hist_sibly-ebenezer_1794_3,1006,0.84402,non_junk,internal_essence,0.00057,0.01697,0.98246
ia_bim_eighteenth-century_magazine-of-natural-hist_sibly-ebenezer_1794_3,1007,0.00041,junk,,,,
ia_bim_eighteenth-century_magazine-of-natural-hist_sibly-ebenezer_1794_3,1008,0.04098,junk,,,,
ia_bim_eighteenth-century_magazine-of-natural-hist_sibly-ebenezer_1794_3,1010,0.0016,junk,,,,
ia_bim_eighteenth-century_magazine-of-natural-hist_sibly-ebenezer_1794_3,1011,0.08941,junk,,,,
ia_bim_eighteenth-century_magazine-of-natural-hist_sibly-ebenezer_1794_3,1012,0.01352,junk,,,,
ia_bim_eighteenth-century_magazine-of-natural-hist_sibly-ebenezer_1794_3,1013,0.2956,junk,,,,
ia_bim_eighteenth-century_magazine-of-natural-hist_sibly-ebenezer_1794_3,1014,0.27404,junk,,,,
ia_bim_eighteenth-century_magazine-of-natural-hist_sibly-ebenezer_1794_3,1016,0.10603,junk,,,,
ia_bim_eighteenth-century_magazine-of-natural-hist_sibly-ebenezer_1794_3,1017,0.04074,junk,,,,
ia_bim_eighteenth-century_magazine-of-natural-hist_sibly-ebenezer_1794_3,1020,0.12297,junk,,,,
ia_bim_eighteenth-century_magazine-of-natural-hist_sibly-ebenezer_1794_3,1021,0.08468,junk,,,,
ia_bim_eighteenth-century_magazine-of-natural-hist_sibly-ebenezer_1794_3,1022,0.67587,non_junk,non_divine_teleology,0.01021,0.91152,0.07827
ia_bim_eighteenth-century_magazine-of-natural-hist_sibly-ebenezer_1794_3,1023,0.00094,junk,,,,
ia_bim_eighteenth-century_magazine-of-natural-hist_sibly-ebenezer_1794_3,1024,0.86482,non_junk,non_divine_teleology,0.01522,0.98042,0.00436
ia_bim_eighteenth-century_magazine-of-natural-hist_sibly-ebenezer_1794_3,1027,0.01708,junk,,,,
ia_bim_eighteenth-century_magazine-of-natural-hist_sibly-ebenezer_1794_3,1028,0.66881,non_junk,divine_teleology,0.97023,0.02857,0.00119
ia_bim_eighteenth-century_magazine-of-natural-hist_sibly-ebenezer_1794_3,1029,0.62045,non_junk,non_divine_teleology,0.00459,0.98866,0.00675
ia_bim_eighteenth-century_magazine-of-natural-hist_sibly-ebenezer_1794_3,1030,0.03734,junk,,,,
ia_bim_eighteenth-century_magazine-of-natural-hist_sibly-ebenezer_1794_3,1032,0.01511,junk,,,,
ia_bim_eighteenth-century_magazine-of-natural-hist_sibly-ebenezer_1794_3,1033,0.04977,junk,,,,
ia_bim_eighteenth-century_magazine-of-natural-hist_sibly-ebenezer_1794_3,1035,0.00044,junk,,,,
ia_bim_eighteenth-century_magazine-of-natural-hist_sibly-ebenezer_1794_3,1036,0.1896,junk,,,,
ia_bim_eighteenth-century_magazine-of-natural-hist_sibly-ebenezer_1794_3,1037,0.06932,junk,,,,
ia_bim_eighteenth-century_magazine-of-natural-hist_sibly-ebenezer_1794_3,1038,0.00217,junk,,,,
ia_bim_eighteenth-century_magazine-of-natural-hist_sibly-ebenezer_1794_3,1039,0.00028,junk,,,,
ia_bim_eighteenth-century_magazine-of-natural-hist_sibly-ebenezer_1794_3,1040,0.21086,junk,,,,
ia_bim_eighteenth-century_magazine-of-natural-hist_sibly-ebenezer_1794_3,1042,0.05067,junk,,,,
ia_bim_eighteenth-century_magazine-of-natural-hist_sibly-ebenezer_1794_3,1043,0.00752,junk,,,,
ia_bim_eighteenth-century_magazine-of-natural-hist_sibly-ebenezer_1794_3,1044,0.6235,non_junk,non_divine_teleology,0.00989,0.97941,0.0107
ia_bim_eighteenth-century_magazine-of-natural-hist_sibly-ebenezer_1794_3,1046,0.28163,junk,,,,
ia_bim_eighteenth-century_magazine-of-natural-hist_sibly-ebenezer_1794_3,1047,0.1477,junk,,,,
ia_bim_eighteenth-century_magazine-of-natural-hist_sibly-ebenezer_1794_3,1049,0.18762,junk,,,,
ia_bim_eighteenth-century_magazine-of-natural-hist_sibly-ebenezer_1794_3,1050,0.00997,junk,,,,
ia_bim_eighteenth-century_magazine-of-natural-hist_sibly-ebenezer_1794_3,1051,0.00289,junk,,,,
ia_bim_eighteenth-century_magazine-of-natural-hist_sibly-ebenezer_1794_3,1053,0.00289,junk,,,,
ia_bim_eighteenth-century_magazine-of-natural-hist_sibly-ebenezer_1794_3,1056,0.00828,junk,,,,
ia_bim_eighteenth-century_magazine-of-natural-hist_sibly-ebenezer_1794_3,1057,0.01922,junk,,,,
ia_bim_eighteenth-century_magazine-of-natural-hist_sibly-ebenezer_1794_3,1058,0.04966,junk,,,,
ia_bim_eighteenth-century_magazine-of-natural-hist_sibly-ebenezer_1794_3,1059,0.07389,junk,,,,
ia_bim_eighteenth-century_magazine-of-natural-hist_sibly-ebenezer_1794_3,1060,0.00718,junk,,,,
ia_bim_eighteenth-century_magazine-of-natural-hist_sibly-ebenezer_1794_3,1062,0.00208,junk,,,,
ia_bim_eighteenth-century_magazine-of-natural-hist_sibly-ebenezer_1794_3,1063,0.05078,junk,,,,
ia_bim_eighteenth-century_magazine-of-natural-hist_sibly-ebenezer_1794_3,1064,0.01124,junk,,,,
ia_bim_eighteenth-century_magazine-of-natural-hist_sibly-ebenezer_1794_3,1065,0.00762,junk,,,,
ia_bim_eighteenth-century_magazine-of-natural-hist_sibly-ebenezer_1794_3,1066,0.02378,junk,,,,
ia_bim_eighteenth-century_magazine-of-natural-hist_sibly-ebenezer_1794_3,1069,0.00048,junk,,,,
ia_bim_eighteenth-century_magazine-of-natural-hist_sibly-ebenezer_1794_3,1070,0.00502,junk,,,,
ia_bim_eighteenth-century_magazine-of-natural-hist_sibly-ebenezer_1794_3,1071,0.09297,junk,,,,
ia_bim_eighteenth-century_magazine-of-natural-hist_sibly-ebenezer_1794_3,1072,0.01163,junk,,,,
ia_bim_eighteenth-century_magazine-of-natural-hist_sibly-ebenezer_1794_3,1075,0.99322,non_junk,non_divine_teleology,0.01116,0.97375,0.01509
ia_bim_eighteenth-century_magazine-of-natural-hist_sibly-ebenezer_1794_3,1076,0.1492,junk,,,,
ia_bim_eighteenth-century_magazine-of-natural-hist_sibly-ebenezer_1794_3,1077,0.00418,junk,,,,
ia_bim_eighteenth-century_magazine-of-natural-hist_sibly-ebenezer_1794_3,1078,0.10282,junk,,,,
ia_bim_eighteenth-century_magazine-of-natural-hist_sibly-ebenezer_1794_3,1079,0.99893,non_junk,non_divine_teleology,0.01257,0.96889,0.01853
ia_bim_eighteenth-century_magazine-of-natural-hist_sibly-ebenezer_1794_3,1082,0.0126,junk,,,,
ia_bim_eighteenth-century_magazine-of-natural-hist_sibly-ebenezer_1794_3,1083,0.00678,junk,,,,
ia_bim_eighteenth-century_magazine-of-natural-hist_sibly-ebenezer_1794_3,1084,0.00036,junk,,,,
ia_bim_eighteenth-century_magazine-of-natural-hist_sibly-ebenezer_1794_3,1089,0.00721,junk,,,,
ia_bim_eighteenth-century_magazine-of-natural-hist_sibly-ebenezer_1794_3,1091,0.73254,non_junk,non_divine_teleology,0.00631,0.84473,0.14896
ia_bim_eighteenth-century_magazine-of-natural-hist_sibly-ebenezer_1794_3,1092,0.78014,non_junk,non_divine_teleology,0.016,0.94354,0.04047
ia_bim_eighteenth-century_magazine-of-natural-hist_sibly-ebenezer_1794_3,1093,0.24333,junk,,,,
ia_bim_eighteenth-century_magazine-of-natural-hist_sibly-ebenezer_1794_3,1094,0.00068,junk,,,,
ia_bim_eighteenth-century_magazine-of-natural-hist_sibly-ebenezer_1794_3,1096,0.01002,junk,,,,
ia_bim_eighteenth-century_magazine-of-natural-hist_sibly-ebenezer_1794_3,1098,0.51033,non_junk,non_divine_teleology,0.04693,0.88707,0.066
ia_bim_eighteenth-century_magazine-of-natural-hist_sibly-ebenezer_1794_3,1102,0.00015,junk,,,,
ia_bim_eighteenth-century_magazine-of-natural-hist_sibly-ebenezer_1794_3,1103,0.01787,junk,,,,
ia_bim_eighteenth-century_magazine-of-natural-hist_sibly-ebenezer_1794_3,1104,0.00013,junk,,,,
ia_bim_eighteenth-century_magazine-of-natural-hist_sibly-ebenezer_1794_3,1107,0.98382,non_junk,non_divine_teleology,0.00799,0.72437,0.26764
ia_bim_eighteenth-century_magazine-of-natural-hist_sibly-ebenezer_1794_3,1112,0.78826,non_junk,non_divine_teleology,0.00248,0.96484,0.03268
ia_bim_eighteenth-century_magazine-of-natural-hist_sibly-ebenezer_1794_3,1114,0.21817,junk,,,,
ia_bim_eighteenth-century_magazine-of-natural-hist_sibly-ebenezer_1794_3,1116,0.00252,junk,,,,
ia_bim_eighteenth-century_magazine-of-natural-hist_sibly-ebenezer_1794_3,1119,0.27667,junk,,,,
ia_bim_eighteenth-century_magazine-of-natural-hist_sibly-ebenezer_1794_3,1121,0.20733,junk,,,,
ia_bim_eighteenth-century_magazine-of-natural-hist_sibly-ebenezer_1794_3,1122,0.00262,junk,,,,
ia_bim_eighteenth-century_magazine-of-natural-hist_sibly-ebenezer_1794_3,1123,0.18838,junk,,,,
ia_bim_eighteenth-century_magazine-of-natural-hist_sibly-ebenezer_1794_3,1126,0.00262,junk,,,,
ia_bim_eighteenth-century_magazine-of-natural-hist_sibly-ebenezer_1794_3,1127,0.01374,junk,,,,
ia_bim_eighteenth-century_magazine-of-natural-hist_sibly-ebenezer_1794_3,1129,0.03753,junk,,,,
ia_bim_eighteenth-century_magazine-of-natural-hist_sibly-ebenezer_1794_3,1130,0.16692,junk,,,,
ia_bim_eighteenth-century_magazine-of-natural-hist_sibly-ebenezer_1794_3,1132,0.0072,junk,,,,
ia_bim_eighteenth-century_magazine-of-natural-hist_sibly-ebenezer_1794_3,1133,0.0761,junk,,,,
ia_bim_eighteenth-century_magazine-of-natural-hist_sibly-ebenezer_1794_3,1136,0.00516,junk,,,,
ia_bim_eighteenth-century_magazine-of-natural-hist_sibly-ebenezer_1794_3,1137,0.00516,junk,,,,
ia_bim_eighteenth-century_magazine-of-natural-hist_sibly-ebenezer_1794_3,1140,0.00059,junk,,,,
ia_bim_eighteenth-century_magazine-of-natural-hist_sibly-ebenezer_1794_3,1141,0.232,junk,,,,
ia_bim_eighteenth-century_magazine-of-natural-hist_sibly-ebenezer_1794_3,1147,0.00874,junk,,,,
ia_bim_eighteenth-century_magazine-of-natural-hist_sibly-ebenezer_1794_3,1149,0.17604,junk,,,,
ia_bim_eighteenth-century_magazine-of-natural-hist_sibly-ebenezer_1794_3,1152,0.00011,junk,,,,
ia_bim_eighteenth-century_magazine-of-natural-hist_sibly-ebenezer_1794_3,1156,0.17445,junk,,,,
ia_bim_eighteenth-century_magazine-of-natural-hist_sibly-ebenezer_1794_3,1157,0.00927,junk,,,,
ia_bim_eighteenth-century_magazine-of-natural-hist_sibly-ebenezer_1794_3,1159,5e-05,junk,,,,
ia_bim_eighteenth-century_magazine-of-natural-hist_sibly-ebenezer_1794_3,1162,0.13578,junk,,,,
ia_bim_eighteenth-century_magazine-of-natural-hist_sibly-ebenezer_1794_3,1164,4e-05,junk,,,,
ia_bim_eighteenth-century_magazine-of-natural-hist_sibly-ebenezer_1794_3,1166,0.39217,junk,,,,
ia_bim_eighteenth-century_magazine-of-natural-hist_sibly-ebenezer_1794_3,1169,0.00054,junk,,,,
ia_bim_eighteenth-century_magazine-of-natural-hist_sibly-ebenezer_1794_3,1172,0.06292,junk,,,,
ia_bim_eighteenth-century_magazine-of-natural-hist_sibly-ebenezer_1794_3,1173,0.00061,junk,,,,
ia_bim_eighteenth-century_magazine-of-natural-hist_sibly-ebenezer_1794_3,1174,0.00308,junk,,,,
ia_bim_eighteenth-century_magazine-of-natural-hist_sibly-ebenezer_1794_3,1175,0.00835,junk,,,,
ia_bim_eighteenth-century_magazine-of-natural-hist_sibly-ebenezer_1794_3,1177,0.03953,junk,,,,
ia_bim_eighteenth-century_magazine-of-natural-hist_sibly-ebenezer_1794_3,1178,0.02554,junk,,,,
ia_bim_eighteenth-century_magazine-of-natural-hist_sibly-ebenezer_1794_3,1179,0.00515,junk,,,,
ia_bim_eighteenth-century_magazine-of-natural-hist_sibly-ebenezer_1794_3,1180,0.59144,non_junk,non_divine_teleology,0.01105,0.86055,0.12841
ia_bim_eighteenth-century_magazine-of-natural-hist_sibly-ebenezer_1794_3,1183,0.7881,non_junk,non_divine_teleology,0.00716,0.97994,0.0129
ia_bim_eighteenth-century_magazine-of-natural-hist_sibly-ebenezer_1794_3,1185,0.00213,junk,,,,
ia_bim_eighteenth-century_magazine-of-natural-hist_sibly-ebenezer_1794_3,1186,0.09829,junk,,,,
ia_bim_eighteenth-century_magazine-of-natural-hist_sibly-ebenezer_1794_3,1188,0.00641,junk,,,,
ia_bim_eighteenth-century_magazine-of-natural-hist_sibly-ebenezer_1794_3,1189,0.00308,junk,,,,
ia_bim_eighteenth-century_magazine-of-natural-hist_sibly-ebenezer_1794_3,1191,0.96857,non_junk,internal_essence,0.01531,0.46884,0.51585
ia_bim_eighteenth-century_magazine-of-natural-hist_sibly-ebenezer_1794_3,1193,0.0124,junk,,,,
ia_bim_eighteenth-century_magazine-of-natural-hist_sibly-ebenezer_1794_3,1194,0.10567,junk,,,,
ia_bim_eighteenth-century_magazine-of-natural-hist_sibly-ebenezer_1794_3,1200,0.00149,junk,,,,
ia_bim_eighteenth-century_magazine-of-natural-hist_sibly-ebenezer_1794_3,1201,0.09361,junk,,,,
ia_bim_eighteenth-century_magazine-of-natural-hist_sibly-ebenezer_1794_3,1202,0.17081,junk,,,,
ia_bim_eighteenth-century_magazine-of-natural-hist_sibly-ebenezer_1794_3,1204,0.01622,junk,,,,
ia_bim_eighteenth-century_magazine-of-natural-hist_sibly-ebenezer_1794_3,1206,0.00524,junk,,,,
ia_bim_eighteenth-century_magazine-of-natural-hist_sibly-ebenezer_1794_3,1207,0.00116,junk,,,,
ia_bim_eighteenth-century_magazine-of-natural-hist_sibly-ebenezer_1794_3,1212,0.06523,junk,,,,
ia_bim_eighteenth-century_magazine-of-natural-hist_sibly-ebenezer_1794_3,1213,0.00152,junk,,,,
ia_bim_eighteenth-century_magazine-of-natural-hist_sibly-ebenezer_1794_3,1214,0.0929,junk,,,,
ia_bim_eighteenth-century_magazine-of-natural-hist_sibly-ebenezer_1794_3,1215,0.05902,junk,,,,
ia_bim_eighteenth-century_magazine-of-natural-hist_sibly-ebenezer_1794_3,1218,0.99319,non_junk,non_divine_teleology,0.01004,0.86731,0.12265
ia_bim_eighteenth-century_magazine-of-natural-hist_sibly-ebenezer_1794_3,1222,0.29532,junk,,,,
ia_bim_eighteenth-century_magazine-of-natural-hist_sibly-ebenezer_1794_3,1223,0.00948,junk,,,,
ia_bim_eighteenth-century_magazine-of-natural-hist_sibly-ebenezer_1794_3,1227,0.00061,junk,,,,
ia_bim_eighteenth-century_magazine-of-natural-hist_sibly-ebenezer_1794_3,1228,0.36689,junk,,,,
ia_bim_eighteenth-century_magazine-of-natural-hist_sibly-ebenezer_1794_3,1229,0.64742,non_junk,non_divine_teleology,0.00757,0.94597,0.04647
ia_bim_eighteenth-century_magazine-of-natural-hist_sibly-ebenezer_1794_3,1230,0.00612,junk,,,,
ia_bim_eighteenth-century_magazine-of-natural-hist_sibly-ebenezer_1794_3,1232,0.00643,junk,,,,
ia_bim_eighteenth-century_magazine-of-natural-hist_sibly-ebenezer_1794_3,1233,0.0014,junk,,,,
ia_bim_eighteenth-century_magazine-of-natural-hist_sibly-ebenezer_1794_3,1234,0.00145,junk,,,,
ia_bim_eighteenth-century_magazine-of-natural-hist_sibly-ebenezer_1794_3,1237,0.00477,junk,,,,
ia_bim_eighteenth-century_magazine-of-natural-hist_sibly-ebenezer_1794_3,1239,0.01929,junk,,,,
ia_bim_eighteenth-century_magazine-of-natural-hist_sibly-ebenezer_1794_3,1240,0.00294,junk,,,,
ia_bim_eighteenth-century_magazine-of-natural-hist_sibly-ebenezer_1794_3,1241,0.29179,junk,,,,
ia_bim_eighteenth-century_magazine-of-natural-hist_sibly-ebenezer_1794_3,1242,0.05808,junk,,,,
ia_bim_eighteenth-century_magazine-of-natural-hist_sibly-ebenezer_1794_3,1243,0.03326,junk,,,,
ia_bim_eighteenth-century_magazine-of-natural-hist_sibly-ebenezer_1794_3,1244,0.00081,junk,,,,
ia_bim_eighteenth-century_magazine-of-natural-hist_sibly-ebenezer_1794_3,1245,0.01929,junk,,,,
ia_bim_eighteenth-century_magazine-of-natural-hist_sibly-ebenezer_1794_3,1250,0.06448,junk,,,,
ia_bim_eighteenth-century_magazine-of-natural-hist_sibly-ebenezer_1794_3,1254,0.05731,junk,,,,
ia_bim_eighteenth-century_magazine-of-natural-hist_sibly-ebenezer_1794_3,1255,0.09728,junk,,,,
ia_bim_eighteenth-century_magazine-of-natural-hist_sibly-ebenezer_1794_3,1259,0.02464,junk,,,,
ia_bim_eighteenth-century_magazine-of-natural-hist_sibly-ebenezer_1794_3,1260,0.08404,junk,,,,
ia_bim_eighteenth-century_magazine-of-natural-hist_sibly-ebenezer_1794_3,1261,0.23296,junk,,,,
ia_bim_eighteenth-century_magazine-of-natural-hist_sibly-ebenezer_1794_3,1264,0.00036,junk,,,,
ia_bim_eighteenth-century_magazine-of-natural-hist_sibly-ebenezer_1794_3,1266,0.79477,non_junk,non_divine_teleology,0.00354,0.95884,0.03762
ia_bim_eighteenth-century_magazine-of-natural-hist_sibly-ebenezer_1794_3,1267,0.07176,junk,,,,
ia_bim_eighteenth-century_magazine-of-natural-hist_sibly-ebenezer_1794_3,1269,0.23931,junk,,,,
ia_bim_eighteenth-century_magazine-of-natural-hist_sibly-ebenezer_1794_3,1271,0.00039,junk,,,,
ia_bim_eighteenth-century_magazine-of-natural-hist_sibly-ebenezer_1794_3,1272,0.0048,junk,,,,
ia_bim_eighteenth-century_magazine-of-natural-hist_sibly-ebenezer_1794_3,1273,0.0117,junk,,,,
ia_bim_eighteenth-century_magazine-of-natural-hist_sibly-ebenezer_1794_3,1275,0.01938,junk,,,,
ia_bim_eighteenth-century_magazine-of-natural-hist_sibly-ebenezer_1794_3,1276,0.00031,junk,,,,
ia_bim_eighteenth-century_magazine-of-natural-hist_sibly-ebenezer_1794_3,1279,0.18736,junk,,,,
ia_bim_eighteenth-century_magazine-of-natural-hist_sibly-ebenezer_1794_3,1282,0.00964,junk,,,,
ia_bim_eighteenth-century_magazine-of-natural-hist_sibly-ebenezer_1794_3,1283,0.01437,junk,,,,
ia_bim_eighteenth-century_magazine-of-natural-hist_sibly-ebenezer_1794_3,1285,0.04079,junk,,,,
ia_bim_eighteenth-century_magazine-of-natural-hist_sibly-ebenezer_1794_3,1286,0.18865,junk,,,,
ia_bim_eighteenth-century_magazine-of-natural-hist_sibly-ebenezer_1794_3,1287,0.16064,junk,,,,
ia_bim_eighteenth-century_magazine-of-natural-hist_sibly-ebenezer_1794_3,1288,0.00092,junk,,,,
ia_bim_eighteenth-century_magazine-of-natural-hist_sibly-ebenezer_1794_3,1290,0.00146,junk,,,,
ia_bim_eighteenth-century_magazine-of-natural-hist_sibly-ebenezer_1794_3,1291,0.01172,junk,,,,
ia_bim_eighteenth-century_magazine-of-natural-hist_sibly-ebenezer_1794_3,1292,0.051,junk,,,,
ia_bim_eighteenth-century_magazine-of-natural-hist_sibly-ebenezer_1794_3,1293,0.69267,non_junk,non_divine_teleology,0.00421,0.90577,0.09003
ia_bim_eighteenth-century_magazine-of-natural-hist_sibly-ebenezer_1794_3,1294,0.00865,junk,,,,
ia_bim_eighteenth-century_magazine-of-natural-hist_sibly-ebenezer_1794_3,1296,0.00698,junk,,,,
ia_bim_eighteenth-century_magazine-of-natural-hist_sibly-ebenezer_1794_3,1297,0.00952,junk,,,,
ia_bim_eighteenth-century_magazine-of-natural-hist_sibly-ebenezer_1794_3,1300,0.28974,junk,,,,
ia_bim_eighteenth-century_magazine-of-natural-hist_sibly-ebenezer_1794_3,1301,0.25746,junk,,,,
ia_bim_eighteenth-century_magazine-of-natural-hist_sibly-ebenezer_1794_3,1302,0.00653,junk,,,,
ia_bim_eighteenth-century_magazine-of-natural-hist_sibly-ebenezer_1794_3,1303,0.00092,junk,,,,
ia_bim_eighteenth-century_magazine-of-natural-hist_sibly-ebenezer_1794_3,1305,0.29385,junk,,,,
ia_bim_eighteenth-century_magazine-of-natural-hist_sibly-ebenezer_1794_3,1306,0.9834,non_junk,non_divine_teleology,0.00207,0.98237,0.01556
ia_bim_eighteenth-century_magazine-of-natural-hist_sibly-ebenezer_1794_3,1307,0.00558,junk,,,,
ia_bim_eighteenth-century_magazine-of-natural-hist_sibly-ebenezer_1794_3,1308,0.06085,junk,,,,
ia_bim_eighteenth-century_magazine-of-natural-hist_sibly-ebenezer_1794_3,1309,0.27562,junk,,,,
ia_bim_eighteenth-century_magazine-of-natural-hist_sibly-ebenezer_1794_3,1311,0.43484,junk,,,,
ia_bim_eighteenth-century_magazine-of-natural-hist_sibly-ebenezer_1794_3,1313,0.37655,junk,,,,
ia_bim_eighteenth-century_magazine-of-natural-hist_sibly-ebenezer_1794_3,1315,0.00133,junk,,,,
ia_bim_eighteenth-century_magazine-of-natural-hist_sibly-ebenezer_1794_3,1320,0.05134,junk,,,,
ia_bim_eighteenth-century_magazine-of-natural-hist_sibly-ebenezer_1794_3,1323,0.01287,junk,,,,
ia_bim_eighteenth-century_magazine-of-natural-hist_sibly-ebenezer_1794_3,1326,0.12923,junk,,,,
ia_bim_eighteenth-century_magazine-of-natural-hist_sibly-ebenezer_1794_3,1327,0.00029,junk,,,,
ia_bim_eighteenth-century_magazine-of-natural-hist_sibly-ebenezer_1794_3,1328,0.0751,junk,,,,
ia_bim_eighteenth-century_magazine-of-natural-hist_sibly-ebenezer_1794_3,1330,0.00424,junk,,,,
ia_bim_eighteenth-century_magazine-of-natural-hist_sibly-ebenezer_1794_3,1331,0.22769,junk,,,,
ia_bim_eighteenth-century_magazine-of-natural-hist_sibly-ebenezer_1794_3,1332,0.87112,non_junk,non_divine_teleology,0.00542,0.97402,0.02056
ia_bim_eighteenth-century_magazine-of-natural-hist_sibly-ebenezer_1794_3,1334,0.00123,junk,,,,
ia_bim_eighteenth-century_magazine-of-natural-hist_sibly-ebenezer_1794_3,1335,0.00195,junk,,,,
ia_bim_eighteenth-century_magazine-of-natural-hist_sibly-ebenezer_1794_3,1337,0.02493,junk,,,,
ia_bim_eighteenth-century_magazine-of-natural-hist_sibly-ebenezer_1794_3,1340,0.00017,junk,,,,
ia_bim_eighteenth-century_magazine-of-natural-hist_sibly-ebenezer_1794_3,1341,0.11615,junk,,,,
ia_bim_eighteenth-century_magazine-of-natural-hist_sibly-ebenezer_1794_3,1344,0.00049,junk,,,,
ia_bim_eighteenth-century_magazine-of-natural-hist_sibly-ebenezer_1794_3,1345,0.00085,junk,,,,
ia_bim_eighteenth-century_magazine-of-natural-hist_sibly-ebenezer_1794_3,1346,0.03211,junk,,,,
ia_bim_eighteenth-century_magazine-of-natural-hist_sibly-ebenezer_1794_3,1348,0.02339,junk,,,,
ia_bim_eighteenth-century_magazine-of-natural-hist_sibly-ebenezer_1794_3,1350,0.3781,junk,,,,
ia_bim_eighteenth-century_magazine-of-natural-hist_sibly-ebenezer_1794_3,1353,0.9989,non_junk,non_divine_teleology,0.00135,0.99571,0.00294
ia_bim_eighteenth-century_magazine-of-natural-hist_sibly-ebenezer_1794_3,1354,0.00085,junk,,,,
ia_bim_eighteenth-century_magazine-of-natural-hist_sibly-ebenezer_1794_3,1355,0.00539,junk,,,,
ia_bim_eighteenth-century_magazine-of-natural-hist_sibly-ebenezer_1794_3,1357,0.00682,junk,,,,
ia_bim_eighteenth-century_magazine-of-natural-hist_sibly-ebenezer_1794_3,1359,0.00072,junk,,,,
ia_bim_eighteenth-century_magazine-of-natural-hist_sibly-ebenezer_1794_3,1362,0.06197,junk,,,,
ia_bim_eighteenth-century_magazine-of-natural-hist_sibly-ebenezer_1794_3,1364,0.08632,junk,,,,
ia_bim_eighteenth-century_magazine-of-natural-hist_sibly-ebenezer_1794_3,1366,0.0805,junk,,,,
ia_bim_eighteenth-century_magazine-of-natural-hist_sibly-ebenezer_1794_3,1367,0.0805,junk,,,,
ia_bim_eighteenth-century_magazine-of-natural-hist_sibly-ebenezer_1794_3,1373,0.44342,junk,,,,
ia_bim_eighteenth-century_magazine-of-natural-hist_sibly-ebenezer_1794_3,1375,0.523,non_junk,internal_essence,0.00945,0.18811,0.80244
ia_bim_eighteenth-century_magazine-of-natural-hist_sibly-ebenezer_1794_3,1376,0.01664,junk,,,,
ia_bim_eighteenth-century_magazine-of-natural-hist_sibly-ebenezer_1794_3,1377,0.58703,non_junk,non_divine_teleology,0.0066,0.93398,0.05942
ia_bim_eighteenth-century_magazine-of-natural-hist_sibly-ebenezer_1794_3,1379,0.02416,junk,,,,
ia_bim_eighteenth-century_magazine-of-natural-hist_sibly-ebenezer_1794_3,1380,0.10771,junk,,,,
ia_bim_eighteenth-century_magazine-of-natural-hist_sibly-ebenezer_1794_3,1381,0.94402,non_junk,internal_essence,0.00054,0.00595,0.9935
ia_bim_eighteenth-century_magazine-of-natural-hist_sibly-ebenezer_1794_3,1383,0.02213,junk,,,,
ia_bim_eighteenth-century_magazine-of-natural-hist_sibly-ebenezer_1794_3,1384,0.72502,non_junk,non_divine_teleology,0.00367,0.97842,0.01791
ia_bim_eighteenth-century_magazine-of-natural-hist_sibly-ebenezer_1794_3,1385,0.03188,junk,,,,
ia_bim_eighteenth-century_magazine-of-natural-hist_sibly-ebenezer_1794_3,1386,0.05861,junk,,,,
ia_bim_eighteenth-century_magazine-of-natural-hist_sibly-ebenezer_1794_3,1388,0.35905,junk,,,,
ia_bim_eighteenth-century_magazine-of-natural-hist_sibly-ebenezer_1794_3,1392,0.97606,non_junk,non_divine_teleology,0.00585,0.83718,0.15697
ia_bim_eighteenth-century_magazine-of-natural-hist_sibly-ebenezer_1794_3,1393,0.003,junk,,,,
ia_bim_eighteenth-century_magazine-of-natural-hist_sibly-ebenezer_1794_3,1395,0.00548,junk,,,,
ia_bim_eighteenth-century_magazine-of-natural-hist_sibly-ebenezer_1794_3,1396,0.00213,junk,,,,
ia_bim_eighteenth-century_magazine-of-natural-hist_sibly-ebenezer_1794_3,1398,0.00548,junk,,,,
ia_bim_eighteenth-century_magazine-of-natural-hist_sibly-ebenezer_1794_3,1399,0.00471,junk,,,,
ia_bim_eighteenth-century_magazine-of-natural-hist_sibly-ebenezer_1794_3,1401,0.11229,junk,,,,
ia_bim_eighteenth-century_magazine-of-natural-hist_sibly-ebenezer_1794_3,1406,0.0783,junk,,,,
ia_bim_eighteenth-century_magazine-of-natural-hist_sibly-ebenezer_1794_3,1407,0.7959,non_junk,non_divine_teleology,0.00402,0.94443,0.05155
ia_bim_eighteenth-century_magazine-of-natural-hist_sibly-ebenezer_1794_3,1408,0.0142,junk,,,,
ia_bim_eighteenth-century_magazine-of-natural-hist_sibly-ebenezer_1794_3,1410,0.0103,junk,,,,
ia_bim_eighteenth-century_magazine-of-natural-hist_sibly-ebenezer_1794_3,1412,0.00097,junk,,,,
ia_bim_eighteenth-century_magazine-of-natural-hist_sibly-ebenezer_1794_3,1414,0.03572,junk,,,,
ia_bim_eighteenth-century_magazine-of-natural-hist_sibly-ebenezer_1794_3,1416,0.84627,non_junk,internal_essence,0.00341,0.04225,0.95434
ia_bim_eighteenth-century_magazine-of-natural-hist_sibly-ebenezer_1794_3,1417,0.00502,junk,,,,
ia_bim_eighteenth-century_magazine-of-natural-hist_sibly-ebenezer_1794_3,1420,0.12247,junk,,,,
ia_bim_eighteenth-century_magazine-of-natural-hist_sibly-ebenezer_1794_3,1421,0.99728,non_junk,non_divine_teleology,0.02604,0.73682,0.23714
ia_bim_eighteenth-century_magazine-of-natural-hist_sibly-ebenezer_1794_3,1422,0.74535,non_junk,non_divine_teleology,0.00732,0.93604,0.05665
ia_bim_eighteenth-century_magazine-of-natural-hist_sibly-ebenezer_1794_3,1423,0.01601,junk,,,,
ia_bim_eighteenth-century_magazine-of-natural-hist_sibly-ebenezer_1794_3,1424,0.02747,junk,,,,
ia_bim_eighteenth-century_magazine-of-natural-hist_sibly-ebenezer_1794_3,1425,0.00065,junk,,,,
ia_bim_eighteenth-century_magazine-of-natural-hist_sibly-ebenezer_1794_3,1426,0.01262,junk,,,,
ia_bim_eighteenth-century_magazine-of-natural-hist_sibly-ebenezer_1794_3,1428,0.00409,junk,,,,
ia_bim_eighteenth-century_magazine-of-natural-hist_sibly-ebenezer_1794_3,1429,0.01927,junk,,,,
ia_bim_eighteenth-century_magazine-of-natural-hist_sibly-ebenezer_1794_3,1433,0.00093,junk,,,,
ia_bim_eighteenth-century_magazine-of-natural-hist_sibly-ebenezer_1794_3,1435,0.00535,junk,,,,
ia_bim_eighteenth-century_magazine-of-natural-hist_sibly-ebenezer_1794_3,1436,0.02668,junk,,,,
ia_bim_eighteenth-century_magazine-of-natural-hist_sibly-ebenezer_1794_3,1437,0.00086,junk,,,,
ia_bim_eighteenth-century_magazine-of-natural-hist_sibly-ebenezer_1794_3,1438,1e-05,junk,,,,
ia_bim_eighteenth-century_magazine-of-natural-hist_sibly-ebenezer_1794_3,1440,0.00123,junk,,,,
ia_bim_eighteenth-century_magazine-of-natural-hist_sibly-ebenezer_1794_3,1441,0.55223,non_junk,non_divine_teleology,0.00536,0.92627,0.06837
ia_bim_eighteenth-century_magazine-of-natural-hist_sibly-ebenezer_1794_3,1442,0.14483,junk,,,,
ia_bim_eighteenth-century_magazine-of-natural-hist_sibly-ebenezer_1794_3,1443,0.77745,non_junk,non_divine_teleology,0.00444,0.89608,0.09948
ia_bim_eighteenth-century_magazine-of-natural-hist_sibly-ebenezer_1794_3,1444,0.0004,junk,,,,
ia_bim_eighteenth-century_magazine-of-natural-hist_sibly-ebenezer_1794_3,1448,0.48008,junk,,,,
ia_bim_eighteenth-century_magazine-of-natural-hist_sibly-ebenezer_1794_3,1451,0.03132,junk,,,,
ia_bim_eighteenth-century_magazine-of-natural-hist_sibly-ebenezer_1794_3,1452,0.00598,junk,,,,
ia_bim_eighteenth-century_magazine-of-natural-hist_sibly-ebenezer_1794_3,1454,0.27566,junk,,,,
ia_bim_eighteenth-century_magazine-of-natural-hist_sibly-ebenezer_1794_3,1457,0.04277,junk,,,,
ia_bim_eighteenth-century_magazine-of-natural-hist_sibly-ebenezer_1794_3,1458,0.00284,junk,,,,
ia_bim_eighteenth-century_magazine-of-natural-hist_sibly-ebenezer_1794_3,1459,0.20278,junk,,,,
ia_bim_eighteenth-century_magazine-of-natural-hist_sibly-ebenezer_1794_3,1460,0.11844,junk,,,,
ia_bim_eighteenth-century_magazine-of-natural-hist_sibly-ebenezer_1794_3,1463,0.0336,junk,,,,
ia_bim_eighteenth-century_magazine-of-natural-hist_sibly-ebenezer_1794_3,1464,0.75084,non_junk,non_divine_teleology,0.09164,0.85938,0.04898
ia_bim_eighteenth-century_magazine-of-natural-hist_sibly-ebenezer_1794_3,1465,0.35891,junk,,,,
ia_bim_eighteenth-century_magazine-of-natural-hist_sibly-ebenezer_1794_3,1466,0.00068,junk,,,,
ia_bim_eighteenth-century_magazine-of-natural-hist_sibly-ebenezer_1794_3,1467,0.99828,non_junk,non_divine_teleology,0.0154,0.94109,0.04351
ia_bim_eighteenth-century_magazine-of-natural-hist_sibly-ebenezer_1794_3,1470,0.04483,junk,,,,
ia_bim_eighteenth-century_magazine-of-natural-hist_sibly-ebenezer_1794_3,1471,0.26134,junk,,,,
ia_bim_eighteenth-century_magazine-of-natural-hist_sibly-ebenezer_1794_3,1473,0.0299,junk,,,,
ia_bim_eighteenth-century_magazine-of-natural-hist_sibly-ebenezer_1794_3,1474,0.0436,junk,,,,
ia_bim_eighteenth-century_magazine-of-natural-hist_sibly-ebenezer_1794_3,1475,0.0149,junk,,,,
ia_bim_eighteenth-century_magazine-of-natural-hist_sibly-ebenezer_1794_3,1476,0.03073,junk,,,,
ia_bim_eighteenth-century_magazine-of-natural-hist_sibly-ebenezer_1794_3,1480,0.00094,junk,,,,
ia_bim_eighteenth-century_magazine-of-natural-hist_sibly-ebenezer_1794_3,1484,0.01528,junk,,,,
ia_bim_eighteenth-century_magazine-of-natural-hist_sibly-ebenezer_1794_3,1485,0.00379,junk,,,,
ia_bim_eighteenth-century_magazine-of-natural-hist_sibly-ebenezer_1794_3,1486,0.00097,junk,,,,
ia_bim_eighteenth-century_magazine-of-natural-hist_sibly-ebenezer_1794_3,1487,0.02063,junk,,,,
ia_bim_eighteenth-century_magazine-of-natural-hist_sibly-ebenezer_1794_3,1492,9e-05,junk,,,,
ia_bim_eighteenth-century_magazine-of-natural-hist_sibly-ebenezer_1794_3,1493,0.01276,junk,,,,
ia_bim_eighteenth-century_magazine-of-natural-hist_sibly-ebenezer_1794_3,1494,0.48317,junk,,,,
ia_bim_eighteenth-century_magazine-of-natural-hist_sibly-ebenezer_1794_3,1495,0.88326,non_junk,non_divine_teleology,0.00451,0.89273,0.10276
ia_bim_eighteenth-century_magazine-of-natural-hist_sibly-ebenezer_1794_3,1497,0.18522,junk,,,,
ia_bim_eighteenth-century_magazine-of-natural-hist_sibly-ebenezer_1794_3,1499,0.01018,junk,,,,
ia_bim_eighteenth-century_magazine-of-natural-hist_sibly-ebenezer_1794_3,1500,0.00122,junk,,,,
ia_bim_eighteenth-century_magazine-of-natural-hist_sibly-ebenezer_1794_3,1501,0.00717,junk,,,,
ia_bim_eighteenth-century_magazine-of-natural-hist_sibly-ebenezer_1794_3,1502,0.37418,junk,,,,
ia_bim_eighteenth-century_magazine-of-natural-hist_sibly-ebenezer_1794_3,1503,0.00736,junk,,,,
ia_bim_eighteenth-century_magazine-of-natural-hist_sibly-ebenezer_1794_3,1504,0.73931,non_junk,non_divine_teleology,0.01976,0.95501,0.02523
ia_bim_eighteenth-century_magazine-of-natural-hist_sibly-ebenezer_1794_3,1505,0.96504,non_junk,internal_essence,0.0007,0.0176,0.9817
ia_bim_eighteenth-century_magazine-of-natural-hist_sibly-ebenezer_1794_3,1507,0.09874,junk,,,,
ia_bim_eighteenth-century_magazine-of-natural-hist_sibly-ebenezer_1794_3,1508,0.02557,junk,,,,
ia_bim_eighteenth-century_magazine-of-natural-hist_sibly-ebenezer_1794_3,1510,0.02941,junk,,,,
ia_bim_eighteenth-century_magazine-of-natural-hist_sibly-ebenezer_1794_3,1512,0.01065,junk,,,,
ia_bim_eighteenth-century_magazine-of-natural-hist_sibly-ebenezer_1794_3,1513,0.00363,junk,,,,
ia_bim_eighteenth-century_magazine-of-natural-hist_sibly-ebenezer_1794_3,1514,0.02914,junk,,,,
ia_bim_eighteenth-century_magazine-of-natural-hist_sibly-ebenezer_1794_3,1516,0.00191,junk,,,,
ia_bim_eighteenth-century_magazine-of-natural-hist_sibly-ebenezer_1794_3,1518,0.81434,non_junk,non_divine_teleology,0.00578,0.97322,0.02099
ia_bim_eighteenth-century_magazine-of-natural-hist_sibly-ebenezer_1794_3,1519,0.82467,non_junk,non_divine_teleology,0.01558,0.88461,0.09981
ia_bim_eighteenth-century_magazine-of-natural-hist_sibly-ebenezer_1794_3,1520,0.04735,junk,,,,
ia_bim_eighteenth-century_magazine-of-natural-hist_sibly-ebenezer_1794_3,1522,0.35497,junk,,,,
ia_bim_eighteenth-century_magazine-of-natural-hist_sibly-ebenezer_1794_3,1523,0.4213,junk,,,,
ia_bim_eighteenth-century_magazine-of-natural-hist_sibly-ebenezer_1794_3,1524,0.23559,junk,,,,
ia_bim_eighteenth-century_magazine-of-natural-hist_sibly-ebenezer_1794_3,1525,0.02404,junk,,,,
ia_bim_eighteenth-century_magazine-of-natural-hist_sibly-ebenezer_1794_3,1527,0.21677,junk,,,,
ia_bim_eighteenth-century_magazine-of-natural-hist_sibly-ebenezer_1794_3,1528,0.00011,junk,,,,
ia_bim_eighteenth-century_magazine-of-natural-hist_sibly-ebenezer_1794_3,1530,0.72135,non_junk,internal_essence,0.00068,0.02646,0.97286
ia_bim_eighteenth-century_magazine-of-natural-hist_sibly-ebenezer_1794_3,1531,0.09318,junk,,,,
ia_bim_eighteenth-century_magazine-of-natural-hist_sibly-ebenezer_1794_3,1534,0.00132,junk,,,,
ia_bim_eighteenth-century_magazine-of-natural-hist_sibly-ebenezer_1794_3,1535,0.01406,junk,,,,
ia_bim_eighteenth-century_magazine-of-natural-hist_sibly-ebenezer_1794_3,1536,0.13677,junk,,,,
ia_bim_eighteenth-century_magazine-of-natural-hist_sibly-ebenezer_1794_3,1537,9e-05,junk,,,,
ia_bim_eighteenth-century_magazine-of-natural-hist_sibly-ebenezer_1794_3,1538,0.00447,junk,,,,
ia_bim_eighteenth-century_magazine-of-natural-hist_sibly-ebenezer_1794_3,1543,0.00066,junk,,,,
ia_bim_eighteenth-century_magazine-of-natural-hist_sibly-ebenezer_1794_3,1544,0.27546,junk,,,,
ia_bim_eighteenth-century_magazine-of-natural-hist_sibly-ebenezer_1794_3,1545,0.00396,junk,,,,
ia_bim_eighteenth-century_magazine-of-natural-hist_sibly-ebenezer_1794_3,1546,0.00372,junk,,,,
ia_bim_eighteenth-century_magazine-of-natural-hist_sibly-ebenezer_1794_3,1548,0.00569,junk,,,,
ia_bim_eighteenth-century_magazine-of-natural-hist_sibly-ebenezer_1794_3,1549,0.02645,junk,,,,
ia_bim_eighteenth-century_magazine-of-natural-hist_sibly-ebenezer_1794_3,1550,0.35067,junk,,,,
ia_bim_eighteenth-century_magazine-of-natural-hist_sibly-ebenezer_1794_3,1551,0.25823,junk,,,,
ia_bim_eighteenth-century_magazine-of-natural-hist_sibly-ebenezer_1794_3,1552,0.0018,junk,,,,
ia_bim_eighteenth-century_magazine-of-natural-hist_sibly-ebenezer_1794_3,1553,3e-05,junk,,,,
ia_bim_eighteenth-century_magazine-of-natural-hist_sibly-ebenezer_1794_3,1554,0.01103,junk,,,,
ia_bim_eighteenth-century_magazine-of-natural-hist_sibly-ebenezer_1794_3,1558,0.02479,junk,,,,
ia_bim_eighteenth-century_magazine-of-natural-hist_sibly-ebenezer_1794_3,1560,0.00035,junk,,,,
ia_bim_eighteenth-century_magazine-of-natural-hist_sibly-ebenezer_1794_3,1562,0.00082,junk,,,,
ia_bim_eighteenth-century_magazine-of-natural-hist_sibly-ebenezer_1794_3,1564,0.01028,junk,,,,
ia_bim_eighteenth-century_magazine-of-natural-hist_sibly-ebenezer_1794_3,1565,0.03047,junk,,,,
ia_bim_eighteenth-century_magazine-of-natural-hist_sibly-ebenezer_1794_3,1568,0.00162,junk,,,,
ia_bim_eighteenth-century_magazine-of-natural-hist_sibly-ebenezer_1794_3,1569,0.12191,junk,,,,
ia_bim_eighteenth-century_magazine-of-natural-hist_sibly-ebenezer_1794_3,1570,0.0155,junk,,,,
ia_bim_eighteenth-century_magazine-of-natural-hist_sibly-ebenezer_1794_3,1573,0.0002,junk,,,,
ia_bim_eighteenth-century_magazine-of-natural-hist_sibly-ebenezer_1794_3,1574,0.62744,non_junk,non_divine_teleology,0.00787,0.87629,0.11584
ia_bim_eighteenth-century_magazine-of-natural-hist_sibly-ebenezer_1794_3,1575,0.32959,junk,,,,
ia_bim_eighteenth-century_magazine-of-natural-hist_sibly-ebenezer_1794_3,1578,0.05471,junk,,,,
ia_bim_eighteenth-century_magazine-of-natural-hist_sibly-ebenezer_1794_3,1581,0.00841,junk,,,,
ia_bim_eighteenth-century_magazine-of-natural-hist_sibly-ebenezer_1794_3,1583,0.00181,junk,,,,
ia_bim_eighteenth-century_magazine-of-natural-hist_sibly-ebenezer_1794_3,1584,0.00018,junk,,,,
ia_bim_eighteenth-century_magazine-of-natural-hist_sibly-ebenezer_1794_3,1585,0.00154,junk,,,,
ia_bim_eighteenth-century_magazine-of-natural-hist_sibly-ebenezer_1794_3,1586,0.48543,junk,,,,
ia_bim_eighteenth-century_magazine-of-natural-hist_sibly-ebenezer_1794_3,1587,0.00348,junk,,,,
ia_bim_eighteenth-century_magazine-of-natural-hist_sibly-ebenezer_1794_3,1592,0.00277,junk,,,,
ia_bim_eighteenth-century_magazine-of-natural-hist_sibly-ebenezer_1794_3,1594,0.01806,junk,,,,
ia_bim_eighteenth-century_magazine-of-natural-hist_sibly-ebenezer_1794_3,1598,0.03112,junk,,,,
ia_bim_eighteenth-century_magazine-of-natural-hist_sibly-ebenezer_1794_3,1599,0.00276,junk,,,,
ia_bim_eighteenth-century_magazine-of-natural-hist_sibly-ebenezer_1794_3,1600,0.03606,junk,,,,
ia_bim_eighteenth-century_magazine-of-natural-hist_sibly-ebenezer_1794_3,1601,0.00054,junk,,,,
ia_bim_eighteenth-century_magazine-of-natural-hist_sibly-ebenezer_1794_3,1603,0.00306,junk,,,,
ia_bim_eighteenth-century_magazine-of-natural-hist_sibly-ebenezer_1794_3,1605,0.02472,junk,,,,
ia_bim_eighteenth-century_magazine-of-natural-hist_sibly-ebenezer_1794_3,1606,0.0122,junk,,,,
ia_bim_eighteenth-century_magazine-of-natural-hist_sibly-ebenezer_1794_3,1607,0.24349,junk,,,,
ia_bim_eighteenth-century_magazine-of-natural-hist_sibly-ebenezer_1794_3,1612,0.09439,junk,,,,
ia_bim_eighteenth-century_magazine-of-natural-hist_sibly-ebenezer_1794_3,1614,0.02945,junk,,,,
ia_bim_eighteenth-century_magazine-of-natural-hist_sibly-ebenezer_1794_3,1615,0.07448,junk,,,,
ia_bim_eighteenth-century_magazine-of-natural-hist_sibly-ebenezer_1794_3,1617,0.01274,junk,,,,
ia_bim_eighteenth-century_magazine-of-natural-hist_sibly-ebenezer_1794_3,1618,0.02945,junk,,,,
ia_bim_eighteenth-century_magazine-of-natural-hist_sibly-ebenezer_1794_3,1620,0.58915,non_junk,non_divine_teleology,0.00562,0.82259,0.17179
ia_bim_eighteenth-century_magazine-of-natural-hist_sibly-ebenezer_1794_3,1622,0.09898,junk,,,,
ia_bim_eighteenth-century_magazine-of-natural-hist_sibly-ebenezer_1794_3,1624,0.09898,junk,,,,
ia_bim_eighteenth-century_magazine-of-natural-hist_sibly-ebenezer_1794_3,1626,0.00185,junk,,,,
ia_bim_eighteenth-century_magazine-of-natural-hist_sibly-ebenezer_1794_3,1628,0.01101,junk,,,,
ia_bim_eighteenth-century_magazine-of-natural-hist_sibly-ebenezer_1794_3,1633,0.06943,junk,,,,
ia_bim_eighteenth-century_magazine-of-natural-hist_sibly-ebenezer_1794_3,1635,0.18783,junk,,,,
ia_bim_eighteenth-century_magazine-of-natural-hist_sibly-ebenezer_1794_3,1640,0.19886,junk,,,,
ia_bim_eighteenth-century_magazine-of-natural-hist_sibly-ebenezer_1794_3,1642,0.00083,junk,,,,
ia_bim_eighteenth-century_magazine-of-natural-hist_sibly-ebenezer_1794_3,1643,0.00149,junk,,,,
ia_bim_eighteenth-century_magazine-of-natural-hist_sibly-ebenezer_1794_3,1644,0.00016,junk,,,,
ia_bim_eighteenth-century_magazine-of-natural-hist_sibly-ebenezer_1794_3,1646,0.0371,junk,,,,
ia_bim_eighteenth-century_magazine-of-natural-hist_sibly-ebenezer_1794_3,1647,0.00975,junk,,,,
ia_bim_eighteenth-century_magazine-of-natural-hist_sibly-ebenezer_1794_3,1648,0.03716,junk,,,,
ia_bim_eighteenth-century_magazine-of-natural-hist_sibly-ebenezer_1794_3,1649,0.01956,junk,,,,
ia_bim_eighteenth-century_magazine-of-natural-hist_sibly-ebenezer_1794_3,1651,0.00572,junk,,,,
ia_bim_eighteenth-century_magazine-of-natural-hist_sibly-ebenezer_1794_3,1653,0.01843,junk,,,,
ia_bim_eighteenth-century_magazine-of-natural-hist_sibly-ebenezer_1794_3,1654,0.04172,junk,,,,
ia_bim_eighteenth-century_magazine-of-natural-hist_sibly-ebenezer_1794_3,1655,0.51574,non_junk,non_divine_teleology,0.00609,0.9714,0.02251
ia_bim_eighteenth-century_magazine-of-natural-hist_sibly-ebenezer_1794_3,1656,0.00248,junk,,,,
ia_bim_eighteenth-century_magazine-of-natural-hist_sibly-ebenezer_1794_3,1658,0.02413,junk,,,,
ia_bim_eighteenth-century_magazine-of-natural-hist_sibly-ebenezer_1794_3,1659,0.0158,junk,,,,
ia_bim_eighteenth-century_magazine-of-natural-hist_sibly-ebenezer_1794_3,1660,0.43655,junk,,,,
ia_bim_eighteenth-century_magazine-of-natural-hist_sibly-ebenezer_1794_3,1661,0.00118,junk,,,,
ia_bim_eighteenth-century_magazine-of-natural-hist_sibly-ebenezer_1794_3,1666,0.37712,junk,,,,
ia_bim_eighteenth-century_magazine-of-natural-hist_sibly-ebenezer_1794_3,1670,0.01637,junk,,,,
ia_bim_eighteenth-century_magazine-of-natural-hist_sibly-ebenezer_1794_3,1673,0.17924,junk,,,,
ia_bim_eighteenth-century_magazine-of-natural-hist_sibly-ebenezer_1794_3,1676,0.02377,junk,,,,
ia_bim_eighteenth-century_magazine-of-natural-hist_sibly-ebenezer_1794_3,1677,0.00309,junk,,,,
ia_bim_eighteenth-century_magazine-of-natural-hist_sibly-ebenezer_1794_3,1678,0.02253,junk,,,,
ia_bim_eighteenth-century_magazine-of-natural-hist_sibly-ebenezer_1794_3,1680,0.00225,junk,,,,
ia_bim_eighteenth-century_magazine-of-natural-hist_sibly-ebenezer_1794_3,1681,0.01715,junk,,,,
ia_bim_eighteenth-century_magazine-of-natural-hist_sibly-ebenezer_1794_3,1682,0.01673,junk,,,,
ia_bim_eighteenth-century_magazine-of-natural-hist_sibly-ebenezer_1794_3,1684,0.0024,junk,,,,
ia_bim_eighteenth-century_magazine-of-natural-hist_sibly-ebenezer_1794_3,1687,0.00413,junk,,,,
ia_bim_eighteenth-century_magazine-of-natural-hist_sibly-ebenezer_1794_3,1689,0.00591,junk,,,,
ia_bim_eighteenth-century_magazine-of-natural-hist_sibly-ebenezer_1794_3,1691,0.00143,junk,,,,
ia_bim_eighteenth-century_magazine-of-natural-hist_sibly-ebenezer_1794_3,1693,0.0002,junk,,,,
ia_bim_eighteenth-century_magazine-of-natural-hist_sibly-ebenezer_1794_3,1698,0.00038,junk,,,,
ia_bim_eighteenth-century_magazine-of-natural-hist_sibly-ebenezer_1794_3,1699,0.0135,junk,,,,
ia_bim_eighteenth-century_magazine-of-natural-hist_sibly-ebenezer_1794_3,1701,0.00361,junk,,,,
ia_bim_eighteenth-century_magazine-of-natural-hist_sibly-ebenezer_1794_3,1702,0.84016,non_junk,non_divine_teleology,0.00526,0.90037,0.09437
ia_bim_eighteenth-century_magazine-of-natural-hist_sibly-ebenezer_1794_3,1705,0.04865,junk,,,,
ia_bim_eighteenth-century_magazine-of-natural-hist_sibly-ebenezer_1794_3,1706,0.0144,junk,,,,
ia_bim_eighteenth-century_magazine-of-natural-hist_sibly-ebenezer_1794_3,1707,0.00406,junk,,,,
ia_bim_eighteenth-century_magazine-of-natural-hist_sibly-ebenezer_1794_3,1708,0.99332,non_junk,non_divine_teleology,0.00776,0.96742,0.02482
ia_bim_eighteenth-century_magazine-of-natural-hist_sibly-ebenezer_1794_3,1709,0.04592,junk,,,,
ia_bim_eighteenth-century_magazine-of-natural-hist_sibly-ebenezer_1794_3,1712,0.00062,junk,,,,
ia_bim_eighteenth-century_magazine-of-natural-hist_sibly-ebenezer_1794_3,1714,0.00031,junk,,,,
ia_bim_eighteenth-century_magazine-of-natural-hist_sibly-ebenezer_1794_3,1715,0.02467,junk,,,,
ia_bim_eighteenth-century_magazine-of-natural-hist_sibly-ebenezer_1794_3,1718,0.37427,junk,,,,
ia_bim_eighteenth-century_magazine-of-natural-hist_sibly-ebenezer_1794_3,1719,0.00368,junk,,,,
ia_bim_eighteenth-century_magazine-of-natural-hist_sibly-ebenezer_1794_3,1721,0.01506,junk,,,,
ia_bim_eighteenth-century_magazine-of-natural-hist_sibly-ebenezer_1794_3,1725,0.26974,junk,,,,
ia_bim_eighteenth-century_magazine-of-natural-hist_sibly-ebenezer_1794_3,1726,0.04365,junk,,,,
ia_bim_eighteenth-century_magazine-of-natural-hist_sibly-ebenezer_1794_3,1727,0.01285,junk,,,,
ia_bim_eighteenth-century_magazine-of-natural-hist_sibly-ebenezer_1794_3,1728,0.56962,non_junk,non_divine_teleology,0.00324,0.88864,0.10812
ia_bim_eighteenth-century_magazine-of-natural-hist_sibly-ebenezer_1794_3,1730,0.00849,junk,,,,
ia_bim_eighteenth-century_magazine-of-natural-hist_sibly-ebenezer_1794_3,1731,0.70044,non_junk,non_divine_teleology,0.02164,0.89561,0.08274
ia_bim_eighteenth-century_magazine-of-natural-hist_sibly-ebenezer_1794_3,1732,0.0006,junk,,,,
ia_bim_eighteenth-century_magazine-of-natural-hist_sibly-ebenezer_1794_3,1733,0.07375,junk,,,,
ia_bim_eighteenth-century_magazine-of-natural-hist_sibly-ebenezer_1794_3,1734,0.02096,junk,,,,
ia_bim_eighteenth-century_magazine-of-natural-hist_sibly-ebenezer_1794_3,1736,0.01039,junk,,,,
ia_bim_eighteenth-century_magazine-of-natural-hist_sibly-ebenezer_1794_3,1738,0.82696,non_junk,internal_essence,0.00055,0.02027,0.97917
ia_bim_eighteenth-century_magazine-of-natural-hist_sibly-ebenezer_1794_3,1741,0.01837,junk,,,,
ia_bim_eighteenth-century_magazine-of-natural-hist_sibly-ebenezer_1794_3,1742,0.0158,junk,,,,
ia_bim_eighteenth-century_magazine-of-natural-hist_sibly-ebenezer_1794_3,1743,0.05531,junk,,,,
ia_bim_eighteenth-century_magazine-of-natural-hist_sibly-ebenezer_1794_3,1745,0.08028,junk,,,,
ia_bim_eighteenth-century_magazine-of-natural-hist_sibly-ebenezer_1794_3,1753,0.04211,junk,,,,
ia_bim_eighteenth-century_magazine-of-natural-hist_sibly-ebenezer_1794_3,1754,0.02853,junk,,,,
ia_bim_eighteenth-century_magazine-of-natural-hist_sibly-ebenezer_1794_3,1755,0.06183,junk,,,,
ia_bim_eighteenth-century_magazine-of-natural-hist_sibly-ebenezer_1794_3,1757,0.00544,junk,,,,
ia_bim_eighteenth-century_magazine-of-natural-hist_sibly-ebenezer_1794_3,1761,0.00544,junk,,,,
ia_bim_eighteenth-century_magazine-of-natural-hist_sibly-ebenezer_1794_3,1764,0.00717,junk,,,,
ia_bim_eighteenth-century_magazine-of-natural-hist_sibly-ebenezer_1794_3,1768,0.1885,junk,,,,
ia_bim_eighteenth-century_magazine-of-natural-hist_sibly-ebenezer_1794_3,1771,0.44966,junk,,,,
ia_bim_eighteenth-century_magazine-of-natural-hist_sibly-ebenezer_1794_3,1772,0.7178,non_junk,non_divine_teleology,0.00178,0.90846,0.08976
ia_bim_eighteenth-century_magazine-of-natural-hist_sibly-ebenezer_1794_3,1774,0.03843,junk,,,,
ia_bim_eighteenth-century_magazine-of-natural-hist_sibly-ebenezer_1794_3,1775,0.05811,junk,,,,
ia_bim_eighteenth-century_magazine-of-natural-hist_sibly-ebenezer_1794_3,1779,0.00086,junk,,,,
ia_bim_eighteenth-century_magazine-of-natural-hist_sibly-ebenezer_1794_3,1780,0.00216,junk,,,,
ia_bim_eighteenth-century_magazine-of-natural-hist_sibly-ebenezer_1794_3,1781,0.6296,non_junk,non_divine_teleology,0.00555,0.85048,0.14397
ia_bim_eighteenth-century_magazine-of-natural-hist_sibly-ebenezer_1794_3,1782,0.01619,junk,,,,
ia_bim_eighteenth-century_magazine-of-natural-hist_sibly-ebenezer_1794_3,1783,0.01721,junk,,,,
ia_bim_eighteenth-century_magazine-of-natural-hist_sibly-ebenezer_1794_3,1785,0.06443,junk,,,,
ia_bim_eighteenth-century_magazine-of-natural-hist_sibly-ebenezer_1794_3,1786,4e-05,junk,,,,
ia_bim_eighteenth-century_magazine-of-natural-hist_sibly-ebenezer_1794_3,1787,0.00271,junk,,,,
ia_bim_eighteenth-century_magazine-of-natural-hist_sibly-ebenezer_1794_3,1788,0.02804,junk,,,,
ia_bim_eighteenth-century_magazine-of-natural-hist_sibly-ebenezer_1794_3,1789,0.02877,junk,,,,
ia_bim_eighteenth-century_magazine-of-natural-hist_sibly-ebenezer_1794_3,1792,0.0478,junk,,,,
ia_bim_eighteenth-century_magazine-of-natural-hist_sibly-ebenezer_1794_3,1794,0.71011,non_junk,internal_essence,0.00319,0.13684,0.85997
ia_bim_eighteenth-century_magazine-of-natural-hist_sibly-ebenezer_1794_3,1795,0.60721,non_junk,internal_essence,0.00068,0.02794,0.97138
ia_bim_eighteenth-century_magazine-of-natural-hist_sibly-ebenezer_1794_3,1797,0.00128,junk,,,,
ia_bim_eighteenth-century_magazine-of-natural-hist_sibly-ebenezer_1794_3,1799,0.755,non_junk,non_divine_teleology,0.00534,0.95043,0.04422
ia_bim_eighteenth-century_magazine-of-natural-hist_sibly-ebenezer_1794_3,1800,0.00128,junk,,,,
ia_bim_eighteenth-century_magazine-of-natural-hist_sibly-ebenezer_1794_3,1801,0.00531,junk,,,,
ia_bim_eighteenth-century_magazine-of-natural-hist_sibly-ebenezer_1794_3,1802,0.00014,junk,,,,
ia_bim_eighteenth-century_magazine-of-natural-hist_sibly-ebenezer_1794_3,1803,0.03675,junk,,,,
ia_bim_eighteenth-century_magazine-of-natural-hist_sibly-ebenezer_1794_3,1807,0.26764,junk,,,,
ia_bim_eighteenth-century_magazine-of-natural-hist_sibly-ebenezer_1794_3,1808,0.00101,junk,,,,
ia_bim_eighteenth-century_magazine-of-natural-hist_sibly-ebenezer_1794_3,1810,0.02539,junk,,,,
ia_bim_eighteenth-century_magazine-of-natural-hist_sibly-ebenezer_1794_3,1813,0.01041,junk,,,,
ia_bim_eighteenth-century_magazine-of-natural-hist_sibly-ebenezer_1794_3,1814,0.00616,junk,,,,
ia_bim_eighteenth-century_magazine-of-natural-hist_sibly-ebenezer_1794_3,1816,0.00017,junk,,,,
ia_bim_eighteenth-century_magazine-of-natural-hist_sibly-ebenezer_1794_3,1819,0.89076,non_junk,non_divine_teleology,0.0032,0.9833,0.0135
ia_bim_eighteenth-century_magazine-of-natural-hist_sibly-ebenezer_1794_3,1822,0.66688,non_junk,non_divine_teleology,0.00386,0.94416,0.05199
ia_bim_eighteenth-century_magazine-of-natural-hist_sibly-ebenezer_1794_3,1823,0.06506,junk,,,,
ia_bim_eighteenth-century_magazine-of-natural-hist_sibly-ebenezer_1794_3,1824,0.13582,junk,,,,
ia_bim_eighteenth-century_magazine-of-natural-hist_sibly-ebenezer_1794_3,1825,0.15514,junk,,,,
ia_bim_eighteenth-century_magazine-of-natural-hist_sibly-ebenezer_1794_3,1827,0.55872,non_junk,internal_essence,0.00185,0.2664,0.73176
ia_bim_eighteenth-century_magazine-of-natural-hist_sibly-ebenezer_1794_3,1829,0.06856,junk,,,,
ia_bim_eighteenth-century_magazine-of-natural-hist_sibly-ebenezer_1794_3,1830,0.61798,non_junk,internal_essence,0.00082,0.05133,0.94784
ia_bim_eighteenth-century_magazine-of-natural-hist_sibly-ebenezer_1794_3,1832,0.01131,junk,,,,
ia_bim_eighteenth-century_magazine-of-natural-hist_sibly-ebenezer_1794_3,1834,0.00187,junk,,,,
ia_bim_eighteenth-century_magazine-of-natural-hist_sibly-ebenezer_1794_3,1835,0.01302,junk,,,,
ia_bim_eighteenth-century_magazine-of-natural-hist_sibly-ebenezer_1794_3,1837,0.00325,junk,,,,
ia_bim_eighteenth-century_magazine-of-natural-hist_sibly-ebenezer_1794_3,1838,0.00124,junk,,,,
ia_bim_eighteenth-century_magazine-of-natural-hist_sibly-ebenezer_1794_3,1839,0.00029,junk,,,,
ia_bim_eighteenth-century_magazine-of-natural-hist_sibly-ebenezer_1794_3,1840,0.99801,non_junk,non_divine_teleology,0.00581,0.98048,0.01371
ia_bim_eighteenth-century_magazine-of-natural-hist_sibly-ebenezer_1794_3,1844,0.01833,junk,,,,
ia_bim_eighteenth-century_magazine-of-natural-hist_sibly-ebenezer_1794_3,1845,0.04079,junk,,,,
ia_bim_eighteenth-century_magazine-of-natural-hist_sibly-ebenezer_1794_3,1847,0.99948,non_junk,non_divine_teleology,0.03342,0.84164,0.12495
ia_bim_eighteenth-century_magazine-of-natural-hist_sibly-ebenezer_1794_3,1848,0.33934,junk,,,,
ia_bim_eighteenth-century_magazine-of-natural-hist_sibly-ebenezer_1794_3,1850,0.00551,junk,,,,
ia_bim_eighteenth-century_magazine-of-natural-hist_sibly-ebenezer_1794_3,1852,0.08428,junk,,,,
ia_bim_eighteenth-century_magazine-of-natural-hist_sibly-ebenezer_1794_3,1855,0.05122,junk,,,,
ia_bim_eighteenth-century_magazine-of-natural-hist_sibly-ebenezer_1794_3,1856,0.99242,non_junk,internal_essence,0.01351,0.35823,0.62826
ia_bim_eighteenth-century_magazine-of-natural-hist_sibly-ebenezer_1794_3,1857,0.00911,junk,,,,
ia_bim_eighteenth-century_magazine-of-natural-hist_sibly-ebenezer_1794_3,1859,0.19959,junk,,,,
ia_bim_eighteenth-century_magazine-of-natural-hist_sibly-ebenezer_1794_3,1863,0.10164,junk,,,,
ia_bim_eighteenth-century_magazine-of-natural-hist_sibly-ebenezer_1794_3,1865,0.00201,junk,,,,
ia_bim_eighteenth-century_magazine-of-natural-hist_sibly-ebenezer_1794_3,1866,0.87121,non_junk,internal_essence,0.00584,0.1301,0.86406
ia_bim_eighteenth-century_magazine-of-natural-hist_sibly-ebenezer_1794_3,1868,0.11725,junk,,,,
ia_bim_eighteenth-century_magazine-of-natural-hist_sibly-ebenezer_1794_3,1870,0.97807,non_junk,internal_essence,0.00204,0.05365,0.94431
ia_bim_eighteenth-century_magazine-of-natural-hist_sibly-ebenezer_1794_3,1871,0.08454,junk,,,,
ia_bim_eighteenth-century_magazine-of-natural-hist_sibly-ebenezer_1794_3,1872,0.02582,junk,,,,
ia_bim_eighteenth-century_magazine-of-natural-hist_sibly-ebenezer_1794_3,1873,0.42185,junk,,,,
ia_bim_eighteenth-century_magazine-of-natural-hist_sibly-ebenezer_1794_3,1874,0.38961,junk,,,,
ia_bim_eighteenth-century_magazine-of-natural-hist_sibly-ebenezer_1794_3,1875,0.13569,junk,,,,
ia_bim_eighteenth-century_magazine-of-natural-hist_sibly-ebenezer_1794_3,1877,0.00336,junk,,,,
ia_bim_eighteenth-century_magazine-of-natural-hist_sibly-ebenezer_1794_3,1879,0.01064,junk,,,,
ia_bim_eighteenth-century_magazine-of-natural-hist_sibly-ebenezer_1794_3,1880,0.00028,junk,,,,
ia_bim_eighteenth-century_magazine-of-natural-hist_sibly-ebenezer_1794_3,1882,0.00137,junk,,,,
ia_bim_eighteenth-century_magazine-of-natural-hist_sibly-ebenezer_1794_3,1885,0.00618,junk,,,,
ia_bim_eighteenth-century_magazine-of-natural-hist_sibly-ebenezer_1794_3,1886,0.00579,junk,,,,
ia_bim_eighteenth-century_magazine-of-natural-hist_sibly-ebenezer_1794_3,1889,0.05588,junk,,,,
ia_bim_eighteenth-century_magazine-of-natural-hist_sibly-ebenezer_1794_3,1890,0.00534,junk,,,,
ia_bim_eighteenth-century_magazine-of-natural-hist_sibly-ebenezer_1794_3,1891,0.10511,junk,,,,
ia_bim_eighteenth-century_magazine-of-natural-hist_sibly-ebenezer_1794_3,1892,0.00558,junk,,,,
ia_bim_eighteenth-century_magazine-of-natural-hist_sibly-ebenezer_1794_3,1893,0.90227,non_junk,non_divine_teleology,0.0036,0.9831,0.01329
ia_bim_eighteenth-century_magazine-of-natural-hist_sibly-ebenezer_1794_3,1894,0.8297,non_junk,non_divine_teleology,0.00289,0.93526,0.06186
ia_bim_eighteenth-century_magazine-of-natural-hist_sibly-ebenezer_1794_3,1895,0.25914,junk,,,,
ia_bim_eighteenth-century_magazine-of-natural-hist_sibly-ebenezer_1794_3,1896,0.01723,junk,,,,
ia_bim_eighteenth-century_magazine-of-natural-hist_sibly-ebenezer_1794_3,1897,0.01242,junk,,,,
ia_bim_eighteenth-century_magazine-of-natural-hist_sibly-ebenezer_1794_3,1900,0.0067,junk,,,,
ia_bim_eighteenth-century_magazine-of-natural-hist_sibly-ebenezer_1794_3,1902,0.13557,junk,,,,
ia_bim_eighteenth-century_magazine-of-natural-hist_sibly-ebenezer_1794_3,1903,0.00091,junk,,,,
ia_bim_eighteenth-century_magazine-of-natural-hist_sibly-ebenezer_1794_3,1906,0.0191,junk,,,,
ia_bim_eighteenth-century_magazine-of-natural-hist_sibly-ebenezer_1794_3,1907,0.20993,junk,,,,
ia_bim_eighteenth-century_magazine-of-natural-hist_sibly-ebenezer_1794_3,1908,0.01172,junk,,,,
ia_bim_eighteenth-century_magazine-of-natural-hist_sibly-ebenezer_1794_3,1909,0.00194,junk,,,,
ia_bim_eighteenth-century_magazine-of-natural-hist_sibly-ebenezer_1794_3,1910,0.59115,non_junk,internal_essence,0.00103,0.04469,0.95429
ia_bim_eighteenth-century_magazine-of-natural-hist_sibly-ebenezer_1794_3,1911,0.08277,junk,,,,
ia_bim_eighteenth-century_magazine-of-natural-hist_sibly-ebenezer_1794_3,1912,0.03874,junk,,,,
ia_bim_eighteenth-century_magazine-of-natural-hist_sibly-ebenezer_1794_3,1913,0.05451,junk,,,,
ia_bim_eighteenth-century_magazine-of-natural-hist_sibly-ebenezer_1794_3,1914,0.01078,junk,,,,
ia_bim_eighteenth-century_magazine-of-natural-hist_sibly-ebenezer_1794_3,1916,0.03843,junk,,,,
ia_bim_eighteenth-century_magazine-of-natural-hist_sibly-ebenezer_1794_3,1917,0.00428,junk,,,,
ia_bim_eighteenth-century_magazine-of-natural-hist_sibly-ebenezer_1794_3,1919,0.00428,junk,,,,
ia_bim_eighteenth-century_magazine-of-natural-hist_sibly-ebenezer_1794_3,1921,0.24465,junk,,,,
ia_bim_eighteenth-century_magazine-of-natural-hist_sibly-ebenezer_1794_3,1922,0.00127,junk,,,,
ia_bim_eighteenth-century_magazine-of-natural-hist_sibly-ebenezer_1794_3,1924,0.00085,junk,,,,
ia_bim_eighteenth-century_magazine-of-natural-hist_sibly-ebenezer_1794_3,1927,0.17472,junk,,,,
ia_bim_eighteenth-century_magazine-of-natural-hist_sibly-ebenezer_1794_3,1933,0.04785,junk,,,,
ia_bim_eighteenth-century_magazine-of-natural-hist_sibly-ebenezer_1794_3,1934,0.00814,junk,,,,
ia_bim_eighteenth-century_magazine-of-natural-hist_sibly-ebenezer_1794_3,1937,0.00228,junk,,,,
ia_bim_eighteenth-century_magazine-of-natural-hist_sibly-ebenezer_1794_3,1939,0.0046,junk,,,,
ia_bim_eighteenth-century_magazine-of-natural-hist_sibly-ebenezer_1794_3,1941,0.45606,junk,,,,
ia_bim_eighteenth-century_magazine-of-natural-hist_sibly-ebenezer_1794_3,1942,0.14927,junk,,,,
ia_bim_eighteenth-century_magazine-of-natural-hist_sibly-ebenezer_1794_3,1943,0.00349,junk,,,,
ia_bim_eighteenth-century_magazine-of-natural-hist_sibly-ebenezer_1794_3,1945,0.01911,junk,,,,
ia_bim_eighteenth-century_magazine-of-natural-hist_sibly-ebenezer_1794_3,1947,0.00314,junk,,,,
ia_bim_eighteenth-century_magazine-of-natural-hist_sibly-ebenezer_1794_3,1949,0.18386,junk,,,,
ia_bim_eighteenth-century_magazine-of-natural-hist_sibly-ebenezer_1794_3,1951,0.0039,junk,,,,
ia_bim_eighteenth-century_magazine-of-natural-hist_sibly-ebenezer_1794_3,1952,0.57687,non_junk,non_divine_teleology,0.01092,0.92094,0.06815
ia_bim_eighteenth-century_magazine-of-natural-hist_sibly-ebenezer_1794_3,1956,0.05106,junk,,,,
ia_bim_eighteenth-century_magazine-of-natural-hist_sibly-ebenezer_1794_3,1957,0.00267,junk,,,,
ia_bim_eighteenth-century_magazine-of-natural-hist_sibly-ebenezer_1794_3,1960,0.20165,junk,,,,
ia_bim_eighteenth-century_magazine-of-natural-hist_sibly-ebenezer_1794_3,1961,0.02984,junk,,,,
ia_bim_eighteenth-century_magazine-of-natural-hist_sibly-ebenezer_1794_3,1962,0.12309,junk,,,,
ia_bim_eighteenth-century_magazine-of-natural-hist_sibly-ebenezer_1794_3,1964,0.13729,junk,,,,
ia_bim_eighteenth-century_magazine-of-natural-hist_sibly-ebenezer_1794_3,1965,0.24033,junk,,,,
ia_bim_eighteenth-century_magazine-of-natural-hist_sibly-ebenezer_1794_3,1969,0.9787,non_junk,non_divine_teleology,0.0057,0.97505,0.01924
ia_bim_eighteenth-century_magazine-of-natural-hist_sibly-ebenezer_1794_3,1970,0.06611,junk,,,,
ia_bim_eighteenth-century_magazine-of-natural-hist_sibly-ebenezer_1794_3,1971,0.88815,non_junk,non_divine_teleology,0.00398,0.92323,0.07279
ia_bim_eighteenth-century_magazine-of-natural-hist_sibly-ebenezer_1794_3,1972,0.01532,junk,,,,
ia_bim_eighteenth-century_magazine-of-natural-hist_sibly-ebenezer_1794_3,1976,0.01413,junk,,,,
ia_bim_eighteenth-century_magazine-of-natural-hist_sibly-ebenezer_1794_3,1977,0.00015,junk,,,,
ia_bim_eighteenth-century_magazine-of-natural-hist_sibly-ebenezer_1794_3,1979,0.00486,junk,,,,
ia_bim_eighteenth-century_magazine-of-natural-hist_sibly-ebenezer_1794_3,1980,0.00243,junk,,,,
ia_bim_eighteenth-century_magazine-of-natural-hist_sibly-ebenezer_1794_3,1981,0.00542,junk,,,,
ia_bim_eighteenth-century_magazine-of-natural-hist_sibly-ebenezer_1794_3,1982,0.88838,non_junk,non_divine_teleology,0.05459,0.9026,0.04281
ia_bim_eighteenth-century_magazine-of-natural-hist_sibly-ebenezer_1794_3,1983,0.44577,junk,,,,
ia_bim_eighteenth-century_magazine-of-natural-hist_sibly-ebenezer_1794_3,1984,0.06722,junk,,,,
ia_bim_eighteenth-century_magazine-of-natural-hist_sibly-ebenezer_1794_3,1985,0.04117,junk,,,,
ia_bim_eighteenth-century_magazine-of-natural-hist_sibly-ebenezer_1794_3,1987,0.12796,junk,,,,
ia_bim_eighteenth-century_magazine-of-natural-hist_sibly-ebenezer_1794_3,1988,0.99607,non_junk,non_divine_teleology,0.01368,0.53375,0.45257
ia_bim_eighteenth-century_magazine-of-natural-hist_sibly-ebenezer_1794_3,1989,0.00107,junk,,,,
ia_bim_eighteenth-century_magazine-of-natural-hist_sibly-ebenezer_1794_3,1990,0.13599,junk,,,,
ia_bim_eighteenth-century_magazine-of-natural-hist_sibly-ebenezer_1794_3,1991,0.00086,junk,,,,
ia_bim_eighteenth-century_magazine-of-natural-hist_sibly-ebenezer_1794_3,1992,0.9254,non_junk,non_divine_teleology,0.00163,0.96325,0.03511
ia_bim_eighteenth-century_magazine-of-natural-hist_sibly-ebenezer_1794_3,1993,7e-05,junk,,,,
ia_bim_eighteenth-century_magazine-of-natural-hist_sibly-ebenezer_1794_3,1995,0.00061,junk,,,,
ia_bim_eighteenth-century_magazine-of-natural-hist_sibly-ebenezer_1794_3,1996,0.19507,junk,,,,
ia_bim_eighteenth-century_magazine-of-natural-hist_sibly-ebenezer_1794_3,1997,0.00014,junk,,,,
ia_bim_eighteenth-century_magazine-of-natural-hist_sibly-ebenezer_1794_3,2001,0.37565,junk,,,,
ia_bim_eighteenth-century_magazine-of-natural-hist_sibly-ebenezer_1794_3,2002,0.35929,junk,,,,
ia_bim_eighteenth-century_magazine-of-natural-hist_sibly-ebenezer_1794_3,2003,0.02948,junk,,,,
ia_bim_eighteenth-century_magazine-of-natural-hist_sibly-ebenezer_1794_3,2004,0.30873,junk,,,,
ia_bim_eighteenth-century_magazine-of-natural-hist_sibly-ebenezer_1794_3,2006,0.02055,junk,,,,
ia_bim_eighteenth-century_magazine-of-natural-hist_sibly-ebenezer_1794_3,2008,0.0002,junk,,,,
ia_bim_eighteenth-century_magazine-of-natural-hist_sibly-ebenezer_1794_3,2010,0.64405,non_junk,non_divine_teleology,0.01033,0.88198,0.10769
ia_bim_eighteenth-century_magazine-of-natural-hist_sibly-ebenezer_1794_3,2012,0.57848,non_junk,non_divine_teleology,0.00972,0.93533,0.05495
ia_bim_eighteenth-century_magazine-of-natural-hist_sibly-ebenezer_1794_3,2013,0.70579,non_junk,non_divine_teleology,0.0023,0.99116,0.00654
ia_bim_eighteenth-century_magazine-of-natural-hist_sibly-ebenezer_1794_3,2016,0.84647,non_junk,non_divine_teleology,0.00407,0.98934,0.00659
ia_bim_eighteenth-century_magazine-of-natural-hist_sibly-ebenezer_1794_3,2017,0.61901,non_junk,non_divine_teleology,0.01863,0.92655,0.05482
ia_bim_eighteenth-century_magazine-of-natural-hist_sibly-ebenezer_1794_3,2020,0.74822,non_junk,non_divine_teleology,0.05485,0.85686,0.08829
ia_bim_eighteenth-century_magazine-of-natural-hist_sibly-ebenezer_1794_3,2021,0.02832,junk,,,,
ia_bim_eighteenth-century_magazine-of-natural-hist_sibly-ebenezer_1794_3,2022,0.0931,junk,,,,
ia_bim_eighteenth-century_magazine-of-natural-hist_sibly-ebenezer_1794_3,2024,0.00838,junk,,,,
ia_bim_eighteenth-century_magazine-of-natural-hist_sibly-ebenezer_1794_3,2027,0.17607,junk,,,,
ia_bim_eighteenth-century_magazine-of-natural-hist_sibly-ebenezer_1794_3,2028,0.00032,junk,,,,
ia_bim_eighteenth-century_magazine-of-natural-hist_sibly-ebenezer_1794_3,2029,0.0071,junk,,,,
ia_bim_eighteenth-century_magazine-of-natural-hist_sibly-ebenezer_1794_3,2030,0.00183,junk,,,,
ia_bim_eighteenth-century_magazine-of-natural-hist_sibly-ebenezer_1794_3,2031,0.03085,junk,,,,
ia_bim_eighteenth-century_magazine-of-natural-hist_sibly-ebenezer_1794_3,2035,0.00265,junk,,,,
ia_bim_eighteenth-century_magazine-of-natural-hist_sibly-ebenezer_1794_3,2036,0.00075,junk,,,,
ia_bim_eighteenth-century_magazine-of-natural-hist_sibly-ebenezer_1794_3,2038,0.00878,junk,,,,
ia_bim_eighteenth-century_magazine-of-natural-hist_sibly-ebenezer_1794_3,2041,0.00773,junk,,,,
ia_bim_eighteenth-century_magazine-of-natural-hist_sibly-ebenezer_1794_3,2043,0.03841,junk,,,,
ia_bim_eighteenth-century_magazine-of-natural-hist_sibly-ebenezer_1794_3,2046,0.00037,junk,,,,
ia_bim_eighteenth-century_magazine-of-natural-hist_sibly-ebenezer_1794_3,2047,0.00261,junk,,,,
ia_bim_eighteenth-century_magazine-of-natural-hist_sibly-ebenezer_1794_3,2048,0.00035,junk,,,,
ia_bim_eighteenth-century_magazine-of-natural-hist_sibly-ebenezer_1794_3,2049,0.02715,junk,,,,
ia_bim_eighteenth-century_magazine-of-natural-hist_sibly-ebenezer_1794_3,2050,0.02566,junk,,,,
ia_bim_eighteenth-century_magazine-of-natural-hist_sibly-ebenezer_1794_3,2051,0.21797,junk,,,,
ia_bim_eighteenth-century_magazine-of-natural-hist_sibly-ebenezer_1794_3,2053,0.02706,junk,,,,
ia_bim_eighteenth-century_magazine-of-natural-hist_sibly-ebenezer_1794_3,2056,0.00063,junk,,,,
ia_bim_eighteenth-century_magazine-of-natural-hist_sibly-ebenezer_1794_3,2058,0.13241,junk,,,,
ia_bim_eighteenth-century_magazine-of-natural-hist_sibly-ebenezer_1794_3,2060,0.00084,junk,,,,
ia_bim_eighteenth-century_magazine-of-natural-hist_sibly-ebenezer_1794_3,2061,0.03845,junk,,,,
ia_bim_eighteenth-century_magazine-of-natural-hist_sibly-ebenezer_1794_3,2062,0.00974,junk,,,,
ia_bim_eighteenth-century_magazine-of-natural-hist_sibly-ebenezer_1794_3,2063,0.01134,junk,,,,
ia_bim_eighteenth-century_magazine-of-natural-hist_sibly-ebenezer_1794_3,2064,0.0211,junk,,,,
ia_bim_eighteenth-century_magazine-of-natural-hist_sibly-ebenezer_1794_3,2065,0.00061,junk,,,,
ia_bim_eighteenth-century_magazine-of-natural-hist_sibly-ebenezer_1794_3,2069,0.00173,junk,,,,
ia_bim_eighteenth-century_magazine-of-natural-hist_sibly-ebenezer_1794_3,2070,0.00019,junk,,,,
ia_bim_eighteenth-century_magazine-of-natural-hist_sibly-ebenezer_1794_3,2072,0.01782,junk,,,,
ia_bim_eighteenth-century_magazine-of-natural-hist_sibly-ebenezer_1794_3,2073,0.00653,junk,,,,
ia_bim_eighteenth-century_magazine-of-natural-hist_sibly-ebenezer_1794_3,2075,0.12161,junk,,,,
ia_bim_eighteenth-century_magazine-of-natural-hist_sibly-ebenezer_1794_3,2076,0.00047,junk,,,,
ia_bim_eighteenth-century_magazine-of-natural-hist_sibly-ebenezer_1794_3,2078,0.00963,junk,,,,
ia_bim_eighteenth-century_magazine-of-natural-hist_sibly-ebenezer_1794_3,2079,0.00489,junk,,,,
ia_bim_eighteenth-century_magazine-of-natural-hist_sibly-ebenezer_1794_3,2080,0.01103,junk,,,,
ia_bim_eighteenth-century_magazine-of-natural-hist_sibly-ebenezer_1794_3,2081,0.00706,junk,,,,
ia_bim_eighteenth-century_magazine-of-natural-hist_sibly-ebenezer_1794_3,2082,0.00963,junk,,,,
ia_bim_eighteenth-century_magazine-of-natural-hist_sibly-ebenezer_1794_3,2083,0.00489,junk,,,,
ia_bim_eighteenth-century_magazine-of-natural-hist_sibly-ebenezer_1794_3,2084,0.01103,junk,,,,
ia_bim_eighteenth-century_magazine-of-natural-hist_sibly-ebenezer_1794_3,2085,0.00706,junk,,,,
