uid,sent_id,gate_prob_nonjunk,gate_pred,s2_pred,s2_p_divine_teleology,s2_p_non_divine_teleology,s2_p_internal_essence
ia_bim_eighteenth-century_arctic-zoology-arctic_pennant-thomas_1784_1,1,0.00091,junk,,,,
ia_bim_eighteenth-century_arctic-zoology-arctic_pennant-thomas_1784_1,2,0.00102,junk,,,,
ia_bim_eighteenth-century_arctic-zoology-arctic_pennant-thomas_1784_1,3,0.00542,junk,,,,
ia_bim_eighteenth-century_arctic-zoology-arctic_pennant-thomas_1784_1,4,0.67874,non_junk,non_divine_teleology,0.07416,0.91673,0.00912
ia_bim_eighteenth-century_arctic-zoology-arctic_pennant-thomas_1784_1,5,0.00064,junk,,,,
ia_bim_eighteenth-century_arctic-zoology-arctic_pennant-thomas_1784_1,6,0.00029,junk,,,,
ia_bim_eighteenth-century_arctic-zoology-arctic_pennant-thomas_1784_1,7,0.00156,junk,,,,
ia_bim_eighteenth-century_arctic-zoology-arctic_pennant-thomas_1784_1,8,3e-05,junk,,,,
ia_bim_eighteenth-century_arctic-zoology-arctic_pennant-thomas_1784_1,9,6e-05,junk,,,,
ia_bim_eighteenth-century_arctic-zoology-arctic_pennant-thomas_1784_1,10,0.00026,junk,,,,
ia_bim_eighteenth-century_arctic-zoology-arctic_pennant-thomas_1784_1,11,8e-05,junk,,,,
ia_bim_eighteenth-century_arctic-zoology-arctic_pennant-thomas_1784_1,12,0.00015,junk,,,,
ia_bim_eighteenth-century_arctic-zoology-arctic_pennant-thomas_1784_1,13,0.00168,junk,,,,
ia_bim_eighteenth-century_arctic-zoology-arctic_pennant-thomas_1784_1,14,0.01475,junk,,,,
ia_bim_eighteenth-century_arctic-zoology-arctic_pennant-thomas_1784_1,15,0.00262,junk,,,,
ia_bim_eighteenth-century_arctic-zoology-arctic_pennant-thomas_1784_1,16,0.00117,junk,,,,
ia_bim_eighteenth-century_arctic-zoology-arctic_pennant-thomas_1784_1,17,0.00227,junk,,,,
ia_bim_eighteenth-century_arctic-zoology-arctic_pennant-thomas_1784_1,18,0.00457,junk,,,,
ia_bim_eighteenth-century_arctic-zoology-arctic_pennant-thomas_1784_1,19,0.00366,junk,,,,
ia_bim_eighteenth-century_arctic-zoology-arctic_pennant-thomas_1784_1,20,0.24415,junk,,,,
ia_bim_eighteenth-century_arctic-zoology-arctic_pennant-thomas_1784_1,21,0.00193,junk,,,,
ia_bim_eighteenth-century_arctic-zoology-arctic_pennant-thomas_1784_1,22,0.00022,junk,,,,
ia_bim_eighteenth-century_arctic-zoology-arctic_pennant-thomas_1784_1,23,0.00017,junk,,,,
ia_bim_eighteenth-century_arctic-zoology-arctic_pennant-thomas_1784_1,24,0.00017,junk,,,,
ia_bim_eighteenth-century_arctic-zoology-arctic_pennant-thomas_1784_1,25,0.61653,non_junk,non_divine_teleology,0.04675,0.69926,0.25398
ia_bim_eighteenth-century_arctic-zoology-arctic_pennant-thomas_1784_1,26,0.00058,junk,,,,
ia_bim_eighteenth-century_arctic-zoology-arctic_pennant-thomas_1784_1,27,0.01775,junk,,,,
ia_bim_eighteenth-century_arctic-zoology-arctic_pennant-thomas_1784_1,28,0.00148,junk,,,,
ia_bim_eighteenth-century_arctic-zoology-arctic_pennant-thomas_1784_1,29,0.12434,junk,,,,
ia_bim_eighteenth-century_arctic-zoology-arctic_pennant-thomas_1784_1,30,0.14596,junk,,,,
ia_bim_eighteenth-century_arctic-zoology-arctic_pennant-thomas_1784_1,31,0.00047,junk,,,,
ia_bim_eighteenth-century_arctic-zoology-arctic_pennant-thomas_1784_1,32,0.12112,junk,,,,
ia_bim_eighteenth-century_arctic-zoology-arctic_pennant-thomas_1784_1,33,0.00182,junk,,,,
ia_bim_eighteenth-century_arctic-zoology-arctic_pennant-thomas_1784_1,34,0.02227,junk,,,,
ia_bim_eighteenth-century_arctic-zoology-arctic_pennant-thomas_1784_1,35,0.00741,junk,,,,
ia_bim_eighteenth-century_arctic-zoology-arctic_pennant-thomas_1784_1,36,0.03705,junk,,,,
ia_bim_eighteenth-century_arctic-zoology-arctic_pennant-thomas_1784_1,37,0.00098,junk,,,,
ia_bim_eighteenth-century_arctic-zoology-arctic_pennant-thomas_1784_1,38,0.15394,junk,,,,
ia_bim_eighteenth-century_arctic-zoology-arctic_pennant-thomas_1784_1,39,0.00117,junk,,,,
ia_bim_eighteenth-century_arctic-zoology-arctic_pennant-thomas_1784_1,40,0.01153,junk,,,,
ia_bim_eighteenth-century_arctic-zoology-arctic_pennant-thomas_1784_1,41,0.89829,non_junk,non_divine_teleology,0.01162,0.98009,0.00829
ia_bim_eighteenth-century_arctic-zoology-arctic_pennant-thomas_1784_1,42,0.0121,junk,,,,
ia_bim_eighteenth-century_arctic-zoology-arctic_pennant-thomas_1784_1,43,0.04879,junk,,,,
ia_bim_eighteenth-century_arctic-zoology-arctic_pennant-thomas_1784_1,44,0.96595,non_junk,non_divine_teleology,0.01842,0.96976,0.01181
ia_bim_eighteenth-century_arctic-zoology-arctic_pennant-thomas_1784_1,46,0.1836,junk,,,,
ia_bim_eighteenth-century_arctic-zoology-arctic_pennant-thomas_1784_1,47,0.0121,junk,,,,
ia_bim_eighteenth-century_arctic-zoology-arctic_pennant-thomas_1784_1,48,0.04879,junk,,,,
ia_bim_eighteenth-century_arctic-zoology-arctic_pennant-thomas_1784_1,49,0.96595,non_junk,non_divine_teleology,0.01842,0.96976,0.01181
ia_bim_eighteenth-century_arctic-zoology-arctic_pennant-thomas_1784_1,50,0.00208,junk,,,,
ia_bim_eighteenth-century_arctic-zoology-arctic_pennant-thomas_1784_1,51,0.00843,junk,,,,
ia_bim_eighteenth-century_arctic-zoology-arctic_pennant-thomas_1784_1,52,0.02127,junk,,,,
ia_bim_eighteenth-century_arctic-zoology-arctic_pennant-thomas_1784_1,53,0.44872,junk,,,,
ia_bim_eighteenth-century_arctic-zoology-arctic_pennant-thomas_1784_1,54,0.00808,junk,,,,
ia_bim_eighteenth-century_arctic-zoology-arctic_pennant-thomas_1784_1,55,0.01116,junk,,,,
ia_bim_eighteenth-century_arctic-zoology-arctic_pennant-thomas_1784_1,56,0.04914,junk,,,,
ia_bim_eighteenth-century_arctic-zoology-arctic_pennant-thomas_1784_1,57,0.51339,non_junk,non_divine_teleology,0.01527,0.53546,0.44928
ia_bim_eighteenth-century_arctic-zoology-arctic_pennant-thomas_1784_1,58,0.02785,junk,,,,
ia_bim_eighteenth-century_arctic-zoology-arctic_pennant-thomas_1784_1,59,0.0006,junk,,,,
ia_bim_eighteenth-century_arctic-zoology-arctic_pennant-thomas_1784_1,60,0.0064,junk,,,,
ia_bim_eighteenth-century_arctic-zoology-arctic_pennant-thomas_1784_1,62,0.01776,junk,,,,
ia_bim_eighteenth-century_arctic-zoology-arctic_pennant-thomas_1784_1,63,0.00777,junk,,,,
ia_bim_eighteenth-century_arctic-zoology-arctic_pennant-thomas_1784_1,64,0.0052,junk,,,,
ia_bim_eighteenth-century_arctic-zoology-arctic_pennant-thomas_1784_1,65,0.0082,junk,,,,
ia_bim_eighteenth-century_arctic-zoology-arctic_pennant-thomas_1784_1,66,0.00073,junk,,,,
ia_bim_eighteenth-century_arctic-zoology-arctic_pennant-thomas_1784_1,67,0.00131,junk,,,,
ia_bim_eighteenth-century_arctic-zoology-arctic_pennant-thomas_1784_1,68,0.00312,junk,,,,
ia_bim_eighteenth-century_arctic-zoology-arctic_pennant-thomas_1784_1,69,0.01265,junk,,,,
ia_bim_eighteenth-century_arctic-zoology-arctic_pennant-thomas_1784_1,70,0.03956,junk,,,,
ia_bim_eighteenth-century_arctic-zoology-arctic_pennant-thomas_1784_1,71,0.00312,junk,,,,
ia_bim_eighteenth-century_arctic-zoology-arctic_pennant-thomas_1784_1,72,0.01265,junk,,,,
ia_bim_eighteenth-century_arctic-zoology-arctic_pennant-thomas_1784_1,73,0.03956,junk,,,,
ia_bim_eighteenth-century_arctic-zoology-arctic_pennant-thomas_1784_1,76,0.1406,junk,,,,
ia_bim_eighteenth-century_arctic-zoology-arctic_pennant-thomas_1784_1,77,0.06604,junk,,,,
ia_bim_eighteenth-century_arctic-zoology-arctic_pennant-thomas_1784_1,78,0.1312,junk,,,,
ia_bim_eighteenth-century_arctic-zoology-arctic_pennant-thomas_1784_1,79,0.8725,non_junk,non_divine_teleology,0.00516,0.95206,0.04278
ia_bim_eighteenth-century_arctic-zoology-arctic_pennant-thomas_1784_1,80,0.13412,junk,,,,
ia_bim_eighteenth-century_arctic-zoology-arctic_pennant-thomas_1784_1,81,0.00351,junk,,,,
ia_bim_eighteenth-century_arctic-zoology-arctic_pennant-thomas_1784_1,82,0.00108,junk,,,,
ia_bim_eighteenth-century_arctic-zoology-arctic_pennant-thomas_1784_1,83,0.8752,non_junk,non_divine_teleology,0.01187,0.98588,0.00225
ia_bim_eighteenth-century_arctic-zoology-arctic_pennant-thomas_1784_1,84,0.09481,junk,,,,
ia_bim_eighteenth-century_arctic-zoology-arctic_pennant-thomas_1784_1,85,4e-05,junk,,,,
ia_bim_eighteenth-century_arctic-zoology-arctic_pennant-thomas_1784_1,86,0.19547,junk,,,,
ia_bim_eighteenth-century_arctic-zoology-arctic_pennant-thomas_1784_1,87,0.37426,junk,,,,
ia_bim_eighteenth-century_arctic-zoology-arctic_pennant-thomas_1784_1,88,0.00095,junk,,,,
ia_bim_eighteenth-century_arctic-zoology-arctic_pennant-thomas_1784_1,89,0.00446,junk,,,,
ia_bim_eighteenth-century_arctic-zoology-arctic_pennant-thomas_1784_1,90,0.01491,junk,,,,
ia_bim_eighteenth-century_arctic-zoology-arctic_pennant-thomas_1784_1,91,0.00253,junk,,,,
ia_bim_eighteenth-century_arctic-zoology-arctic_pennant-thomas_1784_1,92,0.05553,junk,,,,
ia_bim_eighteenth-century_arctic-zoology-arctic_pennant-thomas_1784_1,93,0.00558,junk,,,,
ia_bim_eighteenth-century_arctic-zoology-arctic_pennant-thomas_1784_1,94,0.00558,junk,,,,
ia_bim_eighteenth-century_arctic-zoology-arctic_pennant-thomas_1784_1,95,0.0274,junk,,,,
ia_bim_eighteenth-century_arctic-zoology-arctic_pennant-thomas_1784_1,96,0.0007,junk,,,,
ia_bim_eighteenth-century_arctic-zoology-arctic_pennant-thomas_1784_1,97,0.00076,junk,,,,
ia_bim_eighteenth-century_arctic-zoology-arctic_pennant-thomas_1784_1,98,0.00071,junk,,,,
ia_bim_eighteenth-century_arctic-zoology-arctic_pennant-thomas_1784_1,99,0.01161,junk,,,,
ia_bim_eighteenth-century_arctic-zoology-arctic_pennant-thomas_1784_1,100,0.00013,junk,,,,
ia_bim_eighteenth-century_arctic-zoology-arctic_pennant-thomas_1784_1,101,0.00198,junk,,,,
ia_bim_eighteenth-century_arctic-zoology-arctic_pennant-thomas_1784_1,102,0.01518,junk,,,,
ia_bim_eighteenth-century_arctic-zoology-arctic_pennant-thomas_1784_1,103,9e-05,junk,,,,
ia_bim_eighteenth-century_arctic-zoology-arctic_pennant-thomas_1784_1,104,0.01955,junk,,,,
ia_bim_eighteenth-century_arctic-zoology-arctic_pennant-thomas_1784_1,105,0.03118,junk,,,,
ia_bim_eighteenth-century_arctic-zoology-arctic_pennant-thomas_1784_1,106,0.0087,junk,,,,
ia_bim_eighteenth-century_arctic-zoology-arctic_pennant-thomas_1784_1,107,0.00058,junk,,,,
ia_bim_eighteenth-century_arctic-zoology-arctic_pennant-thomas_1784_1,108,0.02222,junk,,,,
ia_bim_eighteenth-century_arctic-zoology-arctic_pennant-thomas_1784_1,109,0.01055,junk,,,,
ia_bim_eighteenth-century_arctic-zoology-arctic_pennant-thomas_1784_1,110,0.15725,junk,,,,
ia_bim_eighteenth-century_arctic-zoology-arctic_pennant-thomas_1784_1,111,0.00026,junk,,,,
ia_bim_eighteenth-century_arctic-zoology-arctic_pennant-thomas_1784_1,112,0.02397,junk,,,,
ia_bim_eighteenth-century_arctic-zoology-arctic_pennant-thomas_1784_1,113,0.89133,non_junk,non_divine_teleology,0.0062,0.66474,0.32906
ia_bim_eighteenth-century_arctic-zoology-arctic_pennant-thomas_1784_1,114,0.09568,junk,,,,
ia_bim_eighteenth-century_arctic-zoology-arctic_pennant-thomas_1784_1,115,0.04657,junk,,,,
ia_bim_eighteenth-century_arctic-zoology-arctic_pennant-thomas_1784_1,116,0.00109,junk,,,,
ia_bim_eighteenth-century_arctic-zoology-arctic_pennant-thomas_1784_1,117,0.0871,junk,,,,
ia_bim_eighteenth-century_arctic-zoology-arctic_pennant-thomas_1784_1,118,0.02439,junk,,,,
ia_bim_eighteenth-century_arctic-zoology-arctic_pennant-thomas_1784_1,119,0.00037,junk,,,,
ia_bim_eighteenth-century_arctic-zoology-arctic_pennant-thomas_1784_1,120,0.00235,junk,,,,
ia_bim_eighteenth-century_arctic-zoology-arctic_pennant-thomas_1784_1,121,0.00136,junk,,,,
ia_bim_eighteenth-century_arctic-zoology-arctic_pennant-thomas_1784_1,122,0.01939,junk,,,,
ia_bim_eighteenth-century_arctic-zoology-arctic_pennant-thomas_1784_1,123,0.00517,junk,,,,
ia_bim_eighteenth-century_arctic-zoology-arctic_pennant-thomas_1784_1,124,0.00517,junk,,,,
ia_bim_eighteenth-century_arctic-zoology-arctic_pennant-thomas_1784_1,125,0.00674,junk,,,,
ia_bim_eighteenth-century_arctic-zoology-arctic_pennant-thomas_1784_1,126,0.93276,non_junk,non_divine_teleology,0.03035,0.95204,0.01761
ia_bim_eighteenth-century_arctic-zoology-arctic_pennant-thomas_1784_1,127,0.93276,non_junk,non_divine_teleology,0.03035,0.95204,0.01761
ia_bim_eighteenth-century_arctic-zoology-arctic_pennant-thomas_1784_1,129,0.00092,junk,,,,
ia_bim_eighteenth-century_arctic-zoology-arctic_pennant-thomas_1784_1,130,6e-05,junk,,,,
ia_bim_eighteenth-century_arctic-zoology-arctic_pennant-thomas_1784_1,131,0.0011,junk,,,,
ia_bim_eighteenth-century_arctic-zoology-arctic_pennant-thomas_1784_1,132,0.00843,junk,,,,
ia_bim_eighteenth-century_arctic-zoology-arctic_pennant-thomas_1784_1,133,0.83594,non_junk,non_divine_teleology,0.03074,0.93512,0.03414
ia_bim_eighteenth-century_arctic-zoology-arctic_pennant-thomas_1784_1,134,0.74223,non_junk,non_divine_teleology,0.00979,0.95333,0.03689
ia_bim_eighteenth-century_arctic-zoology-arctic_pennant-thomas_1784_1,135,0.75589,non_junk,non_divine_teleology,0.01606,0.9618,0.02214
ia_bim_eighteenth-century_arctic-zoology-arctic_pennant-thomas_1784_1,136,0.01618,junk,,,,
ia_bim_eighteenth-century_arctic-zoology-arctic_pennant-thomas_1784_1,137,0.90314,non_junk,non_divine_teleology,0.02724,0.96397,0.00879
ia_bim_eighteenth-century_arctic-zoology-arctic_pennant-thomas_1784_1,138,0.00021,junk,,,,
ia_bim_eighteenth-century_arctic-zoology-arctic_pennant-thomas_1784_1,139,0.001,junk,,,,
ia_bim_eighteenth-century_arctic-zoology-arctic_pennant-thomas_1784_1,140,0.03026,junk,,,,
ia_bim_eighteenth-century_arctic-zoology-arctic_pennant-thomas_1784_1,141,0.01228,junk,,,,
ia_bim_eighteenth-century_arctic-zoology-arctic_pennant-thomas_1784_1,142,0.24291,junk,,,,
ia_bim_eighteenth-century_arctic-zoology-arctic_pennant-thomas_1784_1,143,0.16873,junk,,,,
ia_bim_eighteenth-century_arctic-zoology-arctic_pennant-thomas_1784_1,144,0.00021,junk,,,,
ia_bim_eighteenth-century_arctic-zoology-arctic_pennant-thomas_1784_1,145,0.23096,junk,,,,
ia_bim_eighteenth-century_arctic-zoology-arctic_pennant-thomas_1784_1,146,0.99321,non_junk,non_divine_teleology,0.01168,0.96994,0.01838
ia_bim_eighteenth-century_arctic-zoology-arctic_pennant-thomas_1784_1,147,0.00029,junk,,,,
ia_bim_eighteenth-century_arctic-zoology-arctic_pennant-thomas_1784_1,148,0.00611,junk,,,,
ia_bim_eighteenth-century_arctic-zoology-arctic_pennant-thomas_1784_1,149,0.00067,junk,,,,
ia_bim_eighteenth-century_arctic-zoology-arctic_pennant-thomas_1784_1,150,0.00063,junk,,,,
ia_bim_eighteenth-century_arctic-zoology-arctic_pennant-thomas_1784_1,151,0.00063,junk,,,,
ia_bim_eighteenth-century_arctic-zoology-arctic_pennant-thomas_1784_1,152,0.0113,junk,,,,
ia_bim_eighteenth-century_arctic-zoology-arctic_pennant-thomas_1784_1,153,0.0007,junk,,,,
ia_bim_eighteenth-century_arctic-zoology-arctic_pennant-thomas_1784_1,154,0.01038,junk,,,,
ia_bim_eighteenth-century_arctic-zoology-arctic_pennant-thomas_1784_1,155,0.00512,junk,,,,
ia_bim_eighteenth-century_arctic-zoology-arctic_pennant-thomas_1784_1,156,9e-05,junk,,,,
ia_bim_eighteenth-century_arctic-zoology-arctic_pennant-thomas_1784_1,157,0.00151,junk,,,,
ia_bim_eighteenth-century_arctic-zoology-arctic_pennant-thomas_1784_1,158,0.00444,junk,,,,
ia_bim_eighteenth-century_arctic-zoology-arctic_pennant-thomas_1784_1,159,0.01362,junk,,,,
ia_bim_eighteenth-century_arctic-zoology-arctic_pennant-thomas_1784_1,160,0.00131,junk,,,,
ia_bim_eighteenth-century_arctic-zoology-arctic_pennant-thomas_1784_1,161,0.17496,junk,,,,
ia_bim_eighteenth-century_arctic-zoology-arctic_pennant-thomas_1784_1,162,0.00151,junk,,,,
ia_bim_eighteenth-century_arctic-zoology-arctic_pennant-thomas_1784_1,163,0.01042,junk,,,,
ia_bim_eighteenth-century_arctic-zoology-arctic_pennant-thomas_1784_1,164,0.00024,junk,,,,
ia_bim_eighteenth-century_arctic-zoology-arctic_pennant-thomas_1784_1,165,0.18238,junk,,,,
ia_bim_eighteenth-century_arctic-zoology-arctic_pennant-thomas_1784_1,166,0.00839,junk,,,,
ia_bim_eighteenth-century_arctic-zoology-arctic_pennant-thomas_1784_1,167,0.01042,junk,,,,
ia_bim_eighteenth-century_arctic-zoology-arctic_pennant-thomas_1784_1,168,0.00024,junk,,,,
ia_bim_eighteenth-century_arctic-zoology-arctic_pennant-thomas_1784_1,169,0.18238,junk,,,,
ia_bim_eighteenth-century_arctic-zoology-arctic_pennant-thomas_1784_1,170,0.00839,junk,,,,
ia_bim_eighteenth-century_arctic-zoology-arctic_pennant-thomas_1784_1,171,0.00111,junk,,,,
ia_bim_eighteenth-century_arctic-zoology-arctic_pennant-thomas_1784_1,173,0.00676,junk,,,,
ia_bim_eighteenth-century_arctic-zoology-arctic_pennant-thomas_1784_1,174,0.02233,junk,,,,
ia_bim_eighteenth-century_arctic-zoology-arctic_pennant-thomas_1784_1,175,0.00084,junk,,,,
ia_bim_eighteenth-century_arctic-zoology-arctic_pennant-thomas_1784_1,176,0.29407,junk,,,,
ia_bim_eighteenth-century_arctic-zoology-arctic_pennant-thomas_1784_1,178,0.00012,junk,,,,
ia_bim_eighteenth-century_arctic-zoology-arctic_pennant-thomas_1784_1,179,0.00022,junk,,,,
ia_bim_eighteenth-century_arctic-zoology-arctic_pennant-thomas_1784_1,180,0.00053,junk,,,,
ia_bim_eighteenth-century_arctic-zoology-arctic_pennant-thomas_1784_1,181,0.00157,junk,,,,
ia_bim_eighteenth-century_arctic-zoology-arctic_pennant-thomas_1784_1,182,0.63112,non_junk,non_divine_teleology,0.02199,0.9195,0.0585
ia_bim_eighteenth-century_arctic-zoology-arctic_pennant-thomas_1784_1,183,0.00015,junk,,,,
ia_bim_eighteenth-century_arctic-zoology-arctic_pennant-thomas_1784_1,184,0.00282,junk,,,,
ia_bim_eighteenth-century_arctic-zoology-arctic_pennant-thomas_1784_1,185,0.08259,junk,,,,
ia_bim_eighteenth-century_arctic-zoology-arctic_pennant-thomas_1784_1,186,0.20625,junk,,,,
ia_bim_eighteenth-century_arctic-zoology-arctic_pennant-thomas_1784_1,187,0.23364,junk,,,,
ia_bim_eighteenth-century_arctic-zoology-arctic_pennant-thomas_1784_1,188,0.25647,junk,,,,
ia_bim_eighteenth-century_arctic-zoology-arctic_pennant-thomas_1784_1,189,0.20496,junk,,,,
ia_bim_eighteenth-century_arctic-zoology-arctic_pennant-thomas_1784_1,190,0.00832,junk,,,,
ia_bim_eighteenth-century_arctic-zoology-arctic_pennant-thomas_1784_1,191,0.02669,junk,,,,
ia_bim_eighteenth-century_arctic-zoology-arctic_pennant-thomas_1784_1,192,0.00066,junk,,,,
ia_bim_eighteenth-century_arctic-zoology-arctic_pennant-thomas_1784_1,193,0.00281,junk,,,,
ia_bim_eighteenth-century_arctic-zoology-arctic_pennant-thomas_1784_1,194,0.00228,junk,,,,
ia_bim_eighteenth-century_arctic-zoology-arctic_pennant-thomas_1784_1,195,0.00046,junk,,,,
ia_bim_eighteenth-century_arctic-zoology-arctic_pennant-thomas_1784_1,196,0.00208,junk,,,,
ia_bim_eighteenth-century_arctic-zoology-arctic_pennant-thomas_1784_1,197,0.00012,junk,,,,
ia_bim_eighteenth-century_arctic-zoology-arctic_pennant-thomas_1784_1,198,0.01497,junk,,,,
ia_bim_eighteenth-century_arctic-zoology-arctic_pennant-thomas_1784_1,199,0.00615,junk,,,,
ia_bim_eighteenth-century_arctic-zoology-arctic_pennant-thomas_1784_1,200,0.04884,junk,,,,
ia_bim_eighteenth-century_arctic-zoology-arctic_pennant-thomas_1784_1,201,0.00033,junk,,,,
ia_bim_eighteenth-century_arctic-zoology-arctic_pennant-thomas_1784_1,202,0.00366,junk,,,,
ia_bim_eighteenth-century_arctic-zoology-arctic_pennant-thomas_1784_1,203,0.00011,junk,,,,
ia_bim_eighteenth-century_arctic-zoology-arctic_pennant-thomas_1784_1,204,0.00602,junk,,,,
ia_bim_eighteenth-century_arctic-zoology-arctic_pennant-thomas_1784_1,205,0.00018,junk,,,,
ia_bim_eighteenth-century_arctic-zoology-arctic_pennant-thomas_1784_1,206,0.01166,junk,,,,
ia_bim_eighteenth-century_arctic-zoology-arctic_pennant-thomas_1784_1,207,0.6406,non_junk,non_divine_teleology,0.01346,0.96078,0.02576
ia_bim_eighteenth-century_arctic-zoology-arctic_pennant-thomas_1784_1,208,0.00091,junk,,,,
ia_bim_eighteenth-century_arctic-zoology-arctic_pennant-thomas_1784_1,209,0.03108,junk,,,,
ia_bim_eighteenth-century_arctic-zoology-arctic_pennant-thomas_1784_1,210,2e-05,junk,,,,
ia_bim_eighteenth-century_arctic-zoology-arctic_pennant-thomas_1784_1,211,0.77306,non_junk,divine_teleology,0.99816,0.00179,5e-05
ia_bim_eighteenth-century_arctic-zoology-arctic_pennant-thomas_1784_1,212,0.05569,junk,,,,
ia_bim_eighteenth-century_arctic-zoology-arctic_pennant-thomas_1784_1,213,0.00088,junk,,,,
ia_bim_eighteenth-century_arctic-zoology-arctic_pennant-thomas_1784_1,214,0.0209,junk,,,,
ia_bim_eighteenth-century_arctic-zoology-arctic_pennant-thomas_1784_1,215,0.02863,junk,,,,
ia_bim_eighteenth-century_arctic-zoology-arctic_pennant-thomas_1784_1,216,0.06486,junk,,,,
ia_bim_eighteenth-century_arctic-zoology-arctic_pennant-thomas_1784_1,217,0.0805,junk,,,,
ia_bim_eighteenth-century_arctic-zoology-arctic_pennant-thomas_1784_1,218,0.00159,junk,,,,
ia_bim_eighteenth-century_arctic-zoology-arctic_pennant-thomas_1784_1,219,0.00017,junk,,,,
ia_bim_eighteenth-century_arctic-zoology-arctic_pennant-thomas_1784_1,220,0.06066,junk,,,,
ia_bim_eighteenth-century_arctic-zoology-arctic_pennant-thomas_1784_1,221,0.01738,junk,,,,
ia_bim_eighteenth-century_arctic-zoology-arctic_pennant-thomas_1784_1,222,0.86119,non_junk,non_divine_teleology,0.0335,0.88936,0.07714
ia_bim_eighteenth-century_arctic-zoology-arctic_pennant-thomas_1784_1,223,0.83174,non_junk,non_divine_teleology,0.02195,0.962,0.01605
ia_bim_eighteenth-century_arctic-zoology-arctic_pennant-thomas_1784_1,224,0.00314,junk,,,,
ia_bim_eighteenth-century_arctic-zoology-arctic_pennant-thomas_1784_1,225,0.00042,junk,,,,
ia_bim_eighteenth-century_arctic-zoology-arctic_pennant-thomas_1784_1,226,0.00346,junk,,,,
ia_bim_eighteenth-century_arctic-zoology-arctic_pennant-thomas_1784_1,227,0.00041,junk,,,,
ia_bim_eighteenth-century_arctic-zoology-arctic_pennant-thomas_1784_1,228,0.02364,junk,,,,
ia_bim_eighteenth-century_arctic-zoology-arctic_pennant-thomas_1784_1,229,0.00787,junk,,,,
ia_bim_eighteenth-century_arctic-zoology-arctic_pennant-thomas_1784_1,230,0.00133,junk,,,,
ia_bim_eighteenth-century_arctic-zoology-arctic_pennant-thomas_1784_1,231,0.00558,junk,,,,
ia_bim_eighteenth-century_arctic-zoology-arctic_pennant-thomas_1784_1,232,0.00201,junk,,,,
ia_bim_eighteenth-century_arctic-zoology-arctic_pennant-thomas_1784_1,233,0.00543,junk,,,,
ia_bim_eighteenth-century_arctic-zoology-arctic_pennant-thomas_1784_1,234,0.00432,junk,,,,
ia_bim_eighteenth-century_arctic-zoology-arctic_pennant-thomas_1784_1,235,0.04183,junk,,,,
ia_bim_eighteenth-century_arctic-zoology-arctic_pennant-thomas_1784_1,237,0.01237,junk,,,,
ia_bim_eighteenth-century_arctic-zoology-arctic_pennant-thomas_1784_1,238,0.00407,junk,,,,
ia_bim_eighteenth-century_arctic-zoology-arctic_pennant-thomas_1784_1,239,0.01237,junk,,,,
ia_bim_eighteenth-century_arctic-zoology-arctic_pennant-thomas_1784_1,240,0.03377,junk,,,,
ia_bim_eighteenth-century_arctic-zoology-arctic_pennant-thomas_1784_1,241,0.99634,non_junk,non_divine_teleology,0.01459,0.97348,0.01192
ia_bim_eighteenth-century_arctic-zoology-arctic_pennant-thomas_1784_1,242,0.17522,junk,,,,
ia_bim_eighteenth-century_arctic-zoology-arctic_pennant-thomas_1784_1,244,0.84799,non_junk,non_divine_teleology,0.00802,0.97928,0.0127
ia_bim_eighteenth-century_arctic-zoology-arctic_pennant-thomas_1784_1,245,0.00095,junk,,,,
ia_bim_eighteenth-century_arctic-zoology-arctic_pennant-thomas_1784_1,246,0.01468,junk,,,,
ia_bim_eighteenth-century_arctic-zoology-arctic_pennant-thomas_1784_1,247,0.05626,junk,,,,
ia_bim_eighteenth-century_arctic-zoology-arctic_pennant-thomas_1784_1,248,0.00038,junk,,,,
ia_bim_eighteenth-century_arctic-zoology-arctic_pennant-thomas_1784_1,249,0.00316,junk,,,,
ia_bim_eighteenth-century_arctic-zoology-arctic_pennant-thomas_1784_1,250,0.08557,junk,,,,
ia_bim_eighteenth-century_arctic-zoology-arctic_pennant-thomas_1784_1,251,1e-05,junk,,,,
ia_bim_eighteenth-century_arctic-zoology-arctic_pennant-thomas_1784_1,252,0.00112,junk,,,,
ia_bim_eighteenth-century_arctic-zoology-arctic_pennant-thomas_1784_1,253,0.00649,junk,,,,
ia_bim_eighteenth-century_arctic-zoology-arctic_pennant-thomas_1784_1,254,0.00026,junk,,,,
ia_bim_eighteenth-century_arctic-zoology-arctic_pennant-thomas_1784_1,255,0.00033,junk,,,,
ia_bim_eighteenth-century_arctic-zoology-arctic_pennant-thomas_1784_1,256,9e-05,junk,,,,
ia_bim_eighteenth-century_arctic-zoology-arctic_pennant-thomas_1784_1,257,0.00207,junk,,,,
ia_bim_eighteenth-century_arctic-zoology-arctic_pennant-thomas_1784_1,258,0.00103,junk,,,,
ia_bim_eighteenth-century_arctic-zoology-arctic_pennant-thomas_1784_1,259,4e-05,junk,,,,
ia_bim_eighteenth-century_arctic-zoology-arctic_pennant-thomas_1784_1,260,0.00196,junk,,,,
ia_bim_eighteenth-century_arctic-zoology-arctic_pennant-thomas_1784_1,261,0.55654,non_junk,non_divine_teleology,0.01795,0.91733,0.06471
ia_bim_eighteenth-century_arctic-zoology-arctic_pennant-thomas_1784_1,262,0.00849,junk,,,,
ia_bim_eighteenth-century_arctic-zoology-arctic_pennant-thomas_1784_1,263,0.015,junk,,,,
ia_bim_eighteenth-century_arctic-zoology-arctic_pennant-thomas_1784_1,264,0.00151,junk,,,,
ia_bim_eighteenth-century_arctic-zoology-arctic_pennant-thomas_1784_1,265,0.04956,junk,,,,
ia_bim_eighteenth-century_arctic-zoology-arctic_pennant-thomas_1784_1,266,0.08529,junk,,,,
ia_bim_eighteenth-century_arctic-zoology-arctic_pennant-thomas_1784_1,267,0.07756,junk,,,,
ia_bim_eighteenth-century_arctic-zoology-arctic_pennant-thomas_1784_1,268,0.00099,junk,,,,
ia_bim_eighteenth-century_arctic-zoology-arctic_pennant-thomas_1784_1,269,0.01573,junk,,,,
ia_bim_eighteenth-century_arctic-zoology-arctic_pennant-thomas_1784_1,270,0.01326,junk,,,,
ia_bim_eighteenth-century_arctic-zoology-arctic_pennant-thomas_1784_1,271,0.00067,junk,,,,
ia_bim_eighteenth-century_arctic-zoology-arctic_pennant-thomas_1784_1,272,0.00465,junk,,,,
ia_bim_eighteenth-century_arctic-zoology-arctic_pennant-thomas_1784_1,273,0.48963,junk,,,,
ia_bim_eighteenth-century_arctic-zoology-arctic_pennant-thomas_1784_1,274,0.00151,junk,,,,
ia_bim_eighteenth-century_arctic-zoology-arctic_pennant-thomas_1784_1,275,0.98885,non_junk,non_divine_teleology,0.01369,0.94007,0.04624
ia_bim_eighteenth-century_arctic-zoology-arctic_pennant-thomas_1784_1,276,0.00058,junk,,,,
ia_bim_eighteenth-century_arctic-zoology-arctic_pennant-thomas_1784_1,277,0.0149,junk,,,,
ia_bim_eighteenth-century_arctic-zoology-arctic_pennant-thomas_1784_1,278,0.0001,junk,,,,
ia_bim_eighteenth-century_arctic-zoology-arctic_pennant-thomas_1784_1,279,0.27195,junk,,,,
ia_bim_eighteenth-century_arctic-zoology-arctic_pennant-thomas_1784_1,280,0.00231,junk,,,,
ia_bim_eighteenth-century_arctic-zoology-arctic_pennant-thomas_1784_1,282,0.0171,junk,,,,
ia_bim_eighteenth-century_arctic-zoology-arctic_pennant-thomas_1784_1,283,0.00114,junk,,,,
ia_bim_eighteenth-century_arctic-zoology-arctic_pennant-thomas_1784_1,284,0.00019,junk,,,,
ia_bim_eighteenth-century_arctic-zoology-arctic_pennant-thomas_1784_1,285,0.00074,junk,,,,
ia_bim_eighteenth-century_arctic-zoology-arctic_pennant-thomas_1784_1,286,0.04472,junk,,,,
ia_bim_eighteenth-century_arctic-zoology-arctic_pennant-thomas_1784_1,287,0.04726,junk,,,,
ia_bim_eighteenth-century_arctic-zoology-arctic_pennant-thomas_1784_1,288,0.00051,junk,,,,
ia_bim_eighteenth-century_arctic-zoology-arctic_pennant-thomas_1784_1,289,0.0413,junk,,,,
ia_bim_eighteenth-century_arctic-zoology-arctic_pennant-thomas_1784_1,290,0.01989,junk,,,,
ia_bim_eighteenth-century_arctic-zoology-arctic_pennant-thomas_1784_1,291,0.00401,junk,,,,
ia_bim_eighteenth-century_arctic-zoology-arctic_pennant-thomas_1784_1,292,0.04389,junk,,,,
ia_bim_eighteenth-century_arctic-zoology-arctic_pennant-thomas_1784_1,293,0.1868,junk,,,,
ia_bim_eighteenth-century_arctic-zoology-arctic_pennant-thomas_1784_1,294,0.00017,junk,,,,
ia_bim_eighteenth-century_arctic-zoology-arctic_pennant-thomas_1784_1,295,0.406,junk,,,,
ia_bim_eighteenth-century_arctic-zoology-arctic_pennant-thomas_1784_1,296,0.00038,junk,,,,
ia_bim_eighteenth-century_arctic-zoology-arctic_pennant-thomas_1784_1,297,0.00031,junk,,,,
ia_bim_eighteenth-century_arctic-zoology-arctic_pennant-thomas_1784_1,298,0.16618,junk,,,,
ia_bim_eighteenth-century_arctic-zoology-arctic_pennant-thomas_1784_1,299,0.16618,junk,,,,
ia_bim_eighteenth-century_arctic-zoology-arctic_pennant-thomas_1784_1,300,0.00032,junk,,,,
ia_bim_eighteenth-century_arctic-zoology-arctic_pennant-thomas_1784_1,301,0.00086,junk,,,,
ia_bim_eighteenth-century_arctic-zoology-arctic_pennant-thomas_1784_1,302,0.00329,junk,,,,
ia_bim_eighteenth-century_arctic-zoology-arctic_pennant-thomas_1784_1,303,0.00073,junk,,,,
ia_bim_eighteenth-century_arctic-zoology-arctic_pennant-thomas_1784_1,304,5e-05,junk,,,,
ia_bim_eighteenth-century_arctic-zoology-arctic_pennant-thomas_1784_1,305,0.01249,junk,,,,
ia_bim_eighteenth-century_arctic-zoology-arctic_pennant-thomas_1784_1,306,0.00153,junk,,,,
ia_bim_eighteenth-century_arctic-zoology-arctic_pennant-thomas_1784_1,307,0.00181,junk,,,,
ia_bim_eighteenth-century_arctic-zoology-arctic_pennant-thomas_1784_1,308,0.01299,junk,,,,
ia_bim_eighteenth-century_arctic-zoology-arctic_pennant-thomas_1784_1,309,0.00084,junk,,,,
ia_bim_eighteenth-century_arctic-zoology-arctic_pennant-thomas_1784_1,310,0.01501,junk,,,,
ia_bim_eighteenth-century_arctic-zoology-arctic_pennant-thomas_1784_1,311,0.08073,junk,,,,
ia_bim_eighteenth-century_arctic-zoology-arctic_pennant-thomas_1784_1,312,0.15536,junk,,,,
ia_bim_eighteenth-century_arctic-zoology-arctic_pennant-thomas_1784_1,313,0.01501,junk,,,,
ia_bim_eighteenth-century_arctic-zoology-arctic_pennant-thomas_1784_1,314,0.08073,junk,,,,
ia_bim_eighteenth-century_arctic-zoology-arctic_pennant-thomas_1784_1,315,0.14162,junk,,,,
ia_bim_eighteenth-century_arctic-zoology-arctic_pennant-thomas_1784_1,316,0.00131,junk,,,,
ia_bim_eighteenth-century_arctic-zoology-arctic_pennant-thomas_1784_1,317,0.0003,junk,,,,
ia_bim_eighteenth-century_arctic-zoology-arctic_pennant-thomas_1784_1,318,0.00111,junk,,,,
ia_bim_eighteenth-century_arctic-zoology-arctic_pennant-thomas_1784_1,319,0.00369,junk,,,,
ia_bim_eighteenth-century_arctic-zoology-arctic_pennant-thomas_1784_1,320,0.01167,junk,,,,
ia_bim_eighteenth-century_arctic-zoology-arctic_pennant-thomas_1784_1,321,0.05752,junk,,,,
ia_bim_eighteenth-century_arctic-zoology-arctic_pennant-thomas_1784_1,322,0.12392,junk,,,,
ia_bim_eighteenth-century_arctic-zoology-arctic_pennant-thomas_1784_1,323,0.16924,junk,,,,
ia_bim_eighteenth-century_arctic-zoology-arctic_pennant-thomas_1784_1,324,0.00047,junk,,,,
ia_bim_eighteenth-century_arctic-zoology-arctic_pennant-thomas_1784_1,325,0.00095,junk,,,,
ia_bim_eighteenth-century_arctic-zoology-arctic_pennant-thomas_1784_1,326,0.46889,junk,,,,
ia_bim_eighteenth-century_arctic-zoology-arctic_pennant-thomas_1784_1,327,0.00231,junk,,,,
ia_bim_eighteenth-century_arctic-zoology-arctic_pennant-thomas_1784_1,328,0.7741,non_junk,non_divine_teleology,0.1302,0.81367,0.05613
ia_bim_eighteenth-century_arctic-zoology-arctic_pennant-thomas_1784_1,329,0.00138,junk,,,,
ia_bim_eighteenth-century_arctic-zoology-arctic_pennant-thomas_1784_1,330,0.00105,junk,,,,
ia_bim_eighteenth-century_arctic-zoology-arctic_pennant-thomas_1784_1,331,0.46325,junk,,,,
ia_bim_eighteenth-century_arctic-zoology-arctic_pennant-thomas_1784_1,332,0.39802,junk,,,,
ia_bim_eighteenth-century_arctic-zoology-arctic_pennant-thomas_1784_1,333,0.01727,junk,,,,
ia_bim_eighteenth-century_arctic-zoology-arctic_pennant-thomas_1784_1,334,0.58354,non_junk,non_divine_teleology,0.00555,0.97055,0.0239
ia_bim_eighteenth-century_arctic-zoology-arctic_pennant-thomas_1784_1,335,0.00296,junk,,,,
ia_bim_eighteenth-century_arctic-zoology-arctic_pennant-thomas_1784_1,336,0.00104,junk,,,,
ia_bim_eighteenth-century_arctic-zoology-arctic_pennant-thomas_1784_1,337,0.00081,junk,,,,
ia_bim_eighteenth-century_arctic-zoology-arctic_pennant-thomas_1784_1,338,0.03349,junk,,,,
ia_bim_eighteenth-century_arctic-zoology-arctic_pennant-thomas_1784_1,339,0.14243,junk,,,,
ia_bim_eighteenth-century_arctic-zoology-arctic_pennant-thomas_1784_1,340,0.11069,junk,,,,
ia_bim_eighteenth-century_arctic-zoology-arctic_pennant-thomas_1784_1,341,0.00324,junk,,,,
ia_bim_eighteenth-century_arctic-zoology-arctic_pennant-thomas_1784_1,342,0.00374,junk,,,,
ia_bim_eighteenth-century_arctic-zoology-arctic_pennant-thomas_1784_1,343,0.04432,junk,,,,
ia_bim_eighteenth-century_arctic-zoology-arctic_pennant-thomas_1784_1,344,0.08135,junk,,,,
ia_bim_eighteenth-century_arctic-zoology-arctic_pennant-thomas_1784_1,345,0.94267,non_junk,non_divine_teleology,0.01885,0.96877,0.01237
ia_bim_eighteenth-century_arctic-zoology-arctic_pennant-thomas_1784_1,346,0.01644,junk,,,,
ia_bim_eighteenth-century_arctic-zoology-arctic_pennant-thomas_1784_1,347,0.0001,junk,,,,
ia_bim_eighteenth-century_arctic-zoology-arctic_pennant-thomas_1784_1,348,0.00253,junk,,,,
ia_bim_eighteenth-century_arctic-zoology-arctic_pennant-thomas_1784_1,349,0.00096,junk,,,,
ia_bim_eighteenth-century_arctic-zoology-arctic_pennant-thomas_1784_1,351,0.00253,junk,,,,
ia_bim_eighteenth-century_arctic-zoology-arctic_pennant-thomas_1784_1,352,0.0046,junk,,,,
ia_bim_eighteenth-century_arctic-zoology-arctic_pennant-thomas_1784_1,353,0.00613,junk,,,,
ia_bim_eighteenth-century_arctic-zoology-arctic_pennant-thomas_1784_1,354,0.13838,junk,,,,
ia_bim_eighteenth-century_arctic-zoology-arctic_pennant-thomas_1784_1,355,0.00042,junk,,,,
ia_bim_eighteenth-century_arctic-zoology-arctic_pennant-thomas_1784_1,356,0.00154,junk,,,,
ia_bim_eighteenth-century_arctic-zoology-arctic_pennant-thomas_1784_1,357,0.02432,junk,,,,
ia_bim_eighteenth-century_arctic-zoology-arctic_pennant-thomas_1784_1,358,0.05802,junk,,,,
ia_bim_eighteenth-century_arctic-zoology-arctic_pennant-thomas_1784_1,359,0.00089,junk,,,,
ia_bim_eighteenth-century_arctic-zoology-arctic_pennant-thomas_1784_1,360,0.00183,junk,,,,
ia_bim_eighteenth-century_arctic-zoology-arctic_pennant-thomas_1784_1,361,0.26665,junk,,,,
ia_bim_eighteenth-century_arctic-zoology-arctic_pennant-thomas_1784_1,362,0.00023,junk,,,,
ia_bim_eighteenth-century_arctic-zoology-arctic_pennant-thomas_1784_1,363,0.04273,junk,,,,
ia_bim_eighteenth-century_arctic-zoology-arctic_pennant-thomas_1784_1,364,0.0007,junk,,,,
ia_bim_eighteenth-century_arctic-zoology-arctic_pennant-thomas_1784_1,365,0.00196,junk,,,,
ia_bim_eighteenth-century_arctic-zoology-arctic_pennant-thomas_1784_1,366,0.99385,non_junk,non_divine_teleology,0.00702,0.98751,0.00546
ia_bim_eighteenth-century_arctic-zoology-arctic_pennant-thomas_1784_1,367,0.00162,junk,,,,
ia_bim_eighteenth-century_arctic-zoology-arctic_pennant-thomas_1784_1,368,0.00878,junk,,,,
ia_bim_eighteenth-century_arctic-zoology-arctic_pennant-thomas_1784_1,369,5e-05,junk,,,,
ia_bim_eighteenth-century_arctic-zoology-arctic_pennant-thomas_1784_1,370,0.00162,junk,,,,
ia_bim_eighteenth-century_arctic-zoology-arctic_pennant-thomas_1784_1,371,0.00878,junk,,,,
ia_bim_eighteenth-century_arctic-zoology-arctic_pennant-thomas_1784_1,372,5e-05,junk,,,,
ia_bim_eighteenth-century_arctic-zoology-arctic_pennant-thomas_1784_1,373,0.97595,non_junk,non_divine_teleology,0.03372,0.92641,0.03987
ia_bim_eighteenth-century_arctic-zoology-arctic_pennant-thomas_1784_1,374,0.0486,junk,,,,
ia_bim_eighteenth-century_arctic-zoology-arctic_pennant-thomas_1784_1,375,0.04373,junk,,,,
ia_bim_eighteenth-century_arctic-zoology-arctic_pennant-thomas_1784_1,376,0.00484,junk,,,,
ia_bim_eighteenth-century_arctic-zoology-arctic_pennant-thomas_1784_1,378,0.00484,junk,,,,
ia_bim_eighteenth-century_arctic-zoology-arctic_pennant-thomas_1784_1,379,0.00049,junk,,,,
ia_bim_eighteenth-century_arctic-zoology-arctic_pennant-thomas_1784_1,380,0.05497,junk,,,,
ia_bim_eighteenth-century_arctic-zoology-arctic_pennant-thomas_1784_1,381,0.00056,junk,,,,
ia_bim_eighteenth-century_arctic-zoology-arctic_pennant-thomas_1784_1,383,0.03083,junk,,,,
ia_bim_eighteenth-century_arctic-zoology-arctic_pennant-thomas_1784_1,384,0.26653,junk,,,,
ia_bim_eighteenth-century_arctic-zoology-arctic_pennant-thomas_1784_1,385,0.0171,junk,,,,
ia_bim_eighteenth-century_arctic-zoology-arctic_pennant-thomas_1784_1,386,0.01091,junk,,,,
ia_bim_eighteenth-century_arctic-zoology-arctic_pennant-thomas_1784_1,387,0.00614,junk,,,,
ia_bim_eighteenth-century_arctic-zoology-arctic_pennant-thomas_1784_1,388,0.01164,junk,,,,
ia_bim_eighteenth-century_arctic-zoology-arctic_pennant-thomas_1784_1,389,0.00157,junk,,,,
ia_bim_eighteenth-century_arctic-zoology-arctic_pennant-thomas_1784_1,390,0.00167,junk,,,,
ia_bim_eighteenth-century_arctic-zoology-arctic_pennant-thomas_1784_1,391,0.02493,junk,,,,
ia_bim_eighteenth-century_arctic-zoology-arctic_pennant-thomas_1784_1,392,0.00031,junk,,,,
ia_bim_eighteenth-century_arctic-zoology-arctic_pennant-thomas_1784_1,393,0.00372,junk,,,,
ia_bim_eighteenth-century_arctic-zoology-arctic_pennant-thomas_1784_1,395,0.00459,junk,,,,
ia_bim_eighteenth-century_arctic-zoology-arctic_pennant-thomas_1784_1,396,0.01791,junk,,,,
ia_bim_eighteenth-century_arctic-zoology-arctic_pennant-thomas_1784_1,397,0.1566,junk,,,,
ia_bim_eighteenth-century_arctic-zoology-arctic_pennant-thomas_1784_1,398,0.5683,non_junk,non_divine_teleology,0.00677,0.96051,0.03272
ia_bim_eighteenth-century_arctic-zoology-arctic_pennant-thomas_1784_1,399,0.71732,non_junk,non_divine_teleology,0.02466,0.91818,0.05716
ia_bim_eighteenth-century_arctic-zoology-arctic_pennant-thomas_1784_1,400,0.23249,junk,,,,
ia_bim_eighteenth-century_arctic-zoology-arctic_pennant-thomas_1784_1,401,0.17334,junk,,,,
ia_bim_eighteenth-century_arctic-zoology-arctic_pennant-thomas_1784_1,402,0.71732,non_junk,non_divine_teleology,0.02466,0.91818,0.05716
ia_bim_eighteenth-century_arctic-zoology-arctic_pennant-thomas_1784_1,403,0.23249,junk,,,,
ia_bim_eighteenth-century_arctic-zoology-arctic_pennant-thomas_1784_1,404,0.02552,junk,,,,
ia_bim_eighteenth-century_arctic-zoology-arctic_pennant-thomas_1784_1,405,0.00201,junk,,,,
ia_bim_eighteenth-century_arctic-zoology-arctic_pennant-thomas_1784_1,406,0.47475,junk,,,,
ia_bim_eighteenth-century_arctic-zoology-arctic_pennant-thomas_1784_1,407,0.0128,junk,,,,
ia_bim_eighteenth-century_arctic-zoology-arctic_pennant-thomas_1784_1,408,0.16236,junk,,,,
ia_bim_eighteenth-century_arctic-zoology-arctic_pennant-thomas_1784_1,409,5e-05,junk,,,,
ia_bim_eighteenth-century_arctic-zoology-arctic_pennant-thomas_1784_1,410,0.16236,junk,,,,
ia_bim_eighteenth-century_arctic-zoology-arctic_pennant-thomas_1784_1,411,5e-05,junk,,,,
ia_bim_eighteenth-century_arctic-zoology-arctic_pennant-thomas_1784_1,412,0.00077,junk,,,,
ia_bim_eighteenth-century_arctic-zoology-arctic_pennant-thomas_1784_1,413,9e-05,junk,,,,
ia_bim_eighteenth-century_arctic-zoology-arctic_pennant-thomas_1784_1,414,0.00306,junk,,,,
ia_bim_eighteenth-century_arctic-zoology-arctic_pennant-thomas_1784_1,415,0.00067,junk,,,,
ia_bim_eighteenth-century_arctic-zoology-arctic_pennant-thomas_1784_1,416,0.00363,junk,,,,
ia_bim_eighteenth-century_arctic-zoology-arctic_pennant-thomas_1784_1,417,0.00363,junk,,,,
ia_bim_eighteenth-century_arctic-zoology-arctic_pennant-thomas_1784_1,418,0.00057,junk,,,,
ia_bim_eighteenth-century_arctic-zoology-arctic_pennant-thomas_1784_1,419,0.00266,junk,,,,
ia_bim_eighteenth-century_arctic-zoology-arctic_pennant-thomas_1784_1,420,0.0001,junk,,,,
ia_bim_eighteenth-century_arctic-zoology-arctic_pennant-thomas_1784_1,421,0.55121,non_junk,non_divine_teleology,0.00586,0.94652,0.04763
ia_bim_eighteenth-century_arctic-zoology-arctic_pennant-thomas_1784_1,422,0.06637,junk,,,,
ia_bim_eighteenth-century_arctic-zoology-arctic_pennant-thomas_1784_1,423,0.00356,junk,,,,
ia_bim_eighteenth-century_arctic-zoology-arctic_pennant-thomas_1784_1,424,0.00356,junk,,,,
ia_bim_eighteenth-century_arctic-zoology-arctic_pennant-thomas_1784_1,425,0.03229,junk,,,,
ia_bim_eighteenth-century_arctic-zoology-arctic_pennant-thomas_1784_1,427,0.00439,junk,,,,
ia_bim_eighteenth-century_arctic-zoology-arctic_pennant-thomas_1784_1,428,0.0016,junk,,,,
ia_bim_eighteenth-century_arctic-zoology-arctic_pennant-thomas_1784_1,429,7e-05,junk,,,,
ia_bim_eighteenth-century_arctic-zoology-arctic_pennant-thomas_1784_1,430,0.01051,junk,,,,
ia_bim_eighteenth-century_arctic-zoology-arctic_pennant-thomas_1784_1,431,0.00044,junk,,,,
ia_bim_eighteenth-century_arctic-zoology-arctic_pennant-thomas_1784_1,432,4e-05,junk,,,,
ia_bim_eighteenth-century_arctic-zoology-arctic_pennant-thomas_1784_1,433,0.01664,junk,,,,
ia_bim_eighteenth-century_arctic-zoology-arctic_pennant-thomas_1784_1,434,0.08726,junk,,,,
ia_bim_eighteenth-century_arctic-zoology-arctic_pennant-thomas_1784_1,435,0.00027,junk,,,,
ia_bim_eighteenth-century_arctic-zoology-arctic_pennant-thomas_1784_1,436,1e-05,junk,,,,
ia_bim_eighteenth-century_arctic-zoology-arctic_pennant-thomas_1784_1,437,0.00054,junk,,,,
ia_bim_eighteenth-century_arctic-zoology-arctic_pennant-thomas_1784_1,438,0.00093,junk,,,,
ia_bim_eighteenth-century_arctic-zoology-arctic_pennant-thomas_1784_1,439,0.0012,junk,,,,
ia_bim_eighteenth-century_arctic-zoology-arctic_pennant-thomas_1784_1,440,0.0287,junk,,,,
ia_bim_eighteenth-century_arctic-zoology-arctic_pennant-thomas_1784_1,441,0.00987,junk,,,,
ia_bim_eighteenth-century_arctic-zoology-arctic_pennant-thomas_1784_1,442,0.0002,junk,,,,
ia_bim_eighteenth-century_arctic-zoology-arctic_pennant-thomas_1784_1,443,0.01411,junk,,,,
ia_bim_eighteenth-century_arctic-zoology-arctic_pennant-thomas_1784_1,444,0.00538,junk,,,,
ia_bim_eighteenth-century_arctic-zoology-arctic_pennant-thomas_1784_1,445,0.97551,non_junk,non_divine_teleology,0.0236,0.93648,0.03992
ia_bim_eighteenth-century_arctic-zoology-arctic_pennant-thomas_1784_1,446,0.001,junk,,,,
ia_bim_eighteenth-century_arctic-zoology-arctic_pennant-thomas_1784_1,447,0.00512,junk,,,,
ia_bim_eighteenth-century_arctic-zoology-arctic_pennant-thomas_1784_1,448,0.00588,junk,,,,
ia_bim_eighteenth-century_arctic-zoology-arctic_pennant-thomas_1784_1,449,0.01249,junk,,,,
ia_bim_eighteenth-century_arctic-zoology-arctic_pennant-thomas_1784_1,450,0.00217,junk,,,,
ia_bim_eighteenth-century_arctic-zoology-arctic_pennant-thomas_1784_1,451,0.01958,junk,,,,
ia_bim_eighteenth-century_arctic-zoology-arctic_pennant-thomas_1784_1,452,0.00217,junk,,,,
ia_bim_eighteenth-century_arctic-zoology-arctic_pennant-thomas_1784_1,453,0.01958,junk,,,,
ia_bim_eighteenth-century_arctic-zoology-arctic_pennant-thomas_1784_1,454,0.00045,junk,,,,
ia_bim_eighteenth-century_arctic-zoology-arctic_pennant-thomas_1784_1,455,0.00991,junk,,,,
ia_bim_eighteenth-century_arctic-zoology-arctic_pennant-thomas_1784_1,456,0.09902,junk,,,,
ia_bim_eighteenth-century_arctic-zoology-arctic_pennant-thomas_1784_1,457,0.09779,junk,,,,
ia_bim_eighteenth-century_arctic-zoology-arctic_pennant-thomas_1784_1,458,0.01227,junk,,,,
ia_bim_eighteenth-century_arctic-zoology-arctic_pennant-thomas_1784_1,459,0.00048,junk,,,,
ia_bim_eighteenth-century_arctic-zoology-arctic_pennant-thomas_1784_1,460,0.00018,junk,,,,
ia_bim_eighteenth-century_arctic-zoology-arctic_pennant-thomas_1784_1,461,0.01227,junk,,,,
ia_bim_eighteenth-century_arctic-zoology-arctic_pennant-thomas_1784_1,463,5e-05,junk,,,,
ia_bim_eighteenth-century_arctic-zoology-arctic_pennant-thomas_1784_1,464,0.00424,junk,,,,
ia_bim_eighteenth-century_arctic-zoology-arctic_pennant-thomas_1784_1,465,0.00504,junk,,,,
ia_bim_eighteenth-century_arctic-zoology-arctic_pennant-thomas_1784_1,466,0.17776,junk,,,,
ia_bim_eighteenth-century_arctic-zoology-arctic_pennant-thomas_1784_1,467,7e-05,junk,,,,
ia_bim_eighteenth-century_arctic-zoology-arctic_pennant-thomas_1784_1,469,0.00109,junk,,,,
ia_bim_eighteenth-century_arctic-zoology-arctic_pennant-thomas_1784_1,470,0.00576,junk,,,,
ia_bim_eighteenth-century_arctic-zoology-arctic_pennant-thomas_1784_1,471,0.30678,junk,,,,
ia_bim_eighteenth-century_arctic-zoology-arctic_pennant-thomas_1784_1,472,0.02344,junk,,,,
ia_bim_eighteenth-century_arctic-zoology-arctic_pennant-thomas_1784_1,474,0.03508,junk,,,,
ia_bim_eighteenth-century_arctic-zoology-arctic_pennant-thomas_1784_1,475,0.08646,junk,,,,
ia_bim_eighteenth-century_arctic-zoology-arctic_pennant-thomas_1784_1,476,0.00635,junk,,,,
ia_bim_eighteenth-century_arctic-zoology-arctic_pennant-thomas_1784_1,477,0.08646,junk,,,,
ia_bim_eighteenth-century_arctic-zoology-arctic_pennant-thomas_1784_1,478,0.00325,junk,,,,
ia_bim_eighteenth-century_arctic-zoology-arctic_pennant-thomas_1784_1,479,0.00201,junk,,,,
ia_bim_eighteenth-century_arctic-zoology-arctic_pennant-thomas_1784_1,480,0.0031,junk,,,,
ia_bim_eighteenth-century_arctic-zoology-arctic_pennant-thomas_1784_1,481,0.13073,junk,,,,
ia_bim_eighteenth-century_arctic-zoology-arctic_pennant-thomas_1784_1,482,0.01041,junk,,,,
ia_bim_eighteenth-century_arctic-zoology-arctic_pennant-thomas_1784_1,483,0.00088,junk,,,,
ia_bim_eighteenth-century_arctic-zoology-arctic_pennant-thomas_1784_1,484,0.00847,junk,,,,
ia_bim_eighteenth-century_arctic-zoology-arctic_pennant-thomas_1784_1,485,0.00348,junk,,,,
ia_bim_eighteenth-century_arctic-zoology-arctic_pennant-thomas_1784_1,486,0.00259,junk,,,,
ia_bim_eighteenth-century_arctic-zoology-arctic_pennant-thomas_1784_1,487,0.00259,junk,,,,
ia_bim_eighteenth-century_arctic-zoology-arctic_pennant-thomas_1784_1,488,0.68252,non_junk,non_divine_teleology,0.03081,0.96039,0.0088
ia_bim_eighteenth-century_arctic-zoology-arctic_pennant-thomas_1784_1,489,0.00898,junk,,,,
ia_bim_eighteenth-century_arctic-zoology-arctic_pennant-thomas_1784_1,490,0.0887,junk,,,,
ia_bim_eighteenth-century_arctic-zoology-arctic_pennant-thomas_1784_1,491,0.00711,junk,,,,
ia_bim_eighteenth-century_arctic-zoology-arctic_pennant-thomas_1784_1,492,0.00022,junk,,,,
ia_bim_eighteenth-century_arctic-zoology-arctic_pennant-thomas_1784_1,493,0.07122,junk,,,,
ia_bim_eighteenth-century_arctic-zoology-arctic_pennant-thomas_1784_1,494,0.00749,junk,,,,
ia_bim_eighteenth-century_arctic-zoology-arctic_pennant-thomas_1784_1,495,0.00017,junk,,,,
ia_bim_eighteenth-century_arctic-zoology-arctic_pennant-thomas_1784_1,496,0.00076,junk,,,,
ia_bim_eighteenth-century_arctic-zoology-arctic_pennant-thomas_1784_1,497,0.00091,junk,,,,
ia_bim_eighteenth-century_arctic-zoology-arctic_pennant-thomas_1784_1,498,0.00063,junk,,,,
ia_bim_eighteenth-century_arctic-zoology-arctic_pennant-thomas_1784_1,499,5e-05,junk,,,,
ia_bim_eighteenth-century_arctic-zoology-arctic_pennant-thomas_1784_1,500,0.00582,junk,,,,
ia_bim_eighteenth-century_arctic-zoology-arctic_pennant-thomas_1784_1,501,0.00017,junk,,,,
ia_bim_eighteenth-century_arctic-zoology-arctic_pennant-thomas_1784_1,502,5e-05,junk,,,,
ia_bim_eighteenth-century_arctic-zoology-arctic_pennant-thomas_1784_1,503,0.0006,junk,,,,
ia_bim_eighteenth-century_arctic-zoology-arctic_pennant-thomas_1784_1,504,0.00292,junk,,,,
ia_bim_eighteenth-century_arctic-zoology-arctic_pennant-thomas_1784_1,505,0.00502,junk,,,,
ia_bim_eighteenth-century_arctic-zoology-arctic_pennant-thomas_1784_1,506,0.00071,junk,,,,
ia_bim_eighteenth-century_arctic-zoology-arctic_pennant-thomas_1784_1,507,0.00044,junk,,,,
ia_bim_eighteenth-century_arctic-zoology-arctic_pennant-thomas_1784_1,508,0.00061,junk,,,,
ia_bim_eighteenth-century_arctic-zoology-arctic_pennant-thomas_1784_1,509,0.0001,junk,,,,
ia_bim_eighteenth-century_arctic-zoology-arctic_pennant-thomas_1784_1,510,5e-05,junk,,,,
ia_bim_eighteenth-century_arctic-zoology-arctic_pennant-thomas_1784_1,511,0.00049,junk,,,,
ia_bim_eighteenth-century_arctic-zoology-arctic_pennant-thomas_1784_1,512,0.00318,junk,,,,
ia_bim_eighteenth-century_arctic-zoology-arctic_pennant-thomas_1784_1,513,0.01763,junk,,,,
ia_bim_eighteenth-century_arctic-zoology-arctic_pennant-thomas_1784_1,514,0.00606,junk,,,,
ia_bim_eighteenth-century_arctic-zoology-arctic_pennant-thomas_1784_1,515,0.00025,junk,,,,
ia_bim_eighteenth-century_arctic-zoology-arctic_pennant-thomas_1784_1,516,0.00054,junk,,,,
ia_bim_eighteenth-century_arctic-zoology-arctic_pennant-thomas_1784_1,517,0.1798,junk,,,,
ia_bim_eighteenth-century_arctic-zoology-arctic_pennant-thomas_1784_1,518,0.16963,junk,,,,
ia_bim_eighteenth-century_arctic-zoology-arctic_pennant-thomas_1784_1,519,0.00027,junk,,,,
ia_bim_eighteenth-century_arctic-zoology-arctic_pennant-thomas_1784_1,520,0.12892,junk,,,,
ia_bim_eighteenth-century_arctic-zoology-arctic_pennant-thomas_1784_1,521,0.00034,junk,,,,
ia_bim_eighteenth-century_arctic-zoology-arctic_pennant-thomas_1784_1,523,0.00733,junk,,,,
ia_bim_eighteenth-century_arctic-zoology-arctic_pennant-thomas_1784_1,524,0.05278,junk,,,,
ia_bim_eighteenth-century_arctic-zoology-arctic_pennant-thomas_1784_1,525,0.0005,junk,,,,
ia_bim_eighteenth-century_arctic-zoology-arctic_pennant-thomas_1784_1,526,0.02074,junk,,,,
ia_bim_eighteenth-century_arctic-zoology-arctic_pennant-thomas_1784_1,527,0.0137,junk,,,,
ia_bim_eighteenth-century_arctic-zoology-arctic_pennant-thomas_1784_1,528,3e-05,junk,,,,
ia_bim_eighteenth-century_arctic-zoology-arctic_pennant-thomas_1784_1,529,0.0344,junk,,,,
ia_bim_eighteenth-century_arctic-zoology-arctic_pennant-thomas_1784_1,530,0.0344,junk,,,,
ia_bim_eighteenth-century_arctic-zoology-arctic_pennant-thomas_1784_1,531,0.01411,junk,,,,
ia_bim_eighteenth-century_arctic-zoology-arctic_pennant-thomas_1784_1,532,0.36427,junk,,,,
ia_bim_eighteenth-century_arctic-zoology-arctic_pennant-thomas_1784_1,533,0.00137,junk,,,,
ia_bim_eighteenth-century_arctic-zoology-arctic_pennant-thomas_1784_1,534,0.00599,junk,,,,
ia_bim_eighteenth-century_arctic-zoology-arctic_pennant-thomas_1784_1,535,0.07497,junk,,,,
ia_bim_eighteenth-century_arctic-zoology-arctic_pennant-thomas_1784_1,536,0.02685,junk,,,,
ia_bim_eighteenth-century_arctic-zoology-arctic_pennant-thomas_1784_1,537,0.03597,junk,,,,
ia_bim_eighteenth-century_arctic-zoology-arctic_pennant-thomas_1784_1,538,0.00069,junk,,,,
ia_bim_eighteenth-century_arctic-zoology-arctic_pennant-thomas_1784_1,539,0.00588,junk,,,,
ia_bim_eighteenth-century_arctic-zoology-arctic_pennant-thomas_1784_1,540,0.00077,junk,,,,
ia_bim_eighteenth-century_arctic-zoology-arctic_pennant-thomas_1784_1,541,0.00058,junk,,,,
ia_bim_eighteenth-century_arctic-zoology-arctic_pennant-thomas_1784_1,542,0.00066,junk,,,,
ia_bim_eighteenth-century_arctic-zoology-arctic_pennant-thomas_1784_1,543,0.00034,junk,,,,
ia_bim_eighteenth-century_arctic-zoology-arctic_pennant-thomas_1784_1,544,0.00011,junk,,,,
ia_bim_eighteenth-century_arctic-zoology-arctic_pennant-thomas_1784_1,545,0.0012,junk,,,,
ia_bim_eighteenth-century_arctic-zoology-arctic_pennant-thomas_1784_1,546,0.03597,junk,,,,
ia_bim_eighteenth-century_arctic-zoology-arctic_pennant-thomas_1784_1,548,0.00588,junk,,,,
ia_bim_eighteenth-century_arctic-zoology-arctic_pennant-thomas_1784_1,549,0.00077,junk,,,,
ia_bim_eighteenth-century_arctic-zoology-arctic_pennant-thomas_1784_1,550,0.00058,junk,,,,
ia_bim_eighteenth-century_arctic-zoology-arctic_pennant-thomas_1784_1,551,0.00066,junk,,,,
ia_bim_eighteenth-century_arctic-zoology-arctic_pennant-thomas_1784_1,552,0.00034,junk,,,,
ia_bim_eighteenth-century_arctic-zoology-arctic_pennant-thomas_1784_1,553,0.00011,junk,,,,
ia_bim_eighteenth-century_arctic-zoology-arctic_pennant-thomas_1784_1,554,0.00233,junk,,,,
ia_bim_eighteenth-century_arctic-zoology-arctic_pennant-thomas_1784_1,555,0.00689,junk,,,,
ia_bim_eighteenth-century_arctic-zoology-arctic_pennant-thomas_1784_1,556,0.00143,junk,,,,
ia_bim_eighteenth-century_arctic-zoology-arctic_pennant-thomas_1784_1,557,0.00046,junk,,,,
ia_bim_eighteenth-century_arctic-zoology-arctic_pennant-thomas_1784_1,558,7e-05,junk,,,,
ia_bim_eighteenth-century_arctic-zoology-arctic_pennant-thomas_1784_1,559,7e-05,junk,,,,
ia_bim_eighteenth-century_arctic-zoology-arctic_pennant-thomas_1784_1,560,0.00143,junk,,,,
ia_bim_eighteenth-century_arctic-zoology-arctic_pennant-thomas_1784_1,561,0.0468,junk,,,,
ia_bim_eighteenth-century_arctic-zoology-arctic_pennant-thomas_1784_1,562,0.00037,junk,,,,
ia_bim_eighteenth-century_arctic-zoology-arctic_pennant-thomas_1784_1,563,0.02352,junk,,,,
ia_bim_eighteenth-century_arctic-zoology-arctic_pennant-thomas_1784_1,565,1e-05,junk,,,,
ia_bim_eighteenth-century_arctic-zoology-arctic_pennant-thomas_1784_1,566,0.00176,junk,,,,
ia_bim_eighteenth-century_arctic-zoology-arctic_pennant-thomas_1784_1,567,9e-05,junk,,,,
ia_bim_eighteenth-century_arctic-zoology-arctic_pennant-thomas_1784_1,568,0.00048,junk,,,,
ia_bim_eighteenth-century_arctic-zoology-arctic_pennant-thomas_1784_1,569,8e-05,junk,,,,
ia_bim_eighteenth-century_arctic-zoology-arctic_pennant-thomas_1784_1,570,0.00034,junk,,,,
ia_bim_eighteenth-century_arctic-zoology-arctic_pennant-thomas_1784_1,571,0.00093,junk,,,,
ia_bim_eighteenth-century_arctic-zoology-arctic_pennant-thomas_1784_1,572,0.00111,junk,,,,
ia_bim_eighteenth-century_arctic-zoology-arctic_pennant-thomas_1784_1,573,0.01211,junk,,,,
ia_bim_eighteenth-century_arctic-zoology-arctic_pennant-thomas_1784_1,574,0.00928,junk,,,,
ia_bim_eighteenth-century_arctic-zoology-arctic_pennant-thomas_1784_1,575,4e-05,junk,,,,
ia_bim_eighteenth-century_arctic-zoology-arctic_pennant-thomas_1784_1,576,4e-05,junk,,,,
ia_bim_eighteenth-century_arctic-zoology-arctic_pennant-thomas_1784_1,577,3e-05,junk,,,,
ia_bim_eighteenth-century_arctic-zoology-arctic_pennant-thomas_1784_1,578,0.0006,junk,,,,
ia_bim_eighteenth-century_arctic-zoology-arctic_pennant-thomas_1784_1,579,0.001,junk,,,,
ia_bim_eighteenth-century_arctic-zoology-arctic_pennant-thomas_1784_1,580,0.00174,junk,,,,
ia_bim_eighteenth-century_arctic-zoology-arctic_pennant-thomas_1784_1,581,0.42547,junk,,,,
ia_bim_eighteenth-century_arctic-zoology-arctic_pennant-thomas_1784_1,583,0.0516,junk,,,,
ia_bim_eighteenth-century_arctic-zoology-arctic_pennant-thomas_1784_1,584,0.24586,junk,,,,
ia_bim_eighteenth-century_arctic-zoology-arctic_pennant-thomas_1784_1,585,0.0516,junk,,,,
ia_bim_eighteenth-century_arctic-zoology-arctic_pennant-thomas_1784_1,586,0.00229,junk,,,,
ia_bim_eighteenth-century_arctic-zoology-arctic_pennant-thomas_1784_1,587,0.00167,junk,,,,
ia_bim_eighteenth-century_arctic-zoology-arctic_pennant-thomas_1784_1,588,0.06136,junk,,,,
ia_bim_eighteenth-century_arctic-zoology-arctic_pennant-thomas_1784_1,589,0.00052,junk,,,,
ia_bim_eighteenth-century_arctic-zoology-arctic_pennant-thomas_1784_1,591,0.00199,junk,,,,
ia_bim_eighteenth-century_arctic-zoology-arctic_pennant-thomas_1784_1,592,0.00251,junk,,,,
ia_bim_eighteenth-century_arctic-zoology-arctic_pennant-thomas_1784_1,593,0.00036,junk,,,,
ia_bim_eighteenth-century_arctic-zoology-arctic_pennant-thomas_1784_1,594,0.00937,junk,,,,
ia_bim_eighteenth-century_arctic-zoology-arctic_pennant-thomas_1784_1,596,0.02183,junk,,,,
ia_bim_eighteenth-century_arctic-zoology-arctic_pennant-thomas_1784_1,597,0.00937,junk,,,,
ia_bim_eighteenth-century_arctic-zoology-arctic_pennant-thomas_1784_1,598,0.00222,junk,,,,
ia_bim_eighteenth-century_arctic-zoology-arctic_pennant-thomas_1784_1,599,0.01666,junk,,,,
ia_bim_eighteenth-century_arctic-zoology-arctic_pennant-thomas_1784_1,600,0.00483,junk,,,,
ia_bim_eighteenth-century_arctic-zoology-arctic_pennant-thomas_1784_1,601,0.00029,junk,,,,
ia_bim_eighteenth-century_arctic-zoology-arctic_pennant-thomas_1784_1,602,0.0024,junk,,,,
ia_bim_eighteenth-century_arctic-zoology-arctic_pennant-thomas_1784_1,603,0.01922,junk,,,,
ia_bim_eighteenth-century_arctic-zoology-arctic_pennant-thomas_1784_1,604,0.00076,junk,,,,
ia_bim_eighteenth-century_arctic-zoology-arctic_pennant-thomas_1784_1,605,0.04072,junk,,,,
ia_bim_eighteenth-century_arctic-zoology-arctic_pennant-thomas_1784_1,606,0.00655,junk,,,,
ia_bim_eighteenth-century_arctic-zoology-arctic_pennant-thomas_1784_1,607,0.34417,junk,,,,
ia_bim_eighteenth-century_arctic-zoology-arctic_pennant-thomas_1784_1,609,0.00287,junk,,,,
ia_bim_eighteenth-century_arctic-zoology-arctic_pennant-thomas_1784_1,610,0.00554,junk,,,,
ia_bim_eighteenth-century_arctic-zoology-arctic_pennant-thomas_1784_1,611,0.04487,junk,,,,
ia_bim_eighteenth-century_arctic-zoology-arctic_pennant-thomas_1784_1,612,0.29338,junk,,,,
ia_bim_eighteenth-century_arctic-zoology-arctic_pennant-thomas_1784_1,613,0.00032,junk,,,,
ia_bim_eighteenth-century_arctic-zoology-arctic_pennant-thomas_1784_1,614,0.75428,non_junk,non_divine_teleology,0.05057,0.93174,0.01769
ia_bim_eighteenth-century_arctic-zoology-arctic_pennant-thomas_1784_1,615,0.93674,non_junk,non_divine_teleology,0.00764,0.96281,0.02955
ia_bim_eighteenth-century_arctic-zoology-arctic_pennant-thomas_1784_1,616,0.11087,junk,,,,
ia_bim_eighteenth-century_arctic-zoology-arctic_pennant-thomas_1784_1,617,0.03352,junk,,,,
ia_bim_eighteenth-century_arctic-zoology-arctic_pennant-thomas_1784_1,618,0.0001,junk,,,,
ia_bim_eighteenth-century_arctic-zoology-arctic_pennant-thomas_1784_1,619,0.26899,junk,,,,
ia_bim_eighteenth-century_arctic-zoology-arctic_pennant-thomas_1784_1,620,0.00083,junk,,,,
ia_bim_eighteenth-century_arctic-zoology-arctic_pennant-thomas_1784_1,621,0.04678,junk,,,,
ia_bim_eighteenth-century_arctic-zoology-arctic_pennant-thomas_1784_1,622,0.00233,junk,,,,
ia_bim_eighteenth-century_arctic-zoology-arctic_pennant-thomas_1784_1,623,0.19011,junk,,,,
ia_bim_eighteenth-century_arctic-zoology-arctic_pennant-thomas_1784_1,624,0.00883,junk,,,,
ia_bim_eighteenth-century_arctic-zoology-arctic_pennant-thomas_1784_1,625,0.02722,junk,,,,
ia_bim_eighteenth-century_arctic-zoology-arctic_pennant-thomas_1784_1,628,0.00572,junk,,,,
ia_bim_eighteenth-century_arctic-zoology-arctic_pennant-thomas_1784_1,629,0.003,junk,,,,
ia_bim_eighteenth-century_arctic-zoology-arctic_pennant-thomas_1784_1,630,0.00113,junk,,,,
ia_bim_eighteenth-century_arctic-zoology-arctic_pennant-thomas_1784_1,631,0.00091,junk,,,,
ia_bim_eighteenth-century_arctic-zoology-arctic_pennant-thomas_1784_1,632,0.00018,junk,,,,
ia_bim_eighteenth-century_arctic-zoology-arctic_pennant-thomas_1784_1,633,0.00086,junk,,,,
ia_bim_eighteenth-century_arctic-zoology-arctic_pennant-thomas_1784_1,635,0.00021,junk,,,,
ia_bim_eighteenth-century_arctic-zoology-arctic_pennant-thomas_1784_1,636,0.05801,junk,,,,
ia_bim_eighteenth-century_arctic-zoology-arctic_pennant-thomas_1784_1,637,0.0031,junk,,,,
ia_bim_eighteenth-century_arctic-zoology-arctic_pennant-thomas_1784_1,638,0.21824,junk,,,,
ia_bim_eighteenth-century_arctic-zoology-arctic_pennant-thomas_1784_1,639,0.00185,junk,,,,
ia_bim_eighteenth-century_arctic-zoology-arctic_pennant-thomas_1784_1,640,0.00823,junk,,,,
ia_bim_eighteenth-century_arctic-zoology-arctic_pennant-thomas_1784_1,641,0.00745,junk,,,,
ia_bim_eighteenth-century_arctic-zoology-arctic_pennant-thomas_1784_1,642,0.00014,junk,,,,
ia_bim_eighteenth-century_arctic-zoology-arctic_pennant-thomas_1784_1,643,0.00023,junk,,,,
ia_bim_eighteenth-century_arctic-zoology-arctic_pennant-thomas_1784_1,644,0.2424,junk,,,,
ia_bim_eighteenth-century_arctic-zoology-arctic_pennant-thomas_1784_1,645,0.15162,junk,,,,
ia_bim_eighteenth-century_arctic-zoology-arctic_pennant-thomas_1784_1,646,0.02107,junk,,,,
ia_bim_eighteenth-century_arctic-zoology-arctic_pennant-thomas_1784_1,647,0.00166,junk,,,,
ia_bim_eighteenth-century_arctic-zoology-arctic_pennant-thomas_1784_1,648,0.00257,junk,,,,
ia_bim_eighteenth-century_arctic-zoology-arctic_pennant-thomas_1784_1,649,0.47287,junk,,,,
ia_bim_eighteenth-century_arctic-zoology-arctic_pennant-thomas_1784_1,650,0.00181,junk,,,,
ia_bim_eighteenth-century_arctic-zoology-arctic_pennant-thomas_1784_1,651,0.8167,non_junk,non_divine_teleology,0.06087,0.86209,0.07705
ia_bim_eighteenth-century_arctic-zoology-arctic_pennant-thomas_1784_1,652,0.5297,non_junk,non_divine_teleology,0.03218,0.94088,0.02694
ia_bim_eighteenth-century_arctic-zoology-arctic_pennant-thomas_1784_1,653,0.70016,non_junk,non_divine_teleology,0.00286,0.96206,0.03509
ia_bim_eighteenth-century_arctic-zoology-arctic_pennant-thomas_1784_1,654,0.30791,junk,,,,
ia_bim_eighteenth-century_arctic-zoology-arctic_pennant-thomas_1784_1,655,0.1999,junk,,,,
ia_bim_eighteenth-century_arctic-zoology-arctic_pennant-thomas_1784_1,656,0.00052,junk,,,,
ia_bim_eighteenth-century_arctic-zoology-arctic_pennant-thomas_1784_1,657,0.00595,junk,,,,
ia_bim_eighteenth-century_arctic-zoology-arctic_pennant-thomas_1784_1,658,0.07236,junk,,,,
ia_bim_eighteenth-century_arctic-zoology-arctic_pennant-thomas_1784_1,659,0.00595,junk,,,,
ia_bim_eighteenth-century_arctic-zoology-arctic_pennant-thomas_1784_1,660,0.49805,junk,,,,
ia_bim_eighteenth-century_arctic-zoology-arctic_pennant-thomas_1784_1,661,0.79123,non_junk,non_divine_teleology,0.02965,0.88772,0.08263
ia_bim_eighteenth-century_arctic-zoology-arctic_pennant-thomas_1784_1,662,0.68339,non_junk,non_divine_teleology,0.16303,0.61178,0.22519
ia_bim_eighteenth-century_arctic-zoology-arctic_pennant-thomas_1784_1,663,0.00035,junk,,,,
ia_bim_eighteenth-century_arctic-zoology-arctic_pennant-thomas_1784_1,664,2e-05,junk,,,,
ia_bim_eighteenth-century_arctic-zoology-arctic_pennant-thomas_1784_1,666,0.0011,junk,,,,
ia_bim_eighteenth-century_arctic-zoology-arctic_pennant-thomas_1784_1,667,0.03976,junk,,,,
ia_bim_eighteenth-century_arctic-zoology-arctic_pennant-thomas_1784_1,668,0.00077,junk,,,,
ia_bim_eighteenth-century_arctic-zoology-arctic_pennant-thomas_1784_1,669,5e-05,junk,,,,
ia_bim_eighteenth-century_arctic-zoology-arctic_pennant-thomas_1784_1,670,0.10421,junk,,,,
ia_bim_eighteenth-century_arctic-zoology-arctic_pennant-thomas_1784_1,671,0.89234,non_junk,non_divine_teleology,0.26218,0.70955,0.02827
ia_bim_eighteenth-century_arctic-zoology-arctic_pennant-thomas_1784_1,672,0.02367,junk,,,,
ia_bim_eighteenth-century_arctic-zoology-arctic_pennant-thomas_1784_1,673,0.47355,junk,,,,
ia_bim_eighteenth-century_arctic-zoology-arctic_pennant-thomas_1784_1,674,0.46833,junk,,,,
ia_bim_eighteenth-century_arctic-zoology-arctic_pennant-thomas_1784_1,675,0.00235,junk,,,,
ia_bim_eighteenth-century_arctic-zoology-arctic_pennant-thomas_1784_1,676,0.02968,junk,,,,
ia_bim_eighteenth-century_arctic-zoology-arctic_pennant-thomas_1784_1,677,0.07319,junk,,,,
ia_bim_eighteenth-century_arctic-zoology-arctic_pennant-thomas_1784_1,678,0.00475,junk,,,,
ia_bim_eighteenth-century_arctic-zoology-arctic_pennant-thomas_1784_1,679,0.00051,junk,,,,
ia_bim_eighteenth-century_arctic-zoology-arctic_pennant-thomas_1784_1,680,0.01317,junk,,,,
ia_bim_eighteenth-century_arctic-zoology-arctic_pennant-thomas_1784_1,681,0.04941,junk,,,,
ia_bim_eighteenth-century_arctic-zoology-arctic_pennant-thomas_1784_1,682,0.0036,junk,,,,
ia_bim_eighteenth-century_arctic-zoology-arctic_pennant-thomas_1784_1,683,0.6477,non_junk,non_divine_teleology,0.00811,0.98473,0.00715
ia_bim_eighteenth-century_arctic-zoology-arctic_pennant-thomas_1784_1,684,0.98862,non_junk,non_divine_teleology,0.00805,0.98765,0.0043
ia_bim_eighteenth-century_arctic-zoology-arctic_pennant-thomas_1784_1,685,0.04795,junk,,,,
ia_bim_eighteenth-century_arctic-zoology-arctic_pennant-thomas_1784_1,686,0.00284,junk,,,,
ia_bim_eighteenth-century_arctic-zoology-arctic_pennant-thomas_1784_1,687,0.0177,junk,,,,
ia_bim_eighteenth-century_arctic-zoology-arctic_pennant-thomas_1784_1,688,0.05087,junk,,,,
ia_bim_eighteenth-century_arctic-zoology-arctic_pennant-thomas_1784_1,689,0.57158,non_junk,non_divine_teleology,0.01371,0.98257,0.00372
ia_bim_eighteenth-century_arctic-zoology-arctic_pennant-thomas_1784_1,690,0.08314,junk,,,,
ia_bim_eighteenth-century_arctic-zoology-arctic_pennant-thomas_1784_1,691,0.01249,junk,,,,
ia_bim_eighteenth-century_arctic-zoology-arctic_pennant-thomas_1784_1,692,0.08802,junk,,,,
ia_bim_eighteenth-century_arctic-zoology-arctic_pennant-thomas_1784_1,693,0.1458,junk,,,,
ia_bim_eighteenth-century_arctic-zoology-arctic_pennant-thomas_1784_1,694,0.03493,junk,,,,
ia_bim_eighteenth-century_arctic-zoology-arctic_pennant-thomas_1784_1,695,0.00014,junk,,,,
ia_bim_eighteenth-century_arctic-zoology-arctic_pennant-thomas_1784_1,696,0.00286,junk,,,,
ia_bim_eighteenth-century_arctic-zoology-arctic_pennant-thomas_1784_1,697,9e-05,junk,,,,
ia_bim_eighteenth-century_arctic-zoology-arctic_pennant-thomas_1784_1,698,0.04389,junk,,,,
ia_bim_eighteenth-century_arctic-zoology-arctic_pennant-thomas_1784_1,699,0.0014,junk,,,,
ia_bim_eighteenth-century_arctic-zoology-arctic_pennant-thomas_1784_1,700,0.00074,junk,,,,
ia_bim_eighteenth-century_arctic-zoology-arctic_pennant-thomas_1784_1,701,0.90251,non_junk,non_divine_teleology,0.02276,0.93487,0.04237
ia_bim_eighteenth-century_arctic-zoology-arctic_pennant-thomas_1784_1,702,0.00016,junk,,,,
ia_bim_eighteenth-century_arctic-zoology-arctic_pennant-thomas_1784_1,703,0.26619,junk,,,,
ia_bim_eighteenth-century_arctic-zoology-arctic_pennant-thomas_1784_1,704,0.51062,non_junk,non_divine_teleology,0.0236,0.94105,0.03535
ia_bim_eighteenth-century_arctic-zoology-arctic_pennant-thomas_1784_1,705,0.87395,non_junk,non_divine_teleology,0.00644,0.97511,0.01845
ia_bim_eighteenth-century_arctic-zoology-arctic_pennant-thomas_1784_1,706,0.76903,non_junk,non_divine_teleology,0.01053,0.98359,0.00588
ia_bim_eighteenth-century_arctic-zoology-arctic_pennant-thomas_1784_1,707,0.94235,non_junk,non_divine_teleology,0.01874,0.95234,0.02892
ia_bim_eighteenth-century_arctic-zoology-arctic_pennant-thomas_1784_1,708,0.55646,non_junk,non_divine_teleology,0.01298,0.93337,0.05365
ia_bim_eighteenth-century_arctic-zoology-arctic_pennant-thomas_1784_1,709,0.9124,non_junk,non_divine_teleology,0.01413,0.97585,0.01002
ia_bim_eighteenth-century_arctic-zoology-arctic_pennant-thomas_1784_1,710,0.72152,non_junk,non_divine_teleology,0.0358,0.89851,0.06569
ia_bim_eighteenth-century_arctic-zoology-arctic_pennant-thomas_1784_1,711,0.6977,non_junk,non_divine_teleology,0.00976,0.97393,0.01631
ia_bim_eighteenth-century_arctic-zoology-arctic_pennant-thomas_1784_1,712,0.12824,junk,,,,
ia_bim_eighteenth-century_arctic-zoology-arctic_pennant-thomas_1784_1,713,0.36275,junk,,,,
ia_bim_eighteenth-century_arctic-zoology-arctic_pennant-thomas_1784_1,714,0.00048,junk,,,,
ia_bim_eighteenth-century_arctic-zoology-arctic_pennant-thomas_1784_1,715,0.00911,junk,,,,
ia_bim_eighteenth-century_arctic-zoology-arctic_pennant-thomas_1784_1,716,0.01014,junk,,,,
ia_bim_eighteenth-century_arctic-zoology-arctic_pennant-thomas_1784_1,717,0.00049,junk,,,,
ia_bim_eighteenth-century_arctic-zoology-arctic_pennant-thomas_1784_1,718,0.04726,junk,,,,
ia_bim_eighteenth-century_arctic-zoology-arctic_pennant-thomas_1784_1,719,0.18852,junk,,,,
ia_bim_eighteenth-century_arctic-zoology-arctic_pennant-thomas_1784_1,720,0.00021,junk,,,,
ia_bim_eighteenth-century_arctic-zoology-arctic_pennant-thomas_1784_1,721,0.30304,junk,,,,
ia_bim_eighteenth-century_arctic-zoology-arctic_pennant-thomas_1784_1,722,0.00061,junk,,,,
ia_bim_eighteenth-century_arctic-zoology-arctic_pennant-thomas_1784_1,723,0.00574,junk,,,,
ia_bim_eighteenth-century_arctic-zoology-arctic_pennant-thomas_1784_1,724,0.00021,junk,,,,
ia_bim_eighteenth-century_arctic-zoology-arctic_pennant-thomas_1784_1,725,0.72865,non_junk,non_divine_teleology,0.00291,0.98702,0.01007
ia_bim_eighteenth-century_arctic-zoology-arctic_pennant-thomas_1784_1,726,0.00184,junk,,,,
ia_bim_eighteenth-century_arctic-zoology-arctic_pennant-thomas_1784_1,727,0.13566,junk,,,,
ia_bim_eighteenth-century_arctic-zoology-arctic_pennant-thomas_1784_1,729,0.01543,junk,,,,
ia_bim_eighteenth-century_arctic-zoology-arctic_pennant-thomas_1784_1,730,0.12856,junk,,,,
ia_bim_eighteenth-century_arctic-zoology-arctic_pennant-thomas_1784_1,731,0.9727,non_junk,non_divine_teleology,0.01136,0.98098,0.00766
ia_bim_eighteenth-century_arctic-zoology-arctic_pennant-thomas_1784_1,732,0.02715,junk,,,,
ia_bim_eighteenth-century_arctic-zoology-arctic_pennant-thomas_1784_1,733,0.14117,junk,,,,
ia_bim_eighteenth-century_arctic-zoology-arctic_pennant-thomas_1784_1,734,0.40169,junk,,,,
ia_bim_eighteenth-century_arctic-zoology-arctic_pennant-thomas_1784_1,735,0.04193,junk,,,,
ia_bim_eighteenth-century_arctic-zoology-arctic_pennant-thomas_1784_1,736,0.00158,junk,,,,
ia_bim_eighteenth-century_arctic-zoology-arctic_pennant-thomas_1784_1,737,0.03503,junk,,,,
ia_bim_eighteenth-century_arctic-zoology-arctic_pennant-thomas_1784_1,738,0.01687,junk,,,,
ia_bim_eighteenth-century_arctic-zoology-arctic_pennant-thomas_1784_1,739,0.00142,junk,,,,
ia_bim_eighteenth-century_arctic-zoology-arctic_pennant-thomas_1784_1,740,0.01199,junk,,,,
ia_bim_eighteenth-century_arctic-zoology-arctic_pennant-thomas_1784_1,741,0.00246,junk,,,,
ia_bim_eighteenth-century_arctic-zoology-arctic_pennant-thomas_1784_1,742,0.06747,junk,,,,
ia_bim_eighteenth-century_arctic-zoology-arctic_pennant-thomas_1784_1,743,0.05842,junk,,,,
ia_bim_eighteenth-century_arctic-zoology-arctic_pennant-thomas_1784_1,744,0.04622,junk,,,,
ia_bim_eighteenth-century_arctic-zoology-arctic_pennant-thomas_1784_1,745,0.00511,junk,,,,
ia_bim_eighteenth-century_arctic-zoology-arctic_pennant-thomas_1784_1,746,0.00019,junk,,,,
ia_bim_eighteenth-century_arctic-zoology-arctic_pennant-thomas_1784_1,747,0.00072,junk,,,,
ia_bim_eighteenth-century_arctic-zoology-arctic_pennant-thomas_1784_1,748,0.01666,junk,,,,
ia_bim_eighteenth-century_arctic-zoology-arctic_pennant-thomas_1784_1,749,0.12807,junk,,,,
ia_bim_eighteenth-century_arctic-zoology-arctic_pennant-thomas_1784_1,750,0.44829,junk,,,,
ia_bim_eighteenth-century_arctic-zoology-arctic_pennant-thomas_1784_1,751,0.00506,junk,,,,
ia_bim_eighteenth-century_arctic-zoology-arctic_pennant-thomas_1784_1,752,0.06997,junk,,,,
ia_bim_eighteenth-century_arctic-zoology-arctic_pennant-thomas_1784_1,753,0.00774,junk,,,,
ia_bim_eighteenth-century_arctic-zoology-arctic_pennant-thomas_1784_1,754,0.07054,junk,,,,
ia_bim_eighteenth-century_arctic-zoology-arctic_pennant-thomas_1784_1,755,0.87843,non_junk,non_divine_teleology,0.00768,0.93723,0.05509
ia_bim_eighteenth-century_arctic-zoology-arctic_pennant-thomas_1784_1,756,0.96194,non_junk,non_divine_teleology,0.00049,0.99223,0.00728
ia_bim_eighteenth-century_arctic-zoology-arctic_pennant-thomas_1784_1,757,0.24866,junk,,,,
ia_bim_eighteenth-century_arctic-zoology-arctic_pennant-thomas_1784_1,758,0.02083,junk,,,,
ia_bim_eighteenth-century_arctic-zoology-arctic_pennant-thomas_1784_1,759,0.48419,junk,,,,
ia_bim_eighteenth-century_arctic-zoology-arctic_pennant-thomas_1784_1,760,0.01553,junk,,,,
ia_bim_eighteenth-century_arctic-zoology-arctic_pennant-thomas_1784_1,761,0.00604,junk,,,,
ia_bim_eighteenth-century_arctic-zoology-arctic_pennant-thomas_1784_1,762,0.00105,junk,,,,
ia_bim_eighteenth-century_arctic-zoology-arctic_pennant-thomas_1784_1,763,0.00355,junk,,,,
ia_bim_eighteenth-century_arctic-zoology-arctic_pennant-thomas_1784_1,764,0.21238,junk,,,,
ia_bim_eighteenth-century_arctic-zoology-arctic_pennant-thomas_1784_1,766,0.01001,junk,,,,
ia_bim_eighteenth-century_arctic-zoology-arctic_pennant-thomas_1784_1,767,8e-05,junk,,,,
ia_bim_eighteenth-century_arctic-zoology-arctic_pennant-thomas_1784_1,768,0.42843,junk,,,,
ia_bim_eighteenth-century_arctic-zoology-arctic_pennant-thomas_1784_1,769,0.2163,junk,,,,
ia_bim_eighteenth-century_arctic-zoology-arctic_pennant-thomas_1784_1,770,0.42843,junk,,,,
ia_bim_eighteenth-century_arctic-zoology-arctic_pennant-thomas_1784_1,771,0.2163,junk,,,,
ia_bim_eighteenth-century_arctic-zoology-arctic_pennant-thomas_1784_1,772,0.80598,non_junk,non_divine_teleology,0.00499,0.95048,0.04453
ia_bim_eighteenth-century_arctic-zoology-arctic_pennant-thomas_1784_1,773,0.02266,junk,,,,
ia_bim_eighteenth-century_arctic-zoology-arctic_pennant-thomas_1784_1,774,0.80598,non_junk,non_divine_teleology,0.00499,0.95048,0.04453
ia_bim_eighteenth-century_arctic-zoology-arctic_pennant-thomas_1784_1,775,0.02266,junk,,,,
ia_bim_eighteenth-century_arctic-zoology-arctic_pennant-thomas_1784_1,776,0.02806,junk,,,,
ia_bim_eighteenth-century_arctic-zoology-arctic_pennant-thomas_1784_1,777,0.0051,junk,,,,
ia_bim_eighteenth-century_arctic-zoology-arctic_pennant-thomas_1784_1,778,0.00774,junk,,,,
ia_bim_eighteenth-century_arctic-zoology-arctic_pennant-thomas_1784_1,779,0.01331,junk,,,,
ia_bim_eighteenth-century_arctic-zoology-arctic_pennant-thomas_1784_1,780,0.08716,junk,,,,
ia_bim_eighteenth-century_arctic-zoology-arctic_pennant-thomas_1784_1,781,0.00122,junk,,,,
ia_bim_eighteenth-century_arctic-zoology-arctic_pennant-thomas_1784_1,782,0.00122,junk,,,,
ia_bim_eighteenth-century_arctic-zoology-arctic_pennant-thomas_1784_1,783,0.00707,junk,,,,
ia_bim_eighteenth-century_arctic-zoology-arctic_pennant-thomas_1784_1,784,0.00011,junk,,,,
ia_bim_eighteenth-century_arctic-zoology-arctic_pennant-thomas_1784_1,785,9e-05,junk,,,,
ia_bim_eighteenth-century_arctic-zoology-arctic_pennant-thomas_1784_1,786,0.00023,junk,,,,
ia_bim_eighteenth-century_arctic-zoology-arctic_pennant-thomas_1784_1,787,0.00788,junk,,,,
ia_bim_eighteenth-century_arctic-zoology-arctic_pennant-thomas_1784_1,788,1e-05,junk,,,,
ia_bim_eighteenth-century_arctic-zoology-arctic_pennant-thomas_1784_1,789,0.0136,junk,,,,
ia_bim_eighteenth-century_arctic-zoology-arctic_pennant-thomas_1784_1,790,0.00045,junk,,,,
ia_bim_eighteenth-century_arctic-zoology-arctic_pennant-thomas_1784_1,791,0.00045,junk,,,,
ia_bim_eighteenth-century_arctic-zoology-arctic_pennant-thomas_1784_1,792,8e-05,junk,,,,
ia_bim_eighteenth-century_arctic-zoology-arctic_pennant-thomas_1784_1,793,0.30711,junk,,,,
ia_bim_eighteenth-century_arctic-zoology-arctic_pennant-thomas_1784_1,794,0.01238,junk,,,,
ia_bim_eighteenth-century_arctic-zoology-arctic_pennant-thomas_1784_1,795,0.01747,junk,,,,
ia_bim_eighteenth-century_arctic-zoology-arctic_pennant-thomas_1784_1,796,0.00326,junk,,,,
ia_bim_eighteenth-century_arctic-zoology-arctic_pennant-thomas_1784_1,797,0.24636,junk,,,,
ia_bim_eighteenth-century_arctic-zoology-arctic_pennant-thomas_1784_1,798,0.12316,junk,,,,
ia_bim_eighteenth-century_arctic-zoology-arctic_pennant-thomas_1784_1,799,0.36625,junk,,,,
ia_bim_eighteenth-century_arctic-zoology-arctic_pennant-thomas_1784_1,800,0.00208,junk,,,,
ia_bim_eighteenth-century_arctic-zoology-arctic_pennant-thomas_1784_1,801,0.00118,junk,,,,
ia_bim_eighteenth-century_arctic-zoology-arctic_pennant-thomas_1784_1,802,0.00686,junk,,,,
ia_bim_eighteenth-century_arctic-zoology-arctic_pennant-thomas_1784_1,803,0.00176,junk,,,,
ia_bim_eighteenth-century_arctic-zoology-arctic_pennant-thomas_1784_1,804,0.02749,junk,,,,
ia_bim_eighteenth-century_arctic-zoology-arctic_pennant-thomas_1784_1,805,0.00297,junk,,,,
ia_bim_eighteenth-century_arctic-zoology-arctic_pennant-thomas_1784_1,806,0.00094,junk,,,,
ia_bim_eighteenth-century_arctic-zoology-arctic_pennant-thomas_1784_1,807,0.00106,junk,,,,
ia_bim_eighteenth-century_arctic-zoology-arctic_pennant-thomas_1784_1,808,0.00045,junk,,,,
ia_bim_eighteenth-century_arctic-zoology-arctic_pennant-thomas_1784_1,809,0.95048,non_junk,non_divine_teleology,0.00426,0.96764,0.0281
ia_bim_eighteenth-century_arctic-zoology-arctic_pennant-thomas_1784_1,810,0.00319,junk,,,,
ia_bim_eighteenth-century_arctic-zoology-arctic_pennant-thomas_1784_1,811,0.00121,junk,,,,
ia_bim_eighteenth-century_arctic-zoology-arctic_pennant-thomas_1784_1,812,0.00072,junk,,,,
ia_bim_eighteenth-century_arctic-zoology-arctic_pennant-thomas_1784_1,813,0.0007,junk,,,,
ia_bim_eighteenth-century_arctic-zoology-arctic_pennant-thomas_1784_1,814,0.00576,junk,,,,
ia_bim_eighteenth-century_arctic-zoology-arctic_pennant-thomas_1784_1,816,0.00911,junk,,,,
ia_bim_eighteenth-century_arctic-zoology-arctic_pennant-thomas_1784_1,817,0.00126,junk,,,,
ia_bim_eighteenth-century_arctic-zoology-arctic_pennant-thomas_1784_1,819,0.00859,junk,,,,
ia_bim_eighteenth-century_arctic-zoology-arctic_pennant-thomas_1784_1,820,0.00122,junk,,,,
ia_bim_eighteenth-century_arctic-zoology-arctic_pennant-thomas_1784_1,821,0.00274,junk,,,,
ia_bim_eighteenth-century_arctic-zoology-arctic_pennant-thomas_1784_1,822,0.0026,junk,,,,
ia_bim_eighteenth-century_arctic-zoology-arctic_pennant-thomas_1784_1,823,0.00096,junk,,,,
ia_bim_eighteenth-century_arctic-zoology-arctic_pennant-thomas_1784_1,824,0.00197,junk,,,,
ia_bim_eighteenth-century_arctic-zoology-arctic_pennant-thomas_1784_1,825,0.01157,junk,,,,
ia_bim_eighteenth-century_arctic-zoology-arctic_pennant-thomas_1784_1,826,0.00066,junk,,,,
ia_bim_eighteenth-century_arctic-zoology-arctic_pennant-thomas_1784_1,827,0.00051,junk,,,,
ia_bim_eighteenth-century_arctic-zoology-arctic_pennant-thomas_1784_1,828,0.45879,junk,,,,
ia_bim_eighteenth-century_arctic-zoology-arctic_pennant-thomas_1784_1,829,0.00484,junk,,,,
ia_bim_eighteenth-century_arctic-zoology-arctic_pennant-thomas_1784_1,830,0.0217,junk,,,,
ia_bim_eighteenth-century_arctic-zoology-arctic_pennant-thomas_1784_1,831,0.61414,non_junk,non_divine_teleology,0.00485,0.97193,0.02323
ia_bim_eighteenth-century_arctic-zoology-arctic_pennant-thomas_1784_1,832,0.06252,junk,,,,
ia_bim_eighteenth-century_arctic-zoology-arctic_pennant-thomas_1784_1,833,0.81129,non_junk,non_divine_teleology,0.0099,0.96176,0.02834
ia_bim_eighteenth-century_arctic-zoology-arctic_pennant-thomas_1784_1,834,0.02271,junk,,,,
ia_bim_eighteenth-century_arctic-zoology-arctic_pennant-thomas_1784_1,835,0.00549,junk,,,,
ia_bim_eighteenth-century_arctic-zoology-arctic_pennant-thomas_1784_1,836,0.10307,junk,,,,
ia_bim_eighteenth-century_arctic-zoology-arctic_pennant-thomas_1784_1,837,0.04733,junk,,,,
ia_bim_eighteenth-century_arctic-zoology-arctic_pennant-thomas_1784_1,838,0.00051,junk,,,,
ia_bim_eighteenth-century_arctic-zoology-arctic_pennant-thomas_1784_1,839,0.08877,junk,,,,
ia_bim_eighteenth-century_arctic-zoology-arctic_pennant-thomas_1784_1,840,0.00578,junk,,,,
ia_bim_eighteenth-century_arctic-zoology-arctic_pennant-thomas_1784_1,841,0.00131,junk,,,,
ia_bim_eighteenth-century_arctic-zoology-arctic_pennant-thomas_1784_1,842,0.00218,junk,,,,
ia_bim_eighteenth-century_arctic-zoology-arctic_pennant-thomas_1784_1,843,0.08877,junk,,,,
ia_bim_eighteenth-century_arctic-zoology-arctic_pennant-thomas_1784_1,844,0.00578,junk,,,,
ia_bim_eighteenth-century_arctic-zoology-arctic_pennant-thomas_1784_1,845,0.00131,junk,,,,
ia_bim_eighteenth-century_arctic-zoology-arctic_pennant-thomas_1784_1,847,0.10584,junk,,,,
ia_bim_eighteenth-century_arctic-zoology-arctic_pennant-thomas_1784_1,848,0.0013,junk,,,,
ia_bim_eighteenth-century_arctic-zoology-arctic_pennant-thomas_1784_1,849,0.00027,junk,,,,
ia_bim_eighteenth-century_arctic-zoology-arctic_pennant-thomas_1784_1,850,0.01429,junk,,,,
ia_bim_eighteenth-century_arctic-zoology-arctic_pennant-thomas_1784_1,851,0.06385,junk,,,,
ia_bim_eighteenth-century_arctic-zoology-arctic_pennant-thomas_1784_1,852,0.07784,junk,,,,
ia_bim_eighteenth-century_arctic-zoology-arctic_pennant-thomas_1784_1,853,0.00618,junk,,,,
ia_bim_eighteenth-century_arctic-zoology-arctic_pennant-thomas_1784_1,854,0.00675,junk,,,,
ia_bim_eighteenth-century_arctic-zoology-arctic_pennant-thomas_1784_1,855,0.01321,junk,,,,
ia_bim_eighteenth-century_arctic-zoology-arctic_pennant-thomas_1784_1,856,0.00479,junk,,,,
ia_bim_eighteenth-century_arctic-zoology-arctic_pennant-thomas_1784_1,857,0.02242,junk,,,,
ia_bim_eighteenth-century_arctic-zoology-arctic_pennant-thomas_1784_1,858,0.00054,junk,,,,
ia_bim_eighteenth-century_arctic-zoology-arctic_pennant-thomas_1784_1,859,0.00158,junk,,,,
ia_bim_eighteenth-century_arctic-zoology-arctic_pennant-thomas_1784_1,860,0.02796,junk,,,,
ia_bim_eighteenth-century_arctic-zoology-arctic_pennant-thomas_1784_1,861,0.03757,junk,,,,
ia_bim_eighteenth-century_arctic-zoology-arctic_pennant-thomas_1784_1,862,0.13916,junk,,,,
ia_bim_eighteenth-century_arctic-zoology-arctic_pennant-thomas_1784_1,863,0.37837,junk,,,,
ia_bim_eighteenth-century_arctic-zoology-arctic_pennant-thomas_1784_1,864,0.01258,junk,,,,
ia_bim_eighteenth-century_arctic-zoology-arctic_pennant-thomas_1784_1,865,0.03418,junk,,,,
ia_bim_eighteenth-century_arctic-zoology-arctic_pennant-thomas_1784_1,866,0.00915,junk,,,,
ia_bim_eighteenth-century_arctic-zoology-arctic_pennant-thomas_1784_1,867,0.00052,junk,,,,
ia_bim_eighteenth-century_arctic-zoology-arctic_pennant-thomas_1784_1,868,0.00248,junk,,,,
ia_bim_eighteenth-century_arctic-zoology-arctic_pennant-thomas_1784_1,869,0.00735,junk,,,,
ia_bim_eighteenth-century_arctic-zoology-arctic_pennant-thomas_1784_1,870,0.02803,junk,,,,
ia_bim_eighteenth-century_arctic-zoology-arctic_pennant-thomas_1784_1,871,0.00023,junk,,,,
ia_bim_eighteenth-century_arctic-zoology-arctic_pennant-thomas_1784_1,872,4e-05,junk,,,,
ia_bim_eighteenth-century_arctic-zoology-arctic_pennant-thomas_1784_1,873,0.00079,junk,,,,
ia_bim_eighteenth-century_arctic-zoology-arctic_pennant-thomas_1784_1,874,0.00015,junk,,,,
ia_bim_eighteenth-century_arctic-zoology-arctic_pennant-thomas_1784_1,875,0.28747,junk,,,,
ia_bim_eighteenth-century_arctic-zoology-arctic_pennant-thomas_1784_1,876,0.97091,non_junk,non_divine_teleology,0.00115,0.97205,0.0268
ia_bim_eighteenth-century_arctic-zoology-arctic_pennant-thomas_1784_1,877,0.00108,junk,,,,
ia_bim_eighteenth-century_arctic-zoology-arctic_pennant-thomas_1784_1,878,0.00239,junk,,,,
ia_bim_eighteenth-century_arctic-zoology-arctic_pennant-thomas_1784_1,879,0.02962,junk,,,,
ia_bim_eighteenth-century_arctic-zoology-arctic_pennant-thomas_1784_1,880,0.06565,junk,,,,
ia_bim_eighteenth-century_arctic-zoology-arctic_pennant-thomas_1784_1,882,0.03217,junk,,,,
ia_bim_eighteenth-century_arctic-zoology-arctic_pennant-thomas_1784_1,883,0.01548,junk,,,,
ia_bim_eighteenth-century_arctic-zoology-arctic_pennant-thomas_1784_1,884,0.15512,junk,,,,
ia_bim_eighteenth-century_arctic-zoology-arctic_pennant-thomas_1784_1,886,0.0227,junk,,,,
ia_bim_eighteenth-century_arctic-zoology-arctic_pennant-thomas_1784_1,887,0.22454,junk,,,,
ia_bim_eighteenth-century_arctic-zoology-arctic_pennant-thomas_1784_1,889,0.04523,junk,,,,
ia_bim_eighteenth-century_arctic-zoology-arctic_pennant-thomas_1784_1,890,0.0013,junk,,,,
ia_bim_eighteenth-century_arctic-zoology-arctic_pennant-thomas_1784_1,891,0.00104,junk,,,,
ia_bim_eighteenth-century_arctic-zoology-arctic_pennant-thomas_1784_1,892,0.21984,junk,,,,
ia_bim_eighteenth-century_arctic-zoology-arctic_pennant-thomas_1784_1,893,0.30459,junk,,,,
ia_bim_eighteenth-century_arctic-zoology-arctic_pennant-thomas_1784_1,894,0.71565,non_junk,non_divine_teleology,0.01213,0.9158,0.07208
ia_bim_eighteenth-century_arctic-zoology-arctic_pennant-thomas_1784_1,895,0.8092,non_junk,non_divine_teleology,0.00207,0.99081,0.00712
ia_bim_eighteenth-century_arctic-zoology-arctic_pennant-thomas_1784_1,896,0.04244,junk,,,,
ia_bim_eighteenth-century_arctic-zoology-arctic_pennant-thomas_1784_1,897,0.22495,junk,,,,
ia_bim_eighteenth-century_arctic-zoology-arctic_pennant-thomas_1784_1,898,0.00083,junk,,,,
ia_bim_eighteenth-century_arctic-zoology-arctic_pennant-thomas_1784_1,899,0.00108,junk,,,,
ia_bim_eighteenth-century_arctic-zoology-arctic_pennant-thomas_1784_1,900,0.03515,junk,,,,
ia_bim_eighteenth-century_arctic-zoology-arctic_pennant-thomas_1784_1,901,0.00225,junk,,,,
ia_bim_eighteenth-century_arctic-zoology-arctic_pennant-thomas_1784_1,902,0.08278,junk,,,,
ia_bim_eighteenth-century_arctic-zoology-arctic_pennant-thomas_1784_1,903,0.01925,junk,,,,
ia_bim_eighteenth-century_arctic-zoology-arctic_pennant-thomas_1784_1,904,0.02795,junk,,,,
ia_bim_eighteenth-century_arctic-zoology-arctic_pennant-thomas_1784_1,905,7e-05,junk,,,,
ia_bim_eighteenth-century_arctic-zoology-arctic_pennant-thomas_1784_1,906,0.00094,junk,,,,
ia_bim_eighteenth-century_arctic-zoology-arctic_pennant-thomas_1784_1,907,0.08821,junk,,,,
ia_bim_eighteenth-century_arctic-zoology-arctic_pennant-thomas_1784_1,908,0.37078,junk,,,,
ia_bim_eighteenth-century_arctic-zoology-arctic_pennant-thomas_1784_1,909,0.07098,junk,,,,
ia_bim_eighteenth-century_arctic-zoology-arctic_pennant-thomas_1784_1,910,0.01811,junk,,,,
ia_bim_eighteenth-century_arctic-zoology-arctic_pennant-thomas_1784_1,911,0.04922,junk,,,,
ia_bim_eighteenth-century_arctic-zoology-arctic_pennant-thomas_1784_1,912,5e-05,junk,,,,
ia_bim_eighteenth-century_arctic-zoology-arctic_pennant-thomas_1784_1,913,0.00094,junk,,,,
ia_bim_eighteenth-century_arctic-zoology-arctic_pennant-thomas_1784_1,914,0.00029,junk,,,,
ia_bim_eighteenth-century_arctic-zoology-arctic_pennant-thomas_1784_1,915,0.00035,junk,,,,
ia_bim_eighteenth-century_arctic-zoology-arctic_pennant-thomas_1784_1,916,0.00127,junk,,,,
ia_bim_eighteenth-century_arctic-zoology-arctic_pennant-thomas_1784_1,917,0.08307,junk,,,,
ia_bim_eighteenth-century_arctic-zoology-arctic_pennant-thomas_1784_1,918,0.00358,junk,,,,
ia_bim_eighteenth-century_arctic-zoology-arctic_pennant-thomas_1784_1,919,0.00372,junk,,,,
ia_bim_eighteenth-century_arctic-zoology-arctic_pennant-thomas_1784_1,920,0.00272,junk,,,,
ia_bim_eighteenth-century_arctic-zoology-arctic_pennant-thomas_1784_1,921,0.43692,junk,,,,
ia_bim_eighteenth-century_arctic-zoology-arctic_pennant-thomas_1784_1,922,0.00175,junk,,,,
ia_bim_eighteenth-century_arctic-zoology-arctic_pennant-thomas_1784_1,923,0.01172,junk,,,,
ia_bim_eighteenth-century_arctic-zoology-arctic_pennant-thomas_1784_1,924,0.43692,junk,,,,
ia_bim_eighteenth-century_arctic-zoology-arctic_pennant-thomas_1784_1,925,0.00175,junk,,,,
ia_bim_eighteenth-century_arctic-zoology-arctic_pennant-thomas_1784_1,926,0.00993,junk,,,,
ia_bim_eighteenth-century_arctic-zoology-arctic_pennant-thomas_1784_1,927,0.5074,non_junk,non_divine_teleology,0.00154,0.97181,0.02665
ia_bim_eighteenth-century_arctic-zoology-arctic_pennant-thomas_1784_1,928,0.001,junk,,,,
ia_bim_eighteenth-century_arctic-zoology-arctic_pennant-thomas_1784_1,929,0.13438,junk,,,,
ia_bim_eighteenth-century_arctic-zoology-arctic_pennant-thomas_1784_1,930,0.05176,junk,,,,
ia_bim_eighteenth-century_arctic-zoology-arctic_pennant-thomas_1784_1,931,0.00276,junk,,,,
ia_bim_eighteenth-century_arctic-zoology-arctic_pennant-thomas_1784_1,932,0.77977,non_junk,non_divine_teleology,0.05759,0.69908,0.24333
ia_bim_eighteenth-century_arctic-zoology-arctic_pennant-thomas_1784_1,933,0.03047,junk,,,,
ia_bim_eighteenth-century_arctic-zoology-arctic_pennant-thomas_1784_1,934,0.00314,junk,,,,
ia_bim_eighteenth-century_arctic-zoology-arctic_pennant-thomas_1784_1,935,0.86946,non_junk,non_divine_teleology,0.0046,0.98558,0.00982
ia_bim_eighteenth-century_arctic-zoology-arctic_pennant-thomas_1784_1,936,0.06073,junk,,,,
ia_bim_eighteenth-century_arctic-zoology-arctic_pennant-thomas_1784_1,937,0.00554,junk,,,,
ia_bim_eighteenth-century_arctic-zoology-arctic_pennant-thomas_1784_1,938,0.00486,junk,,,,
ia_bim_eighteenth-century_arctic-zoology-arctic_pennant-thomas_1784_1,939,0.00012,junk,,,,
ia_bim_eighteenth-century_arctic-zoology-arctic_pennant-thomas_1784_1,940,0.01296,junk,,,,
ia_bim_eighteenth-century_arctic-zoology-arctic_pennant-thomas_1784_1,941,0.00027,junk,,,,
ia_bim_eighteenth-century_arctic-zoology-arctic_pennant-thomas_1784_1,942,0.00059,junk,,,,
ia_bim_eighteenth-century_arctic-zoology-arctic_pennant-thomas_1784_1,943,0.04273,junk,,,,
ia_bim_eighteenth-century_arctic-zoology-arctic_pennant-thomas_1784_1,944,0.2566,junk,,,,
ia_bim_eighteenth-century_arctic-zoology-arctic_pennant-thomas_1784_1,945,0.23196,junk,,,,
ia_bim_eighteenth-century_arctic-zoology-arctic_pennant-thomas_1784_1,946,0.0254,junk,,,,
ia_bim_eighteenth-century_arctic-zoology-arctic_pennant-thomas_1784_1,947,0.05103,junk,,,,
ia_bim_eighteenth-century_arctic-zoology-arctic_pennant-thomas_1784_1,948,0.02162,junk,,,,
ia_bim_eighteenth-century_arctic-zoology-arctic_pennant-thomas_1784_1,949,0.00425,junk,,,,
ia_bim_eighteenth-century_arctic-zoology-arctic_pennant-thomas_1784_1,950,0.02795,junk,,,,
ia_bim_eighteenth-century_arctic-zoology-arctic_pennant-thomas_1784_1,951,0.00011,junk,,,,
ia_bim_eighteenth-century_arctic-zoology-arctic_pennant-thomas_1784_1,952,0.01039,junk,,,,
ia_bim_eighteenth-century_arctic-zoology-arctic_pennant-thomas_1784_1,953,0.09628,junk,,,,
ia_bim_eighteenth-century_arctic-zoology-arctic_pennant-thomas_1784_1,954,0.00039,junk,,,,
ia_bim_eighteenth-century_arctic-zoology-arctic_pennant-thomas_1784_1,955,0.00835,junk,,,,
ia_bim_eighteenth-century_arctic-zoology-arctic_pennant-thomas_1784_1,956,0.00035,junk,,,,
ia_bim_eighteenth-century_arctic-zoology-arctic_pennant-thomas_1784_1,957,0.0093,junk,,,,
ia_bim_eighteenth-century_arctic-zoology-arctic_pennant-thomas_1784_1,958,0.00252,junk,,,,
ia_bim_eighteenth-century_arctic-zoology-arctic_pennant-thomas_1784_1,959,0.91663,non_junk,non_divine_teleology,0.00834,0.96658,0.02507
ia_bim_eighteenth-century_arctic-zoology-arctic_pennant-thomas_1784_1,960,0.00425,junk,,,,
ia_bim_eighteenth-century_arctic-zoology-arctic_pennant-thomas_1784_1,961,0.00101,junk,,,,
ia_bim_eighteenth-century_arctic-zoology-arctic_pennant-thomas_1784_1,962,0.63134,non_junk,internal_essence,0.01127,0.44899,0.53974
ia_bim_eighteenth-century_arctic-zoology-arctic_pennant-thomas_1784_1,963,0.00508,junk,,,,
ia_bim_eighteenth-century_arctic-zoology-arctic_pennant-thomas_1784_1,964,0.02119,junk,,,,
ia_bim_eighteenth-century_arctic-zoology-arctic_pennant-thomas_1784_1,965,0.00595,junk,,,,
ia_bim_eighteenth-century_arctic-zoology-arctic_pennant-thomas_1784_1,966,0.00011,junk,,,,
ia_bim_eighteenth-century_arctic-zoology-arctic_pennant-thomas_1784_1,967,0.12059,junk,,,,
ia_bim_eighteenth-century_arctic-zoology-arctic_pennant-thomas_1784_1,968,0.10763,junk,,,,
ia_bim_eighteenth-century_arctic-zoology-arctic_pennant-thomas_1784_1,969,0.00044,junk,,,,
ia_bim_eighteenth-century_arctic-zoology-arctic_pennant-thomas_1784_1,970,0.00643,junk,,,,
ia_bim_eighteenth-century_arctic-zoology-arctic_pennant-thomas_1784_1,971,0.03198,junk,,,,
ia_bim_eighteenth-century_arctic-zoology-arctic_pennant-thomas_1784_1,972,0.02263,junk,,,,
ia_bim_eighteenth-century_arctic-zoology-arctic_pennant-thomas_1784_1,973,0.00092,junk,,,,
ia_bim_eighteenth-century_arctic-zoology-arctic_pennant-thomas_1784_1,974,0.02752,junk,,,,
ia_bim_eighteenth-century_arctic-zoology-arctic_pennant-thomas_1784_1,975,0.00357,junk,,,,
ia_bim_eighteenth-century_arctic-zoology-arctic_pennant-thomas_1784_1,976,0.02063,junk,,,,
ia_bim_eighteenth-century_arctic-zoology-arctic_pennant-thomas_1784_1,977,0.00256,junk,,,,
ia_bim_eighteenth-century_arctic-zoology-arctic_pennant-thomas_1784_1,978,0.00027,junk,,,,
ia_bim_eighteenth-century_arctic-zoology-arctic_pennant-thomas_1784_1,979,0.00015,junk,,,,
ia_bim_eighteenth-century_arctic-zoology-arctic_pennant-thomas_1784_1,980,0.00042,junk,,,,
ia_bim_eighteenth-century_arctic-zoology-arctic_pennant-thomas_1784_1,981,0.00451,junk,,,,
ia_bim_eighteenth-century_arctic-zoology-arctic_pennant-thomas_1784_1,982,0.63138,non_junk,non_divine_teleology,0.07648,0.89441,0.02912
ia_bim_eighteenth-century_arctic-zoology-arctic_pennant-thomas_1784_1,983,0.0106,junk,,,,
ia_bim_eighteenth-century_arctic-zoology-arctic_pennant-thomas_1784_1,984,0.01358,junk,,,,
ia_bim_eighteenth-century_arctic-zoology-arctic_pennant-thomas_1784_1,985,0.02013,junk,,,,
ia_bim_eighteenth-century_arctic-zoology-arctic_pennant-thomas_1784_1,986,0.28237,junk,,,,
ia_bim_eighteenth-century_arctic-zoology-arctic_pennant-thomas_1784_1,987,0.25716,junk,,,,
ia_bim_eighteenth-century_arctic-zoology-arctic_pennant-thomas_1784_1,988,0.04058,junk,,,,
ia_bim_eighteenth-century_arctic-zoology-arctic_pennant-thomas_1784_1,989,0.00567,junk,,,,
ia_bim_eighteenth-century_arctic-zoology-arctic_pennant-thomas_1784_1,990,0.63861,non_junk,non_divine_teleology,0.06623,0.84854,0.08523
ia_bim_eighteenth-century_arctic-zoology-arctic_pennant-thomas_1784_1,991,0.04873,junk,,,,
ia_bim_eighteenth-century_arctic-zoology-arctic_pennant-thomas_1784_1,992,0.12612,junk,,,,
ia_bim_eighteenth-century_arctic-zoology-arctic_pennant-thomas_1784_1,993,0.00317,junk,,,,
ia_bim_eighteenth-century_arctic-zoology-arctic_pennant-thomas_1784_1,995,0.00021,junk,,,,
ia_bim_eighteenth-century_arctic-zoology-arctic_pennant-thomas_1784_1,996,0.74933,non_junk,non_divine_teleology,0.01808,0.96055,0.02137
ia_bim_eighteenth-century_arctic-zoology-arctic_pennant-thomas_1784_1,997,0.00452,junk,,,,
ia_bim_eighteenth-century_arctic-zoology-arctic_pennant-thomas_1784_1,998,0.00058,junk,,,,
ia_bim_eighteenth-century_arctic-zoology-arctic_pennant-thomas_1784_1,999,0.00021,junk,,,,
ia_bim_eighteenth-century_arctic-zoology-arctic_pennant-thomas_1784_1,1000,0.03463,junk,,,,
ia_bim_eighteenth-century_arctic-zoology-arctic_pennant-thomas_1784_1,1001,0.01131,junk,,,,
ia_bim_eighteenth-century_arctic-zoology-arctic_pennant-thomas_1784_1,1002,0.02445,junk,,,,
ia_bim_eighteenth-century_arctic-zoology-arctic_pennant-thomas_1784_1,1003,0.00848,junk,,,,
ia_bim_eighteenth-century_arctic-zoology-arctic_pennant-thomas_1784_1,1004,0.36052,junk,,,,
ia_bim_eighteenth-century_arctic-zoology-arctic_pennant-thomas_1784_1,1005,0.001,junk,,,,
ia_bim_eighteenth-century_arctic-zoology-arctic_pennant-thomas_1784_1,1006,0.00448,junk,,,,
ia_bim_eighteenth-century_arctic-zoology-arctic_pennant-thomas_1784_1,1007,0.02,junk,,,,
ia_bim_eighteenth-century_arctic-zoology-arctic_pennant-thomas_1784_1,1008,0.55711,non_junk,internal_essence,0.01752,0.23185,0.75063
ia_bim_eighteenth-century_arctic-zoology-arctic_pennant-thomas_1784_1,1009,0.8957,non_junk,non_divine_teleology,0.00463,0.99129,0.00408
ia_bim_eighteenth-century_arctic-zoology-arctic_pennant-thomas_1784_1,1010,0.00095,junk,,,,
ia_bim_eighteenth-century_arctic-zoology-arctic_pennant-thomas_1784_1,1011,0.07865,junk,,,,
ia_bim_eighteenth-century_arctic-zoology-arctic_pennant-thomas_1784_1,1012,0.15222,junk,,,,
ia_bim_eighteenth-century_arctic-zoology-arctic_pennant-thomas_1784_1,1013,0.29234,junk,,,,
ia_bim_eighteenth-century_arctic-zoology-arctic_pennant-thomas_1784_1,1014,0.01659,junk,,,,
ia_bim_eighteenth-century_arctic-zoology-arctic_pennant-thomas_1784_1,1015,0.01659,junk,,,,
ia_bim_eighteenth-century_arctic-zoology-arctic_pennant-thomas_1784_1,1016,0.1228,junk,,,,
ia_bim_eighteenth-century_arctic-zoology-arctic_pennant-thomas_1784_1,1017,0.18506,junk,,,,
ia_bim_eighteenth-century_arctic-zoology-arctic_pennant-thomas_1784_1,1018,0.08008,junk,,,,
ia_bim_eighteenth-century_arctic-zoology-arctic_pennant-thomas_1784_1,1019,0.00198,junk,,,,
ia_bim_eighteenth-century_arctic-zoology-arctic_pennant-thomas_1784_1,1020,9e-05,junk,,,,
ia_bim_eighteenth-century_arctic-zoology-arctic_pennant-thomas_1784_1,1021,0.00555,junk,,,,
ia_bim_eighteenth-century_arctic-zoology-arctic_pennant-thomas_1784_1,1023,0.00088,junk,,,,
ia_bim_eighteenth-century_arctic-zoology-arctic_pennant-thomas_1784_1,1024,0.00024,junk,,,,
ia_bim_eighteenth-century_arctic-zoology-arctic_pennant-thomas_1784_1,1025,0.00222,junk,,,,
ia_bim_eighteenth-century_arctic-zoology-arctic_pennant-thomas_1784_1,1026,0.00087,junk,,,,
ia_bim_eighteenth-century_arctic-zoology-arctic_pennant-thomas_1784_1,1027,0.0133,junk,,,,
ia_bim_eighteenth-century_arctic-zoology-arctic_pennant-thomas_1784_1,1028,0.96086,non_junk,non_divine_teleology,0.00756,0.91501,0.07743
ia_bim_eighteenth-century_arctic-zoology-arctic_pennant-thomas_1784_1,1029,0.01797,junk,,,,
ia_bim_eighteenth-century_arctic-zoology-arctic_pennant-thomas_1784_1,1030,0.43301,junk,,,,
ia_bim_eighteenth-century_arctic-zoology-arctic_pennant-thomas_1784_1,1031,0.00454,junk,,,,
ia_bim_eighteenth-century_arctic-zoology-arctic_pennant-thomas_1784_1,1032,0.00946,junk,,,,
ia_bim_eighteenth-century_arctic-zoology-arctic_pennant-thomas_1784_1,1033,0.00082,junk,,,,
ia_bim_eighteenth-century_arctic-zoology-arctic_pennant-thomas_1784_1,1034,0.0143,junk,,,,
ia_bim_eighteenth-century_arctic-zoology-arctic_pennant-thomas_1784_1,1035,0.00193,junk,,,,
ia_bim_eighteenth-century_arctic-zoology-arctic_pennant-thomas_1784_1,1036,0.02847,junk,,,,
ia_bim_eighteenth-century_arctic-zoology-arctic_pennant-thomas_1784_1,1037,0.0011,junk,,,,
ia_bim_eighteenth-century_arctic-zoology-arctic_pennant-thomas_1784_1,1038,0.00038,junk,,,,
ia_bim_eighteenth-century_arctic-zoology-arctic_pennant-thomas_1784_1,1039,0.00026,junk,,,,
ia_bim_eighteenth-century_arctic-zoology-arctic_pennant-thomas_1784_1,1040,0.91694,non_junk,non_divine_teleology,0.02336,0.96906,0.00758
ia_bim_eighteenth-century_arctic-zoology-arctic_pennant-thomas_1784_1,1041,0.00766,junk,,,,
ia_bim_eighteenth-century_arctic-zoology-arctic_pennant-thomas_1784_1,1042,0.18428,junk,,,,
ia_bim_eighteenth-century_arctic-zoology-arctic_pennant-thomas_1784_1,1043,0.0133,junk,,,,
ia_bim_eighteenth-century_arctic-zoology-arctic_pennant-thomas_1784_1,1044,0.00273,junk,,,,
ia_bim_eighteenth-century_arctic-zoology-arctic_pennant-thomas_1784_1,1045,0.00183,junk,,,,
ia_bim_eighteenth-century_arctic-zoology-arctic_pennant-thomas_1784_1,1046,0.37276,junk,,,,
ia_bim_eighteenth-century_arctic-zoology-arctic_pennant-thomas_1784_1,1047,0.26495,junk,,,,
ia_bim_eighteenth-century_arctic-zoology-arctic_pennant-thomas_1784_1,1048,0.00436,junk,,,,
ia_bim_eighteenth-century_arctic-zoology-arctic_pennant-thomas_1784_1,1049,0.00028,junk,,,,
ia_bim_eighteenth-century_arctic-zoology-arctic_pennant-thomas_1784_1,1050,0.43479,junk,,,,
ia_bim_eighteenth-century_arctic-zoology-arctic_pennant-thomas_1784_1,1051,0.00556,junk,,,,
ia_bim_eighteenth-century_arctic-zoology-arctic_pennant-thomas_1784_1,1052,0.08365,junk,,,,
ia_bim_eighteenth-century_arctic-zoology-arctic_pennant-thomas_1784_1,1053,0.00245,junk,,,,
ia_bim_eighteenth-century_arctic-zoology-arctic_pennant-thomas_1784_1,1054,0.00041,junk,,,,
ia_bim_eighteenth-century_arctic-zoology-arctic_pennant-thomas_1784_1,1055,0.00682,junk,,,,
ia_bim_eighteenth-century_arctic-zoology-arctic_pennant-thomas_1784_1,1056,0.00053,junk,,,,
ia_bim_eighteenth-century_arctic-zoology-arctic_pennant-thomas_1784_1,1057,0.16985,junk,,,,
ia_bim_eighteenth-century_arctic-zoology-arctic_pennant-thomas_1784_1,1058,0.00096,junk,,,,
ia_bim_eighteenth-century_arctic-zoology-arctic_pennant-thomas_1784_1,1060,0.0074,junk,,,,
ia_bim_eighteenth-century_arctic-zoology-arctic_pennant-thomas_1784_1,1061,0.00122,junk,,,,
ia_bim_eighteenth-century_arctic-zoology-arctic_pennant-thomas_1784_1,1062,0.00503,junk,,,,
ia_bim_eighteenth-century_arctic-zoology-arctic_pennant-thomas_1784_1,1063,0.02483,junk,,,,
ia_bim_eighteenth-century_arctic-zoology-arctic_pennant-thomas_1784_1,1065,0.00205,junk,,,,
ia_bim_eighteenth-century_arctic-zoology-arctic_pennant-thomas_1784_1,1066,0.00215,junk,,,,
ia_bim_eighteenth-century_arctic-zoology-arctic_pennant-thomas_1784_1,1067,0.01483,junk,,,,
ia_bim_eighteenth-century_arctic-zoology-arctic_pennant-thomas_1784_1,1068,0.05938,junk,,,,
ia_bim_eighteenth-century_arctic-zoology-arctic_pennant-thomas_1784_1,1069,0.00167,junk,,,,
ia_bim_eighteenth-century_arctic-zoology-arctic_pennant-thomas_1784_1,1070,0.00202,junk,,,,
ia_bim_eighteenth-century_arctic-zoology-arctic_pennant-thomas_1784_1,1071,0.02786,junk,,,,
ia_bim_eighteenth-century_arctic-zoology-arctic_pennant-thomas_1784_1,1072,0.98198,non_junk,non_divine_teleology,0.02247,0.93134,0.04619
ia_bim_eighteenth-century_arctic-zoology-arctic_pennant-thomas_1784_1,1073,0.80148,non_junk,non_divine_teleology,0.01722,0.96759,0.01519
ia_bim_eighteenth-century_arctic-zoology-arctic_pennant-thomas_1784_1,1074,0.01502,junk,,,,
ia_bim_eighteenth-century_arctic-zoology-arctic_pennant-thomas_1784_1,1075,0.02766,junk,,,,
ia_bim_eighteenth-century_arctic-zoology-arctic_pennant-thomas_1784_1,1076,0.00229,junk,,,,
ia_bim_eighteenth-century_arctic-zoology-arctic_pennant-thomas_1784_1,1077,0.00653,junk,,,,
ia_bim_eighteenth-century_arctic-zoology-arctic_pennant-thomas_1784_1,1079,0.5462,non_junk,non_divine_teleology,0.01068,0.95836,0.03096
ia_bim_eighteenth-century_arctic-zoology-arctic_pennant-thomas_1784_1,1080,0.01708,junk,,,,
ia_bim_eighteenth-century_arctic-zoology-arctic_pennant-thomas_1784_1,1081,0.36523,junk,,,,
ia_bim_eighteenth-century_arctic-zoology-arctic_pennant-thomas_1784_1,1082,0.00058,junk,,,,
ia_bim_eighteenth-century_arctic-zoology-arctic_pennant-thomas_1784_1,1083,0.06041,junk,,,,
ia_bim_eighteenth-century_arctic-zoology-arctic_pennant-thomas_1784_1,1084,0.00874,junk,,,,
ia_bim_eighteenth-century_arctic-zoology-arctic_pennant-thomas_1784_1,1085,0.00123,junk,,,,
ia_bim_eighteenth-century_arctic-zoology-arctic_pennant-thomas_1784_1,1086,0.00415,junk,,,,
ia_bim_eighteenth-century_arctic-zoology-arctic_pennant-thomas_1784_1,1087,0.84071,non_junk,non_divine_teleology,0.00066,0.99429,0.00504
ia_bim_eighteenth-century_arctic-zoology-arctic_pennant-thomas_1784_1,1088,0.00118,junk,,,,
ia_bim_eighteenth-century_arctic-zoology-arctic_pennant-thomas_1784_1,1089,0.06068,junk,,,,
ia_bim_eighteenth-century_arctic-zoology-arctic_pennant-thomas_1784_1,1090,0.00303,junk,,,,
ia_bim_eighteenth-century_arctic-zoology-arctic_pennant-thomas_1784_1,1091,0.00908,junk,,,,
ia_bim_eighteenth-century_arctic-zoology-arctic_pennant-thomas_1784_1,1092,0.05046,junk,,,,
ia_bim_eighteenth-century_arctic-zoology-arctic_pennant-thomas_1784_1,1093,0.01,junk,,,,
ia_bim_eighteenth-century_arctic-zoology-arctic_pennant-thomas_1784_1,1094,0.03846,junk,,,,
ia_bim_eighteenth-century_arctic-zoology-arctic_pennant-thomas_1784_1,1095,0.00576,junk,,,,
ia_bim_eighteenth-century_arctic-zoology-arctic_pennant-thomas_1784_1,1096,2e-05,junk,,,,
ia_bim_eighteenth-century_arctic-zoology-arctic_pennant-thomas_1784_1,1097,0.00183,junk,,,,
ia_bim_eighteenth-century_arctic-zoology-arctic_pennant-thomas_1784_1,1098,0.00136,junk,,,,
ia_bim_eighteenth-century_arctic-zoology-arctic_pennant-thomas_1784_1,1099,0.16623,junk,,,,
ia_bim_eighteenth-century_arctic-zoology-arctic_pennant-thomas_1784_1,1100,0.03325,junk,,,,
ia_bim_eighteenth-century_arctic-zoology-arctic_pennant-thomas_1784_1,1101,0.00175,junk,,,,
ia_bim_eighteenth-century_arctic-zoology-arctic_pennant-thomas_1784_1,1102,0.00164,junk,,,,
ia_bim_eighteenth-century_arctic-zoology-arctic_pennant-thomas_1784_1,1103,0.00017,junk,,,,
ia_bim_eighteenth-century_arctic-zoology-arctic_pennant-thomas_1784_1,1104,0.00297,junk,,,,
ia_bim_eighteenth-century_arctic-zoology-arctic_pennant-thomas_1784_1,1105,0.00049,junk,,,,
ia_bim_eighteenth-century_arctic-zoology-arctic_pennant-thomas_1784_1,1106,0.9405,non_junk,non_divine_teleology,0.01978,0.94417,0.03605
ia_bim_eighteenth-century_arctic-zoology-arctic_pennant-thomas_1784_1,1107,0.01961,junk,,,,
ia_bim_eighteenth-century_arctic-zoology-arctic_pennant-thomas_1784_1,1108,0.00013,junk,,,,
ia_bim_eighteenth-century_arctic-zoology-arctic_pennant-thomas_1784_1,1109,0.00051,junk,,,,
ia_bim_eighteenth-century_arctic-zoology-arctic_pennant-thomas_1784_1,1110,0.05465,junk,,,,
ia_bim_eighteenth-century_arctic-zoology-arctic_pennant-thomas_1784_1,1111,0.00221,junk,,,,
ia_bim_eighteenth-century_arctic-zoology-arctic_pennant-thomas_1784_1,1112,0.00335,junk,,,,
ia_bim_eighteenth-century_arctic-zoology-arctic_pennant-thomas_1784_1,1113,0.00676,junk,,,,
ia_bim_eighteenth-century_arctic-zoology-arctic_pennant-thomas_1784_1,1114,0.00238,junk,,,,
ia_bim_eighteenth-century_arctic-zoology-arctic_pennant-thomas_1784_1,1115,0.00236,junk,,,,
ia_bim_eighteenth-century_arctic-zoology-arctic_pennant-thomas_1784_1,1116,0.01263,junk,,,,
ia_bim_eighteenth-century_arctic-zoology-arctic_pennant-thomas_1784_1,1117,0.01832,junk,,,,
ia_bim_eighteenth-century_arctic-zoology-arctic_pennant-thomas_1784_1,1118,0.00128,junk,,,,
ia_bim_eighteenth-century_arctic-zoology-arctic_pennant-thomas_1784_1,1119,0.00093,junk,,,,
ia_bim_eighteenth-century_arctic-zoology-arctic_pennant-thomas_1784_1,1120,0.02424,junk,,,,
ia_bim_eighteenth-century_arctic-zoology-arctic_pennant-thomas_1784_1,1121,0.02202,junk,,,,
ia_bim_eighteenth-century_arctic-zoology-arctic_pennant-thomas_1784_1,1122,0.15836,junk,,,,
ia_bim_eighteenth-century_arctic-zoology-arctic_pennant-thomas_1784_1,1123,0.41595,junk,,,,
ia_bim_eighteenth-century_arctic-zoology-arctic_pennant-thomas_1784_1,1124,0.00124,junk,,,,
ia_bim_eighteenth-century_arctic-zoology-arctic_pennant-thomas_1784_1,1125,0.01309,junk,,,,
ia_bim_eighteenth-century_arctic-zoology-arctic_pennant-thomas_1784_1,1127,0.07812,junk,,,,
ia_bim_eighteenth-century_arctic-zoology-arctic_pennant-thomas_1784_1,1128,0.00037,junk,,,,
ia_bim_eighteenth-century_arctic-zoology-arctic_pennant-thomas_1784_1,1129,0.01928,junk,,,,
ia_bim_eighteenth-century_arctic-zoology-arctic_pennant-thomas_1784_1,1130,0.0004,junk,,,,
ia_bim_eighteenth-century_arctic-zoology-arctic_pennant-thomas_1784_1,1131,0.11101,junk,,,,
ia_bim_eighteenth-century_arctic-zoology-arctic_pennant-thomas_1784_1,1132,0.00025,junk,,,,
ia_bim_eighteenth-century_arctic-zoology-arctic_pennant-thomas_1784_1,1133,0.00021,junk,,,,
ia_bim_eighteenth-century_arctic-zoology-arctic_pennant-thomas_1784_1,1134,0.00472,junk,,,,
ia_bim_eighteenth-century_arctic-zoology-arctic_pennant-thomas_1784_1,1135,0.27538,junk,,,,
ia_bim_eighteenth-century_arctic-zoology-arctic_pennant-thomas_1784_1,1136,0.90606,non_junk,non_divine_teleology,0.00455,0.9603,0.03514
ia_bim_eighteenth-century_arctic-zoology-arctic_pennant-thomas_1784_1,1138,0.00643,junk,,,,
ia_bim_eighteenth-century_arctic-zoology-arctic_pennant-thomas_1784_1,1139,0.00245,junk,,,,
ia_bim_eighteenth-century_arctic-zoology-arctic_pennant-thomas_1784_1,1141,0.03843,junk,,,,
ia_bim_eighteenth-century_arctic-zoology-arctic_pennant-thomas_1784_1,1142,0.08318,junk,,,,
ia_bim_eighteenth-century_arctic-zoology-arctic_pennant-thomas_1784_1,1143,0.00811,junk,,,,
ia_bim_eighteenth-century_arctic-zoology-arctic_pennant-thomas_1784_1,1144,0.00024,junk,,,,
ia_bim_eighteenth-century_arctic-zoology-arctic_pennant-thomas_1784_1,1145,0.77556,non_junk,non_divine_teleology,0.01058,0.98031,0.00911
ia_bim_eighteenth-century_arctic-zoology-arctic_pennant-thomas_1784_1,1146,0.00682,junk,,,,
ia_bim_eighteenth-century_arctic-zoology-arctic_pennant-thomas_1784_1,1147,0.18627,junk,,,,
ia_bim_eighteenth-century_arctic-zoology-arctic_pennant-thomas_1784_1,1148,0.98327,non_junk,non_divine_teleology,0.05151,0.93157,0.01693
ia_bim_eighteenth-century_arctic-zoology-arctic_pennant-thomas_1784_1,1149,0.14184,junk,,,,
ia_bim_eighteenth-century_arctic-zoology-arctic_pennant-thomas_1784_1,1150,0.41538,junk,,,,
ia_bim_eighteenth-century_arctic-zoology-arctic_pennant-thomas_1784_1,1151,0.05931,junk,,,,
ia_bim_eighteenth-century_arctic-zoology-arctic_pennant-thomas_1784_1,1152,0.00148,junk,,,,
ia_bim_eighteenth-century_arctic-zoology-arctic_pennant-thomas_1784_1,1153,0.0432,junk,,,,
ia_bim_eighteenth-century_arctic-zoology-arctic_pennant-thomas_1784_1,1154,0.00709,junk,,,,
ia_bim_eighteenth-century_arctic-zoology-arctic_pennant-thomas_1784_1,1155,0.00287,junk,,,,
ia_bim_eighteenth-century_arctic-zoology-arctic_pennant-thomas_1784_1,1156,0.06108,junk,,,,
ia_bim_eighteenth-century_arctic-zoology-arctic_pennant-thomas_1784_1,1157,0.01946,junk,,,,
ia_bim_eighteenth-century_arctic-zoology-arctic_pennant-thomas_1784_1,1158,0.55465,non_junk,non_divine_teleology,0.01291,0.77411,0.21298
ia_bim_eighteenth-century_arctic-zoology-arctic_pennant-thomas_1784_1,1159,0.00244,junk,,,,
ia_bim_eighteenth-century_arctic-zoology-arctic_pennant-thomas_1784_1,1160,0.00178,junk,,,,
ia_bim_eighteenth-century_arctic-zoology-arctic_pennant-thomas_1784_1,1161,0.00178,junk,,,,
ia_bim_eighteenth-century_arctic-zoology-arctic_pennant-thomas_1784_1,1162,0.00634,junk,,,,
ia_bim_eighteenth-century_arctic-zoology-arctic_pennant-thomas_1784_1,1163,0.07927,junk,,,,
ia_bim_eighteenth-century_arctic-zoology-arctic_pennant-thomas_1784_1,1164,0.03831,junk,,,,
ia_bim_eighteenth-century_arctic-zoology-arctic_pennant-thomas_1784_1,1165,0.00769,junk,,,,
ia_bim_eighteenth-century_arctic-zoology-arctic_pennant-thomas_1784_1,1166,0.00096,junk,,,,
ia_bim_eighteenth-century_arctic-zoology-arctic_pennant-thomas_1784_1,1167,0.12141,junk,,,,
ia_bim_eighteenth-century_arctic-zoology-arctic_pennant-thomas_1784_1,1168,0.00327,junk,,,,
ia_bim_eighteenth-century_arctic-zoology-arctic_pennant-thomas_1784_1,1169,0.00449,junk,,,,
ia_bim_eighteenth-century_arctic-zoology-arctic_pennant-thomas_1784_1,1170,0.00884,junk,,,,
ia_bim_eighteenth-century_arctic-zoology-arctic_pennant-thomas_1784_1,1171,0.15631,junk,,,,
ia_bim_eighteenth-century_arctic-zoology-arctic_pennant-thomas_1784_1,1172,0.15586,junk,,,,
ia_bim_eighteenth-century_arctic-zoology-arctic_pennant-thomas_1784_1,1173,0.05269,junk,,,,
ia_bim_eighteenth-century_arctic-zoology-arctic_pennant-thomas_1784_1,1174,0.00122,junk,,,,
ia_bim_eighteenth-century_arctic-zoology-arctic_pennant-thomas_1784_1,1175,0.01048,junk,,,,
ia_bim_eighteenth-century_arctic-zoology-arctic_pennant-thomas_1784_1,1176,0.03816,junk,,,,
ia_bim_eighteenth-century_arctic-zoology-arctic_pennant-thomas_1784_1,1177,0.14483,junk,,,,
ia_bim_eighteenth-century_arctic-zoology-arctic_pennant-thomas_1784_1,1178,0.00072,junk,,,,
ia_bim_eighteenth-century_arctic-zoology-arctic_pennant-thomas_1784_1,1179,0.02217,junk,,,,
ia_bim_eighteenth-century_arctic-zoology-arctic_pennant-thomas_1784_1,1180,0.23391,junk,,,,
ia_bim_eighteenth-century_arctic-zoology-arctic_pennant-thomas_1784_1,1181,0.99887,non_junk,non_divine_teleology,0.01274,0.97224,0.01502
ia_bim_eighteenth-century_arctic-zoology-arctic_pennant-thomas_1784_1,1182,0.27647,junk,,,,
ia_bim_eighteenth-century_arctic-zoology-arctic_pennant-thomas_1784_1,1183,0.00035,junk,,,,
ia_bim_eighteenth-century_arctic-zoology-arctic_pennant-thomas_1784_1,1184,0.01424,junk,,,,
ia_bim_eighteenth-century_arctic-zoology-arctic_pennant-thomas_1784_1,1185,0.14184,junk,,,,
ia_bim_eighteenth-century_arctic-zoology-arctic_pennant-thomas_1784_1,1186,0.0349,junk,,,,
ia_bim_eighteenth-century_arctic-zoology-arctic_pennant-thomas_1784_1,1187,0.0191,junk,,,,
ia_bim_eighteenth-century_arctic-zoology-arctic_pennant-thomas_1784_1,1189,0.08897,junk,,,,
ia_bim_eighteenth-century_arctic-zoology-arctic_pennant-thomas_1784_1,1190,0.00299,junk,,,,
ia_bim_eighteenth-century_arctic-zoology-arctic_pennant-thomas_1784_1,1191,0.05135,junk,,,,
ia_bim_eighteenth-century_arctic-zoology-arctic_pennant-thomas_1784_1,1192,0.01213,junk,,,,
ia_bim_eighteenth-century_arctic-zoology-arctic_pennant-thomas_1784_1,1193,0.02904,junk,,,,
ia_bim_eighteenth-century_arctic-zoology-arctic_pennant-thomas_1784_1,1194,0.87579,non_junk,non_divine_teleology,0.00451,0.90638,0.08911
ia_bim_eighteenth-century_arctic-zoology-arctic_pennant-thomas_1784_1,1195,0.18792,junk,,,,
ia_bim_eighteenth-century_arctic-zoology-arctic_pennant-thomas_1784_1,1196,0.96223,non_junk,non_divine_teleology,0.01862,0.80128,0.1801
ia_bim_eighteenth-century_arctic-zoology-arctic_pennant-thomas_1784_1,1197,0.02373,junk,,,,
ia_bim_eighteenth-century_arctic-zoology-arctic_pennant-thomas_1784_1,1198,0.00074,junk,,,,
ia_bim_eighteenth-century_arctic-zoology-arctic_pennant-thomas_1784_1,1199,0.00172,junk,,,,
ia_bim_eighteenth-century_arctic-zoology-arctic_pennant-thomas_1784_1,1200,0.00155,junk,,,,
ia_bim_eighteenth-century_arctic-zoology-arctic_pennant-thomas_1784_1,1201,0.01452,junk,,,,
ia_bim_eighteenth-century_arctic-zoology-arctic_pennant-thomas_1784_1,1202,0.00587,junk,,,,
ia_bim_eighteenth-century_arctic-zoology-arctic_pennant-thomas_1784_1,1203,0.04923,junk,,,,
ia_bim_eighteenth-century_arctic-zoology-arctic_pennant-thomas_1784_1,1204,0.00189,junk,,,,
ia_bim_eighteenth-century_arctic-zoology-arctic_pennant-thomas_1784_1,1205,0.23698,junk,,,,
ia_bim_eighteenth-century_arctic-zoology-arctic_pennant-thomas_1784_1,1206,0.3313,junk,,,,
ia_bim_eighteenth-century_arctic-zoology-arctic_pennant-thomas_1784_1,1207,0.01125,junk,,,,
ia_bim_eighteenth-century_arctic-zoology-arctic_pennant-thomas_1784_1,1208,0.00044,junk,,,,
ia_bim_eighteenth-century_arctic-zoology-arctic_pennant-thomas_1784_1,1209,0.00363,junk,,,,
ia_bim_eighteenth-century_arctic-zoology-arctic_pennant-thomas_1784_1,1210,0.00142,junk,,,,
ia_bim_eighteenth-century_arctic-zoology-arctic_pennant-thomas_1784_1,1211,0.00315,junk,,,,
ia_bim_eighteenth-century_arctic-zoology-arctic_pennant-thomas_1784_1,1212,0.00108,junk,,,,
ia_bim_eighteenth-century_arctic-zoology-arctic_pennant-thomas_1784_1,1213,0.00568,junk,,,,
ia_bim_eighteenth-century_arctic-zoology-arctic_pennant-thomas_1784_1,1214,0.04893,junk,,,,
ia_bim_eighteenth-century_arctic-zoology-arctic_pennant-thomas_1784_1,1216,0.03124,junk,,,,
ia_bim_eighteenth-century_arctic-zoology-arctic_pennant-thomas_1784_1,1217,0.00152,junk,,,,
ia_bim_eighteenth-century_arctic-zoology-arctic_pennant-thomas_1784_1,1218,0.00018,junk,,,,
ia_bim_eighteenth-century_arctic-zoology-arctic_pennant-thomas_1784_1,1219,0.27353,junk,,,,
ia_bim_eighteenth-century_arctic-zoology-arctic_pennant-thomas_1784_1,1220,0.02156,junk,,,,
ia_bim_eighteenth-century_arctic-zoology-arctic_pennant-thomas_1784_1,1221,0.11523,junk,,,,
ia_bim_eighteenth-century_arctic-zoology-arctic_pennant-thomas_1784_1,1222,0.01859,junk,,,,
ia_bim_eighteenth-century_arctic-zoology-arctic_pennant-thomas_1784_1,1223,0.9688,non_junk,non_divine_teleology,0.00759,0.97729,0.01512
ia_bim_eighteenth-century_arctic-zoology-arctic_pennant-thomas_1784_1,1224,0.0008,junk,,,,
ia_bim_eighteenth-century_arctic-zoology-arctic_pennant-thomas_1784_1,1225,0.99178,non_junk,non_divine_teleology,0.03664,0.95044,0.01293
ia_bim_eighteenth-century_arctic-zoology-arctic_pennant-thomas_1784_1,1226,0.0026,junk,,,,
ia_bim_eighteenth-century_arctic-zoology-arctic_pennant-thomas_1784_1,1227,0.01897,junk,,,,
ia_bim_eighteenth-century_arctic-zoology-arctic_pennant-thomas_1784_1,1228,0.00052,junk,,,,
ia_bim_eighteenth-century_arctic-zoology-arctic_pennant-thomas_1784_1,1229,0.00147,junk,,,,
ia_bim_eighteenth-century_arctic-zoology-arctic_pennant-thomas_1784_1,1231,0.01766,junk,,,,
ia_bim_eighteenth-century_arctic-zoology-arctic_pennant-thomas_1784_1,1232,0.00751,junk,,,,
ia_bim_eighteenth-century_arctic-zoology-arctic_pennant-thomas_1784_1,1233,0.00828,junk,,,,
ia_bim_eighteenth-century_arctic-zoology-arctic_pennant-thomas_1784_1,1234,0.34426,junk,,,,
ia_bim_eighteenth-century_arctic-zoology-arctic_pennant-thomas_1784_1,1235,0.00136,junk,,,,
ia_bim_eighteenth-century_arctic-zoology-arctic_pennant-thomas_1784_1,1237,0.00031,junk,,,,
ia_bim_eighteenth-century_arctic-zoology-arctic_pennant-thomas_1784_1,1238,0.56988,non_junk,non_divine_teleology,0.04719,0.78779,0.16502
ia_bim_eighteenth-century_arctic-zoology-arctic_pennant-thomas_1784_1,1239,0.02817,junk,,,,
ia_bim_eighteenth-century_arctic-zoology-arctic_pennant-thomas_1784_1,1240,0.05016,junk,,,,
ia_bim_eighteenth-century_arctic-zoology-arctic_pennant-thomas_1784_1,1241,0.00144,junk,,,,
ia_bim_eighteenth-century_arctic-zoology-arctic_pennant-thomas_1784_1,1242,0.15525,junk,,,,
ia_bim_eighteenth-century_arctic-zoology-arctic_pennant-thomas_1784_1,1243,0.29454,junk,,,,
ia_bim_eighteenth-century_arctic-zoology-arctic_pennant-thomas_1784_1,1244,0.00955,junk,,,,
ia_bim_eighteenth-century_arctic-zoology-arctic_pennant-thomas_1784_1,1245,0.0001,junk,,,,
ia_bim_eighteenth-century_arctic-zoology-arctic_pennant-thomas_1784_1,1246,0.16679,junk,,,,
ia_bim_eighteenth-century_arctic-zoology-arctic_pennant-thomas_1784_1,1247,0.93882,non_junk,non_divine_teleology,0.01224,0.81092,0.17684
ia_bim_eighteenth-century_arctic-zoology-arctic_pennant-thomas_1784_1,1248,0.07553,junk,,,,
ia_bim_eighteenth-century_arctic-zoology-arctic_pennant-thomas_1784_1,1249,0.00685,junk,,,,
