uid,sent_id,gate_prob_nonjunk,gate_pred,s2_pred,s2_p_divine_teleology,s2_p_non_divine_teleology,s2_p_internal_essence
ia_bim_eighteenth-century_the-natural-history-of-b_buffon-georges-louis-le_1792,1,0.00067,junk,,,,
ia_bim_eighteenth-century_the-natural-history-of-b_buffon-georges-louis-le_1792,2,0.00181,junk,,,,
ia_bim_eighteenth-century_the-natural-history-of-b_buffon-georges-louis-le_1792,3,0.00085,junk,,,,
ia_bim_eighteenth-century_the-natural-history-of-b_buffon-georges-louis-le_1792,4,0.00181,junk,,,,
ia_bim_eighteenth-century_the-natural-history-of-b_buffon-georges-louis-le_1792,5,0.00548,junk,,,,
ia_bim_eighteenth-century_the-natural-history-of-b_buffon-georges-louis-le_1792,6,0.00123,junk,,,,
ia_bim_eighteenth-century_the-natural-history-of-b_buffon-georges-louis-le_1792,7,0.00277,junk,,,,
ia_bim_eighteenth-century_the-natural-history-of-b_buffon-georges-louis-le_1792,8,0.02119,junk,,,,
ia_bim_eighteenth-century_the-natural-history-of-b_buffon-georges-louis-le_1792,9,0.0165,junk,,,,
ia_bim_eighteenth-century_the-natural-history-of-b_buffon-georges-louis-le_1792,10,0.01823,junk,,,,
ia_bim_eighteenth-century_the-natural-history-of-b_buffon-georges-louis-le_1792,11,0.00288,junk,,,,
ia_bim_eighteenth-century_the-natural-history-of-b_buffon-georges-louis-le_1792,12,0.00081,junk,,,,
ia_bim_eighteenth-century_the-natural-history-of-b_buffon-georges-louis-le_1792,13,0.00052,junk,,,,
ia_bim_eighteenth-century_the-natural-history-of-b_buffon-georges-louis-le_1792,14,0.00031,junk,,,,
ia_bim_eighteenth-century_the-natural-history-of-b_buffon-georges-louis-le_1792,15,0.00141,junk,,,,
ia_bim_eighteenth-century_the-natural-history-of-b_buffon-georges-louis-le_1792,16,0.00195,junk,,,,
ia_bim_eighteenth-century_the-natural-history-of-b_buffon-georges-louis-le_1792,17,0.00082,junk,,,,
ia_bim_eighteenth-century_the-natural-history-of-b_buffon-georges-louis-le_1792,18,0.00109,junk,,,,
ia_bim_eighteenth-century_the-natural-history-of-b_buffon-georges-louis-le_1792,19,0.00143,junk,,,,
ia_bim_eighteenth-century_the-natural-history-of-b_buffon-georges-louis-le_1792,20,0.00365,junk,,,,
ia_bim_eighteenth-century_the-natural-history-of-b_buffon-georges-louis-le_1792,21,0.00959,junk,,,,
ia_bim_eighteenth-century_the-natural-history-of-b_buffon-georges-louis-le_1792,22,0.43854,junk,,,,
ia_bim_eighteenth-century_the-natural-history-of-b_buffon-georges-louis-le_1792,23,0.00306,junk,,,,
ia_bim_eighteenth-century_the-natural-history-of-b_buffon-georges-louis-le_1792,24,0.02172,junk,,,,
ia_bim_eighteenth-century_the-natural-history-of-b_buffon-georges-louis-le_1792,25,0.20169,junk,,,,
ia_bim_eighteenth-century_the-natural-history-of-b_buffon-georges-louis-le_1792,26,0.25673,junk,,,,
ia_bim_eighteenth-century_the-natural-history-of-b_buffon-georges-louis-le_1792,27,2e-05,junk,,,,
ia_bim_eighteenth-century_the-natural-history-of-b_buffon-georges-louis-le_1792,28,0.33192,junk,,,,
ia_bim_eighteenth-century_the-natural-history-of-b_buffon-georges-louis-le_1792,29,0.18399,junk,,,,
ia_bim_eighteenth-century_the-natural-history-of-b_buffon-georges-louis-le_1792,30,0.00137,junk,,,,
ia_bim_eighteenth-century_the-natural-history-of-b_buffon-georges-louis-le_1792,31,0.02164,junk,,,,
ia_bim_eighteenth-century_the-natural-history-of-b_buffon-georges-louis-le_1792,32,0.05518,junk,,,,
ia_bim_eighteenth-century_the-natural-history-of-b_buffon-georges-louis-le_1792,33,0.99646,non_junk,non_divine_teleology,0.00366,0.99249,0.00385
ia_bim_eighteenth-century_the-natural-history-of-b_buffon-georges-louis-le_1792,34,0.01579,junk,,,,
ia_bim_eighteenth-century_the-natural-history-of-b_buffon-georges-louis-le_1792,35,0.79574,non_junk,internal_essence,0.00351,0.15343,0.84306
ia_bim_eighteenth-century_the-natural-history-of-b_buffon-georges-louis-le_1792,36,0.06413,junk,,,,
ia_bim_eighteenth-century_the-natural-history-of-b_buffon-georges-louis-le_1792,37,0.61075,non_junk,non_divine_teleology,0.00374,0.92313,0.07313
ia_bim_eighteenth-century_the-natural-history-of-b_buffon-georges-louis-le_1792,38,0.61075,non_junk,non_divine_teleology,0.00374,0.92313,0.07313
ia_bim_eighteenth-century_the-natural-history-of-b_buffon-georges-louis-le_1792,39,0.00148,junk,,,,
ia_bim_eighteenth-century_the-natural-history-of-b_buffon-georges-louis-le_1792,40,0.09273,junk,,,,
ia_bim_eighteenth-century_the-natural-history-of-b_buffon-georges-louis-le_1792,41,0.00297,junk,,,,
ia_bim_eighteenth-century_the-natural-history-of-b_buffon-georges-louis-le_1792,42,0.00027,junk,,,,
ia_bim_eighteenth-century_the-natural-history-of-b_buffon-georges-louis-le_1792,43,0.02746,junk,,,,
ia_bim_eighteenth-century_the-natural-history-of-b_buffon-georges-louis-le_1792,44,0.29177,junk,,,,
ia_bim_eighteenth-century_the-natural-history-of-b_buffon-georges-louis-le_1792,45,0.80175,non_junk,non_divine_teleology,0.01286,0.97667,0.01048
ia_bim_eighteenth-century_the-natural-history-of-b_buffon-georges-louis-le_1792,46,0.00374,junk,,,,
ia_bim_eighteenth-century_the-natural-history-of-b_buffon-georges-louis-le_1792,47,0.05129,junk,,,,
ia_bim_eighteenth-century_the-natural-history-of-b_buffon-georges-louis-le_1792,48,0.00032,junk,,,,
ia_bim_eighteenth-century_the-natural-history-of-b_buffon-georges-louis-le_1792,49,0.03806,junk,,,,
ia_bim_eighteenth-century_the-natural-history-of-b_buffon-georges-louis-le_1792,50,0.00892,junk,,,,
ia_bim_eighteenth-century_the-natural-history-of-b_buffon-georges-louis-le_1792,51,0.79234,non_junk,non_divine_teleology,0.01687,0.97156,0.01157
ia_bim_eighteenth-century_the-natural-history-of-b_buffon-georges-louis-le_1792,52,0.00374,junk,,,,
ia_bim_eighteenth-century_the-natural-history-of-b_buffon-georges-louis-le_1792,53,0.05129,junk,,,,
ia_bim_eighteenth-century_the-natural-history-of-b_buffon-georges-louis-le_1792,54,0.00772,junk,,,,
ia_bim_eighteenth-century_the-natural-history-of-b_buffon-georges-louis-le_1792,55,0.0002,junk,,,,
ia_bim_eighteenth-century_the-natural-history-of-b_buffon-georges-louis-le_1792,56,0.01195,junk,,,,
ia_bim_eighteenth-century_the-natural-history-of-b_buffon-georges-louis-le_1792,57,0.00675,junk,,,,
ia_bim_eighteenth-century_the-natural-history-of-b_buffon-georges-louis-le_1792,58,0.00025,junk,,,,
ia_bim_eighteenth-century_the-natural-history-of-b_buffon-georges-louis-le_1792,59,0.00147,junk,,,,
ia_bim_eighteenth-century_the-natural-history-of-b_buffon-georges-louis-le_1792,60,0.00119,junk,,,,
ia_bim_eighteenth-century_the-natural-history-of-b_buffon-georges-louis-le_1792,61,0.00028,junk,,,,
ia_bim_eighteenth-century_the-natural-history-of-b_buffon-georges-louis-le_1792,62,0.0002,junk,,,,
ia_bim_eighteenth-century_the-natural-history-of-b_buffon-georges-louis-le_1792,63,0.00192,junk,,,,
ia_bim_eighteenth-century_the-natural-history-of-b_buffon-georges-louis-le_1792,64,0.12523,junk,,,,
ia_bim_eighteenth-century_the-natural-history-of-b_buffon-georges-louis-le_1792,65,0.93537,non_junk,non_divine_teleology,0.03316,0.91179,0.05504
ia_bim_eighteenth-century_the-natural-history-of-b_buffon-georges-louis-le_1792,66,0.93375,non_junk,non_divine_teleology,0.02426,0.88512,0.09062
ia_bim_eighteenth-century_the-natural-history-of-b_buffon-georges-louis-le_1792,67,0.00497,junk,,,,
ia_bim_eighteenth-century_the-natural-history-of-b_buffon-georges-louis-le_1792,68,0.68498,non_junk,internal_essence,0.00204,0.20752,0.79043
ia_bim_eighteenth-century_the-natural-history-of-b_buffon-georges-louis-le_1792,69,0.55051,non_junk,non_divine_teleology,0.01767,0.97803,0.0043
ia_bim_eighteenth-century_the-natural-history-of-b_buffon-georges-louis-le_1792,70,0.00113,junk,,,,
ia_bim_eighteenth-century_the-natural-history-of-b_buffon-georges-louis-le_1792,71,8e-05,junk,,,,
ia_bim_eighteenth-century_the-natural-history-of-b_buffon-georges-louis-le_1792,72,0.17094,junk,,,,
ia_bim_eighteenth-century_the-natural-history-of-b_buffon-georges-louis-le_1792,73,0.00147,junk,,,,
ia_bim_eighteenth-century_the-natural-history-of-b_buffon-georges-louis-le_1792,74,0.92438,non_junk,non_divine_teleology,0.01757,0.9703,0.01213
ia_bim_eighteenth-century_the-natural-history-of-b_buffon-georges-louis-le_1792,75,0.00019,junk,,,,
ia_bim_eighteenth-century_the-natural-history-of-b_buffon-georges-louis-le_1792,76,0.04715,junk,,,,
ia_bim_eighteenth-century_the-natural-history-of-b_buffon-georges-louis-le_1792,77,0.33265,junk,,,,
ia_bim_eighteenth-century_the-natural-history-of-b_buffon-georges-louis-le_1792,78,0.0396,junk,,,,
ia_bim_eighteenth-century_the-natural-history-of-b_buffon-georges-louis-le_1792,79,0.33265,junk,,,,
ia_bim_eighteenth-century_the-natural-history-of-b_buffon-georges-louis-le_1792,80,0.00192,junk,,,,
ia_bim_eighteenth-century_the-natural-history-of-b_buffon-georges-louis-le_1792,81,0.00126,junk,,,,
ia_bim_eighteenth-century_the-natural-history-of-b_buffon-georges-louis-le_1792,82,0.00616,junk,,,,
ia_bim_eighteenth-century_the-natural-history-of-b_buffon-georges-louis-le_1792,83,0.28052,junk,,,,
ia_bim_eighteenth-century_the-natural-history-of-b_buffon-georges-louis-le_1792,84,0.00196,junk,,,,
ia_bim_eighteenth-century_the-natural-history-of-b_buffon-georges-louis-le_1792,85,0.00683,junk,,,,
ia_bim_eighteenth-century_the-natural-history-of-b_buffon-georges-louis-le_1792,86,0.00277,junk,,,,
ia_bim_eighteenth-century_the-natural-history-of-b_buffon-georges-louis-le_1792,87,0.06585,junk,,,,
ia_bim_eighteenth-century_the-natural-history-of-b_buffon-georges-louis-le_1792,88,0.03172,junk,,,,
ia_bim_eighteenth-century_the-natural-history-of-b_buffon-georges-louis-le_1792,89,0.00279,junk,,,,
ia_bim_eighteenth-century_the-natural-history-of-b_buffon-georges-louis-le_1792,90,0.00257,junk,,,,
ia_bim_eighteenth-century_the-natural-history-of-b_buffon-georges-louis-le_1792,91,0.01087,junk,,,,
ia_bim_eighteenth-century_the-natural-history-of-b_buffon-georges-louis-le_1792,92,0.01447,junk,,,,
ia_bim_eighteenth-century_the-natural-history-of-b_buffon-georges-louis-le_1792,93,0.00398,junk,,,,
ia_bim_eighteenth-century_the-natural-history-of-b_buffon-georges-louis-le_1792,94,0.00096,junk,,,,
ia_bim_eighteenth-century_the-natural-history-of-b_buffon-georges-louis-le_1792,95,0.99974,non_junk,non_divine_teleology,0.00144,0.99039,0.00817
ia_bim_eighteenth-century_the-natural-history-of-b_buffon-georges-louis-le_1792,96,0.99982,non_junk,non_divine_teleology,0.0018,0.99218,0.00601
ia_bim_eighteenth-century_the-natural-history-of-b_buffon-georges-louis-le_1792,97,0.02397,junk,,,,
ia_bim_eighteenth-century_the-natural-history-of-b_buffon-georges-louis-le_1792,98,0.12296,junk,,,,
ia_bim_eighteenth-century_the-natural-history-of-b_buffon-georges-louis-le_1792,99,0.04218,junk,,,,
ia_bim_eighteenth-century_the-natural-history-of-b_buffon-georges-louis-le_1792,100,0.85938,non_junk,non_divine_teleology,0.01635,0.88087,0.10279
ia_bim_eighteenth-century_the-natural-history-of-b_buffon-georges-louis-le_1792,101,0.00126,junk,,,,
ia_bim_eighteenth-century_the-natural-history-of-b_buffon-georges-louis-le_1792,102,0.00112,junk,,,,
ia_bim_eighteenth-century_the-natural-history-of-b_buffon-georges-louis-le_1792,103,0.06562,junk,,,,
ia_bim_eighteenth-century_the-natural-history-of-b_buffon-georges-louis-le_1792,104,0.00094,junk,,,,
ia_bim_eighteenth-century_the-natural-history-of-b_buffon-georges-louis-le_1792,105,0.0001,junk,,,,
ia_bim_eighteenth-century_the-natural-history-of-b_buffon-georges-louis-le_1792,106,0.01803,junk,,,,
ia_bim_eighteenth-century_the-natural-history-of-b_buffon-georges-louis-le_1792,107,8e-05,junk,,,,
ia_bim_eighteenth-century_the-natural-history-of-b_buffon-georges-louis-le_1792,108,0.00186,junk,,,,
ia_bim_eighteenth-century_the-natural-history-of-b_buffon-georges-louis-le_1792,109,0.35217,junk,,,,
ia_bim_eighteenth-century_the-natural-history-of-b_buffon-georges-louis-le_1792,110,0.00086,junk,,,,
ia_bim_eighteenth-century_the-natural-history-of-b_buffon-georges-louis-le_1792,111,0.02697,junk,,,,
ia_bim_eighteenth-century_the-natural-history-of-b_buffon-georges-louis-le_1792,112,0.03225,junk,,,,
ia_bim_eighteenth-century_the-natural-history-of-b_buffon-georges-louis-le_1792,113,0.0002,junk,,,,
ia_bim_eighteenth-century_the-natural-history-of-b_buffon-georges-louis-le_1792,114,0.01458,junk,,,,
ia_bim_eighteenth-century_the-natural-history-of-b_buffon-georges-louis-le_1792,115,0.00015,junk,,,,
ia_bim_eighteenth-century_the-natural-history-of-b_buffon-georges-louis-le_1792,116,0.8959,non_junk,non_divine_teleology,0.01815,0.93091,0.05094
ia_bim_eighteenth-century_the-natural-history-of-b_buffon-georges-louis-le_1792,117,0.00116,junk,,,,
ia_bim_eighteenth-century_the-natural-history-of-b_buffon-georges-louis-le_1792,118,0.00204,junk,,,,
ia_bim_eighteenth-century_the-natural-history-of-b_buffon-georges-louis-le_1792,119,0.00116,junk,,,,
ia_bim_eighteenth-century_the-natural-history-of-b_buffon-georges-louis-le_1792,120,0.00147,junk,,,,
ia_bim_eighteenth-century_the-natural-history-of-b_buffon-georges-louis-le_1792,121,0.00075,junk,,,,
ia_bim_eighteenth-century_the-natural-history-of-b_buffon-georges-louis-le_1792,122,0.02038,junk,,,,
ia_bim_eighteenth-century_the-natural-history-of-b_buffon-georges-louis-le_1792,123,0.99895,non_junk,non_divine_teleology,0.0011,0.99622,0.00268
ia_bim_eighteenth-century_the-natural-history-of-b_buffon-georges-louis-le_1792,124,0.00364,junk,,,,
ia_bim_eighteenth-century_the-natural-history-of-b_buffon-georges-louis-le_1792,125,0.29091,junk,,,,
ia_bim_eighteenth-century_the-natural-history-of-b_buffon-georges-louis-le_1792,126,0.18586,junk,,,,
ia_bim_eighteenth-century_the-natural-history-of-b_buffon-georges-louis-le_1792,127,0.18586,junk,,,,
ia_bim_eighteenth-century_the-natural-history-of-b_buffon-georges-louis-le_1792,128,0.00898,junk,,,,
ia_bim_eighteenth-century_the-natural-history-of-b_buffon-georges-louis-le_1792,129,0.00232,junk,,,,
ia_bim_eighteenth-century_the-natural-history-of-b_buffon-georges-louis-le_1792,130,0.10649,junk,,,,
ia_bim_eighteenth-century_the-natural-history-of-b_buffon-georges-louis-le_1792,131,0.0406,junk,,,,
ia_bim_eighteenth-century_the-natural-history-of-b_buffon-georges-louis-le_1792,132,0.09491,junk,,,,
ia_bim_eighteenth-century_the-natural-history-of-b_buffon-georges-louis-le_1792,133,0.79151,non_junk,non_divine_teleology,0.01761,0.72752,0.25488
ia_bim_eighteenth-century_the-natural-history-of-b_buffon-georges-louis-le_1792,134,0.02559,junk,,,,
ia_bim_eighteenth-century_the-natural-history-of-b_buffon-georges-louis-le_1792,135,0.36092,junk,,,,
ia_bim_eighteenth-century_the-natural-history-of-b_buffon-georges-louis-le_1792,136,0.34709,junk,,,,
ia_bim_eighteenth-century_the-natural-history-of-b_buffon-georges-louis-le_1792,137,0.05251,junk,,,,
ia_bim_eighteenth-century_the-natural-history-of-b_buffon-georges-louis-le_1792,138,0.01285,junk,,,,
ia_bim_eighteenth-century_the-natural-history-of-b_buffon-georges-louis-le_1792,139,6e-05,junk,,,,
ia_bim_eighteenth-century_the-natural-history-of-b_buffon-georges-louis-le_1792,140,0.01514,junk,,,,
ia_bim_eighteenth-century_the-natural-history-of-b_buffon-georges-louis-le_1792,141,0.18992,junk,,,,
ia_bim_eighteenth-century_the-natural-history-of-b_buffon-georges-louis-le_1792,142,0.71988,non_junk,non_divine_teleology,0.00447,0.97872,0.01682
ia_bim_eighteenth-century_the-natural-history-of-b_buffon-georges-louis-le_1792,143,0.71768,non_junk,non_divine_teleology,0.00384,0.93359,0.06257
ia_bim_eighteenth-century_the-natural-history-of-b_buffon-georges-louis-le_1792,144,0.03478,junk,,,,
ia_bim_eighteenth-century_the-natural-history-of-b_buffon-georges-louis-le_1792,145,0.63216,non_junk,non_divine_teleology,0.0352,0.90615,0.05865
ia_bim_eighteenth-century_the-natural-history-of-b_buffon-georges-louis-le_1792,146,0.00122,junk,,,,
ia_bim_eighteenth-century_the-natural-history-of-b_buffon-georges-louis-le_1792,147,0.01175,junk,,,,
ia_bim_eighteenth-century_the-natural-history-of-b_buffon-georges-louis-le_1792,148,0.61362,non_junk,non_divine_teleology,0.01495,0.93519,0.04986
ia_bim_eighteenth-century_the-natural-history-of-b_buffon-georges-louis-le_1792,149,0.07731,junk,,,,
ia_bim_eighteenth-century_the-natural-history-of-b_buffon-georges-louis-le_1792,150,0.07732,junk,,,,
ia_bim_eighteenth-century_the-natural-history-of-b_buffon-georges-louis-le_1792,151,0.00315,junk,,,,
ia_bim_eighteenth-century_the-natural-history-of-b_buffon-georges-louis-le_1792,152,0.08525,junk,,,,
ia_bim_eighteenth-century_the-natural-history-of-b_buffon-georges-louis-le_1792,153,0.96322,non_junk,non_divine_teleology,0.01174,0.81301,0.17525
ia_bim_eighteenth-century_the-natural-history-of-b_buffon-georges-louis-le_1792,154,0.01156,junk,,,,
ia_bim_eighteenth-century_the-natural-history-of-b_buffon-georges-louis-le_1792,155,0.08197,junk,,,,
ia_bim_eighteenth-century_the-natural-history-of-b_buffon-georges-louis-le_1792,156,0.01714,junk,,,,
ia_bim_eighteenth-century_the-natural-history-of-b_buffon-georges-louis-le_1792,157,0.02031,junk,,,,
ia_bim_eighteenth-century_the-natural-history-of-b_buffon-georges-louis-le_1792,158,0.00282,junk,,,,
ia_bim_eighteenth-century_the-natural-history-of-b_buffon-georges-louis-le_1792,159,0.98324,non_junk,non_divine_teleology,0.00402,0.95181,0.04416
ia_bim_eighteenth-century_the-natural-history-of-b_buffon-georges-louis-le_1792,160,0.00189,junk,,,,
ia_bim_eighteenth-century_the-natural-history-of-b_buffon-georges-louis-le_1792,161,0.03615,junk,,,,
ia_bim_eighteenth-century_the-natural-history-of-b_buffon-georges-louis-le_1792,162,7e-05,junk,,,,
ia_bim_eighteenth-century_the-natural-history-of-b_buffon-georges-louis-le_1792,163,0.00577,junk,,,,
ia_bim_eighteenth-century_the-natural-history-of-b_buffon-georges-louis-le_1792,164,0.06367,junk,,,,
ia_bim_eighteenth-century_the-natural-history-of-b_buffon-georges-louis-le_1792,165,0.01713,junk,,,,
ia_bim_eighteenth-century_the-natural-history-of-b_buffon-georges-louis-le_1792,166,0.00089,junk,,,,
ia_bim_eighteenth-century_the-natural-history-of-b_buffon-georges-louis-le_1792,167,0.05879,junk,,,,
ia_bim_eighteenth-century_the-natural-history-of-b_buffon-georges-louis-le_1792,168,0.6076,non_junk,non_divine_teleology,0.00933,0.89409,0.09658
ia_bim_eighteenth-century_the-natural-history-of-b_buffon-georges-louis-le_1792,169,0.00359,junk,,,,
ia_bim_eighteenth-century_the-natural-history-of-b_buffon-georges-louis-le_1792,170,0.04318,junk,,,,
ia_bim_eighteenth-century_the-natural-history-of-b_buffon-georges-louis-le_1792,171,0.98584,non_junk,non_divine_teleology,0.00814,0.69065,0.30121
ia_bim_eighteenth-century_the-natural-history-of-b_buffon-georges-louis-le_1792,172,0.00393,junk,,,,
ia_bim_eighteenth-century_the-natural-history-of-b_buffon-georges-louis-le_1792,173,0.57873,non_junk,internal_essence,0.00427,0.19733,0.7984
ia_bim_eighteenth-century_the-natural-history-of-b_buffon-georges-louis-le_1792,174,0.00556,junk,,,,
ia_bim_eighteenth-century_the-natural-history-of-b_buffon-georges-louis-le_1792,175,0.00608,junk,,,,
ia_bim_eighteenth-century_the-natural-history-of-b_buffon-georges-louis-le_1792,176,0.07712,junk,,,,
ia_bim_eighteenth-century_the-natural-history-of-b_buffon-georges-louis-le_1792,177,0.56753,non_junk,internal_essence,0.00625,0.14413,0.84962
ia_bim_eighteenth-century_the-natural-history-of-b_buffon-georges-louis-le_1792,178,0.00122,junk,,,,
ia_bim_eighteenth-century_the-natural-history-of-b_buffon-georges-louis-le_1792,179,0.01565,junk,,,,
ia_bim_eighteenth-century_the-natural-history-of-b_buffon-georges-louis-le_1792,180,0.01262,junk,,,,
ia_bim_eighteenth-century_the-natural-history-of-b_buffon-georges-louis-le_1792,181,0.2527,junk,,,,
ia_bim_eighteenth-century_the-natural-history-of-b_buffon-georges-louis-le_1792,182,0.00244,junk,,,,
ia_bim_eighteenth-century_the-natural-history-of-b_buffon-georges-louis-le_1792,183,0.00391,junk,,,,
ia_bim_eighteenth-century_the-natural-history-of-b_buffon-georges-louis-le_1792,184,0.00571,junk,,,,
ia_bim_eighteenth-century_the-natural-history-of-b_buffon-georges-louis-le_1792,185,0.62827,non_junk,internal_essence,0.00224,0.05471,0.94305
ia_bim_eighteenth-century_the-natural-history-of-b_buffon-georges-louis-le_1792,186,0.0067,junk,,,,
ia_bim_eighteenth-century_the-natural-history-of-b_buffon-georges-louis-le_1792,187,0.0485,junk,,,,
ia_bim_eighteenth-century_the-natural-history-of-b_buffon-georges-louis-le_1792,188,0.00022,junk,,,,
ia_bim_eighteenth-century_the-natural-history-of-b_buffon-georges-louis-le_1792,189,0.20941,junk,,,,
ia_bim_eighteenth-century_the-natural-history-of-b_buffon-georges-louis-le_1792,190,0.01637,junk,,,,
ia_bim_eighteenth-century_the-natural-history-of-b_buffon-georges-louis-le_1792,191,0.00014,junk,,,,
ia_bim_eighteenth-century_the-natural-history-of-b_buffon-georges-louis-le_1792,192,0.28036,junk,,,,
ia_bim_eighteenth-century_the-natural-history-of-b_buffon-georges-louis-le_1792,193,0.19215,junk,,,,
ia_bim_eighteenth-century_the-natural-history-of-b_buffon-georges-louis-le_1792,194,0.00664,junk,,,,
ia_bim_eighteenth-century_the-natural-history-of-b_buffon-georges-louis-le_1792,195,0.01478,junk,,,,
ia_bim_eighteenth-century_the-natural-history-of-b_buffon-georges-louis-le_1792,196,0.73765,non_junk,non_divine_teleology,0.01096,0.92356,0.06547
ia_bim_eighteenth-century_the-natural-history-of-b_buffon-georges-louis-le_1792,197,0.16566,junk,,,,
ia_bim_eighteenth-century_the-natural-history-of-b_buffon-georges-louis-le_1792,198,0.49116,junk,,,,
ia_bim_eighteenth-century_the-natural-history-of-b_buffon-georges-louis-le_1792,199,0.08767,junk,,,,
ia_bim_eighteenth-century_the-natural-history-of-b_buffon-georges-louis-le_1792,200,0.17126,junk,,,,
ia_bim_eighteenth-century_the-natural-history-of-b_buffon-georges-louis-le_1792,201,0.48465,junk,,,,
ia_bim_eighteenth-century_the-natural-history-of-b_buffon-georges-louis-le_1792,202,0.85005,non_junk,non_divine_teleology,0.01823,0.93675,0.04503
ia_bim_eighteenth-century_the-natural-history-of-b_buffon-georges-louis-le_1792,203,0.09985,junk,,,,
ia_bim_eighteenth-century_the-natural-history-of-b_buffon-georges-louis-le_1792,204,0.01684,junk,,,,
ia_bim_eighteenth-century_the-natural-history-of-b_buffon-georges-louis-le_1792,205,0.01627,junk,,,,
ia_bim_eighteenth-century_the-natural-history-of-b_buffon-georges-louis-le_1792,206,0.10417,junk,,,,
ia_bim_eighteenth-century_the-natural-history-of-b_buffon-georges-louis-le_1792,207,0.00311,junk,,,,
ia_bim_eighteenth-century_the-natural-history-of-b_buffon-georges-louis-le_1792,208,0.19069,junk,,,,
ia_bim_eighteenth-century_the-natural-history-of-b_buffon-georges-louis-le_1792,209,0.00161,junk,,,,
ia_bim_eighteenth-century_the-natural-history-of-b_buffon-georges-louis-le_1792,210,0.00017,junk,,,,
ia_bim_eighteenth-century_the-natural-history-of-b_buffon-georges-louis-le_1792,211,0.02376,junk,,,,
ia_bim_eighteenth-century_the-natural-history-of-b_buffon-georges-louis-le_1792,212,0.12937,junk,,,,
ia_bim_eighteenth-century_the-natural-history-of-b_buffon-georges-louis-le_1792,213,0.00425,junk,,,,
ia_bim_eighteenth-century_the-natural-history-of-b_buffon-georges-louis-le_1792,214,0.00371,junk,,,,
ia_bim_eighteenth-century_the-natural-history-of-b_buffon-georges-louis-le_1792,215,0.00065,junk,,,,
ia_bim_eighteenth-century_the-natural-history-of-b_buffon-georges-louis-le_1792,216,0.00112,junk,,,,
ia_bim_eighteenth-century_the-natural-history-of-b_buffon-georges-louis-le_1792,217,0.00074,junk,,,,
ia_bim_eighteenth-century_the-natural-history-of-b_buffon-georges-louis-le_1792,218,0.02829,junk,,,,
ia_bim_eighteenth-century_the-natural-history-of-b_buffon-georges-louis-le_1792,219,0.00308,junk,,,,
ia_bim_eighteenth-century_the-natural-history-of-b_buffon-georges-louis-le_1792,220,0.97854,non_junk,non_divine_teleology,0.00875,0.63962,0.35163
ia_bim_eighteenth-century_the-natural-history-of-b_buffon-georges-louis-le_1792,221,0.6096,non_junk,non_divine_teleology,0.01199,0.75781,0.23021
ia_bim_eighteenth-century_the-natural-history-of-b_buffon-georges-louis-le_1792,222,0.01745,junk,,,,
ia_bim_eighteenth-century_the-natural-history-of-b_buffon-georges-louis-le_1792,223,0.00017,junk,,,,
ia_bim_eighteenth-century_the-natural-history-of-b_buffon-georges-louis-le_1792,224,0.00349,junk,,,,
ia_bim_eighteenth-century_the-natural-history-of-b_buffon-georges-louis-le_1792,225,0.20767,junk,,,,
ia_bim_eighteenth-century_the-natural-history-of-b_buffon-georges-louis-le_1792,226,0.11576,junk,,,,
ia_bim_eighteenth-century_the-natural-history-of-b_buffon-georges-louis-le_1792,227,0.16211,junk,,,,
ia_bim_eighteenth-century_the-natural-history-of-b_buffon-georges-louis-le_1792,228,0.82695,non_junk,internal_essence,0.00513,0.09882,0.89605
ia_bim_eighteenth-century_the-natural-history-of-b_buffon-georges-louis-le_1792,229,0.02383,junk,,,,
ia_bim_eighteenth-century_the-natural-history-of-b_buffon-georges-louis-le_1792,230,0.06451,junk,,,,
ia_bim_eighteenth-century_the-natural-history-of-b_buffon-georges-louis-le_1792,231,0.01814,junk,,,,
ia_bim_eighteenth-century_the-natural-history-of-b_buffon-georges-louis-le_1792,232,0.00067,junk,,,,
ia_bim_eighteenth-century_the-natural-history-of-b_buffon-georges-louis-le_1792,233,0.12415,junk,,,,
ia_bim_eighteenth-century_the-natural-history-of-b_buffon-georges-louis-le_1792,234,0.00675,junk,,,,
ia_bim_eighteenth-century_the-natural-history-of-b_buffon-georges-louis-le_1792,235,0.45871,junk,,,,
ia_bim_eighteenth-century_the-natural-history-of-b_buffon-georges-louis-le_1792,236,0.20119,junk,,,,
ia_bim_eighteenth-century_the-natural-history-of-b_buffon-georges-louis-le_1792,237,0.03514,junk,,,,
ia_bim_eighteenth-century_the-natural-history-of-b_buffon-georges-louis-le_1792,238,0.77683,non_junk,non_divine_teleology,0.03833,0.89926,0.06241
ia_bim_eighteenth-century_the-natural-history-of-b_buffon-georges-louis-le_1792,239,0.22554,junk,,,,
ia_bim_eighteenth-century_the-natural-history-of-b_buffon-georges-louis-le_1792,240,0.55202,non_junk,non_divine_teleology,0.02564,0.91439,0.05997
ia_bim_eighteenth-century_the-natural-history-of-b_buffon-georges-louis-le_1792,241,0.29114,junk,,,,
ia_bim_eighteenth-century_the-natural-history-of-b_buffon-georges-louis-le_1792,242,7e-05,junk,,,,
ia_bim_eighteenth-century_the-natural-history-of-b_buffon-georges-louis-le_1792,243,0.66343,non_junk,non_divine_teleology,0.01073,0.79664,0.19263
ia_bim_eighteenth-century_the-natural-history-of-b_buffon-georges-louis-le_1792,244,0.00911,junk,,,,
ia_bim_eighteenth-century_the-natural-history-of-b_buffon-georges-louis-le_1792,245,0.00915,junk,,,,
ia_bim_eighteenth-century_the-natural-history-of-b_buffon-georges-louis-le_1792,246,0.0006,junk,,,,
ia_bim_eighteenth-century_the-natural-history-of-b_buffon-georges-louis-le_1792,247,0.00444,junk,,,,
ia_bim_eighteenth-century_the-natural-history-of-b_buffon-georges-louis-le_1792,248,0.03026,junk,,,,
ia_bim_eighteenth-century_the-natural-history-of-b_buffon-georges-louis-le_1792,249,0.11769,junk,,,,
ia_bim_eighteenth-century_the-natural-history-of-b_buffon-georges-louis-le_1792,250,0.03812,junk,,,,
ia_bim_eighteenth-century_the-natural-history-of-b_buffon-georges-louis-le_1792,251,0.65844,non_junk,internal_essence,0.0149,0.34113,0.64396
ia_bim_eighteenth-century_the-natural-history-of-b_buffon-georges-louis-le_1792,252,0.07545,junk,,,,
ia_bim_eighteenth-century_the-natural-history-of-b_buffon-georges-louis-le_1792,253,0.06834,junk,,,,
ia_bim_eighteenth-century_the-natural-history-of-b_buffon-georges-louis-le_1792,254,0.05865,junk,,,,
ia_bim_eighteenth-century_the-natural-history-of-b_buffon-georges-louis-le_1792,255,0.20544,junk,,,,
ia_bim_eighteenth-century_the-natural-history-of-b_buffon-georges-louis-le_1792,256,0.00176,junk,,,,
ia_bim_eighteenth-century_the-natural-history-of-b_buffon-georges-louis-le_1792,257,0.00382,junk,,,,
ia_bim_eighteenth-century_the-natural-history-of-b_buffon-georges-louis-le_1792,258,0.01163,junk,,,,
ia_bim_eighteenth-century_the-natural-history-of-b_buffon-georges-louis-le_1792,259,0.99853,non_junk,internal_essence,0.00143,0.05121,0.94736
ia_bim_eighteenth-century_the-natural-history-of-b_buffon-georges-louis-le_1792,260,0.00089,junk,,,,
ia_bim_eighteenth-century_the-natural-history-of-b_buffon-georges-louis-le_1792,261,0.01538,junk,,,,
ia_bim_eighteenth-century_the-natural-history-of-b_buffon-georges-louis-le_1792,262,0.27127,junk,,,,
ia_bim_eighteenth-century_the-natural-history-of-b_buffon-georges-louis-le_1792,263,0.00023,junk,,,,
ia_bim_eighteenth-century_the-natural-history-of-b_buffon-georges-louis-le_1792,264,0.00911,junk,,,,
ia_bim_eighteenth-century_the-natural-history-of-b_buffon-georges-louis-le_1792,265,0.00112,junk,,,,
ia_bim_eighteenth-century_the-natural-history-of-b_buffon-georges-louis-le_1792,266,0.00042,junk,,,,
ia_bim_eighteenth-century_the-natural-history-of-b_buffon-georges-louis-le_1792,267,0.00023,junk,,,,
ia_bim_eighteenth-century_the-natural-history-of-b_buffon-georges-louis-le_1792,268,0.59924,non_junk,non_divine_teleology,0.0339,0.81516,0.15095
ia_bim_eighteenth-century_the-natural-history-of-b_buffon-georges-louis-le_1792,269,0.23539,junk,,,,
ia_bim_eighteenth-century_the-natural-history-of-b_buffon-georges-louis-le_1792,270,0.00519,junk,,,,
ia_bim_eighteenth-century_the-natural-history-of-b_buffon-georges-louis-le_1792,271,0.27524,junk,,,,
ia_bim_eighteenth-century_the-natural-history-of-b_buffon-georges-louis-le_1792,272,0.05555,junk,,,,
ia_bim_eighteenth-century_the-natural-history-of-b_buffon-georges-louis-le_1792,273,0.80093,non_junk,internal_essence,0.00514,0.11277,0.88209
ia_bim_eighteenth-century_the-natural-history-of-b_buffon-georges-louis-le_1792,274,0.03996,junk,,,,
ia_bim_eighteenth-century_the-natural-history-of-b_buffon-georges-louis-le_1792,275,0.09432,junk,,,,
ia_bim_eighteenth-century_the-natural-history-of-b_buffon-georges-louis-le_1792,276,0.00045,junk,,,,
ia_bim_eighteenth-century_the-natural-history-of-b_buffon-georges-louis-le_1792,277,0.56521,non_junk,internal_essence,0.01843,0.29104,0.69053
ia_bim_eighteenth-century_the-natural-history-of-b_buffon-georges-louis-le_1792,278,0.00311,junk,,,,
ia_bim_eighteenth-century_the-natural-history-of-b_buffon-georges-louis-le_1792,279,0.02631,junk,,,,
ia_bim_eighteenth-century_the-natural-history-of-b_buffon-georges-louis-le_1792,280,0.0002,junk,,,,
ia_bim_eighteenth-century_the-natural-history-of-b_buffon-georges-louis-le_1792,281,0.00149,junk,,,,
ia_bim_eighteenth-century_the-natural-history-of-b_buffon-georges-louis-le_1792,282,0.00297,junk,,,,
ia_bim_eighteenth-century_the-natural-history-of-b_buffon-georges-louis-le_1792,283,0.00144,junk,,,,
ia_bim_eighteenth-century_the-natural-history-of-b_buffon-georges-louis-le_1792,284,0.08445,junk,,,,
ia_bim_eighteenth-century_the-natural-history-of-b_buffon-georges-louis-le_1792,285,0.00665,junk,,,,
ia_bim_eighteenth-century_the-natural-history-of-b_buffon-georges-louis-le_1792,286,0.01798,junk,,,,
ia_bim_eighteenth-century_the-natural-history-of-b_buffon-georges-louis-le_1792,287,0.03895,junk,,,,
ia_bim_eighteenth-century_the-natural-history-of-b_buffon-georges-louis-le_1792,288,0.285,junk,,,,
ia_bim_eighteenth-century_the-natural-history-of-b_buffon-georges-louis-le_1792,289,0.28585,junk,,,,
ia_bim_eighteenth-century_the-natural-history-of-b_buffon-georges-louis-le_1792,290,0.09712,junk,,,,
ia_bim_eighteenth-century_the-natural-history-of-b_buffon-georges-louis-le_1792,291,0.01121,junk,,,,
ia_bim_eighteenth-century_the-natural-history-of-b_buffon-georges-louis-le_1792,292,0.22541,junk,,,,
ia_bim_eighteenth-century_the-natural-history-of-b_buffon-georges-louis-le_1792,293,0.00069,junk,,,,
ia_bim_eighteenth-century_the-natural-history-of-b_buffon-georges-louis-le_1792,294,0.01202,junk,,,,
ia_bim_eighteenth-century_the-natural-history-of-b_buffon-georges-louis-le_1792,295,0.00978,junk,,,,
ia_bim_eighteenth-century_the-natural-history-of-b_buffon-georges-louis-le_1792,296,0.03988,junk,,,,
ia_bim_eighteenth-century_the-natural-history-of-b_buffon-georges-louis-le_1792,297,0.37226,junk,,,,
ia_bim_eighteenth-century_the-natural-history-of-b_buffon-georges-louis-le_1792,298,0.01017,junk,,,,
ia_bim_eighteenth-century_the-natural-history-of-b_buffon-georges-louis-le_1792,299,0.002,junk,,,,
ia_bim_eighteenth-century_the-natural-history-of-b_buffon-georges-louis-le_1792,300,0.00057,junk,,,,
ia_bim_eighteenth-century_the-natural-history-of-b_buffon-georges-louis-le_1792,301,0.33878,junk,,,,
ia_bim_eighteenth-century_the-natural-history-of-b_buffon-georges-louis-le_1792,302,0.22277,junk,,,,
ia_bim_eighteenth-century_the-natural-history-of-b_buffon-georges-louis-le_1792,303,0.67259,non_junk,non_divine_teleology,0.1722,0.71492,0.11288
ia_bim_eighteenth-century_the-natural-history-of-b_buffon-georges-louis-le_1792,304,0.81795,non_junk,non_divine_teleology,0.12409,0.61946,0.25645
ia_bim_eighteenth-century_the-natural-history-of-b_buffon-georges-louis-le_1792,305,0.00136,junk,,,,
ia_bim_eighteenth-century_the-natural-history-of-b_buffon-georges-louis-le_1792,306,0.23864,junk,,,,
ia_bim_eighteenth-century_the-natural-history-of-b_buffon-georges-louis-le_1792,307,0.00023,junk,,,,
ia_bim_eighteenth-century_the-natural-history-of-b_buffon-georges-louis-le_1792,308,0.75446,non_junk,non_divine_teleology,0.04034,0.88218,0.07748
ia_bim_eighteenth-century_the-natural-history-of-b_buffon-georges-louis-le_1792,309,0.00068,junk,,,,
ia_bim_eighteenth-century_the-natural-history-of-b_buffon-georges-louis-le_1792,310,0.03373,junk,,,,
ia_bim_eighteenth-century_the-natural-history-of-b_buffon-georges-louis-le_1792,311,0.00247,junk,,,,
ia_bim_eighteenth-century_the-natural-history-of-b_buffon-georges-louis-le_1792,312,0.0309,junk,,,,
ia_bim_eighteenth-century_the-natural-history-of-b_buffon-georges-louis-le_1792,313,0.76089,non_junk,internal_essence,0.023,0.44012,0.53688
ia_bim_eighteenth-century_the-natural-history-of-b_buffon-georges-louis-le_1792,314,0.00071,junk,,,,
ia_bim_eighteenth-century_the-natural-history-of-b_buffon-georges-louis-le_1792,315,0.6138,non_junk,non_divine_teleology,0.09906,0.81321,0.08774
ia_bim_eighteenth-century_the-natural-history-of-b_buffon-georges-louis-le_1792,316,0.01963,junk,,,,
ia_bim_eighteenth-century_the-natural-history-of-b_buffon-georges-louis-le_1792,317,0.00343,junk,,,,
ia_bim_eighteenth-century_the-natural-history-of-b_buffon-georges-louis-le_1792,318,0.01071,junk,,,,
ia_bim_eighteenth-century_the-natural-history-of-b_buffon-georges-louis-le_1792,319,0.83543,non_junk,non_divine_teleology,0.00803,0.95964,0.03233
ia_bim_eighteenth-century_the-natural-history-of-b_buffon-georges-louis-le_1792,320,0.05714,junk,,,,
ia_bim_eighteenth-century_the-natural-history-of-b_buffon-georges-louis-le_1792,321,0.00124,junk,,,,
ia_bim_eighteenth-century_the-natural-history-of-b_buffon-georges-louis-le_1792,322,0.00178,junk,,,,
ia_bim_eighteenth-century_the-natural-history-of-b_buffon-georges-louis-le_1792,323,0.00052,junk,,,,
ia_bim_eighteenth-century_the-natural-history-of-b_buffon-georges-louis-le_1792,324,0.00327,junk,,,,
ia_bim_eighteenth-century_the-natural-history-of-b_buffon-georges-louis-le_1792,325,0.00493,junk,,,,
ia_bim_eighteenth-century_the-natural-history-of-b_buffon-georges-louis-le_1792,326,0.00125,junk,,,,
ia_bim_eighteenth-century_the-natural-history-of-b_buffon-georges-louis-le_1792,327,0.4079,junk,,,,
ia_bim_eighteenth-century_the-natural-history-of-b_buffon-georges-louis-le_1792,328,0.08843,junk,,,,
ia_bim_eighteenth-century_the-natural-history-of-b_buffon-georges-louis-le_1792,329,0.1285,junk,,,,
ia_bim_eighteenth-century_the-natural-history-of-b_buffon-georges-louis-le_1792,330,0.53503,non_junk,internal_essence,0.01882,0.15917,0.82201
ia_bim_eighteenth-century_the-natural-history-of-b_buffon-georges-louis-le_1792,331,0.16886,junk,,,,
ia_bim_eighteenth-century_the-natural-history-of-b_buffon-georges-louis-le_1792,332,0.53712,non_junk,internal_essence,0.0123,0.36948,0.61823
ia_bim_eighteenth-century_the-natural-history-of-b_buffon-georges-louis-le_1792,333,0.54709,non_junk,internal_essence,0.00708,0.1613,0.83162
ia_bim_eighteenth-century_the-natural-history-of-b_buffon-georges-louis-le_1792,334,0.08076,junk,,,,
ia_bim_eighteenth-century_the-natural-history-of-b_buffon-georges-louis-le_1792,335,0.57078,non_junk,internal_essence,0.01035,0.0843,0.90536
ia_bim_eighteenth-century_the-natural-history-of-b_buffon-georges-louis-le_1792,336,0.42799,junk,,,,
ia_bim_eighteenth-century_the-natural-history-of-b_buffon-georges-louis-le_1792,337,0.27878,junk,,,,
ia_bim_eighteenth-century_the-natural-history-of-b_buffon-georges-louis-le_1792,338,0.00417,junk,,,,
ia_bim_eighteenth-century_the-natural-history-of-b_buffon-georges-louis-le_1792,339,0.16956,junk,,,,
ia_bim_eighteenth-century_the-natural-history-of-b_buffon-georges-louis-le_1792,340,0.00651,junk,,,,
ia_bim_eighteenth-century_the-natural-history-of-b_buffon-georges-louis-le_1792,341,0.00442,junk,,,,
ia_bim_eighteenth-century_the-natural-history-of-b_buffon-georges-louis-le_1792,342,0.81415,non_junk,non_divine_teleology,0.03071,0.90813,0.06116
ia_bim_eighteenth-century_the-natural-history-of-b_buffon-georges-louis-le_1792,343,0.00159,junk,,,,
ia_bim_eighteenth-century_the-natural-history-of-b_buffon-georges-louis-le_1792,344,0.26155,junk,,,,
ia_bim_eighteenth-century_the-natural-history-of-b_buffon-georges-louis-le_1792,345,0.00159,junk,,,,
ia_bim_eighteenth-century_the-natural-history-of-b_buffon-georges-louis-le_1792,346,0.00335,junk,,,,
ia_bim_eighteenth-century_the-natural-history-of-b_buffon-georges-louis-le_1792,347,0.22218,junk,,,,
ia_bim_eighteenth-century_the-natural-history-of-b_buffon-georges-louis-le_1792,348,0.89271,non_junk,non_divine_teleology,0.0061,0.97155,0.02235
ia_bim_eighteenth-century_the-natural-history-of-b_buffon-georges-louis-le_1792,349,0.61724,non_junk,non_divine_teleology,0.01178,0.94113,0.04709
ia_bim_eighteenth-century_the-natural-history-of-b_buffon-georges-louis-le_1792,350,0.00378,junk,,,,
ia_bim_eighteenth-century_the-natural-history-of-b_buffon-georges-louis-le_1792,351,0.01581,junk,,,,
ia_bim_eighteenth-century_the-natural-history-of-b_buffon-georges-louis-le_1792,352,0.08477,junk,,,,
ia_bim_eighteenth-century_the-natural-history-of-b_buffon-georges-louis-le_1792,353,0.15511,junk,,,,
ia_bim_eighteenth-century_the-natural-history-of-b_buffon-georges-louis-le_1792,354,0.00608,junk,,,,
ia_bim_eighteenth-century_the-natural-history-of-b_buffon-georges-louis-le_1792,355,0.02411,junk,,,,
ia_bim_eighteenth-century_the-natural-history-of-b_buffon-georges-louis-le_1792,356,0.09503,junk,,,,
ia_bim_eighteenth-century_the-natural-history-of-b_buffon-georges-louis-le_1792,357,0.02684,junk,,,,
ia_bim_eighteenth-century_the-natural-history-of-b_buffon-georges-louis-le_1792,358,0.00384,junk,,,,
ia_bim_eighteenth-century_the-natural-history-of-b_buffon-georges-louis-le_1792,359,0.0103,junk,,,,
ia_bim_eighteenth-century_the-natural-history-of-b_buffon-georges-louis-le_1792,360,0.00311,junk,,,,
ia_bim_eighteenth-century_the-natural-history-of-b_buffon-georges-louis-le_1792,361,0.00095,junk,,,,
ia_bim_eighteenth-century_the-natural-history-of-b_buffon-georges-louis-le_1792,362,0.00304,junk,,,,
ia_bim_eighteenth-century_the-natural-history-of-b_buffon-georges-louis-le_1792,363,0.01658,junk,,,,
ia_bim_eighteenth-century_the-natural-history-of-b_buffon-georges-louis-le_1792,364,0.00126,junk,,,,
ia_bim_eighteenth-century_the-natural-history-of-b_buffon-georges-louis-le_1792,365,0.00571,junk,,,,
ia_bim_eighteenth-century_the-natural-history-of-b_buffon-georges-louis-le_1792,366,0.89055,non_junk,non_divine_teleology,0.01382,0.96315,0.02304
ia_bim_eighteenth-century_the-natural-history-of-b_buffon-georges-louis-le_1792,367,0.64347,non_junk,non_divine_teleology,0.03158,0.85967,0.10875
ia_bim_eighteenth-century_the-natural-history-of-b_buffon-georges-louis-le_1792,368,0.02751,junk,,,,
ia_bim_eighteenth-century_the-natural-history-of-b_buffon-georges-louis-le_1792,369,0.01315,junk,,,,
ia_bim_eighteenth-century_the-natural-history-of-b_buffon-georges-louis-le_1792,370,0.00122,junk,,,,
ia_bim_eighteenth-century_the-natural-history-of-b_buffon-georges-louis-le_1792,371,4e-05,junk,,,,
ia_bim_eighteenth-century_the-natural-history-of-b_buffon-georges-louis-le_1792,372,0.03083,junk,,,,
ia_bim_eighteenth-century_the-natural-history-of-b_buffon-georges-louis-le_1792,373,0.00077,junk,,,,
ia_bim_eighteenth-century_the-natural-history-of-b_buffon-georges-louis-le_1792,374,0.00752,junk,,,,
ia_bim_eighteenth-century_the-natural-history-of-b_buffon-georges-louis-le_1792,375,0.01156,junk,,,,
ia_bim_eighteenth-century_the-natural-history-of-b_buffon-georges-louis-le_1792,376,0.00026,junk,,,,
ia_bim_eighteenth-century_the-natural-history-of-b_buffon-georges-louis-le_1792,377,0.08576,junk,,,,
ia_bim_eighteenth-century_the-natural-history-of-b_buffon-georges-louis-le_1792,378,0.00084,junk,,,,
ia_bim_eighteenth-century_the-natural-history-of-b_buffon-georges-louis-le_1792,379,0.04025,junk,,,,
ia_bim_eighteenth-century_the-natural-history-of-b_buffon-georges-louis-le_1792,380,0.00373,junk,,,,
ia_bim_eighteenth-century_the-natural-history-of-b_buffon-georges-louis-le_1792,381,0.00117,junk,,,,
ia_bim_eighteenth-century_the-natural-history-of-b_buffon-georges-louis-le_1792,382,0.29679,junk,,,,
ia_bim_eighteenth-century_the-natural-history-of-b_buffon-georges-louis-le_1792,383,0.00263,junk,,,,
ia_bim_eighteenth-century_the-natural-history-of-b_buffon-georges-louis-le_1792,384,0.02931,junk,,,,
ia_bim_eighteenth-century_the-natural-history-of-b_buffon-georges-louis-le_1792,385,0.08628,junk,,,,
ia_bim_eighteenth-century_the-natural-history-of-b_buffon-georges-louis-le_1792,386,0.0082,junk,,,,
ia_bim_eighteenth-century_the-natural-history-of-b_buffon-georges-louis-le_1792,387,0.00501,junk,,,,
ia_bim_eighteenth-century_the-natural-history-of-b_buffon-georges-louis-le_1792,388,0.00473,junk,,,,
ia_bim_eighteenth-century_the-natural-history-of-b_buffon-georges-louis-le_1792,389,0.84734,non_junk,non_divine_teleology,0.01742,0.65631,0.32627
ia_bim_eighteenth-century_the-natural-history-of-b_buffon-georges-louis-le_1792,390,0.00015,junk,,,,
ia_bim_eighteenth-century_the-natural-history-of-b_buffon-georges-louis-le_1792,391,0.00113,junk,,,,
ia_bim_eighteenth-century_the-natural-history-of-b_buffon-georges-louis-le_1792,392,0.51508,non_junk,internal_essence,0.01549,0.36101,0.6235
ia_bim_eighteenth-century_the-natural-history-of-b_buffon-georges-louis-le_1792,393,0.02256,junk,,,,
ia_bim_eighteenth-century_the-natural-history-of-b_buffon-georges-louis-le_1792,394,0.02295,junk,,,,
ia_bim_eighteenth-century_the-natural-history-of-b_buffon-georges-louis-le_1792,395,0.12915,junk,,,,
ia_bim_eighteenth-century_the-natural-history-of-b_buffon-georges-louis-le_1792,396,0.12915,junk,,,,
ia_bim_eighteenth-century_the-natural-history-of-b_buffon-georges-louis-le_1792,397,0.00252,junk,,,,
ia_bim_eighteenth-century_the-natural-history-of-b_buffon-georges-louis-le_1792,398,0.0034,junk,,,,
ia_bim_eighteenth-century_the-natural-history-of-b_buffon-georges-louis-le_1792,399,0.00741,junk,,,,
ia_bim_eighteenth-century_the-natural-history-of-b_buffon-georges-louis-le_1792,400,0.00661,junk,,,,
ia_bim_eighteenth-century_the-natural-history-of-b_buffon-georges-louis-le_1792,401,0.00019,junk,,,,
ia_bim_eighteenth-century_the-natural-history-of-b_buffon-georges-louis-le_1792,402,0.0009,junk,,,,
ia_bim_eighteenth-century_the-natural-history-of-b_buffon-georges-louis-le_1792,403,0.00034,junk,,,,
ia_bim_eighteenth-century_the-natural-history-of-b_buffon-georges-louis-le_1792,404,0.75646,non_junk,non_divine_teleology,0.0372,0.73241,0.23039
ia_bim_eighteenth-century_the-natural-history-of-b_buffon-georges-louis-le_1792,405,0.00126,junk,,,,
ia_bim_eighteenth-century_the-natural-history-of-b_buffon-georges-louis-le_1792,406,0.00897,junk,,,,
ia_bim_eighteenth-century_the-natural-history-of-b_buffon-georges-louis-le_1792,407,0.09797,junk,,,,
ia_bim_eighteenth-century_the-natural-history-of-b_buffon-georges-louis-le_1792,408,0.00159,junk,,,,
ia_bim_eighteenth-century_the-natural-history-of-b_buffon-georges-louis-le_1792,409,0.02279,junk,,,,
ia_bim_eighteenth-century_the-natural-history-of-b_buffon-georges-louis-le_1792,410,0.0121,junk,,,,
ia_bim_eighteenth-century_the-natural-history-of-b_buffon-georges-louis-le_1792,411,0.48871,junk,,,,
ia_bim_eighteenth-century_the-natural-history-of-b_buffon-georges-louis-le_1792,412,0.00103,junk,,,,
ia_bim_eighteenth-century_the-natural-history-of-b_buffon-georges-louis-le_1792,413,0.02236,junk,,,,
ia_bim_eighteenth-century_the-natural-history-of-b_buffon-georges-louis-le_1792,414,0.8167,non_junk,non_divine_teleology,0.00657,0.95593,0.03749
ia_bim_eighteenth-century_the-natural-history-of-b_buffon-georges-louis-le_1792,415,0.09209,junk,,,,
ia_bim_eighteenth-century_the-natural-history-of-b_buffon-georges-louis-le_1792,416,0.18351,junk,,,,
ia_bim_eighteenth-century_the-natural-history-of-b_buffon-georges-louis-le_1792,417,0.08295,junk,,,,
ia_bim_eighteenth-century_the-natural-history-of-b_buffon-georges-louis-le_1792,418,0.03254,junk,,,,
ia_bim_eighteenth-century_the-natural-history-of-b_buffon-georges-louis-le_1792,419,0.37258,junk,,,,
ia_bim_eighteenth-century_the-natural-history-of-b_buffon-georges-louis-le_1792,420,9e-05,junk,,,,
ia_bim_eighteenth-century_the-natural-history-of-b_buffon-georges-louis-le_1792,421,0.01616,junk,,,,
ia_bim_eighteenth-century_the-natural-history-of-b_buffon-georges-louis-le_1792,422,0.00149,junk,,,,
ia_bim_eighteenth-century_the-natural-history-of-b_buffon-georges-louis-le_1792,423,0.00118,junk,,,,
ia_bim_eighteenth-century_the-natural-history-of-b_buffon-georges-louis-le_1792,424,0.69585,non_junk,non_divine_teleology,0.017,0.93039,0.05261
ia_bim_eighteenth-century_the-natural-history-of-b_buffon-georges-louis-le_1792,425,0.71798,non_junk,non_divine_teleology,0.01781,0.95406,0.02813
ia_bim_eighteenth-century_the-natural-history-of-b_buffon-georges-louis-le_1792,426,0.05522,junk,,,,
ia_bim_eighteenth-century_the-natural-history-of-b_buffon-georges-louis-le_1792,427,0.00065,junk,,,,
ia_bim_eighteenth-century_the-natural-history-of-b_buffon-georges-louis-le_1792,428,0.04795,junk,,,,
ia_bim_eighteenth-century_the-natural-history-of-b_buffon-georges-louis-le_1792,429,0.00258,junk,,,,
ia_bim_eighteenth-century_the-natural-history-of-b_buffon-georges-louis-le_1792,430,0.00109,junk,,,,
ia_bim_eighteenth-century_the-natural-history-of-b_buffon-georges-louis-le_1792,431,0.00299,junk,,,,
ia_bim_eighteenth-century_the-natural-history-of-b_buffon-georges-louis-le_1792,432,0.2962,junk,,,,
ia_bim_eighteenth-century_the-natural-history-of-b_buffon-georges-louis-le_1792,433,0.00056,junk,,,,
ia_bim_eighteenth-century_the-natural-history-of-b_buffon-georges-louis-le_1792,434,0.00151,junk,,,,
ia_bim_eighteenth-century_the-natural-history-of-b_buffon-georges-louis-le_1792,435,0.44837,junk,,,,
ia_bim_eighteenth-century_the-natural-history-of-b_buffon-georges-louis-le_1792,436,0.00025,junk,,,,
ia_bim_eighteenth-century_the-natural-history-of-b_buffon-georges-louis-le_1792,437,0.0007,junk,,,,
ia_bim_eighteenth-century_the-natural-history-of-b_buffon-georges-louis-le_1792,438,0.00329,junk,,,,
ia_bim_eighteenth-century_the-natural-history-of-b_buffon-georges-louis-le_1792,439,0.00083,junk,,,,
ia_bim_eighteenth-century_the-natural-history-of-b_buffon-georges-louis-le_1792,440,0.0181,junk,,,,
ia_bim_eighteenth-century_the-natural-history-of-b_buffon-georges-louis-le_1792,441,0.02346,junk,,,,
ia_bim_eighteenth-century_the-natural-history-of-b_buffon-georges-louis-le_1792,442,0.42894,junk,,,,
ia_bim_eighteenth-century_the-natural-history-of-b_buffon-georges-louis-le_1792,443,0.0017,junk,,,,
ia_bim_eighteenth-century_the-natural-history-of-b_buffon-georges-louis-le_1792,444,0.40764,junk,,,,
ia_bim_eighteenth-century_the-natural-history-of-b_buffon-georges-louis-le_1792,445,0.00226,junk,,,,
ia_bim_eighteenth-century_the-natural-history-of-b_buffon-georges-louis-le_1792,446,0.75601,non_junk,internal_essence,0.05941,0.3226,0.61799
ia_bim_eighteenth-century_the-natural-history-of-b_buffon-georges-louis-le_1792,447,0.10518,junk,,,,
ia_bim_eighteenth-century_the-natural-history-of-b_buffon-georges-louis-le_1792,448,0.59356,non_junk,non_divine_teleology,0.01046,0.91185,0.07769
ia_bim_eighteenth-century_the-natural-history-of-b_buffon-georges-louis-le_1792,449,0.00104,junk,,,,
ia_bim_eighteenth-century_the-natural-history-of-b_buffon-georges-louis-le_1792,450,0.01897,junk,,,,
ia_bim_eighteenth-century_the-natural-history-of-b_buffon-georges-louis-le_1792,451,0.00478,junk,,,,
ia_bim_eighteenth-century_the-natural-history-of-b_buffon-georges-louis-le_1792,452,0.02112,junk,,,,
ia_bim_eighteenth-century_the-natural-history-of-b_buffon-georges-louis-le_1792,453,0.0043,junk,,,,
ia_bim_eighteenth-century_the-natural-history-of-b_buffon-georges-louis-le_1792,454,0.00787,junk,,,,
ia_bim_eighteenth-century_the-natural-history-of-b_buffon-georges-louis-le_1792,455,0.07522,junk,,,,
ia_bim_eighteenth-century_the-natural-history-of-b_buffon-georges-louis-le_1792,456,0.0008,junk,,,,
ia_bim_eighteenth-century_the-natural-history-of-b_buffon-georges-louis-le_1792,457,0.1131,junk,,,,
ia_bim_eighteenth-century_the-natural-history-of-b_buffon-georges-louis-le_1792,458,0.05685,junk,,,,
ia_bim_eighteenth-century_the-natural-history-of-b_buffon-georges-louis-le_1792,459,0.2071,junk,,,,
ia_bim_eighteenth-century_the-natural-history-of-b_buffon-georges-louis-le_1792,460,0.00251,junk,,,,
ia_bim_eighteenth-century_the-natural-history-of-b_buffon-georges-louis-le_1792,461,0.01009,junk,,,,
ia_bim_eighteenth-century_the-natural-history-of-b_buffon-georges-louis-le_1792,462,0.00982,junk,,,,
ia_bim_eighteenth-century_the-natural-history-of-b_buffon-georges-louis-le_1792,463,0.03137,junk,,,,
ia_bim_eighteenth-century_the-natural-history-of-b_buffon-georges-louis-le_1792,464,0.92704,non_junk,non_divine_teleology,0.02576,0.54452,0.42973
ia_bim_eighteenth-century_the-natural-history-of-b_buffon-georges-louis-le_1792,465,0.00063,junk,,,,
ia_bim_eighteenth-century_the-natural-history-of-b_buffon-georges-louis-le_1792,466,0.01324,junk,,,,
ia_bim_eighteenth-century_the-natural-history-of-b_buffon-georges-louis-le_1792,467,0.49512,junk,,,,
ia_bim_eighteenth-century_the-natural-history-of-b_buffon-georges-louis-le_1792,468,0.07306,junk,,,,
ia_bim_eighteenth-century_the-natural-history-of-b_buffon-georges-louis-le_1792,469,0.00499,junk,,,,
ia_bim_eighteenth-century_the-natural-history-of-b_buffon-georges-louis-le_1792,470,0.00048,junk,,,,
ia_bim_eighteenth-century_the-natural-history-of-b_buffon-georges-louis-le_1792,471,0.00213,junk,,,,
ia_bim_eighteenth-century_the-natural-history-of-b_buffon-georges-louis-le_1792,472,0.01534,junk,,,,
ia_bim_eighteenth-century_the-natural-history-of-b_buffon-georges-louis-le_1792,473,0.00218,junk,,,,
ia_bim_eighteenth-century_the-natural-history-of-b_buffon-georges-louis-le_1792,474,0.04354,junk,,,,
ia_bim_eighteenth-century_the-natural-history-of-b_buffon-georges-louis-le_1792,475,0.74236,non_junk,non_divine_teleology,0.00342,0.97015,0.02643
ia_bim_eighteenth-century_the-natural-history-of-b_buffon-georges-louis-le_1792,476,0.05137,junk,,,,
ia_bim_eighteenth-century_the-natural-history-of-b_buffon-georges-louis-le_1792,477,0.0121,junk,,,,
ia_bim_eighteenth-century_the-natural-history-of-b_buffon-georges-louis-le_1792,478,0.48737,junk,,,,
ia_bim_eighteenth-century_the-natural-history-of-b_buffon-georges-louis-le_1792,479,0.01773,junk,,,,
ia_bim_eighteenth-century_the-natural-history-of-b_buffon-georges-louis-le_1792,480,0.0012,junk,,,,
ia_bim_eighteenth-century_the-natural-history-of-b_buffon-georges-louis-le_1792,481,0.01871,junk,,,,
ia_bim_eighteenth-century_the-natural-history-of-b_buffon-georges-louis-le_1792,482,0.00581,junk,,,,
ia_bim_eighteenth-century_the-natural-history-of-b_buffon-georges-louis-le_1792,483,0.19006,junk,,,,
ia_bim_eighteenth-century_the-natural-history-of-b_buffon-georges-louis-le_1792,484,0.00281,junk,,,,
ia_bim_eighteenth-century_the-natural-history-of-b_buffon-georges-louis-le_1792,485,0.00195,junk,,,,
ia_bim_eighteenth-century_the-natural-history-of-b_buffon-georges-louis-le_1792,486,0.00484,junk,,,,
ia_bim_eighteenth-century_the-natural-history-of-b_buffon-georges-louis-le_1792,487,0.08138,junk,,,,
ia_bim_eighteenth-century_the-natural-history-of-b_buffon-georges-louis-le_1792,488,0.07366,junk,,,,
ia_bim_eighteenth-century_the-natural-history-of-b_buffon-georges-louis-le_1792,489,0.03807,junk,,,,
ia_bim_eighteenth-century_the-natural-history-of-b_buffon-georges-louis-le_1792,490,0.23978,junk,,,,
ia_bim_eighteenth-century_the-natural-history-of-b_buffon-georges-louis-le_1792,491,0.00291,junk,,,,
ia_bim_eighteenth-century_the-natural-history-of-b_buffon-georges-louis-le_1792,492,0.00067,junk,,,,
ia_bim_eighteenth-century_the-natural-history-of-b_buffon-georges-louis-le_1792,493,0.97718,non_junk,non_divine_teleology,0.04241,0.82771,0.12987
ia_bim_eighteenth-century_the-natural-history-of-b_buffon-georges-louis-le_1792,494,0.00495,junk,,,,
ia_bim_eighteenth-century_the-natural-history-of-b_buffon-georges-louis-le_1792,495,0.28097,junk,,,,
ia_bim_eighteenth-century_the-natural-history-of-b_buffon-georges-louis-le_1792,496,0.01165,junk,,,,
ia_bim_eighteenth-century_the-natural-history-of-b_buffon-georges-louis-le_1792,497,0.46584,junk,,,,
ia_bim_eighteenth-century_the-natural-history-of-b_buffon-georges-louis-le_1792,498,0.02048,junk,,,,
ia_bim_eighteenth-century_the-natural-history-of-b_buffon-georges-louis-le_1792,499,0.00082,junk,,,,
ia_bim_eighteenth-century_the-natural-history-of-b_buffon-georges-louis-le_1792,500,0.00094,junk,,,,
ia_bim_eighteenth-century_the-natural-history-of-b_buffon-georges-louis-le_1792,501,0.00136,junk,,,,
ia_bim_eighteenth-century_the-natural-history-of-b_buffon-georges-louis-le_1792,502,0.00504,junk,,,,
ia_bim_eighteenth-century_the-natural-history-of-b_buffon-georges-louis-le_1792,503,0.00099,junk,,,,
ia_bim_eighteenth-century_the-natural-history-of-b_buffon-georges-louis-le_1792,504,0.11061,junk,,,,
ia_bim_eighteenth-century_the-natural-history-of-b_buffon-georges-louis-le_1792,505,0.0564,junk,,,,
ia_bim_eighteenth-century_the-natural-history-of-b_buffon-georges-louis-le_1792,506,0.07801,junk,,,,
ia_bim_eighteenth-century_the-natural-history-of-b_buffon-georges-louis-le_1792,507,0.00266,junk,,,,
ia_bim_eighteenth-century_the-natural-history-of-b_buffon-georges-louis-le_1792,508,0.00128,junk,,,,
ia_bim_eighteenth-century_the-natural-history-of-b_buffon-georges-louis-le_1792,509,0.00322,junk,,,,
ia_bim_eighteenth-century_the-natural-history-of-b_buffon-georges-louis-le_1792,510,0.00638,junk,,,,
ia_bim_eighteenth-century_the-natural-history-of-b_buffon-georges-louis-le_1792,511,0.05776,junk,,,,
ia_bim_eighteenth-century_the-natural-history-of-b_buffon-georges-louis-le_1792,512,0.0009,junk,,,,
ia_bim_eighteenth-century_the-natural-history-of-b_buffon-georges-louis-le_1792,513,0.11057,junk,,,,
ia_bim_eighteenth-century_the-natural-history-of-b_buffon-georges-louis-le_1792,514,0.00031,junk,,,,
ia_bim_eighteenth-century_the-natural-history-of-b_buffon-georges-louis-le_1792,515,0.11057,junk,,,,
ia_bim_eighteenth-century_the-natural-history-of-b_buffon-georges-louis-le_1792,516,0.00582,junk,,,,
ia_bim_eighteenth-century_the-natural-history-of-b_buffon-georges-louis-le_1792,517,0.01049,junk,,,,
ia_bim_eighteenth-century_the-natural-history-of-b_buffon-georges-louis-le_1792,518,0.00466,junk,,,,
ia_bim_eighteenth-century_the-natural-history-of-b_buffon-georges-louis-le_1792,519,0.00193,junk,,,,
ia_bim_eighteenth-century_the-natural-history-of-b_buffon-georges-louis-le_1792,520,0.00275,junk,,,,
ia_bim_eighteenth-century_the-natural-history-of-b_buffon-georges-louis-le_1792,521,0.01257,junk,,,,
ia_bim_eighteenth-century_the-natural-history-of-b_buffon-georges-louis-le_1792,522,0.10017,junk,,,,
ia_bim_eighteenth-century_the-natural-history-of-b_buffon-georges-louis-le_1792,523,0.0092,junk,,,,
ia_bim_eighteenth-century_the-natural-history-of-b_buffon-georges-louis-le_1792,524,0.12417,junk,,,,
ia_bim_eighteenth-century_the-natural-history-of-b_buffon-georges-louis-le_1792,525,0.49626,junk,,,,
ia_bim_eighteenth-century_the-natural-history-of-b_buffon-georges-louis-le_1792,526,0.82642,non_junk,non_divine_teleology,0.0216,0.97402,0.00437
ia_bim_eighteenth-century_the-natural-history-of-b_buffon-georges-louis-le_1792,527,0.1735,junk,,,,
ia_bim_eighteenth-century_the-natural-history-of-b_buffon-georges-louis-le_1792,528,0.02134,junk,,,,
ia_bim_eighteenth-century_the-natural-history-of-b_buffon-georges-louis-le_1792,529,0.21356,junk,,,,
ia_bim_eighteenth-century_the-natural-history-of-b_buffon-georges-louis-le_1792,530,0.22052,junk,,,,
ia_bim_eighteenth-century_the-natural-history-of-b_buffon-georges-louis-le_1792,531,0.93484,non_junk,non_divine_teleology,0.01189,0.97368,0.01444
ia_bim_eighteenth-century_the-natural-history-of-b_buffon-georges-louis-le_1792,532,0.09179,junk,,,,
ia_bim_eighteenth-century_the-natural-history-of-b_buffon-georges-louis-le_1792,533,0.75464,non_junk,non_divine_teleology,0.03342,0.7194,0.24717
ia_bim_eighteenth-century_the-natural-history-of-b_buffon-georges-louis-le_1792,534,0.9102,non_junk,non_divine_teleology,0.04562,0.85291,0.10146
ia_bim_eighteenth-century_the-natural-history-of-b_buffon-georges-louis-le_1792,535,0.09385,junk,,,,
ia_bim_eighteenth-century_the-natural-history-of-b_buffon-georges-louis-le_1792,536,0.00024,junk,,,,
ia_bim_eighteenth-century_the-natural-history-of-b_buffon-georges-louis-le_1792,537,0.00227,junk,,,,
ia_bim_eighteenth-century_the-natural-history-of-b_buffon-georges-louis-le_1792,538,0.00013,junk,,,,
ia_bim_eighteenth-century_the-natural-history-of-b_buffon-georges-louis-le_1792,539,0.00013,junk,,,,
ia_bim_eighteenth-century_the-natural-history-of-b_buffon-georges-louis-le_1792,540,0.00028,junk,,,,
ia_bim_eighteenth-century_the-natural-history-of-b_buffon-georges-louis-le_1792,541,0.05645,junk,,,,
ia_bim_eighteenth-century_the-natural-history-of-b_buffon-georges-louis-le_1792,542,0.00248,junk,,,,
ia_bim_eighteenth-century_the-natural-history-of-b_buffon-georges-louis-le_1792,543,0.00015,junk,,,,
ia_bim_eighteenth-century_the-natural-history-of-b_buffon-georges-louis-le_1792,544,0.10843,junk,,,,
ia_bim_eighteenth-century_the-natural-history-of-b_buffon-georges-louis-le_1792,545,0.00609,junk,,,,
ia_bim_eighteenth-century_the-natural-history-of-b_buffon-georges-louis-le_1792,546,0.00775,junk,,,,
ia_bim_eighteenth-century_the-natural-history-of-b_buffon-georges-louis-le_1792,547,0.00016,junk,,,,
ia_bim_eighteenth-century_the-natural-history-of-b_buffon-georges-louis-le_1792,548,0.02279,junk,,,,
ia_bim_eighteenth-century_the-natural-history-of-b_buffon-georges-louis-le_1792,549,0.12641,junk,,,,
ia_bim_eighteenth-century_the-natural-history-of-b_buffon-georges-louis-le_1792,550,0.00162,junk,,,,
ia_bim_eighteenth-century_the-natural-history-of-b_buffon-georges-louis-le_1792,551,0.00026,junk,,,,
ia_bim_eighteenth-century_the-natural-history-of-b_buffon-georges-louis-le_1792,552,0.38379,junk,,,,
ia_bim_eighteenth-century_the-natural-history-of-b_buffon-georges-louis-le_1792,553,0.03118,junk,,,,
ia_bim_eighteenth-century_the-natural-history-of-b_buffon-georges-louis-le_1792,554,0.00399,junk,,,,
ia_bim_eighteenth-century_the-natural-history-of-b_buffon-georges-louis-le_1792,555,0.0001,junk,,,,
ia_bim_eighteenth-century_the-natural-history-of-b_buffon-georges-louis-le_1792,556,2e-05,junk,,,,
ia_bim_eighteenth-century_the-natural-history-of-b_buffon-georges-louis-le_1792,557,0.02161,junk,,,,
ia_bim_eighteenth-century_the-natural-history-of-b_buffon-georges-louis-le_1792,558,0.01997,junk,,,,
ia_bim_eighteenth-century_the-natural-history-of-b_buffon-georges-louis-le_1792,559,0.0043,junk,,,,
ia_bim_eighteenth-century_the-natural-history-of-b_buffon-georges-louis-le_1792,560,0.00129,junk,,,,
ia_bim_eighteenth-century_the-natural-history-of-b_buffon-georges-louis-le_1792,561,0.00567,junk,,,,
ia_bim_eighteenth-century_the-natural-history-of-b_buffon-georges-louis-le_1792,562,0.03812,junk,,,,
ia_bim_eighteenth-century_the-natural-history-of-b_buffon-georges-louis-le_1792,563,0.00013,junk,,,,
ia_bim_eighteenth-century_the-natural-history-of-b_buffon-georges-louis-le_1792,564,0.00623,junk,,,,
ia_bim_eighteenth-century_the-natural-history-of-b_buffon-georges-louis-le_1792,565,0.00024,junk,,,,
ia_bim_eighteenth-century_the-natural-history-of-b_buffon-georges-louis-le_1792,566,0.54984,non_junk,non_divine_teleology,0.01485,0.55357,0.43158
ia_bim_eighteenth-century_the-natural-history-of-b_buffon-georges-louis-le_1792,567,0.91797,non_junk,non_divine_teleology,0.02126,0.78691,0.19183
ia_bim_eighteenth-century_the-natural-history-of-b_buffon-georges-louis-le_1792,568,0.46941,junk,,,,
ia_bim_eighteenth-century_the-natural-history-of-b_buffon-georges-louis-le_1792,569,0.00547,junk,,,,
ia_bim_eighteenth-century_the-natural-history-of-b_buffon-georges-louis-le_1792,570,0.60257,non_junk,non_divine_teleology,0.02005,0.83721,0.14273
ia_bim_eighteenth-century_the-natural-history-of-b_buffon-georges-louis-le_1792,571,0.00074,junk,,,,
ia_bim_eighteenth-century_the-natural-history-of-b_buffon-georges-louis-le_1792,572,0.03403,junk,,,,
ia_bim_eighteenth-century_the-natural-history-of-b_buffon-georges-louis-le_1792,573,0.00608,junk,,,,
ia_bim_eighteenth-century_the-natural-history-of-b_buffon-georges-louis-le_1792,574,0.26016,junk,,,,
ia_bim_eighteenth-century_the-natural-history-of-b_buffon-georges-louis-le_1792,575,0.00072,junk,,,,
ia_bim_eighteenth-century_the-natural-history-of-b_buffon-georges-louis-le_1792,576,0.00314,junk,,,,
ia_bim_eighteenth-century_the-natural-history-of-b_buffon-georges-louis-le_1792,577,0.02268,junk,,,,
ia_bim_eighteenth-century_the-natural-history-of-b_buffon-georges-louis-le_1792,578,0.00188,junk,,,,
ia_bim_eighteenth-century_the-natural-history-of-b_buffon-georges-louis-le_1792,579,0.05296,junk,,,,
ia_bim_eighteenth-century_the-natural-history-of-b_buffon-georges-louis-le_1792,580,0.00423,junk,,,,
ia_bim_eighteenth-century_the-natural-history-of-b_buffon-georges-louis-le_1792,581,0.22431,junk,,,,
ia_bim_eighteenth-century_the-natural-history-of-b_buffon-georges-louis-le_1792,582,0.0026,junk,,,,
ia_bim_eighteenth-century_the-natural-history-of-b_buffon-georges-louis-le_1792,583,0.15298,junk,,,,
ia_bim_eighteenth-century_the-natural-history-of-b_buffon-georges-louis-le_1792,584,0.0336,junk,,,,
ia_bim_eighteenth-century_the-natural-history-of-b_buffon-georges-louis-le_1792,585,0.0053,junk,,,,
ia_bim_eighteenth-century_the-natural-history-of-b_buffon-georges-louis-le_1792,586,0.00441,junk,,,,
ia_bim_eighteenth-century_the-natural-history-of-b_buffon-georges-louis-le_1792,587,0.00884,junk,,,,
ia_bim_eighteenth-century_the-natural-history-of-b_buffon-georges-louis-le_1792,588,0.46318,junk,,,,
ia_bim_eighteenth-century_the-natural-history-of-b_buffon-georges-louis-le_1792,589,0.03641,junk,,,,
ia_bim_eighteenth-century_the-natural-history-of-b_buffon-georges-louis-le_1792,590,0.45154,junk,,,,
ia_bim_eighteenth-century_the-natural-history-of-b_buffon-georges-louis-le_1792,591,0.0021,junk,,,,
ia_bim_eighteenth-century_the-natural-history-of-b_buffon-georges-louis-le_1792,592,0.0021,junk,,,,
ia_bim_eighteenth-century_the-natural-history-of-b_buffon-georges-louis-le_1792,593,0.98439,non_junk,internal_essence,0.00571,0.16277,0.83152
ia_bim_eighteenth-century_the-natural-history-of-b_buffon-georges-louis-le_1792,594,0.00011,junk,,,,
ia_bim_eighteenth-century_the-natural-history-of-b_buffon-georges-louis-le_1792,595,0.0072,junk,,,,
ia_bim_eighteenth-century_the-natural-history-of-b_buffon-georges-louis-le_1792,596,0.00443,junk,,,,
ia_bim_eighteenth-century_the-natural-history-of-b_buffon-georges-louis-le_1792,597,0.00112,junk,,,,
ia_bim_eighteenth-century_the-natural-history-of-b_buffon-georges-louis-le_1792,598,0.00291,junk,,,,
ia_bim_eighteenth-century_the-natural-history-of-b_buffon-georges-louis-le_1792,599,0.01028,junk,,,,
ia_bim_eighteenth-century_the-natural-history-of-b_buffon-georges-louis-le_1792,600,0.00348,junk,,,,
ia_bim_eighteenth-century_the-natural-history-of-b_buffon-georges-louis-le_1792,601,0.66106,non_junk,non_divine_teleology,0.01023,0.98221,0.00756
ia_bim_eighteenth-century_the-natural-history-of-b_buffon-georges-louis-le_1792,602,0.00405,junk,,,,
ia_bim_eighteenth-century_the-natural-history-of-b_buffon-georges-louis-le_1792,603,0.02961,junk,,,,
ia_bim_eighteenth-century_the-natural-history-of-b_buffon-georges-louis-le_1792,604,0.5037,non_junk,non_divine_teleology,0.0125,0.93329,0.05422
ia_bim_eighteenth-century_the-natural-history-of-b_buffon-georges-louis-le_1792,605,9e-05,junk,,,,
ia_bim_eighteenth-century_the-natural-history-of-b_buffon-georges-louis-le_1792,606,0.00071,junk,,,,
ia_bim_eighteenth-century_the-natural-history-of-b_buffon-georges-louis-le_1792,607,0.9811,non_junk,non_divine_teleology,0.01193,0.9158,0.07227
ia_bim_eighteenth-century_the-natural-history-of-b_buffon-georges-louis-le_1792,608,0.03966,junk,,,,
ia_bim_eighteenth-century_the-natural-history-of-b_buffon-georges-louis-le_1792,609,0.00657,junk,,,,
ia_bim_eighteenth-century_the-natural-history-of-b_buffon-georges-louis-le_1792,610,0.33529,junk,,,,
ia_bim_eighteenth-century_the-natural-history-of-b_buffon-georges-louis-le_1792,611,0.00092,junk,,,,
ia_bim_eighteenth-century_the-natural-history-of-b_buffon-georges-louis-le_1792,612,0.01523,junk,,,,
ia_bim_eighteenth-century_the-natural-history-of-b_buffon-georges-louis-le_1792,613,0.00935,junk,,,,
ia_bim_eighteenth-century_the-natural-history-of-b_buffon-georges-louis-le_1792,614,0.00605,junk,,,,
ia_bim_eighteenth-century_the-natural-history-of-b_buffon-georges-louis-le_1792,615,0.00085,junk,,,,
ia_bim_eighteenth-century_the-natural-history-of-b_buffon-georges-louis-le_1792,616,0.03101,junk,,,,
ia_bim_eighteenth-century_the-natural-history-of-b_buffon-georges-louis-le_1792,617,0.00617,junk,,,,
ia_bim_eighteenth-century_the-natural-history-of-b_buffon-georges-louis-le_1792,618,0.03778,junk,,,,
ia_bim_eighteenth-century_the-natural-history-of-b_buffon-georges-louis-le_1792,619,0.09964,junk,,,,
ia_bim_eighteenth-century_the-natural-history-of-b_buffon-georges-louis-le_1792,620,0.03517,junk,,,,
ia_bim_eighteenth-century_the-natural-history-of-b_buffon-georges-louis-le_1792,621,0.06784,junk,,,,
ia_bim_eighteenth-century_the-natural-history-of-b_buffon-georges-louis-le_1792,622,0.03347,junk,,,,
ia_bim_eighteenth-century_the-natural-history-of-b_buffon-georges-louis-le_1792,623,0.01211,junk,,,,
ia_bim_eighteenth-century_the-natural-history-of-b_buffon-georges-louis-le_1792,624,0.06035,junk,,,,
ia_bim_eighteenth-century_the-natural-history-of-b_buffon-georges-louis-le_1792,625,0.21665,junk,,,,
ia_bim_eighteenth-century_the-natural-history-of-b_buffon-georges-louis-le_1792,626,0.03276,junk,,,,
ia_bim_eighteenth-century_the-natural-history-of-b_buffon-georges-louis-le_1792,627,0.01813,junk,,,,
ia_bim_eighteenth-century_the-natural-history-of-b_buffon-georges-louis-le_1792,628,0.07932,junk,,,,
ia_bim_eighteenth-century_the-natural-history-of-b_buffon-georges-louis-le_1792,629,0.00393,junk,,,,
ia_bim_eighteenth-century_the-natural-history-of-b_buffon-georges-louis-le_1792,630,0.00736,junk,,,,
ia_bim_eighteenth-century_the-natural-history-of-b_buffon-georges-louis-le_1792,631,0.00491,junk,,,,
ia_bim_eighteenth-century_the-natural-history-of-b_buffon-georges-louis-le_1792,632,0.19786,junk,,,,
ia_bim_eighteenth-century_the-natural-history-of-b_buffon-georges-louis-le_1792,633,0.00329,junk,,,,
ia_bim_eighteenth-century_the-natural-history-of-b_buffon-georges-louis-le_1792,634,0.01671,junk,,,,
ia_bim_eighteenth-century_the-natural-history-of-b_buffon-georges-louis-le_1792,635,0.00038,junk,,,,
ia_bim_eighteenth-century_the-natural-history-of-b_buffon-georges-louis-le_1792,636,0.0282,junk,,,,
ia_bim_eighteenth-century_the-natural-history-of-b_buffon-georges-louis-le_1792,637,0.01549,junk,,,,
ia_bim_eighteenth-century_the-natural-history-of-b_buffon-georges-louis-le_1792,638,0.45005,junk,,,,
ia_bim_eighteenth-century_the-natural-history-of-b_buffon-georges-louis-le_1792,639,0.04762,junk,,,,
ia_bim_eighteenth-century_the-natural-history-of-b_buffon-georges-louis-le_1792,640,0.00756,junk,,,,
ia_bim_eighteenth-century_the-natural-history-of-b_buffon-georges-louis-le_1792,641,0.00802,junk,,,,
ia_bim_eighteenth-century_the-natural-history-of-b_buffon-georges-louis-le_1792,642,0.00054,junk,,,,
ia_bim_eighteenth-century_the-natural-history-of-b_buffon-georges-louis-le_1792,643,0.01693,junk,,,,
ia_bim_eighteenth-century_the-natural-history-of-b_buffon-georges-louis-le_1792,644,0.00157,junk,,,,
ia_bim_eighteenth-century_the-natural-history-of-b_buffon-georges-louis-le_1792,645,0.00835,junk,,,,
ia_bim_eighteenth-century_the-natural-history-of-b_buffon-georges-louis-le_1792,646,0.00733,junk,,,,
ia_bim_eighteenth-century_the-natural-history-of-b_buffon-georges-louis-le_1792,647,0.0112,junk,,,,
ia_bim_eighteenth-century_the-natural-history-of-b_buffon-georges-louis-le_1792,648,0.1054,junk,,,,
ia_bim_eighteenth-century_the-natural-history-of-b_buffon-georges-louis-le_1792,649,0.03976,junk,,,,
ia_bim_eighteenth-century_the-natural-history-of-b_buffon-georges-louis-le_1792,650,0.80142,non_junk,non_divine_teleology,0.01375,0.95641,0.02984
ia_bim_eighteenth-century_the-natural-history-of-b_buffon-georges-louis-le_1792,651,0.00351,junk,,,,
ia_bim_eighteenth-century_the-natural-history-of-b_buffon-georges-louis-le_1792,652,0.17559,junk,,,,
ia_bim_eighteenth-century_the-natural-history-of-b_buffon-georges-louis-le_1792,653,0.86674,non_junk,non_divine_teleology,0.01299,0.79365,0.19335
ia_bim_eighteenth-century_the-natural-history-of-b_buffon-georges-louis-le_1792,654,0.0028,junk,,,,
ia_bim_eighteenth-century_the-natural-history-of-b_buffon-georges-louis-le_1792,655,0.00731,junk,,,,
ia_bim_eighteenth-century_the-natural-history-of-b_buffon-georges-louis-le_1792,656,0.00414,junk,,,,
ia_bim_eighteenth-century_the-natural-history-of-b_buffon-georges-louis-le_1792,657,0.00568,junk,,,,
ia_bim_eighteenth-century_the-natural-history-of-b_buffon-georges-louis-le_1792,658,0.9851,non_junk,non_divine_teleology,0.01075,0.96577,0.02348
ia_bim_eighteenth-century_the-natural-history-of-b_buffon-georges-louis-le_1792,659,0.01639,junk,,,,
ia_bim_eighteenth-century_the-natural-history-of-b_buffon-georges-louis-le_1792,660,0.12032,junk,,,,
ia_bim_eighteenth-century_the-natural-history-of-b_buffon-georges-louis-le_1792,661,0.02351,junk,,,,
ia_bim_eighteenth-century_the-natural-history-of-b_buffon-georges-louis-le_1792,662,0.01692,junk,,,,
ia_bim_eighteenth-century_the-natural-history-of-b_buffon-georges-louis-le_1792,663,0.4855,junk,,,,
ia_bim_eighteenth-century_the-natural-history-of-b_buffon-georges-louis-le_1792,664,0.64795,non_junk,non_divine_teleology,0.00725,0.60933,0.38341
ia_bim_eighteenth-century_the-natural-history-of-b_buffon-georges-louis-le_1792,665,0.00068,junk,,,,
ia_bim_eighteenth-century_the-natural-history-of-b_buffon-georges-louis-le_1792,666,0.02557,junk,,,,
ia_bim_eighteenth-century_the-natural-history-of-b_buffon-georges-louis-le_1792,667,0.02994,junk,,,,
ia_bim_eighteenth-century_the-natural-history-of-b_buffon-georges-louis-le_1792,668,0.06113,junk,,,,
ia_bim_eighteenth-century_the-natural-history-of-b_buffon-georges-louis-le_1792,669,0.00034,junk,,,,
ia_bim_eighteenth-century_the-natural-history-of-b_buffon-georges-louis-le_1792,670,0.0074,junk,,,,
ia_bim_eighteenth-century_the-natural-history-of-b_buffon-georges-louis-le_1792,671,0.07984,junk,,,,
ia_bim_eighteenth-century_the-natural-history-of-b_buffon-georges-louis-le_1792,672,0.00368,junk,,,,
ia_bim_eighteenth-century_the-natural-history-of-b_buffon-georges-louis-le_1792,673,0.00046,junk,,,,
ia_bim_eighteenth-century_the-natural-history-of-b_buffon-georges-louis-le_1792,674,0.00368,junk,,,,
ia_bim_eighteenth-century_the-natural-history-of-b_buffon-georges-louis-le_1792,675,0.0266,junk,,,,
ia_bim_eighteenth-century_the-natural-history-of-b_buffon-georges-louis-le_1792,676,0.00045,junk,,,,
ia_bim_eighteenth-century_the-natural-history-of-b_buffon-georges-louis-le_1792,677,0.01157,junk,,,,
ia_bim_eighteenth-century_the-natural-history-of-b_buffon-georges-louis-le_1792,678,0.82385,non_junk,non_divine_teleology,0.01067,0.8927,0.09663
ia_bim_eighteenth-century_the-natural-history-of-b_buffon-georges-louis-le_1792,679,0.00331,junk,,,,
ia_bim_eighteenth-century_the-natural-history-of-b_buffon-georges-louis-le_1792,680,0.03676,junk,,,,
ia_bim_eighteenth-century_the-natural-history-of-b_buffon-georges-louis-le_1792,681,0.0041,junk,,,,
ia_bim_eighteenth-century_the-natural-history-of-b_buffon-georges-louis-le_1792,682,0.00572,junk,,,,
ia_bim_eighteenth-century_the-natural-history-of-b_buffon-georges-louis-le_1792,683,0.06518,junk,,,,
ia_bim_eighteenth-century_the-natural-history-of-b_buffon-georges-louis-le_1792,684,0.01439,junk,,,,
ia_bim_eighteenth-century_the-natural-history-of-b_buffon-georges-louis-le_1792,685,0.0034,junk,,,,
ia_bim_eighteenth-century_the-natural-history-of-b_buffon-georges-louis-le_1792,686,0.00103,junk,,,,
ia_bim_eighteenth-century_the-natural-history-of-b_buffon-georges-louis-le_1792,687,0.33692,junk,,,,
ia_bim_eighteenth-century_the-natural-history-of-b_buffon-georges-louis-le_1792,688,0.00945,junk,,,,
ia_bim_eighteenth-century_the-natural-history-of-b_buffon-georges-louis-le_1792,689,0.81961,non_junk,non_divine_teleology,0.00077,0.9669,0.03233
ia_bim_eighteenth-century_the-natural-history-of-b_buffon-georges-louis-le_1792,690,0.03249,junk,,,,
ia_bim_eighteenth-century_the-natural-history-of-b_buffon-georges-louis-le_1792,691,0.81961,non_junk,non_divine_teleology,0.00077,0.9669,0.03233
ia_bim_eighteenth-century_the-natural-history-of-b_buffon-georges-louis-le_1792,692,0.59022,non_junk,non_divine_teleology,0.00757,0.92048,0.07195
ia_bim_eighteenth-century_the-natural-history-of-b_buffon-georges-louis-le_1792,693,0.00084,junk,,,,
ia_bim_eighteenth-century_the-natural-history-of-b_buffon-georges-louis-le_1792,694,0.00084,junk,,,,
ia_bim_eighteenth-century_the-natural-history-of-b_buffon-georges-louis-le_1792,695,0.07052,junk,,,,
ia_bim_eighteenth-century_the-natural-history-of-b_buffon-georges-louis-le_1792,696,0.00411,junk,,,,
ia_bim_eighteenth-century_the-natural-history-of-b_buffon-georges-louis-le_1792,697,0.01063,junk,,,,
ia_bim_eighteenth-century_the-natural-history-of-b_buffon-georges-louis-le_1792,698,0.00309,junk,,,,
ia_bim_eighteenth-century_the-natural-history-of-b_buffon-georges-louis-le_1792,699,0.00043,junk,,,,
ia_bim_eighteenth-century_the-natural-history-of-b_buffon-georges-louis-le_1792,700,0.00155,junk,,,,
ia_bim_eighteenth-century_the-natural-history-of-b_buffon-georges-louis-le_1792,701,0.00045,junk,,,,
ia_bim_eighteenth-century_the-natural-history-of-b_buffon-georges-louis-le_1792,702,0.01355,junk,,,,
ia_bim_eighteenth-century_the-natural-history-of-b_buffon-georges-louis-le_1792,703,0.01264,junk,,,,
ia_bim_eighteenth-century_the-natural-history-of-b_buffon-georges-louis-le_1792,704,0.33127,junk,,,,
ia_bim_eighteenth-century_the-natural-history-of-b_buffon-georges-louis-le_1792,705,0.1542,junk,,,,
ia_bim_eighteenth-century_the-natural-history-of-b_buffon-georges-louis-le_1792,706,0.38998,junk,,,,
ia_bim_eighteenth-century_the-natural-history-of-b_buffon-georges-louis-le_1792,707,0.88574,non_junk,non_divine_teleology,0.02329,0.82634,0.15038
ia_bim_eighteenth-century_the-natural-history-of-b_buffon-georges-louis-le_1792,708,0.01134,junk,,,,
ia_bim_eighteenth-century_the-natural-history-of-b_buffon-georges-louis-le_1792,709,0.18277,junk,,,,
ia_bim_eighteenth-century_the-natural-history-of-b_buffon-georges-louis-le_1792,710,0.02806,junk,,,,
ia_bim_eighteenth-century_the-natural-history-of-b_buffon-georges-louis-le_1792,711,0.00503,junk,,,,
ia_bim_eighteenth-century_the-natural-history-of-b_buffon-georges-louis-le_1792,712,0.00459,junk,,,,
ia_bim_eighteenth-century_the-natural-history-of-b_buffon-georges-louis-le_1792,713,0.00047,junk,,,,
ia_bim_eighteenth-century_the-natural-history-of-b_buffon-georges-louis-le_1792,714,0.00447,junk,,,,
ia_bim_eighteenth-century_the-natural-history-of-b_buffon-georges-louis-le_1792,715,0.00264,junk,,,,
ia_bim_eighteenth-century_the-natural-history-of-b_buffon-georges-louis-le_1792,716,0.00938,junk,,,,
ia_bim_eighteenth-century_the-natural-history-of-b_buffon-georges-louis-le_1792,717,0.00382,junk,,,,
ia_bim_eighteenth-century_the-natural-history-of-b_buffon-georges-louis-le_1792,718,0.00858,junk,,,,
ia_bim_eighteenth-century_the-natural-history-of-b_buffon-georges-louis-le_1792,719,0.00039,junk,,,,
ia_bim_eighteenth-century_the-natural-history-of-b_buffon-georges-louis-le_1792,720,0.42167,junk,,,,
ia_bim_eighteenth-century_the-natural-history-of-b_buffon-georges-louis-le_1792,721,0.02879,junk,,,,
ia_bim_eighteenth-century_the-natural-history-of-b_buffon-georges-louis-le_1792,722,0.00817,junk,,,,
ia_bim_eighteenth-century_the-natural-history-of-b_buffon-georges-louis-le_1792,723,0.15081,junk,,,,
ia_bim_eighteenth-century_the-natural-history-of-b_buffon-georges-louis-le_1792,724,0.02011,junk,,,,
ia_bim_eighteenth-century_the-natural-history-of-b_buffon-georges-louis-le_1792,725,0.01245,junk,,,,
ia_bim_eighteenth-century_the-natural-history-of-b_buffon-georges-louis-le_1792,726,0.0004,junk,,,,
ia_bim_eighteenth-century_the-natural-history-of-b_buffon-georges-louis-le_1792,727,0.00036,junk,,,,
ia_bim_eighteenth-century_the-natural-history-of-b_buffon-georges-louis-le_1792,728,0.00233,junk,,,,
ia_bim_eighteenth-century_the-natural-history-of-b_buffon-georges-louis-le_1792,729,0.00305,junk,,,,
ia_bim_eighteenth-century_the-natural-history-of-b_buffon-georges-louis-le_1792,730,0.79893,non_junk,internal_essence,0.00843,0.11932,0.87224
ia_bim_eighteenth-century_the-natural-history-of-b_buffon-georges-louis-le_1792,731,0.02407,junk,,,,
ia_bim_eighteenth-century_the-natural-history-of-b_buffon-georges-louis-le_1792,732,0.01304,junk,,,,
ia_bim_eighteenth-century_the-natural-history-of-b_buffon-georges-louis-le_1792,733,0.00199,junk,,,,
ia_bim_eighteenth-century_the-natural-history-of-b_buffon-georges-louis-le_1792,734,0.15259,junk,,,,
ia_bim_eighteenth-century_the-natural-history-of-b_buffon-georges-louis-le_1792,735,0.00085,junk,,,,
ia_bim_eighteenth-century_the-natural-history-of-b_buffon-georges-louis-le_1792,736,0.16376,junk,,,,
ia_bim_eighteenth-century_the-natural-history-of-b_buffon-georges-louis-le_1792,737,0.0212,junk,,,,
ia_bim_eighteenth-century_the-natural-history-of-b_buffon-georges-louis-le_1792,738,0.00105,junk,,,,
ia_bim_eighteenth-century_the-natural-history-of-b_buffon-georges-louis-le_1792,739,0.00048,junk,,,,
ia_bim_eighteenth-century_the-natural-history-of-b_buffon-georges-louis-le_1792,740,0.14341,junk,,,,
ia_bim_eighteenth-century_the-natural-history-of-b_buffon-georges-louis-le_1792,741,0.00279,junk,,,,
ia_bim_eighteenth-century_the-natural-history-of-b_buffon-georges-louis-le_1792,742,0.00127,junk,,,,
ia_bim_eighteenth-century_the-natural-history-of-b_buffon-georges-louis-le_1792,743,0.0006,junk,,,,
ia_bim_eighteenth-century_the-natural-history-of-b_buffon-georges-louis-le_1792,744,0.00377,junk,,,,
ia_bim_eighteenth-century_the-natural-history-of-b_buffon-georges-louis-le_1792,745,0.0603,junk,,,,
ia_bim_eighteenth-century_the-natural-history-of-b_buffon-georges-louis-le_1792,746,0.04759,junk,,,,
ia_bim_eighteenth-century_the-natural-history-of-b_buffon-georges-louis-le_1792,747,0.00032,junk,,,,
ia_bim_eighteenth-century_the-natural-history-of-b_buffon-georges-louis-le_1792,748,0.0008,junk,,,,
ia_bim_eighteenth-century_the-natural-history-of-b_buffon-georges-louis-le_1792,749,0.35876,junk,,,,
ia_bim_eighteenth-century_the-natural-history-of-b_buffon-georges-louis-le_1792,750,0.00086,junk,,,,
ia_bim_eighteenth-century_the-natural-history-of-b_buffon-georges-louis-le_1792,751,0.00057,junk,,,,
ia_bim_eighteenth-century_the-natural-history-of-b_buffon-georges-louis-le_1792,752,0.00081,junk,,,,
ia_bim_eighteenth-century_the-natural-history-of-b_buffon-georges-louis-le_1792,753,0.98557,non_junk,non_divine_teleology,0.01295,0.88282,0.10423
ia_bim_eighteenth-century_the-natural-history-of-b_buffon-georges-louis-le_1792,754,0.00132,junk,,,,
ia_bim_eighteenth-century_the-natural-history-of-b_buffon-georges-louis-le_1792,755,0.00513,junk,,,,
ia_bim_eighteenth-century_the-natural-history-of-b_buffon-georges-louis-le_1792,756,0.00022,junk,,,,
ia_bim_eighteenth-century_the-natural-history-of-b_buffon-georges-louis-le_1792,757,0.00139,junk,,,,
ia_bim_eighteenth-century_the-natural-history-of-b_buffon-georges-louis-le_1792,758,0.00434,junk,,,,
ia_bim_eighteenth-century_the-natural-history-of-b_buffon-georges-louis-le_1792,759,0.03771,junk,,,,
ia_bim_eighteenth-century_the-natural-history-of-b_buffon-georges-louis-le_1792,760,0.01174,junk,,,,
ia_bim_eighteenth-century_the-natural-history-of-b_buffon-georges-louis-le_1792,761,0.00179,junk,,,,
ia_bim_eighteenth-century_the-natural-history-of-b_buffon-georges-louis-le_1792,762,0.04012,junk,,,,
ia_bim_eighteenth-century_the-natural-history-of-b_buffon-georges-louis-le_1792,763,0.00164,junk,,,,
ia_bim_eighteenth-century_the-natural-history-of-b_buffon-georges-louis-le_1792,764,0.0226,junk,,,,
ia_bim_eighteenth-century_the-natural-history-of-b_buffon-georges-louis-le_1792,765,0.0055,junk,,,,
ia_bim_eighteenth-century_the-natural-history-of-b_buffon-georges-louis-le_1792,766,0.45122,junk,,,,
ia_bim_eighteenth-century_the-natural-history-of-b_buffon-georges-louis-le_1792,767,0.07915,junk,,,,
ia_bim_eighteenth-century_the-natural-history-of-b_buffon-georges-louis-le_1792,768,0.05389,junk,,,,
ia_bim_eighteenth-century_the-natural-history-of-b_buffon-georges-louis-le_1792,769,0.00976,junk,,,,
ia_bim_eighteenth-century_the-natural-history-of-b_buffon-georges-louis-le_1792,770,0.01252,junk,,,,
ia_bim_eighteenth-century_the-natural-history-of-b_buffon-georges-louis-le_1792,771,0.01052,junk,,,,
ia_bim_eighteenth-century_the-natural-history-of-b_buffon-georges-louis-le_1792,772,0.03523,junk,,,,
ia_bim_eighteenth-century_the-natural-history-of-b_buffon-georges-louis-le_1792,773,0.00012,junk,,,,
ia_bim_eighteenth-century_the-natural-history-of-b_buffon-georges-louis-le_1792,774,0.00213,junk,,,,
ia_bim_eighteenth-century_the-natural-history-of-b_buffon-georges-louis-le_1792,775,0.00251,junk,,,,
ia_bim_eighteenth-century_the-natural-history-of-b_buffon-georges-louis-le_1792,776,0.00087,junk,,,,
ia_bim_eighteenth-century_the-natural-history-of-b_buffon-georges-louis-le_1792,777,0.00121,junk,,,,
ia_bim_eighteenth-century_the-natural-history-of-b_buffon-georges-louis-le_1792,778,0.0164,junk,,,,
ia_bim_eighteenth-century_the-natural-history-of-b_buffon-georges-louis-le_1792,779,0.94338,non_junk,non_divine_teleology,0.00354,0.94528,0.05119
ia_bim_eighteenth-century_the-natural-history-of-b_buffon-georges-louis-le_1792,780,0.00159,junk,,,,
ia_bim_eighteenth-century_the-natural-history-of-b_buffon-georges-louis-le_1792,781,0.00805,junk,,,,
ia_bim_eighteenth-century_the-natural-history-of-b_buffon-georges-louis-le_1792,782,0.0027,junk,,,,
ia_bim_eighteenth-century_the-natural-history-of-b_buffon-georges-louis-le_1792,783,0.00221,junk,,,,
ia_bim_eighteenth-century_the-natural-history-of-b_buffon-georges-louis-le_1792,784,0.05834,junk,,,,
ia_bim_eighteenth-century_the-natural-history-of-b_buffon-georges-louis-le_1792,785,0.00096,junk,,,,
ia_bim_eighteenth-century_the-natural-history-of-b_buffon-georges-louis-le_1792,786,0.0036,junk,,,,
ia_bim_eighteenth-century_the-natural-history-of-b_buffon-georges-louis-le_1792,787,0.00089,junk,,,,
ia_bim_eighteenth-century_the-natural-history-of-b_buffon-georges-louis-le_1792,788,0.00301,junk,,,,
ia_bim_eighteenth-century_the-natural-history-of-b_buffon-georges-louis-le_1792,789,0.00031,junk,,,,
ia_bim_eighteenth-century_the-natural-history-of-b_buffon-georges-louis-le_1792,790,0.0089,junk,,,,
ia_bim_eighteenth-century_the-natural-history-of-b_buffon-georges-louis-le_1792,791,0.03722,junk,,,,
ia_bim_eighteenth-century_the-natural-history-of-b_buffon-georges-louis-le_1792,792,0.09722,junk,,,,
ia_bim_eighteenth-century_the-natural-history-of-b_buffon-georges-louis-le_1792,793,0.045,junk,,,,
ia_bim_eighteenth-century_the-natural-history-of-b_buffon-georges-louis-le_1792,794,0.00774,junk,,,,
ia_bim_eighteenth-century_the-natural-history-of-b_buffon-georges-louis-le_1792,795,0.04535,junk,,,,
ia_bim_eighteenth-century_the-natural-history-of-b_buffon-georges-louis-le_1792,796,0.00169,junk,,,,
ia_bim_eighteenth-century_the-natural-history-of-b_buffon-georges-louis-le_1792,797,0.00567,junk,,,,
ia_bim_eighteenth-century_the-natural-history-of-b_buffon-georges-louis-le_1792,798,0.01099,junk,,,,
ia_bim_eighteenth-century_the-natural-history-of-b_buffon-georges-louis-le_1792,799,0.98543,non_junk,non_divine_teleology,0.00864,0.90573,0.08563
ia_bim_eighteenth-century_the-natural-history-of-b_buffon-georges-louis-le_1792,800,0.7095,non_junk,internal_essence,0.00968,0.08749,0.90283
ia_bim_eighteenth-century_the-natural-history-of-b_buffon-georges-louis-le_1792,801,0.01004,junk,,,,
ia_bim_eighteenth-century_the-natural-history-of-b_buffon-georges-louis-le_1792,802,0.01958,junk,,,,
ia_bim_eighteenth-century_the-natural-history-of-b_buffon-georges-louis-le_1792,803,0.0052,junk,,,,
ia_bim_eighteenth-century_the-natural-history-of-b_buffon-georges-louis-le_1792,804,0.00018,junk,,,,
ia_bim_eighteenth-century_the-natural-history-of-b_buffon-georges-louis-le_1792,805,0.00829,junk,,,,
ia_bim_eighteenth-century_the-natural-history-of-b_buffon-georges-louis-le_1792,806,0.0012,junk,,,,
ia_bim_eighteenth-century_the-natural-history-of-b_buffon-georges-louis-le_1792,807,0.00205,junk,,,,
ia_bim_eighteenth-century_the-natural-history-of-b_buffon-georges-louis-le_1792,808,0.00342,junk,,,,
ia_bim_eighteenth-century_the-natural-history-of-b_buffon-georges-louis-le_1792,809,0.00737,junk,,,,
ia_bim_eighteenth-century_the-natural-history-of-b_buffon-georges-louis-le_1792,810,0.38094,junk,,,,
ia_bim_eighteenth-century_the-natural-history-of-b_buffon-georges-louis-le_1792,811,0.00894,junk,,,,
ia_bim_eighteenth-century_the-natural-history-of-b_buffon-georges-louis-le_1792,812,0.02489,junk,,,,
ia_bim_eighteenth-century_the-natural-history-of-b_buffon-georges-louis-le_1792,813,0.0004,junk,,,,
ia_bim_eighteenth-century_the-natural-history-of-b_buffon-georges-louis-le_1792,814,0.22218,junk,,,,
ia_bim_eighteenth-century_the-natural-history-of-b_buffon-georges-louis-le_1792,815,0.05883,junk,,,,
ia_bim_eighteenth-century_the-natural-history-of-b_buffon-georges-louis-le_1792,816,0.00138,junk,,,,
ia_bim_eighteenth-century_the-natural-history-of-b_buffon-georges-louis-le_1792,817,0.01245,junk,,,,
ia_bim_eighteenth-century_the-natural-history-of-b_buffon-georges-louis-le_1792,818,0.16937,junk,,,,
ia_bim_eighteenth-century_the-natural-history-of-b_buffon-georges-louis-le_1792,819,0.01714,junk,,,,
ia_bim_eighteenth-century_the-natural-history-of-b_buffon-georges-louis-le_1792,820,0.00719,junk,,,,
ia_bim_eighteenth-century_the-natural-history-of-b_buffon-georges-louis-le_1792,821,0.0014,junk,,,,
ia_bim_eighteenth-century_the-natural-history-of-b_buffon-georges-louis-le_1792,822,0.00224,junk,,,,
ia_bim_eighteenth-century_the-natural-history-of-b_buffon-georges-louis-le_1792,823,0.14746,junk,,,,
ia_bim_eighteenth-century_the-natural-history-of-b_buffon-georges-louis-le_1792,824,0.00238,junk,,,,
ia_bim_eighteenth-century_the-natural-history-of-b_buffon-georges-louis-le_1792,825,0.00533,junk,,,,
ia_bim_eighteenth-century_the-natural-history-of-b_buffon-georges-louis-le_1792,826,0.00018,junk,,,,
ia_bim_eighteenth-century_the-natural-history-of-b_buffon-georges-louis-le_1792,827,0.00432,junk,,,,
ia_bim_eighteenth-century_the-natural-history-of-b_buffon-georges-louis-le_1792,828,0.00185,junk,,,,
ia_bim_eighteenth-century_the-natural-history-of-b_buffon-georges-louis-le_1792,829,0.00612,junk,,,,
ia_bim_eighteenth-century_the-natural-history-of-b_buffon-georges-louis-le_1792,830,0.00025,junk,,,,
ia_bim_eighteenth-century_the-natural-history-of-b_buffon-georges-louis-le_1792,831,0.005,junk,,,,
ia_bim_eighteenth-century_the-natural-history-of-b_buffon-georges-louis-le_1792,832,0.01549,junk,,,,
ia_bim_eighteenth-century_the-natural-history-of-b_buffon-georges-louis-le_1792,833,0.04654,junk,,,,
ia_bim_eighteenth-century_the-natural-history-of-b_buffon-georges-louis-le_1792,834,0.24704,junk,,,,
ia_bim_eighteenth-century_the-natural-history-of-b_buffon-georges-louis-le_1792,835,0.00328,junk,,,,
ia_bim_eighteenth-century_the-natural-history-of-b_buffon-georges-louis-le_1792,836,0.00126,junk,,,,
ia_bim_eighteenth-century_the-natural-history-of-b_buffon-georges-louis-le_1792,837,0.74055,non_junk,internal_essence,0.00156,0.04591,0.95254
ia_bim_eighteenth-century_the-natural-history-of-b_buffon-georges-louis-le_1792,838,0.00549,junk,,,,
ia_bim_eighteenth-century_the-natural-history-of-b_buffon-georges-louis-le_1792,839,0.00033,junk,,,,
ia_bim_eighteenth-century_the-natural-history-of-b_buffon-georges-louis-le_1792,840,0.00406,junk,,,,
ia_bim_eighteenth-century_the-natural-history-of-b_buffon-georges-louis-le_1792,841,0.34586,junk,,,,
ia_bim_eighteenth-century_the-natural-history-of-b_buffon-georges-louis-le_1792,842,0.05345,junk,,,,
ia_bim_eighteenth-century_the-natural-history-of-b_buffon-georges-louis-le_1792,843,0.00909,junk,,,,
ia_bim_eighteenth-century_the-natural-history-of-b_buffon-georges-louis-le_1792,844,0.84433,non_junk,non_divine_teleology,0.0152,0.96491,0.01989
ia_bim_eighteenth-century_the-natural-history-of-b_buffon-georges-louis-le_1792,845,0.02661,junk,,,,
ia_bim_eighteenth-century_the-natural-history-of-b_buffon-georges-louis-le_1792,846,0.01449,junk,,,,
ia_bim_eighteenth-century_the-natural-history-of-b_buffon-georges-louis-le_1792,847,0.00565,junk,,,,
ia_bim_eighteenth-century_the-natural-history-of-b_buffon-georges-louis-le_1792,848,0.00043,junk,,,,
ia_bim_eighteenth-century_the-natural-history-of-b_buffon-georges-louis-le_1792,849,0.15304,junk,,,,
ia_bim_eighteenth-century_the-natural-history-of-b_buffon-georges-louis-le_1792,850,0.12182,junk,,,,
ia_bim_eighteenth-century_the-natural-history-of-b_buffon-georges-louis-le_1792,851,0.10858,junk,,,,
ia_bim_eighteenth-century_the-natural-history-of-b_buffon-georges-louis-le_1792,852,0.01836,junk,,,,
ia_bim_eighteenth-century_the-natural-history-of-b_buffon-georges-louis-le_1792,853,0.041,junk,,,,
ia_bim_eighteenth-century_the-natural-history-of-b_buffon-georges-louis-le_1792,854,0.01836,junk,,,,
ia_bim_eighteenth-century_the-natural-history-of-b_buffon-georges-louis-le_1792,855,0.041,junk,,,,
ia_bim_eighteenth-century_the-natural-history-of-b_buffon-georges-louis-le_1792,856,0.01497,junk,,,,
ia_bim_eighteenth-century_the-natural-history-of-b_buffon-georges-louis-le_1792,857,0.23784,junk,,,,
ia_bim_eighteenth-century_the-natural-history-of-b_buffon-georges-louis-le_1792,858,0.05274,junk,,,,
ia_bim_eighteenth-century_the-natural-history-of-b_buffon-georges-louis-le_1792,859,0.76819,non_junk,non_divine_teleology,0.01501,0.72269,0.2623
ia_bim_eighteenth-century_the-natural-history-of-b_buffon-georges-louis-le_1792,860,0.59836,non_junk,non_divine_teleology,0.00686,0.73055,0.26259
ia_bim_eighteenth-century_the-natural-history-of-b_buffon-georges-louis-le_1792,861,0.00246,junk,,,,
ia_bim_eighteenth-century_the-natural-history-of-b_buffon-georges-louis-le_1792,862,0.01307,junk,,,,
ia_bim_eighteenth-century_the-natural-history-of-b_buffon-georges-louis-le_1792,863,0.01307,junk,,,,
ia_bim_eighteenth-century_the-natural-history-of-b_buffon-georges-louis-le_1792,864,0.00285,junk,,,,
ia_bim_eighteenth-century_the-natural-history-of-b_buffon-georges-louis-le_1792,865,0.00059,junk,,,,
ia_bim_eighteenth-century_the-natural-history-of-b_buffon-georges-louis-le_1792,866,0.00055,junk,,,,
ia_bim_eighteenth-century_the-natural-history-of-b_buffon-georges-louis-le_1792,867,9e-05,junk,,,,
ia_bim_eighteenth-century_the-natural-history-of-b_buffon-georges-louis-le_1792,868,0.00403,junk,,,,
ia_bim_eighteenth-century_the-natural-history-of-b_buffon-georges-louis-le_1792,869,9e-05,junk,,,,
ia_bim_eighteenth-century_the-natural-history-of-b_buffon-georges-louis-le_1792,870,9e-05,junk,,,,
ia_bim_eighteenth-century_the-natural-history-of-b_buffon-georges-louis-le_1792,871,0.00123,junk,,,,
ia_bim_eighteenth-century_the-natural-history-of-b_buffon-georges-louis-le_1792,872,0.39841,junk,,,,
ia_bim_eighteenth-century_the-natural-history-of-b_buffon-georges-louis-le_1792,873,0.76388,non_junk,non_divine_teleology,0.01081,0.96947,0.01971
ia_bim_eighteenth-century_the-natural-history-of-b_buffon-georges-louis-le_1792,874,0.95243,non_junk,non_divine_teleology,0.00345,0.5671,0.42945
ia_bim_eighteenth-century_the-natural-history-of-b_buffon-georges-louis-le_1792,875,0.03455,junk,,,,
ia_bim_eighteenth-century_the-natural-history-of-b_buffon-georges-louis-le_1792,876,0.00066,junk,,,,
ia_bim_eighteenth-century_the-natural-history-of-b_buffon-georges-louis-le_1792,877,0.01379,junk,,,,
ia_bim_eighteenth-century_the-natural-history-of-b_buffon-georges-louis-le_1792,878,0.0089,junk,,,,
ia_bim_eighteenth-century_the-natural-history-of-b_buffon-georges-louis-le_1792,879,0.00633,junk,,,,
ia_bim_eighteenth-century_the-natural-history-of-b_buffon-georges-louis-le_1792,880,0.09507,junk,,,,
ia_bim_eighteenth-century_the-natural-history-of-b_buffon-georges-louis-le_1792,881,0.9829,non_junk,non_divine_teleology,0.00394,0.98994,0.00611
ia_bim_eighteenth-century_the-natural-history-of-b_buffon-georges-louis-le_1792,882,0.01669,junk,,,,
ia_bim_eighteenth-century_the-natural-history-of-b_buffon-georges-louis-le_1792,883,0.02985,junk,,,,
ia_bim_eighteenth-century_the-natural-history-of-b_buffon-georges-louis-le_1792,884,0.0002,junk,,,,
ia_bim_eighteenth-century_the-natural-history-of-b_buffon-georges-louis-le_1792,885,0.10287,junk,,,,
ia_bim_eighteenth-century_the-natural-history-of-b_buffon-georges-louis-le_1792,886,0.00016,junk,,,,
ia_bim_eighteenth-century_the-natural-history-of-b_buffon-georges-louis-le_1792,887,0.17676,junk,,,,
ia_bim_eighteenth-century_the-natural-history-of-b_buffon-georges-louis-le_1792,888,0.11523,junk,,,,
ia_bim_eighteenth-century_the-natural-history-of-b_buffon-georges-louis-le_1792,889,0.06305,junk,,,,
ia_bim_eighteenth-century_the-natural-history-of-b_buffon-georges-louis-le_1792,890,0.03263,junk,,,,
ia_bim_eighteenth-century_the-natural-history-of-b_buffon-georges-louis-le_1792,891,0.34046,junk,,,,
ia_bim_eighteenth-century_the-natural-history-of-b_buffon-georges-louis-le_1792,892,0.00988,junk,,,,
ia_bim_eighteenth-century_the-natural-history-of-b_buffon-georges-louis-le_1792,893,0.03546,junk,,,,
ia_bim_eighteenth-century_the-natural-history-of-b_buffon-georges-louis-le_1792,894,0.99135,non_junk,non_divine_teleology,0.02642,0.88468,0.0889
ia_bim_eighteenth-century_the-natural-history-of-b_buffon-georges-louis-le_1792,895,0.9999,non_junk,non_divine_teleology,0.01364,0.98438,0.00199
ia_bim_eighteenth-century_the-natural-history-of-b_buffon-georges-louis-le_1792,896,0.00603,junk,,,,
ia_bim_eighteenth-century_the-natural-history-of-b_buffon-georges-louis-le_1792,897,0.0005,junk,,,,
ia_bim_eighteenth-century_the-natural-history-of-b_buffon-georges-louis-le_1792,898,0.48771,junk,,,,
ia_bim_eighteenth-century_the-natural-history-of-b_buffon-georges-louis-le_1792,899,0.00472,junk,,,,
ia_bim_eighteenth-century_the-natural-history-of-b_buffon-georges-louis-le_1792,900,0.00411,junk,,,,
ia_bim_eighteenth-century_the-natural-history-of-b_buffon-georges-louis-le_1792,901,0.5911,non_junk,non_divine_teleology,0.01687,0.89533,0.0878
ia_bim_eighteenth-century_the-natural-history-of-b_buffon-georges-louis-le_1792,902,0.0036,junk,,,,
ia_bim_eighteenth-century_the-natural-history-of-b_buffon-georges-louis-le_1792,903,0.0074,junk,,,,
ia_bim_eighteenth-century_the-natural-history-of-b_buffon-georges-louis-le_1792,904,0.0036,junk,,,,
ia_bim_eighteenth-century_the-natural-history-of-b_buffon-georges-louis-le_1792,905,0.09323,junk,,,,
ia_bim_eighteenth-century_the-natural-history-of-b_buffon-georges-louis-le_1792,906,0.00021,junk,,,,
ia_bim_eighteenth-century_the-natural-history-of-b_buffon-georges-louis-le_1792,907,0.00905,junk,,,,
ia_bim_eighteenth-century_the-natural-history-of-b_buffon-georges-louis-le_1792,908,0.00449,junk,,,,
ia_bim_eighteenth-century_the-natural-history-of-b_buffon-georges-louis-le_1792,909,0.0091,junk,,,,
ia_bim_eighteenth-century_the-natural-history-of-b_buffon-georges-louis-le_1792,910,0.37647,junk,,,,
ia_bim_eighteenth-century_the-natural-history-of-b_buffon-georges-louis-le_1792,911,0.00063,junk,,,,
ia_bim_eighteenth-century_the-natural-history-of-b_buffon-georges-louis-le_1792,912,0.01519,junk,,,,
ia_bim_eighteenth-century_the-natural-history-of-b_buffon-georges-louis-le_1792,913,0.00025,junk,,,,
ia_bim_eighteenth-century_the-natural-history-of-b_buffon-georges-louis-le_1792,914,0.00123,junk,,,,
ia_bim_eighteenth-century_the-natural-history-of-b_buffon-georges-louis-le_1792,915,0.00053,junk,,,,
ia_bim_eighteenth-century_the-natural-history-of-b_buffon-georges-louis-le_1792,916,0.16831,junk,,,,
ia_bim_eighteenth-century_the-natural-history-of-b_buffon-georges-louis-le_1792,917,0.00911,junk,,,,
ia_bim_eighteenth-century_the-natural-history-of-b_buffon-georges-louis-le_1792,918,0.12468,junk,,,,
ia_bim_eighteenth-century_the-natural-history-of-b_buffon-georges-louis-le_1792,919,0.00296,junk,,,,
ia_bim_eighteenth-century_the-natural-history-of-b_buffon-georges-louis-le_1792,920,0.00223,junk,,,,
ia_bim_eighteenth-century_the-natural-history-of-b_buffon-georges-louis-le_1792,921,0.00113,junk,,,,
ia_bim_eighteenth-century_the-natural-history-of-b_buffon-georges-louis-le_1792,922,0.00191,junk,,,,
ia_bim_eighteenth-century_the-natural-history-of-b_buffon-georges-louis-le_1792,923,0.00113,junk,,,,
ia_bim_eighteenth-century_the-natural-history-of-b_buffon-georges-louis-le_1792,924,0.00792,junk,,,,
ia_bim_eighteenth-century_the-natural-history-of-b_buffon-georges-louis-le_1792,925,0.003,junk,,,,
ia_bim_eighteenth-century_the-natural-history-of-b_buffon-georges-louis-le_1792,926,0.03478,junk,,,,
ia_bim_eighteenth-century_the-natural-history-of-b_buffon-georges-louis-le_1792,927,0.0017,junk,,,,
ia_bim_eighteenth-century_the-natural-history-of-b_buffon-georges-louis-le_1792,928,0.00024,junk,,,,
ia_bim_eighteenth-century_the-natural-history-of-b_buffon-georges-louis-le_1792,929,0.00538,junk,,,,
ia_bim_eighteenth-century_the-natural-history-of-b_buffon-georges-louis-le_1792,930,0.05854,junk,,,,
ia_bim_eighteenth-century_the-natural-history-of-b_buffon-georges-louis-le_1792,931,0.00878,junk,,,,
ia_bim_eighteenth-century_the-natural-history-of-b_buffon-georges-louis-le_1792,932,0.08986,junk,,,,
ia_bim_eighteenth-century_the-natural-history-of-b_buffon-georges-louis-le_1792,933,0.00028,junk,,,,
ia_bim_eighteenth-century_the-natural-history-of-b_buffon-georges-louis-le_1792,934,0.05159,junk,,,,
ia_bim_eighteenth-century_the-natural-history-of-b_buffon-georges-louis-le_1792,935,0.03894,junk,,,,
ia_bim_eighteenth-century_the-natural-history-of-b_buffon-georges-louis-le_1792,936,0.31506,junk,,,,
ia_bim_eighteenth-century_the-natural-history-of-b_buffon-georges-louis-le_1792,937,0.03031,junk,,,,
ia_bim_eighteenth-century_the-natural-history-of-b_buffon-georges-louis-le_1792,938,0.07461,junk,,,,
ia_bim_eighteenth-century_the-natural-history-of-b_buffon-georges-louis-le_1792,939,0.02224,junk,,,,
ia_bim_eighteenth-century_the-natural-history-of-b_buffon-georges-louis-le_1792,940,0.00494,junk,,,,
ia_bim_eighteenth-century_the-natural-history-of-b_buffon-georges-louis-le_1792,941,0.00135,junk,,,,
ia_bim_eighteenth-century_the-natural-history-of-b_buffon-georges-louis-le_1792,942,0.00083,junk,,,,
ia_bim_eighteenth-century_the-natural-history-of-b_buffon-georges-louis-le_1792,943,0.00176,junk,,,,
ia_bim_eighteenth-century_the-natural-history-of-b_buffon-georges-louis-le_1792,944,0.00114,junk,,,,
ia_bim_eighteenth-century_the-natural-history-of-b_buffon-georges-louis-le_1792,945,0.00325,junk,,,,
ia_bim_eighteenth-century_the-natural-history-of-b_buffon-georges-louis-le_1792,946,0.00263,junk,,,,
ia_bim_eighteenth-century_the-natural-history-of-b_buffon-georges-louis-le_1792,947,0.00032,junk,,,,
ia_bim_eighteenth-century_the-natural-history-of-b_buffon-georges-louis-le_1792,948,0.02104,junk,,,,
ia_bim_eighteenth-century_the-natural-history-of-b_buffon-georges-louis-le_1792,949,0.04631,junk,,,,
ia_bim_eighteenth-century_the-natural-history-of-b_buffon-georges-louis-le_1792,950,0.00117,junk,,,,
ia_bim_eighteenth-century_the-natural-history-of-b_buffon-georges-louis-le_1792,951,0.02568,junk,,,,
ia_bim_eighteenth-century_the-natural-history-of-b_buffon-georges-louis-le_1792,952,0.00796,junk,,,,
ia_bim_eighteenth-century_the-natural-history-of-b_buffon-georges-louis-le_1792,953,0.65333,non_junk,non_divine_teleology,0.01644,0.63629,0.34727
ia_bim_eighteenth-century_the-natural-history-of-b_buffon-georges-louis-le_1792,954,0.00944,junk,,,,
ia_bim_eighteenth-century_the-natural-history-of-b_buffon-georges-louis-le_1792,955,0.96656,non_junk,non_divine_teleology,0.04521,0.82969,0.1251
ia_bim_eighteenth-century_the-natural-history-of-b_buffon-georges-louis-le_1792,956,0.97665,non_junk,non_divine_teleology,0.02106,0.95509,0.02385
ia_bim_eighteenth-century_the-natural-history-of-b_buffon-georges-louis-le_1792,957,0.00024,junk,,,,
ia_bim_eighteenth-century_the-natural-history-of-b_buffon-georges-louis-le_1792,958,0.00946,junk,,,,
ia_bim_eighteenth-century_the-natural-history-of-b_buffon-georges-louis-le_1792,959,0.16041,junk,,,,
ia_bim_eighteenth-century_the-natural-history-of-b_buffon-georges-louis-le_1792,960,0.00439,junk,,,,
ia_bim_eighteenth-century_the-natural-history-of-b_buffon-georges-louis-le_1792,961,0.0838,junk,,,,
ia_bim_eighteenth-century_the-natural-history-of-b_buffon-georges-louis-le_1792,962,0.00531,junk,,,,
ia_bim_eighteenth-century_the-natural-history-of-b_buffon-georges-louis-le_1792,963,0.00531,junk,,,,
ia_bim_eighteenth-century_the-natural-history-of-b_buffon-georges-louis-le_1792,964,0.38106,junk,,,,
ia_bim_eighteenth-century_the-natural-history-of-b_buffon-georges-louis-le_1792,965,0.0143,junk,,,,
ia_bim_eighteenth-century_the-natural-history-of-b_buffon-georges-louis-le_1792,966,0.00142,junk,,,,
ia_bim_eighteenth-century_the-natural-history-of-b_buffon-georges-louis-le_1792,967,0.01154,junk,,,,
ia_bim_eighteenth-century_the-natural-history-of-b_buffon-georges-louis-le_1792,968,1e-05,junk,,,,
ia_bim_eighteenth-century_the-natural-history-of-b_buffon-georges-louis-le_1792,969,0.00024,junk,,,,
ia_bim_eighteenth-century_the-natural-history-of-b_buffon-georges-louis-le_1792,970,0.00067,junk,,,,
ia_bim_eighteenth-century_the-natural-history-of-b_buffon-georges-louis-le_1792,971,0.07024,junk,,,,
ia_bim_eighteenth-century_the-natural-history-of-b_buffon-georges-louis-le_1792,972,0.00025,junk,,,,
ia_bim_eighteenth-century_the-natural-history-of-b_buffon-georges-louis-le_1792,973,0.04515,junk,,,,
ia_bim_eighteenth-century_the-natural-history-of-b_buffon-georges-louis-le_1792,974,0.1107,junk,,,,
ia_bim_eighteenth-century_the-natural-history-of-b_buffon-georges-louis-le_1792,975,0.01515,junk,,,,
ia_bim_eighteenth-century_the-natural-history-of-b_buffon-georges-louis-le_1792,976,0.53617,non_junk,non_divine_teleology,0.00815,0.98635,0.0055
ia_bim_eighteenth-century_the-natural-history-of-b_buffon-georges-louis-le_1792,977,0.00146,junk,,,,
ia_bim_eighteenth-century_the-natural-history-of-b_buffon-georges-louis-le_1792,978,0.03231,junk,,,,
ia_bim_eighteenth-century_the-natural-history-of-b_buffon-georges-louis-le_1792,979,0.66864,non_junk,non_divine_teleology,0.00317,0.9466,0.05023
ia_bim_eighteenth-century_the-natural-history-of-b_buffon-georges-louis-le_1792,980,8e-05,junk,,,,
ia_bim_eighteenth-century_the-natural-history-of-b_buffon-georges-louis-le_1792,981,0.19821,junk,,,,
ia_bim_eighteenth-century_the-natural-history-of-b_buffon-georges-louis-le_1792,982,0.00013,junk,,,,
ia_bim_eighteenth-century_the-natural-history-of-b_buffon-georges-louis-le_1792,983,0.01191,junk,,,,
ia_bim_eighteenth-century_the-natural-history-of-b_buffon-georges-louis-le_1792,984,0.84534,non_junk,non_divine_teleology,0.01215,0.9302,0.05764
ia_bim_eighteenth-century_the-natural-history-of-b_buffon-georges-louis-le_1792,985,0.00175,junk,,,,
ia_bim_eighteenth-century_the-natural-history-of-b_buffon-georges-louis-le_1792,986,0.00132,junk,,,,
ia_bim_eighteenth-century_the-natural-history-of-b_buffon-georges-louis-le_1792,987,0.00642,junk,,,,
ia_bim_eighteenth-century_the-natural-history-of-b_buffon-georges-louis-le_1792,988,0.07204,junk,,,,
ia_bim_eighteenth-century_the-natural-history-of-b_buffon-georges-louis-le_1792,989,0.00436,junk,,,,
ia_bim_eighteenth-century_the-natural-history-of-b_buffon-georges-louis-le_1792,990,0.00142,junk,,,,
ia_bim_eighteenth-century_the-natural-history-of-b_buffon-georges-louis-le_1792,991,0.00291,junk,,,,
ia_bim_eighteenth-century_the-natural-history-of-b_buffon-georges-louis-le_1792,992,0.01211,junk,,,,
ia_bim_eighteenth-century_the-natural-history-of-b_buffon-georges-louis-le_1792,993,0.0002,junk,,,,
ia_bim_eighteenth-century_the-natural-history-of-b_buffon-georges-louis-le_1792,994,0.01384,junk,,,,
ia_bim_eighteenth-century_the-natural-history-of-b_buffon-georges-louis-le_1792,995,0.00053,junk,,,,
ia_bim_eighteenth-century_the-natural-history-of-b_buffon-georges-louis-le_1792,996,0.0112,junk,,,,
ia_bim_eighteenth-century_the-natural-history-of-b_buffon-georges-louis-le_1792,997,0.00021,junk,,,,
ia_bim_eighteenth-century_the-natural-history-of-b_buffon-georges-louis-le_1792,998,0.07819,junk,,,,
ia_bim_eighteenth-century_the-natural-history-of-b_buffon-georges-louis-le_1792,999,0.06594,junk,,,,
ia_bim_eighteenth-century_the-natural-history-of-b_buffon-georges-louis-le_1792,1000,0.03786,junk,,,,
ia_bim_eighteenth-century_the-natural-history-of-b_buffon-georges-louis-le_1792,1001,0.00549,junk,,,,
ia_bim_eighteenth-century_the-natural-history-of-b_buffon-georges-louis-le_1792,1002,0.00303,junk,,,,
ia_bim_eighteenth-century_the-natural-history-of-b_buffon-georges-louis-le_1792,1003,0.01806,junk,,,,
ia_bim_eighteenth-century_the-natural-history-of-b_buffon-georges-louis-le_1792,1004,0.1978,junk,,,,
ia_bim_eighteenth-century_the-natural-history-of-b_buffon-georges-louis-le_1792,1005,0.01177,junk,,,,
ia_bim_eighteenth-century_the-natural-history-of-b_buffon-georges-louis-le_1792,1006,0.00536,junk,,,,
ia_bim_eighteenth-century_the-natural-history-of-b_buffon-georges-louis-le_1792,1007,0.03851,junk,,,,
ia_bim_eighteenth-century_the-natural-history-of-b_buffon-georges-louis-le_1792,1008,0.01322,junk,,,,
ia_bim_eighteenth-century_the-natural-history-of-b_buffon-georges-louis-le_1792,1009,0.13745,junk,,,,
ia_bim_eighteenth-century_the-natural-history-of-b_buffon-georges-louis-le_1792,1010,0.32024,junk,,,,
ia_bim_eighteenth-century_the-natural-history-of-b_buffon-georges-louis-le_1792,1011,0.0014,junk,,,,
ia_bim_eighteenth-century_the-natural-history-of-b_buffon-georges-louis-le_1792,1012,0.0047,junk,,,,
ia_bim_eighteenth-century_the-natural-history-of-b_buffon-georges-louis-le_1792,1013,0.05568,junk,,,,
ia_bim_eighteenth-century_the-natural-history-of-b_buffon-georges-louis-le_1792,1014,0.00054,junk,,,,
ia_bim_eighteenth-century_the-natural-history-of-b_buffon-georges-louis-le_1792,1015,0.04043,junk,,,,
ia_bim_eighteenth-century_the-natural-history-of-b_buffon-georges-louis-le_1792,1016,0.01903,junk,,,,
ia_bim_eighteenth-century_the-natural-history-of-b_buffon-georges-louis-le_1792,1017,0.00016,junk,,,,
ia_bim_eighteenth-century_the-natural-history-of-b_buffon-georges-louis-le_1792,1018,0.00036,junk,,,,
ia_bim_eighteenth-century_the-natural-history-of-b_buffon-georges-louis-le_1792,1019,0.0004,junk,,,,
ia_bim_eighteenth-century_the-natural-history-of-b_buffon-georges-louis-le_1792,1020,0.00116,junk,,,,
ia_bim_eighteenth-century_the-natural-history-of-b_buffon-georges-louis-le_1792,1021,0.03273,junk,,,,
ia_bim_eighteenth-century_the-natural-history-of-b_buffon-georges-louis-le_1792,1022,0.00979,junk,,,,
ia_bim_eighteenth-century_the-natural-history-of-b_buffon-georges-louis-le_1792,1023,0.00231,junk,,,,
ia_bim_eighteenth-century_the-natural-history-of-b_buffon-georges-louis-le_1792,1024,0.00063,junk,,,,
ia_bim_eighteenth-century_the-natural-history-of-b_buffon-georges-louis-le_1792,1025,0.00178,junk,,,,
ia_bim_eighteenth-century_the-natural-history-of-b_buffon-georges-louis-le_1792,1026,0.11329,junk,,,,
ia_bim_eighteenth-century_the-natural-history-of-b_buffon-georges-louis-le_1792,1027,0.00833,junk,,,,
ia_bim_eighteenth-century_the-natural-history-of-b_buffon-georges-louis-le_1792,1028,0.00097,junk,,,,
ia_bim_eighteenth-century_the-natural-history-of-b_buffon-georges-louis-le_1792,1029,0.00661,junk,,,,
ia_bim_eighteenth-century_the-natural-history-of-b_buffon-georges-louis-le_1792,1030,0.02873,junk,,,,
ia_bim_eighteenth-century_the-natural-history-of-b_buffon-georges-louis-le_1792,1031,0.00225,junk,,,,
ia_bim_eighteenth-century_the-natural-history-of-b_buffon-georges-louis-le_1792,1032,0.41734,junk,,,,
