uid,sent_id,gate_prob_nonjunk,gate_pred,s2_pred,s2_p_divine_teleology,s2_p_non_divine_teleology,s2_p_internal_essence
ia_bim_eighteenth-century_histoire-naturelle-eng_leclerc-georges-louis-_1780_5,1,0.0059,junk,,,,
ia_bim_eighteenth-century_histoire-naturelle-eng_leclerc-georges-louis-_1780_5,2,0.00057,junk,,,,
ia_bim_eighteenth-century_histoire-naturelle-eng_leclerc-georges-louis-_1780_5,3,0.00069,junk,,,,
ia_bim_eighteenth-century_histoire-naturelle-eng_leclerc-georges-louis-_1780_5,4,0.00057,junk,,,,
ia_bim_eighteenth-century_histoire-naturelle-eng_leclerc-georges-louis-_1780_5,5,0.00404,junk,,,,
ia_bim_eighteenth-century_histoire-naturelle-eng_leclerc-georges-louis-_1780_5,6,0.00913,junk,,,,
ia_bim_eighteenth-century_histoire-naturelle-eng_leclerc-georges-louis-_1780_5,7,0.38951,junk,,,,
ia_bim_eighteenth-century_histoire-naturelle-eng_leclerc-georges-louis-_1780_5,8,0.4991,junk,,,,
ia_bim_eighteenth-century_histoire-naturelle-eng_leclerc-georges-louis-_1780_5,9,0.10841,junk,,,,
ia_bim_eighteenth-century_histoire-naturelle-eng_leclerc-georges-louis-_1780_5,10,0.15832,junk,,,,
ia_bim_eighteenth-century_histoire-naturelle-eng_leclerc-georges-louis-_1780_5,11,5e-05,junk,,,,
ia_bim_eighteenth-century_histoire-naturelle-eng_leclerc-georges-louis-_1780_5,12,0.87375,non_junk,non_divine_teleology,0.00898,0.958,0.03302
ia_bim_eighteenth-century_histoire-naturelle-eng_leclerc-georges-louis-_1780_5,13,0.02599,junk,,,,
ia_bim_eighteenth-century_histoire-naturelle-eng_leclerc-georges-louis-_1780_5,14,0.47424,junk,,,,
ia_bim_eighteenth-century_histoire-naturelle-eng_leclerc-georges-louis-_1780_5,15,0.22844,junk,,,,
ia_bim_eighteenth-century_histoire-naturelle-eng_leclerc-georges-louis-_1780_5,16,7e-05,junk,,,,
ia_bim_eighteenth-century_histoire-naturelle-eng_leclerc-georges-louis-_1780_5,17,0.04845,junk,,,,
ia_bim_eighteenth-century_histoire-naturelle-eng_leclerc-georges-louis-_1780_5,18,0.0053,junk,,,,
ia_bim_eighteenth-century_histoire-naturelle-eng_leclerc-georges-louis-_1780_5,19,0.00555,junk,,,,
ia_bim_eighteenth-century_histoire-naturelle-eng_leclerc-georges-louis-_1780_5,20,0.00041,junk,,,,
ia_bim_eighteenth-century_histoire-naturelle-eng_leclerc-georges-louis-_1780_5,21,0.20374,junk,,,,
ia_bim_eighteenth-century_histoire-naturelle-eng_leclerc-georges-louis-_1780_5,22,0.00058,junk,,,,
ia_bim_eighteenth-century_histoire-naturelle-eng_leclerc-georges-louis-_1780_5,23,0.00477,junk,,,,
ia_bim_eighteenth-century_histoire-naturelle-eng_leclerc-georges-louis-_1780_5,24,0.15234,junk,,,,
ia_bim_eighteenth-century_histoire-naturelle-eng_leclerc-georges-louis-_1780_5,25,0.00122,junk,,,,
ia_bim_eighteenth-century_histoire-naturelle-eng_leclerc-georges-louis-_1780_5,26,0.23382,junk,,,,
ia_bim_eighteenth-century_histoire-naturelle-eng_leclerc-georges-louis-_1780_5,27,0.9683,non_junk,non_divine_teleology,0.0294,0.94438,0.02622
ia_bim_eighteenth-century_histoire-naturelle-eng_leclerc-georges-louis-_1780_5,28,0.00028,junk,,,,
ia_bim_eighteenth-century_histoire-naturelle-eng_leclerc-georges-louis-_1780_5,29,0.00363,junk,,,,
ia_bim_eighteenth-century_histoire-naturelle-eng_leclerc-georges-louis-_1780_5,30,0.99176,non_junk,non_divine_teleology,0.02756,0.48887,0.48357
ia_bim_eighteenth-century_histoire-naturelle-eng_leclerc-georges-louis-_1780_5,31,0.00204,junk,,,,
ia_bim_eighteenth-century_histoire-naturelle-eng_leclerc-georges-louis-_1780_5,32,0.00119,junk,,,,
ia_bim_eighteenth-century_histoire-naturelle-eng_leclerc-georges-louis-_1780_5,33,0.01018,junk,,,,
ia_bim_eighteenth-century_histoire-naturelle-eng_leclerc-georges-louis-_1780_5,34,0.12344,junk,,,,
ia_bim_eighteenth-century_histoire-naturelle-eng_leclerc-georges-louis-_1780_5,35,0.00984,junk,,,,
ia_bim_eighteenth-century_histoire-naturelle-eng_leclerc-georges-louis-_1780_5,36,0.02152,junk,,,,
ia_bim_eighteenth-century_histoire-naturelle-eng_leclerc-georges-louis-_1780_5,37,0.01025,junk,,,,
ia_bim_eighteenth-century_histoire-naturelle-eng_leclerc-georges-louis-_1780_5,38,0.02197,junk,,,,
ia_bim_eighteenth-century_histoire-naturelle-eng_leclerc-georges-louis-_1780_5,39,0.00111,junk,,,,
ia_bim_eighteenth-century_histoire-naturelle-eng_leclerc-georges-louis-_1780_5,40,0.62851,non_junk,non_divine_teleology,0.22185,0.5159,0.26225
ia_bim_eighteenth-century_histoire-naturelle-eng_leclerc-georges-louis-_1780_5,41,0.68774,non_junk,non_divine_teleology,0.12929,0.57442,0.29628
ia_bim_eighteenth-century_histoire-naturelle-eng_leclerc-georges-louis-_1780_5,42,0.12823,junk,,,,
ia_bim_eighteenth-century_histoire-naturelle-eng_leclerc-georges-louis-_1780_5,43,0.94648,non_junk,non_divine_teleology,0.07094,0.61901,0.31005
ia_bim_eighteenth-century_histoire-naturelle-eng_leclerc-georges-louis-_1780_5,44,0.46385,junk,,,,
ia_bim_eighteenth-century_histoire-naturelle-eng_leclerc-georges-louis-_1780_5,45,0.26275,junk,,,,
ia_bim_eighteenth-century_histoire-naturelle-eng_leclerc-georges-louis-_1780_5,46,0.87481,non_junk,non_divine_teleology,0.01901,0.968,0.01299
ia_bim_eighteenth-century_histoire-naturelle-eng_leclerc-georges-louis-_1780_5,47,0.22482,junk,,,,
ia_bim_eighteenth-century_histoire-naturelle-eng_leclerc-georges-louis-_1780_5,48,0.00204,junk,,,,
ia_bim_eighteenth-century_histoire-naturelle-eng_leclerc-georges-louis-_1780_5,49,0.86708,non_junk,non_divine_teleology,0.08484,0.77698,0.13818
ia_bim_eighteenth-century_histoire-naturelle-eng_leclerc-georges-louis-_1780_5,50,0.00595,junk,,,,
ia_bim_eighteenth-century_histoire-naturelle-eng_leclerc-georges-louis-_1780_5,51,0.00392,junk,,,,
ia_bim_eighteenth-century_histoire-naturelle-eng_leclerc-georges-louis-_1780_5,52,0.01709,junk,,,,
ia_bim_eighteenth-century_histoire-naturelle-eng_leclerc-georges-louis-_1780_5,53,0.20388,junk,,,,
ia_bim_eighteenth-century_histoire-naturelle-eng_leclerc-georges-louis-_1780_5,54,0.83506,non_junk,non_divine_teleology,0.00363,0.99364,0.00274
ia_bim_eighteenth-century_histoire-naturelle-eng_leclerc-georges-louis-_1780_5,55,0.00365,junk,,,,
ia_bim_eighteenth-century_histoire-naturelle-eng_leclerc-georges-louis-_1780_5,56,0.04772,junk,,,,
ia_bim_eighteenth-century_histoire-naturelle-eng_leclerc-georges-louis-_1780_5,57,0.10213,junk,,,,
ia_bim_eighteenth-century_histoire-naturelle-eng_leclerc-georges-louis-_1780_5,58,0.33083,junk,,,,
ia_bim_eighteenth-century_histoire-naturelle-eng_leclerc-georges-louis-_1780_5,59,0.00516,junk,,,,
ia_bim_eighteenth-century_histoire-naturelle-eng_leclerc-georges-louis-_1780_5,60,0.40865,junk,,,,
ia_bim_eighteenth-century_histoire-naturelle-eng_leclerc-georges-louis-_1780_5,61,0.15267,junk,,,,
ia_bim_eighteenth-century_histoire-naturelle-eng_leclerc-georges-louis-_1780_5,62,0.67875,non_junk,non_divine_teleology,0.02218,0.95561,0.02222
ia_bim_eighteenth-century_histoire-naturelle-eng_leclerc-georges-louis-_1780_5,63,0.02836,junk,,,,
ia_bim_eighteenth-century_histoire-naturelle-eng_leclerc-georges-louis-_1780_5,64,0.17727,junk,,,,
ia_bim_eighteenth-century_histoire-naturelle-eng_leclerc-georges-louis-_1780_5,65,0.21769,junk,,,,
ia_bim_eighteenth-century_histoire-naturelle-eng_leclerc-georges-louis-_1780_5,66,0.00067,junk,,,,
ia_bim_eighteenth-century_histoire-naturelle-eng_leclerc-georges-louis-_1780_5,67,0.05314,junk,,,,
ia_bim_eighteenth-century_histoire-naturelle-eng_leclerc-georges-louis-_1780_5,68,0.99865,non_junk,non_divine_teleology,0.00658,0.97956,0.01387
ia_bim_eighteenth-century_histoire-naturelle-eng_leclerc-georges-louis-_1780_5,69,0.71849,non_junk,non_divine_teleology,0.00496,0.90531,0.08973
ia_bim_eighteenth-century_histoire-naturelle-eng_leclerc-georges-louis-_1780_5,70,0.00051,junk,,,,
ia_bim_eighteenth-century_histoire-naturelle-eng_leclerc-georges-louis-_1780_5,71,0.00058,junk,,,,
ia_bim_eighteenth-century_histoire-naturelle-eng_leclerc-georges-louis-_1780_5,72,0.04421,junk,,,,
ia_bim_eighteenth-century_histoire-naturelle-eng_leclerc-georges-louis-_1780_5,73,0.00066,junk,,,,
ia_bim_eighteenth-century_histoire-naturelle-eng_leclerc-georges-louis-_1780_5,74,0.11494,junk,,,,
ia_bim_eighteenth-century_histoire-naturelle-eng_leclerc-georges-louis-_1780_5,75,0.96471,non_junk,non_divine_teleology,0.01762,0.97002,0.01236
ia_bim_eighteenth-century_histoire-naturelle-eng_leclerc-georges-louis-_1780_5,76,0.95266,non_junk,non_divine_teleology,0.0312,0.89936,0.06944
ia_bim_eighteenth-century_histoire-naturelle-eng_leclerc-georges-louis-_1780_5,77,0.00629,junk,,,,
ia_bim_eighteenth-century_histoire-naturelle-eng_leclerc-georges-louis-_1780_5,78,0.93959,non_junk,non_divine_teleology,0.00669,0.96711,0.0262
ia_bim_eighteenth-century_histoire-naturelle-eng_leclerc-georges-louis-_1780_5,79,0.4108,junk,,,,
ia_bim_eighteenth-century_histoire-naturelle-eng_leclerc-georges-louis-_1780_5,80,0.02474,junk,,,,
ia_bim_eighteenth-century_histoire-naturelle-eng_leclerc-georges-louis-_1780_5,81,0.12415,junk,,,,
ia_bim_eighteenth-century_histoire-naturelle-eng_leclerc-georges-louis-_1780_5,82,0.00337,junk,,,,
ia_bim_eighteenth-century_histoire-naturelle-eng_leclerc-georges-louis-_1780_5,83,0.00216,junk,,,,
ia_bim_eighteenth-century_histoire-naturelle-eng_leclerc-georges-louis-_1780_5,84,0.01885,junk,,,,
ia_bim_eighteenth-century_histoire-naturelle-eng_leclerc-georges-louis-_1780_5,85,0.00259,junk,,,,
ia_bim_eighteenth-century_histoire-naturelle-eng_leclerc-georges-louis-_1780_5,86,0.99787,non_junk,non_divine_teleology,0.00649,0.79386,0.19965
ia_bim_eighteenth-century_histoire-naturelle-eng_leclerc-georges-louis-_1780_5,87,0.95634,non_junk,non_divine_teleology,0.00345,0.99053,0.00602
ia_bim_eighteenth-century_histoire-naturelle-eng_leclerc-georges-louis-_1780_5,88,0.01052,junk,,,,
ia_bim_eighteenth-century_histoire-naturelle-eng_leclerc-georges-louis-_1780_5,89,0.00015,junk,,,,
ia_bim_eighteenth-century_histoire-naturelle-eng_leclerc-georges-louis-_1780_5,90,0.00155,junk,,,,
ia_bim_eighteenth-century_histoire-naturelle-eng_leclerc-georges-louis-_1780_5,91,0.0021,junk,,,,
ia_bim_eighteenth-century_histoire-naturelle-eng_leclerc-georges-louis-_1780_5,92,5e-05,junk,,,,
ia_bim_eighteenth-century_histoire-naturelle-eng_leclerc-georges-louis-_1780_5,93,0.17786,junk,,,,
ia_bim_eighteenth-century_histoire-naturelle-eng_leclerc-georges-louis-_1780_5,94,0.00123,junk,,,,
ia_bim_eighteenth-century_histoire-naturelle-eng_leclerc-georges-louis-_1780_5,95,0.17786,junk,,,,
ia_bim_eighteenth-century_histoire-naturelle-eng_leclerc-georges-louis-_1780_5,96,0.00123,junk,,,,
ia_bim_eighteenth-century_histoire-naturelle-eng_leclerc-georges-louis-_1780_5,97,0.03875,junk,,,,
ia_bim_eighteenth-century_histoire-naturelle-eng_leclerc-georges-louis-_1780_5,98,0.02376,junk,,,,
ia_bim_eighteenth-century_histoire-naturelle-eng_leclerc-georges-louis-_1780_5,99,0.66141,non_junk,non_divine_teleology,0.02042,0.95428,0.0253
ia_bim_eighteenth-century_histoire-naturelle-eng_leclerc-georges-louis-_1780_5,100,0.00807,junk,,,,
ia_bim_eighteenth-century_histoire-naturelle-eng_leclerc-georges-louis-_1780_5,101,0.02134,junk,,,,
ia_bim_eighteenth-century_histoire-naturelle-eng_leclerc-georges-louis-_1780_5,102,0.00298,junk,,,,
ia_bim_eighteenth-century_histoire-naturelle-eng_leclerc-georges-louis-_1780_5,103,0.04247,junk,,,,
ia_bim_eighteenth-century_histoire-naturelle-eng_leclerc-georges-louis-_1780_5,104,0.31638,junk,,,,
ia_bim_eighteenth-century_histoire-naturelle-eng_leclerc-georges-louis-_1780_5,105,0.00019,junk,,,,
ia_bim_eighteenth-century_histoire-naturelle-eng_leclerc-georges-louis-_1780_5,106,0.01316,junk,,,,
ia_bim_eighteenth-century_histoire-naturelle-eng_leclerc-georges-louis-_1780_5,107,0.80654,non_junk,non_divine_teleology,0.05025,0.81074,0.13901
ia_bim_eighteenth-century_histoire-naturelle-eng_leclerc-georges-louis-_1780_5,108,0.01584,junk,,,,
ia_bim_eighteenth-century_histoire-naturelle-eng_leclerc-georges-louis-_1780_5,109,0.02329,junk,,,,
ia_bim_eighteenth-century_histoire-naturelle-eng_leclerc-georges-louis-_1780_5,110,0.00219,junk,,,,
ia_bim_eighteenth-century_histoire-naturelle-eng_leclerc-georges-louis-_1780_5,111,0.00394,junk,,,,
ia_bim_eighteenth-century_histoire-naturelle-eng_leclerc-georges-louis-_1780_5,112,0.00356,junk,,,,
ia_bim_eighteenth-century_histoire-naturelle-eng_leclerc-georges-louis-_1780_5,113,0.00089,junk,,,,
ia_bim_eighteenth-century_histoire-naturelle-eng_leclerc-georges-louis-_1780_5,114,0.00407,junk,,,,
ia_bim_eighteenth-century_histoire-naturelle-eng_leclerc-georges-louis-_1780_5,115,0.0003,junk,,,,
ia_bim_eighteenth-century_histoire-naturelle-eng_leclerc-georges-louis-_1780_5,116,0.00073,junk,,,,
ia_bim_eighteenth-century_histoire-naturelle-eng_leclerc-georges-louis-_1780_5,117,0.00269,junk,,,,
ia_bim_eighteenth-century_histoire-naturelle-eng_leclerc-georges-louis-_1780_5,118,0.99945,non_junk,non_divine_teleology,0.0015,0.99675,0.00175
ia_bim_eighteenth-century_histoire-naturelle-eng_leclerc-georges-louis-_1780_5,119,0.01087,junk,,,,
ia_bim_eighteenth-century_histoire-naturelle-eng_leclerc-georges-louis-_1780_5,120,0.13738,junk,,,,
ia_bim_eighteenth-century_histoire-naturelle-eng_leclerc-georges-louis-_1780_5,121,0.96963,non_junk,non_divine_teleology,0.00319,0.97516,0.02165
ia_bim_eighteenth-century_histoire-naturelle-eng_leclerc-georges-louis-_1780_5,122,0.00108,junk,,,,
ia_bim_eighteenth-century_histoire-naturelle-eng_leclerc-georges-louis-_1780_5,123,0.02897,junk,,,,
ia_bim_eighteenth-century_histoire-naturelle-eng_leclerc-georges-louis-_1780_5,124,0.00095,junk,,,,
ia_bim_eighteenth-century_histoire-naturelle-eng_leclerc-georges-louis-_1780_5,125,0.03942,junk,,,,
ia_bim_eighteenth-century_histoire-naturelle-eng_leclerc-georges-louis-_1780_5,126,0.55149,non_junk,non_divine_teleology,0.00633,0.98044,0.01322
ia_bim_eighteenth-century_histoire-naturelle-eng_leclerc-georges-louis-_1780_5,127,0.00029,junk,,,,
ia_bim_eighteenth-century_histoire-naturelle-eng_leclerc-georges-louis-_1780_5,128,0.00446,junk,,,,
ia_bim_eighteenth-century_histoire-naturelle-eng_leclerc-georges-louis-_1780_5,129,0.04216,junk,,,,
ia_bim_eighteenth-century_histoire-naturelle-eng_leclerc-georges-louis-_1780_5,130,0.01592,junk,,,,
ia_bim_eighteenth-century_histoire-naturelle-eng_leclerc-georges-louis-_1780_5,131,0.02126,junk,,,,
ia_bim_eighteenth-century_histoire-naturelle-eng_leclerc-georges-louis-_1780_5,132,0.00883,junk,,,,
ia_bim_eighteenth-century_histoire-naturelle-eng_leclerc-georges-louis-_1780_5,133,0.19368,junk,,,,
ia_bim_eighteenth-century_histoire-naturelle-eng_leclerc-georges-louis-_1780_5,134,0.03413,junk,,,,
ia_bim_eighteenth-century_histoire-naturelle-eng_leclerc-georges-louis-_1780_5,135,0.05337,junk,,,,
ia_bim_eighteenth-century_histoire-naturelle-eng_leclerc-georges-louis-_1780_5,136,0.54048,non_junk,non_divine_teleology,0.01116,0.93354,0.0553
ia_bim_eighteenth-century_histoire-naturelle-eng_leclerc-georges-louis-_1780_5,137,0.00687,junk,,,,
ia_bim_eighteenth-century_histoire-naturelle-eng_leclerc-georges-louis-_1780_5,138,0.17808,junk,,,,
ia_bim_eighteenth-century_histoire-naturelle-eng_leclerc-georges-louis-_1780_5,139,0.03365,junk,,,,
ia_bim_eighteenth-century_histoire-naturelle-eng_leclerc-georges-louis-_1780_5,140,0.23004,junk,,,,
ia_bim_eighteenth-century_histoire-naturelle-eng_leclerc-georges-louis-_1780_5,141,0.90445,non_junk,internal_essence,0.15011,0.20063,0.64927
ia_bim_eighteenth-century_histoire-naturelle-eng_leclerc-georges-louis-_1780_5,142,0.4109,junk,,,,
ia_bim_eighteenth-century_histoire-naturelle-eng_leclerc-georges-louis-_1780_5,143,0.02597,junk,,,,
ia_bim_eighteenth-century_histoire-naturelle-eng_leclerc-georges-louis-_1780_5,144,0.00396,junk,,,,
ia_bim_eighteenth-century_histoire-naturelle-eng_leclerc-georges-louis-_1780_5,145,0.00815,junk,,,,
ia_bim_eighteenth-century_histoire-naturelle-eng_leclerc-georges-louis-_1780_5,146,0.00162,junk,,,,
ia_bim_eighteenth-century_histoire-naturelle-eng_leclerc-georges-louis-_1780_5,147,0.0182,junk,,,,
ia_bim_eighteenth-century_histoire-naturelle-eng_leclerc-georges-louis-_1780_5,148,0.01568,junk,,,,
ia_bim_eighteenth-century_histoire-naturelle-eng_leclerc-georges-louis-_1780_5,149,0.00842,junk,,,,
ia_bim_eighteenth-century_histoire-naturelle-eng_leclerc-georges-louis-_1780_5,150,0.00456,junk,,,,
ia_bim_eighteenth-century_histoire-naturelle-eng_leclerc-georges-louis-_1780_5,151,0.32168,junk,,,,
ia_bim_eighteenth-century_histoire-naturelle-eng_leclerc-georges-louis-_1780_5,152,0.03854,junk,,,,
ia_bim_eighteenth-century_histoire-naturelle-eng_leclerc-georges-louis-_1780_5,153,0.0687,junk,,,,
ia_bim_eighteenth-century_histoire-naturelle-eng_leclerc-georges-louis-_1780_5,154,0.52912,non_junk,non_divine_teleology,0.06676,0.91621,0.01703
ia_bim_eighteenth-century_histoire-naturelle-eng_leclerc-georges-louis-_1780_5,155,0.29716,junk,,,,
ia_bim_eighteenth-century_histoire-naturelle-eng_leclerc-georges-louis-_1780_5,156,0.00063,junk,,,,
ia_bim_eighteenth-century_histoire-naturelle-eng_leclerc-georges-louis-_1780_5,157,0.00026,junk,,,,
ia_bim_eighteenth-century_histoire-naturelle-eng_leclerc-georges-louis-_1780_5,158,0.0095,junk,,,,
ia_bim_eighteenth-century_histoire-naturelle-eng_leclerc-georges-louis-_1780_5,159,0.0256,junk,,,,
ia_bim_eighteenth-century_histoire-naturelle-eng_leclerc-georges-louis-_1780_5,160,0.7577,non_junk,non_divine_teleology,0.01602,0.97032,0.01367
ia_bim_eighteenth-century_histoire-naturelle-eng_leclerc-georges-louis-_1780_5,161,0.43369,junk,,,,
ia_bim_eighteenth-century_histoire-naturelle-eng_leclerc-georges-louis-_1780_5,162,0.09014,junk,,,,
ia_bim_eighteenth-century_histoire-naturelle-eng_leclerc-georges-louis-_1780_5,163,0.10829,junk,,,,
ia_bim_eighteenth-century_histoire-naturelle-eng_leclerc-georges-louis-_1780_5,164,0.00263,junk,,,,
ia_bim_eighteenth-century_histoire-naturelle-eng_leclerc-georges-louis-_1780_5,165,0.00876,junk,,,,
ia_bim_eighteenth-century_histoire-naturelle-eng_leclerc-georges-louis-_1780_5,166,0.03619,junk,,,,
ia_bim_eighteenth-century_histoire-naturelle-eng_leclerc-georges-louis-_1780_5,167,0.01357,junk,,,,
ia_bim_eighteenth-century_histoire-naturelle-eng_leclerc-georges-louis-_1780_5,168,0.00284,junk,,,,
ia_bim_eighteenth-century_histoire-naturelle-eng_leclerc-georges-louis-_1780_5,169,0.01125,junk,,,,
ia_bim_eighteenth-century_histoire-naturelle-eng_leclerc-georges-louis-_1780_5,170,0.09316,junk,,,,
ia_bim_eighteenth-century_histoire-naturelle-eng_leclerc-georges-louis-_1780_5,171,0.00976,junk,,,,
ia_bim_eighteenth-century_histoire-naturelle-eng_leclerc-georges-louis-_1780_5,172,0.00021,junk,,,,
ia_bim_eighteenth-century_histoire-naturelle-eng_leclerc-georges-louis-_1780_5,173,0.05941,junk,,,,
ia_bim_eighteenth-century_histoire-naturelle-eng_leclerc-georges-louis-_1780_5,174,0.00706,junk,,,,
ia_bim_eighteenth-century_histoire-naturelle-eng_leclerc-georges-louis-_1780_5,175,0.00046,junk,,,,
ia_bim_eighteenth-century_histoire-naturelle-eng_leclerc-georges-louis-_1780_5,176,0.13498,junk,,,,
ia_bim_eighteenth-century_histoire-naturelle-eng_leclerc-georges-louis-_1780_5,177,0.02023,junk,,,,
ia_bim_eighteenth-century_histoire-naturelle-eng_leclerc-georges-louis-_1780_5,178,0.00292,junk,,,,
ia_bim_eighteenth-century_histoire-naturelle-eng_leclerc-georges-louis-_1780_5,179,0.00142,junk,,,,
ia_bim_eighteenth-century_histoire-naturelle-eng_leclerc-georges-louis-_1780_5,180,0.2097,junk,,,,
ia_bim_eighteenth-century_histoire-naturelle-eng_leclerc-georges-louis-_1780_5,181,0.01066,junk,,,,
ia_bim_eighteenth-century_histoire-naturelle-eng_leclerc-georges-louis-_1780_5,182,0.00315,junk,,,,
ia_bim_eighteenth-century_histoire-naturelle-eng_leclerc-georges-louis-_1780_5,183,0.01633,junk,,,,
ia_bim_eighteenth-century_histoire-naturelle-eng_leclerc-georges-louis-_1780_5,184,0.02758,junk,,,,
ia_bim_eighteenth-century_histoire-naturelle-eng_leclerc-georges-louis-_1780_5,185,0.00403,junk,,,,
ia_bim_eighteenth-century_histoire-naturelle-eng_leclerc-georges-louis-_1780_5,186,0.41265,junk,,,,
ia_bim_eighteenth-century_histoire-naturelle-eng_leclerc-georges-louis-_1780_5,187,0.03182,junk,,,,
ia_bim_eighteenth-century_histoire-naturelle-eng_leclerc-georges-louis-_1780_5,188,0.00063,junk,,,,
ia_bim_eighteenth-century_histoire-naturelle-eng_leclerc-georges-louis-_1780_5,189,0.39052,junk,,,,
ia_bim_eighteenth-century_histoire-naturelle-eng_leclerc-georges-louis-_1780_5,190,0.02221,junk,,,,
ia_bim_eighteenth-century_histoire-naturelle-eng_leclerc-georges-louis-_1780_5,191,0.00308,junk,,,,
ia_bim_eighteenth-century_histoire-naturelle-eng_leclerc-georges-louis-_1780_5,192,0.5027,non_junk,non_divine_teleology,0.03024,0.94693,0.02283
ia_bim_eighteenth-century_histoire-naturelle-eng_leclerc-georges-louis-_1780_5,193,0.74965,non_junk,non_divine_teleology,0.03133,0.9555,0.01316
ia_bim_eighteenth-century_histoire-naturelle-eng_leclerc-georges-louis-_1780_5,194,0.00239,junk,,,,
ia_bim_eighteenth-century_histoire-naturelle-eng_leclerc-georges-louis-_1780_5,195,0.02937,junk,,,,
ia_bim_eighteenth-century_histoire-naturelle-eng_leclerc-georges-louis-_1780_5,196,0.1245,junk,,,,
ia_bim_eighteenth-century_histoire-naturelle-eng_leclerc-georges-louis-_1780_5,197,0.66761,non_junk,non_divine_teleology,0.0582,0.83003,0.11177
ia_bim_eighteenth-century_histoire-naturelle-eng_leclerc-georges-louis-_1780_5,198,0.00032,junk,,,,
ia_bim_eighteenth-century_histoire-naturelle-eng_leclerc-georges-louis-_1780_5,199,0.03722,junk,,,,
ia_bim_eighteenth-century_histoire-naturelle-eng_leclerc-georges-louis-_1780_5,200,0.02222,junk,,,,
ia_bim_eighteenth-century_histoire-naturelle-eng_leclerc-georges-louis-_1780_5,201,0.02017,junk,,,,
ia_bim_eighteenth-century_histoire-naturelle-eng_leclerc-georges-louis-_1780_5,202,0.0024,junk,,,,
ia_bim_eighteenth-century_histoire-naturelle-eng_leclerc-georges-louis-_1780_5,203,0.01648,junk,,,,
ia_bim_eighteenth-century_histoire-naturelle-eng_leclerc-georges-louis-_1780_5,204,0.08794,junk,,,,
ia_bim_eighteenth-century_histoire-naturelle-eng_leclerc-georges-louis-_1780_5,205,9e-05,junk,,,,
ia_bim_eighteenth-century_histoire-naturelle-eng_leclerc-georges-louis-_1780_5,206,0.45546,junk,,,,
ia_bim_eighteenth-century_histoire-naturelle-eng_leclerc-georges-louis-_1780_5,207,0.75264,non_junk,non_divine_teleology,0.03549,0.93926,0.02526
ia_bim_eighteenth-century_histoire-naturelle-eng_leclerc-georges-louis-_1780_5,208,0.00132,junk,,,,
ia_bim_eighteenth-century_histoire-naturelle-eng_leclerc-georges-louis-_1780_5,209,0.1672,junk,,,,
ia_bim_eighteenth-century_histoire-naturelle-eng_leclerc-georges-louis-_1780_5,210,0.0012,junk,,,,
ia_bim_eighteenth-century_histoire-naturelle-eng_leclerc-georges-louis-_1780_5,211,0.17595,junk,,,,
ia_bim_eighteenth-century_histoire-naturelle-eng_leclerc-georges-louis-_1780_5,212,0.51692,non_junk,non_divine_teleology,0.01066,0.83403,0.15531
ia_bim_eighteenth-century_histoire-naturelle-eng_leclerc-georges-louis-_1780_5,213,0.9251,non_junk,non_divine_teleology,0.12818,0.68547,0.18635
ia_bim_eighteenth-century_histoire-naturelle-eng_leclerc-georges-louis-_1780_5,214,0.09109,junk,,,,
ia_bim_eighteenth-century_histoire-naturelle-eng_leclerc-georges-louis-_1780_5,215,0.00304,junk,,,,
ia_bim_eighteenth-century_histoire-naturelle-eng_leclerc-georges-louis-_1780_5,216,0.00117,junk,,,,
ia_bim_eighteenth-century_histoire-naturelle-eng_leclerc-georges-louis-_1780_5,217,0.01168,junk,,,,
ia_bim_eighteenth-century_histoire-naturelle-eng_leclerc-georges-louis-_1780_5,218,0.00178,junk,,,,
ia_bim_eighteenth-century_histoire-naturelle-eng_leclerc-georges-louis-_1780_5,219,0.18101,junk,,,,
ia_bim_eighteenth-century_histoire-naturelle-eng_leclerc-georges-louis-_1780_5,220,0.02812,junk,,,,
ia_bim_eighteenth-century_histoire-naturelle-eng_leclerc-georges-louis-_1780_5,221,0.01276,junk,,,,
ia_bim_eighteenth-century_histoire-naturelle-eng_leclerc-georges-louis-_1780_5,222,0.68054,non_junk,internal_essence,0.00926,0.1002,0.89054
ia_bim_eighteenth-century_histoire-naturelle-eng_leclerc-georges-louis-_1780_5,223,0.00578,junk,,,,
ia_bim_eighteenth-century_histoire-naturelle-eng_leclerc-georges-louis-_1780_5,224,0.00017,junk,,,,
ia_bim_eighteenth-century_histoire-naturelle-eng_leclerc-georges-louis-_1780_5,225,0.00023,junk,,,,
ia_bim_eighteenth-century_histoire-naturelle-eng_leclerc-georges-louis-_1780_5,226,0.00032,junk,,,,
ia_bim_eighteenth-century_histoire-naturelle-eng_leclerc-georges-louis-_1780_5,227,0.02294,junk,,,,
ia_bim_eighteenth-century_histoire-naturelle-eng_leclerc-georges-louis-_1780_5,228,0.00114,junk,,,,
ia_bim_eighteenth-century_histoire-naturelle-eng_leclerc-georges-louis-_1780_5,229,9e-05,junk,,,,
ia_bim_eighteenth-century_histoire-naturelle-eng_leclerc-georges-louis-_1780_5,230,0.61522,non_junk,internal_essence,0.01188,0.06599,0.92212
ia_bim_eighteenth-century_histoire-naturelle-eng_leclerc-georges-louis-_1780_5,231,0.38352,junk,,,,
ia_bim_eighteenth-century_histoire-naturelle-eng_leclerc-georges-louis-_1780_5,232,0.00574,junk,,,,
ia_bim_eighteenth-century_histoire-naturelle-eng_leclerc-georges-louis-_1780_5,233,0.66195,non_junk,internal_essence,0.00543,0.06417,0.9304
ia_bim_eighteenth-century_histoire-naturelle-eng_leclerc-georges-louis-_1780_5,234,0.00478,junk,,,,
ia_bim_eighteenth-century_histoire-naturelle-eng_leclerc-georges-louis-_1780_5,235,0.02243,junk,,,,
ia_bim_eighteenth-century_histoire-naturelle-eng_leclerc-georges-louis-_1780_5,236,0.12527,junk,,,,
ia_bim_eighteenth-century_histoire-naturelle-eng_leclerc-georges-louis-_1780_5,237,0.00172,junk,,,,
ia_bim_eighteenth-century_histoire-naturelle-eng_leclerc-georges-louis-_1780_5,238,6e-05,junk,,,,
ia_bim_eighteenth-century_histoire-naturelle-eng_leclerc-georges-louis-_1780_5,239,0.00079,junk,,,,
ia_bim_eighteenth-century_histoire-naturelle-eng_leclerc-georges-louis-_1780_5,240,0.00078,junk,,,,
ia_bim_eighteenth-century_histoire-naturelle-eng_leclerc-georges-louis-_1780_5,241,0.0047,junk,,,,
ia_bim_eighteenth-century_histoire-naturelle-eng_leclerc-georges-louis-_1780_5,242,0.10863,junk,,,,
ia_bim_eighteenth-century_histoire-naturelle-eng_leclerc-georges-louis-_1780_5,243,0.94285,non_junk,non_divine_teleology,0.00893,0.86157,0.12949
ia_bim_eighteenth-century_histoire-naturelle-eng_leclerc-georges-louis-_1780_5,244,0.04961,junk,,,,
ia_bim_eighteenth-century_histoire-naturelle-eng_leclerc-georges-louis-_1780_5,245,0.00985,junk,,,,
ia_bim_eighteenth-century_histoire-naturelle-eng_leclerc-georges-louis-_1780_5,246,0.06299,junk,,,,
ia_bim_eighteenth-century_histoire-naturelle-eng_leclerc-georges-louis-_1780_5,247,0.03749,junk,,,,
ia_bim_eighteenth-century_histoire-naturelle-eng_leclerc-georges-louis-_1780_5,248,0.60997,non_junk,internal_essence,0.23757,0.37407,0.38836
ia_bim_eighteenth-century_histoire-naturelle-eng_leclerc-georges-louis-_1780_5,249,0.00193,junk,,,,
ia_bim_eighteenth-century_histoire-naturelle-eng_leclerc-georges-louis-_1780_5,250,0.0029,junk,,,,
ia_bim_eighteenth-century_histoire-naturelle-eng_leclerc-georges-louis-_1780_5,251,0.56211,non_junk,non_divine_teleology,0.01874,0.9677,0.01357
ia_bim_eighteenth-century_histoire-naturelle-eng_leclerc-georges-louis-_1780_5,252,0.14753,junk,,,,
ia_bim_eighteenth-century_histoire-naturelle-eng_leclerc-georges-louis-_1780_5,253,0.01989,junk,,,,
ia_bim_eighteenth-century_histoire-naturelle-eng_leclerc-georges-louis-_1780_5,254,0.00187,junk,,,,
ia_bim_eighteenth-century_histoire-naturelle-eng_leclerc-georges-louis-_1780_5,255,2e-05,junk,,,,
ia_bim_eighteenth-century_histoire-naturelle-eng_leclerc-georges-louis-_1780_5,256,0.07233,junk,,,,
ia_bim_eighteenth-century_histoire-naturelle-eng_leclerc-georges-louis-_1780_5,257,0.21946,junk,,,,
ia_bim_eighteenth-century_histoire-naturelle-eng_leclerc-georges-louis-_1780_5,258,0.00029,junk,,,,
ia_bim_eighteenth-century_histoire-naturelle-eng_leclerc-georges-louis-_1780_5,259,0.04794,junk,,,,
ia_bim_eighteenth-century_histoire-naturelle-eng_leclerc-georges-louis-_1780_5,260,0.00048,junk,,,,
ia_bim_eighteenth-century_histoire-naturelle-eng_leclerc-georges-louis-_1780_5,261,0.00077,junk,,,,
ia_bim_eighteenth-century_histoire-naturelle-eng_leclerc-georges-louis-_1780_5,262,0.0037,junk,,,,
ia_bim_eighteenth-century_histoire-naturelle-eng_leclerc-georges-louis-_1780_5,263,0.01084,junk,,,,
ia_bim_eighteenth-century_histoire-naturelle-eng_leclerc-georges-louis-_1780_5,264,0.02754,junk,,,,
ia_bim_eighteenth-century_histoire-naturelle-eng_leclerc-georges-louis-_1780_5,265,0.00065,junk,,,,
ia_bim_eighteenth-century_histoire-naturelle-eng_leclerc-georges-louis-_1780_5,266,0.00789,junk,,,,
ia_bim_eighteenth-century_histoire-naturelle-eng_leclerc-georges-louis-_1780_5,267,0.01123,junk,,,,
ia_bim_eighteenth-century_histoire-naturelle-eng_leclerc-georges-louis-_1780_5,268,0.0175,junk,,,,
ia_bim_eighteenth-century_histoire-naturelle-eng_leclerc-georges-louis-_1780_5,269,0.16924,junk,,,,
ia_bim_eighteenth-century_histoire-naturelle-eng_leclerc-georges-louis-_1780_5,270,0.26022,junk,,,,
ia_bim_eighteenth-century_histoire-naturelle-eng_leclerc-georges-louis-_1780_5,271,0.07067,junk,,,,
ia_bim_eighteenth-century_histoire-naturelle-eng_leclerc-georges-louis-_1780_5,272,0.01578,junk,,,,
ia_bim_eighteenth-century_histoire-naturelle-eng_leclerc-georges-louis-_1780_5,273,0.87401,non_junk,non_divine_teleology,0.04551,0.91395,0.04054
ia_bim_eighteenth-century_histoire-naturelle-eng_leclerc-georges-louis-_1780_5,274,0.05048,junk,,,,
ia_bim_eighteenth-century_histoire-naturelle-eng_leclerc-georges-louis-_1780_5,275,0.03056,junk,,,,
ia_bim_eighteenth-century_histoire-naturelle-eng_leclerc-georges-louis-_1780_5,276,0.06751,junk,,,,
ia_bim_eighteenth-century_histoire-naturelle-eng_leclerc-georges-louis-_1780_5,277,0.055,junk,,,,
ia_bim_eighteenth-century_histoire-naturelle-eng_leclerc-georges-louis-_1780_5,278,0.02622,junk,,,,
ia_bim_eighteenth-century_histoire-naturelle-eng_leclerc-georges-louis-_1780_5,279,0.00719,junk,,,,
ia_bim_eighteenth-century_histoire-naturelle-eng_leclerc-georges-louis-_1780_5,280,0.00011,junk,,,,
ia_bim_eighteenth-century_histoire-naturelle-eng_leclerc-georges-louis-_1780_5,281,0.00552,junk,,,,
ia_bim_eighteenth-century_histoire-naturelle-eng_leclerc-georges-louis-_1780_5,282,0.27421,junk,,,,
ia_bim_eighteenth-century_histoire-naturelle-eng_leclerc-georges-louis-_1780_5,283,0.00377,junk,,,,
ia_bim_eighteenth-century_histoire-naturelle-eng_leclerc-georges-louis-_1780_5,284,0.00408,junk,,,,
ia_bim_eighteenth-century_histoire-naturelle-eng_leclerc-georges-louis-_1780_5,285,0.00144,junk,,,,
ia_bim_eighteenth-century_histoire-naturelle-eng_leclerc-georges-louis-_1780_5,286,0.00019,junk,,,,
ia_bim_eighteenth-century_histoire-naturelle-eng_leclerc-georges-louis-_1780_5,287,0.0192,junk,,,,
ia_bim_eighteenth-century_histoire-naturelle-eng_leclerc-georges-louis-_1780_5,288,0.18428,junk,,,,
ia_bim_eighteenth-century_histoire-naturelle-eng_leclerc-georges-louis-_1780_5,289,0.21503,junk,,,,
ia_bim_eighteenth-century_histoire-naturelle-eng_leclerc-georges-louis-_1780_5,290,0.07206,junk,,,,
ia_bim_eighteenth-century_histoire-naturelle-eng_leclerc-georges-louis-_1780_5,291,0.04505,junk,,,,
ia_bim_eighteenth-century_histoire-naturelle-eng_leclerc-georges-louis-_1780_5,292,0.00448,junk,,,,
ia_bim_eighteenth-century_histoire-naturelle-eng_leclerc-georges-louis-_1780_5,293,0.01634,junk,,,,
ia_bim_eighteenth-century_histoire-naturelle-eng_leclerc-georges-louis-_1780_5,294,0.00084,junk,,,,
ia_bim_eighteenth-century_histoire-naturelle-eng_leclerc-georges-louis-_1780_5,295,0.28846,junk,,,,
ia_bim_eighteenth-century_histoire-naturelle-eng_leclerc-georges-louis-_1780_5,296,0.00025,junk,,,,
ia_bim_eighteenth-century_histoire-naturelle-eng_leclerc-georges-louis-_1780_5,297,0.00337,junk,,,,
ia_bim_eighteenth-century_histoire-naturelle-eng_leclerc-georges-louis-_1780_5,298,0.02344,junk,,,,
ia_bim_eighteenth-century_histoire-naturelle-eng_leclerc-georges-louis-_1780_5,299,0.00951,junk,,,,
ia_bim_eighteenth-century_histoire-naturelle-eng_leclerc-georges-louis-_1780_5,300,0.00082,junk,,,,
ia_bim_eighteenth-century_histoire-naturelle-eng_leclerc-georges-louis-_1780_5,301,0.00504,junk,,,,
ia_bim_eighteenth-century_histoire-naturelle-eng_leclerc-georges-louis-_1780_5,302,0.15038,junk,,,,
ia_bim_eighteenth-century_histoire-naturelle-eng_leclerc-georges-louis-_1780_5,303,0.15038,junk,,,,
ia_bim_eighteenth-century_histoire-naturelle-eng_leclerc-georges-louis-_1780_5,304,0.96778,non_junk,non_divine_teleology,0.0087,0.9718,0.0195
ia_bim_eighteenth-century_histoire-naturelle-eng_leclerc-georges-louis-_1780_5,305,0.65129,non_junk,non_divine_teleology,0.03123,0.94492,0.02385
ia_bim_eighteenth-century_histoire-naturelle-eng_leclerc-georges-louis-_1780_5,306,2e-05,junk,,,,
ia_bim_eighteenth-century_histoire-naturelle-eng_leclerc-georges-louis-_1780_5,307,0.02244,junk,,,,
ia_bim_eighteenth-century_histoire-naturelle-eng_leclerc-georges-louis-_1780_5,308,0.87304,non_junk,non_divine_teleology,0.01443,0.81603,0.16954
ia_bim_eighteenth-century_histoire-naturelle-eng_leclerc-georges-louis-_1780_5,309,0.00544,junk,,,,
ia_bim_eighteenth-century_histoire-naturelle-eng_leclerc-georges-louis-_1780_5,310,0.00666,junk,,,,
ia_bim_eighteenth-century_histoire-naturelle-eng_leclerc-georges-louis-_1780_5,311,0.30912,junk,,,,
ia_bim_eighteenth-century_histoire-naturelle-eng_leclerc-georges-louis-_1780_5,312,0.01108,junk,,,,
ia_bim_eighteenth-century_histoire-naturelle-eng_leclerc-georges-louis-_1780_5,313,0.00771,junk,,,,
ia_bim_eighteenth-century_histoire-naturelle-eng_leclerc-georges-louis-_1780_5,314,0.00261,junk,,,,
ia_bim_eighteenth-century_histoire-naturelle-eng_leclerc-georges-louis-_1780_5,315,0.00068,junk,,,,
ia_bim_eighteenth-century_histoire-naturelle-eng_leclerc-georges-louis-_1780_5,316,0.97782,non_junk,non_divine_teleology,0.00776,0.98625,0.00599
ia_bim_eighteenth-century_histoire-naturelle-eng_leclerc-georges-louis-_1780_5,317,9e-05,junk,,,,
ia_bim_eighteenth-century_histoire-naturelle-eng_leclerc-georges-louis-_1780_5,318,0.06989,junk,,,,
ia_bim_eighteenth-century_histoire-naturelle-eng_leclerc-georges-louis-_1780_5,319,0.03911,junk,,,,
ia_bim_eighteenth-century_histoire-naturelle-eng_leclerc-georges-louis-_1780_5,320,0.01849,junk,,,,
ia_bim_eighteenth-century_histoire-naturelle-eng_leclerc-georges-louis-_1780_5,321,0.00634,junk,,,,
ia_bim_eighteenth-century_histoire-naturelle-eng_leclerc-georges-louis-_1780_5,322,0.00193,junk,,,,
ia_bim_eighteenth-century_histoire-naturelle-eng_leclerc-georges-louis-_1780_5,323,0.00114,junk,,,,
ia_bim_eighteenth-century_histoire-naturelle-eng_leclerc-georges-louis-_1780_5,324,0.01249,junk,,,,
ia_bim_eighteenth-century_histoire-naturelle-eng_leclerc-georges-louis-_1780_5,325,0.0002,junk,,,,
ia_bim_eighteenth-century_histoire-naturelle-eng_leclerc-georges-louis-_1780_5,326,0.00283,junk,,,,
ia_bim_eighteenth-century_histoire-naturelle-eng_leclerc-georges-louis-_1780_5,327,0.20092,junk,,,,
ia_bim_eighteenth-century_histoire-naturelle-eng_leclerc-georges-louis-_1780_5,328,3e-05,junk,,,,
ia_bim_eighteenth-century_histoire-naturelle-eng_leclerc-georges-louis-_1780_5,329,0.00092,junk,,,,
ia_bim_eighteenth-century_histoire-naturelle-eng_leclerc-georges-louis-_1780_5,330,0.01198,junk,,,,
ia_bim_eighteenth-century_histoire-naturelle-eng_leclerc-georges-louis-_1780_5,331,0.00358,junk,,,,
ia_bim_eighteenth-century_histoire-naturelle-eng_leclerc-georges-louis-_1780_5,332,0.00168,junk,,,,
ia_bim_eighteenth-century_histoire-naturelle-eng_leclerc-georges-louis-_1780_5,333,0.01018,junk,,,,
ia_bim_eighteenth-century_histoire-naturelle-eng_leclerc-georges-louis-_1780_5,334,0.00086,junk,,,,
ia_bim_eighteenth-century_histoire-naturelle-eng_leclerc-georges-louis-_1780_5,335,0.00661,junk,,,,
ia_bim_eighteenth-century_histoire-naturelle-eng_leclerc-georges-louis-_1780_5,336,0.00211,junk,,,,
ia_bim_eighteenth-century_histoire-naturelle-eng_leclerc-georges-louis-_1780_5,337,0.0006,junk,,,,
ia_bim_eighteenth-century_histoire-naturelle-eng_leclerc-georges-louis-_1780_5,338,8e-05,junk,,,,
ia_bim_eighteenth-century_histoire-naturelle-eng_leclerc-georges-louis-_1780_5,339,0.00076,junk,,,,
ia_bim_eighteenth-century_histoire-naturelle-eng_leclerc-georges-louis-_1780_5,340,0.00179,junk,,,,
ia_bim_eighteenth-century_histoire-naturelle-eng_leclerc-georges-louis-_1780_5,341,0.03021,junk,,,,
ia_bim_eighteenth-century_histoire-naturelle-eng_leclerc-georges-louis-_1780_5,342,0.20808,junk,,,,
ia_bim_eighteenth-century_histoire-naturelle-eng_leclerc-georges-louis-_1780_5,343,0.00341,junk,,,,
ia_bim_eighteenth-century_histoire-naturelle-eng_leclerc-georges-louis-_1780_5,344,4e-05,junk,,,,
ia_bim_eighteenth-century_histoire-naturelle-eng_leclerc-georges-louis-_1780_5,345,0.00027,junk,,,,
ia_bim_eighteenth-century_histoire-naturelle-eng_leclerc-georges-louis-_1780_5,346,0.33858,junk,,,,
ia_bim_eighteenth-century_histoire-naturelle-eng_leclerc-georges-louis-_1780_5,347,0.02139,junk,,,,
ia_bim_eighteenth-century_histoire-naturelle-eng_leclerc-georges-louis-_1780_5,348,0.01788,junk,,,,
ia_bim_eighteenth-century_histoire-naturelle-eng_leclerc-georges-louis-_1780_5,349,0.04972,junk,,,,
ia_bim_eighteenth-century_histoire-naturelle-eng_leclerc-georges-louis-_1780_5,350,0.0945,junk,,,,
ia_bim_eighteenth-century_histoire-naturelle-eng_leclerc-georges-louis-_1780_5,351,0.397,junk,,,,
ia_bim_eighteenth-century_histoire-naturelle-eng_leclerc-georges-louis-_1780_5,352,0.04133,junk,,,,
ia_bim_eighteenth-century_histoire-naturelle-eng_leclerc-georges-louis-_1780_5,353,0.01048,junk,,,,
ia_bim_eighteenth-century_histoire-naturelle-eng_leclerc-georges-louis-_1780_5,354,0.00497,junk,,,,
ia_bim_eighteenth-century_histoire-naturelle-eng_leclerc-georges-louis-_1780_5,355,0.015,junk,,,,
ia_bim_eighteenth-century_histoire-naturelle-eng_leclerc-georges-louis-_1780_5,356,0.00577,junk,,,,
ia_bim_eighteenth-century_histoire-naturelle-eng_leclerc-georges-louis-_1780_5,357,0.00032,junk,,,,
ia_bim_eighteenth-century_histoire-naturelle-eng_leclerc-georges-louis-_1780_5,358,0.02676,junk,,,,
ia_bim_eighteenth-century_histoire-naturelle-eng_leclerc-georges-louis-_1780_5,359,0.09712,junk,,,,
ia_bim_eighteenth-century_histoire-naturelle-eng_leclerc-georges-louis-_1780_5,360,0.00105,junk,,,,
ia_bim_eighteenth-century_histoire-naturelle-eng_leclerc-georges-louis-_1780_5,361,0.03065,junk,,,,
ia_bim_eighteenth-century_histoire-naturelle-eng_leclerc-georges-louis-_1780_5,362,0.51546,non_junk,non_divine_teleology,0.01435,0.95384,0.03181
ia_bim_eighteenth-century_histoire-naturelle-eng_leclerc-georges-louis-_1780_5,363,0.0412,junk,,,,
ia_bim_eighteenth-century_histoire-naturelle-eng_leclerc-georges-louis-_1780_5,364,0.0716,junk,,,,
ia_bim_eighteenth-century_histoire-naturelle-eng_leclerc-georges-louis-_1780_5,365,0.45969,junk,,,,
ia_bim_eighteenth-century_histoire-naturelle-eng_leclerc-georges-louis-_1780_5,366,0.61114,non_junk,non_divine_teleology,0.00879,0.9507,0.04051
ia_bim_eighteenth-century_histoire-naturelle-eng_leclerc-georges-louis-_1780_5,367,0.8098,non_junk,non_divine_teleology,0.02141,0.94491,0.03368
ia_bim_eighteenth-century_histoire-naturelle-eng_leclerc-georges-louis-_1780_5,368,0.24141,junk,,,,
ia_bim_eighteenth-century_histoire-naturelle-eng_leclerc-georges-louis-_1780_5,369,0.00045,junk,,,,
ia_bim_eighteenth-century_histoire-naturelle-eng_leclerc-georges-louis-_1780_5,370,0.00446,junk,,,,
ia_bim_eighteenth-century_histoire-naturelle-eng_leclerc-georges-louis-_1780_5,371,0.44848,junk,,,,
ia_bim_eighteenth-century_histoire-naturelle-eng_leclerc-georges-louis-_1780_5,372,0.79038,non_junk,non_divine_teleology,0.01335,0.95338,0.03327
ia_bim_eighteenth-century_histoire-naturelle-eng_leclerc-georges-louis-_1780_5,373,0.18339,junk,,,,
ia_bim_eighteenth-century_histoire-naturelle-eng_leclerc-georges-louis-_1780_5,374,0.64029,non_junk,non_divine_teleology,0.01505,0.94515,0.0398
ia_bim_eighteenth-century_histoire-naturelle-eng_leclerc-georges-louis-_1780_5,375,0.0965,junk,,,,
ia_bim_eighteenth-century_histoire-naturelle-eng_leclerc-georges-louis-_1780_5,376,0.00177,junk,,,,
ia_bim_eighteenth-century_histoire-naturelle-eng_leclerc-georges-louis-_1780_5,377,0.00271,junk,,,,
ia_bim_eighteenth-century_histoire-naturelle-eng_leclerc-georges-louis-_1780_5,378,0.09812,junk,,,,
ia_bim_eighteenth-century_histoire-naturelle-eng_leclerc-georges-louis-_1780_5,379,0.5233,non_junk,non_divine_teleology,0.00611,0.98063,0.01326
ia_bim_eighteenth-century_histoire-naturelle-eng_leclerc-georges-louis-_1780_5,380,0.00774,junk,,,,
ia_bim_eighteenth-century_histoire-naturelle-eng_leclerc-georges-louis-_1780_5,381,0.05988,junk,,,,
ia_bim_eighteenth-century_histoire-naturelle-eng_leclerc-georges-louis-_1780_5,382,0.00224,junk,,,,
ia_bim_eighteenth-century_histoire-naturelle-eng_leclerc-georges-louis-_1780_5,383,0.05033,junk,,,,
ia_bim_eighteenth-century_histoire-naturelle-eng_leclerc-georges-louis-_1780_5,384,0.00082,junk,,,,
ia_bim_eighteenth-century_histoire-naturelle-eng_leclerc-georges-louis-_1780_5,385,0.34134,junk,,,,
ia_bim_eighteenth-century_histoire-naturelle-eng_leclerc-georges-louis-_1780_5,386,0.0026,junk,,,,
ia_bim_eighteenth-century_histoire-naturelle-eng_leclerc-georges-louis-_1780_5,387,0.02428,junk,,,,
ia_bim_eighteenth-century_histoire-naturelle-eng_leclerc-georges-louis-_1780_5,388,0.00318,junk,,,,
ia_bim_eighteenth-century_histoire-naturelle-eng_leclerc-georges-louis-_1780_5,389,0.0018,junk,,,,
ia_bim_eighteenth-century_histoire-naturelle-eng_leclerc-georges-louis-_1780_5,390,0.82403,non_junk,non_divine_teleology,0.02499,0.79337,0.18164
ia_bim_eighteenth-century_histoire-naturelle-eng_leclerc-georges-louis-_1780_5,391,0.00055,junk,,,,
ia_bim_eighteenth-century_histoire-naturelle-eng_leclerc-georges-louis-_1780_5,392,0.0048,junk,,,,
ia_bim_eighteenth-century_histoire-naturelle-eng_leclerc-georges-louis-_1780_5,393,0.04901,junk,,,,
ia_bim_eighteenth-century_histoire-naturelle-eng_leclerc-georges-louis-_1780_5,394,0.00056,junk,,,,
ia_bim_eighteenth-century_histoire-naturelle-eng_leclerc-georges-louis-_1780_5,395,0.00154,junk,,,,
ia_bim_eighteenth-century_histoire-naturelle-eng_leclerc-georges-louis-_1780_5,396,0.00331,junk,,,,
ia_bim_eighteenth-century_histoire-naturelle-eng_leclerc-georges-louis-_1780_5,397,0.00463,junk,,,,
ia_bim_eighteenth-century_histoire-naturelle-eng_leclerc-georges-louis-_1780_5,398,0.00238,junk,,,,
ia_bim_eighteenth-century_histoire-naturelle-eng_leclerc-georges-louis-_1780_5,399,0.00072,junk,,,,
ia_bim_eighteenth-century_histoire-naturelle-eng_leclerc-georges-louis-_1780_5,400,0.0978,junk,,,,
ia_bim_eighteenth-century_histoire-naturelle-eng_leclerc-georges-louis-_1780_5,401,0.01005,junk,,,,
ia_bim_eighteenth-century_histoire-naturelle-eng_leclerc-georges-louis-_1780_5,402,0.00038,junk,,,,
ia_bim_eighteenth-century_histoire-naturelle-eng_leclerc-georges-louis-_1780_5,403,0.0002,junk,,,,
ia_bim_eighteenth-century_histoire-naturelle-eng_leclerc-georges-louis-_1780_5,404,0.0008,junk,,,,
ia_bim_eighteenth-century_histoire-naturelle-eng_leclerc-georges-louis-_1780_5,405,0.00026,junk,,,,
ia_bim_eighteenth-century_histoire-naturelle-eng_leclerc-georges-louis-_1780_5,406,0.11089,junk,,,,
ia_bim_eighteenth-century_histoire-naturelle-eng_leclerc-georges-louis-_1780_5,407,0.00199,junk,,,,
ia_bim_eighteenth-century_histoire-naturelle-eng_leclerc-georges-louis-_1780_5,408,0.00017,junk,,,,
ia_bim_eighteenth-century_histoire-naturelle-eng_leclerc-georges-louis-_1780_5,409,0.23283,junk,,,,
ia_bim_eighteenth-century_histoire-naturelle-eng_leclerc-georges-louis-_1780_5,410,0.00267,junk,,,,
ia_bim_eighteenth-century_histoire-naturelle-eng_leclerc-georges-louis-_1780_5,411,0.61617,non_junk,non_divine_teleology,0.00198,0.98321,0.01481
ia_bim_eighteenth-century_histoire-naturelle-eng_leclerc-georges-louis-_1780_5,412,0.00771,junk,,,,
ia_bim_eighteenth-century_histoire-naturelle-eng_leclerc-georges-louis-_1780_5,413,0.00027,junk,,,,
ia_bim_eighteenth-century_histoire-naturelle-eng_leclerc-georges-louis-_1780_5,414,0.00028,junk,,,,
ia_bim_eighteenth-century_histoire-naturelle-eng_leclerc-georges-louis-_1780_5,415,0.00088,junk,,,,
ia_bim_eighteenth-century_histoire-naturelle-eng_leclerc-georges-louis-_1780_5,416,0.00132,junk,,,,
ia_bim_eighteenth-century_histoire-naturelle-eng_leclerc-georges-louis-_1780_5,417,0.00475,junk,,,,
ia_bim_eighteenth-century_histoire-naturelle-eng_leclerc-georges-louis-_1780_5,418,0.02373,junk,,,,
ia_bim_eighteenth-century_histoire-naturelle-eng_leclerc-georges-louis-_1780_5,419,0.26409,junk,,,,
ia_bim_eighteenth-century_histoire-naturelle-eng_leclerc-georges-louis-_1780_5,420,0.04948,junk,,,,
ia_bim_eighteenth-century_histoire-naturelle-eng_leclerc-georges-louis-_1780_5,421,0.28849,junk,,,,
ia_bim_eighteenth-century_histoire-naturelle-eng_leclerc-georges-louis-_1780_5,422,0.00213,junk,,,,
ia_bim_eighteenth-century_histoire-naturelle-eng_leclerc-georges-louis-_1780_5,423,0.04948,junk,,,,
ia_bim_eighteenth-century_histoire-naturelle-eng_leclerc-georges-louis-_1780_5,424,0.22235,junk,,,,
ia_bim_eighteenth-century_histoire-naturelle-eng_leclerc-georges-louis-_1780_5,425,0.00142,junk,,,,
ia_bim_eighteenth-century_histoire-naturelle-eng_leclerc-georges-louis-_1780_5,426,0.10135,junk,,,,
ia_bim_eighteenth-century_histoire-naturelle-eng_leclerc-georges-louis-_1780_5,427,0.15098,junk,,,,
ia_bim_eighteenth-century_histoire-naturelle-eng_leclerc-georges-louis-_1780_5,428,0.00111,junk,,,,
ia_bim_eighteenth-century_histoire-naturelle-eng_leclerc-georges-louis-_1780_5,429,0.00028,junk,,,,
ia_bim_eighteenth-century_histoire-naturelle-eng_leclerc-georges-louis-_1780_5,430,0.00045,junk,,,,
ia_bim_eighteenth-century_histoire-naturelle-eng_leclerc-georges-louis-_1780_5,431,0.00029,junk,,,,
ia_bim_eighteenth-century_histoire-naturelle-eng_leclerc-georges-louis-_1780_5,432,0.00309,junk,,,,
ia_bim_eighteenth-century_histoire-naturelle-eng_leclerc-georges-louis-_1780_5,433,0.04704,junk,,,,
ia_bim_eighteenth-century_histoire-naturelle-eng_leclerc-georges-louis-_1780_5,434,0.00033,junk,,,,
ia_bim_eighteenth-century_histoire-naturelle-eng_leclerc-georges-louis-_1780_5,435,0.91059,non_junk,non_divine_teleology,0.00308,0.97018,0.02674
ia_bim_eighteenth-century_histoire-naturelle-eng_leclerc-georges-louis-_1780_5,436,0.00383,junk,,,,
ia_bim_eighteenth-century_histoire-naturelle-eng_leclerc-georges-louis-_1780_5,437,0.00029,junk,,,,
ia_bim_eighteenth-century_histoire-naturelle-eng_leclerc-georges-louis-_1780_5,438,0.00204,junk,,,,
ia_bim_eighteenth-century_histoire-naturelle-eng_leclerc-georges-louis-_1780_5,439,0.0001,junk,,,,
ia_bim_eighteenth-century_histoire-naturelle-eng_leclerc-georges-louis-_1780_5,440,0.01039,junk,,,,
ia_bim_eighteenth-century_histoire-naturelle-eng_leclerc-georges-louis-_1780_5,441,0.00019,junk,,,,
ia_bim_eighteenth-century_histoire-naturelle-eng_leclerc-georges-louis-_1780_5,442,0.02608,junk,,,,
ia_bim_eighteenth-century_histoire-naturelle-eng_leclerc-georges-louis-_1780_5,443,0.00518,junk,,,,
ia_bim_eighteenth-century_histoire-naturelle-eng_leclerc-georges-louis-_1780_5,444,0.03636,junk,,,,
ia_bim_eighteenth-century_histoire-naturelle-eng_leclerc-georges-louis-_1780_5,445,0.02725,junk,,,,
ia_bim_eighteenth-century_histoire-naturelle-eng_leclerc-georges-louis-_1780_5,446,0.1435,junk,,,,
ia_bim_eighteenth-century_histoire-naturelle-eng_leclerc-georges-louis-_1780_5,447,0.10379,junk,,,,
ia_bim_eighteenth-century_histoire-naturelle-eng_leclerc-georges-louis-_1780_5,448,0.00388,junk,,,,
ia_bim_eighteenth-century_histoire-naturelle-eng_leclerc-georges-louis-_1780_5,449,0.12137,junk,,,,
ia_bim_eighteenth-century_histoire-naturelle-eng_leclerc-georges-louis-_1780_5,450,0.01803,junk,,,,
ia_bim_eighteenth-century_histoire-naturelle-eng_leclerc-georges-louis-_1780_5,451,0.18246,junk,,,,
ia_bim_eighteenth-century_histoire-naturelle-eng_leclerc-georges-louis-_1780_5,452,0.0469,junk,,,,
ia_bim_eighteenth-century_histoire-naturelle-eng_leclerc-georges-louis-_1780_5,453,0.00217,junk,,,,
ia_bim_eighteenth-century_histoire-naturelle-eng_leclerc-georges-louis-_1780_5,454,0.17008,junk,,,,
ia_bim_eighteenth-century_histoire-naturelle-eng_leclerc-georges-louis-_1780_5,455,4e-05,junk,,,,
ia_bim_eighteenth-century_histoire-naturelle-eng_leclerc-georges-louis-_1780_5,456,0.644,non_junk,non_divine_teleology,0.01342,0.97132,0.01525
ia_bim_eighteenth-century_histoire-naturelle-eng_leclerc-georges-louis-_1780_5,457,0.00019,junk,,,,
ia_bim_eighteenth-century_histoire-naturelle-eng_leclerc-georges-louis-_1780_5,458,0.00225,junk,,,,
ia_bim_eighteenth-century_histoire-naturelle-eng_leclerc-georges-louis-_1780_5,459,0.02083,junk,,,,
ia_bim_eighteenth-century_histoire-naturelle-eng_leclerc-georges-louis-_1780_5,460,0.09571,junk,,,,
ia_bim_eighteenth-century_histoire-naturelle-eng_leclerc-georges-louis-_1780_5,461,0.49656,junk,,,,
ia_bim_eighteenth-century_histoire-naturelle-eng_leclerc-georges-louis-_1780_5,462,0.01052,junk,,,,
ia_bim_eighteenth-century_histoire-naturelle-eng_leclerc-georges-louis-_1780_5,463,0.036,junk,,,,
ia_bim_eighteenth-century_histoire-naturelle-eng_leclerc-georges-louis-_1780_5,464,0.18561,junk,,,,
ia_bim_eighteenth-century_histoire-naturelle-eng_leclerc-georges-louis-_1780_5,465,0.05341,junk,,,,
ia_bim_eighteenth-century_histoire-naturelle-eng_leclerc-georges-louis-_1780_5,466,0.0034,junk,,,,
ia_bim_eighteenth-century_histoire-naturelle-eng_leclerc-georges-louis-_1780_5,467,0.08486,junk,,,,
ia_bim_eighteenth-century_histoire-naturelle-eng_leclerc-georges-louis-_1780_5,468,0.92312,non_junk,non_divine_teleology,0.07748,0.86664,0.05589
ia_bim_eighteenth-century_histoire-naturelle-eng_leclerc-georges-louis-_1780_5,469,0.30001,junk,,,,
ia_bim_eighteenth-century_histoire-naturelle-eng_leclerc-georges-louis-_1780_5,470,0.32806,junk,,,,
ia_bim_eighteenth-century_histoire-naturelle-eng_leclerc-georges-louis-_1780_5,471,0.00557,junk,,,,
ia_bim_eighteenth-century_histoire-naturelle-eng_leclerc-georges-louis-_1780_5,472,0.03566,junk,,,,
ia_bim_eighteenth-century_histoire-naturelle-eng_leclerc-georges-louis-_1780_5,473,9e-05,junk,,,,
ia_bim_eighteenth-century_histoire-naturelle-eng_leclerc-georges-louis-_1780_5,474,0.55798,non_junk,non_divine_teleology,0.06045,0.90404,0.03552
ia_bim_eighteenth-century_histoire-naturelle-eng_leclerc-georges-louis-_1780_5,475,0.00909,junk,,,,
ia_bim_eighteenth-century_histoire-naturelle-eng_leclerc-georges-louis-_1780_5,476,0.13466,junk,,,,
ia_bim_eighteenth-century_histoire-naturelle-eng_leclerc-georges-louis-_1780_5,477,0.86252,non_junk,non_divine_teleology,0.02399,0.70827,0.26773
ia_bim_eighteenth-century_histoire-naturelle-eng_leclerc-georges-louis-_1780_5,478,0.00077,junk,,,,
ia_bim_eighteenth-century_histoire-naturelle-eng_leclerc-georges-louis-_1780_5,479,0.00041,junk,,,,
ia_bim_eighteenth-century_histoire-naturelle-eng_leclerc-georges-louis-_1780_5,480,0.00792,junk,,,,
ia_bim_eighteenth-century_histoire-naturelle-eng_leclerc-georges-louis-_1780_5,481,0.06926,junk,,,,
ia_bim_eighteenth-century_histoire-naturelle-eng_leclerc-georges-louis-_1780_5,482,0.11884,junk,,,,
ia_bim_eighteenth-century_histoire-naturelle-eng_leclerc-georges-louis-_1780_5,483,0.00176,junk,,,,
ia_bim_eighteenth-century_histoire-naturelle-eng_leclerc-georges-louis-_1780_5,484,0.00141,junk,,,,
ia_bim_eighteenth-century_histoire-naturelle-eng_leclerc-georges-louis-_1780_5,485,0.00881,junk,,,,
ia_bim_eighteenth-century_histoire-naturelle-eng_leclerc-georges-louis-_1780_5,486,0.01379,junk,,,,
ia_bim_eighteenth-century_histoire-naturelle-eng_leclerc-georges-louis-_1780_5,487,0.9226,non_junk,non_divine_teleology,0.01532,0.93152,0.05316
ia_bim_eighteenth-century_histoire-naturelle-eng_leclerc-georges-louis-_1780_5,488,0.59289,non_junk,internal_essence,0.0499,0.22112,0.72898
ia_bim_eighteenth-century_histoire-naturelle-eng_leclerc-georges-louis-_1780_5,489,0.04779,junk,,,,
ia_bim_eighteenth-century_histoire-naturelle-eng_leclerc-georges-louis-_1780_5,490,0.10526,junk,,,,
ia_bim_eighteenth-century_histoire-naturelle-eng_leclerc-georges-louis-_1780_5,491,0.03845,junk,,,,
ia_bim_eighteenth-century_histoire-naturelle-eng_leclerc-georges-louis-_1780_5,492,0.03592,junk,,,,
ia_bim_eighteenth-century_histoire-naturelle-eng_leclerc-georges-louis-_1780_5,493,0.00275,junk,,,,
ia_bim_eighteenth-century_histoire-naturelle-eng_leclerc-georges-louis-_1780_5,494,0.02837,junk,,,,
ia_bim_eighteenth-century_histoire-naturelle-eng_leclerc-georges-louis-_1780_5,495,0.11456,junk,,,,
ia_bim_eighteenth-century_histoire-naturelle-eng_leclerc-georges-louis-_1780_5,496,0.00036,junk,,,,
ia_bim_eighteenth-century_histoire-naturelle-eng_leclerc-georges-louis-_1780_5,497,0.09365,junk,,,,
ia_bim_eighteenth-century_histoire-naturelle-eng_leclerc-georges-louis-_1780_5,498,0.11752,junk,,,,
ia_bim_eighteenth-century_histoire-naturelle-eng_leclerc-georges-louis-_1780_5,499,0.17982,junk,,,,
ia_bim_eighteenth-century_histoire-naturelle-eng_leclerc-georges-louis-_1780_5,500,0.01372,junk,,,,
ia_bim_eighteenth-century_histoire-naturelle-eng_leclerc-georges-louis-_1780_5,501,0.21309,junk,,,,
ia_bim_eighteenth-century_histoire-naturelle-eng_leclerc-georges-louis-_1780_5,502,0.0141,junk,,,,
ia_bim_eighteenth-century_histoire-naturelle-eng_leclerc-georges-louis-_1780_5,503,0.00151,junk,,,,
ia_bim_eighteenth-century_histoire-naturelle-eng_leclerc-georges-louis-_1780_5,504,0.00206,junk,,,,
ia_bim_eighteenth-century_histoire-naturelle-eng_leclerc-georges-louis-_1780_5,505,0.25797,junk,,,,
ia_bim_eighteenth-century_histoire-naturelle-eng_leclerc-georges-louis-_1780_5,506,0.01639,junk,,,,
ia_bim_eighteenth-century_histoire-naturelle-eng_leclerc-georges-louis-_1780_5,507,0.00702,junk,,,,
ia_bim_eighteenth-century_histoire-naturelle-eng_leclerc-georges-louis-_1780_5,508,0.00691,junk,,,,
ia_bim_eighteenth-century_histoire-naturelle-eng_leclerc-georges-louis-_1780_5,509,0.14051,junk,,,,
ia_bim_eighteenth-century_histoire-naturelle-eng_leclerc-georges-louis-_1780_5,510,0.05165,junk,,,,
ia_bim_eighteenth-century_histoire-naturelle-eng_leclerc-georges-louis-_1780_5,511,0.00219,junk,,,,
ia_bim_eighteenth-century_histoire-naturelle-eng_leclerc-georges-louis-_1780_5,512,0.11285,junk,,,,
ia_bim_eighteenth-century_histoire-naturelle-eng_leclerc-georges-louis-_1780_5,513,0.02228,junk,,,,
ia_bim_eighteenth-century_histoire-naturelle-eng_leclerc-georges-louis-_1780_5,514,0.00622,junk,,,,
ia_bim_eighteenth-century_histoire-naturelle-eng_leclerc-georges-louis-_1780_5,515,0.0046,junk,,,,
ia_bim_eighteenth-century_histoire-naturelle-eng_leclerc-georges-louis-_1780_5,516,0.01038,junk,,,,
ia_bim_eighteenth-century_histoire-naturelle-eng_leclerc-georges-louis-_1780_5,517,0.92187,non_junk,internal_essence,0.00409,0.06512,0.93079
ia_bim_eighteenth-century_histoire-naturelle-eng_leclerc-georges-louis-_1780_5,518,0.00133,junk,,,,
ia_bim_eighteenth-century_histoire-naturelle-eng_leclerc-georges-louis-_1780_5,519,0.00039,junk,,,,
ia_bim_eighteenth-century_histoire-naturelle-eng_leclerc-georges-louis-_1780_5,520,0.03259,junk,,,,
ia_bim_eighteenth-century_histoire-naturelle-eng_leclerc-georges-louis-_1780_5,521,0.18733,junk,,,,
ia_bim_eighteenth-century_histoire-naturelle-eng_leclerc-georges-louis-_1780_5,522,0.2929,junk,,,,
ia_bim_eighteenth-century_histoire-naturelle-eng_leclerc-georges-louis-_1780_5,523,0.00667,junk,,,,
ia_bim_eighteenth-century_histoire-naturelle-eng_leclerc-georges-louis-_1780_5,524,0.00908,junk,,,,
ia_bim_eighteenth-century_histoire-naturelle-eng_leclerc-georges-louis-_1780_5,525,0.44382,junk,,,,
ia_bim_eighteenth-century_histoire-naturelle-eng_leclerc-georges-louis-_1780_5,526,0.00336,junk,,,,
ia_bim_eighteenth-century_histoire-naturelle-eng_leclerc-georges-louis-_1780_5,527,0.02442,junk,,,,
ia_bim_eighteenth-century_histoire-naturelle-eng_leclerc-georges-louis-_1780_5,528,0.02275,junk,,,,
ia_bim_eighteenth-century_histoire-naturelle-eng_leclerc-georges-louis-_1780_5,529,0.00148,junk,,,,
ia_bim_eighteenth-century_histoire-naturelle-eng_leclerc-georges-louis-_1780_5,530,0.02017,junk,,,,
ia_bim_eighteenth-century_histoire-naturelle-eng_leclerc-georges-louis-_1780_5,531,0.01164,junk,,,,
ia_bim_eighteenth-century_histoire-naturelle-eng_leclerc-georges-louis-_1780_5,532,0.43654,junk,,,,
ia_bim_eighteenth-century_histoire-naturelle-eng_leclerc-georges-louis-_1780_5,533,0.93407,non_junk,non_divine_teleology,0.01982,0.95352,0.02666
ia_bim_eighteenth-century_histoire-naturelle-eng_leclerc-georges-louis-_1780_5,534,0.02233,junk,,,,
ia_bim_eighteenth-century_histoire-naturelle-eng_leclerc-georges-louis-_1780_5,535,0.1709,junk,,,,
ia_bim_eighteenth-century_histoire-naturelle-eng_leclerc-georges-louis-_1780_5,536,0.85206,non_junk,non_divine_teleology,0.01196,0.93263,0.05541
ia_bim_eighteenth-century_histoire-naturelle-eng_leclerc-georges-louis-_1780_5,537,0.08597,junk,,,,
ia_bim_eighteenth-century_histoire-naturelle-eng_leclerc-georges-louis-_1780_5,538,0.99136,non_junk,non_divine_teleology,0.00615,0.96933,0.02452
ia_bim_eighteenth-century_histoire-naturelle-eng_leclerc-georges-louis-_1780_5,539,0.74018,non_junk,non_divine_teleology,0.01688,0.94878,0.03434
ia_bim_eighteenth-century_histoire-naturelle-eng_leclerc-georges-louis-_1780_5,540,0.86279,non_junk,non_divine_teleology,0.00127,0.99348,0.00525
ia_bim_eighteenth-century_histoire-naturelle-eng_leclerc-georges-louis-_1780_5,541,0.06466,junk,,,,
ia_bim_eighteenth-century_histoire-naturelle-eng_leclerc-georges-louis-_1780_5,542,0.01282,junk,,,,
ia_bim_eighteenth-century_histoire-naturelle-eng_leclerc-georges-louis-_1780_5,543,0.00075,junk,,,,
ia_bim_eighteenth-century_histoire-naturelle-eng_leclerc-georges-louis-_1780_5,544,0.00295,junk,,,,
ia_bim_eighteenth-century_histoire-naturelle-eng_leclerc-georges-louis-_1780_5,545,0.00061,junk,,,,
ia_bim_eighteenth-century_histoire-naturelle-eng_leclerc-georges-louis-_1780_5,546,0.00216,junk,,,,
ia_bim_eighteenth-century_histoire-naturelle-eng_leclerc-georges-louis-_1780_5,547,0.04797,junk,,,,
ia_bim_eighteenth-century_histoire-naturelle-eng_leclerc-georges-louis-_1780_5,548,0.64553,non_junk,non_divine_teleology,0.03084,0.90086,0.0683
ia_bim_eighteenth-century_histoire-naturelle-eng_leclerc-georges-louis-_1780_5,549,0.01397,junk,,,,
ia_bim_eighteenth-century_histoire-naturelle-eng_leclerc-georges-louis-_1780_5,550,6e-05,junk,,,,
ia_bim_eighteenth-century_histoire-naturelle-eng_leclerc-georges-louis-_1780_5,551,0.00558,junk,,,,
ia_bim_eighteenth-century_histoire-naturelle-eng_leclerc-georges-louis-_1780_5,552,0.00188,junk,,,,
ia_bim_eighteenth-century_histoire-naturelle-eng_leclerc-georges-louis-_1780_5,553,0.00057,junk,,,,
ia_bim_eighteenth-century_histoire-naturelle-eng_leclerc-georges-louis-_1780_5,554,0.01312,junk,,,,
ia_bim_eighteenth-century_histoire-naturelle-eng_leclerc-georges-louis-_1780_5,555,0.06985,junk,,,,
ia_bim_eighteenth-century_histoire-naturelle-eng_leclerc-georges-louis-_1780_5,556,0.01207,junk,,,,
ia_bim_eighteenth-century_histoire-naturelle-eng_leclerc-georges-louis-_1780_5,557,0.1308,junk,,,,
ia_bim_eighteenth-century_histoire-naturelle-eng_leclerc-georges-louis-_1780_5,558,0.0023,junk,,,,
ia_bim_eighteenth-century_histoire-naturelle-eng_leclerc-georges-louis-_1780_5,559,0.0141,junk,,,,
ia_bim_eighteenth-century_histoire-naturelle-eng_leclerc-georges-louis-_1780_5,560,0.00018,junk,,,,
ia_bim_eighteenth-century_histoire-naturelle-eng_leclerc-georges-louis-_1780_5,561,0.01157,junk,,,,
ia_bim_eighteenth-century_histoire-naturelle-eng_leclerc-georges-louis-_1780_5,562,0.03257,junk,,,,
ia_bim_eighteenth-century_histoire-naturelle-eng_leclerc-georges-louis-_1780_5,563,0.01373,junk,,,,
ia_bim_eighteenth-century_histoire-naturelle-eng_leclerc-georges-louis-_1780_5,564,0.81931,non_junk,internal_essence,0.00091,0.0463,0.95279
ia_bim_eighteenth-century_histoire-naturelle-eng_leclerc-georges-louis-_1780_5,565,0.00157,junk,,,,
ia_bim_eighteenth-century_histoire-naturelle-eng_leclerc-georges-louis-_1780_5,566,0.11837,junk,,,,
ia_bim_eighteenth-century_histoire-naturelle-eng_leclerc-georges-louis-_1780_5,567,0.0003,junk,,,,
ia_bim_eighteenth-century_histoire-naturelle-eng_leclerc-georges-louis-_1780_5,568,0.0049,junk,,,,
ia_bim_eighteenth-century_histoire-naturelle-eng_leclerc-georges-louis-_1780_5,569,0.06386,junk,,,,
ia_bim_eighteenth-century_histoire-naturelle-eng_leclerc-georges-louis-_1780_5,570,0.0004,junk,,,,
ia_bim_eighteenth-century_histoire-naturelle-eng_leclerc-georges-louis-_1780_5,571,0.99076,non_junk,non_divine_teleology,0.00357,0.96483,0.03159
ia_bim_eighteenth-century_histoire-naturelle-eng_leclerc-georges-louis-_1780_5,572,0.99396,non_junk,non_divine_teleology,0.0049,0.98592,0.00918
ia_bim_eighteenth-century_histoire-naturelle-eng_leclerc-georges-louis-_1780_5,573,0.98484,non_junk,non_divine_teleology,0.00964,0.97734,0.01302
ia_bim_eighteenth-century_histoire-naturelle-eng_leclerc-georges-louis-_1780_5,574,0.69481,non_junk,internal_essence,0.00681,0.1119,0.88129
ia_bim_eighteenth-century_histoire-naturelle-eng_leclerc-georges-louis-_1780_5,575,0.67051,non_junk,internal_essence,0.00207,0.11337,0.88456
ia_bim_eighteenth-century_histoire-naturelle-eng_leclerc-georges-louis-_1780_5,576,0.00146,junk,,,,
ia_bim_eighteenth-century_histoire-naturelle-eng_leclerc-georges-louis-_1780_5,577,0.04553,junk,,,,
ia_bim_eighteenth-century_histoire-naturelle-eng_leclerc-georges-louis-_1780_5,578,0.04553,junk,,,,
ia_bim_eighteenth-century_histoire-naturelle-eng_leclerc-georges-louis-_1780_5,579,0.00747,junk,,,,
ia_bim_eighteenth-century_histoire-naturelle-eng_leclerc-georges-louis-_1780_5,580,0.91656,non_junk,internal_essence,0.01855,0.04558,0.93587
ia_bim_eighteenth-century_histoire-naturelle-eng_leclerc-georges-louis-_1780_5,581,0.91656,non_junk,internal_essence,0.01855,0.04558,0.93587
ia_bim_eighteenth-century_histoire-naturelle-eng_leclerc-georges-louis-_1780_5,582,0.00061,junk,,,,
ia_bim_eighteenth-century_histoire-naturelle-eng_leclerc-georges-louis-_1780_5,583,0.00421,junk,,,,
ia_bim_eighteenth-century_histoire-naturelle-eng_leclerc-georges-louis-_1780_5,584,0.7946,non_junk,non_divine_teleology,0.00609,0.54383,0.45008
ia_bim_eighteenth-century_histoire-naturelle-eng_leclerc-georges-louis-_1780_5,585,0.99229,non_junk,non_divine_teleology,0.00435,0.9931,0.00255
ia_bim_eighteenth-century_histoire-naturelle-eng_leclerc-georges-louis-_1780_5,586,0.00958,junk,,,,
ia_bim_eighteenth-century_histoire-naturelle-eng_leclerc-georges-louis-_1780_5,587,0.31541,junk,,,,
ia_bim_eighteenth-century_histoire-naturelle-eng_leclerc-georges-louis-_1780_5,588,0.16056,junk,,,,
ia_bim_eighteenth-century_histoire-naturelle-eng_leclerc-georges-louis-_1780_5,589,0.70982,non_junk,non_divine_teleology,0.02392,0.73782,0.23826
ia_bim_eighteenth-century_histoire-naturelle-eng_leclerc-georges-louis-_1780_5,590,0.49102,junk,,,,
ia_bim_eighteenth-century_histoire-naturelle-eng_leclerc-georges-louis-_1780_5,591,0.98015,non_junk,non_divine_teleology,0.00516,0.97031,0.02453
ia_bim_eighteenth-century_histoire-naturelle-eng_leclerc-georges-louis-_1780_5,592,0.00111,junk,,,,
ia_bim_eighteenth-century_histoire-naturelle-eng_leclerc-georges-louis-_1780_5,593,0.14767,junk,,,,
ia_bim_eighteenth-century_histoire-naturelle-eng_leclerc-georges-louis-_1780_5,594,0.00283,junk,,,,
ia_bim_eighteenth-century_histoire-naturelle-eng_leclerc-georges-louis-_1780_5,595,0.34994,junk,,,,
ia_bim_eighteenth-century_histoire-naturelle-eng_leclerc-georges-louis-_1780_5,596,0.00145,junk,,,,
ia_bim_eighteenth-century_histoire-naturelle-eng_leclerc-georges-louis-_1780_5,597,0.00186,junk,,,,
ia_bim_eighteenth-century_histoire-naturelle-eng_leclerc-georges-louis-_1780_5,598,0.02964,junk,,,,
ia_bim_eighteenth-century_histoire-naturelle-eng_leclerc-georges-louis-_1780_5,599,0.01399,junk,,,,
ia_bim_eighteenth-century_histoire-naturelle-eng_leclerc-georges-louis-_1780_5,600,0.00242,junk,,,,
ia_bim_eighteenth-century_histoire-naturelle-eng_leclerc-georges-louis-_1780_5,601,0.00121,junk,,,,
ia_bim_eighteenth-century_histoire-naturelle-eng_leclerc-georges-louis-_1780_5,602,0.0022,junk,,,,
ia_bim_eighteenth-century_histoire-naturelle-eng_leclerc-georges-louis-_1780_5,603,0.39886,junk,,,,
ia_bim_eighteenth-century_histoire-naturelle-eng_leclerc-georges-louis-_1780_5,604,0.08333,junk,,,,
ia_bim_eighteenth-century_histoire-naturelle-eng_leclerc-georges-louis-_1780_5,605,0.0003,junk,,,,
ia_bim_eighteenth-century_histoire-naturelle-eng_leclerc-georges-louis-_1780_5,606,0.00661,junk,,,,
ia_bim_eighteenth-century_histoire-naturelle-eng_leclerc-georges-louis-_1780_5,607,0.00587,junk,,,,
ia_bim_eighteenth-century_histoire-naturelle-eng_leclerc-georges-louis-_1780_5,608,0.0345,junk,,,,
ia_bim_eighteenth-century_histoire-naturelle-eng_leclerc-georges-louis-_1780_5,609,0.52578,non_junk,non_divine_teleology,0.00594,0.81223,0.18183
ia_bim_eighteenth-century_histoire-naturelle-eng_leclerc-georges-louis-_1780_5,610,0.00821,junk,,,,
ia_bim_eighteenth-century_histoire-naturelle-eng_leclerc-georges-louis-_1780_5,611,0.12803,junk,,,,
ia_bim_eighteenth-century_histoire-naturelle-eng_leclerc-georges-louis-_1780_5,612,0.99553,non_junk,non_divine_teleology,0.00193,0.98991,0.00816
ia_bim_eighteenth-century_histoire-naturelle-eng_leclerc-georges-louis-_1780_5,613,0.0381,junk,,,,
ia_bim_eighteenth-century_histoire-naturelle-eng_leclerc-georges-louis-_1780_5,614,0.13739,junk,,,,
ia_bim_eighteenth-century_histoire-naturelle-eng_leclerc-georges-louis-_1780_5,615,0.00897,junk,,,,
ia_bim_eighteenth-century_histoire-naturelle-eng_leclerc-georges-louis-_1780_5,616,0.90992,non_junk,internal_essence,0.00551,0.49086,0.50364
ia_bim_eighteenth-century_histoire-naturelle-eng_leclerc-georges-louis-_1780_5,617,0.70228,non_junk,non_divine_teleology,0.00371,0.90348,0.09281
ia_bim_eighteenth-century_histoire-naturelle-eng_leclerc-georges-louis-_1780_5,618,0.04948,junk,,,,
ia_bim_eighteenth-century_histoire-naturelle-eng_leclerc-georges-louis-_1780_5,619,0.00308,junk,,,,
ia_bim_eighteenth-century_histoire-naturelle-eng_leclerc-georges-louis-_1780_5,620,0.00096,junk,,,,
ia_bim_eighteenth-century_histoire-naturelle-eng_leclerc-georges-louis-_1780_5,621,0.00091,junk,,,,
ia_bim_eighteenth-century_histoire-naturelle-eng_leclerc-georges-louis-_1780_5,622,0.01826,junk,,,,
ia_bim_eighteenth-century_histoire-naturelle-eng_leclerc-georges-louis-_1780_5,623,0.84424,non_junk,non_divine_teleology,0.00057,0.99364,0.00579
ia_bim_eighteenth-century_histoire-naturelle-eng_leclerc-georges-louis-_1780_5,624,0.0059,junk,,,,
ia_bim_eighteenth-century_histoire-naturelle-eng_leclerc-georges-louis-_1780_5,625,0.1136,junk,,,,
ia_bim_eighteenth-century_histoire-naturelle-eng_leclerc-georges-louis-_1780_5,626,0.02048,junk,,,,
ia_bim_eighteenth-century_histoire-naturelle-eng_leclerc-georges-louis-_1780_5,627,0.02048,junk,,,,
ia_bim_eighteenth-century_histoire-naturelle-eng_leclerc-georges-louis-_1780_5,628,0.24414,junk,,,,
ia_bim_eighteenth-century_histoire-naturelle-eng_leclerc-georges-louis-_1780_5,629,0.47729,junk,,,,
ia_bim_eighteenth-century_histoire-naturelle-eng_leclerc-georges-louis-_1780_5,630,0.43267,junk,,,,
ia_bim_eighteenth-century_histoire-naturelle-eng_leclerc-georges-louis-_1780_5,631,0.5712,non_junk,non_divine_teleology,0.0108,0.77471,0.21449
ia_bim_eighteenth-century_histoire-naturelle-eng_leclerc-georges-louis-_1780_5,632,0.98965,non_junk,internal_essence,0.00104,0.04252,0.95645
ia_bim_eighteenth-century_histoire-naturelle-eng_leclerc-georges-louis-_1780_5,633,0.00227,junk,,,,
ia_bim_eighteenth-century_histoire-naturelle-eng_leclerc-georges-louis-_1780_5,634,0.85517,non_junk,internal_essence,0.00432,0.06166,0.93402
ia_bim_eighteenth-century_histoire-naturelle-eng_leclerc-georges-louis-_1780_5,635,0.00704,junk,,,,
ia_bim_eighteenth-century_histoire-naturelle-eng_leclerc-georges-louis-_1780_5,636,0.78197,non_junk,non_divine_teleology,0.01439,0.80428,0.18133
ia_bim_eighteenth-century_histoire-naturelle-eng_leclerc-georges-louis-_1780_5,637,0.00016,junk,,,,
ia_bim_eighteenth-century_histoire-naturelle-eng_leclerc-georges-louis-_1780_5,638,0.73326,non_junk,internal_essence,0.00296,0.06488,0.93216
ia_bim_eighteenth-century_histoire-naturelle-eng_leclerc-georges-louis-_1780_5,639,0.03857,junk,,,,
ia_bim_eighteenth-century_histoire-naturelle-eng_leclerc-georges-louis-_1780_5,640,0.08804,junk,,,,
ia_bim_eighteenth-century_histoire-naturelle-eng_leclerc-georges-louis-_1780_5,641,0.00188,junk,,,,
ia_bim_eighteenth-century_histoire-naturelle-eng_leclerc-georges-louis-_1780_5,642,0.00081,junk,,,,
ia_bim_eighteenth-century_histoire-naturelle-eng_leclerc-georges-louis-_1780_5,643,0.05003,junk,,,,
ia_bim_eighteenth-century_histoire-naturelle-eng_leclerc-georges-louis-_1780_5,644,0.00059,junk,,,,
ia_bim_eighteenth-century_histoire-naturelle-eng_leclerc-georges-louis-_1780_5,645,0.0018,junk,,,,
ia_bim_eighteenth-century_histoire-naturelle-eng_leclerc-georges-louis-_1780_5,646,0.11837,junk,,,,
ia_bim_eighteenth-century_histoire-naturelle-eng_leclerc-georges-louis-_1780_5,647,0.01831,junk,,,,
ia_bim_eighteenth-century_histoire-naturelle-eng_leclerc-georges-louis-_1780_5,648,0.00134,junk,,,,
ia_bim_eighteenth-century_histoire-naturelle-eng_leclerc-georges-louis-_1780_5,649,0.67927,non_junk,non_divine_teleology,0.00326,0.98232,0.01442
ia_bim_eighteenth-century_histoire-naturelle-eng_leclerc-georges-louis-_1780_5,650,0.0199,junk,,,,
ia_bim_eighteenth-century_histoire-naturelle-eng_leclerc-georges-louis-_1780_5,651,0.59457,non_junk,non_divine_teleology,0.00184,0.9909,0.00726
ia_bim_eighteenth-century_histoire-naturelle-eng_leclerc-georges-louis-_1780_5,652,0.0199,junk,,,,
ia_bim_eighteenth-century_histoire-naturelle-eng_leclerc-georges-louis-_1780_5,653,0.14983,junk,,,,
ia_bim_eighteenth-century_histoire-naturelle-eng_leclerc-georges-louis-_1780_5,654,0.47287,junk,,,,
ia_bim_eighteenth-century_histoire-naturelle-eng_leclerc-georges-louis-_1780_5,655,0.40988,junk,,,,
ia_bim_eighteenth-century_histoire-naturelle-eng_leclerc-georges-louis-_1780_5,656,0.0121,junk,,,,
ia_bim_eighteenth-century_histoire-naturelle-eng_leclerc-georges-louis-_1780_5,657,0.1402,junk,,,,
ia_bim_eighteenth-century_histoire-naturelle-eng_leclerc-georges-louis-_1780_5,658,0.03551,junk,,,,
ia_bim_eighteenth-century_histoire-naturelle-eng_leclerc-georges-louis-_1780_5,659,0.00893,junk,,,,
ia_bim_eighteenth-century_histoire-naturelle-eng_leclerc-georges-louis-_1780_5,660,0.00651,junk,,,,
ia_bim_eighteenth-century_histoire-naturelle-eng_leclerc-georges-louis-_1780_5,661,0.00032,junk,,,,
ia_bim_eighteenth-century_histoire-naturelle-eng_leclerc-georges-louis-_1780_5,662,0.00255,junk,,,,
ia_bim_eighteenth-century_histoire-naturelle-eng_leclerc-georges-louis-_1780_5,663,0.93764,non_junk,non_divine_teleology,0.00709,0.98624,0.00666
ia_bim_eighteenth-century_histoire-naturelle-eng_leclerc-georges-louis-_1780_5,664,0.0003,junk,,,,
ia_bim_eighteenth-century_histoire-naturelle-eng_leclerc-georges-louis-_1780_5,665,0.43538,junk,,,,
ia_bim_eighteenth-century_histoire-naturelle-eng_leclerc-georges-louis-_1780_5,666,0.39251,junk,,,,
ia_bim_eighteenth-century_histoire-naturelle-eng_leclerc-georges-louis-_1780_5,667,0.01442,junk,,,,
ia_bim_eighteenth-century_histoire-naturelle-eng_leclerc-georges-louis-_1780_5,668,0.00021,junk,,,,
ia_bim_eighteenth-century_histoire-naturelle-eng_leclerc-georges-louis-_1780_5,669,0.00242,junk,,,,
ia_bim_eighteenth-century_histoire-naturelle-eng_leclerc-georges-louis-_1780_5,670,0.39251,junk,,,,
ia_bim_eighteenth-century_histoire-naturelle-eng_leclerc-georges-louis-_1780_5,671,0.01442,junk,,,,
ia_bim_eighteenth-century_histoire-naturelle-eng_leclerc-georges-louis-_1780_5,672,0.00021,junk,,,,
ia_bim_eighteenth-century_histoire-naturelle-eng_leclerc-georges-louis-_1780_5,673,0.00242,junk,,,,
ia_bim_eighteenth-century_histoire-naturelle-eng_leclerc-georges-louis-_1780_5,674,0.0222,junk,,,,
ia_bim_eighteenth-century_histoire-naturelle-eng_leclerc-georges-louis-_1780_5,675,0.00098,junk,,,,
ia_bim_eighteenth-century_histoire-naturelle-eng_leclerc-georges-louis-_1780_5,676,0.0087,junk,,,,
ia_bim_eighteenth-century_histoire-naturelle-eng_leclerc-georges-louis-_1780_5,677,0.00086,junk,,,,
ia_bim_eighteenth-century_histoire-naturelle-eng_leclerc-georges-louis-_1780_5,678,0.00063,junk,,,,
ia_bim_eighteenth-century_histoire-naturelle-eng_leclerc-georges-louis-_1780_5,679,0.0222,junk,,,,
ia_bim_eighteenth-century_histoire-naturelle-eng_leclerc-georges-louis-_1780_5,680,0.00098,junk,,,,
ia_bim_eighteenth-century_histoire-naturelle-eng_leclerc-georges-louis-_1780_5,681,0.0087,junk,,,,
ia_bim_eighteenth-century_histoire-naturelle-eng_leclerc-georges-louis-_1780_5,682,0.00086,junk,,,,
ia_bim_eighteenth-century_histoire-naturelle-eng_leclerc-georges-louis-_1780_5,683,0.00063,junk,,,,
ia_bim_eighteenth-century_histoire-naturelle-eng_leclerc-georges-louis-_1780_5,684,0.0039,junk,,,,
ia_bim_eighteenth-century_histoire-naturelle-eng_leclerc-georges-louis-_1780_5,685,1e-05,junk,,,,
ia_bim_eighteenth-century_histoire-naturelle-eng_leclerc-georges-louis-_1780_5,686,0.22188,junk,,,,
ia_bim_eighteenth-century_histoire-naturelle-eng_leclerc-georges-louis-_1780_5,687,0.00768,junk,,,,
ia_bim_eighteenth-century_histoire-naturelle-eng_leclerc-georges-louis-_1780_5,688,0.10836,junk,,,,
ia_bim_eighteenth-century_histoire-naturelle-eng_leclerc-georges-louis-_1780_5,689,0.74325,non_junk,non_divine_teleology,0.00957,0.97073,0.0197
ia_bim_eighteenth-century_histoire-naturelle-eng_leclerc-georges-louis-_1780_5,690,9e-05,junk,,,,
ia_bim_eighteenth-century_histoire-naturelle-eng_leclerc-georges-louis-_1780_5,691,0.61935,non_junk,non_divine_teleology,0.02532,0.85287,0.12181
ia_bim_eighteenth-century_histoire-naturelle-eng_leclerc-georges-louis-_1780_5,692,0.80182,non_junk,non_divine_teleology,0.02483,0.94752,0.02765
ia_bim_eighteenth-century_histoire-naturelle-eng_leclerc-georges-louis-_1780_5,693,0.23933,junk,,,,
ia_bim_eighteenth-century_histoire-naturelle-eng_leclerc-georges-louis-_1780_5,694,0.00316,junk,,,,
ia_bim_eighteenth-century_histoire-naturelle-eng_leclerc-georges-louis-_1780_5,695,0.99122,non_junk,non_divine_teleology,0.02498,0.95789,0.01713
ia_bim_eighteenth-century_histoire-naturelle-eng_leclerc-georges-louis-_1780_5,696,0.00194,junk,,,,
ia_bim_eighteenth-century_histoire-naturelle-eng_leclerc-georges-louis-_1780_5,697,0.70709,non_junk,internal_essence,0.03921,0.38649,0.5743
ia_bim_eighteenth-century_histoire-naturelle-eng_leclerc-georges-louis-_1780_5,698,0.84253,non_junk,non_divine_teleology,0.07201,0.87113,0.05686
ia_bim_eighteenth-century_histoire-naturelle-eng_leclerc-georges-louis-_1780_5,699,0.00706,junk,,,,
ia_bim_eighteenth-century_histoire-naturelle-eng_leclerc-georges-louis-_1780_5,700,0.87699,non_junk,non_divine_teleology,0.02996,0.94518,0.02486
ia_bim_eighteenth-century_histoire-naturelle-eng_leclerc-georges-louis-_1780_5,701,0.97717,non_junk,non_divine_teleology,0.02036,0.91835,0.06129
ia_bim_eighteenth-century_histoire-naturelle-eng_leclerc-georges-louis-_1780_5,702,0.0016,junk,,,,
ia_bim_eighteenth-century_histoire-naturelle-eng_leclerc-georges-louis-_1780_5,703,0.01481,junk,,,,
ia_bim_eighteenth-century_histoire-naturelle-eng_leclerc-georges-louis-_1780_5,704,0.00426,junk,,,,
ia_bim_eighteenth-century_histoire-naturelle-eng_leclerc-georges-louis-_1780_5,705,0.00716,junk,,,,
ia_bim_eighteenth-century_histoire-naturelle-eng_leclerc-georges-louis-_1780_5,706,0.15929,junk,,,,
ia_bim_eighteenth-century_histoire-naturelle-eng_leclerc-georges-louis-_1780_5,707,0.00159,junk,,,,
ia_bim_eighteenth-century_histoire-naturelle-eng_leclerc-georges-louis-_1780_5,708,0.16588,junk,,,,
ia_bim_eighteenth-century_histoire-naturelle-eng_leclerc-georges-louis-_1780_5,709,0.02187,junk,,,,
ia_bim_eighteenth-century_histoire-naturelle-eng_leclerc-georges-louis-_1780_5,710,0.00567,junk,,,,
ia_bim_eighteenth-century_histoire-naturelle-eng_leclerc-georges-louis-_1780_5,711,0.00079,junk,,,,
ia_bim_eighteenth-century_histoire-naturelle-eng_leclerc-georges-louis-_1780_5,712,0.00108,junk,,,,
ia_bim_eighteenth-century_histoire-naturelle-eng_leclerc-georges-louis-_1780_5,713,0.08785,junk,,,,
ia_bim_eighteenth-century_histoire-naturelle-eng_leclerc-georges-louis-_1780_5,714,0.00193,junk,,,,
ia_bim_eighteenth-century_histoire-naturelle-eng_leclerc-georges-louis-_1780_5,715,0.00304,junk,,,,
ia_bim_eighteenth-century_histoire-naturelle-eng_leclerc-georges-louis-_1780_5,716,8e-05,junk,,,,
ia_bim_eighteenth-century_histoire-naturelle-eng_leclerc-georges-louis-_1780_5,717,0.77855,non_junk,internal_essence,0.01154,0.20323,0.78523
ia_bim_eighteenth-century_histoire-naturelle-eng_leclerc-georges-louis-_1780_5,718,0.00015,junk,,,,
ia_bim_eighteenth-century_histoire-naturelle-eng_leclerc-georges-louis-_1780_5,719,0.00261,junk,,,,
ia_bim_eighteenth-century_histoire-naturelle-eng_leclerc-georges-louis-_1780_5,720,0.69196,non_junk,non_divine_teleology,0.00751,0.71071,0.28178
ia_bim_eighteenth-century_histoire-naturelle-eng_leclerc-georges-louis-_1780_5,721,0.01874,junk,,,,
ia_bim_eighteenth-century_histoire-naturelle-eng_leclerc-georges-louis-_1780_5,722,0.06003,junk,,,,
ia_bim_eighteenth-century_histoire-naturelle-eng_leclerc-georges-louis-_1780_5,723,0.89056,non_junk,non_divine_teleology,0.0267,0.80048,0.17282
ia_bim_eighteenth-century_histoire-naturelle-eng_leclerc-georges-louis-_1780_5,724,0.39882,junk,,,,
ia_bim_eighteenth-century_histoire-naturelle-eng_leclerc-georges-louis-_1780_5,725,0.00088,junk,,,,
ia_bim_eighteenth-century_histoire-naturelle-eng_leclerc-georges-louis-_1780_5,726,0.4151,junk,,,,
ia_bim_eighteenth-century_histoire-naturelle-eng_leclerc-georges-louis-_1780_5,727,0.00684,junk,,,,
ia_bim_eighteenth-century_histoire-naturelle-eng_leclerc-georges-louis-_1780_5,728,0.00019,junk,,,,
ia_bim_eighteenth-century_histoire-naturelle-eng_leclerc-georges-louis-_1780_5,729,0.99621,non_junk,non_divine_teleology,0.00581,0.98253,0.01166
ia_bim_eighteenth-century_histoire-naturelle-eng_leclerc-georges-louis-_1780_5,730,0.67633,non_junk,non_divine_teleology,0.00342,0.85965,0.13692
ia_bim_eighteenth-century_histoire-naturelle-eng_leclerc-georges-louis-_1780_5,731,0.00269,junk,,,,
ia_bim_eighteenth-century_histoire-naturelle-eng_leclerc-georges-louis-_1780_5,732,0.02545,junk,,,,
ia_bim_eighteenth-century_histoire-naturelle-eng_leclerc-georges-louis-_1780_5,733,0.00423,junk,,,,
ia_bim_eighteenth-century_histoire-naturelle-eng_leclerc-georges-louis-_1780_5,734,0.08089,junk,,,,
ia_bim_eighteenth-century_histoire-naturelle-eng_leclerc-georges-louis-_1780_5,735,0.01153,junk,,,,
ia_bim_eighteenth-century_histoire-naturelle-eng_leclerc-georges-louis-_1780_5,736,0.00356,junk,,,,
ia_bim_eighteenth-century_histoire-naturelle-eng_leclerc-georges-louis-_1780_5,737,0.00219,junk,,,,
ia_bim_eighteenth-century_histoire-naturelle-eng_leclerc-georges-louis-_1780_5,738,0.34978,junk,,,,
ia_bim_eighteenth-century_histoire-naturelle-eng_leclerc-georges-louis-_1780_5,739,0.08265,junk,,,,
ia_bim_eighteenth-century_histoire-naturelle-eng_leclerc-georges-louis-_1780_5,740,0.03685,junk,,,,
ia_bim_eighteenth-century_histoire-naturelle-eng_leclerc-georges-louis-_1780_5,741,0.00193,junk,,,,
ia_bim_eighteenth-century_histoire-naturelle-eng_leclerc-georges-louis-_1780_5,742,0.00133,junk,,,,
ia_bim_eighteenth-century_histoire-naturelle-eng_leclerc-georges-louis-_1780_5,743,0.07115,junk,,,,
ia_bim_eighteenth-century_histoire-naturelle-eng_leclerc-georges-louis-_1780_5,744,0.00081,junk,,,,
ia_bim_eighteenth-century_histoire-naturelle-eng_leclerc-georges-louis-_1780_5,745,0.30603,junk,,,,
ia_bim_eighteenth-century_histoire-naturelle-eng_leclerc-georges-louis-_1780_5,746,0.08398,junk,,,,
ia_bim_eighteenth-century_histoire-naturelle-eng_leclerc-georges-louis-_1780_5,747,8e-05,junk,,,,
ia_bim_eighteenth-century_histoire-naturelle-eng_leclerc-georges-louis-_1780_5,748,0.00029,junk,,,,
ia_bim_eighteenth-century_histoire-naturelle-eng_leclerc-georges-louis-_1780_5,749,0.13112,junk,,,,
ia_bim_eighteenth-century_histoire-naturelle-eng_leclerc-georges-louis-_1780_5,750,0.00308,junk,,,,
ia_bim_eighteenth-century_histoire-naturelle-eng_leclerc-georges-louis-_1780_5,751,0.00603,junk,,,,
ia_bim_eighteenth-century_histoire-naturelle-eng_leclerc-georges-louis-_1780_5,752,0.00031,junk,,,,
ia_bim_eighteenth-century_histoire-naturelle-eng_leclerc-georges-louis-_1780_5,753,0.00206,junk,,,,
ia_bim_eighteenth-century_histoire-naturelle-eng_leclerc-georges-louis-_1780_5,754,0.00915,junk,,,,
ia_bim_eighteenth-century_histoire-naturelle-eng_leclerc-georges-louis-_1780_5,755,0.85793,non_junk,internal_essence,0.00293,0.05613,0.94094
ia_bim_eighteenth-century_histoire-naturelle-eng_leclerc-georges-louis-_1780_5,756,0.00062,junk,,,,
ia_bim_eighteenth-century_histoire-naturelle-eng_leclerc-georges-louis-_1780_5,757,0.00026,junk,,,,
ia_bim_eighteenth-century_histoire-naturelle-eng_leclerc-georges-louis-_1780_5,758,0.00031,junk,,,,
ia_bim_eighteenth-century_histoire-naturelle-eng_leclerc-georges-louis-_1780_5,759,0.00056,junk,,,,
ia_bim_eighteenth-century_histoire-naturelle-eng_leclerc-georges-louis-_1780_5,760,0.05338,junk,,,,
ia_bim_eighteenth-century_histoire-naturelle-eng_leclerc-georges-louis-_1780_5,761,0.59853,non_junk,non_divine_teleology,0.00497,0.97957,0.01546
ia_bim_eighteenth-century_histoire-naturelle-eng_leclerc-georges-louis-_1780_5,762,0.00207,junk,,,,
ia_bim_eighteenth-century_histoire-naturelle-eng_leclerc-georges-louis-_1780_5,763,0.00058,junk,,,,
ia_bim_eighteenth-century_histoire-naturelle-eng_leclerc-georges-louis-_1780_5,764,0.18512,junk,,,,
ia_bim_eighteenth-century_histoire-naturelle-eng_leclerc-georges-louis-_1780_5,765,0.00084,junk,,,,
ia_bim_eighteenth-century_histoire-naturelle-eng_leclerc-georges-louis-_1780_5,766,0.02862,junk,,,,
ia_bim_eighteenth-century_histoire-naturelle-eng_leclerc-georges-louis-_1780_5,767,0.14638,junk,,,,
ia_bim_eighteenth-century_histoire-naturelle-eng_leclerc-georges-louis-_1780_5,768,0.00047,junk,,,,
ia_bim_eighteenth-century_histoire-naturelle-eng_leclerc-georges-louis-_1780_5,769,0.00575,junk,,,,
ia_bim_eighteenth-century_histoire-naturelle-eng_leclerc-georges-louis-_1780_5,770,0.00029,junk,,,,
ia_bim_eighteenth-century_histoire-naturelle-eng_leclerc-georges-louis-_1780_5,771,0.00575,junk,,,,
ia_bim_eighteenth-century_histoire-naturelle-eng_leclerc-georges-louis-_1780_5,772,0.43677,junk,,,,
ia_bim_eighteenth-century_histoire-naturelle-eng_leclerc-georges-louis-_1780_5,773,0.00316,junk,,,,
ia_bim_eighteenth-century_histoire-naturelle-eng_leclerc-georges-louis-_1780_5,774,0.01091,junk,,,,
ia_bim_eighteenth-century_histoire-naturelle-eng_leclerc-georges-louis-_1780_5,775,0.00437,junk,,,,
ia_bim_eighteenth-century_histoire-naturelle-eng_leclerc-georges-louis-_1780_5,776,0.00089,junk,,,,
ia_bim_eighteenth-century_histoire-naturelle-eng_leclerc-georges-louis-_1780_5,777,0.00214,junk,,,,
ia_bim_eighteenth-century_histoire-naturelle-eng_leclerc-georges-louis-_1780_5,778,0.00351,junk,,,,
ia_bim_eighteenth-century_histoire-naturelle-eng_leclerc-georges-louis-_1780_5,779,0.00056,junk,,,,
ia_bim_eighteenth-century_histoire-naturelle-eng_leclerc-georges-louis-_1780_5,780,0.01967,junk,,,,
ia_bim_eighteenth-century_histoire-naturelle-eng_leclerc-georges-louis-_1780_5,781,0.0226,junk,,,,
ia_bim_eighteenth-century_histoire-naturelle-eng_leclerc-georges-louis-_1780_5,782,0.06122,junk,,,,
ia_bim_eighteenth-century_histoire-naturelle-eng_leclerc-georges-louis-_1780_5,783,0.00219,junk,,,,
ia_bim_eighteenth-century_histoire-naturelle-eng_leclerc-georges-louis-_1780_5,784,6e-05,junk,,,,
ia_bim_eighteenth-century_histoire-naturelle-eng_leclerc-georges-louis-_1780_5,785,0.00746,junk,,,,
ia_bim_eighteenth-century_histoire-naturelle-eng_leclerc-georges-louis-_1780_5,786,0.48877,junk,,,,
ia_bim_eighteenth-century_histoire-naturelle-eng_leclerc-georges-louis-_1780_5,787,0.54199,non_junk,internal_essence,0.00667,0.05955,0.93378
ia_bim_eighteenth-century_histoire-naturelle-eng_leclerc-georges-louis-_1780_5,788,0.9546,non_junk,non_divine_teleology,0.00625,0.83826,0.15549
ia_bim_eighteenth-century_histoire-naturelle-eng_leclerc-georges-louis-_1780_5,789,0.35435,junk,,,,
ia_bim_eighteenth-century_histoire-naturelle-eng_leclerc-georges-louis-_1780_5,790,0.04557,junk,,,,
ia_bim_eighteenth-century_histoire-naturelle-eng_leclerc-georges-louis-_1780_5,791,0.52953,non_junk,non_divine_teleology,0.01682,0.68204,0.30114
ia_bim_eighteenth-century_histoire-naturelle-eng_leclerc-georges-louis-_1780_5,792,0.0116,junk,,,,
ia_bim_eighteenth-century_histoire-naturelle-eng_leclerc-georges-louis-_1780_5,793,0.02254,junk,,,,
ia_bim_eighteenth-century_histoire-naturelle-eng_leclerc-georges-louis-_1780_5,794,0.00178,junk,,,,
ia_bim_eighteenth-century_histoire-naturelle-eng_leclerc-georges-louis-_1780_5,795,0.23785,junk,,,,
ia_bim_eighteenth-century_histoire-naturelle-eng_leclerc-georges-louis-_1780_5,796,0.00044,junk,,,,
ia_bim_eighteenth-century_histoire-naturelle-eng_leclerc-georges-louis-_1780_5,797,0.7043,non_junk,internal_essence,0.00496,0.29425,0.70079
ia_bim_eighteenth-century_histoire-naturelle-eng_leclerc-georges-louis-_1780_5,798,0.02832,junk,,,,
ia_bim_eighteenth-century_histoire-naturelle-eng_leclerc-georges-louis-_1780_5,799,0.01999,junk,,,,
ia_bim_eighteenth-century_histoire-naturelle-eng_leclerc-georges-louis-_1780_5,800,0.2169,junk,,,,
ia_bim_eighteenth-century_histoire-naturelle-eng_leclerc-georges-louis-_1780_5,801,0.9628,non_junk,non_divine_teleology,0.00874,0.9783,0.01296
ia_bim_eighteenth-century_histoire-naturelle-eng_leclerc-georges-louis-_1780_5,802,0.00614,junk,,,,
ia_bim_eighteenth-century_histoire-naturelle-eng_leclerc-georges-louis-_1780_5,803,0.00869,junk,,,,
ia_bim_eighteenth-century_histoire-naturelle-eng_leclerc-georges-louis-_1780_5,804,0.44938,junk,,,,
ia_bim_eighteenth-century_histoire-naturelle-eng_leclerc-georges-louis-_1780_5,805,0.00012,junk,,,,
ia_bim_eighteenth-century_histoire-naturelle-eng_leclerc-georges-louis-_1780_5,806,0.53208,non_junk,non_divine_teleology,0.0079,0.92391,0.06819
ia_bim_eighteenth-century_histoire-naturelle-eng_leclerc-georges-louis-_1780_5,807,0.04138,junk,,,,
ia_bim_eighteenth-century_histoire-naturelle-eng_leclerc-georges-louis-_1780_5,808,0.04591,junk,,,,
ia_bim_eighteenth-century_histoire-naturelle-eng_leclerc-georges-louis-_1780_5,809,0.00139,junk,,,,
ia_bim_eighteenth-century_histoire-naturelle-eng_leclerc-georges-louis-_1780_5,810,0.9964,non_junk,non_divine_teleology,0.00364,0.98,0.01637
ia_bim_eighteenth-century_histoire-naturelle-eng_leclerc-georges-louis-_1780_5,811,0.99016,non_junk,non_divine_teleology,0.01187,0.60476,0.38337
ia_bim_eighteenth-century_histoire-naturelle-eng_leclerc-georges-louis-_1780_5,812,0.05827,junk,,,,
ia_bim_eighteenth-century_histoire-naturelle-eng_leclerc-georges-louis-_1780_5,813,0.00083,junk,,,,
ia_bim_eighteenth-century_histoire-naturelle-eng_leclerc-georges-louis-_1780_5,814,0.19528,junk,,,,
ia_bim_eighteenth-century_histoire-naturelle-eng_leclerc-georges-louis-_1780_5,815,0.00803,junk,,,,
ia_bim_eighteenth-century_histoire-naturelle-eng_leclerc-georges-louis-_1780_5,816,0.00034,junk,,,,
ia_bim_eighteenth-century_histoire-naturelle-eng_leclerc-georges-louis-_1780_5,817,0.00019,junk,,,,
ia_bim_eighteenth-century_histoire-naturelle-eng_leclerc-georges-louis-_1780_5,818,0.98544,non_junk,divine_teleology,0.96299,0.03562,0.00139
ia_bim_eighteenth-century_histoire-naturelle-eng_leclerc-georges-louis-_1780_5,819,0.67962,non_junk,non_divine_teleology,0.01124,0.92312,0.06564
ia_bim_eighteenth-century_histoire-naturelle-eng_leclerc-georges-louis-_1780_5,820,8e-05,junk,,,,
ia_bim_eighteenth-century_histoire-naturelle-eng_leclerc-georges-louis-_1780_5,821,0.01969,junk,,,,
ia_bim_eighteenth-century_histoire-naturelle-eng_leclerc-georges-louis-_1780_5,822,0.0939,junk,,,,
ia_bim_eighteenth-century_histoire-naturelle-eng_leclerc-georges-louis-_1780_5,823,0.11628,junk,,,,
ia_bim_eighteenth-century_histoire-naturelle-eng_leclerc-georges-louis-_1780_5,824,0.21672,junk,,,,
ia_bim_eighteenth-century_histoire-naturelle-eng_leclerc-georges-louis-_1780_5,825,0.00063,junk,,,,
ia_bim_eighteenth-century_histoire-naturelle-eng_leclerc-georges-louis-_1780_5,826,0.00075,junk,,,,
ia_bim_eighteenth-century_histoire-naturelle-eng_leclerc-georges-louis-_1780_5,827,0.9842,non_junk,non_divine_teleology,0.00534,0.95053,0.04413
ia_bim_eighteenth-century_histoire-naturelle-eng_leclerc-georges-louis-_1780_5,828,0.00103,junk,,,,
ia_bim_eighteenth-century_histoire-naturelle-eng_leclerc-georges-louis-_1780_5,829,0.0078,junk,,,,
ia_bim_eighteenth-century_histoire-naturelle-eng_leclerc-georges-louis-_1780_5,830,0.99103,non_junk,non_divine_teleology,0.02829,0.51729,0.45442
ia_bim_eighteenth-century_histoire-naturelle-eng_leclerc-georges-louis-_1780_5,831,0.86294,non_junk,non_divine_teleology,0.0015,0.98139,0.01711
ia_bim_eighteenth-century_histoire-naturelle-eng_leclerc-georges-louis-_1780_5,832,0.66977,non_junk,non_divine_teleology,0.00755,0.98602,0.00643
ia_bim_eighteenth-century_histoire-naturelle-eng_leclerc-georges-louis-_1780_5,833,0.24353,junk,,,,
ia_bim_eighteenth-century_histoire-naturelle-eng_leclerc-georges-louis-_1780_5,834,0.11385,junk,,,,
ia_bim_eighteenth-century_histoire-naturelle-eng_leclerc-georges-louis-_1780_5,835,0.00058,junk,,,,
ia_bim_eighteenth-century_histoire-naturelle-eng_leclerc-georges-louis-_1780_5,836,0.00011,junk,,,,
ia_bim_eighteenth-century_histoire-naturelle-eng_leclerc-georges-louis-_1780_5,837,0.02774,junk,,,,
ia_bim_eighteenth-century_histoire-naturelle-eng_leclerc-georges-louis-_1780_5,838,0.02273,junk,,,,
ia_bim_eighteenth-century_histoire-naturelle-eng_leclerc-georges-louis-_1780_5,839,0.01414,junk,,,,
ia_bim_eighteenth-century_histoire-naturelle-eng_leclerc-georges-louis-_1780_5,840,0.00706,junk,,,,
ia_bim_eighteenth-century_histoire-naturelle-eng_leclerc-georges-louis-_1780_5,841,0.48324,junk,,,,
ia_bim_eighteenth-century_histoire-naturelle-eng_leclerc-georges-louis-_1780_5,842,0.02082,junk,,,,
ia_bim_eighteenth-century_histoire-naturelle-eng_leclerc-georges-louis-_1780_5,843,0.96237,non_junk,non_divine_teleology,0.01082,0.93518,0.054
ia_bim_eighteenth-century_histoire-naturelle-eng_leclerc-georges-louis-_1780_5,844,0.82771,non_junk,non_divine_teleology,0.02098,0.93933,0.03968
ia_bim_eighteenth-century_histoire-naturelle-eng_leclerc-georges-louis-_1780_5,845,0.14483,junk,,,,
ia_bim_eighteenth-century_histoire-naturelle-eng_leclerc-georges-louis-_1780_5,846,0.10383,junk,,,,
ia_bim_eighteenth-century_histoire-naturelle-eng_leclerc-georges-louis-_1780_5,847,0.01369,junk,,,,
ia_bim_eighteenth-century_histoire-naturelle-eng_leclerc-georges-louis-_1780_5,848,0.01244,junk,,,,
ia_bim_eighteenth-century_histoire-naturelle-eng_leclerc-georges-louis-_1780_5,849,0.11214,junk,,,,
ia_bim_eighteenth-century_histoire-naturelle-eng_leclerc-georges-louis-_1780_5,850,0.01143,junk,,,,
ia_bim_eighteenth-century_histoire-naturelle-eng_leclerc-georges-louis-_1780_5,851,0.01916,junk,,,,
ia_bim_eighteenth-century_histoire-naturelle-eng_leclerc-georges-louis-_1780_5,852,0.01085,junk,,,,
ia_bim_eighteenth-century_histoire-naturelle-eng_leclerc-georges-louis-_1780_5,853,0.0001,junk,,,,
ia_bim_eighteenth-century_histoire-naturelle-eng_leclerc-georges-louis-_1780_5,854,0.01366,junk,,,,
ia_bim_eighteenth-century_histoire-naturelle-eng_leclerc-georges-louis-_1780_5,855,0.0146,junk,,,,
ia_bim_eighteenth-century_histoire-naturelle-eng_leclerc-georges-louis-_1780_5,856,0.00248,junk,,,,
ia_bim_eighteenth-century_histoire-naturelle-eng_leclerc-georges-louis-_1780_5,857,0.00012,junk,,,,
ia_bim_eighteenth-century_histoire-naturelle-eng_leclerc-georges-louis-_1780_5,858,0.01505,junk,,,,
ia_bim_eighteenth-century_histoire-naturelle-eng_leclerc-georges-louis-_1780_5,859,0.00693,junk,,,,
ia_bim_eighteenth-century_histoire-naturelle-eng_leclerc-georges-louis-_1780_5,860,0.01049,junk,,,,
ia_bim_eighteenth-century_histoire-naturelle-eng_leclerc-georges-louis-_1780_5,861,0.4103,junk,,,,
ia_bim_eighteenth-century_histoire-naturelle-eng_leclerc-georges-louis-_1780_5,862,0.64403,non_junk,internal_essence,0.01194,0.24695,0.74111
ia_bim_eighteenth-century_histoire-naturelle-eng_leclerc-georges-louis-_1780_5,863,0.29299,junk,,,,
ia_bim_eighteenth-century_histoire-naturelle-eng_leclerc-georges-louis-_1780_5,864,0.00988,junk,,,,
ia_bim_eighteenth-century_histoire-naturelle-eng_leclerc-georges-louis-_1780_5,865,0.00012,junk,,,,
ia_bim_eighteenth-century_histoire-naturelle-eng_leclerc-georges-louis-_1780_5,866,0.00032,junk,,,,
ia_bim_eighteenth-century_histoire-naturelle-eng_leclerc-georges-louis-_1780_5,867,0.88063,non_junk,non_divine_teleology,0.03671,0.92809,0.0352
ia_bim_eighteenth-century_histoire-naturelle-eng_leclerc-georges-louis-_1780_5,868,0.08084,junk,,,,
ia_bim_eighteenth-century_histoire-naturelle-eng_leclerc-georges-louis-_1780_5,869,0.99581,non_junk,non_divine_teleology,0.02231,0.96354,0.01415
ia_bim_eighteenth-century_histoire-naturelle-eng_leclerc-georges-louis-_1780_5,870,0.98419,non_junk,non_divine_teleology,0.00646,0.73685,0.25669
ia_bim_eighteenth-century_histoire-naturelle-eng_leclerc-georges-louis-_1780_5,871,0.81868,non_junk,non_divine_teleology,0.02087,0.82369,0.15544
ia_bim_eighteenth-century_histoire-naturelle-eng_leclerc-georges-louis-_1780_5,872,0.59686,non_junk,non_divine_teleology,0.00791,0.96721,0.02489
ia_bim_eighteenth-century_histoire-naturelle-eng_leclerc-georges-louis-_1780_5,873,0.15985,junk,,,,
ia_bim_eighteenth-century_histoire-naturelle-eng_leclerc-georges-louis-_1780_5,874,0.99561,non_junk,non_divine_teleology,0.00862,0.96767,0.02371
ia_bim_eighteenth-century_histoire-naturelle-eng_leclerc-georges-louis-_1780_5,875,0.54151,non_junk,non_divine_teleology,0.02192,0.94175,0.03633
ia_bim_eighteenth-century_histoire-naturelle-eng_leclerc-georges-louis-_1780_5,876,0.93482,non_junk,internal_essence,0.02201,0.07334,0.90465
ia_bim_eighteenth-century_histoire-naturelle-eng_leclerc-georges-louis-_1780_5,877,0.83302,non_junk,internal_essence,0.00845,0.02387,0.96768
ia_bim_eighteenth-century_histoire-naturelle-eng_leclerc-georges-louis-_1780_5,878,0.33656,junk,,,,
ia_bim_eighteenth-century_histoire-naturelle-eng_leclerc-georges-louis-_1780_5,879,0.55888,non_junk,internal_essence,0.026,0.17226,0.80174
ia_bim_eighteenth-century_histoire-naturelle-eng_leclerc-georges-louis-_1780_5,880,0.89861,non_junk,internal_essence,0.00113,0.05242,0.94645
ia_bim_eighteenth-century_histoire-naturelle-eng_leclerc-georges-louis-_1780_5,881,0.84109,non_junk,internal_essence,0.01518,0.20748,0.77734
ia_bim_eighteenth-century_histoire-naturelle-eng_leclerc-georges-louis-_1780_5,882,0.07857,junk,,,,
ia_bim_eighteenth-century_histoire-naturelle-eng_leclerc-georges-louis-_1780_5,883,0.00183,junk,,,,
ia_bim_eighteenth-century_histoire-naturelle-eng_leclerc-georges-louis-_1780_5,884,0.00543,junk,,,,
ia_bim_eighteenth-century_histoire-naturelle-eng_leclerc-georges-louis-_1780_5,885,0.04259,junk,,,,
ia_bim_eighteenth-century_histoire-naturelle-eng_leclerc-georges-louis-_1780_5,886,0.06054,junk,,,,
ia_bim_eighteenth-century_histoire-naturelle-eng_leclerc-georges-louis-_1780_5,887,0.00259,junk,,,,
ia_bim_eighteenth-century_histoire-naturelle-eng_leclerc-georges-louis-_1780_5,888,0.00416,junk,,,,
ia_bim_eighteenth-century_histoire-naturelle-eng_leclerc-georges-louis-_1780_5,889,6e-05,junk,,,,
ia_bim_eighteenth-century_histoire-naturelle-eng_leclerc-georges-louis-_1780_5,890,0.0097,junk,,,,
ia_bim_eighteenth-century_histoire-naturelle-eng_leclerc-georges-louis-_1780_5,891,0.99957,non_junk,non_divine_teleology,0.00899,0.92125,0.06976
ia_bim_eighteenth-century_histoire-naturelle-eng_leclerc-georges-louis-_1780_5,892,0.00083,junk,,,,
ia_bim_eighteenth-century_histoire-naturelle-eng_leclerc-georges-louis-_1780_5,893,0.00128,junk,,,,
ia_bim_eighteenth-century_histoire-naturelle-eng_leclerc-georges-louis-_1780_5,894,0.00641,junk,,,,
ia_bim_eighteenth-century_histoire-naturelle-eng_leclerc-georges-louis-_1780_5,895,0.01078,junk,,,,
ia_bim_eighteenth-century_histoire-naturelle-eng_leclerc-georges-louis-_1780_5,896,0.02723,junk,,,,
ia_bim_eighteenth-century_histoire-naturelle-eng_leclerc-georges-louis-_1780_5,897,0.04529,junk,,,,
ia_bim_eighteenth-century_histoire-naturelle-eng_leclerc-georges-louis-_1780_5,898,0.02913,junk,,,,
ia_bim_eighteenth-century_histoire-naturelle-eng_leclerc-georges-louis-_1780_5,899,0.00836,junk,,,,
ia_bim_eighteenth-century_histoire-naturelle-eng_leclerc-georges-louis-_1780_5,900,0.00387,junk,,,,
ia_bim_eighteenth-century_histoire-naturelle-eng_leclerc-georges-louis-_1780_5,901,0.96572,non_junk,non_divine_teleology,0.0045,0.8769,0.1186
ia_bim_eighteenth-century_histoire-naturelle-eng_leclerc-georges-louis-_1780_5,902,0.03465,junk,,,,
ia_bim_eighteenth-century_histoire-naturelle-eng_leclerc-georges-louis-_1780_5,903,0.10292,junk,,,,
ia_bim_eighteenth-century_histoire-naturelle-eng_leclerc-georges-louis-_1780_5,904,0.00226,junk,,,,
ia_bim_eighteenth-century_histoire-naturelle-eng_leclerc-georges-louis-_1780_5,905,0.13876,junk,,,,
ia_bim_eighteenth-century_histoire-naturelle-eng_leclerc-georges-louis-_1780_5,906,0.00252,junk,,,,
ia_bim_eighteenth-century_histoire-naturelle-eng_leclerc-georges-louis-_1780_5,907,0.06461,junk,,,,
ia_bim_eighteenth-century_histoire-naturelle-eng_leclerc-georges-louis-_1780_5,908,0.00095,junk,,,,
ia_bim_eighteenth-century_histoire-naturelle-eng_leclerc-georges-louis-_1780_5,909,0.00489,junk,,,,
ia_bim_eighteenth-century_histoire-naturelle-eng_leclerc-georges-louis-_1780_5,910,0.01074,junk,,,,
ia_bim_eighteenth-century_histoire-naturelle-eng_leclerc-georges-louis-_1780_5,911,0.19166,junk,,,,
ia_bim_eighteenth-century_histoire-naturelle-eng_leclerc-georges-louis-_1780_5,912,0.01097,junk,,,,
ia_bim_eighteenth-century_histoire-naturelle-eng_leclerc-georges-louis-_1780_5,913,0.00473,junk,,,,
ia_bim_eighteenth-century_histoire-naturelle-eng_leclerc-georges-louis-_1780_5,914,0.00292,junk,,,,
ia_bim_eighteenth-century_histoire-naturelle-eng_leclerc-georges-louis-_1780_5,915,0.00347,junk,,,,
ia_bim_eighteenth-century_histoire-naturelle-eng_leclerc-georges-louis-_1780_5,916,0.00965,junk,,,,
ia_bim_eighteenth-century_histoire-naturelle-eng_leclerc-georges-louis-_1780_5,917,0.10525,junk,,,,
ia_bim_eighteenth-century_histoire-naturelle-eng_leclerc-georges-louis-_1780_5,918,0.03745,junk,,,,
ia_bim_eighteenth-century_histoire-naturelle-eng_leclerc-georges-louis-_1780_5,919,0.01314,junk,,,,
ia_bim_eighteenth-century_histoire-naturelle-eng_leclerc-georges-louis-_1780_5,920,0.94644,non_junk,internal_essence,0.00371,0.06669,0.9296
ia_bim_eighteenth-century_histoire-naturelle-eng_leclerc-georges-louis-_1780_5,921,0.05082,junk,,,,
ia_bim_eighteenth-century_histoire-naturelle-eng_leclerc-georges-louis-_1780_5,922,0.00571,junk,,,,
ia_bim_eighteenth-century_histoire-naturelle-eng_leclerc-georges-louis-_1780_5,923,0.0029,junk,,,,
ia_bim_eighteenth-century_histoire-naturelle-eng_leclerc-georges-louis-_1780_5,924,0.00716,junk,,,,
ia_bim_eighteenth-century_histoire-naturelle-eng_leclerc-georges-louis-_1780_5,925,0.10587,junk,,,,
ia_bim_eighteenth-century_histoire-naturelle-eng_leclerc-georges-louis-_1780_5,926,0.04181,junk,,,,
ia_bim_eighteenth-century_histoire-naturelle-eng_leclerc-georges-louis-_1780_5,927,0.0106,junk,,,,
ia_bim_eighteenth-century_histoire-naturelle-eng_leclerc-georges-louis-_1780_5,928,0.03499,junk,,,,
ia_bim_eighteenth-century_histoire-naturelle-eng_leclerc-georges-louis-_1780_5,929,0.00425,junk,,,,
ia_bim_eighteenth-century_histoire-naturelle-eng_leclerc-georges-louis-_1780_5,930,0.00102,junk,,,,
ia_bim_eighteenth-century_histoire-naturelle-eng_leclerc-georges-louis-_1780_5,931,0.88872,non_junk,non_divine_teleology,0.05856,0.76163,0.1798
ia_bim_eighteenth-century_histoire-naturelle-eng_leclerc-georges-louis-_1780_5,932,0.75865,non_junk,non_divine_teleology,0.00567,0.93708,0.05725
ia_bim_eighteenth-century_histoire-naturelle-eng_leclerc-georges-louis-_1780_5,933,0.00094,junk,,,,
ia_bim_eighteenth-century_histoire-naturelle-eng_leclerc-georges-louis-_1780_5,934,0.00035,junk,,,,
ia_bim_eighteenth-century_histoire-naturelle-eng_leclerc-georges-louis-_1780_5,935,0.00083,junk,,,,
ia_bim_eighteenth-century_histoire-naturelle-eng_leclerc-georges-louis-_1780_5,936,0.00038,junk,,,,
ia_bim_eighteenth-century_histoire-naturelle-eng_leclerc-georges-louis-_1780_5,937,0.00369,junk,,,,
ia_bim_eighteenth-century_histoire-naturelle-eng_leclerc-georges-louis-_1780_5,938,0.15855,junk,,,,
ia_bim_eighteenth-century_histoire-naturelle-eng_leclerc-georges-louis-_1780_5,939,0.00328,junk,,,,
ia_bim_eighteenth-century_histoire-naturelle-eng_leclerc-georges-louis-_1780_5,940,0.28511,junk,,,,
ia_bim_eighteenth-century_histoire-naturelle-eng_leclerc-georges-louis-_1780_5,941,0.50639,non_junk,non_divine_teleology,0.02469,0.61525,0.36006
ia_bim_eighteenth-century_histoire-naturelle-eng_leclerc-georges-louis-_1780_5,942,0.01513,junk,,,,
ia_bim_eighteenth-century_histoire-naturelle-eng_leclerc-georges-louis-_1780_5,943,0.45061,junk,,,,
ia_bim_eighteenth-century_histoire-naturelle-eng_leclerc-georges-louis-_1780_5,944,0.10067,junk,,,,
ia_bim_eighteenth-century_histoire-naturelle-eng_leclerc-georges-louis-_1780_5,945,0.0038,junk,,,,
ia_bim_eighteenth-century_histoire-naturelle-eng_leclerc-georges-louis-_1780_5,946,0.30886,junk,,,,
ia_bim_eighteenth-century_histoire-naturelle-eng_leclerc-georges-louis-_1780_5,947,0.29991,junk,,,,
ia_bim_eighteenth-century_histoire-naturelle-eng_leclerc-georges-louis-_1780_5,948,0.61874,non_junk,non_divine_teleology,0.01489,0.83363,0.15149
ia_bim_eighteenth-century_histoire-naturelle-eng_leclerc-georges-louis-_1780_5,949,0.29991,junk,,,,
ia_bim_eighteenth-century_histoire-naturelle-eng_leclerc-georges-louis-_1780_5,950,0.00427,junk,,,,
ia_bim_eighteenth-century_histoire-naturelle-eng_leclerc-georges-louis-_1780_5,951,0.00063,junk,,,,
ia_bim_eighteenth-century_histoire-naturelle-eng_leclerc-georges-louis-_1780_5,952,0.00376,junk,,,,
ia_bim_eighteenth-century_histoire-naturelle-eng_leclerc-georges-louis-_1780_5,953,0.00614,junk,,,,
ia_bim_eighteenth-century_histoire-naturelle-eng_leclerc-georges-louis-_1780_5,954,0.00331,junk,,,,
ia_bim_eighteenth-century_histoire-naturelle-eng_leclerc-georges-louis-_1780_5,955,0.11988,junk,,,,
ia_bim_eighteenth-century_histoire-naturelle-eng_leclerc-georges-louis-_1780_5,956,0.00352,junk,,,,
ia_bim_eighteenth-century_histoire-naturelle-eng_leclerc-georges-louis-_1780_5,957,0.16803,junk,,,,
ia_bim_eighteenth-century_histoire-naturelle-eng_leclerc-georges-louis-_1780_5,958,0.03282,junk,,,,
ia_bim_eighteenth-century_histoire-naturelle-eng_leclerc-georges-louis-_1780_5,959,0.00084,junk,,,,
ia_bim_eighteenth-century_histoire-naturelle-eng_leclerc-georges-louis-_1780_5,960,0.06164,junk,,,,
ia_bim_eighteenth-century_histoire-naturelle-eng_leclerc-georges-louis-_1780_5,961,0.02584,junk,,,,
ia_bim_eighteenth-century_histoire-naturelle-eng_leclerc-georges-louis-_1780_5,962,0.0001,junk,,,,
ia_bim_eighteenth-century_histoire-naturelle-eng_leclerc-georges-louis-_1780_5,963,0.01007,junk,,,,
ia_bim_eighteenth-century_histoire-naturelle-eng_leclerc-georges-louis-_1780_5,964,0.01379,junk,,,,
ia_bim_eighteenth-century_histoire-naturelle-eng_leclerc-georges-louis-_1780_5,965,0.00105,junk,,,,
ia_bim_eighteenth-century_histoire-naturelle-eng_leclerc-georges-louis-_1780_5,966,0.01253,junk,,,,
ia_bim_eighteenth-century_histoire-naturelle-eng_leclerc-georges-louis-_1780_5,967,2e-05,junk,,,,
ia_bim_eighteenth-century_histoire-naturelle-eng_leclerc-georges-louis-_1780_5,968,0.32466,junk,,,,
ia_bim_eighteenth-century_histoire-naturelle-eng_leclerc-georges-louis-_1780_5,969,0.01338,junk,,,,
ia_bim_eighteenth-century_histoire-naturelle-eng_leclerc-georges-louis-_1780_5,970,0.00183,junk,,,,
ia_bim_eighteenth-century_histoire-naturelle-eng_leclerc-georges-louis-_1780_5,971,0.03251,junk,,,,
ia_bim_eighteenth-century_histoire-naturelle-eng_leclerc-georges-louis-_1780_5,972,0.11784,junk,,,,
ia_bim_eighteenth-century_histoire-naturelle-eng_leclerc-georges-louis-_1780_5,973,0.10335,junk,,,,
ia_bim_eighteenth-century_histoire-naturelle-eng_leclerc-georges-louis-_1780_5,974,0.14034,junk,,,,
ia_bim_eighteenth-century_histoire-naturelle-eng_leclerc-georges-louis-_1780_5,975,0.02858,junk,,,,
ia_bim_eighteenth-century_histoire-naturelle-eng_leclerc-georges-louis-_1780_5,976,0.10989,junk,,,,
ia_bim_eighteenth-century_histoire-naturelle-eng_leclerc-georges-louis-_1780_5,977,0.00102,junk,,,,
ia_bim_eighteenth-century_histoire-naturelle-eng_leclerc-georges-louis-_1780_5,978,0.18744,junk,,,,
ia_bim_eighteenth-century_histoire-naturelle-eng_leclerc-georges-louis-_1780_5,979,0.00259,junk,,,,
ia_bim_eighteenth-century_histoire-naturelle-eng_leclerc-georges-louis-_1780_5,980,0.02534,junk,,,,
ia_bim_eighteenth-century_histoire-naturelle-eng_leclerc-georges-louis-_1780_5,981,0.00217,junk,,,,
ia_bim_eighteenth-century_histoire-naturelle-eng_leclerc-georges-louis-_1780_5,982,0.0195,junk,,,,
ia_bim_eighteenth-century_histoire-naturelle-eng_leclerc-georges-louis-_1780_5,983,0.62593,non_junk,internal_essence,0.00174,0.12494,0.87331
ia_bim_eighteenth-century_histoire-naturelle-eng_leclerc-georges-louis-_1780_5,984,0.00854,junk,,,,
ia_bim_eighteenth-century_histoire-naturelle-eng_leclerc-georges-louis-_1780_5,985,0.00246,junk,,,,
ia_bim_eighteenth-century_histoire-naturelle-eng_leclerc-georges-louis-_1780_5,986,0.04106,junk,,,,
ia_bim_eighteenth-century_histoire-naturelle-eng_leclerc-georges-louis-_1780_5,987,0.00941,junk,,,,
ia_bim_eighteenth-century_histoire-naturelle-eng_leclerc-georges-louis-_1780_5,988,0.00028,junk,,,,
ia_bim_eighteenth-century_histoire-naturelle-eng_leclerc-georges-louis-_1780_5,989,0.00149,junk,,,,
ia_bim_eighteenth-century_histoire-naturelle-eng_leclerc-georges-louis-_1780_5,990,0.00014,junk,,,,
ia_bim_eighteenth-century_histoire-naturelle-eng_leclerc-georges-louis-_1780_5,991,0.00067,junk,,,,
ia_bim_eighteenth-century_histoire-naturelle-eng_leclerc-georges-louis-_1780_5,992,0.10224,junk,,,,
ia_bim_eighteenth-century_histoire-naturelle-eng_leclerc-georges-louis-_1780_5,993,0.10479,junk,,,,
ia_bim_eighteenth-century_histoire-naturelle-eng_leclerc-georges-louis-_1780_5,994,0.00135,junk,,,,
ia_bim_eighteenth-century_histoire-naturelle-eng_leclerc-georges-louis-_1780_5,995,0.00215,junk,,,,
ia_bim_eighteenth-century_histoire-naturelle-eng_leclerc-georges-louis-_1780_5,996,0.00048,junk,,,,
ia_bim_eighteenth-century_histoire-naturelle-eng_leclerc-georges-louis-_1780_5,997,0.00057,junk,,,,
ia_bim_eighteenth-century_histoire-naturelle-eng_leclerc-georges-louis-_1780_5,998,0.00133,junk,,,,
ia_bim_eighteenth-century_histoire-naturelle-eng_leclerc-georges-louis-_1780_5,999,0.05988,junk,,,,
ia_bim_eighteenth-century_histoire-naturelle-eng_leclerc-georges-louis-_1780_5,1000,0.00189,junk,,,,
ia_bim_eighteenth-century_histoire-naturelle-eng_leclerc-georges-louis-_1780_5,1001,0.03295,junk,,,,
ia_bim_eighteenth-century_histoire-naturelle-eng_leclerc-georges-louis-_1780_5,1002,0.00073,junk,,,,
ia_bim_eighteenth-century_histoire-naturelle-eng_leclerc-georges-louis-_1780_5,1003,0.06149,junk,,,,
ia_bim_eighteenth-century_histoire-naturelle-eng_leclerc-georges-louis-_1780_5,1004,0.00808,junk,,,,
ia_bim_eighteenth-century_histoire-naturelle-eng_leclerc-georges-louis-_1780_5,1005,0.06985,junk,,,,
ia_bim_eighteenth-century_histoire-naturelle-eng_leclerc-georges-louis-_1780_5,1006,0.00291,junk,,,,
ia_bim_eighteenth-century_histoire-naturelle-eng_leclerc-georges-louis-_1780_5,1007,0.00186,junk,,,,
ia_bim_eighteenth-century_histoire-naturelle-eng_leclerc-georges-louis-_1780_5,1008,0.00932,junk,,,,
ia_bim_eighteenth-century_histoire-naturelle-eng_leclerc-georges-louis-_1780_5,1009,6e-05,junk,,,,
ia_bim_eighteenth-century_histoire-naturelle-eng_leclerc-georges-louis-_1780_5,1010,0.00631,junk,,,,
ia_bim_eighteenth-century_histoire-naturelle-eng_leclerc-georges-louis-_1780_5,1011,0.0019,junk,,,,
ia_bim_eighteenth-century_histoire-naturelle-eng_leclerc-georges-louis-_1780_5,1012,0.01558,junk,,,,
ia_bim_eighteenth-century_histoire-naturelle-eng_leclerc-georges-louis-_1780_5,1013,0.00133,junk,,,,
ia_bim_eighteenth-century_histoire-naturelle-eng_leclerc-georges-louis-_1780_5,1014,0.00482,junk,,,,
ia_bim_eighteenth-century_histoire-naturelle-eng_leclerc-georges-louis-_1780_5,1015,0.15119,junk,,,,
ia_bim_eighteenth-century_histoire-naturelle-eng_leclerc-georges-louis-_1780_5,1016,0.00031,junk,,,,
ia_bim_eighteenth-century_histoire-naturelle-eng_leclerc-georges-louis-_1780_5,1017,0.02994,junk,,,,
ia_bim_eighteenth-century_histoire-naturelle-eng_leclerc-georges-louis-_1780_5,1018,0.00032,junk,,,,
ia_bim_eighteenth-century_histoire-naturelle-eng_leclerc-georges-louis-_1780_5,1019,0.00444,junk,,,,
ia_bim_eighteenth-century_histoire-naturelle-eng_leclerc-georges-louis-_1780_5,1020,0.0003,junk,,,,
ia_bim_eighteenth-century_histoire-naturelle-eng_leclerc-georges-louis-_1780_5,1021,0.09871,junk,,,,
ia_bim_eighteenth-century_histoire-naturelle-eng_leclerc-georges-louis-_1780_5,1022,0.00258,junk,,,,
ia_bim_eighteenth-century_histoire-naturelle-eng_leclerc-georges-louis-_1780_5,1023,0.15496,junk,,,,
ia_bim_eighteenth-century_histoire-naturelle-eng_leclerc-georges-louis-_1780_5,1024,0.03936,junk,,,,
ia_bim_eighteenth-century_histoire-naturelle-eng_leclerc-georges-louis-_1780_5,1025,0.11215,junk,,,,
ia_bim_eighteenth-century_histoire-naturelle-eng_leclerc-georges-louis-_1780_5,1026,0.99983,non_junk,non_divine_teleology,0.00516,0.94809,0.04675
ia_bim_eighteenth-century_histoire-naturelle-eng_leclerc-georges-louis-_1780_5,1027,0.69233,non_junk,non_divine_teleology,0.00967,0.77728,0.21305
ia_bim_eighteenth-century_histoire-naturelle-eng_leclerc-georges-louis-_1780_5,1028,0.9146,non_junk,internal_essence,0.00153,0.1756,0.82287
ia_bim_eighteenth-century_histoire-naturelle-eng_leclerc-georges-louis-_1780_5,1029,0.00026,junk,,,,
ia_bim_eighteenth-century_histoire-naturelle-eng_leclerc-georges-louis-_1780_5,1030,0.00233,junk,,,,
ia_bim_eighteenth-century_histoire-naturelle-eng_leclerc-georges-louis-_1780_5,1031,0.60644,non_junk,non_divine_teleology,0.06456,0.64529,0.29015
ia_bim_eighteenth-century_histoire-naturelle-eng_leclerc-georges-louis-_1780_5,1032,0.73652,non_junk,non_divine_teleology,0.02414,0.84463,0.13124
ia_bim_eighteenth-century_histoire-naturelle-eng_leclerc-georges-louis-_1780_5,1033,0.99982,non_junk,non_divine_teleology,0.00148,0.99345,0.00507
ia_bim_eighteenth-century_histoire-naturelle-eng_leclerc-georges-louis-_1780_5,1034,0.00136,junk,,,,
ia_bim_eighteenth-century_histoire-naturelle-eng_leclerc-georges-louis-_1780_5,1035,0.00244,junk,,,,
ia_bim_eighteenth-century_histoire-naturelle-eng_leclerc-georges-louis-_1780_5,1036,0.76266,non_junk,internal_essence,0.00103,0.02662,0.97235
ia_bim_eighteenth-century_histoire-naturelle-eng_leclerc-georges-louis-_1780_5,1037,0.06485,junk,,,,
ia_bim_eighteenth-century_histoire-naturelle-eng_leclerc-georges-louis-_1780_5,1038,0.88426,non_junk,non_divine_teleology,0.01641,0.92911,0.05448
ia_bim_eighteenth-century_histoire-naturelle-eng_leclerc-georges-louis-_1780_5,1039,0.31819,junk,,,,
ia_bim_eighteenth-century_histoire-naturelle-eng_leclerc-georges-louis-_1780_5,1040,0.8794,non_junk,non_divine_teleology,0.00984,0.93509,0.05507
ia_bim_eighteenth-century_histoire-naturelle-eng_leclerc-georges-louis-_1780_5,1041,0.31376,junk,,,,
ia_bim_eighteenth-century_histoire-naturelle-eng_leclerc-georges-louis-_1780_5,1042,0.98906,non_junk,non_divine_teleology,0.00422,0.97734,0.01844
ia_bim_eighteenth-century_histoire-naturelle-eng_leclerc-georges-louis-_1780_5,1043,0.06347,junk,,,,
ia_bim_eighteenth-century_histoire-naturelle-eng_leclerc-georges-louis-_1780_5,1044,0.00114,junk,,,,
ia_bim_eighteenth-century_histoire-naturelle-eng_leclerc-georges-louis-_1780_5,1045,0.02534,junk,,,,
ia_bim_eighteenth-century_histoire-naturelle-eng_leclerc-georges-louis-_1780_5,1046,0.17903,junk,,,,
ia_bim_eighteenth-century_histoire-naturelle-eng_leclerc-georges-louis-_1780_5,1047,0.00565,junk,,,,
ia_bim_eighteenth-century_histoire-naturelle-eng_leclerc-georges-louis-_1780_5,1048,0.00903,junk,,,,
ia_bim_eighteenth-century_histoire-naturelle-eng_leclerc-georges-louis-_1780_5,1049,0.00957,junk,,,,
ia_bim_eighteenth-century_histoire-naturelle-eng_leclerc-georges-louis-_1780_5,1050,0.07387,junk,,,,
ia_bim_eighteenth-century_histoire-naturelle-eng_leclerc-georges-louis-_1780_5,1051,7e-05,junk,,,,
ia_bim_eighteenth-century_histoire-naturelle-eng_leclerc-georges-louis-_1780_5,1052,0.13775,junk,,,,
ia_bim_eighteenth-century_histoire-naturelle-eng_leclerc-georges-louis-_1780_5,1053,0.01595,junk,,,,
ia_bim_eighteenth-century_histoire-naturelle-eng_leclerc-georges-louis-_1780_5,1054,0.01301,junk,,,,
ia_bim_eighteenth-century_histoire-naturelle-eng_leclerc-georges-louis-_1780_5,1055,7e-05,junk,,,,
ia_bim_eighteenth-century_histoire-naturelle-eng_leclerc-georges-louis-_1780_5,1056,0.00029,junk,,,,
ia_bim_eighteenth-century_histoire-naturelle-eng_leclerc-georges-louis-_1780_5,1057,0.19406,junk,,,,
ia_bim_eighteenth-century_histoire-naturelle-eng_leclerc-georges-louis-_1780_5,1058,0.99256,non_junk,non_divine_teleology,0.00357,0.97984,0.01658
ia_bim_eighteenth-century_histoire-naturelle-eng_leclerc-georges-louis-_1780_5,1059,0.0317,junk,,,,
ia_bim_eighteenth-century_histoire-naturelle-eng_leclerc-georges-louis-_1780_5,1060,0.001,junk,,,,
ia_bim_eighteenth-century_histoire-naturelle-eng_leclerc-georges-louis-_1780_5,1061,0.0001,junk,,,,
ia_bim_eighteenth-century_histoire-naturelle-eng_leclerc-georges-louis-_1780_5,1062,0.67824,non_junk,non_divine_teleology,0.00177,0.98445,0.01378
ia_bim_eighteenth-century_histoire-naturelle-eng_leclerc-georges-louis-_1780_5,1063,0.22221,junk,,,,
ia_bim_eighteenth-century_histoire-naturelle-eng_leclerc-georges-louis-_1780_5,1064,0.25949,junk,,,,
ia_bim_eighteenth-century_histoire-naturelle-eng_leclerc-georges-louis-_1780_5,1065,0.00039,junk,,,,
ia_bim_eighteenth-century_histoire-naturelle-eng_leclerc-georges-louis-_1780_5,1066,0.00124,junk,,,,
ia_bim_eighteenth-century_histoire-naturelle-eng_leclerc-georges-louis-_1780_5,1067,0.25402,junk,,,,
ia_bim_eighteenth-century_histoire-naturelle-eng_leclerc-georges-louis-_1780_5,1068,0.00045,junk,,,,
ia_bim_eighteenth-century_histoire-naturelle-eng_leclerc-georges-louis-_1780_5,1069,0.00174,junk,,,,
ia_bim_eighteenth-century_histoire-naturelle-eng_leclerc-georges-louis-_1780_5,1070,0.01571,junk,,,,
ia_bim_eighteenth-century_histoire-naturelle-eng_leclerc-georges-louis-_1780_5,1071,0.06434,junk,,,,
ia_bim_eighteenth-century_histoire-naturelle-eng_leclerc-georges-louis-_1780_5,1072,0.81242,non_junk,non_divine_teleology,0.01149,0.86697,0.12154
ia_bim_eighteenth-century_histoire-naturelle-eng_leclerc-georges-louis-_1780_5,1073,0.01443,junk,,,,
ia_bim_eighteenth-century_histoire-naturelle-eng_leclerc-georges-louis-_1780_5,1074,0.00209,junk,,,,
ia_bim_eighteenth-century_histoire-naturelle-eng_leclerc-georges-louis-_1780_5,1075,0.00231,junk,,,,
ia_bim_eighteenth-century_histoire-naturelle-eng_leclerc-georges-louis-_1780_5,1076,0.00052,junk,,,,
ia_bim_eighteenth-century_histoire-naturelle-eng_leclerc-georges-louis-_1780_5,1077,0.00192,junk,,,,
ia_bim_eighteenth-century_histoire-naturelle-eng_leclerc-georges-louis-_1780_5,1078,0.00691,junk,,,,
ia_bim_eighteenth-century_histoire-naturelle-eng_leclerc-georges-louis-_1780_5,1079,0.10542,junk,,,,
ia_bim_eighteenth-century_histoire-naturelle-eng_leclerc-georges-louis-_1780_5,1080,0.00026,junk,,,,
ia_bim_eighteenth-century_histoire-naturelle-eng_leclerc-georges-louis-_1780_5,1081,0.00037,junk,,,,
ia_bim_eighteenth-century_histoire-naturelle-eng_leclerc-georges-louis-_1780_5,1082,0.00026,junk,,,,
ia_bim_eighteenth-century_histoire-naturelle-eng_leclerc-georges-louis-_1780_5,1083,0.01218,junk,,,,
ia_bim_eighteenth-century_histoire-naturelle-eng_leclerc-georges-louis-_1780_5,1084,0.89005,non_junk,non_divine_teleology,0.0257,0.66789,0.30641
