uid,sent_id,gate_prob_nonjunk,gate_pred,s2_pred,s2_p_divine_teleology,s2_p_non_divine_teleology,s2_p_internal_essence
ia_bim_eighteenth-century_histoire-naturelle-eng_buffon-georges-louis-le_1791_7,1,0.00096,junk,,,,
ia_bim_eighteenth-century_histoire-naturelle-eng_buffon-georges-louis-le_1791_7,2,0.00139,junk,,,,
ia_bim_eighteenth-century_histoire-naturelle-eng_buffon-georges-louis-le_1791_7,3,0.00459,junk,,,,
ia_bim_eighteenth-century_histoire-naturelle-eng_buffon-georges-louis-le_1791_7,4,0.01133,junk,,,,
ia_bim_eighteenth-century_histoire-naturelle-eng_buffon-georges-louis-le_1791_7,5,0.02737,junk,,,,
ia_bim_eighteenth-century_histoire-naturelle-eng_buffon-georges-louis-le_1791_7,6,0.00013,junk,,,,
ia_bim_eighteenth-century_histoire-naturelle-eng_buffon-georges-louis-le_1791_7,7,0.82715,non_junk,internal_essence,0.01106,0.15875,0.83019
ia_bim_eighteenth-century_histoire-naturelle-eng_buffon-georges-louis-le_1791_7,8,0.123,junk,,,,
ia_bim_eighteenth-century_histoire-naturelle-eng_buffon-georges-louis-le_1791_7,9,0.00685,junk,,,,
ia_bim_eighteenth-century_histoire-naturelle-eng_buffon-georges-louis-le_1791_7,10,0.01254,junk,,,,
ia_bim_eighteenth-century_histoire-naturelle-eng_buffon-georges-louis-le_1791_7,11,0.01093,junk,,,,
ia_bim_eighteenth-century_histoire-naturelle-eng_buffon-georges-louis-le_1791_7,12,0.0003,junk,,,,
ia_bim_eighteenth-century_histoire-naturelle-eng_buffon-georges-louis-le_1791_7,13,0.00015,junk,,,,
ia_bim_eighteenth-century_histoire-naturelle-eng_buffon-georges-louis-le_1791_7,14,0.00171,junk,,,,
ia_bim_eighteenth-century_histoire-naturelle-eng_buffon-georges-louis-le_1791_7,15,0.0001,junk,,,,
ia_bim_eighteenth-century_histoire-naturelle-eng_buffon-georges-louis-le_1791_7,16,0.2241,junk,,,,
ia_bim_eighteenth-century_histoire-naturelle-eng_buffon-georges-louis-le_1791_7,18,0.00015,junk,,,,
ia_bim_eighteenth-century_histoire-naturelle-eng_buffon-georges-louis-le_1791_7,19,0.24362,junk,,,,
ia_bim_eighteenth-century_histoire-naturelle-eng_buffon-georges-louis-le_1791_7,20,0.98547,non_junk,internal_essence,0.00929,0.11128,0.87944
ia_bim_eighteenth-century_histoire-naturelle-eng_buffon-georges-louis-le_1791_7,21,0.02057,junk,,,,
ia_bim_eighteenth-century_histoire-naturelle-eng_buffon-georges-louis-le_1791_7,22,0.15964,junk,,,,
ia_bim_eighteenth-century_histoire-naturelle-eng_buffon-georges-louis-le_1791_7,23,0.02241,junk,,,,
ia_bim_eighteenth-century_histoire-naturelle-eng_buffon-georges-louis-le_1791_7,24,0.00424,junk,,,,
ia_bim_eighteenth-century_histoire-naturelle-eng_buffon-georges-louis-le_1791_7,25,0.00075,junk,,,,
ia_bim_eighteenth-century_histoire-naturelle-eng_buffon-georges-louis-le_1791_7,26,0.00553,junk,,,,
ia_bim_eighteenth-century_histoire-naturelle-eng_buffon-georges-louis-le_1791_7,27,0.00018,junk,,,,
ia_bim_eighteenth-century_histoire-naturelle-eng_buffon-georges-louis-le_1791_7,28,0.00042,junk,,,,
ia_bim_eighteenth-century_histoire-naturelle-eng_buffon-georges-louis-le_1791_7,29,4e-05,junk,,,,
ia_bim_eighteenth-century_histoire-naturelle-eng_buffon-georges-louis-le_1791_7,30,0.0058,junk,,,,
ia_bim_eighteenth-century_histoire-naturelle-eng_buffon-georges-louis-le_1791_7,31,0.01537,junk,,,,
ia_bim_eighteenth-century_histoire-naturelle-eng_buffon-georges-louis-le_1791_7,32,0.9002,non_junk,internal_essence,0.08581,0.41939,0.49479
ia_bim_eighteenth-century_histoire-naturelle-eng_buffon-georges-louis-le_1791_7,33,0.01602,junk,,,,
ia_bim_eighteenth-century_histoire-naturelle-eng_buffon-georges-louis-le_1791_7,34,0.03732,junk,,,,
ia_bim_eighteenth-century_histoire-naturelle-eng_buffon-georges-louis-le_1791_7,35,0.0002,junk,,,,
ia_bim_eighteenth-century_histoire-naturelle-eng_buffon-georges-louis-le_1791_7,36,0.0025,junk,,,,
ia_bim_eighteenth-century_histoire-naturelle-eng_buffon-georges-louis-le_1791_7,37,0.00128,junk,,,,
ia_bim_eighteenth-century_histoire-naturelle-eng_buffon-georges-louis-le_1791_7,38,3e-05,junk,,,,
ia_bim_eighteenth-century_histoire-naturelle-eng_buffon-georges-louis-le_1791_7,39,0.01148,junk,,,,
ia_bim_eighteenth-century_histoire-naturelle-eng_buffon-georges-louis-le_1791_7,40,0.85,non_junk,internal_essence,0.00077,0.02335,0.97588
ia_bim_eighteenth-century_histoire-naturelle-eng_buffon-georges-louis-le_1791_7,41,8e-05,junk,,,,
ia_bim_eighteenth-century_histoire-naturelle-eng_buffon-georges-louis-le_1791_7,42,0.01141,junk,,,,
ia_bim_eighteenth-century_histoire-naturelle-eng_buffon-georges-louis-le_1791_7,43,8e-05,junk,,,,
ia_bim_eighteenth-century_histoire-naturelle-eng_buffon-georges-louis-le_1791_7,44,0.00124,junk,,,,
ia_bim_eighteenth-century_histoire-naturelle-eng_buffon-georges-louis-le_1791_7,45,0.03435,junk,,,,
ia_bim_eighteenth-century_histoire-naturelle-eng_buffon-georges-louis-le_1791_7,46,0.007,junk,,,,
ia_bim_eighteenth-century_histoire-naturelle-eng_buffon-georges-louis-le_1791_7,47,0.00282,junk,,,,
ia_bim_eighteenth-century_histoire-naturelle-eng_buffon-georges-louis-le_1791_7,48,0.00019,junk,,,,
ia_bim_eighteenth-century_histoire-naturelle-eng_buffon-georges-louis-le_1791_7,49,0.00019,junk,,,,
ia_bim_eighteenth-century_histoire-naturelle-eng_buffon-georges-louis-le_1791_7,50,0.00098,junk,,,,
ia_bim_eighteenth-century_histoire-naturelle-eng_buffon-georges-louis-le_1791_7,51,0.00726,junk,,,,
ia_bim_eighteenth-century_histoire-naturelle-eng_buffon-georges-louis-le_1791_7,52,0.00248,junk,,,,
ia_bim_eighteenth-century_histoire-naturelle-eng_buffon-georges-louis-le_1791_7,53,0.00411,junk,,,,
ia_bim_eighteenth-century_histoire-naturelle-eng_buffon-georges-louis-le_1791_7,54,0.01079,junk,,,,
ia_bim_eighteenth-century_histoire-naturelle-eng_buffon-georges-louis-le_1791_7,55,0.02843,junk,,,,
ia_bim_eighteenth-century_histoire-naturelle-eng_buffon-georges-louis-le_1791_7,56,0.00041,junk,,,,
ia_bim_eighteenth-century_histoire-naturelle-eng_buffon-georges-louis-le_1791_7,57,0.00458,junk,,,,
ia_bim_eighteenth-century_histoire-naturelle-eng_buffon-georges-louis-le_1791_7,58,0.00363,junk,,,,
ia_bim_eighteenth-century_histoire-naturelle-eng_buffon-georges-louis-le_1791_7,59,0.0015,junk,,,,
ia_bim_eighteenth-century_histoire-naturelle-eng_buffon-georges-louis-le_1791_7,60,0.00662,junk,,,,
ia_bim_eighteenth-century_histoire-naturelle-eng_buffon-georges-louis-le_1791_7,61,0.98084,non_junk,non_divine_teleology,0.01292,0.95023,0.03684
ia_bim_eighteenth-century_histoire-naturelle-eng_buffon-georges-louis-le_1791_7,62,0.00676,junk,,,,
ia_bim_eighteenth-century_histoire-naturelle-eng_buffon-georges-louis-le_1791_7,63,0.23789,junk,,,,
ia_bim_eighteenth-century_histoire-naturelle-eng_buffon-georges-louis-le_1791_7,64,0.00141,junk,,,,
ia_bim_eighteenth-century_histoire-naturelle-eng_buffon-georges-louis-le_1791_7,65,0.01666,junk,,,,
ia_bim_eighteenth-century_histoire-naturelle-eng_buffon-georges-louis-le_1791_7,66,0.04661,junk,,,,
ia_bim_eighteenth-century_histoire-naturelle-eng_buffon-georges-louis-le_1791_7,67,0.10832,junk,,,,
ia_bim_eighteenth-century_histoire-naturelle-eng_buffon-georges-louis-le_1791_7,68,0.00456,junk,,,,
ia_bim_eighteenth-century_histoire-naturelle-eng_buffon-georges-louis-le_1791_7,69,0.10829,junk,,,,
ia_bim_eighteenth-century_histoire-naturelle-eng_buffon-georges-louis-le_1791_7,70,0.91402,non_junk,internal_essence,0.01169,0.34528,0.64304
ia_bim_eighteenth-century_histoire-naturelle-eng_buffon-georges-louis-le_1791_7,71,0.03241,junk,,,,
ia_bim_eighteenth-century_histoire-naturelle-eng_buffon-georges-louis-le_1791_7,72,0.20124,junk,,,,
ia_bim_eighteenth-century_histoire-naturelle-eng_buffon-georges-louis-le_1791_7,73,0.2644,junk,,,,
ia_bim_eighteenth-century_histoire-naturelle-eng_buffon-georges-louis-le_1791_7,74,0.06713,junk,,,,
ia_bim_eighteenth-century_histoire-naturelle-eng_buffon-georges-louis-le_1791_7,75,0.03742,junk,,,,
ia_bim_eighteenth-century_histoire-naturelle-eng_buffon-georges-louis-le_1791_7,76,0.00225,junk,,,,
ia_bim_eighteenth-century_histoire-naturelle-eng_buffon-georges-louis-le_1791_7,77,0.09407,junk,,,,
ia_bim_eighteenth-century_histoire-naturelle-eng_buffon-georges-louis-le_1791_7,78,0.0001,junk,,,,
ia_bim_eighteenth-century_histoire-naturelle-eng_buffon-georges-louis-le_1791_7,79,0.18736,junk,,,,
ia_bim_eighteenth-century_histoire-naturelle-eng_buffon-georges-louis-le_1791_7,80,0.00306,junk,,,,
ia_bim_eighteenth-century_histoire-naturelle-eng_buffon-georges-louis-le_1791_7,81,0.05133,junk,,,,
ia_bim_eighteenth-century_histoire-naturelle-eng_buffon-georges-louis-le_1791_7,82,0.00784,junk,,,,
ia_bim_eighteenth-century_histoire-naturelle-eng_buffon-georges-louis-le_1791_7,83,0.03798,junk,,,,
ia_bim_eighteenth-century_histoire-naturelle-eng_buffon-georges-louis-le_1791_7,84,0.00103,junk,,,,
ia_bim_eighteenth-century_histoire-naturelle-eng_buffon-georges-louis-le_1791_7,85,0.00099,junk,,,,
ia_bim_eighteenth-century_histoire-naturelle-eng_buffon-georges-louis-le_1791_7,86,0.00205,junk,,,,
ia_bim_eighteenth-century_histoire-naturelle-eng_buffon-georges-louis-le_1791_7,87,0.00063,junk,,,,
ia_bim_eighteenth-century_histoire-naturelle-eng_buffon-georges-louis-le_1791_7,88,0.09968,junk,,,,
ia_bim_eighteenth-century_histoire-naturelle-eng_buffon-georges-louis-le_1791_7,89,0.99145,non_junk,non_divine_teleology,0.01049,0.62265,0.36686
ia_bim_eighteenth-century_histoire-naturelle-eng_buffon-georges-louis-le_1791_7,90,0.04773,junk,,,,
ia_bim_eighteenth-century_histoire-naturelle-eng_buffon-georges-louis-le_1791_7,91,0.00397,junk,,,,
ia_bim_eighteenth-century_histoire-naturelle-eng_buffon-georges-louis-le_1791_7,92,0.00316,junk,,,,
ia_bim_eighteenth-century_histoire-naturelle-eng_buffon-georges-louis-le_1791_7,93,0.21857,junk,,,,
ia_bim_eighteenth-century_histoire-naturelle-eng_buffon-georges-louis-le_1791_7,94,0.00069,junk,,,,
ia_bim_eighteenth-century_histoire-naturelle-eng_buffon-georges-louis-le_1791_7,95,0.30473,junk,,,,
ia_bim_eighteenth-century_histoire-naturelle-eng_buffon-georges-louis-le_1791_7,96,0.00181,junk,,,,
ia_bim_eighteenth-century_histoire-naturelle-eng_buffon-georges-louis-le_1791_7,97,0.01501,junk,,,,
ia_bim_eighteenth-century_histoire-naturelle-eng_buffon-georges-louis-le_1791_7,98,0.86956,non_junk,internal_essence,0.00268,0.0904,0.90692
ia_bim_eighteenth-century_histoire-naturelle-eng_buffon-georges-louis-le_1791_7,99,0.00442,junk,,,,
ia_bim_eighteenth-century_histoire-naturelle-eng_buffon-georges-louis-le_1791_7,100,0.02548,junk,,,,
ia_bim_eighteenth-century_histoire-naturelle-eng_buffon-georges-louis-le_1791_7,101,0.00627,junk,,,,
ia_bim_eighteenth-century_histoire-naturelle-eng_buffon-georges-louis-le_1791_7,102,0.01528,junk,,,,
ia_bim_eighteenth-century_histoire-naturelle-eng_buffon-georges-louis-le_1791_7,103,0.00056,junk,,,,
ia_bim_eighteenth-century_histoire-naturelle-eng_buffon-georges-louis-le_1791_7,104,0.00427,junk,,,,
ia_bim_eighteenth-century_histoire-naturelle-eng_buffon-georges-louis-le_1791_7,105,0.00175,junk,,,,
ia_bim_eighteenth-century_histoire-naturelle-eng_buffon-georges-louis-le_1791_7,106,0.00014,junk,,,,
ia_bim_eighteenth-century_histoire-naturelle-eng_buffon-georges-louis-le_1791_7,107,0.01856,junk,,,,
ia_bim_eighteenth-century_histoire-naturelle-eng_buffon-georges-louis-le_1791_7,108,0.06635,junk,,,,
ia_bim_eighteenth-century_histoire-naturelle-eng_buffon-georges-louis-le_1791_7,109,0.00439,junk,,,,
ia_bim_eighteenth-century_histoire-naturelle-eng_buffon-georges-louis-le_1791_7,110,0.3548,junk,,,,
ia_bim_eighteenth-century_histoire-naturelle-eng_buffon-georges-louis-le_1791_7,111,0.93907,non_junk,internal_essence,0.00808,0.12771,0.86421
ia_bim_eighteenth-century_histoire-naturelle-eng_buffon-georges-louis-le_1791_7,113,0.00761,junk,,,,
ia_bim_eighteenth-century_histoire-naturelle-eng_buffon-georges-louis-le_1791_7,114,0.0111,junk,,,,
ia_bim_eighteenth-century_histoire-naturelle-eng_buffon-georges-louis-le_1791_7,115,0.0009,junk,,,,
ia_bim_eighteenth-century_histoire-naturelle-eng_buffon-georges-louis-le_1791_7,116,0.08192,junk,,,,
ia_bim_eighteenth-century_histoire-naturelle-eng_buffon-georges-louis-le_1791_7,117,0.00819,junk,,,,
ia_bim_eighteenth-century_histoire-naturelle-eng_buffon-georges-louis-le_1791_7,119,0.11542,junk,,,,
ia_bim_eighteenth-century_histoire-naturelle-eng_buffon-georges-louis-le_1791_7,120,0.00134,junk,,,,
ia_bim_eighteenth-century_histoire-naturelle-eng_buffon-georges-louis-le_1791_7,121,0.03375,junk,,,,
ia_bim_eighteenth-century_histoire-naturelle-eng_buffon-georges-louis-le_1791_7,122,0.0338,junk,,,,
ia_bim_eighteenth-century_histoire-naturelle-eng_buffon-georges-louis-le_1791_7,123,0.0008,junk,,,,
ia_bim_eighteenth-century_histoire-naturelle-eng_buffon-georges-louis-le_1791_7,124,0.30017,junk,,,,
ia_bim_eighteenth-century_histoire-naturelle-eng_buffon-georges-louis-le_1791_7,125,0.0002,junk,,,,
ia_bim_eighteenth-century_histoire-naturelle-eng_buffon-georges-louis-le_1791_7,126,0.00027,junk,,,,
ia_bim_eighteenth-century_histoire-naturelle-eng_buffon-georges-louis-le_1791_7,127,0.00181,junk,,,,
ia_bim_eighteenth-century_histoire-naturelle-eng_buffon-georges-louis-le_1791_7,128,0.00937,junk,,,,
ia_bim_eighteenth-century_histoire-naturelle-eng_buffon-georges-louis-le_1791_7,129,0.00046,junk,,,,
ia_bim_eighteenth-century_histoire-naturelle-eng_buffon-georges-louis-le_1791_7,131,0.96881,non_junk,non_divine_teleology,0.00727,0.668,0.32473
ia_bim_eighteenth-century_histoire-naturelle-eng_buffon-georges-louis-le_1791_7,132,4e-05,junk,,,,
ia_bim_eighteenth-century_histoire-naturelle-eng_buffon-georges-louis-le_1791_7,133,0.0001,junk,,,,
ia_bim_eighteenth-century_histoire-naturelle-eng_buffon-georges-louis-le_1791_7,134,0.00511,junk,,,,
ia_bim_eighteenth-century_histoire-naturelle-eng_buffon-georges-louis-le_1791_7,135,0.00208,junk,,,,
ia_bim_eighteenth-century_histoire-naturelle-eng_buffon-georges-louis-le_1791_7,136,0.02493,junk,,,,
ia_bim_eighteenth-century_histoire-naturelle-eng_buffon-georges-louis-le_1791_7,137,0.00018,junk,,,,
ia_bim_eighteenth-century_histoire-naturelle-eng_buffon-georges-louis-le_1791_7,139,0.00024,junk,,,,
ia_bim_eighteenth-century_histoire-naturelle-eng_buffon-georges-louis-le_1791_7,140,0.00178,junk,,,,
ia_bim_eighteenth-century_histoire-naturelle-eng_buffon-georges-louis-le_1791_7,142,0.00138,junk,,,,
ia_bim_eighteenth-century_histoire-naturelle-eng_buffon-georges-louis-le_1791_7,143,0.0002,junk,,,,
ia_bim_eighteenth-century_histoire-naturelle-eng_buffon-georges-louis-le_1791_7,144,0.00138,junk,,,,
ia_bim_eighteenth-century_histoire-naturelle-eng_buffon-georges-louis-le_1791_7,145,0.00015,junk,,,,
ia_bim_eighteenth-century_histoire-naturelle-eng_buffon-georges-louis-le_1791_7,146,0.05609,junk,,,,
ia_bim_eighteenth-century_histoire-naturelle-eng_buffon-georges-louis-le_1791_7,147,0.00274,junk,,,,
ia_bim_eighteenth-century_histoire-naturelle-eng_buffon-georges-louis-le_1791_7,148,1e-05,junk,,,,
ia_bim_eighteenth-century_histoire-naturelle-eng_buffon-georges-louis-le_1791_7,149,0.00037,junk,,,,
ia_bim_eighteenth-century_histoire-naturelle-eng_buffon-georges-louis-le_1791_7,150,0.00059,junk,,,,
ia_bim_eighteenth-century_histoire-naturelle-eng_buffon-georges-louis-le_1791_7,151,0.34188,junk,,,,
ia_bim_eighteenth-century_histoire-naturelle-eng_buffon-georges-louis-le_1791_7,152,0.47565,junk,,,,
ia_bim_eighteenth-century_histoire-naturelle-eng_buffon-georges-louis-le_1791_7,153,0.32677,junk,,,,
ia_bim_eighteenth-century_histoire-naturelle-eng_buffon-georges-louis-le_1791_7,154,0.01593,junk,,,,
ia_bim_eighteenth-century_histoire-naturelle-eng_buffon-georges-louis-le_1791_7,155,0.00579,junk,,,,
ia_bim_eighteenth-century_histoire-naturelle-eng_buffon-georges-louis-le_1791_7,156,0.01179,junk,,,,
ia_bim_eighteenth-century_histoire-naturelle-eng_buffon-georges-louis-le_1791_7,157,0.09607,junk,,,,
ia_bim_eighteenth-century_histoire-naturelle-eng_buffon-georges-louis-le_1791_7,158,0.00183,junk,,,,
ia_bim_eighteenth-century_histoire-naturelle-eng_buffon-georges-louis-le_1791_7,159,0.00361,junk,,,,
ia_bim_eighteenth-century_histoire-naturelle-eng_buffon-georges-louis-le_1791_7,160,0.00131,junk,,,,
ia_bim_eighteenth-century_histoire-naturelle-eng_buffon-georges-louis-le_1791_7,161,0.33305,junk,,,,
ia_bim_eighteenth-century_histoire-naturelle-eng_buffon-georges-louis-le_1791_7,162,0.0113,junk,,,,
ia_bim_eighteenth-century_histoire-naturelle-eng_buffon-georges-louis-le_1791_7,163,0.00158,junk,,,,
ia_bim_eighteenth-century_histoire-naturelle-eng_buffon-georges-louis-le_1791_7,164,0.04813,junk,,,,
ia_bim_eighteenth-century_histoire-naturelle-eng_buffon-georges-louis-le_1791_7,165,0.00027,junk,,,,
ia_bim_eighteenth-century_histoire-naturelle-eng_buffon-georges-louis-le_1791_7,166,0.16685,junk,,,,
ia_bim_eighteenth-century_histoire-naturelle-eng_buffon-georges-louis-le_1791_7,167,0.02532,junk,,,,
ia_bim_eighteenth-century_histoire-naturelle-eng_buffon-georges-louis-le_1791_7,168,0.01229,junk,,,,
ia_bim_eighteenth-century_histoire-naturelle-eng_buffon-georges-louis-le_1791_7,169,0.03774,junk,,,,
ia_bim_eighteenth-century_histoire-naturelle-eng_buffon-georges-louis-le_1791_7,170,5e-05,junk,,,,
ia_bim_eighteenth-century_histoire-naturelle-eng_buffon-georges-louis-le_1791_7,171,0.21381,junk,,,,
ia_bim_eighteenth-century_histoire-naturelle-eng_buffon-georges-louis-le_1791_7,172,0.03688,junk,,,,
ia_bim_eighteenth-century_histoire-naturelle-eng_buffon-georges-louis-le_1791_7,174,0.00882,junk,,,,
ia_bim_eighteenth-century_histoire-naturelle-eng_buffon-georges-louis-le_1791_7,175,0.00077,junk,,,,
ia_bim_eighteenth-century_histoire-naturelle-eng_buffon-georges-louis-le_1791_7,176,1e-05,junk,,,,
ia_bim_eighteenth-century_histoire-naturelle-eng_buffon-georges-louis-le_1791_7,177,0.00049,junk,,,,
ia_bim_eighteenth-century_histoire-naturelle-eng_buffon-georges-louis-le_1791_7,178,0.0006,junk,,,,
ia_bim_eighteenth-century_histoire-naturelle-eng_buffon-georges-louis-le_1791_7,179,0.50178,non_junk,internal_essence,0.01126,0.1982,0.79054
ia_bim_eighteenth-century_histoire-naturelle-eng_buffon-georges-louis-le_1791_7,180,0.00663,junk,,,,
ia_bim_eighteenth-century_histoire-naturelle-eng_buffon-georges-louis-le_1791_7,181,0.04508,junk,,,,
ia_bim_eighteenth-century_histoire-naturelle-eng_buffon-georges-louis-le_1791_7,182,0.24369,junk,,,,
ia_bim_eighteenth-century_histoire-naturelle-eng_buffon-georges-louis-le_1791_7,183,0.45928,junk,,,,
ia_bim_eighteenth-century_histoire-naturelle-eng_buffon-georges-louis-le_1791_7,184,0.00146,junk,,,,
ia_bim_eighteenth-century_histoire-naturelle-eng_buffon-georges-louis-le_1791_7,186,0.01529,junk,,,,
ia_bim_eighteenth-century_histoire-naturelle-eng_buffon-georges-louis-le_1791_7,187,0.86977,non_junk,non_divine_teleology,0.00266,0.98763,0.00971
ia_bim_eighteenth-century_histoire-naturelle-eng_buffon-georges-louis-le_1791_7,190,0.00033,junk,,,,
ia_bim_eighteenth-century_histoire-naturelle-eng_buffon-georges-louis-le_1791_7,191,0.00377,junk,,,,
ia_bim_eighteenth-century_histoire-naturelle-eng_buffon-georges-louis-le_1791_7,192,0.01226,junk,,,,
ia_bim_eighteenth-century_histoire-naturelle-eng_buffon-georges-louis-le_1791_7,193,0.00104,junk,,,,
ia_bim_eighteenth-century_histoire-naturelle-eng_buffon-georges-louis-le_1791_7,194,0.0328,junk,,,,
ia_bim_eighteenth-century_histoire-naturelle-eng_buffon-georges-louis-le_1791_7,195,0.00015,junk,,,,
ia_bim_eighteenth-century_histoire-naturelle-eng_buffon-georges-louis-le_1791_7,196,0.17251,junk,,,,
ia_bim_eighteenth-century_histoire-naturelle-eng_buffon-georges-louis-le_1791_7,197,0.00128,junk,,,,
ia_bim_eighteenth-century_histoire-naturelle-eng_buffon-georges-louis-le_1791_7,198,0.13255,junk,,,,
ia_bim_eighteenth-century_histoire-naturelle-eng_buffon-georges-louis-le_1791_7,200,0.00633,junk,,,,
ia_bim_eighteenth-century_histoire-naturelle-eng_buffon-georges-louis-le_1791_7,201,0.05764,junk,,,,
ia_bim_eighteenth-century_histoire-naturelle-eng_buffon-georges-louis-le_1791_7,202,0.01672,junk,,,,
ia_bim_eighteenth-century_histoire-naturelle-eng_buffon-georges-louis-le_1791_7,203,0.01206,junk,,,,
ia_bim_eighteenth-century_histoire-naturelle-eng_buffon-georges-louis-le_1791_7,204,0.06691,junk,,,,
ia_bim_eighteenth-century_histoire-naturelle-eng_buffon-georges-louis-le_1791_7,205,0.02051,junk,,,,
ia_bim_eighteenth-century_histoire-naturelle-eng_buffon-georges-louis-le_1791_7,206,0.00406,junk,,,,
ia_bim_eighteenth-century_histoire-naturelle-eng_buffon-georges-louis-le_1791_7,207,0.01958,junk,,,,
ia_bim_eighteenth-century_histoire-naturelle-eng_buffon-georges-louis-le_1791_7,208,0.23696,junk,,,,
ia_bim_eighteenth-century_histoire-naturelle-eng_buffon-georges-louis-le_1791_7,209,0.00114,junk,,,,
ia_bim_eighteenth-century_histoire-naturelle-eng_buffon-georges-louis-le_1791_7,210,0.03379,junk,,,,
ia_bim_eighteenth-century_histoire-naturelle-eng_buffon-georges-louis-le_1791_7,211,0.92558,non_junk,internal_essence,0.00519,0.13916,0.85565
ia_bim_eighteenth-century_histoire-naturelle-eng_buffon-georges-louis-le_1791_7,212,0.82285,non_junk,internal_essence,0.02738,0.26868,0.70394
ia_bim_eighteenth-century_histoire-naturelle-eng_buffon-georges-louis-le_1791_7,213,0.01649,junk,,,,
ia_bim_eighteenth-century_histoire-naturelle-eng_buffon-georges-louis-le_1791_7,214,0.60014,non_junk,non_divine_teleology,0.01515,0.97224,0.01261
ia_bim_eighteenth-century_histoire-naturelle-eng_buffon-georges-louis-le_1791_7,216,0.00579,junk,,,,
ia_bim_eighteenth-century_histoire-naturelle-eng_buffon-georges-louis-le_1791_7,217,0.00579,junk,,,,
ia_bim_eighteenth-century_histoire-naturelle-eng_buffon-georges-louis-le_1791_7,219,0.00344,junk,,,,
ia_bim_eighteenth-century_histoire-naturelle-eng_buffon-georges-louis-le_1791_7,220,0.68836,non_junk,non_divine_teleology,0.01133,0.96747,0.02119
ia_bim_eighteenth-century_histoire-naturelle-eng_buffon-georges-louis-le_1791_7,221,0.0009,junk,,,,
ia_bim_eighteenth-century_histoire-naturelle-eng_buffon-georges-louis-le_1791_7,222,0.99601,non_junk,non_divine_teleology,0.00379,0.83576,0.16045
ia_bim_eighteenth-century_histoire-naturelle-eng_buffon-georges-louis-le_1791_7,223,0.15488,junk,,,,
ia_bim_eighteenth-century_histoire-naturelle-eng_buffon-georges-louis-le_1791_7,224,0.10542,junk,,,,
ia_bim_eighteenth-century_histoire-naturelle-eng_buffon-georges-louis-le_1791_7,225,6e-05,junk,,,,
ia_bim_eighteenth-century_histoire-naturelle-eng_buffon-georges-louis-le_1791_7,226,0.04233,junk,,,,
ia_bim_eighteenth-century_histoire-naturelle-eng_buffon-georges-louis-le_1791_7,227,0.08414,junk,,,,
ia_bim_eighteenth-century_histoire-naturelle-eng_buffon-georges-louis-le_1791_7,228,0.0921,junk,,,,
ia_bim_eighteenth-century_histoire-naturelle-eng_buffon-georges-louis-le_1791_7,229,0.00235,junk,,,,
ia_bim_eighteenth-century_histoire-naturelle-eng_buffon-georges-louis-le_1791_7,230,0.88905,non_junk,non_divine_teleology,0.00272,0.99421,0.00307
ia_bim_eighteenth-century_histoire-naturelle-eng_buffon-georges-louis-le_1791_7,231,0.0067,junk,,,,
ia_bim_eighteenth-century_histoire-naturelle-eng_buffon-georges-louis-le_1791_7,233,0.02209,junk,,,,
ia_bim_eighteenth-century_histoire-naturelle-eng_buffon-georges-louis-le_1791_7,234,0.03108,junk,,,,
ia_bim_eighteenth-century_histoire-naturelle-eng_buffon-georges-louis-le_1791_7,235,0.00187,junk,,,,
ia_bim_eighteenth-century_histoire-naturelle-eng_buffon-georges-louis-le_1791_7,236,0.0362,junk,,,,
ia_bim_eighteenth-century_histoire-naturelle-eng_buffon-georges-louis-le_1791_7,238,0.0022,junk,,,,
ia_bim_eighteenth-century_histoire-naturelle-eng_buffon-georges-louis-le_1791_7,239,0.00418,junk,,,,
ia_bim_eighteenth-century_histoire-naturelle-eng_buffon-georges-louis-le_1791_7,240,0.18266,junk,,,,
ia_bim_eighteenth-century_histoire-naturelle-eng_buffon-georges-louis-le_1791_7,241,0.00394,junk,,,,
ia_bim_eighteenth-century_histoire-naturelle-eng_buffon-georges-louis-le_1791_7,242,0.34604,junk,,,,
ia_bim_eighteenth-century_histoire-naturelle-eng_buffon-georges-louis-le_1791_7,243,0.04258,junk,,,,
ia_bim_eighteenth-century_histoire-naturelle-eng_buffon-georges-louis-le_1791_7,244,0.97748,non_junk,non_divine_teleology,0.0059,0.88903,0.10507
ia_bim_eighteenth-century_histoire-naturelle-eng_buffon-georges-louis-le_1791_7,245,0.1109,junk,,,,
ia_bim_eighteenth-century_histoire-naturelle-eng_buffon-georges-louis-le_1791_7,246,0.00111,junk,,,,
ia_bim_eighteenth-century_histoire-naturelle-eng_buffon-georges-louis-le_1791_7,247,0.00065,junk,,,,
ia_bim_eighteenth-century_histoire-naturelle-eng_buffon-georges-louis-le_1791_7,248,0.00111,junk,,,,
ia_bim_eighteenth-century_histoire-naturelle-eng_buffon-georges-louis-le_1791_7,250,0.18879,junk,,,,
ia_bim_eighteenth-century_histoire-naturelle-eng_buffon-georges-louis-le_1791_7,252,0.04327,junk,,,,
ia_bim_eighteenth-century_histoire-naturelle-eng_buffon-georges-louis-le_1791_7,253,0.45411,junk,,,,
ia_bim_eighteenth-century_histoire-naturelle-eng_buffon-georges-louis-le_1791_7,254,0.00019,junk,,,,
ia_bim_eighteenth-century_histoire-naturelle-eng_buffon-georges-louis-le_1791_7,255,0.9532,non_junk,non_divine_teleology,0.26631,0.41643,0.31726
ia_bim_eighteenth-century_histoire-naturelle-eng_buffon-georges-louis-le_1791_7,256,0.00572,junk,,,,
ia_bim_eighteenth-century_histoire-naturelle-eng_buffon-georges-louis-le_1791_7,257,0.00168,junk,,,,
ia_bim_eighteenth-century_histoire-naturelle-eng_buffon-georges-louis-le_1791_7,258,0.00302,junk,,,,
ia_bim_eighteenth-century_histoire-naturelle-eng_buffon-georges-louis-le_1791_7,259,0.87462,non_junk,internal_essence,0.44862,0.06341,0.48797
ia_bim_eighteenth-century_histoire-naturelle-eng_buffon-georges-louis-le_1791_7,260,0.28287,junk,,,,
ia_bim_eighteenth-century_histoire-naturelle-eng_buffon-georges-louis-le_1791_7,262,0.00622,junk,,,,
ia_bim_eighteenth-century_histoire-naturelle-eng_buffon-georges-louis-le_1791_7,263,0.02939,junk,,,,
ia_bim_eighteenth-century_histoire-naturelle-eng_buffon-georges-louis-le_1791_7,264,0.00108,junk,,,,
ia_bim_eighteenth-century_histoire-naturelle-eng_buffon-georges-louis-le_1791_7,265,0.8207,non_junk,non_divine_teleology,0.01885,0.90166,0.07949
ia_bim_eighteenth-century_histoire-naturelle-eng_buffon-georges-louis-le_1791_7,266,0.96734,non_junk,non_divine_teleology,0.01586,0.93115,0.05299
ia_bim_eighteenth-century_histoire-naturelle-eng_buffon-georges-louis-le_1791_7,267,0.04907,junk,,,,
ia_bim_eighteenth-century_histoire-naturelle-eng_buffon-georges-louis-le_1791_7,268,0.82886,non_junk,non_divine_teleology,0.17081,0.78942,0.03977
ia_bim_eighteenth-century_histoire-naturelle-eng_buffon-georges-louis-le_1791_7,269,0.00032,junk,,,,
ia_bim_eighteenth-century_histoire-naturelle-eng_buffon-georges-louis-le_1791_7,270,0.50101,non_junk,internal_essence,0.13416,0.20822,0.65762
ia_bim_eighteenth-century_histoire-naturelle-eng_buffon-georges-louis-le_1791_7,272,0.053,junk,,,,
ia_bim_eighteenth-century_histoire-naturelle-eng_buffon-georges-louis-le_1791_7,273,0.00476,junk,,,,
ia_bim_eighteenth-century_histoire-naturelle-eng_buffon-georges-louis-le_1791_7,274,0.01635,junk,,,,
ia_bim_eighteenth-century_histoire-naturelle-eng_buffon-georges-louis-le_1791_7,275,0.01853,junk,,,,
ia_bim_eighteenth-century_histoire-naturelle-eng_buffon-georges-louis-le_1791_7,276,0.0057,junk,,,,
ia_bim_eighteenth-century_histoire-naturelle-eng_buffon-georges-louis-le_1791_7,277,0.15399,junk,,,,
ia_bim_eighteenth-century_histoire-naturelle-eng_buffon-georges-louis-le_1791_7,278,0.3184,junk,,,,
ia_bim_eighteenth-century_histoire-naturelle-eng_buffon-georges-louis-le_1791_7,280,0.0018,junk,,,,
ia_bim_eighteenth-century_histoire-naturelle-eng_buffon-georges-louis-le_1791_7,281,0.0672,junk,,,,
ia_bim_eighteenth-century_histoire-naturelle-eng_buffon-georges-louis-le_1791_7,282,0.00078,junk,,,,
ia_bim_eighteenth-century_histoire-naturelle-eng_buffon-georges-louis-le_1791_7,283,0.00344,junk,,,,
ia_bim_eighteenth-century_histoire-naturelle-eng_buffon-georges-louis-le_1791_7,284,0.02166,junk,,,,
ia_bim_eighteenth-century_histoire-naturelle-eng_buffon-georges-louis-le_1791_7,285,0.01858,junk,,,,
ia_bim_eighteenth-century_histoire-naturelle-eng_buffon-georges-louis-le_1791_7,286,0.00081,junk,,,,
ia_bim_eighteenth-century_histoire-naturelle-eng_buffon-georges-louis-le_1791_7,287,0.00124,junk,,,,
ia_bim_eighteenth-century_histoire-naturelle-eng_buffon-georges-louis-le_1791_7,288,0.24664,junk,,,,
ia_bim_eighteenth-century_histoire-naturelle-eng_buffon-georges-louis-le_1791_7,289,0.00253,junk,,,,
ia_bim_eighteenth-century_histoire-naturelle-eng_buffon-georges-louis-le_1791_7,290,0.27388,junk,,,,
ia_bim_eighteenth-century_histoire-naturelle-eng_buffon-georges-louis-le_1791_7,291,0.06216,junk,,,,
ia_bim_eighteenth-century_histoire-naturelle-eng_buffon-georges-louis-le_1791_7,292,0.00297,junk,,,,
ia_bim_eighteenth-century_histoire-naturelle-eng_buffon-georges-louis-le_1791_7,293,0.05012,junk,,,,
ia_bim_eighteenth-century_histoire-naturelle-eng_buffon-georges-louis-le_1791_7,294,0.00411,junk,,,,
ia_bim_eighteenth-century_histoire-naturelle-eng_buffon-georges-louis-le_1791_7,295,0.00496,junk,,,,
ia_bim_eighteenth-century_histoire-naturelle-eng_buffon-georges-louis-le_1791_7,296,0.03192,junk,,,,
ia_bim_eighteenth-century_histoire-naturelle-eng_buffon-georges-louis-le_1791_7,297,0.65779,non_junk,non_divine_teleology,0.0008,0.97143,0.02777
ia_bim_eighteenth-century_histoire-naturelle-eng_buffon-georges-louis-le_1791_7,298,0.65768,non_junk,non_divine_teleology,0.00092,0.96845,0.03063
ia_bim_eighteenth-century_histoire-naturelle-eng_buffon-georges-louis-le_1791_7,299,0.02021,junk,,,,
ia_bim_eighteenth-century_histoire-naturelle-eng_buffon-georges-louis-le_1791_7,300,0.01369,junk,,,,
ia_bim_eighteenth-century_histoire-naturelle-eng_buffon-georges-louis-le_1791_7,302,0.00229,junk,,,,
ia_bim_eighteenth-century_histoire-naturelle-eng_buffon-georges-louis-le_1791_7,303,0.00356,junk,,,,
ia_bim_eighteenth-century_histoire-naturelle-eng_buffon-georges-louis-le_1791_7,305,0.02961,junk,,,,
ia_bim_eighteenth-century_histoire-naturelle-eng_buffon-georges-louis-le_1791_7,306,0.00201,junk,,,,
ia_bim_eighteenth-century_histoire-naturelle-eng_buffon-georges-louis-le_1791_7,307,0.07102,junk,,,,
ia_bim_eighteenth-century_histoire-naturelle-eng_buffon-georges-louis-le_1791_7,308,0.71909,non_junk,non_divine_teleology,0.06834,0.797,0.13466
ia_bim_eighteenth-century_histoire-naturelle-eng_buffon-georges-louis-le_1791_7,309,0.49701,junk,,,,
ia_bim_eighteenth-century_histoire-naturelle-eng_buffon-georges-louis-le_1791_7,310,0.00803,junk,,,,
ia_bim_eighteenth-century_histoire-naturelle-eng_buffon-georges-louis-le_1791_7,311,0.02436,junk,,,,
ia_bim_eighteenth-century_histoire-naturelle-eng_buffon-georges-louis-le_1791_7,312,0.15317,junk,,,,
ia_bim_eighteenth-century_histoire-naturelle-eng_buffon-georges-louis-le_1791_7,313,0.57705,non_junk,non_divine_teleology,0.03947,0.70063,0.25991
ia_bim_eighteenth-century_histoire-naturelle-eng_buffon-georges-louis-le_1791_7,314,0.01306,junk,,,,
ia_bim_eighteenth-century_histoire-naturelle-eng_buffon-georges-louis-le_1791_7,315,0.00327,junk,,,,
ia_bim_eighteenth-century_histoire-naturelle-eng_buffon-georges-louis-le_1791_7,316,0.0008,junk,,,,
ia_bim_eighteenth-century_histoire-naturelle-eng_buffon-georges-louis-le_1791_7,317,1e-05,junk,,,,
ia_bim_eighteenth-century_histoire-naturelle-eng_buffon-georges-louis-le_1791_7,318,1e-05,junk,,,,
ia_bim_eighteenth-century_histoire-naturelle-eng_buffon-georges-louis-le_1791_7,319,0.00051,junk,,,,
ia_bim_eighteenth-century_histoire-naturelle-eng_buffon-georges-louis-le_1791_7,320,0.01775,junk,,,,
ia_bim_eighteenth-century_histoire-naturelle-eng_buffon-georges-louis-le_1791_7,321,0.01152,junk,,,,
ia_bim_eighteenth-century_histoire-naturelle-eng_buffon-georges-louis-le_1791_7,322,0.00487,junk,,,,
ia_bim_eighteenth-century_histoire-naturelle-eng_buffon-georges-louis-le_1791_7,323,0.97525,non_junk,internal_essence,0.00292,0.04475,0.95234
ia_bim_eighteenth-century_histoire-naturelle-eng_buffon-georges-louis-le_1791_7,324,0.00657,junk,,,,
ia_bim_eighteenth-century_histoire-naturelle-eng_buffon-georges-louis-le_1791_7,325,0.01329,junk,,,,
ia_bim_eighteenth-century_histoire-naturelle-eng_buffon-georges-louis-le_1791_7,326,0.00034,junk,,,,
ia_bim_eighteenth-century_histoire-naturelle-eng_buffon-georges-louis-le_1791_7,327,0.05855,junk,,,,
ia_bim_eighteenth-century_histoire-naturelle-eng_buffon-georges-louis-le_1791_7,328,0.05691,junk,,,,
ia_bim_eighteenth-century_histoire-naturelle-eng_buffon-georges-louis-le_1791_7,329,0.86001,non_junk,internal_essence,0.01496,0.29325,0.6918
ia_bim_eighteenth-century_histoire-naturelle-eng_buffon-georges-louis-le_1791_7,330,0.00051,junk,,,,
ia_bim_eighteenth-century_histoire-naturelle-eng_buffon-georges-louis-le_1791_7,331,0.00016,junk,,,,
ia_bim_eighteenth-century_histoire-naturelle-eng_buffon-georges-louis-le_1791_7,332,0.00209,junk,,,,
ia_bim_eighteenth-century_histoire-naturelle-eng_buffon-georges-louis-le_1791_7,333,0.04003,junk,,,,
ia_bim_eighteenth-century_histoire-naturelle-eng_buffon-georges-louis-le_1791_7,334,0.10781,junk,,,,
ia_bim_eighteenth-century_histoire-naturelle-eng_buffon-georges-louis-le_1791_7,335,0.10781,junk,,,,
ia_bim_eighteenth-century_histoire-naturelle-eng_buffon-georges-louis-le_1791_7,336,0.00033,junk,,,,
ia_bim_eighteenth-century_histoire-naturelle-eng_buffon-georges-louis-le_1791_7,337,0.00112,junk,,,,
ia_bim_eighteenth-century_histoire-naturelle-eng_buffon-georges-louis-le_1791_7,338,0.1581,junk,,,,
ia_bim_eighteenth-century_histoire-naturelle-eng_buffon-georges-louis-le_1791_7,339,0.045,junk,,,,
ia_bim_eighteenth-century_histoire-naturelle-eng_buffon-georges-louis-le_1791_7,340,0.00609,junk,,,,
ia_bim_eighteenth-century_histoire-naturelle-eng_buffon-georges-louis-le_1791_7,341,0.1633,junk,,,,
ia_bim_eighteenth-century_histoire-naturelle-eng_buffon-georges-louis-le_1791_7,342,0.02765,junk,,,,
ia_bim_eighteenth-century_histoire-naturelle-eng_buffon-georges-louis-le_1791_7,343,0.01519,junk,,,,
ia_bim_eighteenth-century_histoire-naturelle-eng_buffon-georges-louis-le_1791_7,344,0.07986,junk,,,,
ia_bim_eighteenth-century_histoire-naturelle-eng_buffon-georges-louis-le_1791_7,345,0.91335,non_junk,non_divine_teleology,0.02334,0.60944,0.36722
ia_bim_eighteenth-century_histoire-naturelle-eng_buffon-georges-louis-le_1791_7,347,0.52826,non_junk,non_divine_teleology,0.01556,0.52276,0.46168
ia_bim_eighteenth-century_histoire-naturelle-eng_buffon-georges-louis-le_1791_7,348,0.59762,non_junk,non_divine_teleology,0.021,0.70295,0.27605
ia_bim_eighteenth-century_histoire-naturelle-eng_buffon-georges-louis-le_1791_7,349,0.16633,junk,,,,
ia_bim_eighteenth-century_histoire-naturelle-eng_buffon-georges-louis-le_1791_7,350,0.00159,junk,,,,
ia_bim_eighteenth-century_histoire-naturelle-eng_buffon-georges-louis-le_1791_7,351,0.00012,junk,,,,
ia_bim_eighteenth-century_histoire-naturelle-eng_buffon-georges-louis-le_1791_7,353,0.00097,junk,,,,
ia_bim_eighteenth-century_histoire-naturelle-eng_buffon-georges-louis-le_1791_7,354,0.4329,junk,,,,
ia_bim_eighteenth-century_histoire-naturelle-eng_buffon-georges-louis-le_1791_7,355,0.4329,junk,,,,
ia_bim_eighteenth-century_histoire-naturelle-eng_buffon-georges-louis-le_1791_7,356,0.32168,junk,,,,
ia_bim_eighteenth-century_histoire-naturelle-eng_buffon-georges-louis-le_1791_7,357,0.09846,junk,,,,
ia_bim_eighteenth-century_histoire-naturelle-eng_buffon-georges-louis-le_1791_7,358,0.01917,junk,,,,
ia_bim_eighteenth-century_histoire-naturelle-eng_buffon-georges-louis-le_1791_7,359,0.02072,junk,,,,
ia_bim_eighteenth-century_histoire-naturelle-eng_buffon-georges-louis-le_1791_7,360,0.99843,non_junk,non_divine_teleology,0.00301,0.98541,0.01158
ia_bim_eighteenth-century_histoire-naturelle-eng_buffon-georges-louis-le_1791_7,361,0.99863,non_junk,non_divine_teleology,0.00295,0.99213,0.00492
ia_bim_eighteenth-century_histoire-naturelle-eng_buffon-georges-louis-le_1791_7,362,0.98361,non_junk,non_divine_teleology,0.06678,0.78564,0.14758
ia_bim_eighteenth-century_histoire-naturelle-eng_buffon-georges-louis-le_1791_7,363,0.00258,junk,,,,
ia_bim_eighteenth-century_histoire-naturelle-eng_buffon-georges-louis-le_1791_7,364,0.35046,junk,,,,
ia_bim_eighteenth-century_histoire-naturelle-eng_buffon-georges-louis-le_1791_7,365,0.09498,junk,,,,
ia_bim_eighteenth-century_histoire-naturelle-eng_buffon-georges-louis-le_1791_7,366,0.88969,non_junk,non_divine_teleology,0.00794,0.95064,0.04142
ia_bim_eighteenth-century_histoire-naturelle-eng_buffon-georges-louis-le_1791_7,367,0.19709,junk,,,,
ia_bim_eighteenth-century_histoire-naturelle-eng_buffon-georges-louis-le_1791_7,368,0.19709,junk,,,,
ia_bim_eighteenth-century_histoire-naturelle-eng_buffon-georges-louis-le_1791_7,369,0.02737,junk,,,,
ia_bim_eighteenth-century_histoire-naturelle-eng_buffon-georges-louis-le_1791_7,370,0.00309,junk,,,,
ia_bim_eighteenth-century_histoire-naturelle-eng_buffon-georges-louis-le_1791_7,371,0.02739,junk,,,,
ia_bim_eighteenth-century_histoire-naturelle-eng_buffon-georges-louis-le_1791_7,372,0.78939,non_junk,non_divine_teleology,0.008,0.96714,0.02485
ia_bim_eighteenth-century_histoire-naturelle-eng_buffon-georges-louis-le_1791_7,373,0.63383,non_junk,non_divine_teleology,0.00746,0.98211,0.01044
ia_bim_eighteenth-century_histoire-naturelle-eng_buffon-georges-louis-le_1791_7,374,0.95958,non_junk,non_divine_teleology,0.00498,0.98282,0.01221
ia_bim_eighteenth-century_histoire-naturelle-eng_buffon-georges-louis-le_1791_7,375,0.04938,junk,,,,
ia_bim_eighteenth-century_histoire-naturelle-eng_buffon-georges-louis-le_1791_7,376,0.05792,junk,,,,
ia_bim_eighteenth-century_histoire-naturelle-eng_buffon-georges-louis-le_1791_7,377,0.05792,junk,,,,
ia_bim_eighteenth-century_histoire-naturelle-eng_buffon-georges-louis-le_1791_7,378,0.00255,junk,,,,
ia_bim_eighteenth-century_histoire-naturelle-eng_buffon-georges-louis-le_1791_7,379,0.07709,junk,,,,
ia_bim_eighteenth-century_histoire-naturelle-eng_buffon-georges-louis-le_1791_7,380,0.82077,non_junk,non_divine_teleology,0.00532,0.98984,0.00484
ia_bim_eighteenth-century_histoire-naturelle-eng_buffon-georges-louis-le_1791_7,382,0.00112,junk,,,,
ia_bim_eighteenth-century_histoire-naturelle-eng_buffon-georges-louis-le_1791_7,383,0.08195,junk,,,,
ia_bim_eighteenth-century_histoire-naturelle-eng_buffon-georges-louis-le_1791_7,384,0.41013,junk,,,,
ia_bim_eighteenth-century_histoire-naturelle-eng_buffon-georges-louis-le_1791_7,385,0.00028,junk,,,,
ia_bim_eighteenth-century_histoire-naturelle-eng_buffon-georges-louis-le_1791_7,386,0.0202,junk,,,,
ia_bim_eighteenth-century_histoire-naturelle-eng_buffon-georges-louis-le_1791_7,387,0.00336,junk,,,,
ia_bim_eighteenth-century_histoire-naturelle-eng_buffon-georges-louis-le_1791_7,388,0.47635,junk,,,,
ia_bim_eighteenth-century_histoire-naturelle-eng_buffon-georges-louis-le_1791_7,389,0.01151,junk,,,,
ia_bim_eighteenth-century_histoire-naturelle-eng_buffon-georges-louis-le_1791_7,390,0.00016,junk,,,,
ia_bim_eighteenth-century_histoire-naturelle-eng_buffon-georges-louis-le_1791_7,391,0.69927,non_junk,internal_essence,0.00085,0.01366,0.9855
ia_bim_eighteenth-century_histoire-naturelle-eng_buffon-georges-louis-le_1791_7,392,0.00502,junk,,,,
ia_bim_eighteenth-century_histoire-naturelle-eng_buffon-georges-louis-le_1791_7,393,0.01218,junk,,,,
ia_bim_eighteenth-century_histoire-naturelle-eng_buffon-georges-louis-le_1791_7,394,0.8665,non_junk,internal_essence,0.00799,0.05302,0.93899
ia_bim_eighteenth-century_histoire-naturelle-eng_buffon-georges-louis-le_1791_7,395,0.0093,junk,,,,
ia_bim_eighteenth-century_histoire-naturelle-eng_buffon-georges-louis-le_1791_7,396,0.18433,junk,,,,
ia_bim_eighteenth-century_histoire-naturelle-eng_buffon-georges-louis-le_1791_7,397,0.95591,non_junk,non_divine_teleology,0.01453,0.87687,0.10859
ia_bim_eighteenth-century_histoire-naturelle-eng_buffon-georges-louis-le_1791_7,398,0.07122,junk,,,,
ia_bim_eighteenth-century_histoire-naturelle-eng_buffon-georges-louis-le_1791_7,399,0.19005,junk,,,,
ia_bim_eighteenth-century_histoire-naturelle-eng_buffon-georges-louis-le_1791_7,400,0.00921,junk,,,,
ia_bim_eighteenth-century_histoire-naturelle-eng_buffon-georges-louis-le_1791_7,402,0.00583,junk,,,,
ia_bim_eighteenth-century_histoire-naturelle-eng_buffon-georges-louis-le_1791_7,403,0.13253,junk,,,,
ia_bim_eighteenth-century_histoire-naturelle-eng_buffon-georges-louis-le_1791_7,404,0.18407,junk,,,,
ia_bim_eighteenth-century_histoire-naturelle-eng_buffon-georges-louis-le_1791_7,405,0.0505,junk,,,,
ia_bim_eighteenth-century_histoire-naturelle-eng_buffon-georges-louis-le_1791_7,406,0.99933,non_junk,non_divine_teleology,0.04803,0.78514,0.16683
ia_bim_eighteenth-century_histoire-naturelle-eng_buffon-georges-louis-le_1791_7,407,0.83187,non_junk,non_divine_teleology,0.00588,0.92173,0.07239
ia_bim_eighteenth-century_histoire-naturelle-eng_buffon-georges-louis-le_1791_7,408,0.87871,non_junk,non_divine_teleology,0.00529,0.98362,0.01109
ia_bim_eighteenth-century_histoire-naturelle-eng_buffon-georges-louis-le_1791_7,409,0.02577,junk,,,,
ia_bim_eighteenth-century_histoire-naturelle-eng_buffon-georges-louis-le_1791_7,410,0.0002,junk,,,,
ia_bim_eighteenth-century_histoire-naturelle-eng_buffon-georges-louis-le_1791_7,411,0.06345,junk,,,,
ia_bim_eighteenth-century_histoire-naturelle-eng_buffon-georges-louis-le_1791_7,412,0.05766,junk,,,,
ia_bim_eighteenth-century_histoire-naturelle-eng_buffon-georges-louis-le_1791_7,413,0.58838,non_junk,non_divine_teleology,0.01173,0.81731,0.17096
ia_bim_eighteenth-century_histoire-naturelle-eng_buffon-georges-louis-le_1791_7,414,0.10269,junk,,,,
ia_bim_eighteenth-century_histoire-naturelle-eng_buffon-georges-louis-le_1791_7,415,0.98071,non_junk,internal_essence,0.00134,0.15901,0.83965
ia_bim_eighteenth-century_histoire-naturelle-eng_buffon-georges-louis-le_1791_7,416,0.1598,junk,,,,
ia_bim_eighteenth-century_histoire-naturelle-eng_buffon-georges-louis-le_1791_7,417,0.99252,non_junk,internal_essence,0.00364,0.38819,0.60817
ia_bim_eighteenth-century_histoire-naturelle-eng_buffon-georges-louis-le_1791_7,418,0.01146,junk,,,,
ia_bim_eighteenth-century_histoire-naturelle-eng_buffon-georges-louis-le_1791_7,419,0.00438,junk,,,,
ia_bim_eighteenth-century_histoire-naturelle-eng_buffon-georges-louis-le_1791_7,420,0.00033,junk,,,,
ia_bim_eighteenth-century_histoire-naturelle-eng_buffon-georges-louis-le_1791_7,421,0.00908,junk,,,,
ia_bim_eighteenth-century_histoire-naturelle-eng_buffon-georges-louis-le_1791_7,422,0.00035,junk,,,,
ia_bim_eighteenth-century_histoire-naturelle-eng_buffon-georges-louis-le_1791_7,423,0.0014,junk,,,,
ia_bim_eighteenth-century_histoire-naturelle-eng_buffon-georges-louis-le_1791_7,424,0.03192,junk,,,,
ia_bim_eighteenth-century_histoire-naturelle-eng_buffon-georges-louis-le_1791_7,425,0.00069,junk,,,,
ia_bim_eighteenth-century_histoire-naturelle-eng_buffon-georges-louis-le_1791_7,426,0.00385,junk,,,,
ia_bim_eighteenth-century_histoire-naturelle-eng_buffon-georges-louis-le_1791_7,427,0.00067,junk,,,,
ia_bim_eighteenth-century_histoire-naturelle-eng_buffon-georges-louis-le_1791_7,428,0.00129,junk,,,,
ia_bim_eighteenth-century_histoire-naturelle-eng_buffon-georges-louis-le_1791_7,429,0.14449,junk,,,,
ia_bim_eighteenth-century_histoire-naturelle-eng_buffon-georges-louis-le_1791_7,430,0.02452,junk,,,,
ia_bim_eighteenth-century_histoire-naturelle-eng_buffon-georges-louis-le_1791_7,431,0.71912,non_junk,non_divine_teleology,0.00395,0.97167,0.02438
ia_bim_eighteenth-century_histoire-naturelle-eng_buffon-georges-louis-le_1791_7,432,0.00203,junk,,,,
ia_bim_eighteenth-century_histoire-naturelle-eng_buffon-georges-louis-le_1791_7,433,0.07481,junk,,,,
ia_bim_eighteenth-century_histoire-naturelle-eng_buffon-georges-louis-le_1791_7,434,0.00619,junk,,,,
ia_bim_eighteenth-century_histoire-naturelle-eng_buffon-georges-louis-le_1791_7,435,2e-05,junk,,,,
ia_bim_eighteenth-century_histoire-naturelle-eng_buffon-georges-louis-le_1791_7,436,0.00012,junk,,,,
ia_bim_eighteenth-century_histoire-naturelle-eng_buffon-georges-louis-le_1791_7,437,0.00162,junk,,,,
ia_bim_eighteenth-century_histoire-naturelle-eng_buffon-georges-louis-le_1791_7,438,0.00011,junk,,,,
ia_bim_eighteenth-century_histoire-naturelle-eng_buffon-georges-louis-le_1791_7,439,0.01098,junk,,,,
ia_bim_eighteenth-century_histoire-naturelle-eng_buffon-georges-louis-le_1791_7,440,0.00129,junk,,,,
ia_bim_eighteenth-century_histoire-naturelle-eng_buffon-georges-louis-le_1791_7,441,8e-05,junk,,,,
ia_bim_eighteenth-century_histoire-naturelle-eng_buffon-georges-louis-le_1791_7,442,0.74282,non_junk,non_divine_teleology,0.02028,0.53868,0.44104
ia_bim_eighteenth-century_histoire-naturelle-eng_buffon-georges-louis-le_1791_7,443,0.08493,junk,,,,
ia_bim_eighteenth-century_histoire-naturelle-eng_buffon-georges-louis-le_1791_7,444,0.92495,non_junk,non_divine_teleology,0.01363,0.96901,0.01736
ia_bim_eighteenth-century_histoire-naturelle-eng_buffon-georges-louis-le_1791_7,445,0.00511,junk,,,,
ia_bim_eighteenth-century_histoire-naturelle-eng_buffon-georges-louis-le_1791_7,446,0.03044,junk,,,,
ia_bim_eighteenth-century_histoire-naturelle-eng_buffon-georges-louis-le_1791_7,447,0.0015,junk,,,,
ia_bim_eighteenth-century_histoire-naturelle-eng_buffon-georges-louis-le_1791_7,448,6e-05,junk,,,,
ia_bim_eighteenth-century_histoire-naturelle-eng_buffon-georges-louis-le_1791_7,449,0.02406,junk,,,,
ia_bim_eighteenth-century_histoire-naturelle-eng_buffon-georges-louis-le_1791_7,450,0.13396,junk,,,,
ia_bim_eighteenth-century_histoire-naturelle-eng_buffon-georges-louis-le_1791_7,451,0.00024,junk,,,,
ia_bim_eighteenth-century_histoire-naturelle-eng_buffon-georges-louis-le_1791_7,452,0.00128,junk,,,,
ia_bim_eighteenth-century_histoire-naturelle-eng_buffon-georges-louis-le_1791_7,453,0.00077,junk,,,,
ia_bim_eighteenth-century_histoire-naturelle-eng_buffon-georges-louis-le_1791_7,454,0.95022,non_junk,internal_essence,0.00477,0.10417,0.89106
ia_bim_eighteenth-century_histoire-naturelle-eng_buffon-georges-louis-le_1791_7,455,0.00149,junk,,,,
ia_bim_eighteenth-century_histoire-naturelle-eng_buffon-georges-louis-le_1791_7,456,0.01809,junk,,,,
ia_bim_eighteenth-century_histoire-naturelle-eng_buffon-georges-louis-le_1791_7,457,0.28126,junk,,,,
ia_bim_eighteenth-century_histoire-naturelle-eng_buffon-georges-louis-le_1791_7,458,0.00369,junk,,,,
ia_bim_eighteenth-century_histoire-naturelle-eng_buffon-georges-louis-le_1791_7,459,0.8651,non_junk,non_divine_teleology,0.02818,0.83904,0.13278
ia_bim_eighteenth-century_histoire-naturelle-eng_buffon-georges-louis-le_1791_7,460,0.02348,junk,,,,
ia_bim_eighteenth-century_histoire-naturelle-eng_buffon-georges-louis-le_1791_7,461,0.73156,non_junk,internal_essence,0.00236,0.10606,0.89158
ia_bim_eighteenth-century_histoire-naturelle-eng_buffon-georges-louis-le_1791_7,462,0.68459,non_junk,internal_essence,0.00168,0.0405,0.95781
ia_bim_eighteenth-century_histoire-naturelle-eng_buffon-georges-louis-le_1791_7,463,0.00119,junk,,,,
ia_bim_eighteenth-century_histoire-naturelle-eng_buffon-georges-louis-le_1791_7,464,0.0116,junk,,,,
ia_bim_eighteenth-century_histoire-naturelle-eng_buffon-georges-louis-le_1791_7,465,0.00089,junk,,,,
ia_bim_eighteenth-century_histoire-naturelle-eng_buffon-georges-louis-le_1791_7,466,0.00046,junk,,,,
ia_bim_eighteenth-century_histoire-naturelle-eng_buffon-georges-louis-le_1791_7,467,0.7002,non_junk,internal_essence,0.00191,0.07171,0.92638
ia_bim_eighteenth-century_histoire-naturelle-eng_buffon-georges-louis-le_1791_7,468,0.62036,non_junk,internal_essence,0.00828,0.07456,0.91716
ia_bim_eighteenth-century_histoire-naturelle-eng_buffon-georges-louis-le_1791_7,469,0.00059,junk,,,,
ia_bim_eighteenth-century_histoire-naturelle-eng_buffon-georges-louis-le_1791_7,470,0.01877,junk,,,,
ia_bim_eighteenth-century_histoire-naturelle-eng_buffon-georges-louis-le_1791_7,471,0.18668,junk,,,,
ia_bim_eighteenth-century_histoire-naturelle-eng_buffon-georges-louis-le_1791_7,472,0.00134,junk,,,,
ia_bim_eighteenth-century_histoire-naturelle-eng_buffon-georges-louis-le_1791_7,473,0.01802,junk,,,,
ia_bim_eighteenth-century_histoire-naturelle-eng_buffon-georges-louis-le_1791_7,474,0.00375,junk,,,,
ia_bim_eighteenth-century_histoire-naturelle-eng_buffon-georges-louis-le_1791_7,475,0.82327,non_junk,internal_essence,0.01248,0.32659,0.66093
ia_bim_eighteenth-century_histoire-naturelle-eng_buffon-georges-louis-le_1791_7,476,0.0026,junk,,,,
ia_bim_eighteenth-century_histoire-naturelle-eng_buffon-georges-louis-le_1791_7,477,0.03292,junk,,,,
ia_bim_eighteenth-century_histoire-naturelle-eng_buffon-georges-louis-le_1791_7,478,0.02355,junk,,,,
ia_bim_eighteenth-century_histoire-naturelle-eng_buffon-georges-louis-le_1791_7,479,0.07426,junk,,,,
ia_bim_eighteenth-century_histoire-naturelle-eng_buffon-georges-louis-le_1791_7,480,0.0011,junk,,,,
ia_bim_eighteenth-century_histoire-naturelle-eng_buffon-georges-louis-le_1791_7,481,0.01429,junk,,,,
ia_bim_eighteenth-century_histoire-naturelle-eng_buffon-georges-louis-le_1791_7,482,0.91764,non_junk,non_divine_teleology,0.08404,0.89327,0.02269
ia_bim_eighteenth-century_histoire-naturelle-eng_buffon-georges-louis-le_1791_7,483,0.39902,junk,,,,
ia_bim_eighteenth-century_histoire-naturelle-eng_buffon-georges-louis-le_1791_7,484,0.0006,junk,,,,
ia_bim_eighteenth-century_histoire-naturelle-eng_buffon-georges-louis-le_1791_7,485,0.00052,junk,,,,
ia_bim_eighteenth-century_histoire-naturelle-eng_buffon-georges-louis-le_1791_7,486,0.03591,junk,,,,
ia_bim_eighteenth-century_histoire-naturelle-eng_buffon-georges-louis-le_1791_7,487,0.01588,junk,,,,
ia_bim_eighteenth-century_histoire-naturelle-eng_buffon-georges-louis-le_1791_7,489,0.0358,junk,,,,
ia_bim_eighteenth-century_histoire-naturelle-eng_buffon-georges-louis-le_1791_7,490,0.00977,junk,,,,
ia_bim_eighteenth-century_histoire-naturelle-eng_buffon-georges-louis-le_1791_7,492,0.00063,junk,,,,
ia_bim_eighteenth-century_histoire-naturelle-eng_buffon-georges-louis-le_1791_7,493,0.02119,junk,,,,
ia_bim_eighteenth-century_histoire-naturelle-eng_buffon-georges-louis-le_1791_7,494,0.00123,junk,,,,
ia_bim_eighteenth-century_histoire-naturelle-eng_buffon-georges-louis-le_1791_7,495,8e-05,junk,,,,
ia_bim_eighteenth-century_histoire-naturelle-eng_buffon-georges-louis-le_1791_7,496,0.01661,junk,,,,
ia_bim_eighteenth-century_histoire-naturelle-eng_buffon-georges-louis-le_1791_7,497,0.00667,junk,,,,
ia_bim_eighteenth-century_histoire-naturelle-eng_buffon-georges-louis-le_1791_7,498,0.00262,junk,,,,
ia_bim_eighteenth-century_histoire-naturelle-eng_buffon-georges-louis-le_1791_7,499,0.00188,junk,,,,
ia_bim_eighteenth-century_histoire-naturelle-eng_buffon-georges-louis-le_1791_7,500,0.78525,non_junk,non_divine_teleology,0.05924,0.7466,0.19417
ia_bim_eighteenth-century_histoire-naturelle-eng_buffon-georges-louis-le_1791_7,501,0.93738,non_junk,non_divine_teleology,0.01173,0.98173,0.00654
ia_bim_eighteenth-century_histoire-naturelle-eng_buffon-georges-louis-le_1791_7,502,0.40006,junk,,,,
ia_bim_eighteenth-century_histoire-naturelle-eng_buffon-georges-louis-le_1791_7,503,0.04233,junk,,,,
ia_bim_eighteenth-century_histoire-naturelle-eng_buffon-georges-louis-le_1791_7,504,0.92152,non_junk,non_divine_teleology,0.0274,0.939,0.0336
ia_bim_eighteenth-century_histoire-naturelle-eng_buffon-georges-louis-le_1791_7,506,0.00971,junk,,,,
ia_bim_eighteenth-century_histoire-naturelle-eng_buffon-georges-louis-le_1791_7,507,0.00036,junk,,,,
ia_bim_eighteenth-century_histoire-naturelle-eng_buffon-georges-louis-le_1791_7,508,0.00036,junk,,,,
ia_bim_eighteenth-century_histoire-naturelle-eng_buffon-georges-louis-le_1791_7,509,0.00029,junk,,,,
ia_bim_eighteenth-century_histoire-naturelle-eng_buffon-georges-louis-le_1791_7,510,0.00787,junk,,,,
ia_bim_eighteenth-century_histoire-naturelle-eng_buffon-georges-louis-le_1791_7,511,0.00043,junk,,,,
ia_bim_eighteenth-century_histoire-naturelle-eng_buffon-georges-louis-le_1791_7,512,0.04664,junk,,,,
ia_bim_eighteenth-century_histoire-naturelle-eng_buffon-georges-louis-le_1791_7,513,0.00032,junk,,,,
ia_bim_eighteenth-century_histoire-naturelle-eng_buffon-georges-louis-le_1791_7,514,0.01334,junk,,,,
ia_bim_eighteenth-century_histoire-naturelle-eng_buffon-georges-louis-le_1791_7,515,0.00364,junk,,,,
ia_bim_eighteenth-century_histoire-naturelle-eng_buffon-georges-louis-le_1791_7,517,0.0138,junk,,,,
ia_bim_eighteenth-century_histoire-naturelle-eng_buffon-georges-louis-le_1791_7,518,0.15912,junk,,,,
ia_bim_eighteenth-century_histoire-naturelle-eng_buffon-georges-louis-le_1791_7,519,0.0366,junk,,,,
ia_bim_eighteenth-century_histoire-naturelle-eng_buffon-georges-louis-le_1791_7,520,0.00012,junk,,,,
ia_bim_eighteenth-century_histoire-naturelle-eng_buffon-georges-louis-le_1791_7,521,0.00014,junk,,,,
ia_bim_eighteenth-century_histoire-naturelle-eng_buffon-georges-louis-le_1791_7,523,0.16526,junk,,,,
ia_bim_eighteenth-century_histoire-naturelle-eng_buffon-georges-louis-le_1791_7,524,0.00627,junk,,,,
ia_bim_eighteenth-century_histoire-naturelle-eng_buffon-georges-louis-le_1791_7,525,0.00785,junk,,,,
ia_bim_eighteenth-century_histoire-naturelle-eng_buffon-georges-louis-le_1791_7,526,0.00402,junk,,,,
ia_bim_eighteenth-century_histoire-naturelle-eng_buffon-georges-louis-le_1791_7,527,0.00169,junk,,,,
ia_bim_eighteenth-century_histoire-naturelle-eng_buffon-georges-louis-le_1791_7,528,0.62247,non_junk,internal_essence,0.00126,0.05674,0.942
ia_bim_eighteenth-century_histoire-naturelle-eng_buffon-georges-louis-le_1791_7,529,0.62247,non_junk,internal_essence,0.00126,0.05674,0.942
ia_bim_eighteenth-century_histoire-naturelle-eng_buffon-georges-louis-le_1791_7,530,0.02892,junk,,,,
ia_bim_eighteenth-century_histoire-naturelle-eng_buffon-georges-louis-le_1791_7,531,0.00036,junk,,,,
ia_bim_eighteenth-century_histoire-naturelle-eng_buffon-georges-louis-le_1791_7,532,0.18383,junk,,,,
ia_bim_eighteenth-century_histoire-naturelle-eng_buffon-georges-louis-le_1791_7,534,0.00075,junk,,,,
ia_bim_eighteenth-century_histoire-naturelle-eng_buffon-georges-louis-le_1791_7,535,0.00058,junk,,,,
ia_bim_eighteenth-century_histoire-naturelle-eng_buffon-georges-louis-le_1791_7,536,0.04797,junk,,,,
ia_bim_eighteenth-century_histoire-naturelle-eng_buffon-georges-louis-le_1791_7,537,0.01079,junk,,,,
ia_bim_eighteenth-century_histoire-naturelle-eng_buffon-georges-louis-le_1791_7,538,0.41447,junk,,,,
ia_bim_eighteenth-century_histoire-naturelle-eng_buffon-georges-louis-le_1791_7,539,0.23699,junk,,,,
ia_bim_eighteenth-century_histoire-naturelle-eng_buffon-georges-louis-le_1791_7,540,5e-05,junk,,,,
ia_bim_eighteenth-century_histoire-naturelle-eng_buffon-georges-louis-le_1791_7,541,0.0967,junk,,,,
ia_bim_eighteenth-century_histoire-naturelle-eng_buffon-georges-louis-le_1791_7,542,0.00108,junk,,,,
ia_bim_eighteenth-century_histoire-naturelle-eng_buffon-georges-louis-le_1791_7,543,0.00311,junk,,,,
ia_bim_eighteenth-century_histoire-naturelle-eng_buffon-georges-louis-le_1791_7,544,0.04361,junk,,,,
ia_bim_eighteenth-century_histoire-naturelle-eng_buffon-georges-louis-le_1791_7,545,0.52471,non_junk,internal_essence,0.00258,0.33294,0.66448
ia_bim_eighteenth-century_histoire-naturelle-eng_buffon-georges-louis-le_1791_7,546,0.00273,junk,,,,
ia_bim_eighteenth-century_histoire-naturelle-eng_buffon-georges-louis-le_1791_7,548,0.03794,junk,,,,
ia_bim_eighteenth-century_histoire-naturelle-eng_buffon-georges-louis-le_1791_7,549,0.25821,junk,,,,
ia_bim_eighteenth-century_histoire-naturelle-eng_buffon-georges-louis-le_1791_7,550,0.00075,junk,,,,
ia_bim_eighteenth-century_histoire-naturelle-eng_buffon-georges-louis-le_1791_7,551,0.00231,junk,,,,
ia_bim_eighteenth-century_histoire-naturelle-eng_buffon-georges-louis-le_1791_7,552,0.04397,junk,,,,
ia_bim_eighteenth-century_histoire-naturelle-eng_buffon-georges-louis-le_1791_7,553,0.16318,junk,,,,
ia_bim_eighteenth-century_histoire-naturelle-eng_buffon-georges-louis-le_1791_7,554,0.14557,junk,,,,
ia_bim_eighteenth-century_histoire-naturelle-eng_buffon-georges-louis-le_1791_7,555,4e-05,junk,,,,
ia_bim_eighteenth-century_histoire-naturelle-eng_buffon-georges-louis-le_1791_7,556,0.00036,junk,,,,
ia_bim_eighteenth-century_histoire-naturelle-eng_buffon-georges-louis-le_1791_7,557,0.00675,junk,,,,
ia_bim_eighteenth-century_histoire-naturelle-eng_buffon-georges-louis-le_1791_7,558,0.0027,junk,,,,
ia_bim_eighteenth-century_histoire-naturelle-eng_buffon-georges-louis-le_1791_7,559,0.65395,non_junk,non_divine_teleology,0.00731,0.96699,0.02569
ia_bim_eighteenth-century_histoire-naturelle-eng_buffon-georges-louis-le_1791_7,561,0.03266,junk,,,,
ia_bim_eighteenth-century_histoire-naturelle-eng_buffon-georges-louis-le_1791_7,562,0.36871,junk,,,,
ia_bim_eighteenth-century_histoire-naturelle-eng_buffon-georges-louis-le_1791_7,563,0.06392,junk,,,,
ia_bim_eighteenth-century_histoire-naturelle-eng_buffon-georges-louis-le_1791_7,564,0.57996,non_junk,internal_essence,0.00484,0.48519,0.50997
ia_bim_eighteenth-century_histoire-naturelle-eng_buffon-georges-louis-le_1791_7,565,0.09976,junk,,,,
ia_bim_eighteenth-century_histoire-naturelle-eng_buffon-georges-louis-le_1791_7,566,0.0275,junk,,,,
ia_bim_eighteenth-century_histoire-naturelle-eng_buffon-georges-louis-le_1791_7,567,0.00117,junk,,,,
ia_bim_eighteenth-century_histoire-naturelle-eng_buffon-georges-louis-le_1791_7,568,0.01955,junk,,,,
ia_bim_eighteenth-century_histoire-naturelle-eng_buffon-georges-louis-le_1791_7,569,0.0042,junk,,,,
ia_bim_eighteenth-century_histoire-naturelle-eng_buffon-georges-louis-le_1791_7,570,0.00695,junk,,,,
ia_bim_eighteenth-century_histoire-naturelle-eng_buffon-georges-louis-le_1791_7,571,0.007,junk,,,,
ia_bim_eighteenth-century_histoire-naturelle-eng_buffon-georges-louis-le_1791_7,572,0.0001,junk,,,,
ia_bim_eighteenth-century_histoire-naturelle-eng_buffon-georges-louis-le_1791_7,573,0.0001,junk,,,,
ia_bim_eighteenth-century_histoire-naturelle-eng_buffon-georges-louis-le_1791_7,574,0.00018,junk,,,,
ia_bim_eighteenth-century_histoire-naturelle-eng_buffon-georges-louis-le_1791_7,575,0.00478,junk,,,,
ia_bim_eighteenth-century_histoire-naturelle-eng_buffon-georges-louis-le_1791_7,576,0.01735,junk,,,,
ia_bim_eighteenth-century_histoire-naturelle-eng_buffon-georges-louis-le_1791_7,577,0.00312,junk,,,,
ia_bim_eighteenth-century_histoire-naturelle-eng_buffon-georges-louis-le_1791_7,578,0.00217,junk,,,,
ia_bim_eighteenth-century_histoire-naturelle-eng_buffon-georges-louis-le_1791_7,579,0.99752,non_junk,non_divine_teleology,0.00482,0.98759,0.00759
ia_bim_eighteenth-century_histoire-naturelle-eng_buffon-georges-louis-le_1791_7,580,0.00299,junk,,,,
ia_bim_eighteenth-century_histoire-naturelle-eng_buffon-georges-louis-le_1791_7,581,0.3875,junk,,,,
ia_bim_eighteenth-century_histoire-naturelle-eng_buffon-georges-louis-le_1791_7,582,0.11508,junk,,,,
ia_bim_eighteenth-century_histoire-naturelle-eng_buffon-georges-louis-le_1791_7,584,0.0006,junk,,,,
ia_bim_eighteenth-century_histoire-naturelle-eng_buffon-georges-louis-le_1791_7,585,0.00873,junk,,,,
ia_bim_eighteenth-century_histoire-naturelle-eng_buffon-georges-louis-le_1791_7,586,0.11409,junk,,,,
ia_bim_eighteenth-century_histoire-naturelle-eng_buffon-georges-louis-le_1791_7,587,0.00115,junk,,,,
ia_bim_eighteenth-century_histoire-naturelle-eng_buffon-georges-louis-le_1791_7,589,0.09459,junk,,,,
ia_bim_eighteenth-century_histoire-naturelle-eng_buffon-georges-louis-le_1791_7,590,0.21653,junk,,,,
ia_bim_eighteenth-century_histoire-naturelle-eng_buffon-georges-louis-le_1791_7,591,0.78283,non_junk,non_divine_teleology,0.02098,0.56958,0.40943
ia_bim_eighteenth-century_histoire-naturelle-eng_buffon-georges-louis-le_1791_7,592,0.00124,junk,,,,
ia_bim_eighteenth-century_histoire-naturelle-eng_buffon-georges-louis-le_1791_7,593,0.00086,junk,,,,
ia_bim_eighteenth-century_histoire-naturelle-eng_buffon-georges-louis-le_1791_7,594,0.00646,junk,,,,
ia_bim_eighteenth-century_histoire-naturelle-eng_buffon-georges-louis-le_1791_7,595,0.00384,junk,,,,
ia_bim_eighteenth-century_histoire-naturelle-eng_buffon-georges-louis-le_1791_7,596,0.00751,junk,,,,
ia_bim_eighteenth-century_histoire-naturelle-eng_buffon-georges-louis-le_1791_7,597,0.07614,junk,,,,
ia_bim_eighteenth-century_histoire-naturelle-eng_buffon-georges-louis-le_1791_7,598,0.00031,junk,,,,
ia_bim_eighteenth-century_histoire-naturelle-eng_buffon-georges-louis-le_1791_7,599,0.00258,junk,,,,
ia_bim_eighteenth-century_histoire-naturelle-eng_buffon-georges-louis-le_1791_7,600,0.14403,junk,,,,
ia_bim_eighteenth-century_histoire-naturelle-eng_buffon-georges-louis-le_1791_7,601,0.54626,non_junk,internal_essence,0.0036,0.05793,0.93847
ia_bim_eighteenth-century_histoire-naturelle-eng_buffon-georges-louis-le_1791_7,602,0.00155,junk,,,,
ia_bim_eighteenth-century_histoire-naturelle-eng_buffon-georges-louis-le_1791_7,603,0.00049,junk,,,,
ia_bim_eighteenth-century_histoire-naturelle-eng_buffon-georges-louis-le_1791_7,604,0.00087,junk,,,,
ia_bim_eighteenth-century_histoire-naturelle-eng_buffon-georges-louis-le_1791_7,605,0.05801,junk,,,,
ia_bim_eighteenth-century_histoire-naturelle-eng_buffon-georges-louis-le_1791_7,606,0.00896,junk,,,,
ia_bim_eighteenth-century_histoire-naturelle-eng_buffon-georges-louis-le_1791_7,607,0.00506,junk,,,,
ia_bim_eighteenth-century_histoire-naturelle-eng_buffon-georges-louis-le_1791_7,608,0.00527,junk,,,,
ia_bim_eighteenth-century_histoire-naturelle-eng_buffon-georges-louis-le_1791_7,610,0.00473,junk,,,,
ia_bim_eighteenth-century_histoire-naturelle-eng_buffon-georges-louis-le_1791_7,611,0.32361,junk,,,,
ia_bim_eighteenth-century_histoire-naturelle-eng_buffon-georges-louis-le_1791_7,612,0.01067,junk,,,,
ia_bim_eighteenth-century_histoire-naturelle-eng_buffon-georges-louis-le_1791_7,613,0.0854,junk,,,,
ia_bim_eighteenth-century_histoire-naturelle-eng_buffon-georges-louis-le_1791_7,614,0.02498,junk,,,,
ia_bim_eighteenth-century_histoire-naturelle-eng_buffon-georges-louis-le_1791_7,615,0.01659,junk,,,,
ia_bim_eighteenth-century_histoire-naturelle-eng_buffon-georges-louis-le_1791_7,616,0.00014,junk,,,,
ia_bim_eighteenth-century_histoire-naturelle-eng_buffon-georges-louis-le_1791_7,617,0.02775,junk,,,,
ia_bim_eighteenth-century_histoire-naturelle-eng_buffon-georges-louis-le_1791_7,618,0.00014,junk,,,,
ia_bim_eighteenth-century_histoire-naturelle-eng_buffon-georges-louis-le_1791_7,619,0.0006,junk,,,,
ia_bim_eighteenth-century_histoire-naturelle-eng_buffon-georges-louis-le_1791_7,620,0.00825,junk,,,,
ia_bim_eighteenth-century_histoire-naturelle-eng_buffon-georges-louis-le_1791_7,621,0.50056,non_junk,internal_essence,0.0336,0.26974,0.69666
ia_bim_eighteenth-century_histoire-naturelle-eng_buffon-georges-louis-le_1791_7,622,0.06553,junk,,,,
ia_bim_eighteenth-century_histoire-naturelle-eng_buffon-georges-louis-le_1791_7,623,0.95446,non_junk,non_divine_teleology,0.04386,0.57287,0.38327
ia_bim_eighteenth-century_histoire-naturelle-eng_buffon-georges-louis-le_1791_7,624,0.10142,junk,,,,
ia_bim_eighteenth-century_histoire-naturelle-eng_buffon-georges-louis-le_1791_7,625,0.99587,non_junk,non_divine_teleology,0.00249,0.98231,0.0152
ia_bim_eighteenth-century_histoire-naturelle-eng_buffon-georges-louis-le_1791_7,626,0.00153,junk,,,,
ia_bim_eighteenth-century_histoire-naturelle-eng_buffon-georges-louis-le_1791_7,627,0.54143,non_junk,non_divine_teleology,0.02848,0.7962,0.17532
ia_bim_eighteenth-century_histoire-naturelle-eng_buffon-georges-louis-le_1791_7,628,0.03,junk,,,,
ia_bim_eighteenth-century_histoire-naturelle-eng_buffon-georges-louis-le_1791_7,629,0.0265,junk,,,,
ia_bim_eighteenth-century_histoire-naturelle-eng_buffon-georges-louis-le_1791_7,630,0.00214,junk,,,,
ia_bim_eighteenth-century_histoire-naturelle-eng_buffon-georges-louis-le_1791_7,631,0.00037,junk,,,,
ia_bim_eighteenth-century_histoire-naturelle-eng_buffon-georges-louis-le_1791_7,633,0.93093,non_junk,internal_essence,0.01514,0.11145,0.87341
ia_bim_eighteenth-century_histoire-naturelle-eng_buffon-georges-louis-le_1791_7,634,0.49325,junk,,,,
ia_bim_eighteenth-century_histoire-naturelle-eng_buffon-georges-louis-le_1791_7,635,0.01302,junk,,,,
ia_bim_eighteenth-century_histoire-naturelle-eng_buffon-georges-louis-le_1791_7,636,0.00299,junk,,,,
ia_bim_eighteenth-century_histoire-naturelle-eng_buffon-georges-louis-le_1791_7,637,0.11334,junk,,,,
ia_bim_eighteenth-century_histoire-naturelle-eng_buffon-georges-louis-le_1791_7,638,0.01276,junk,,,,
ia_bim_eighteenth-century_histoire-naturelle-eng_buffon-georges-louis-le_1791_7,639,0.20808,junk,,,,
ia_bim_eighteenth-century_histoire-naturelle-eng_buffon-georges-louis-le_1791_7,640,0.33169,junk,,,,
ia_bim_eighteenth-century_histoire-naturelle-eng_buffon-georges-louis-le_1791_7,641,0.982,non_junk,internal_essence,0.03829,0.36522,0.59648
ia_bim_eighteenth-century_histoire-naturelle-eng_buffon-georges-louis-le_1791_7,642,0.00094,junk,,,,
ia_bim_eighteenth-century_histoire-naturelle-eng_buffon-georges-louis-le_1791_7,643,0.00068,junk,,,,
ia_bim_eighteenth-century_histoire-naturelle-eng_buffon-georges-louis-le_1791_7,644,0.00037,junk,,,,
ia_bim_eighteenth-century_histoire-naturelle-eng_buffon-georges-louis-le_1791_7,645,0.00012,junk,,,,
ia_bim_eighteenth-century_histoire-naturelle-eng_buffon-georges-louis-le_1791_7,646,6e-05,junk,,,,
ia_bim_eighteenth-century_histoire-naturelle-eng_buffon-georges-louis-le_1791_7,647,0.11717,junk,,,,
ia_bim_eighteenth-century_histoire-naturelle-eng_buffon-georges-louis-le_1791_7,648,0.09657,junk,,,,
ia_bim_eighteenth-century_histoire-naturelle-eng_buffon-georges-louis-le_1791_7,649,0.44141,junk,,,,
ia_bim_eighteenth-century_histoire-naturelle-eng_buffon-georges-louis-le_1791_7,650,0.09657,junk,,,,
ia_bim_eighteenth-century_histoire-naturelle-eng_buffon-georges-louis-le_1791_7,651,0.00057,junk,,,,
ia_bim_eighteenth-century_histoire-naturelle-eng_buffon-georges-louis-le_1791_7,652,0.00225,junk,,,,
ia_bim_eighteenth-century_histoire-naturelle-eng_buffon-georges-louis-le_1791_7,653,0.00024,junk,,,,
ia_bim_eighteenth-century_histoire-naturelle-eng_buffon-georges-louis-le_1791_7,654,0.70956,non_junk,internal_essence,0.00251,0.05715,0.94034
ia_bim_eighteenth-century_histoire-naturelle-eng_buffon-georges-louis-le_1791_7,655,0.00052,junk,,,,
ia_bim_eighteenth-century_histoire-naturelle-eng_buffon-georges-louis-le_1791_7,656,0.00184,junk,,,,
ia_bim_eighteenth-century_histoire-naturelle-eng_buffon-georges-louis-le_1791_7,657,0.08704,junk,,,,
ia_bim_eighteenth-century_histoire-naturelle-eng_buffon-georges-louis-le_1791_7,658,0.70616,non_junk,non_divine_teleology,0.01058,0.97169,0.01774
ia_bim_eighteenth-century_histoire-naturelle-eng_buffon-georges-louis-le_1791_7,659,0.68802,non_junk,non_divine_teleology,0.0184,0.95623,0.02537
ia_bim_eighteenth-century_histoire-naturelle-eng_buffon-georges-louis-le_1791_7,660,0.24887,junk,,,,
ia_bim_eighteenth-century_histoire-naturelle-eng_buffon-georges-louis-le_1791_7,661,0.00272,junk,,,,
ia_bim_eighteenth-century_histoire-naturelle-eng_buffon-georges-louis-le_1791_7,662,0.10297,junk,,,,
ia_bim_eighteenth-century_histoire-naturelle-eng_buffon-georges-louis-le_1791_7,663,0.25685,junk,,,,
ia_bim_eighteenth-century_histoire-naturelle-eng_buffon-georges-louis-le_1791_7,664,9e-05,junk,,,,
ia_bim_eighteenth-century_histoire-naturelle-eng_buffon-georges-louis-le_1791_7,665,0.00025,junk,,,,
ia_bim_eighteenth-century_histoire-naturelle-eng_buffon-georges-louis-le_1791_7,666,0.00758,junk,,,,
ia_bim_eighteenth-century_histoire-naturelle-eng_buffon-georges-louis-le_1791_7,667,0.00347,junk,,,,
ia_bim_eighteenth-century_histoire-naturelle-eng_buffon-georges-louis-le_1791_7,668,0.01144,junk,,,,
ia_bim_eighteenth-century_histoire-naturelle-eng_buffon-georges-louis-le_1791_7,669,0.00836,junk,,,,
ia_bim_eighteenth-century_histoire-naturelle-eng_buffon-georges-louis-le_1791_7,670,0.39461,junk,,,,
ia_bim_eighteenth-century_histoire-naturelle-eng_buffon-georges-louis-le_1791_7,671,0.00364,junk,,,,
ia_bim_eighteenth-century_histoire-naturelle-eng_buffon-georges-louis-le_1791_7,672,0.13542,junk,,,,
ia_bim_eighteenth-century_histoire-naturelle-eng_buffon-georges-louis-le_1791_7,673,0.10514,junk,,,,
ia_bim_eighteenth-century_histoire-naturelle-eng_buffon-georges-louis-le_1791_7,674,0.16343,junk,,,,
ia_bim_eighteenth-century_histoire-naturelle-eng_buffon-georges-louis-le_1791_7,675,0.00025,junk,,,,
ia_bim_eighteenth-century_histoire-naturelle-eng_buffon-georges-louis-le_1791_7,676,0.02956,junk,,,,
ia_bim_eighteenth-century_histoire-naturelle-eng_buffon-georges-louis-le_1791_7,677,0.00827,junk,,,,
ia_bim_eighteenth-century_histoire-naturelle-eng_buffon-georges-louis-le_1791_7,678,0.02127,junk,,,,
ia_bim_eighteenth-century_histoire-naturelle-eng_buffon-georges-louis-le_1791_7,679,0.01503,junk,,,,
ia_bim_eighteenth-century_histoire-naturelle-eng_buffon-georges-louis-le_1791_7,680,0.00026,junk,,,,
ia_bim_eighteenth-century_histoire-naturelle-eng_buffon-georges-louis-le_1791_7,681,0.32009,junk,,,,
ia_bim_eighteenth-century_histoire-naturelle-eng_buffon-georges-louis-le_1791_7,682,0.01488,junk,,,,
ia_bim_eighteenth-century_histoire-naturelle-eng_buffon-georges-louis-le_1791_7,683,0.01733,junk,,,,
ia_bim_eighteenth-century_histoire-naturelle-eng_buffon-georges-louis-le_1791_7,684,0.01818,junk,,,,
ia_bim_eighteenth-century_histoire-naturelle-eng_buffon-georges-louis-le_1791_7,685,0.05337,junk,,,,
ia_bim_eighteenth-century_histoire-naturelle-eng_buffon-georges-louis-le_1791_7,686,0.53534,non_junk,non_divine_teleology,0.01124,0.88565,0.10311
ia_bim_eighteenth-century_histoire-naturelle-eng_buffon-georges-louis-le_1791_7,687,0.08455,junk,,,,
ia_bim_eighteenth-century_histoire-naturelle-eng_buffon-georges-louis-le_1791_7,688,0.00309,junk,,,,
ia_bim_eighteenth-century_histoire-naturelle-eng_buffon-georges-louis-le_1791_7,689,0.00288,junk,,,,
ia_bim_eighteenth-century_histoire-naturelle-eng_buffon-georges-louis-le_1791_7,690,0.00171,junk,,,,
ia_bim_eighteenth-century_histoire-naturelle-eng_buffon-georges-louis-le_1791_7,691,0.02232,junk,,,,
ia_bim_eighteenth-century_histoire-naturelle-eng_buffon-georges-louis-le_1791_7,692,0.00093,junk,,,,
ia_bim_eighteenth-century_histoire-naturelle-eng_buffon-georges-louis-le_1791_7,693,0.00555,junk,,,,
ia_bim_eighteenth-century_histoire-naturelle-eng_buffon-georges-louis-le_1791_7,694,0.0001,junk,,,,
ia_bim_eighteenth-century_histoire-naturelle-eng_buffon-georges-louis-le_1791_7,695,0.00097,junk,,,,
ia_bim_eighteenth-century_histoire-naturelle-eng_buffon-georges-louis-le_1791_7,696,0.83335,non_junk,non_divine_teleology,0.0053,0.97117,0.02353
ia_bim_eighteenth-century_histoire-naturelle-eng_buffon-georges-louis-le_1791_7,697,0.00089,junk,,,,
ia_bim_eighteenth-century_histoire-naturelle-eng_buffon-georges-louis-le_1791_7,699,0.97209,non_junk,non_divine_teleology,0.01245,0.89036,0.09719
ia_bim_eighteenth-century_histoire-naturelle-eng_buffon-georges-louis-le_1791_7,700,0.00123,junk,,,,
ia_bim_eighteenth-century_histoire-naturelle-eng_buffon-georges-louis-le_1791_7,701,0.0212,junk,,,,
ia_bim_eighteenth-century_histoire-naturelle-eng_buffon-georges-louis-le_1791_7,702,0.01293,junk,,,,
ia_bim_eighteenth-century_histoire-naturelle-eng_buffon-georges-louis-le_1791_7,703,0.00158,junk,,,,
ia_bim_eighteenth-century_histoire-naturelle-eng_buffon-georges-louis-le_1791_7,704,0.06337,junk,,,,
ia_bim_eighteenth-century_histoire-naturelle-eng_buffon-georges-louis-le_1791_7,705,0.03973,junk,,,,
ia_bim_eighteenth-century_histoire-naturelle-eng_buffon-georges-louis-le_1791_7,706,0.14591,junk,,,,
ia_bim_eighteenth-century_histoire-naturelle-eng_buffon-georges-louis-le_1791_7,707,0.01509,junk,,,,
ia_bim_eighteenth-century_histoire-naturelle-eng_buffon-georges-louis-le_1791_7,708,0.00158,junk,,,,
ia_bim_eighteenth-century_histoire-naturelle-eng_buffon-georges-louis-le_1791_7,709,0.06337,junk,,,,
ia_bim_eighteenth-century_histoire-naturelle-eng_buffon-georges-louis-le_1791_7,710,0.03973,junk,,,,
ia_bim_eighteenth-century_histoire-naturelle-eng_buffon-georges-louis-le_1791_7,711,0.14591,junk,,,,
ia_bim_eighteenth-century_histoire-naturelle-eng_buffon-georges-louis-le_1791_7,712,0.01509,junk,,,,
ia_bim_eighteenth-century_histoire-naturelle-eng_buffon-georges-louis-le_1791_7,713,0.20583,junk,,,,
ia_bim_eighteenth-century_histoire-naturelle-eng_buffon-georges-louis-le_1791_7,714,0.05337,junk,,,,
ia_bim_eighteenth-century_histoire-naturelle-eng_buffon-georges-louis-le_1791_7,715,0.01197,junk,,,,
ia_bim_eighteenth-century_histoire-naturelle-eng_buffon-georges-louis-le_1791_7,716,0.01731,junk,,,,
ia_bim_eighteenth-century_histoire-naturelle-eng_buffon-georges-louis-le_1791_7,717,0.00018,junk,,,,
ia_bim_eighteenth-century_histoire-naturelle-eng_buffon-georges-louis-le_1791_7,718,7e-05,junk,,,,
ia_bim_eighteenth-century_histoire-naturelle-eng_buffon-georges-louis-le_1791_7,719,0.00434,junk,,,,
ia_bim_eighteenth-century_histoire-naturelle-eng_buffon-georges-louis-le_1791_7,720,0.00669,junk,,,,
ia_bim_eighteenth-century_histoire-naturelle-eng_buffon-georges-louis-le_1791_7,721,0.24484,junk,,,,
ia_bim_eighteenth-century_histoire-naturelle-eng_buffon-georges-louis-le_1791_7,722,0.00778,junk,,,,
ia_bim_eighteenth-century_histoire-naturelle-eng_buffon-georges-louis-le_1791_7,723,0.08063,junk,,,,
ia_bim_eighteenth-century_histoire-naturelle-eng_buffon-georges-louis-le_1791_7,724,0.02537,junk,,,,
ia_bim_eighteenth-century_histoire-naturelle-eng_buffon-georges-louis-le_1791_7,725,3e-05,junk,,,,
ia_bim_eighteenth-century_histoire-naturelle-eng_buffon-georges-louis-le_1791_7,726,0.00418,junk,,,,
ia_bim_eighteenth-century_histoire-naturelle-eng_buffon-georges-louis-le_1791_7,727,0.01385,junk,,,,
ia_bim_eighteenth-century_histoire-naturelle-eng_buffon-georges-louis-le_1791_7,728,0.0775,junk,,,,
ia_bim_eighteenth-century_histoire-naturelle-eng_buffon-georges-louis-le_1791_7,729,0.15155,junk,,,,
ia_bim_eighteenth-century_histoire-naturelle-eng_buffon-georges-louis-le_1791_7,730,0.47563,junk,,,,
ia_bim_eighteenth-century_histoire-naturelle-eng_buffon-georges-louis-le_1791_7,731,0.0012,junk,,,,
ia_bim_eighteenth-century_histoire-naturelle-eng_buffon-georges-louis-le_1791_7,732,0.00921,junk,,,,
ia_bim_eighteenth-century_histoire-naturelle-eng_buffon-georges-louis-le_1791_7,733,0.00714,junk,,,,
ia_bim_eighteenth-century_histoire-naturelle-eng_buffon-georges-louis-le_1791_7,734,0.03789,junk,,,,
ia_bim_eighteenth-century_histoire-naturelle-eng_buffon-georges-louis-le_1791_7,735,0.0002,junk,,,,
ia_bim_eighteenth-century_histoire-naturelle-eng_buffon-georges-louis-le_1791_7,736,0.12741,junk,,,,
ia_bim_eighteenth-century_histoire-naturelle-eng_buffon-georges-louis-le_1791_7,737,0.07845,junk,,,,
ia_bim_eighteenth-century_histoire-naturelle-eng_buffon-georges-louis-le_1791_7,738,0.89572,non_junk,non_divine_teleology,0.02693,0.96506,0.00802
ia_bim_eighteenth-century_histoire-naturelle-eng_buffon-georges-louis-le_1791_7,739,0.01261,junk,,,,
ia_bim_eighteenth-century_histoire-naturelle-eng_buffon-georges-louis-le_1791_7,740,0.01008,junk,,,,
ia_bim_eighteenth-century_histoire-naturelle-eng_buffon-georges-louis-le_1791_7,741,0.78822,non_junk,non_divine_teleology,0.007,0.98625,0.00675
ia_bim_eighteenth-century_histoire-naturelle-eng_buffon-georges-louis-le_1791_7,742,0.97558,non_junk,non_divine_teleology,0.01306,0.98077,0.00617
ia_bim_eighteenth-century_histoire-naturelle-eng_buffon-georges-louis-le_1791_7,743,0.01358,junk,,,,
ia_bim_eighteenth-century_histoire-naturelle-eng_buffon-georges-louis-le_1791_7,744,0.16926,junk,,,,
ia_bim_eighteenth-century_histoire-naturelle-eng_buffon-georges-louis-le_1791_7,745,0.00996,junk,,,,
ia_bim_eighteenth-century_histoire-naturelle-eng_buffon-georges-louis-le_1791_7,746,0.05722,junk,,,,
ia_bim_eighteenth-century_histoire-naturelle-eng_buffon-georges-louis-le_1791_7,748,0.46691,junk,,,,
ia_bim_eighteenth-century_histoire-naturelle-eng_buffon-georges-louis-le_1791_7,749,0.85281,non_junk,internal_essence,0.00164,0.0182,0.98016
ia_bim_eighteenth-century_histoire-naturelle-eng_buffon-georges-louis-le_1791_7,750,0.00014,junk,,,,
ia_bim_eighteenth-century_histoire-naturelle-eng_buffon-georges-louis-le_1791_7,751,0.00024,junk,,,,
ia_bim_eighteenth-century_histoire-naturelle-eng_buffon-georges-louis-le_1791_7,752,5e-05,junk,,,,
ia_bim_eighteenth-century_histoire-naturelle-eng_buffon-georges-louis-le_1791_7,753,0.14571,junk,,,,
ia_bim_eighteenth-century_histoire-naturelle-eng_buffon-georges-louis-le_1791_7,754,0.02217,junk,,,,
ia_bim_eighteenth-century_histoire-naturelle-eng_buffon-georges-louis-le_1791_7,755,0.02602,junk,,,,
ia_bim_eighteenth-century_histoire-naturelle-eng_buffon-georges-louis-le_1791_7,756,0.07744,junk,,,,
ia_bim_eighteenth-century_histoire-naturelle-eng_buffon-georges-louis-le_1791_7,757,0.00054,junk,,,,
ia_bim_eighteenth-century_histoire-naturelle-eng_buffon-georges-louis-le_1791_7,758,0.00612,junk,,,,
ia_bim_eighteenth-century_histoire-naturelle-eng_buffon-georges-louis-le_1791_7,759,0.04319,junk,,,,
ia_bim_eighteenth-century_histoire-naturelle-eng_buffon-georges-louis-le_1791_7,760,0.02655,junk,,,,
ia_bim_eighteenth-century_histoire-naturelle-eng_buffon-georges-louis-le_1791_7,761,0.00011,junk,,,,
ia_bim_eighteenth-century_histoire-naturelle-eng_buffon-georges-louis-le_1791_7,762,0.00218,junk,,,,
ia_bim_eighteenth-century_histoire-naturelle-eng_buffon-georges-louis-le_1791_7,764,0.00089,junk,,,,
ia_bim_eighteenth-century_histoire-naturelle-eng_buffon-georges-louis-le_1791_7,765,0.40129,junk,,,,
ia_bim_eighteenth-century_histoire-naturelle-eng_buffon-georges-louis-le_1791_7,767,0.07007,junk,,,,
ia_bim_eighteenth-century_histoire-naturelle-eng_buffon-georges-louis-le_1791_7,768,0.01702,junk,,,,
ia_bim_eighteenth-century_histoire-naturelle-eng_buffon-georges-louis-le_1791_7,769,0.00021,junk,,,,
ia_bim_eighteenth-century_histoire-naturelle-eng_buffon-georges-louis-le_1791_7,770,0.05393,junk,,,,
ia_bim_eighteenth-century_histoire-naturelle-eng_buffon-georges-louis-le_1791_7,771,0.0062,junk,,,,
ia_bim_eighteenth-century_histoire-naturelle-eng_buffon-georges-louis-le_1791_7,772,0.00305,junk,,,,
ia_bim_eighteenth-century_histoire-naturelle-eng_buffon-georges-louis-le_1791_7,773,0.00529,junk,,,,
ia_bim_eighteenth-century_histoire-naturelle-eng_buffon-georges-louis-le_1791_7,774,0.04641,junk,,,,
ia_bim_eighteenth-century_histoire-naturelle-eng_buffon-georges-louis-le_1791_7,775,0.48311,junk,,,,
ia_bim_eighteenth-century_histoire-naturelle-eng_buffon-georges-louis-le_1791_7,776,0.2018,junk,,,,
ia_bim_eighteenth-century_histoire-naturelle-eng_buffon-georges-louis-le_1791_7,777,0.02589,junk,,,,
ia_bim_eighteenth-century_histoire-naturelle-eng_buffon-georges-louis-le_1791_7,778,0.00235,junk,,,,
ia_bim_eighteenth-century_histoire-naturelle-eng_buffon-georges-louis-le_1791_7,779,0.06037,junk,,,,
ia_bim_eighteenth-century_histoire-naturelle-eng_buffon-georges-louis-le_1791_7,780,0.0028,junk,,,,
ia_bim_eighteenth-century_histoire-naturelle-eng_buffon-georges-louis-le_1791_7,781,0.01093,junk,,,,
ia_bim_eighteenth-century_histoire-naturelle-eng_buffon-georges-louis-le_1791_7,782,0.0025,junk,,,,
ia_bim_eighteenth-century_histoire-naturelle-eng_buffon-georges-louis-le_1791_7,783,0.09064,junk,,,,
ia_bim_eighteenth-century_histoire-naturelle-eng_buffon-georges-louis-le_1791_7,784,0.00015,junk,,,,
ia_bim_eighteenth-century_histoire-naturelle-eng_buffon-georges-louis-le_1791_7,785,0.02073,junk,,,,
ia_bim_eighteenth-century_histoire-naturelle-eng_buffon-georges-louis-le_1791_7,786,0.01676,junk,,,,
ia_bim_eighteenth-century_histoire-naturelle-eng_buffon-georges-louis-le_1791_7,787,0.83602,non_junk,non_divine_teleology,0.0128,0.97719,0.01001
ia_bim_eighteenth-century_histoire-naturelle-eng_buffon-georges-louis-le_1791_7,788,0.1905,junk,,,,
ia_bim_eighteenth-century_histoire-naturelle-eng_buffon-georges-louis-le_1791_7,789,0.00577,junk,,,,
ia_bim_eighteenth-century_histoire-naturelle-eng_buffon-georges-louis-le_1791_7,790,0.01154,junk,,,,
ia_bim_eighteenth-century_histoire-naturelle-eng_buffon-georges-louis-le_1791_7,791,6e-05,junk,,,,
ia_bim_eighteenth-century_histoire-naturelle-eng_buffon-georges-louis-le_1791_7,792,0.0107,junk,,,,
ia_bim_eighteenth-century_histoire-naturelle-eng_buffon-georges-louis-le_1791_7,793,0.00016,junk,,,,
ia_bim_eighteenth-century_histoire-naturelle-eng_buffon-georges-louis-le_1791_7,794,0.05184,junk,,,,
ia_bim_eighteenth-century_histoire-naturelle-eng_buffon-georges-louis-le_1791_7,795,6e-05,junk,,,,
ia_bim_eighteenth-century_histoire-naturelle-eng_buffon-georges-louis-le_1791_7,796,0.00086,junk,,,,
ia_bim_eighteenth-century_histoire-naturelle-eng_buffon-georges-louis-le_1791_7,797,0.00078,junk,,,,
ia_bim_eighteenth-century_histoire-naturelle-eng_buffon-georges-louis-le_1791_7,798,0.04007,junk,,,,
ia_bim_eighteenth-century_histoire-naturelle-eng_buffon-georges-louis-le_1791_7,799,0.01324,junk,,,,
ia_bim_eighteenth-century_histoire-naturelle-eng_buffon-georges-louis-le_1791_7,800,0.00058,junk,,,,
ia_bim_eighteenth-century_histoire-naturelle-eng_buffon-georges-louis-le_1791_7,801,0.00023,junk,,,,
ia_bim_eighteenth-century_histoire-naturelle-eng_buffon-georges-louis-le_1791_7,802,2e-05,junk,,,,
ia_bim_eighteenth-century_histoire-naturelle-eng_buffon-georges-louis-le_1791_7,803,0.99449,non_junk,non_divine_teleology,0.00607,0.95008,0.04385
ia_bim_eighteenth-century_histoire-naturelle-eng_buffon-georges-louis-le_1791_7,804,0.00015,junk,,,,
ia_bim_eighteenth-century_histoire-naturelle-eng_buffon-georges-louis-le_1791_7,805,0.02841,junk,,,,
ia_bim_eighteenth-century_histoire-naturelle-eng_buffon-georges-louis-le_1791_7,806,0.11132,junk,,,,
ia_bim_eighteenth-century_histoire-naturelle-eng_buffon-georges-louis-le_1791_7,807,0.06429,junk,,,,
ia_bim_eighteenth-century_histoire-naturelle-eng_buffon-georges-louis-le_1791_7,808,0.02176,junk,,,,
ia_bim_eighteenth-century_histoire-naturelle-eng_buffon-georges-louis-le_1791_7,809,0.99839,non_junk,non_divine_teleology,0.00587,0.94504,0.04909
ia_bim_eighteenth-century_histoire-naturelle-eng_buffon-georges-louis-le_1791_7,810,0.00286,junk,,,,
ia_bim_eighteenth-century_histoire-naturelle-eng_buffon-georges-louis-le_1791_7,811,8e-05,junk,,,,
ia_bim_eighteenth-century_histoire-naturelle-eng_buffon-georges-louis-le_1791_7,812,0.00462,junk,,,,
ia_bim_eighteenth-century_histoire-naturelle-eng_buffon-georges-louis-le_1791_7,813,0.00122,junk,,,,
ia_bim_eighteenth-century_histoire-naturelle-eng_buffon-georges-louis-le_1791_7,814,0.0516,junk,,,,
ia_bim_eighteenth-century_histoire-naturelle-eng_buffon-georges-louis-le_1791_7,815,0.01196,junk,,,,
ia_bim_eighteenth-century_histoire-naturelle-eng_buffon-georges-louis-le_1791_7,816,0.00063,junk,,,,
ia_bim_eighteenth-century_histoire-naturelle-eng_buffon-georges-louis-le_1791_7,817,0.19135,junk,,,,
ia_bim_eighteenth-century_histoire-naturelle-eng_buffon-georges-louis-le_1791_7,818,0.60983,non_junk,non_divine_teleology,0.03933,0.56767,0.39301
ia_bim_eighteenth-century_histoire-naturelle-eng_buffon-georges-louis-le_1791_7,820,0.00735,junk,,,,
ia_bim_eighteenth-century_histoire-naturelle-eng_buffon-georges-louis-le_1791_7,821,0.01677,junk,,,,
ia_bim_eighteenth-century_histoire-naturelle-eng_buffon-georges-louis-le_1791_7,822,0.38642,junk,,,,
ia_bim_eighteenth-century_histoire-naturelle-eng_buffon-georges-louis-le_1791_7,823,0.96087,non_junk,non_divine_teleology,0.00403,0.97296,0.02301
ia_bim_eighteenth-century_histoire-naturelle-eng_buffon-georges-louis-le_1791_7,824,0.00017,junk,,,,
ia_bim_eighteenth-century_histoire-naturelle-eng_buffon-georges-louis-le_1791_7,825,0.87432,non_junk,non_divine_teleology,0.00666,0.79437,0.19897
ia_bim_eighteenth-century_histoire-naturelle-eng_buffon-georges-louis-le_1791_7,826,0.00077,junk,,,,
ia_bim_eighteenth-century_histoire-naturelle-eng_buffon-georges-louis-le_1791_7,827,0.11922,junk,,,,
ia_bim_eighteenth-century_histoire-naturelle-eng_buffon-georges-louis-le_1791_7,828,0.47989,junk,,,,
ia_bim_eighteenth-century_histoire-naturelle-eng_buffon-georges-louis-le_1791_7,829,0.00168,junk,,,,
ia_bim_eighteenth-century_histoire-naturelle-eng_buffon-georges-louis-le_1791_7,830,0.00229,junk,,,,
ia_bim_eighteenth-century_histoire-naturelle-eng_buffon-georges-louis-le_1791_7,831,0.03181,junk,,,,
ia_bim_eighteenth-century_histoire-naturelle-eng_buffon-georges-louis-le_1791_7,833,0.03628,junk,,,,
ia_bim_eighteenth-century_histoire-naturelle-eng_buffon-georges-louis-le_1791_7,834,0.0002,junk,,,,
ia_bim_eighteenth-century_histoire-naturelle-eng_buffon-georges-louis-le_1791_7,835,0.00662,junk,,,,
ia_bim_eighteenth-century_histoire-naturelle-eng_buffon-georges-louis-le_1791_7,836,0.00131,junk,,,,
ia_bim_eighteenth-century_histoire-naturelle-eng_buffon-georges-louis-le_1791_7,837,0.98214,non_junk,non_divine_teleology,0.00218,0.98481,0.013
ia_bim_eighteenth-century_histoire-naturelle-eng_buffon-georges-louis-le_1791_7,838,0.00226,junk,,,,
ia_bim_eighteenth-century_histoire-naturelle-eng_buffon-georges-louis-le_1791_7,839,0.00123,junk,,,,
ia_bim_eighteenth-century_histoire-naturelle-eng_buffon-georges-louis-le_1791_7,840,0.00029,junk,,,,
ia_bim_eighteenth-century_histoire-naturelle-eng_buffon-georges-louis-le_1791_7,841,0.03699,junk,,,,
ia_bim_eighteenth-century_histoire-naturelle-eng_buffon-georges-louis-le_1791_7,842,0.0063,junk,,,,
ia_bim_eighteenth-century_histoire-naturelle-eng_buffon-georges-louis-le_1791_7,843,0.00059,junk,,,,
ia_bim_eighteenth-century_histoire-naturelle-eng_buffon-georges-louis-le_1791_7,844,0.00213,junk,,,,
ia_bim_eighteenth-century_histoire-naturelle-eng_buffon-georges-louis-le_1791_7,845,0.00034,junk,,,,
ia_bim_eighteenth-century_histoire-naturelle-eng_buffon-georges-louis-le_1791_7,846,0.00129,junk,,,,
ia_bim_eighteenth-century_histoire-naturelle-eng_buffon-georges-louis-le_1791_7,847,0.05336,junk,,,,
ia_bim_eighteenth-century_histoire-naturelle-eng_buffon-georges-louis-le_1791_7,848,0.0002,junk,,,,
ia_bim_eighteenth-century_histoire-naturelle-eng_buffon-georges-louis-le_1791_7,849,0.00351,junk,,,,
ia_bim_eighteenth-century_histoire-naturelle-eng_buffon-georges-louis-le_1791_7,850,0.1377,junk,,,,
ia_bim_eighteenth-century_histoire-naturelle-eng_buffon-georges-louis-le_1791_7,851,0.19388,junk,,,,
ia_bim_eighteenth-century_histoire-naturelle-eng_buffon-georges-louis-le_1791_7,852,0.02384,junk,,,,
ia_bim_eighteenth-century_histoire-naturelle-eng_buffon-georges-louis-le_1791_7,853,0.00954,junk,,,,
ia_bim_eighteenth-century_histoire-naturelle-eng_buffon-georges-louis-le_1791_7,854,0.00156,junk,,,,
ia_bim_eighteenth-century_histoire-naturelle-eng_buffon-georges-louis-le_1791_7,855,0.79372,non_junk,internal_essence,0.01437,0.16586,0.81977
ia_bim_eighteenth-century_histoire-naturelle-eng_buffon-georges-louis-le_1791_7,856,0.47549,junk,,,,
ia_bim_eighteenth-century_histoire-naturelle-eng_buffon-georges-louis-le_1791_7,857,0.02562,junk,,,,
ia_bim_eighteenth-century_histoire-naturelle-eng_buffon-georges-louis-le_1791_7,858,0.00487,junk,,,,
ia_bim_eighteenth-century_histoire-naturelle-eng_buffon-georges-louis-le_1791_7,859,0.00035,junk,,,,
ia_bim_eighteenth-century_histoire-naturelle-eng_buffon-georges-louis-le_1791_7,860,0.0063,junk,,,,
ia_bim_eighteenth-century_histoire-naturelle-eng_buffon-georges-louis-le_1791_7,861,0.00043,junk,,,,
ia_bim_eighteenth-century_histoire-naturelle-eng_buffon-georges-louis-le_1791_7,862,0.02562,junk,,,,
ia_bim_eighteenth-century_histoire-naturelle-eng_buffon-georges-louis-le_1791_7,863,0.00487,junk,,,,
ia_bim_eighteenth-century_histoire-naturelle-eng_buffon-georges-louis-le_1791_7,864,0.00035,junk,,,,
ia_bim_eighteenth-century_histoire-naturelle-eng_buffon-georges-louis-le_1791_7,865,0.0063,junk,,,,
ia_bim_eighteenth-century_histoire-naturelle-eng_buffon-georges-louis-le_1791_7,866,0.00043,junk,,,,
ia_bim_eighteenth-century_histoire-naturelle-eng_buffon-georges-louis-le_1791_7,867,0.00202,junk,,,,
ia_bim_eighteenth-century_histoire-naturelle-eng_buffon-georges-louis-le_1791_7,868,0.72316,non_junk,non_divine_teleology,0.01296,0.60489,0.38215
ia_bim_eighteenth-century_histoire-naturelle-eng_buffon-georges-louis-le_1791_7,869,0.66101,non_junk,non_divine_teleology,0.00849,0.95349,0.03802
ia_bim_eighteenth-century_histoire-naturelle-eng_buffon-georges-louis-le_1791_7,870,0.87502,non_junk,non_divine_teleology,0.03731,0.93212,0.03056
ia_bim_eighteenth-century_histoire-naturelle-eng_buffon-georges-louis-le_1791_7,871,0.72316,non_junk,non_divine_teleology,0.01296,0.60489,0.38215
ia_bim_eighteenth-century_histoire-naturelle-eng_buffon-georges-louis-le_1791_7,872,0.66101,non_junk,non_divine_teleology,0.00849,0.95349,0.03802
ia_bim_eighteenth-century_histoire-naturelle-eng_buffon-georges-louis-le_1791_7,873,0.87502,non_junk,non_divine_teleology,0.03731,0.93212,0.03056
ia_bim_eighteenth-century_histoire-naturelle-eng_buffon-georges-louis-le_1791_7,874,0.04896,junk,,,,
ia_bim_eighteenth-century_histoire-naturelle-eng_buffon-georges-louis-le_1791_7,875,0.02161,junk,,,,
ia_bim_eighteenth-century_histoire-naturelle-eng_buffon-georges-louis-le_1791_7,876,0.04366,junk,,,,
ia_bim_eighteenth-century_histoire-naturelle-eng_buffon-georges-louis-le_1791_7,877,0.02927,junk,,,,
ia_bim_eighteenth-century_histoire-naturelle-eng_buffon-georges-louis-le_1791_7,878,0.00026,junk,,,,
ia_bim_eighteenth-century_histoire-naturelle-eng_buffon-georges-louis-le_1791_7,879,0.00212,junk,,,,
ia_bim_eighteenth-century_histoire-naturelle-eng_buffon-georges-louis-le_1791_7,880,0.07446,junk,,,,
ia_bim_eighteenth-century_histoire-naturelle-eng_buffon-georges-louis-le_1791_7,881,0.04227,junk,,,,
ia_bim_eighteenth-century_histoire-naturelle-eng_buffon-georges-louis-le_1791_7,882,0.00105,junk,,,,
ia_bim_eighteenth-century_histoire-naturelle-eng_buffon-georges-louis-le_1791_7,883,0.08801,junk,,,,
ia_bim_eighteenth-century_histoire-naturelle-eng_buffon-georges-louis-le_1791_7,884,0.01268,junk,,,,
ia_bim_eighteenth-century_histoire-naturelle-eng_buffon-georges-louis-le_1791_7,885,0.00013,junk,,,,
ia_bim_eighteenth-century_histoire-naturelle-eng_buffon-georges-louis-le_1791_7,886,0.00253,junk,,,,
ia_bim_eighteenth-century_histoire-naturelle-eng_buffon-georges-louis-le_1791_7,887,0.00253,junk,,,,
ia_bim_eighteenth-century_histoire-naturelle-eng_buffon-georges-louis-le_1791_7,888,0.00071,junk,,,,
ia_bim_eighteenth-century_histoire-naturelle-eng_buffon-georges-louis-le_1791_7,889,0.68939,non_junk,internal_essence,0.00168,0.06585,0.93247
ia_bim_eighteenth-century_histoire-naturelle-eng_buffon-georges-louis-le_1791_7,890,0.0014,junk,,,,
ia_bim_eighteenth-century_histoire-naturelle-eng_buffon-georges-louis-le_1791_7,891,0.0015,junk,,,,
ia_bim_eighteenth-century_histoire-naturelle-eng_buffon-georges-louis-le_1791_7,892,0.00442,junk,,,,
ia_bim_eighteenth-century_histoire-naturelle-eng_buffon-georges-louis-le_1791_7,893,0.0001,junk,,,,
ia_bim_eighteenth-century_histoire-naturelle-eng_buffon-georges-louis-le_1791_7,894,0.00242,junk,,,,
ia_bim_eighteenth-century_histoire-naturelle-eng_buffon-georges-louis-le_1791_7,895,0.00011,junk,,,,
ia_bim_eighteenth-century_histoire-naturelle-eng_buffon-georges-louis-le_1791_7,896,0.21063,junk,,,,
ia_bim_eighteenth-century_histoire-naturelle-eng_buffon-georges-louis-le_1791_7,897,0.98994,non_junk,non_divine_teleology,0.00456,0.96869,0.02675
ia_bim_eighteenth-century_histoire-naturelle-eng_buffon-georges-louis-le_1791_7,898,0.41573,junk,,,,
ia_bim_eighteenth-century_histoire-naturelle-eng_buffon-georges-louis-le_1791_7,899,0.00041,junk,,,,
ia_bim_eighteenth-century_histoire-naturelle-eng_buffon-georges-louis-le_1791_7,900,0.02637,junk,,,,
ia_bim_eighteenth-century_histoire-naturelle-eng_buffon-georges-louis-le_1791_7,901,0.00059,junk,,,,
ia_bim_eighteenth-century_histoire-naturelle-eng_buffon-georges-louis-le_1791_7,902,0.00549,junk,,,,
ia_bim_eighteenth-century_histoire-naturelle-eng_buffon-georges-louis-le_1791_7,903,0.00833,junk,,,,
ia_bim_eighteenth-century_histoire-naturelle-eng_buffon-georges-louis-le_1791_7,904,0.05664,junk,,,,
ia_bim_eighteenth-century_histoire-naturelle-eng_buffon-georges-louis-le_1791_7,905,0.04206,junk,,,,
ia_bim_eighteenth-century_histoire-naturelle-eng_buffon-georges-louis-le_1791_7,906,0.00054,junk,,,,
ia_bim_eighteenth-century_histoire-naturelle-eng_buffon-georges-louis-le_1791_7,907,0.04558,junk,,,,
ia_bim_eighteenth-century_histoire-naturelle-eng_buffon-georges-louis-le_1791_7,908,0.01523,junk,,,,
ia_bim_eighteenth-century_histoire-naturelle-eng_buffon-georges-louis-le_1791_7,909,0.00246,junk,,,,
ia_bim_eighteenth-century_histoire-naturelle-eng_buffon-georges-louis-le_1791_7,910,0.02052,junk,,,,
ia_bim_eighteenth-century_histoire-naturelle-eng_buffon-georges-louis-le_1791_7,911,0.13666,junk,,,,
ia_bim_eighteenth-century_histoire-naturelle-eng_buffon-georges-louis-le_1791_7,912,0.0002,junk,,,,
ia_bim_eighteenth-century_histoire-naturelle-eng_buffon-georges-louis-le_1791_7,913,0.00018,junk,,,,
ia_bim_eighteenth-century_histoire-naturelle-eng_buffon-georges-louis-le_1791_7,914,0.44033,junk,,,,
ia_bim_eighteenth-century_histoire-naturelle-eng_buffon-georges-louis-le_1791_7,915,0.0606,junk,,,,
ia_bim_eighteenth-century_histoire-naturelle-eng_buffon-georges-louis-le_1791_7,916,0.13121,junk,,,,
ia_bim_eighteenth-century_histoire-naturelle-eng_buffon-georges-louis-le_1791_7,917,0.0606,junk,,,,
ia_bim_eighteenth-century_histoire-naturelle-eng_buffon-georges-louis-le_1791_7,918,0.1766,junk,,,,
ia_bim_eighteenth-century_histoire-naturelle-eng_buffon-georges-louis-le_1791_7,919,0.04487,junk,,,,
ia_bim_eighteenth-century_histoire-naturelle-eng_buffon-georges-louis-le_1791_7,920,0.01299,junk,,,,
ia_bim_eighteenth-century_histoire-naturelle-eng_buffon-georges-louis-le_1791_7,921,0.00102,junk,,,,
ia_bim_eighteenth-century_histoire-naturelle-eng_buffon-georges-louis-le_1791_7,922,0.00377,junk,,,,
ia_bim_eighteenth-century_histoire-naturelle-eng_buffon-georges-louis-le_1791_7,923,0.0958,junk,,,,
ia_bim_eighteenth-century_histoire-naturelle-eng_buffon-georges-louis-le_1791_7,925,0.12203,junk,,,,
ia_bim_eighteenth-century_histoire-naturelle-eng_buffon-georges-louis-le_1791_7,926,0.99682,non_junk,non_divine_teleology,0.00052,0.99508,0.0044
ia_bim_eighteenth-century_histoire-naturelle-eng_buffon-georges-louis-le_1791_7,927,0.0084,junk,,,,
ia_bim_eighteenth-century_histoire-naturelle-eng_buffon-georges-louis-le_1791_7,928,4e-05,junk,,,,
ia_bim_eighteenth-century_histoire-naturelle-eng_buffon-georges-louis-le_1791_7,929,0.03377,junk,,,,
ia_bim_eighteenth-century_histoire-naturelle-eng_buffon-georges-louis-le_1791_7,930,0.51358,non_junk,non_divine_teleology,0.00119,0.9822,0.01662
ia_bim_eighteenth-century_histoire-naturelle-eng_buffon-georges-louis-le_1791_7,931,0.8687,non_junk,non_divine_teleology,0.07111,0.9053,0.02358
ia_bim_eighteenth-century_histoire-naturelle-eng_buffon-georges-louis-le_1791_7,932,0.19244,junk,,,,
ia_bim_eighteenth-century_histoire-naturelle-eng_buffon-georges-louis-le_1791_7,933,0.02437,junk,,,,
ia_bim_eighteenth-century_histoire-naturelle-eng_buffon-georges-louis-le_1791_7,934,0.21377,junk,,,,
ia_bim_eighteenth-century_histoire-naturelle-eng_buffon-georges-louis-le_1791_7,935,0.0943,junk,,,,
ia_bim_eighteenth-century_histoire-naturelle-eng_buffon-georges-louis-le_1791_7,936,0.06964,junk,,,,
ia_bim_eighteenth-century_histoire-naturelle-eng_buffon-georges-louis-le_1791_7,937,0.00034,junk,,,,
ia_bim_eighteenth-century_histoire-naturelle-eng_buffon-georges-louis-le_1791_7,938,0.00357,junk,,,,
ia_bim_eighteenth-century_histoire-naturelle-eng_buffon-georges-louis-le_1791_7,939,0.00357,junk,,,,
ia_bim_eighteenth-century_histoire-naturelle-eng_buffon-georges-louis-le_1791_7,940,0.24651,junk,,,,
ia_bim_eighteenth-century_histoire-naturelle-eng_buffon-georges-louis-le_1791_7,941,0.00093,junk,,,,
ia_bim_eighteenth-century_histoire-naturelle-eng_buffon-georges-louis-le_1791_7,942,0.00691,junk,,,,
ia_bim_eighteenth-century_histoire-naturelle-eng_buffon-georges-louis-le_1791_7,943,0.80635,non_junk,internal_essence,0.0344,0.44884,0.51676
ia_bim_eighteenth-century_histoire-naturelle-eng_buffon-georges-louis-le_1791_7,944,0.33398,junk,,,,
ia_bim_eighteenth-century_histoire-naturelle-eng_buffon-georges-louis-le_1791_7,946,0.34206,junk,,,,
ia_bim_eighteenth-century_histoire-naturelle-eng_buffon-georges-louis-le_1791_7,947,0.92026,non_junk,internal_essence,0.02766,0.35312,0.61922
ia_bim_eighteenth-century_histoire-naturelle-eng_buffon-georges-louis-le_1791_7,948,0.9794,non_junk,non_divine_teleology,0.21122,0.57123,0.21755
ia_bim_eighteenth-century_histoire-naturelle-eng_buffon-georges-louis-le_1791_7,949,0.22773,junk,,,,
ia_bim_eighteenth-century_histoire-naturelle-eng_buffon-georges-louis-le_1791_7,950,0.00372,junk,,,,
ia_bim_eighteenth-century_histoire-naturelle-eng_buffon-georges-louis-le_1791_7,951,0.06511,junk,,,,
ia_bim_eighteenth-century_histoire-naturelle-eng_buffon-georges-louis-le_1791_7,952,0.00012,junk,,,,
ia_bim_eighteenth-century_histoire-naturelle-eng_buffon-georges-louis-le_1791_7,953,0.74095,non_junk,non_divine_teleology,0.12466,0.5939,0.28144
ia_bim_eighteenth-century_histoire-naturelle-eng_buffon-georges-louis-le_1791_7,954,0.00072,junk,,,,
ia_bim_eighteenth-century_histoire-naturelle-eng_buffon-georges-louis-le_1791_7,955,0.9389,non_junk,non_divine_teleology,0.01195,0.78072,0.20733
ia_bim_eighteenth-century_histoire-naturelle-eng_buffon-georges-louis-le_1791_7,956,0.3264,junk,,,,
ia_bim_eighteenth-century_histoire-naturelle-eng_buffon-georges-louis-le_1791_7,957,0.11899,junk,,,,
ia_bim_eighteenth-century_histoire-naturelle-eng_buffon-georges-louis-le_1791_7,958,0.99441,non_junk,non_divine_teleology,0.00722,0.97087,0.02191
ia_bim_eighteenth-century_histoire-naturelle-eng_buffon-georges-louis-le_1791_7,959,0.97131,non_junk,non_divine_teleology,0.00775,0.9738,0.01845
ia_bim_eighteenth-century_histoire-naturelle-eng_buffon-georges-louis-le_1791_7,961,0.9363,non_junk,non_divine_teleology,0.003,0.89115,0.10585
ia_bim_eighteenth-century_histoire-naturelle-eng_buffon-georges-louis-le_1791_7,962,0.99702,non_junk,non_divine_teleology,0.00235,0.98958,0.00807
ia_bim_eighteenth-century_histoire-naturelle-eng_buffon-georges-louis-le_1791_7,963,0.40336,junk,,,,
ia_bim_eighteenth-century_histoire-naturelle-eng_buffon-georges-louis-le_1791_7,964,0.0111,junk,,,,
ia_bim_eighteenth-century_histoire-naturelle-eng_buffon-georges-louis-le_1791_7,966,3e-05,junk,,,,
ia_bim_eighteenth-century_histoire-naturelle-eng_buffon-georges-louis-le_1791_7,967,0.00051,junk,,,,
ia_bim_eighteenth-century_histoire-naturelle-eng_buffon-georges-louis-le_1791_7,968,0.33539,junk,,,,
ia_bim_eighteenth-century_histoire-naturelle-eng_buffon-georges-louis-le_1791_7,969,0.68027,non_junk,internal_essence,0.00709,0.07575,0.91716
ia_bim_eighteenth-century_histoire-naturelle-eng_buffon-georges-louis-le_1791_7,970,2e-05,junk,,,,
ia_bim_eighteenth-century_histoire-naturelle-eng_buffon-georges-louis-le_1791_7,971,0.00623,junk,,,,
ia_bim_eighteenth-century_histoire-naturelle-eng_buffon-georges-louis-le_1791_7,972,0.00024,junk,,,,
ia_bim_eighteenth-century_histoire-naturelle-eng_buffon-georges-louis-le_1791_7,974,0.03344,junk,,,,
ia_bim_eighteenth-century_histoire-naturelle-eng_buffon-georges-louis-le_1791_7,975,0.00038,junk,,,,
ia_bim_eighteenth-century_histoire-naturelle-eng_buffon-georges-louis-le_1791_7,976,0.00141,junk,,,,
ia_bim_eighteenth-century_histoire-naturelle-eng_buffon-georges-louis-le_1791_7,977,0.00035,junk,,,,
ia_bim_eighteenth-century_histoire-naturelle-eng_buffon-georges-louis-le_1791_7,978,0.97739,non_junk,non_divine_teleology,0.00736,0.96704,0.02561
ia_bim_eighteenth-century_histoire-naturelle-eng_buffon-georges-louis-le_1791_7,979,0.55459,non_junk,non_divine_teleology,0.01902,0.65249,0.32849
ia_bim_eighteenth-century_histoire-naturelle-eng_buffon-georges-louis-le_1791_7,980,0.27411,junk,,,,
ia_bim_eighteenth-century_histoire-naturelle-eng_buffon-georges-louis-le_1791_7,981,0.00328,junk,,,,
ia_bim_eighteenth-century_histoire-naturelle-eng_buffon-georges-louis-le_1791_7,982,0.94397,non_junk,internal_essence,0.00229,0.27766,0.72006
ia_bim_eighteenth-century_histoire-naturelle-eng_buffon-georges-louis-le_1791_7,983,0.0001,junk,,,,
ia_bim_eighteenth-century_histoire-naturelle-eng_buffon-georges-louis-le_1791_7,985,8e-05,junk,,,,
ia_bim_eighteenth-century_histoire-naturelle-eng_buffon-georges-louis-le_1791_7,986,0.00306,junk,,,,
ia_bim_eighteenth-century_histoire-naturelle-eng_buffon-georges-louis-le_1791_7,987,0.88741,non_junk,non_divine_teleology,0.01456,0.86766,0.11777
ia_bim_eighteenth-century_histoire-naturelle-eng_buffon-georges-louis-le_1791_7,988,0.01144,junk,,,,
ia_bim_eighteenth-century_histoire-naturelle-eng_buffon-georges-louis-le_1791_7,990,0.00223,junk,,,,
ia_bim_eighteenth-century_histoire-naturelle-eng_buffon-georges-louis-le_1791_7,991,0.03716,junk,,,,
ia_bim_eighteenth-century_histoire-naturelle-eng_buffon-georges-louis-le_1791_7,992,0.36016,junk,,,,
ia_bim_eighteenth-century_histoire-naturelle-eng_buffon-georges-louis-le_1791_7,993,0.13812,junk,,,,
ia_bim_eighteenth-century_histoire-naturelle-eng_buffon-georges-louis-le_1791_7,994,0.0075,junk,,,,
ia_bim_eighteenth-century_histoire-naturelle-eng_buffon-georges-louis-le_1791_7,995,0.04937,junk,,,,
ia_bim_eighteenth-century_histoire-naturelle-eng_buffon-georges-louis-le_1791_7,996,0.02488,junk,,,,
ia_bim_eighteenth-century_histoire-naturelle-eng_buffon-georges-louis-le_1791_7,997,0.00051,junk,,,,
ia_bim_eighteenth-century_histoire-naturelle-eng_buffon-georges-louis-le_1791_7,998,0.01274,junk,,,,
ia_bim_eighteenth-century_histoire-naturelle-eng_buffon-georges-louis-le_1791_7,999,0.12647,junk,,,,
ia_bim_eighteenth-century_histoire-naturelle-eng_buffon-georges-louis-le_1791_7,1001,0.13447,junk,,,,
ia_bim_eighteenth-century_histoire-naturelle-eng_buffon-georges-louis-le_1791_7,1002,0.00052,junk,,,,
ia_bim_eighteenth-century_histoire-naturelle-eng_buffon-georges-louis-le_1791_7,1003,0.04532,junk,,,,
ia_bim_eighteenth-century_histoire-naturelle-eng_buffon-georges-louis-le_1791_7,1004,0.48987,junk,,,,
ia_bim_eighteenth-century_histoire-naturelle-eng_buffon-georges-louis-le_1791_7,1005,0.17829,junk,,,,
ia_bim_eighteenth-century_histoire-naturelle-eng_buffon-georges-louis-le_1791_7,1006,0.00027,junk,,,,
ia_bim_eighteenth-century_histoire-naturelle-eng_buffon-georges-louis-le_1791_7,1007,0.02378,junk,,,,
ia_bim_eighteenth-century_histoire-naturelle-eng_buffon-georges-louis-le_1791_7,1008,0.06487,junk,,,,
ia_bim_eighteenth-century_histoire-naturelle-eng_buffon-georges-louis-le_1791_7,1009,0.04566,junk,,,,
ia_bim_eighteenth-century_histoire-naturelle-eng_buffon-georges-louis-le_1791_7,1010,0.00576,junk,,,,
ia_bim_eighteenth-century_histoire-naturelle-eng_buffon-georges-louis-le_1791_7,1011,0.19542,junk,,,,
ia_bim_eighteenth-century_histoire-naturelle-eng_buffon-georges-louis-le_1791_7,1012,0.02256,junk,,,,
ia_bim_eighteenth-century_histoire-naturelle-eng_buffon-georges-louis-le_1791_7,1013,0.00076,junk,,,,
ia_bim_eighteenth-century_histoire-naturelle-eng_buffon-georges-louis-le_1791_7,1014,0.92776,non_junk,non_divine_teleology,0.02365,0.89443,0.08191
ia_bim_eighteenth-century_histoire-naturelle-eng_buffon-georges-louis-le_1791_7,1015,1e-05,junk,,,,
ia_bim_eighteenth-century_histoire-naturelle-eng_buffon-georges-louis-le_1791_7,1016,0.03532,junk,,,,
ia_bim_eighteenth-century_histoire-naturelle-eng_buffon-georges-louis-le_1791_7,1017,0.25616,junk,,,,
ia_bim_eighteenth-century_histoire-naturelle-eng_buffon-georges-louis-le_1791_7,1018,0.02997,junk,,,,
ia_bim_eighteenth-century_histoire-naturelle-eng_buffon-georges-louis-le_1791_7,1019,0.00031,junk,,,,
ia_bim_eighteenth-century_histoire-naturelle-eng_buffon-georges-louis-le_1791_7,1020,0.01327,junk,,,,
ia_bim_eighteenth-century_histoire-naturelle-eng_buffon-georges-louis-le_1791_7,1021,0.97031,non_junk,non_divine_teleology,0.01919,0.96758,0.01323
ia_bim_eighteenth-century_histoire-naturelle-eng_buffon-georges-louis-le_1791_7,1022,0.85415,non_junk,internal_essence,0.00358,0.1804,0.81602
ia_bim_eighteenth-century_histoire-naturelle-eng_buffon-georges-louis-le_1791_7,1023,8e-05,junk,,,,
ia_bim_eighteenth-century_histoire-naturelle-eng_buffon-georges-louis-le_1791_7,1024,0.00052,junk,,,,
ia_bim_eighteenth-century_histoire-naturelle-eng_buffon-georges-louis-le_1791_7,1025,0.00023,junk,,,,
ia_bim_eighteenth-century_histoire-naturelle-eng_buffon-georges-louis-le_1791_7,1026,3e-05,junk,,,,
ia_bim_eighteenth-century_histoire-naturelle-eng_buffon-georges-louis-le_1791_7,1027,9e-05,junk,,,,
ia_bim_eighteenth-century_histoire-naturelle-eng_buffon-georges-louis-le_1791_7,1028,0.00203,junk,,,,
ia_bim_eighteenth-century_histoire-naturelle-eng_buffon-georges-louis-le_1791_7,1029,0.02825,junk,,,,
ia_bim_eighteenth-century_histoire-naturelle-eng_buffon-georges-louis-le_1791_7,1030,0.01707,junk,,,,
ia_bim_eighteenth-century_histoire-naturelle-eng_buffon-georges-louis-le_1791_7,1031,0.71027,non_junk,non_divine_teleology,0.00283,0.793,0.20418
ia_bim_eighteenth-century_histoire-naturelle-eng_buffon-georges-louis-le_1791_7,1032,0.00038,junk,,,,
ia_bim_eighteenth-century_histoire-naturelle-eng_buffon-georges-louis-le_1791_7,1033,0.04076,junk,,,,
ia_bim_eighteenth-century_histoire-naturelle-eng_buffon-georges-louis-le_1791_7,1034,0.01365,junk,,,,
ia_bim_eighteenth-century_histoire-naturelle-eng_buffon-georges-louis-le_1791_7,1035,0.00618,junk,,,,
ia_bim_eighteenth-century_histoire-naturelle-eng_buffon-georges-louis-le_1791_7,1036,0.00993,junk,,,,
ia_bim_eighteenth-century_histoire-naturelle-eng_buffon-georges-louis-le_1791_7,1037,0.09611,junk,,,,
ia_bim_eighteenth-century_histoire-naturelle-eng_buffon-georges-louis-le_1791_7,1038,0.3781,junk,,,,
ia_bim_eighteenth-century_histoire-naturelle-eng_buffon-georges-louis-le_1791_7,1039,0.0014,junk,,,,
ia_bim_eighteenth-century_histoire-naturelle-eng_buffon-georges-louis-le_1791_7,1040,0.3781,junk,,,,
ia_bim_eighteenth-century_histoire-naturelle-eng_buffon-georges-louis-le_1791_7,1041,0.00772,junk,,,,
ia_bim_eighteenth-century_histoire-naturelle-eng_buffon-georges-louis-le_1791_7,1042,0.56594,non_junk,non_divine_teleology,0.00679,0.98528,0.00793
ia_bim_eighteenth-century_histoire-naturelle-eng_buffon-georges-louis-le_1791_7,1043,0.00075,junk,,,,
ia_bim_eighteenth-century_histoire-naturelle-eng_buffon-georges-louis-le_1791_7,1044,0.17519,junk,,,,
ia_bim_eighteenth-century_histoire-naturelle-eng_buffon-georges-louis-le_1791_7,1045,0.02163,junk,,,,
ia_bim_eighteenth-century_histoire-naturelle-eng_buffon-georges-louis-le_1791_7,1046,0.5335,non_junk,non_divine_teleology,0.00431,0.78124,0.21445
ia_bim_eighteenth-century_histoire-naturelle-eng_buffon-georges-louis-le_1791_7,1047,0.00435,junk,,,,
ia_bim_eighteenth-century_histoire-naturelle-eng_buffon-georges-louis-le_1791_7,1048,0.00121,junk,,,,
ia_bim_eighteenth-century_histoire-naturelle-eng_buffon-georges-louis-le_1791_7,1049,0.32077,junk,,,,
ia_bim_eighteenth-century_histoire-naturelle-eng_buffon-georges-louis-le_1791_7,1050,0.93319,non_junk,non_divine_teleology,0.01301,0.90032,0.08666
ia_bim_eighteenth-century_histoire-naturelle-eng_buffon-georges-louis-le_1791_7,1051,0.00481,junk,,,,
ia_bim_eighteenth-century_histoire-naturelle-eng_buffon-georges-louis-le_1791_7,1052,0.00016,junk,,,,
ia_bim_eighteenth-century_histoire-naturelle-eng_buffon-georges-louis-le_1791_7,1053,0.00022,junk,,,,
ia_bim_eighteenth-century_histoire-naturelle-eng_buffon-georges-louis-le_1791_7,1054,0.00027,junk,,,,
ia_bim_eighteenth-century_histoire-naturelle-eng_buffon-georges-louis-le_1791_7,1055,0.00173,junk,,,,
ia_bim_eighteenth-century_histoire-naturelle-eng_buffon-georges-louis-le_1791_7,1057,0.00136,junk,,,,
ia_bim_eighteenth-century_histoire-naturelle-eng_buffon-georges-louis-le_1791_7,1058,0.90514,non_junk,non_divine_teleology,0.01076,0.85747,0.13178
ia_bim_eighteenth-century_histoire-naturelle-eng_buffon-georges-louis-le_1791_7,1059,0.20019,junk,,,,
ia_bim_eighteenth-century_histoire-naturelle-eng_buffon-georges-louis-le_1791_7,1060,0.08964,junk,,,,
ia_bim_eighteenth-century_histoire-naturelle-eng_buffon-georges-louis-le_1791_7,1061,0.00215,junk,,,,
ia_bim_eighteenth-century_histoire-naturelle-eng_buffon-georges-louis-le_1791_7,1062,0.78022,non_junk,non_divine_teleology,0.00451,0.91113,0.08436
ia_bim_eighteenth-century_histoire-naturelle-eng_buffon-georges-louis-le_1791_7,1063,0.00183,junk,,,,
ia_bim_eighteenth-century_histoire-naturelle-eng_buffon-georges-louis-le_1791_7,1064,0.01303,junk,,,,
ia_bim_eighteenth-century_histoire-naturelle-eng_buffon-georges-louis-le_1791_7,1065,0.17563,junk,,,,
ia_bim_eighteenth-century_histoire-naturelle-eng_buffon-georges-louis-le_1791_7,1066,0.14674,junk,,,,
ia_bim_eighteenth-century_histoire-naturelle-eng_buffon-georges-louis-le_1791_7,1067,0.00643,junk,,,,
ia_bim_eighteenth-century_histoire-naturelle-eng_buffon-georges-louis-le_1791_7,1068,0.00128,junk,,,,
ia_bim_eighteenth-century_histoire-naturelle-eng_buffon-georges-louis-le_1791_7,1069,0.00384,junk,,,,
ia_bim_eighteenth-century_histoire-naturelle-eng_buffon-georges-louis-le_1791_7,1070,0.00093,junk,,,,
ia_bim_eighteenth-century_histoire-naturelle-eng_buffon-georges-louis-le_1791_7,1071,0.01423,junk,,,,
ia_bim_eighteenth-century_histoire-naturelle-eng_buffon-georges-louis-le_1791_7,1072,0.47348,junk,,,,
ia_bim_eighteenth-century_histoire-naturelle-eng_buffon-georges-louis-le_1791_7,1073,0.99883,non_junk,non_divine_teleology,0.00527,0.9869,0.00783
ia_bim_eighteenth-century_histoire-naturelle-eng_buffon-georges-louis-le_1791_7,1074,0.98695,non_junk,non_divine_teleology,0.00156,0.99531,0.00313
ia_bim_eighteenth-century_histoire-naturelle-eng_buffon-georges-louis-le_1791_7,1075,0.5558,non_junk,internal_essence,0.00462,0.04736,0.94802
ia_bim_eighteenth-century_histoire-naturelle-eng_buffon-georges-louis-le_1791_7,1076,0.02555,junk,,,,
ia_bim_eighteenth-century_histoire-naturelle-eng_buffon-georges-louis-le_1791_7,1077,0.00479,junk,,,,
ia_bim_eighteenth-century_histoire-naturelle-eng_buffon-georges-louis-le_1791_7,1078,0.95338,non_junk,non_divine_teleology,0.01478,0.96091,0.02431
ia_bim_eighteenth-century_histoire-naturelle-eng_buffon-georges-louis-le_1791_7,1079,0.05425,junk,,,,
ia_bim_eighteenth-century_histoire-naturelle-eng_buffon-georges-louis-le_1791_7,1080,0.00229,junk,,,,
ia_bim_eighteenth-century_histoire-naturelle-eng_buffon-georges-louis-le_1791_7,1081,0.57463,non_junk,non_divine_teleology,0.01983,0.7673,0.21286
ia_bim_eighteenth-century_histoire-naturelle-eng_buffon-georges-louis-le_1791_7,1082,0.00278,junk,,,,
ia_bim_eighteenth-century_histoire-naturelle-eng_buffon-georges-louis-le_1791_7,1083,0.01753,junk,,,,
ia_bim_eighteenth-century_histoire-naturelle-eng_buffon-georges-louis-le_1791_7,1084,0.03939,junk,,,,
ia_bim_eighteenth-century_histoire-naturelle-eng_buffon-georges-louis-le_1791_7,1085,0.0418,junk,,,,
ia_bim_eighteenth-century_histoire-naturelle-eng_buffon-georges-louis-le_1791_7,1086,0.02768,junk,,,,
ia_bim_eighteenth-century_histoire-naturelle-eng_buffon-georges-louis-le_1791_7,1087,0.00531,junk,,,,
ia_bim_eighteenth-century_histoire-naturelle-eng_buffon-georges-louis-le_1791_7,1088,0.04701,junk,,,,
ia_bim_eighteenth-century_histoire-naturelle-eng_buffon-georges-louis-le_1791_7,1089,0.85258,non_junk,non_divine_teleology,0.02462,0.80697,0.16842
ia_bim_eighteenth-century_histoire-naturelle-eng_buffon-georges-louis-le_1791_7,1090,0.00113,junk,,,,
ia_bim_eighteenth-century_histoire-naturelle-eng_buffon-georges-louis-le_1791_7,1091,0.64354,non_junk,non_divine_teleology,0.00896,0.9609,0.03015
ia_bim_eighteenth-century_histoire-naturelle-eng_buffon-georges-louis-le_1791_7,1092,0.78849,non_junk,non_divine_teleology,0.01051,0.97265,0.01684
ia_bim_eighteenth-century_histoire-naturelle-eng_buffon-georges-louis-le_1791_7,1093,0.00056,junk,,,,
ia_bim_eighteenth-century_histoire-naturelle-eng_buffon-georges-louis-le_1791_7,1094,0.69158,non_junk,non_divine_teleology,0.00708,0.73325,0.25967
ia_bim_eighteenth-century_histoire-naturelle-eng_buffon-georges-louis-le_1791_7,1095,0.02933,junk,,,,
ia_bim_eighteenth-century_histoire-naturelle-eng_buffon-georges-louis-le_1791_7,1096,0.11817,junk,,,,
ia_bim_eighteenth-century_histoire-naturelle-eng_buffon-georges-louis-le_1791_7,1098,0.99776,non_junk,non_divine_teleology,0.09567,0.86459,0.03974
ia_bim_eighteenth-century_histoire-naturelle-eng_buffon-georges-louis-le_1791_7,1099,0.01126,junk,,,,
ia_bim_eighteenth-century_histoire-naturelle-eng_buffon-georges-louis-le_1791_7,1100,0.00721,junk,,,,
ia_bim_eighteenth-century_histoire-naturelle-eng_buffon-georges-louis-le_1791_7,1101,0.00084,junk,,,,
ia_bim_eighteenth-century_histoire-naturelle-eng_buffon-georges-louis-le_1791_7,1102,0.24623,junk,,,,
ia_bim_eighteenth-century_histoire-naturelle-eng_buffon-georges-louis-le_1791_7,1104,0.09086,junk,,,,
ia_bim_eighteenth-century_histoire-naturelle-eng_buffon-georges-louis-le_1791_7,1105,0.15607,junk,,,,
ia_bim_eighteenth-century_histoire-naturelle-eng_buffon-georges-louis-le_1791_7,1106,0.1909,junk,,,,
ia_bim_eighteenth-century_histoire-naturelle-eng_buffon-georges-louis-le_1791_7,1107,0.00044,junk,,,,
ia_bim_eighteenth-century_histoire-naturelle-eng_buffon-georges-louis-le_1791_7,1108,0.0081,junk,,,,
ia_bim_eighteenth-century_histoire-naturelle-eng_buffon-georges-louis-le_1791_7,1109,0.0644,junk,,,,
ia_bim_eighteenth-century_histoire-naturelle-eng_buffon-georges-louis-le_1791_7,1110,0.13097,junk,,,,
ia_bim_eighteenth-century_histoire-naturelle-eng_buffon-georges-louis-le_1791_7,1112,0.00146,junk,,,,
ia_bim_eighteenth-century_histoire-naturelle-eng_buffon-georges-louis-le_1791_7,1113,0.0102,junk,,,,
ia_bim_eighteenth-century_histoire-naturelle-eng_buffon-georges-louis-le_1791_7,1114,0.01154,junk,,,,
ia_bim_eighteenth-century_histoire-naturelle-eng_buffon-georges-louis-le_1791_7,1115,0.54538,non_junk,internal_essence,0.04104,0.19116,0.7678
ia_bim_eighteenth-century_histoire-naturelle-eng_buffon-georges-louis-le_1791_7,1116,0.03124,junk,,,,
ia_bim_eighteenth-century_histoire-naturelle-eng_buffon-georges-louis-le_1791_7,1118,0.00084,junk,,,,
ia_bim_eighteenth-century_histoire-naturelle-eng_buffon-georges-louis-le_1791_7,1119,0.0139,junk,,,,
ia_bim_eighteenth-century_histoire-naturelle-eng_buffon-georges-louis-le_1791_7,1120,0.00084,junk,,,,
ia_bim_eighteenth-century_histoire-naturelle-eng_buffon-georges-louis-le_1791_7,1121,0.00212,junk,,,,
ia_bim_eighteenth-century_histoire-naturelle-eng_buffon-georges-louis-le_1791_7,1122,0.05762,junk,,,,
ia_bim_eighteenth-century_histoire-naturelle-eng_buffon-georges-louis-le_1791_7,1123,0.95529,non_junk,non_divine_teleology,0.0178,0.57124,0.41096
ia_bim_eighteenth-century_histoire-naturelle-eng_buffon-georges-louis-le_1791_7,1124,0.1543,junk,,,,
ia_bim_eighteenth-century_histoire-naturelle-eng_buffon-georges-louis-le_1791_7,1125,0.00016,junk,,,,
ia_bim_eighteenth-century_histoire-naturelle-eng_buffon-georges-louis-le_1791_7,1126,0.29235,junk,,,,
ia_bim_eighteenth-century_histoire-naturelle-eng_buffon-georges-louis-le_1791_7,1127,0.98087,non_junk,non_divine_teleology,0.01172,0.9318,0.05648
ia_bim_eighteenth-century_histoire-naturelle-eng_buffon-georges-louis-le_1791_7,1128,0.95094,non_junk,non_divine_teleology,0.01248,0.94281,0.04471
ia_bim_eighteenth-century_histoire-naturelle-eng_buffon-georges-louis-le_1791_7,1129,0.1147,junk,,,,
ia_bim_eighteenth-century_histoire-naturelle-eng_buffon-georges-louis-le_1791_7,1130,0.00609,junk,,,,
ia_bim_eighteenth-century_histoire-naturelle-eng_buffon-georges-louis-le_1791_7,1131,0.87945,non_junk,non_divine_teleology,0.01972,0.90364,0.07665
ia_bim_eighteenth-century_histoire-naturelle-eng_buffon-georges-louis-le_1791_7,1132,0.8912,non_junk,non_divine_teleology,0.00832,0.94169,0.04998
ia_bim_eighteenth-century_histoire-naturelle-eng_buffon-georges-louis-le_1791_7,1133,0.66484,non_junk,non_divine_teleology,0.00386,0.822,0.17414
ia_bim_eighteenth-century_histoire-naturelle-eng_buffon-georges-louis-le_1791_7,1134,0.17738,junk,,,,
ia_bim_eighteenth-century_histoire-naturelle-eng_buffon-georges-louis-le_1791_7,1135,0.65688,non_junk,non_divine_teleology,0.01639,0.93032,0.05329
ia_bim_eighteenth-century_histoire-naturelle-eng_buffon-georges-louis-le_1791_7,1136,0.61973,non_junk,internal_essence,0.00958,0.1631,0.82732
ia_bim_eighteenth-century_histoire-naturelle-eng_buffon-georges-louis-le_1791_7,1137,0.27822,junk,,,,
ia_bim_eighteenth-century_histoire-naturelle-eng_buffon-georges-louis-le_1791_7,1138,0.01685,junk,,,,
ia_bim_eighteenth-century_histoire-naturelle-eng_buffon-georges-louis-le_1791_7,1139,0.27964,junk,,,,
ia_bim_eighteenth-century_histoire-naturelle-eng_buffon-georges-louis-le_1791_7,1141,0.98769,non_junk,non_divine_teleology,0.04547,0.93719,0.01734
ia_bim_eighteenth-century_histoire-naturelle-eng_buffon-georges-louis-le_1791_7,1142,0.97546,non_junk,non_divine_teleology,0.03905,0.93768,0.02326
ia_bim_eighteenth-century_histoire-naturelle-eng_buffon-georges-louis-le_1791_7,1143,0.84695,non_junk,internal_essence,0.00348,0.40115,0.59537
ia_bim_eighteenth-century_histoire-naturelle-eng_buffon-georges-louis-le_1791_7,1144,0.84695,non_junk,internal_essence,0.00348,0.40115,0.59537
ia_bim_eighteenth-century_histoire-naturelle-eng_buffon-georges-louis-le_1791_7,1145,0.01311,junk,,,,
ia_bim_eighteenth-century_histoire-naturelle-eng_buffon-georges-louis-le_1791_7,1146,0.77309,non_junk,non_divine_teleology,0.0027,0.793,0.20429
ia_bim_eighteenth-century_histoire-naturelle-eng_buffon-georges-louis-le_1791_7,1147,0.01094,junk,,,,
ia_bim_eighteenth-century_histoire-naturelle-eng_buffon-georges-louis-le_1791_7,1148,0.00088,junk,,,,
ia_bim_eighteenth-century_histoire-naturelle-eng_buffon-georges-louis-le_1791_7,1149,0.01216,junk,,,,
ia_bim_eighteenth-century_histoire-naturelle-eng_buffon-georges-louis-le_1791_7,1150,0.00121,junk,,,,
ia_bim_eighteenth-century_histoire-naturelle-eng_buffon-georges-louis-le_1791_7,1151,0.03522,junk,,,,
ia_bim_eighteenth-century_histoire-naturelle-eng_buffon-georges-louis-le_1791_7,1152,0.12337,junk,,,,
ia_bim_eighteenth-century_histoire-naturelle-eng_buffon-georges-louis-le_1791_7,1154,0.00015,junk,,,,
ia_bim_eighteenth-century_histoire-naturelle-eng_buffon-georges-louis-le_1791_7,1155,0.00012,junk,,,,
ia_bim_eighteenth-century_histoire-naturelle-eng_buffon-georges-louis-le_1791_7,1156,0.16767,junk,,,,
ia_bim_eighteenth-century_histoire-naturelle-eng_buffon-georges-louis-le_1791_7,1157,0.07487,junk,,,,
ia_bim_eighteenth-century_histoire-naturelle-eng_buffon-georges-louis-le_1791_7,1158,0.00114,junk,,,,
ia_bim_eighteenth-century_histoire-naturelle-eng_buffon-georges-louis-le_1791_7,1159,0.00119,junk,,,,
ia_bim_eighteenth-century_histoire-naturelle-eng_buffon-georges-louis-le_1791_7,1160,0.00223,junk,,,,
ia_bim_eighteenth-century_histoire-naturelle-eng_buffon-georges-louis-le_1791_7,1161,0.25393,junk,,,,
ia_bim_eighteenth-century_histoire-naturelle-eng_buffon-georges-louis-le_1791_7,1162,0.00356,junk,,,,
ia_bim_eighteenth-century_histoire-naturelle-eng_buffon-georges-louis-le_1791_7,1163,0.1063,junk,,,,
ia_bim_eighteenth-century_histoire-naturelle-eng_buffon-georges-louis-le_1791_7,1164,0.25393,junk,,,,
ia_bim_eighteenth-century_histoire-naturelle-eng_buffon-georges-louis-le_1791_7,1165,0.00356,junk,,,,
ia_bim_eighteenth-century_histoire-naturelle-eng_buffon-georges-louis-le_1791_7,1166,0.0037,junk,,,,
ia_bim_eighteenth-century_histoire-naturelle-eng_buffon-georges-louis-le_1791_7,1167,0.02951,junk,,,,
ia_bim_eighteenth-century_histoire-naturelle-eng_buffon-georges-louis-le_1791_7,1168,0.00687,junk,,,,
ia_bim_eighteenth-century_histoire-naturelle-eng_buffon-georges-louis-le_1791_7,1169,0.09549,junk,,,,
ia_bim_eighteenth-century_histoire-naturelle-eng_buffon-georges-louis-le_1791_7,1170,6e-05,junk,,,,
ia_bim_eighteenth-century_histoire-naturelle-eng_buffon-georges-louis-le_1791_7,1171,0.001,junk,,,,
ia_bim_eighteenth-century_histoire-naturelle-eng_buffon-georges-louis-le_1791_7,1172,0.31887,junk,,,,
ia_bim_eighteenth-century_histoire-naturelle-eng_buffon-georges-louis-le_1791_7,1173,0.14702,junk,,,,
ia_bim_eighteenth-century_histoire-naturelle-eng_buffon-georges-louis-le_1791_7,1174,0.97769,non_junk,non_divine_teleology,0.01756,0.82805,0.1544
ia_bim_eighteenth-century_histoire-naturelle-eng_buffon-georges-louis-le_1791_7,1175,0.00014,junk,,,,
ia_bim_eighteenth-century_histoire-naturelle-eng_buffon-georges-louis-le_1791_7,1176,0.9689,non_junk,internal_essence,0.00276,0.02941,0.96782
ia_bim_eighteenth-century_histoire-naturelle-eng_buffon-georges-louis-le_1791_7,1177,0.99369,non_junk,non_divine_teleology,0.01588,0.7716,0.21252
ia_bim_eighteenth-century_histoire-naturelle-eng_buffon-georges-louis-le_1791_7,1178,0.92556,non_junk,internal_essence,0.02955,0.25638,0.71407
ia_bim_eighteenth-century_histoire-naturelle-eng_buffon-georges-louis-le_1791_7,1179,0.04823,junk,,,,
ia_bim_eighteenth-century_histoire-naturelle-eng_buffon-georges-louis-le_1791_7,1180,0.40747,junk,,,,
ia_bim_eighteenth-century_histoire-naturelle-eng_buffon-georges-louis-le_1791_7,1181,0.00749,junk,,,,
ia_bim_eighteenth-century_histoire-naturelle-eng_buffon-georges-louis-le_1791_7,1182,0.01056,junk,,,,
ia_bim_eighteenth-century_histoire-naturelle-eng_buffon-georges-louis-le_1791_7,1183,0.004,junk,,,,
ia_bim_eighteenth-century_histoire-naturelle-eng_buffon-georges-louis-le_1791_7,1184,0.0002,junk,,,,
ia_bim_eighteenth-century_histoire-naturelle-eng_buffon-georges-louis-le_1791_7,1185,0.00114,junk,,,,
ia_bim_eighteenth-century_histoire-naturelle-eng_buffon-georges-louis-le_1791_7,1186,0.01855,junk,,,,
ia_bim_eighteenth-century_histoire-naturelle-eng_buffon-georges-louis-le_1791_7,1187,0.50635,non_junk,internal_essence,0.00318,0.11794,0.87888
ia_bim_eighteenth-century_histoire-naturelle-eng_buffon-georges-louis-le_1791_7,1188,0.0669,junk,,,,
ia_bim_eighteenth-century_histoire-naturelle-eng_buffon-georges-louis-le_1791_7,1189,0.00022,junk,,,,
ia_bim_eighteenth-century_histoire-naturelle-eng_buffon-georges-louis-le_1791_7,1190,0.03937,junk,,,,
ia_bim_eighteenth-century_histoire-naturelle-eng_buffon-georges-louis-le_1791_7,1191,0.00225,junk,,,,
ia_bim_eighteenth-century_histoire-naturelle-eng_buffon-georges-louis-le_1791_7,1192,0.02095,junk,,,,
ia_bim_eighteenth-century_histoire-naturelle-eng_buffon-georges-louis-le_1791_7,1193,0.06954,junk,,,,
ia_bim_eighteenth-century_histoire-naturelle-eng_buffon-georges-louis-le_1791_7,1194,0.25453,junk,,,,
ia_bim_eighteenth-century_histoire-naturelle-eng_buffon-georges-louis-le_1791_7,1195,0.16092,junk,,,,
ia_bim_eighteenth-century_histoire-naturelle-eng_buffon-georges-louis-le_1791_7,1196,0.09023,junk,,,,
ia_bim_eighteenth-century_histoire-naturelle-eng_buffon-georges-louis-le_1791_7,1198,0.18262,junk,,,,
ia_bim_eighteenth-century_histoire-naturelle-eng_buffon-georges-louis-le_1791_7,1200,0.71236,non_junk,internal_essence,0.01528,0.1738,0.81093
ia_bim_eighteenth-century_histoire-naturelle-eng_buffon-georges-louis-le_1791_7,1201,0.03592,junk,,,,
ia_bim_eighteenth-century_histoire-naturelle-eng_buffon-georges-louis-le_1791_7,1202,0.81745,non_junk,internal_essence,0.00799,0.13507,0.85694
ia_bim_eighteenth-century_histoire-naturelle-eng_buffon-georges-louis-le_1791_7,1203,0.04307,junk,,,,
ia_bim_eighteenth-century_histoire-naturelle-eng_buffon-georges-louis-le_1791_7,1204,0.01886,junk,,,,
ia_bim_eighteenth-century_histoire-naturelle-eng_buffon-georges-louis-le_1791_7,1205,0.03352,junk,,,,
ia_bim_eighteenth-century_histoire-naturelle-eng_buffon-georges-louis-le_1791_7,1206,0.00689,junk,,,,
ia_bim_eighteenth-century_histoire-naturelle-eng_buffon-georges-louis-le_1791_7,1207,0.00254,junk,,,,
ia_bim_eighteenth-century_histoire-naturelle-eng_buffon-georges-louis-le_1791_7,1209,0.62083,non_junk,non_divine_teleology,0.02014,0.8301,0.14975
ia_bim_eighteenth-century_histoire-naturelle-eng_buffon-georges-louis-le_1791_7,1210,0.00935,junk,,,,
ia_bim_eighteenth-century_histoire-naturelle-eng_buffon-georges-louis-le_1791_7,1211,0.42839,junk,,,,
ia_bim_eighteenth-century_histoire-naturelle-eng_buffon-georges-louis-le_1791_7,1212,0.03035,junk,,,,
ia_bim_eighteenth-century_histoire-naturelle-eng_buffon-georges-louis-le_1791_7,1213,0.56827,non_junk,internal_essence,0.0024,0.04584,0.95176
ia_bim_eighteenth-century_histoire-naturelle-eng_buffon-georges-louis-le_1791_7,1214,0.9121,non_junk,internal_essence,0.00976,0.13558,0.85466
ia_bim_eighteenth-century_histoire-naturelle-eng_buffon-georges-louis-le_1791_7,1215,0.9143,non_junk,non_divine_teleology,0.07814,0.48492,0.43694
ia_bim_eighteenth-century_histoire-naturelle-eng_buffon-georges-louis-le_1791_7,1216,0.05353,junk,,,,
ia_bim_eighteenth-century_histoire-naturelle-eng_buffon-georges-louis-le_1791_7,1217,0.97646,non_junk,internal_essence,0.02099,0.25794,0.72107
ia_bim_eighteenth-century_histoire-naturelle-eng_buffon-georges-louis-le_1791_7,1218,0.30809,junk,,,,
ia_bim_eighteenth-century_histoire-naturelle-eng_buffon-georges-louis-le_1791_7,1219,0.00626,junk,,,,
ia_bim_eighteenth-century_histoire-naturelle-eng_buffon-georges-louis-le_1791_7,1220,0.00707,junk,,,,
ia_bim_eighteenth-century_histoire-naturelle-eng_buffon-georges-louis-le_1791_7,1221,0.99832,non_junk,non_divine_teleology,0.03617,0.87818,0.08566
ia_bim_eighteenth-century_histoire-naturelle-eng_buffon-georges-louis-le_1791_7,1223,0.64717,non_junk,non_divine_teleology,0.01605,0.86234,0.12162
ia_bim_eighteenth-century_histoire-naturelle-eng_buffon-georges-louis-le_1791_7,1224,0.17399,junk,,,,
ia_bim_eighteenth-century_histoire-naturelle-eng_buffon-georges-louis-le_1791_7,1225,0.00516,junk,,,,
ia_bim_eighteenth-century_histoire-naturelle-eng_buffon-georges-louis-le_1791_7,1226,0.67973,non_junk,non_divine_teleology,0.09821,0.81444,0.08735
ia_bim_eighteenth-century_histoire-naturelle-eng_buffon-georges-louis-le_1791_7,1227,0.41066,junk,,,,
ia_bim_eighteenth-century_histoire-naturelle-eng_buffon-georges-louis-le_1791_7,1228,0.00578,junk,,,,
ia_bim_eighteenth-century_histoire-naturelle-eng_buffon-georges-louis-le_1791_7,1229,0.14239,junk,,,,
ia_bim_eighteenth-century_histoire-naturelle-eng_buffon-georges-louis-le_1791_7,1230,0.00384,junk,,,,
ia_bim_eighteenth-century_histoire-naturelle-eng_buffon-georges-louis-le_1791_7,1231,0.97391,non_junk,non_divine_teleology,0.08884,0.78927,0.12189
ia_bim_eighteenth-century_histoire-naturelle-eng_buffon-georges-louis-le_1791_7,1232,0.30075,junk,,,,
ia_bim_eighteenth-century_histoire-naturelle-eng_buffon-georges-louis-le_1791_7,1233,0.9336,non_junk,non_divine_teleology,0.02985,0.91111,0.05904
ia_bim_eighteenth-century_histoire-naturelle-eng_buffon-georges-louis-le_1791_7,1234,0.33115,junk,,,,
ia_bim_eighteenth-century_histoire-naturelle-eng_buffon-georges-louis-le_1791_7,1235,0.0002,junk,,,,
ia_bim_eighteenth-century_histoire-naturelle-eng_buffon-georges-louis-le_1791_7,1236,0.00368,junk,,,,
ia_bim_eighteenth-century_histoire-naturelle-eng_buffon-georges-louis-le_1791_7,1237,0.52602,non_junk,internal_essence,0.00158,0.05468,0.94373
ia_bim_eighteenth-century_histoire-naturelle-eng_buffon-georges-louis-le_1791_7,1238,0.92452,non_junk,internal_essence,0.00179,0.10302,0.89519
ia_bim_eighteenth-century_histoire-naturelle-eng_buffon-georges-louis-le_1791_7,1239,0.81218,non_junk,internal_essence,0.00136,0.0486,0.95004
ia_bim_eighteenth-century_histoire-naturelle-eng_buffon-georges-louis-le_1791_7,1240,0.31287,junk,,,,
ia_bim_eighteenth-century_histoire-naturelle-eng_buffon-georges-louis-le_1791_7,1241,0.5069,non_junk,non_divine_teleology,0.00405,0.75216,0.24379
ia_bim_eighteenth-century_histoire-naturelle-eng_buffon-georges-louis-le_1791_7,1242,0.75818,non_junk,internal_essence,0.00508,0.17435,0.82057
ia_bim_eighteenth-century_histoire-naturelle-eng_buffon-georges-louis-le_1791_7,1243,0.66424,non_junk,internal_essence,0.00744,0.17097,0.82159
ia_bim_eighteenth-century_histoire-naturelle-eng_buffon-georges-louis-le_1791_7,1244,0.34858,junk,,,,
ia_bim_eighteenth-century_histoire-naturelle-eng_buffon-georges-louis-le_1791_7,1245,0.01456,junk,,,,
ia_bim_eighteenth-century_histoire-naturelle-eng_buffon-georges-louis-le_1791_7,1246,0.00388,junk,,,,
ia_bim_eighteenth-century_histoire-naturelle-eng_buffon-georges-louis-le_1791_7,1247,0.85724,non_junk,internal_essence,0.05027,0.3014,0.64832
ia_bim_eighteenth-century_histoire-naturelle-eng_buffon-georges-louis-le_1791_7,1248,0.13774,junk,,,,
ia_bim_eighteenth-century_histoire-naturelle-eng_buffon-georges-louis-le_1791_7,1250,0.00079,junk,,,,
ia_bim_eighteenth-century_histoire-naturelle-eng_buffon-georges-louis-le_1791_7,1251,0.83974,non_junk,internal_essence,0.00123,0.01805,0.98072
ia_bim_eighteenth-century_histoire-naturelle-eng_buffon-georges-louis-le_1791_7,1252,0.12167,junk,,,,
ia_bim_eighteenth-century_histoire-naturelle-eng_buffon-georges-louis-le_1791_7,1253,0.83204,non_junk,internal_essence,0.00683,0.10358,0.88958
ia_bim_eighteenth-century_histoire-naturelle-eng_buffon-georges-louis-le_1791_7,1254,0.64071,non_junk,internal_essence,0.00135,0.05382,0.94483
ia_bim_eighteenth-century_histoire-naturelle-eng_buffon-georges-louis-le_1791_7,1255,0.87749,non_junk,internal_essence,0.00709,0.05311,0.9398
ia_bim_eighteenth-century_histoire-naturelle-eng_buffon-georges-louis-le_1791_7,1257,0.00372,junk,,,,
ia_bim_eighteenth-century_histoire-naturelle-eng_buffon-georges-louis-le_1791_7,1258,0.12113,junk,,,,
ia_bim_eighteenth-century_histoire-naturelle-eng_buffon-georges-louis-le_1791_7,1259,0.01201,junk,,,,
ia_bim_eighteenth-century_histoire-naturelle-eng_buffon-georges-louis-le_1791_7,1260,0.66723,non_junk,non_divine_teleology,0.02256,0.65266,0.32479
ia_bim_eighteenth-century_histoire-naturelle-eng_buffon-georges-louis-le_1791_7,1261,0.51338,non_junk,internal_essence,0.01547,0.05559,0.92894
ia_bim_eighteenth-century_histoire-naturelle-eng_buffon-georges-louis-le_1791_7,1262,0.70256,non_junk,internal_essence,0.03943,0.13812,0.82245
ia_bim_eighteenth-century_histoire-naturelle-eng_buffon-georges-louis-le_1791_7,1263,0.01092,junk,,,,
ia_bim_eighteenth-century_histoire-naturelle-eng_buffon-georges-louis-le_1791_7,1264,0.02668,junk,,,,
ia_bim_eighteenth-century_histoire-naturelle-eng_buffon-georges-louis-le_1791_7,1265,0.02235,junk,,,,
