uid,sent_id,gate_prob_nonjunk,gate_pred,s2_pred,s2_p_divine_teleology,s2_p_non_divine_teleology,s2_p_internal_essence
ia_bim_eighteenth-century_forste-forsog-paa-norge_pontoppidan-erik-the-y_1775_2,1,0.00067,junk,,,,
ia_bim_eighteenth-century_forste-forsog-paa-norge_pontoppidan-erik-the-y_1775_2,2,0.00011,junk,,,,
ia_bim_eighteenth-century_forste-forsog-paa-norge_pontoppidan-erik-the-y_1775_2,3,0.01553,junk,,,,
ia_bim_eighteenth-century_forste-forsog-paa-norge_pontoppidan-erik-the-y_1775_2,4,0.00075,junk,,,,
ia_bim_eighteenth-century_forste-forsog-paa-norge_pontoppidan-erik-the-y_1775_2,5,0.00033,junk,,,,
ia_bim_eighteenth-century_forste-forsog-paa-norge_pontoppidan-erik-the-y_1775_2,6,0.52226,non_junk,divine_teleology,0.99314,0.00428,0.00257
ia_bim_eighteenth-century_forste-forsog-paa-norge_pontoppidan-erik-the-y_1775_2,7,0.00181,junk,,,,
ia_bim_eighteenth-century_forste-forsog-paa-norge_pontoppidan-erik-the-y_1775_2,8,0.00067,junk,,,,
ia_bim_eighteenth-century_forste-forsog-paa-norge_pontoppidan-erik-the-y_1775_2,9,0.00252,junk,,,,
ia_bim_eighteenth-century_forste-forsog-paa-norge_pontoppidan-erik-the-y_1775_2,10,0.02269,junk,,,,
ia_bim_eighteenth-century_forste-forsog-paa-norge_pontoppidan-erik-the-y_1775_2,11,0.00067,junk,,,,
ia_bim_eighteenth-century_forste-forsog-paa-norge_pontoppidan-erik-the-y_1775_2,12,0.0001,junk,,,,
ia_bim_eighteenth-century_forste-forsog-paa-norge_pontoppidan-erik-the-y_1775_2,13,0.02663,junk,,,,
ia_bim_eighteenth-century_forste-forsog-paa-norge_pontoppidan-erik-the-y_1775_2,14,0.00037,junk,,,,
ia_bim_eighteenth-century_forste-forsog-paa-norge_pontoppidan-erik-the-y_1775_2,15,0.00269,junk,,,,
ia_bim_eighteenth-century_forste-forsog-paa-norge_pontoppidan-erik-the-y_1775_2,16,0.00245,junk,,,,
ia_bim_eighteenth-century_forste-forsog-paa-norge_pontoppidan-erik-the-y_1775_2,17,0.01501,junk,,,,
ia_bim_eighteenth-century_forste-forsog-paa-norge_pontoppidan-erik-the-y_1775_2,18,0.05523,junk,,,,
ia_bim_eighteenth-century_forste-forsog-paa-norge_pontoppidan-erik-the-y_1775_2,19,6e-05,junk,,,,
ia_bim_eighteenth-century_forste-forsog-paa-norge_pontoppidan-erik-the-y_1775_2,20,0.05638,junk,,,,
ia_bim_eighteenth-century_forste-forsog-paa-norge_pontoppidan-erik-the-y_1775_2,21,7e-05,junk,,,,
ia_bim_eighteenth-century_forste-forsog-paa-norge_pontoppidan-erik-the-y_1775_2,22,0.00104,junk,,,,
ia_bim_eighteenth-century_forste-forsog-paa-norge_pontoppidan-erik-the-y_1775_2,23,0.13061,junk,,,,
ia_bim_eighteenth-century_forste-forsog-paa-norge_pontoppidan-erik-the-y_1775_2,24,0.97621,non_junk,non_divine_teleology,0.00643,0.9732,0.02037
ia_bim_eighteenth-century_forste-forsog-paa-norge_pontoppidan-erik-the-y_1775_2,25,0.00104,junk,,,,
ia_bim_eighteenth-century_forste-forsog-paa-norge_pontoppidan-erik-the-y_1775_2,26,0.13061,junk,,,,
ia_bim_eighteenth-century_forste-forsog-paa-norge_pontoppidan-erik-the-y_1775_2,27,0.48826,junk,,,,
ia_bim_eighteenth-century_forste-forsog-paa-norge_pontoppidan-erik-the-y_1775_2,28,0.0065,junk,,,,
ia_bim_eighteenth-century_forste-forsog-paa-norge_pontoppidan-erik-the-y_1775_2,29,0.00014,junk,,,,
ia_bim_eighteenth-century_forste-forsog-paa-norge_pontoppidan-erik-the-y_1775_2,30,1e-05,junk,,,,
ia_bim_eighteenth-century_forste-forsog-paa-norge_pontoppidan-erik-the-y_1775_2,31,3e-05,junk,,,,
ia_bim_eighteenth-century_forste-forsog-paa-norge_pontoppidan-erik-the-y_1775_2,32,0.00192,junk,,,,
ia_bim_eighteenth-century_forste-forsog-paa-norge_pontoppidan-erik-the-y_1775_2,33,0.0065,junk,,,,
ia_bim_eighteenth-century_forste-forsog-paa-norge_pontoppidan-erik-the-y_1775_2,34,0.00014,junk,,,,
ia_bim_eighteenth-century_forste-forsog-paa-norge_pontoppidan-erik-the-y_1775_2,35,1e-05,junk,,,,
ia_bim_eighteenth-century_forste-forsog-paa-norge_pontoppidan-erik-the-y_1775_2,36,0.65215,non_junk,non_divine_teleology,0.0223,0.96082,0.01687
ia_bim_eighteenth-century_forste-forsog-paa-norge_pontoppidan-erik-the-y_1775_2,37,0.05557,junk,,,,
ia_bim_eighteenth-century_forste-forsog-paa-norge_pontoppidan-erik-the-y_1775_2,38,0.01034,junk,,,,
ia_bim_eighteenth-century_forste-forsog-paa-norge_pontoppidan-erik-the-y_1775_2,39,0.08712,junk,,,,
ia_bim_eighteenth-century_forste-forsog-paa-norge_pontoppidan-erik-the-y_1775_2,40,0.01034,junk,,,,
ia_bim_eighteenth-century_forste-forsog-paa-norge_pontoppidan-erik-the-y_1775_2,41,0.08712,junk,,,,
ia_bim_eighteenth-century_forste-forsog-paa-norge_pontoppidan-erik-the-y_1775_2,42,0.22787,junk,,,,
ia_bim_eighteenth-century_forste-forsog-paa-norge_pontoppidan-erik-the-y_1775_2,43,0.02107,junk,,,,
ia_bim_eighteenth-century_forste-forsog-paa-norge_pontoppidan-erik-the-y_1775_2,44,0.22787,junk,,,,
ia_bim_eighteenth-century_forste-forsog-paa-norge_pontoppidan-erik-the-y_1775_2,45,0.02107,junk,,,,
ia_bim_eighteenth-century_forste-forsog-paa-norge_pontoppidan-erik-the-y_1775_2,46,0.31366,junk,,,,
ia_bim_eighteenth-century_forste-forsog-paa-norge_pontoppidan-erik-the-y_1775_2,47,0.00123,junk,,,,
ia_bim_eighteenth-century_forste-forsog-paa-norge_pontoppidan-erik-the-y_1775_2,48,0.00525,junk,,,,
ia_bim_eighteenth-century_forste-forsog-paa-norge_pontoppidan-erik-the-y_1775_2,49,0.00177,junk,,,,
ia_bim_eighteenth-century_forste-forsog-paa-norge_pontoppidan-erik-the-y_1775_2,50,0.00074,junk,,,,
ia_bim_eighteenth-century_forste-forsog-paa-norge_pontoppidan-erik-the-y_1775_2,51,0.00051,junk,,,,
ia_bim_eighteenth-century_forste-forsog-paa-norge_pontoppidan-erik-the-y_1775_2,52,0.13834,junk,,,,
ia_bim_eighteenth-century_forste-forsog-paa-norge_pontoppidan-erik-the-y_1775_2,53,0.14372,junk,,,,
ia_bim_eighteenth-century_forste-forsog-paa-norge_pontoppidan-erik-the-y_1775_2,54,0.14372,junk,,,,
ia_bim_eighteenth-century_forste-forsog-paa-norge_pontoppidan-erik-the-y_1775_2,55,0.17106,junk,,,,
ia_bim_eighteenth-century_forste-forsog-paa-norge_pontoppidan-erik-the-y_1775_2,56,0.97063,non_junk,non_divine_teleology,0.00254,0.99607,0.00139
ia_bim_eighteenth-century_forste-forsog-paa-norge_pontoppidan-erik-the-y_1775_2,57,0.67096,non_junk,non_divine_teleology,0.00626,0.99277,0.00098
ia_bim_eighteenth-century_forste-forsog-paa-norge_pontoppidan-erik-the-y_1775_2,58,0.37239,junk,,,,
ia_bim_eighteenth-century_forste-forsog-paa-norge_pontoppidan-erik-the-y_1775_2,59,0.84525,non_junk,non_divine_teleology,0.00917,0.97655,0.01428
ia_bim_eighteenth-century_forste-forsog-paa-norge_pontoppidan-erik-the-y_1775_2,60,0.17316,junk,,,,
ia_bim_eighteenth-century_forste-forsog-paa-norge_pontoppidan-erik-the-y_1775_2,61,0.01,junk,,,,
ia_bim_eighteenth-century_forste-forsog-paa-norge_pontoppidan-erik-the-y_1775_2,62,0.08999,junk,,,,
ia_bim_eighteenth-century_forste-forsog-paa-norge_pontoppidan-erik-the-y_1775_2,63,0.78193,non_junk,non_divine_teleology,0.01293,0.95082,0.03624
ia_bim_eighteenth-century_forste-forsog-paa-norge_pontoppidan-erik-the-y_1775_2,64,0.00911,junk,,,,
ia_bim_eighteenth-century_forste-forsog-paa-norge_pontoppidan-erik-the-y_1775_2,65,0.02721,junk,,,,
ia_bim_eighteenth-century_forste-forsog-paa-norge_pontoppidan-erik-the-y_1775_2,66,0.02415,junk,,,,
ia_bim_eighteenth-century_forste-forsog-paa-norge_pontoppidan-erik-the-y_1775_2,67,0.89834,non_junk,non_divine_teleology,0.01104,0.9831,0.00586
ia_bim_eighteenth-century_forste-forsog-paa-norge_pontoppidan-erik-the-y_1775_2,68,0.97191,non_junk,non_divine_teleology,0.00696,0.95962,0.03342
ia_bim_eighteenth-century_forste-forsog-paa-norge_pontoppidan-erik-the-y_1775_2,69,0.01153,junk,,,,
ia_bim_eighteenth-century_forste-forsog-paa-norge_pontoppidan-erik-the-y_1775_2,70,0.91274,non_junk,non_divine_teleology,0.00273,0.97781,0.01946
ia_bim_eighteenth-century_forste-forsog-paa-norge_pontoppidan-erik-the-y_1775_2,71,0.88954,non_junk,divine_teleology,0.99727,0.00258,0.00015
ia_bim_eighteenth-century_forste-forsog-paa-norge_pontoppidan-erik-the-y_1775_2,72,0.00113,junk,,,,
ia_bim_eighteenth-century_forste-forsog-paa-norge_pontoppidan-erik-the-y_1775_2,73,0.09433,junk,,,,
ia_bim_eighteenth-century_forste-forsog-paa-norge_pontoppidan-erik-the-y_1775_2,74,0.08313,junk,,,,
ia_bim_eighteenth-century_forste-forsog-paa-norge_pontoppidan-erik-the-y_1775_2,75,0.00666,junk,,,,
ia_bim_eighteenth-century_forste-forsog-paa-norge_pontoppidan-erik-the-y_1775_2,76,0.10067,junk,,,,
ia_bim_eighteenth-century_forste-forsog-paa-norge_pontoppidan-erik-the-y_1775_2,77,0.00094,junk,,,,
ia_bim_eighteenth-century_forste-forsog-paa-norge_pontoppidan-erik-the-y_1775_2,78,0.00012,junk,,,,
ia_bim_eighteenth-century_forste-forsog-paa-norge_pontoppidan-erik-the-y_1775_2,79,0.37042,junk,,,,
ia_bim_eighteenth-century_forste-forsog-paa-norge_pontoppidan-erik-the-y_1775_2,80,0.64471,non_junk,divine_teleology,0.94911,0.0492,0.00169
ia_bim_eighteenth-century_forste-forsog-paa-norge_pontoppidan-erik-the-y_1775_2,81,0.39979,junk,,,,
ia_bim_eighteenth-century_forste-forsog-paa-norge_pontoppidan-erik-the-y_1775_2,82,0.14355,junk,,,,
ia_bim_eighteenth-century_forste-forsog-paa-norge_pontoppidan-erik-the-y_1775_2,83,0.01004,junk,,,,
ia_bim_eighteenth-century_forste-forsog-paa-norge_pontoppidan-erik-the-y_1775_2,84,0.40399,junk,,,,
ia_bim_eighteenth-century_forste-forsog-paa-norge_pontoppidan-erik-the-y_1775_2,85,0.00069,junk,,,,
ia_bim_eighteenth-century_forste-forsog-paa-norge_pontoppidan-erik-the-y_1775_2,86,0.04773,junk,,,,
ia_bim_eighteenth-century_forste-forsog-paa-norge_pontoppidan-erik-the-y_1775_2,87,0.00738,junk,,,,
ia_bim_eighteenth-century_forste-forsog-paa-norge_pontoppidan-erik-the-y_1775_2,88,0.10441,junk,,,,
ia_bim_eighteenth-century_forste-forsog-paa-norge_pontoppidan-erik-the-y_1775_2,89,0.08768,junk,,,,
ia_bim_eighteenth-century_forste-forsog-paa-norge_pontoppidan-erik-the-y_1775_2,90,0.00931,junk,,,,
ia_bim_eighteenth-century_forste-forsog-paa-norge_pontoppidan-erik-the-y_1775_2,91,0.00239,junk,,,,
ia_bim_eighteenth-century_forste-forsog-paa-norge_pontoppidan-erik-the-y_1775_2,92,0.02161,junk,,,,
ia_bim_eighteenth-century_forste-forsog-paa-norge_pontoppidan-erik-the-y_1775_2,93,0.44524,junk,,,,
ia_bim_eighteenth-century_forste-forsog-paa-norge_pontoppidan-erik-the-y_1775_2,94,0.00134,junk,,,,
ia_bim_eighteenth-century_forste-forsog-paa-norge_pontoppidan-erik-the-y_1775_2,95,0.96144,non_junk,divine_teleology,0.91711,0.08054,0.00235
ia_bim_eighteenth-century_forste-forsog-paa-norge_pontoppidan-erik-the-y_1775_2,96,0.00069,junk,,,,
ia_bim_eighteenth-century_forste-forsog-paa-norge_pontoppidan-erik-the-y_1775_2,97,0.00623,junk,,,,
ia_bim_eighteenth-century_forste-forsog-paa-norge_pontoppidan-erik-the-y_1775_2,98,0.00674,junk,,,,
ia_bim_eighteenth-century_forste-forsog-paa-norge_pontoppidan-erik-the-y_1775_2,99,0.00286,junk,,,,
ia_bim_eighteenth-century_forste-forsog-paa-norge_pontoppidan-erik-the-y_1775_2,100,0.04181,junk,,,,
ia_bim_eighteenth-century_forste-forsog-paa-norge_pontoppidan-erik-the-y_1775_2,101,0.01993,junk,,,,
ia_bim_eighteenth-century_forste-forsog-paa-norge_pontoppidan-erik-the-y_1775_2,102,9e-05,junk,,,,
ia_bim_eighteenth-century_forste-forsog-paa-norge_pontoppidan-erik-the-y_1775_2,103,0.25037,junk,,,,
ia_bim_eighteenth-century_forste-forsog-paa-norge_pontoppidan-erik-the-y_1775_2,104,0.55553,non_junk,non_divine_teleology,0.00619,0.97034,0.02348
ia_bim_eighteenth-century_forste-forsog-paa-norge_pontoppidan-erik-the-y_1775_2,105,0.00044,junk,,,,
ia_bim_eighteenth-century_forste-forsog-paa-norge_pontoppidan-erik-the-y_1775_2,106,0.23777,junk,,,,
ia_bim_eighteenth-century_forste-forsog-paa-norge_pontoppidan-erik-the-y_1775_2,107,0.01627,junk,,,,
ia_bim_eighteenth-century_forste-forsog-paa-norge_pontoppidan-erik-the-y_1775_2,108,0.00112,junk,,,,
ia_bim_eighteenth-century_forste-forsog-paa-norge_pontoppidan-erik-the-y_1775_2,109,0.00201,junk,,,,
ia_bim_eighteenth-century_forste-forsog-paa-norge_pontoppidan-erik-the-y_1775_2,110,0.99662,non_junk,non_divine_teleology,0.02052,0.97028,0.0092
ia_bim_eighteenth-century_forste-forsog-paa-norge_pontoppidan-erik-the-y_1775_2,111,0.00074,junk,,,,
ia_bim_eighteenth-century_forste-forsog-paa-norge_pontoppidan-erik-the-y_1775_2,112,0.0009,junk,,,,
ia_bim_eighteenth-century_forste-forsog-paa-norge_pontoppidan-erik-the-y_1775_2,113,0.00039,junk,,,,
ia_bim_eighteenth-century_forste-forsog-paa-norge_pontoppidan-erik-the-y_1775_2,114,0.0202,junk,,,,
ia_bim_eighteenth-century_forste-forsog-paa-norge_pontoppidan-erik-the-y_1775_2,115,0.41983,junk,,,,
ia_bim_eighteenth-century_forste-forsog-paa-norge_pontoppidan-erik-the-y_1775_2,116,0.35941,junk,,,,
ia_bim_eighteenth-century_forste-forsog-paa-norge_pontoppidan-erik-the-y_1775_2,117,0.05216,junk,,,,
ia_bim_eighteenth-century_forste-forsog-paa-norge_pontoppidan-erik-the-y_1775_2,118,0.7734,non_junk,non_divine_teleology,0.00699,0.9459,0.04711
ia_bim_eighteenth-century_forste-forsog-paa-norge_pontoppidan-erik-the-y_1775_2,119,0.00922,junk,,,,
ia_bim_eighteenth-century_forste-forsog-paa-norge_pontoppidan-erik-the-y_1775_2,120,0.00566,junk,,,,
ia_bim_eighteenth-century_forste-forsog-paa-norge_pontoppidan-erik-the-y_1775_2,121,0.01036,junk,,,,
ia_bim_eighteenth-century_forste-forsog-paa-norge_pontoppidan-erik-the-y_1775_2,122,0.02552,junk,,,,
ia_bim_eighteenth-century_forste-forsog-paa-norge_pontoppidan-erik-the-y_1775_2,123,0.0162,junk,,,,
ia_bim_eighteenth-century_forste-forsog-paa-norge_pontoppidan-erik-the-y_1775_2,124,0.01036,junk,,,,
ia_bim_eighteenth-century_forste-forsog-paa-norge_pontoppidan-erik-the-y_1775_2,125,0.02552,junk,,,,
ia_bim_eighteenth-century_forste-forsog-paa-norge_pontoppidan-erik-the-y_1775_2,126,0.0162,junk,,,,
ia_bim_eighteenth-century_forste-forsog-paa-norge_pontoppidan-erik-the-y_1775_2,127,0.5707,non_junk,non_divine_teleology,0.0331,0.76066,0.20624
ia_bim_eighteenth-century_forste-forsog-paa-norge_pontoppidan-erik-the-y_1775_2,128,0.99722,non_junk,divine_teleology,0.93038,0.06696,0.00267
ia_bim_eighteenth-century_forste-forsog-paa-norge_pontoppidan-erik-the-y_1775_2,129,0.61987,non_junk,non_divine_teleology,0.02123,0.96035,0.01842
ia_bim_eighteenth-century_forste-forsog-paa-norge_pontoppidan-erik-the-y_1775_2,130,0.96465,non_junk,non_divine_teleology,0.02178,0.97062,0.0076
ia_bim_eighteenth-century_forste-forsog-paa-norge_pontoppidan-erik-the-y_1775_2,131,0.94891,non_junk,non_divine_teleology,0.0123,0.9753,0.0124
ia_bim_eighteenth-century_forste-forsog-paa-norge_pontoppidan-erik-the-y_1775_2,132,0.00212,junk,,,,
ia_bim_eighteenth-century_forste-forsog-paa-norge_pontoppidan-erik-the-y_1775_2,133,0.08068,junk,,,,
ia_bim_eighteenth-century_forste-forsog-paa-norge_pontoppidan-erik-the-y_1775_2,134,0.17136,junk,,,,
ia_bim_eighteenth-century_forste-forsog-paa-norge_pontoppidan-erik-the-y_1775_2,135,0.29277,junk,,,,
ia_bim_eighteenth-century_forste-forsog-paa-norge_pontoppidan-erik-the-y_1775_2,136,0.17136,junk,,,,
ia_bim_eighteenth-century_forste-forsog-paa-norge_pontoppidan-erik-the-y_1775_2,137,0.39991,junk,,,,
ia_bim_eighteenth-century_forste-forsog-paa-norge_pontoppidan-erik-the-y_1775_2,138,0.32709,junk,,,,
ia_bim_eighteenth-century_forste-forsog-paa-norge_pontoppidan-erik-the-y_1775_2,139,0.9992,non_junk,non_divine_teleology,0.0069,0.98052,0.01258
ia_bim_eighteenth-century_forste-forsog-paa-norge_pontoppidan-erik-the-y_1775_2,140,5e-05,junk,,,,
ia_bim_eighteenth-century_forste-forsog-paa-norge_pontoppidan-erik-the-y_1775_2,141,0.01483,junk,,,,
ia_bim_eighteenth-century_forste-forsog-paa-norge_pontoppidan-erik-the-y_1775_2,142,0.00947,junk,,,,
ia_bim_eighteenth-century_forste-forsog-paa-norge_pontoppidan-erik-the-y_1775_2,143,0.00014,junk,,,,
ia_bim_eighteenth-century_forste-forsog-paa-norge_pontoppidan-erik-the-y_1775_2,144,0.2056,junk,,,,
ia_bim_eighteenth-century_forste-forsog-paa-norge_pontoppidan-erik-the-y_1775_2,145,0.00766,junk,,,,
ia_bim_eighteenth-century_forste-forsog-paa-norge_pontoppidan-erik-the-y_1775_2,146,0.00241,junk,,,,
ia_bim_eighteenth-century_forste-forsog-paa-norge_pontoppidan-erik-the-y_1775_2,147,0.00012,junk,,,,
ia_bim_eighteenth-century_forste-forsog-paa-norge_pontoppidan-erik-the-y_1775_2,148,0.05825,junk,,,,
ia_bim_eighteenth-century_forste-forsog-paa-norge_pontoppidan-erik-the-y_1775_2,149,0.02725,junk,,,,
ia_bim_eighteenth-century_forste-forsog-paa-norge_pontoppidan-erik-the-y_1775_2,150,0.00012,junk,,,,
ia_bim_eighteenth-century_forste-forsog-paa-norge_pontoppidan-erik-the-y_1775_2,151,0.05825,junk,,,,
ia_bim_eighteenth-century_forste-forsog-paa-norge_pontoppidan-erik-the-y_1775_2,152,0.21353,junk,,,,
ia_bim_eighteenth-century_forste-forsog-paa-norge_pontoppidan-erik-the-y_1775_2,153,0.00357,junk,,,,
ia_bim_eighteenth-century_forste-forsog-paa-norge_pontoppidan-erik-the-y_1775_2,154,0.14794,junk,,,,
ia_bim_eighteenth-century_forste-forsog-paa-norge_pontoppidan-erik-the-y_1775_2,155,0.00531,junk,,,,
ia_bim_eighteenth-century_forste-forsog-paa-norge_pontoppidan-erik-the-y_1775_2,156,0.01237,junk,,,,
ia_bim_eighteenth-century_forste-forsog-paa-norge_pontoppidan-erik-the-y_1775_2,157,0.00137,junk,,,,
ia_bim_eighteenth-century_forste-forsog-paa-norge_pontoppidan-erik-the-y_1775_2,158,0.00137,junk,,,,
ia_bim_eighteenth-century_forste-forsog-paa-norge_pontoppidan-erik-the-y_1775_2,159,0.00792,junk,,,,
ia_bim_eighteenth-century_forste-forsog-paa-norge_pontoppidan-erik-the-y_1775_2,160,0.03662,junk,,,,
ia_bim_eighteenth-century_forste-forsog-paa-norge_pontoppidan-erik-the-y_1775_2,161,0.00202,junk,,,,
ia_bim_eighteenth-century_forste-forsog-paa-norge_pontoppidan-erik-the-y_1775_2,162,0.03662,junk,,,,
ia_bim_eighteenth-century_forste-forsog-paa-norge_pontoppidan-erik-the-y_1775_2,163,0.00202,junk,,,,
ia_bim_eighteenth-century_forste-forsog-paa-norge_pontoppidan-erik-the-y_1775_2,164,0.00027,junk,,,,
ia_bim_eighteenth-century_forste-forsog-paa-norge_pontoppidan-erik-the-y_1775_2,165,0.00496,junk,,,,
ia_bim_eighteenth-century_forste-forsog-paa-norge_pontoppidan-erik-the-y_1775_2,166,0.00327,junk,,,,
ia_bim_eighteenth-century_forste-forsog-paa-norge_pontoppidan-erik-the-y_1775_2,167,0.00089,junk,,,,
ia_bim_eighteenth-century_forste-forsog-paa-norge_pontoppidan-erik-the-y_1775_2,168,0.001,junk,,,,
ia_bim_eighteenth-century_forste-forsog-paa-norge_pontoppidan-erik-the-y_1775_2,169,0.00472,junk,,,,
ia_bim_eighteenth-century_forste-forsog-paa-norge_pontoppidan-erik-the-y_1775_2,170,0.05411,junk,,,,
ia_bim_eighteenth-century_forste-forsog-paa-norge_pontoppidan-erik-the-y_1775_2,171,0.00181,junk,,,,
ia_bim_eighteenth-century_forste-forsog-paa-norge_pontoppidan-erik-the-y_1775_2,172,0.00212,junk,,,,
ia_bim_eighteenth-century_forste-forsog-paa-norge_pontoppidan-erik-the-y_1775_2,173,0.00074,junk,,,,
ia_bim_eighteenth-century_forste-forsog-paa-norge_pontoppidan-erik-the-y_1775_2,174,0.0606,junk,,,,
ia_bim_eighteenth-century_forste-forsog-paa-norge_pontoppidan-erik-the-y_1775_2,175,0.00226,junk,,,,
ia_bim_eighteenth-century_forste-forsog-paa-norge_pontoppidan-erik-the-y_1775_2,176,0.36464,junk,,,,
ia_bim_eighteenth-century_forste-forsog-paa-norge_pontoppidan-erik-the-y_1775_2,177,0.00226,junk,,,,
ia_bim_eighteenth-century_forste-forsog-paa-norge_pontoppidan-erik-the-y_1775_2,178,0.00397,junk,,,,
ia_bim_eighteenth-century_forste-forsog-paa-norge_pontoppidan-erik-the-y_1775_2,179,0.18571,junk,,,,
ia_bim_eighteenth-century_forste-forsog-paa-norge_pontoppidan-erik-the-y_1775_2,180,0.00221,junk,,,,
ia_bim_eighteenth-century_forste-forsog-paa-norge_pontoppidan-erik-the-y_1775_2,181,0.00088,junk,,,,
ia_bim_eighteenth-century_forste-forsog-paa-norge_pontoppidan-erik-the-y_1775_2,182,0.02838,junk,,,,
ia_bim_eighteenth-century_forste-forsog-paa-norge_pontoppidan-erik-the-y_1775_2,183,0.34725,junk,,,,
ia_bim_eighteenth-century_forste-forsog-paa-norge_pontoppidan-erik-the-y_1775_2,184,0.57104,non_junk,non_divine_teleology,0.03413,0.93353,0.03234
ia_bim_eighteenth-century_forste-forsog-paa-norge_pontoppidan-erik-the-y_1775_2,185,0.34725,junk,,,,
ia_bim_eighteenth-century_forste-forsog-paa-norge_pontoppidan-erik-the-y_1775_2,186,0.81722,non_junk,non_divine_teleology,0.02039,0.90311,0.0765
ia_bim_eighteenth-century_forste-forsog-paa-norge_pontoppidan-erik-the-y_1775_2,187,0.66233,non_junk,divine_teleology,0.97224,0.02568,0.00207
ia_bim_eighteenth-century_forste-forsog-paa-norge_pontoppidan-erik-the-y_1775_2,188,0.01754,junk,,,,
ia_bim_eighteenth-century_forste-forsog-paa-norge_pontoppidan-erik-the-y_1775_2,189,2e-05,junk,,,,
ia_bim_eighteenth-century_forste-forsog-paa-norge_pontoppidan-erik-the-y_1775_2,190,0.0006,junk,,,,
ia_bim_eighteenth-century_forste-forsog-paa-norge_pontoppidan-erik-the-y_1775_2,191,0.03307,junk,,,,
ia_bim_eighteenth-century_forste-forsog-paa-norge_pontoppidan-erik-the-y_1775_2,192,0.0998,junk,,,,
ia_bim_eighteenth-century_forste-forsog-paa-norge_pontoppidan-erik-the-y_1775_2,193,0.06367,junk,,,,
ia_bim_eighteenth-century_forste-forsog-paa-norge_pontoppidan-erik-the-y_1775_2,194,0.00056,junk,,,,
ia_bim_eighteenth-century_forste-forsog-paa-norge_pontoppidan-erik-the-y_1775_2,195,0.03345,junk,,,,
ia_bim_eighteenth-century_forste-forsog-paa-norge_pontoppidan-erik-the-y_1775_2,196,0.01337,junk,,,,
ia_bim_eighteenth-century_forste-forsog-paa-norge_pontoppidan-erik-the-y_1775_2,197,2e-05,junk,,,,
ia_bim_eighteenth-century_forste-forsog-paa-norge_pontoppidan-erik-the-y_1775_2,198,0.00093,junk,,,,
ia_bim_eighteenth-century_forste-forsog-paa-norge_pontoppidan-erik-the-y_1775_2,199,0.00176,junk,,,,
ia_bim_eighteenth-century_forste-forsog-paa-norge_pontoppidan-erik-the-y_1775_2,200,0.05228,junk,,,,
ia_bim_eighteenth-century_forste-forsog-paa-norge_pontoppidan-erik-the-y_1775_2,201,0.06132,junk,,,,
ia_bim_eighteenth-century_forste-forsog-paa-norge_pontoppidan-erik-the-y_1775_2,202,0.01284,junk,,,,
ia_bim_eighteenth-century_forste-forsog-paa-norge_pontoppidan-erik-the-y_1775_2,203,0.73355,non_junk,non_divine_teleology,0.01797,0.91522,0.06681
ia_bim_eighteenth-century_forste-forsog-paa-norge_pontoppidan-erik-the-y_1775_2,204,0.60996,non_junk,divine_teleology,0.82697,0.16968,0.00335
ia_bim_eighteenth-century_forste-forsog-paa-norge_pontoppidan-erik-the-y_1775_2,205,0.72651,non_junk,internal_essence,0.01231,0.25934,0.72835
ia_bim_eighteenth-century_forste-forsog-paa-norge_pontoppidan-erik-the-y_1775_2,206,0.18482,junk,,,,
ia_bim_eighteenth-century_forste-forsog-paa-norge_pontoppidan-erik-the-y_1775_2,207,0.04989,junk,,,,
ia_bim_eighteenth-century_forste-forsog-paa-norge_pontoppidan-erik-the-y_1775_2,208,0.01336,junk,,,,
ia_bim_eighteenth-century_forste-forsog-paa-norge_pontoppidan-erik-the-y_1775_2,209,0.20034,junk,,,,
ia_bim_eighteenth-century_forste-forsog-paa-norge_pontoppidan-erik-the-y_1775_2,210,0.01644,junk,,,,
ia_bim_eighteenth-century_forste-forsog-paa-norge_pontoppidan-erik-the-y_1775_2,211,0.00577,junk,,,,
ia_bim_eighteenth-century_forste-forsog-paa-norge_pontoppidan-erik-the-y_1775_2,212,0.04882,junk,,,,
ia_bim_eighteenth-century_forste-forsog-paa-norge_pontoppidan-erik-the-y_1775_2,213,0.00098,junk,,,,
ia_bim_eighteenth-century_forste-forsog-paa-norge_pontoppidan-erik-the-y_1775_2,214,0.74873,non_junk,internal_essence,0.08999,0.45115,0.45886
ia_bim_eighteenth-century_forste-forsog-paa-norge_pontoppidan-erik-the-y_1775_2,215,0.56282,non_junk,non_divine_teleology,0.01533,0.7111,0.27356
ia_bim_eighteenth-century_forste-forsog-paa-norge_pontoppidan-erik-the-y_1775_2,216,0.00204,junk,,,,
ia_bim_eighteenth-century_forste-forsog-paa-norge_pontoppidan-erik-the-y_1775_2,217,0.17239,junk,,,,
ia_bim_eighteenth-century_forste-forsog-paa-norge_pontoppidan-erik-the-y_1775_2,218,0.0224,junk,,,,
ia_bim_eighteenth-century_forste-forsog-paa-norge_pontoppidan-erik-the-y_1775_2,219,0.36204,junk,,,,
ia_bim_eighteenth-century_forste-forsog-paa-norge_pontoppidan-erik-the-y_1775_2,220,0.13174,junk,,,,
ia_bim_eighteenth-century_forste-forsog-paa-norge_pontoppidan-erik-the-y_1775_2,221,0.01007,junk,,,,
ia_bim_eighteenth-century_forste-forsog-paa-norge_pontoppidan-erik-the-y_1775_2,222,0.02538,junk,,,,
ia_bim_eighteenth-century_forste-forsog-paa-norge_pontoppidan-erik-the-y_1775_2,223,0.41918,junk,,,,
ia_bim_eighteenth-century_forste-forsog-paa-norge_pontoppidan-erik-the-y_1775_2,224,0.08889,junk,,,,
ia_bim_eighteenth-century_forste-forsog-paa-norge_pontoppidan-erik-the-y_1775_2,225,0.06731,junk,,,,
ia_bim_eighteenth-century_forste-forsog-paa-norge_pontoppidan-erik-the-y_1775_2,226,0.02574,junk,,,,
ia_bim_eighteenth-century_forste-forsog-paa-norge_pontoppidan-erik-the-y_1775_2,227,0.30024,junk,,,,
ia_bim_eighteenth-century_forste-forsog-paa-norge_pontoppidan-erik-the-y_1775_2,228,0.1648,junk,,,,
ia_bim_eighteenth-century_forste-forsog-paa-norge_pontoppidan-erik-the-y_1775_2,229,0.00343,junk,,,,
ia_bim_eighteenth-century_forste-forsog-paa-norge_pontoppidan-erik-the-y_1775_2,230,0.99609,non_junk,divine_teleology,0.98896,0.01077,0.00027
ia_bim_eighteenth-century_forste-forsog-paa-norge_pontoppidan-erik-the-y_1775_2,231,0.0022,junk,,,,
ia_bim_eighteenth-century_forste-forsog-paa-norge_pontoppidan-erik-the-y_1775_2,232,0.177,junk,,,,
ia_bim_eighteenth-century_forste-forsog-paa-norge_pontoppidan-erik-the-y_1775_2,233,0.96483,non_junk,non_divine_teleology,0.08279,0.90391,0.0133
ia_bim_eighteenth-century_forste-forsog-paa-norge_pontoppidan-erik-the-y_1775_2,234,0.85105,non_junk,non_divine_teleology,0.02713,0.95323,0.01964
ia_bim_eighteenth-century_forste-forsog-paa-norge_pontoppidan-erik-the-y_1775_2,235,0.06481,junk,,,,
ia_bim_eighteenth-century_forste-forsog-paa-norge_pontoppidan-erik-the-y_1775_2,236,0.0001,junk,,,,
ia_bim_eighteenth-century_forste-forsog-paa-norge_pontoppidan-erik-the-y_1775_2,237,0.00889,junk,,,,
ia_bim_eighteenth-century_forste-forsog-paa-norge_pontoppidan-erik-the-y_1775_2,238,0.10443,junk,,,,
ia_bim_eighteenth-century_forste-forsog-paa-norge_pontoppidan-erik-the-y_1775_2,239,0.30308,junk,,,,
ia_bim_eighteenth-century_forste-forsog-paa-norge_pontoppidan-erik-the-y_1775_2,240,0.00043,junk,,,,
ia_bim_eighteenth-century_forste-forsog-paa-norge_pontoppidan-erik-the-y_1775_2,241,0.0014,junk,,,,
ia_bim_eighteenth-century_forste-forsog-paa-norge_pontoppidan-erik-the-y_1775_2,242,0.00016,junk,,,,
ia_bim_eighteenth-century_forste-forsog-paa-norge_pontoppidan-erik-the-y_1775_2,243,0.00289,junk,,,,
ia_bim_eighteenth-century_forste-forsog-paa-norge_pontoppidan-erik-the-y_1775_2,244,0.00588,junk,,,,
ia_bim_eighteenth-century_forste-forsog-paa-norge_pontoppidan-erik-the-y_1775_2,245,0.00241,junk,,,,
ia_bim_eighteenth-century_forste-forsog-paa-norge_pontoppidan-erik-the-y_1775_2,246,0.00409,junk,,,,
ia_bim_eighteenth-century_forste-forsog-paa-norge_pontoppidan-erik-the-y_1775_2,247,0.14646,junk,,,,
ia_bim_eighteenth-century_forste-forsog-paa-norge_pontoppidan-erik-the-y_1775_2,248,0.0058,junk,,,,
ia_bim_eighteenth-century_forste-forsog-paa-norge_pontoppidan-erik-the-y_1775_2,249,0.97048,non_junk,non_divine_teleology,0.00846,0.94324,0.0483
ia_bim_eighteenth-century_forste-forsog-paa-norge_pontoppidan-erik-the-y_1775_2,250,0.00483,junk,,,,
ia_bim_eighteenth-century_forste-forsog-paa-norge_pontoppidan-erik-the-y_1775_2,251,0.84957,non_junk,divine_teleology,0.99396,0.00549,0.00055
ia_bim_eighteenth-century_forste-forsog-paa-norge_pontoppidan-erik-the-y_1775_2,252,0.00461,junk,,,,
ia_bim_eighteenth-century_forste-forsog-paa-norge_pontoppidan-erik-the-y_1775_2,253,0.00328,junk,,,,
ia_bim_eighteenth-century_forste-forsog-paa-norge_pontoppidan-erik-the-y_1775_2,254,2e-05,junk,,,,
ia_bim_eighteenth-century_forste-forsog-paa-norge_pontoppidan-erik-the-y_1775_2,255,0.80147,non_junk,divine_teleology,0.97855,0.02078,0.00068
ia_bim_eighteenth-century_forste-forsog-paa-norge_pontoppidan-erik-the-y_1775_2,256,0.40295,junk,,,,
ia_bim_eighteenth-century_forste-forsog-paa-norge_pontoppidan-erik-the-y_1775_2,257,0.66261,non_junk,non_divine_teleology,0.01232,0.97709,0.01059
ia_bim_eighteenth-century_forste-forsog-paa-norge_pontoppidan-erik-the-y_1775_2,258,0.10452,junk,,,,
ia_bim_eighteenth-century_forste-forsog-paa-norge_pontoppidan-erik-the-y_1775_2,259,0.07762,junk,,,,
ia_bim_eighteenth-century_forste-forsog-paa-norge_pontoppidan-erik-the-y_1775_2,260,0.02997,junk,,,,
ia_bim_eighteenth-century_forste-forsog-paa-norge_pontoppidan-erik-the-y_1775_2,261,0.35349,junk,,,,
ia_bim_eighteenth-century_forste-forsog-paa-norge_pontoppidan-erik-the-y_1775_2,262,0.00074,junk,,,,
ia_bim_eighteenth-century_forste-forsog-paa-norge_pontoppidan-erik-the-y_1775_2,263,0.08966,junk,,,,
ia_bim_eighteenth-century_forste-forsog-paa-norge_pontoppidan-erik-the-y_1775_2,264,0.1151,junk,,,,
ia_bim_eighteenth-century_forste-forsog-paa-norge_pontoppidan-erik-the-y_1775_2,265,0.26235,junk,,,,
ia_bim_eighteenth-century_forste-forsog-paa-norge_pontoppidan-erik-the-y_1775_2,266,0.34615,junk,,,,
ia_bim_eighteenth-century_forste-forsog-paa-norge_pontoppidan-erik-the-y_1775_2,267,0.50693,non_junk,non_divine_teleology,0.19404,0.79362,0.01233
ia_bim_eighteenth-century_forste-forsog-paa-norge_pontoppidan-erik-the-y_1775_2,268,0.8415,non_junk,non_divine_teleology,0.29777,0.69505,0.00717
ia_bim_eighteenth-century_forste-forsog-paa-norge_pontoppidan-erik-the-y_1775_2,269,0.95298,non_junk,non_divine_teleology,0.04609,0.91484,0.03907
ia_bim_eighteenth-century_forste-forsog-paa-norge_pontoppidan-erik-the-y_1775_2,270,0.24249,junk,,,,
ia_bim_eighteenth-century_forste-forsog-paa-norge_pontoppidan-erik-the-y_1775_2,271,0.0169,junk,,,,
ia_bim_eighteenth-century_forste-forsog-paa-norge_pontoppidan-erik-the-y_1775_2,272,0.58982,non_junk,non_divine_teleology,0.01549,0.83234,0.15216
ia_bim_eighteenth-century_forste-forsog-paa-norge_pontoppidan-erik-the-y_1775_2,273,0.98189,non_junk,non_divine_teleology,0.00391,0.98347,0.01262
ia_bim_eighteenth-century_forste-forsog-paa-norge_pontoppidan-erik-the-y_1775_2,274,0.04039,junk,,,,
ia_bim_eighteenth-century_forste-forsog-paa-norge_pontoppidan-erik-the-y_1775_2,275,0.1863,junk,,,,
ia_bim_eighteenth-century_forste-forsog-paa-norge_pontoppidan-erik-the-y_1775_2,276,0.23426,junk,,,,
ia_bim_eighteenth-century_forste-forsog-paa-norge_pontoppidan-erik-the-y_1775_2,277,0.17941,junk,,,,
ia_bim_eighteenth-century_forste-forsog-paa-norge_pontoppidan-erik-the-y_1775_2,278,0.02633,junk,,,,
ia_bim_eighteenth-century_forste-forsog-paa-norge_pontoppidan-erik-the-y_1775_2,279,0.02633,junk,,,,
ia_bim_eighteenth-century_forste-forsog-paa-norge_pontoppidan-erik-the-y_1775_2,280,0.27978,junk,,,,
ia_bim_eighteenth-century_forste-forsog-paa-norge_pontoppidan-erik-the-y_1775_2,281,0.3597,junk,,,,
ia_bim_eighteenth-century_forste-forsog-paa-norge_pontoppidan-erik-the-y_1775_2,282,0.01286,junk,,,,
ia_bim_eighteenth-century_forste-forsog-paa-norge_pontoppidan-erik-the-y_1775_2,283,0.00817,junk,,,,
ia_bim_eighteenth-century_forste-forsog-paa-norge_pontoppidan-erik-the-y_1775_2,284,0.00021,junk,,,,
ia_bim_eighteenth-century_forste-forsog-paa-norge_pontoppidan-erik-the-y_1775_2,285,0.00728,junk,,,,
ia_bim_eighteenth-century_forste-forsog-paa-norge_pontoppidan-erik-the-y_1775_2,286,0.02511,junk,,,,
ia_bim_eighteenth-century_forste-forsog-paa-norge_pontoppidan-erik-the-y_1775_2,287,0.78685,non_junk,non_divine_teleology,0.01312,0.93273,0.05415
ia_bim_eighteenth-century_forste-forsog-paa-norge_pontoppidan-erik-the-y_1775_2,288,0.54418,non_junk,non_divine_teleology,0.00753,0.94749,0.04499
ia_bim_eighteenth-century_forste-forsog-paa-norge_pontoppidan-erik-the-y_1775_2,289,0.06132,junk,,,,
ia_bim_eighteenth-century_forste-forsog-paa-norge_pontoppidan-erik-the-y_1775_2,290,9e-05,junk,,,,
ia_bim_eighteenth-century_forste-forsog-paa-norge_pontoppidan-erik-the-y_1775_2,291,0.00124,junk,,,,
ia_bim_eighteenth-century_forste-forsog-paa-norge_pontoppidan-erik-the-y_1775_2,292,0.02123,junk,,,,
ia_bim_eighteenth-century_forste-forsog-paa-norge_pontoppidan-erik-the-y_1775_2,293,0.87138,non_junk,non_divine_teleology,0.0041,0.99337,0.00253
ia_bim_eighteenth-century_forste-forsog-paa-norge_pontoppidan-erik-the-y_1775_2,294,0.00579,junk,,,,
ia_bim_eighteenth-century_forste-forsog-paa-norge_pontoppidan-erik-the-y_1775_2,295,0.00168,junk,,,,
ia_bim_eighteenth-century_forste-forsog-paa-norge_pontoppidan-erik-the-y_1775_2,296,0.24404,junk,,,,
ia_bim_eighteenth-century_forste-forsog-paa-norge_pontoppidan-erik-the-y_1775_2,297,0.07602,junk,,,,
ia_bim_eighteenth-century_forste-forsog-paa-norge_pontoppidan-erik-the-y_1775_2,298,0.02939,junk,,,,
ia_bim_eighteenth-century_forste-forsog-paa-norge_pontoppidan-erik-the-y_1775_2,299,0.73142,non_junk,non_divine_teleology,0.01594,0.9696,0.01446
ia_bim_eighteenth-century_forste-forsog-paa-norge_pontoppidan-erik-the-y_1775_2,300,0.08577,junk,,,,
ia_bim_eighteenth-century_forste-forsog-paa-norge_pontoppidan-erik-the-y_1775_2,301,0.68669,non_junk,non_divine_teleology,0.02465,0.94286,0.03249
ia_bim_eighteenth-century_forste-forsog-paa-norge_pontoppidan-erik-the-y_1775_2,302,0.04196,junk,,,,
ia_bim_eighteenth-century_forste-forsog-paa-norge_pontoppidan-erik-the-y_1775_2,303,0.05289,junk,,,,
ia_bim_eighteenth-century_forste-forsog-paa-norge_pontoppidan-erik-the-y_1775_2,304,0.00054,junk,,,,
ia_bim_eighteenth-century_forste-forsog-paa-norge_pontoppidan-erik-the-y_1775_2,305,0.86269,non_junk,non_divine_teleology,0.01347,0.95849,0.02804
ia_bim_eighteenth-century_forste-forsog-paa-norge_pontoppidan-erik-the-y_1775_2,306,6e-05,junk,,,,
ia_bim_eighteenth-century_forste-forsog-paa-norge_pontoppidan-erik-the-y_1775_2,307,0.86269,non_junk,non_divine_teleology,0.01347,0.95849,0.02804
ia_bim_eighteenth-century_forste-forsog-paa-norge_pontoppidan-erik-the-y_1775_2,308,0.27126,junk,,,,
ia_bim_eighteenth-century_forste-forsog-paa-norge_pontoppidan-erik-the-y_1775_2,309,0.54741,non_junk,non_divine_teleology,0.01136,0.94407,0.04457
ia_bim_eighteenth-century_forste-forsog-paa-norge_pontoppidan-erik-the-y_1775_2,310,0.0214,junk,,,,
ia_bim_eighteenth-century_forste-forsog-paa-norge_pontoppidan-erik-the-y_1775_2,311,0.00112,junk,,,,
ia_bim_eighteenth-century_forste-forsog-paa-norge_pontoppidan-erik-the-y_1775_2,312,0.2231,junk,,,,
ia_bim_eighteenth-century_forste-forsog-paa-norge_pontoppidan-erik-the-y_1775_2,313,0.04975,junk,,,,
ia_bim_eighteenth-century_forste-forsog-paa-norge_pontoppidan-erik-the-y_1775_2,314,0.48884,junk,,,,
ia_bim_eighteenth-century_forste-forsog-paa-norge_pontoppidan-erik-the-y_1775_2,315,0.18887,junk,,,,
ia_bim_eighteenth-century_forste-forsog-paa-norge_pontoppidan-erik-the-y_1775_2,316,0.94474,non_junk,internal_essence,0.00153,0.19558,0.80289
ia_bim_eighteenth-century_forste-forsog-paa-norge_pontoppidan-erik-the-y_1775_2,317,0.82425,non_junk,non_divine_teleology,0.01193,0.97092,0.01715
ia_bim_eighteenth-century_forste-forsog-paa-norge_pontoppidan-erik-the-y_1775_2,318,0.16181,junk,,,,
ia_bim_eighteenth-century_forste-forsog-paa-norge_pontoppidan-erik-the-y_1775_2,319,0.07066,junk,,,,
ia_bim_eighteenth-century_forste-forsog-paa-norge_pontoppidan-erik-the-y_1775_2,320,0.51049,non_junk,non_divine_teleology,0.0054,0.98139,0.01321
ia_bim_eighteenth-century_forste-forsog-paa-norge_pontoppidan-erik-the-y_1775_2,321,0.00152,junk,,,,
ia_bim_eighteenth-century_forste-forsog-paa-norge_pontoppidan-erik-the-y_1775_2,322,0.00182,junk,,,,
ia_bim_eighteenth-century_forste-forsog-paa-norge_pontoppidan-erik-the-y_1775_2,323,0.00898,junk,,,,
ia_bim_eighteenth-century_forste-forsog-paa-norge_pontoppidan-erik-the-y_1775_2,324,0.00151,junk,,,,
ia_bim_eighteenth-century_forste-forsog-paa-norge_pontoppidan-erik-the-y_1775_2,325,0.00284,junk,,,,
ia_bim_eighteenth-century_forste-forsog-paa-norge_pontoppidan-erik-the-y_1775_2,326,0.00737,junk,,,,
ia_bim_eighteenth-century_forste-forsog-paa-norge_pontoppidan-erik-the-y_1775_2,327,0.05276,junk,,,,
ia_bim_eighteenth-century_forste-forsog-paa-norge_pontoppidan-erik-the-y_1775_2,328,0.75026,non_junk,non_divine_teleology,0.01405,0.92133,0.06462
ia_bim_eighteenth-century_forste-forsog-paa-norge_pontoppidan-erik-the-y_1775_2,329,0.19365,junk,,,,
ia_bim_eighteenth-century_forste-forsog-paa-norge_pontoppidan-erik-the-y_1775_2,330,0.01425,junk,,,,
ia_bim_eighteenth-century_forste-forsog-paa-norge_pontoppidan-erik-the-y_1775_2,331,0.00314,junk,,,,
ia_bim_eighteenth-century_forste-forsog-paa-norge_pontoppidan-erik-the-y_1775_2,332,0.12381,junk,,,,
ia_bim_eighteenth-century_forste-forsog-paa-norge_pontoppidan-erik-the-y_1775_2,333,0.00041,junk,,,,
ia_bim_eighteenth-century_forste-forsog-paa-norge_pontoppidan-erik-the-y_1775_2,334,0.00014,junk,,,,
ia_bim_eighteenth-century_forste-forsog-paa-norge_pontoppidan-erik-the-y_1775_2,335,0.31935,junk,,,,
ia_bim_eighteenth-century_forste-forsog-paa-norge_pontoppidan-erik-the-y_1775_2,336,0.00701,junk,,,,
ia_bim_eighteenth-century_forste-forsog-paa-norge_pontoppidan-erik-the-y_1775_2,337,0.7734,non_junk,non_divine_teleology,0.0162,0.97323,0.01057
ia_bim_eighteenth-century_forste-forsog-paa-norge_pontoppidan-erik-the-y_1775_2,338,0.86643,non_junk,non_divine_teleology,0.00363,0.98838,0.00799
ia_bim_eighteenth-century_forste-forsog-paa-norge_pontoppidan-erik-the-y_1775_2,339,0.90403,non_junk,non_divine_teleology,0.0029,0.54838,0.44873
ia_bim_eighteenth-century_forste-forsog-paa-norge_pontoppidan-erik-the-y_1775_2,340,0.40657,junk,,,,
ia_bim_eighteenth-century_forste-forsog-paa-norge_pontoppidan-erik-the-y_1775_2,341,0.0077,junk,,,,
ia_bim_eighteenth-century_forste-forsog-paa-norge_pontoppidan-erik-the-y_1775_2,342,0.2164,junk,,,,
ia_bim_eighteenth-century_forste-forsog-paa-norge_pontoppidan-erik-the-y_1775_2,343,0.11624,junk,,,,
ia_bim_eighteenth-century_forste-forsog-paa-norge_pontoppidan-erik-the-y_1775_2,344,0.21419,junk,,,,
ia_bim_eighteenth-century_forste-forsog-paa-norge_pontoppidan-erik-the-y_1775_2,345,0.31771,junk,,,,
ia_bim_eighteenth-century_forste-forsog-paa-norge_pontoppidan-erik-the-y_1775_2,346,0.40365,junk,,,,
ia_bim_eighteenth-century_forste-forsog-paa-norge_pontoppidan-erik-the-y_1775_2,347,0.00039,junk,,,,
ia_bim_eighteenth-century_forste-forsog-paa-norge_pontoppidan-erik-the-y_1775_2,348,0.05387,junk,,,,
ia_bim_eighteenth-century_forste-forsog-paa-norge_pontoppidan-erik-the-y_1775_2,349,0.00013,junk,,,,
ia_bim_eighteenth-century_forste-forsog-paa-norge_pontoppidan-erik-the-y_1775_2,350,0.92053,non_junk,non_divine_teleology,0.00668,0.98467,0.00865
ia_bim_eighteenth-century_forste-forsog-paa-norge_pontoppidan-erik-the-y_1775_2,351,0.00679,junk,,,,
ia_bim_eighteenth-century_forste-forsog-paa-norge_pontoppidan-erik-the-y_1775_2,352,0.25137,junk,,,,
ia_bim_eighteenth-century_forste-forsog-paa-norge_pontoppidan-erik-the-y_1775_2,353,0.36059,junk,,,,
ia_bim_eighteenth-century_forste-forsog-paa-norge_pontoppidan-erik-the-y_1775_2,354,0.16552,junk,,,,
ia_bim_eighteenth-century_forste-forsog-paa-norge_pontoppidan-erik-the-y_1775_2,355,0.67202,non_junk,non_divine_teleology,0.00923,0.97671,0.01406
ia_bim_eighteenth-century_forste-forsog-paa-norge_pontoppidan-erik-the-y_1775_2,356,0.01418,junk,,,,
ia_bim_eighteenth-century_forste-forsog-paa-norge_pontoppidan-erik-the-y_1775_2,357,0.02965,junk,,,,
ia_bim_eighteenth-century_forste-forsog-paa-norge_pontoppidan-erik-the-y_1775_2,358,0.02285,junk,,,,
ia_bim_eighteenth-century_forste-forsog-paa-norge_pontoppidan-erik-the-y_1775_2,359,0.03138,junk,,,,
ia_bim_eighteenth-century_forste-forsog-paa-norge_pontoppidan-erik-the-y_1775_2,360,0.00011,junk,,,,
ia_bim_eighteenth-century_forste-forsog-paa-norge_pontoppidan-erik-the-y_1775_2,361,0.0013,junk,,,,
ia_bim_eighteenth-century_forste-forsog-paa-norge_pontoppidan-erik-the-y_1775_2,362,0.00176,junk,,,,
ia_bim_eighteenth-century_forste-forsog-paa-norge_pontoppidan-erik-the-y_1775_2,363,0.48339,junk,,,,
ia_bim_eighteenth-century_forste-forsog-paa-norge_pontoppidan-erik-the-y_1775_2,364,0.08212,junk,,,,
ia_bim_eighteenth-century_forste-forsog-paa-norge_pontoppidan-erik-the-y_1775_2,365,0.12942,junk,,,,
ia_bim_eighteenth-century_forste-forsog-paa-norge_pontoppidan-erik-the-y_1775_2,366,0.00034,junk,,,,
ia_bim_eighteenth-century_forste-forsog-paa-norge_pontoppidan-erik-the-y_1775_2,367,0.00396,junk,,,,
ia_bim_eighteenth-century_forste-forsog-paa-norge_pontoppidan-erik-the-y_1775_2,368,0.96193,non_junk,non_divine_teleology,0.01249,0.97314,0.01437
ia_bim_eighteenth-century_forste-forsog-paa-norge_pontoppidan-erik-the-y_1775_2,369,0.03077,junk,,,,
ia_bim_eighteenth-century_forste-forsog-paa-norge_pontoppidan-erik-the-y_1775_2,370,0.0034,junk,,,,
ia_bim_eighteenth-century_forste-forsog-paa-norge_pontoppidan-erik-the-y_1775_2,371,0.00459,junk,,,,
ia_bim_eighteenth-century_forste-forsog-paa-norge_pontoppidan-erik-the-y_1775_2,372,0.07701,junk,,,,
ia_bim_eighteenth-century_forste-forsog-paa-norge_pontoppidan-erik-the-y_1775_2,373,0.00334,junk,,,,
ia_bim_eighteenth-century_forste-forsog-paa-norge_pontoppidan-erik-the-y_1775_2,374,0.02882,junk,,,,
ia_bim_eighteenth-century_forste-forsog-paa-norge_pontoppidan-erik-the-y_1775_2,375,0.00459,junk,,,,
ia_bim_eighteenth-century_forste-forsog-paa-norge_pontoppidan-erik-the-y_1775_2,376,0.07701,junk,,,,
ia_bim_eighteenth-century_forste-forsog-paa-norge_pontoppidan-erik-the-y_1775_2,377,0.00334,junk,,,,
ia_bim_eighteenth-century_forste-forsog-paa-norge_pontoppidan-erik-the-y_1775_2,378,0.02882,junk,,,,
ia_bim_eighteenth-century_forste-forsog-paa-norge_pontoppidan-erik-the-y_1775_2,379,8e-05,junk,,,,
ia_bim_eighteenth-century_forste-forsog-paa-norge_pontoppidan-erik-the-y_1775_2,380,0.00608,junk,,,,
ia_bim_eighteenth-century_forste-forsog-paa-norge_pontoppidan-erik-the-y_1775_2,381,0.00092,junk,,,,
ia_bim_eighteenth-century_forste-forsog-paa-norge_pontoppidan-erik-the-y_1775_2,382,0.8209,non_junk,non_divine_teleology,0.01129,0.91922,0.06949
ia_bim_eighteenth-century_forste-forsog-paa-norge_pontoppidan-erik-the-y_1775_2,383,0.0935,junk,,,,
ia_bim_eighteenth-century_forste-forsog-paa-norge_pontoppidan-erik-the-y_1775_2,384,0.00097,junk,,,,
ia_bim_eighteenth-century_forste-forsog-paa-norge_pontoppidan-erik-the-y_1775_2,385,0.26521,junk,,,,
ia_bim_eighteenth-century_forste-forsog-paa-norge_pontoppidan-erik-the-y_1775_2,386,0.02061,junk,,,,
ia_bim_eighteenth-century_forste-forsog-paa-norge_pontoppidan-erik-the-y_1775_2,387,0.00023,junk,,,,
ia_bim_eighteenth-century_forste-forsog-paa-norge_pontoppidan-erik-the-y_1775_2,388,0.00012,junk,,,,
ia_bim_eighteenth-century_forste-forsog-paa-norge_pontoppidan-erik-the-y_1775_2,389,0.00139,junk,,,,
ia_bim_eighteenth-century_forste-forsog-paa-norge_pontoppidan-erik-the-y_1775_2,390,0.00656,junk,,,,
ia_bim_eighteenth-century_forste-forsog-paa-norge_pontoppidan-erik-the-y_1775_2,391,0.09097,junk,,,,
ia_bim_eighteenth-century_forste-forsog-paa-norge_pontoppidan-erik-the-y_1775_2,392,0.00656,junk,,,,
ia_bim_eighteenth-century_forste-forsog-paa-norge_pontoppidan-erik-the-y_1775_2,393,0.33083,junk,,,,
ia_bim_eighteenth-century_forste-forsog-paa-norge_pontoppidan-erik-the-y_1775_2,394,0.04455,junk,,,,
ia_bim_eighteenth-century_forste-forsog-paa-norge_pontoppidan-erik-the-y_1775_2,395,0.60593,non_junk,non_divine_teleology,0.01209,0.96563,0.02228
ia_bim_eighteenth-century_forste-forsog-paa-norge_pontoppidan-erik-the-y_1775_2,396,0.0561,junk,,,,
ia_bim_eighteenth-century_forste-forsog-paa-norge_pontoppidan-erik-the-y_1775_2,397,0.37195,junk,,,,
ia_bim_eighteenth-century_forste-forsog-paa-norge_pontoppidan-erik-the-y_1775_2,398,0.00201,junk,,,,
ia_bim_eighteenth-century_forste-forsog-paa-norge_pontoppidan-erik-the-y_1775_2,399,3e-05,junk,,,,
ia_bim_eighteenth-century_forste-forsog-paa-norge_pontoppidan-erik-the-y_1775_2,400,0.96567,non_junk,non_divine_teleology,0.01,0.95186,0.03814
ia_bim_eighteenth-century_forste-forsog-paa-norge_pontoppidan-erik-the-y_1775_2,401,3e-05,junk,,,,
ia_bim_eighteenth-century_forste-forsog-paa-norge_pontoppidan-erik-the-y_1775_2,402,0.00238,junk,,,,
ia_bim_eighteenth-century_forste-forsog-paa-norge_pontoppidan-erik-the-y_1775_2,403,0.29541,junk,,,,
ia_bim_eighteenth-century_forste-forsog-paa-norge_pontoppidan-erik-the-y_1775_2,404,0.06629,junk,,,,
ia_bim_eighteenth-century_forste-forsog-paa-norge_pontoppidan-erik-the-y_1775_2,405,0.29541,junk,,,,
ia_bim_eighteenth-century_forste-forsog-paa-norge_pontoppidan-erik-the-y_1775_2,406,0.04052,junk,,,,
ia_bim_eighteenth-century_forste-forsog-paa-norge_pontoppidan-erik-the-y_1775_2,407,0.00923,junk,,,,
ia_bim_eighteenth-century_forste-forsog-paa-norge_pontoppidan-erik-the-y_1775_2,408,0.01044,junk,,,,
ia_bim_eighteenth-century_forste-forsog-paa-norge_pontoppidan-erik-the-y_1775_2,409,0.01682,junk,,,,
ia_bim_eighteenth-century_forste-forsog-paa-norge_pontoppidan-erik-the-y_1775_2,410,0.01847,junk,,,,
ia_bim_eighteenth-century_forste-forsog-paa-norge_pontoppidan-erik-the-y_1775_2,411,0.0005,junk,,,,
ia_bim_eighteenth-century_forste-forsog-paa-norge_pontoppidan-erik-the-y_1775_2,412,0.00564,junk,,,,
ia_bim_eighteenth-century_forste-forsog-paa-norge_pontoppidan-erik-the-y_1775_2,413,0.37755,junk,,,,
ia_bim_eighteenth-century_forste-forsog-paa-norge_pontoppidan-erik-the-y_1775_2,414,0.00076,junk,,,,
ia_bim_eighteenth-century_forste-forsog-paa-norge_pontoppidan-erik-the-y_1775_2,415,0.00196,junk,,,,
ia_bim_eighteenth-century_forste-forsog-paa-norge_pontoppidan-erik-the-y_1775_2,416,0.58652,non_junk,non_divine_teleology,0.00922,0.8597,0.13108
ia_bim_eighteenth-century_forste-forsog-paa-norge_pontoppidan-erik-the-y_1775_2,417,0.05863,junk,,,,
ia_bim_eighteenth-century_forste-forsog-paa-norge_pontoppidan-erik-the-y_1775_2,418,0.00056,junk,,,,
ia_bim_eighteenth-century_forste-forsog-paa-norge_pontoppidan-erik-the-y_1775_2,419,0.67561,non_junk,non_divine_teleology,0.01153,0.82578,0.16269
ia_bim_eighteenth-century_forste-forsog-paa-norge_pontoppidan-erik-the-y_1775_2,420,0.95652,non_junk,non_divine_teleology,0.01297,0.95755,0.02948
ia_bim_eighteenth-century_forste-forsog-paa-norge_pontoppidan-erik-the-y_1775_2,421,0.00043,junk,,,,
ia_bim_eighteenth-century_forste-forsog-paa-norge_pontoppidan-erik-the-y_1775_2,422,0.00343,junk,,,,
ia_bim_eighteenth-century_forste-forsog-paa-norge_pontoppidan-erik-the-y_1775_2,423,0.00081,junk,,,,
ia_bim_eighteenth-century_forste-forsog-paa-norge_pontoppidan-erik-the-y_1775_2,424,0.00149,junk,,,,
ia_bim_eighteenth-century_forste-forsog-paa-norge_pontoppidan-erik-the-y_1775_2,425,0.03669,junk,,,,
ia_bim_eighteenth-century_forste-forsog-paa-norge_pontoppidan-erik-the-y_1775_2,426,0.93705,non_junk,divine_teleology,0.92133,0.0717,0.00697
ia_bim_eighteenth-century_forste-forsog-paa-norge_pontoppidan-erik-the-y_1775_2,427,0.97433,non_junk,divine_teleology,0.98346,0.01617,0.00036
ia_bim_eighteenth-century_forste-forsog-paa-norge_pontoppidan-erik-the-y_1775_2,428,0.90533,non_junk,divine_teleology,0.96634,0.03302,0.00065
ia_bim_eighteenth-century_forste-forsog-paa-norge_pontoppidan-erik-the-y_1775_2,429,0.00944,junk,,,,
ia_bim_eighteenth-century_forste-forsog-paa-norge_pontoppidan-erik-the-y_1775_2,430,0.90533,non_junk,divine_teleology,0.96634,0.03302,0.00065
ia_bim_eighteenth-century_forste-forsog-paa-norge_pontoppidan-erik-the-y_1775_2,431,0.6628,non_junk,non_divine_teleology,0.0647,0.90609,0.02921
ia_bim_eighteenth-century_forste-forsog-paa-norge_pontoppidan-erik-the-y_1775_2,432,0.04809,junk,,,,
ia_bim_eighteenth-century_forste-forsog-paa-norge_pontoppidan-erik-the-y_1775_2,433,0.0002,junk,,,,
ia_bim_eighteenth-century_forste-forsog-paa-norge_pontoppidan-erik-the-y_1775_2,434,0.16868,junk,,,,
ia_bim_eighteenth-century_forste-forsog-paa-norge_pontoppidan-erik-the-y_1775_2,435,0.9853,non_junk,divine_teleology,0.99511,0.00469,0.00021
ia_bim_eighteenth-century_forste-forsog-paa-norge_pontoppidan-erik-the-y_1775_2,436,0.00014,junk,,,,
ia_bim_eighteenth-century_forste-forsog-paa-norge_pontoppidan-erik-the-y_1775_2,437,0.9853,non_junk,divine_teleology,0.99511,0.00469,0.00021
ia_bim_eighteenth-century_forste-forsog-paa-norge_pontoppidan-erik-the-y_1775_2,438,0.01367,junk,,,,
ia_bim_eighteenth-century_forste-forsog-paa-norge_pontoppidan-erik-the-y_1775_2,439,0.07223,junk,,,,
ia_bim_eighteenth-century_forste-forsog-paa-norge_pontoppidan-erik-the-y_1775_2,440,0.00494,junk,,,,
ia_bim_eighteenth-century_forste-forsog-paa-norge_pontoppidan-erik-the-y_1775_2,441,0.16914,junk,,,,
ia_bim_eighteenth-century_forste-forsog-paa-norge_pontoppidan-erik-the-y_1775_2,442,0.00784,junk,,,,
ia_bim_eighteenth-century_forste-forsog-paa-norge_pontoppidan-erik-the-y_1775_2,443,0.0082,junk,,,,
ia_bim_eighteenth-century_forste-forsog-paa-norge_pontoppidan-erik-the-y_1775_2,444,0.08774,junk,,,,
ia_bim_eighteenth-century_forste-forsog-paa-norge_pontoppidan-erik-the-y_1775_2,445,0.02206,junk,,,,
ia_bim_eighteenth-century_forste-forsog-paa-norge_pontoppidan-erik-the-y_1775_2,446,0.02206,junk,,,,
ia_bim_eighteenth-century_forste-forsog-paa-norge_pontoppidan-erik-the-y_1775_2,447,0.00632,junk,,,,
ia_bim_eighteenth-century_forste-forsog-paa-norge_pontoppidan-erik-the-y_1775_2,448,0.06835,junk,,,,
ia_bim_eighteenth-century_forste-forsog-paa-norge_pontoppidan-erik-the-y_1775_2,449,0.03438,junk,,,,
ia_bim_eighteenth-century_forste-forsog-paa-norge_pontoppidan-erik-the-y_1775_2,450,0.00111,junk,,,,
ia_bim_eighteenth-century_forste-forsog-paa-norge_pontoppidan-erik-the-y_1775_2,451,0.34412,junk,,,,
ia_bim_eighteenth-century_forste-forsog-paa-norge_pontoppidan-erik-the-y_1775_2,452,0.01238,junk,,,,
ia_bim_eighteenth-century_forste-forsog-paa-norge_pontoppidan-erik-the-y_1775_2,453,7e-05,junk,,,,
ia_bim_eighteenth-century_forste-forsog-paa-norge_pontoppidan-erik-the-y_1775_2,454,0.04006,junk,,,,
ia_bim_eighteenth-century_forste-forsog-paa-norge_pontoppidan-erik-the-y_1775_2,455,0.01974,junk,,,,
ia_bim_eighteenth-century_forste-forsog-paa-norge_pontoppidan-erik-the-y_1775_2,456,0.98338,non_junk,non_divine_teleology,0.0437,0.93318,0.02312
ia_bim_eighteenth-century_forste-forsog-paa-norge_pontoppidan-erik-the-y_1775_2,457,0.97373,non_junk,non_divine_teleology,0.05635,0.90993,0.03372
ia_bim_eighteenth-century_forste-forsog-paa-norge_pontoppidan-erik-the-y_1775_2,458,0.76497,non_junk,non_divine_teleology,0.03849,0.914,0.04752
ia_bim_eighteenth-century_forste-forsog-paa-norge_pontoppidan-erik-the-y_1775_2,459,0.012,junk,,,,
ia_bim_eighteenth-century_forste-forsog-paa-norge_pontoppidan-erik-the-y_1775_2,460,0.0061,junk,,,,
ia_bim_eighteenth-century_forste-forsog-paa-norge_pontoppidan-erik-the-y_1775_2,461,0.03311,junk,,,,
ia_bim_eighteenth-century_forste-forsog-paa-norge_pontoppidan-erik-the-y_1775_2,462,0.99837,non_junk,divine_teleology,0.9061,0.09231,0.00159
ia_bim_eighteenth-century_forste-forsog-paa-norge_pontoppidan-erik-the-y_1775_2,463,0.99706,non_junk,divine_teleology,0.92555,0.0729,0.00155
ia_bim_eighteenth-century_forste-forsog-paa-norge_pontoppidan-erik-the-y_1775_2,464,0.02205,junk,,,,
ia_bim_eighteenth-century_forste-forsog-paa-norge_pontoppidan-erik-the-y_1775_2,465,0.00153,junk,,,,
ia_bim_eighteenth-century_forste-forsog-paa-norge_pontoppidan-erik-the-y_1775_2,466,0.04422,junk,,,,
ia_bim_eighteenth-century_forste-forsog-paa-norge_pontoppidan-erik-the-y_1775_2,467,0.50723,non_junk,divine_teleology,0.99439,0.00534,0.00027
ia_bim_eighteenth-century_forste-forsog-paa-norge_pontoppidan-erik-the-y_1775_2,468,0.00188,junk,,,,
ia_bim_eighteenth-century_forste-forsog-paa-norge_pontoppidan-erik-the-y_1775_2,469,0.00153,junk,,,,
ia_bim_eighteenth-century_forste-forsog-paa-norge_pontoppidan-erik-the-y_1775_2,470,0.04422,junk,,,,
ia_bim_eighteenth-century_forste-forsog-paa-norge_pontoppidan-erik-the-y_1775_2,471,0.50723,non_junk,divine_teleology,0.99439,0.00534,0.00027
ia_bim_eighteenth-century_forste-forsog-paa-norge_pontoppidan-erik-the-y_1775_2,472,0.04974,junk,,,,
ia_bim_eighteenth-century_forste-forsog-paa-norge_pontoppidan-erik-the-y_1775_2,473,0.0167,junk,,,,
ia_bim_eighteenth-century_forste-forsog-paa-norge_pontoppidan-erik-the-y_1775_2,474,0.01309,junk,,,,
ia_bim_eighteenth-century_forste-forsog-paa-norge_pontoppidan-erik-the-y_1775_2,475,0.45361,junk,,,,
ia_bim_eighteenth-century_forste-forsog-paa-norge_pontoppidan-erik-the-y_1775_2,476,0.12866,junk,,,,
ia_bim_eighteenth-century_forste-forsog-paa-norge_pontoppidan-erik-the-y_1775_2,477,0.07818,junk,,,,
ia_bim_eighteenth-century_forste-forsog-paa-norge_pontoppidan-erik-the-y_1775_2,478,0.10467,junk,,,,
ia_bim_eighteenth-century_forste-forsog-paa-norge_pontoppidan-erik-the-y_1775_2,479,0.47518,junk,,,,
ia_bim_eighteenth-century_forste-forsog-paa-norge_pontoppidan-erik-the-y_1775_2,480,0.00214,junk,,,,
ia_bim_eighteenth-century_forste-forsog-paa-norge_pontoppidan-erik-the-y_1775_2,481,0.0134,junk,,,,
ia_bim_eighteenth-century_forste-forsog-paa-norge_pontoppidan-erik-the-y_1775_2,482,0.47518,junk,,,,
ia_bim_eighteenth-century_forste-forsog-paa-norge_pontoppidan-erik-the-y_1775_2,483,0.00214,junk,,,,
ia_bim_eighteenth-century_forste-forsog-paa-norge_pontoppidan-erik-the-y_1775_2,484,0.0134,junk,,,,
ia_bim_eighteenth-century_forste-forsog-paa-norge_pontoppidan-erik-the-y_1775_2,485,0.04315,junk,,,,
ia_bim_eighteenth-century_forste-forsog-paa-norge_pontoppidan-erik-the-y_1775_2,486,0.00502,junk,,,,
ia_bim_eighteenth-century_forste-forsog-paa-norge_pontoppidan-erik-the-y_1775_2,487,0.00212,junk,,,,
ia_bim_eighteenth-century_forste-forsog-paa-norge_pontoppidan-erik-the-y_1775_2,488,0.01072,junk,,,,
ia_bim_eighteenth-century_forste-forsog-paa-norge_pontoppidan-erik-the-y_1775_2,489,0.65989,non_junk,divine_teleology,0.54379,0.42973,0.02647
ia_bim_eighteenth-century_forste-forsog-paa-norge_pontoppidan-erik-the-y_1775_2,490,0.00201,junk,,,,
ia_bim_eighteenth-century_forste-forsog-paa-norge_pontoppidan-erik-the-y_1775_2,491,0.00068,junk,,,,
ia_bim_eighteenth-century_forste-forsog-paa-norge_pontoppidan-erik-the-y_1775_2,492,0.00068,junk,,,,
ia_bim_eighteenth-century_forste-forsog-paa-norge_pontoppidan-erik-the-y_1775_2,493,0.00072,junk,,,,
ia_bim_eighteenth-century_forste-forsog-paa-norge_pontoppidan-erik-the-y_1775_2,494,0.01274,junk,,,,
ia_bim_eighteenth-century_forste-forsog-paa-norge_pontoppidan-erik-the-y_1775_2,495,0.253,junk,,,,
ia_bim_eighteenth-century_forste-forsog-paa-norge_pontoppidan-erik-the-y_1775_2,496,0.00066,junk,,,,
ia_bim_eighteenth-century_forste-forsog-paa-norge_pontoppidan-erik-the-y_1775_2,497,0.14315,junk,,,,
ia_bim_eighteenth-century_forste-forsog-paa-norge_pontoppidan-erik-the-y_1775_2,498,0.02165,junk,,,,
ia_bim_eighteenth-century_forste-forsog-paa-norge_pontoppidan-erik-the-y_1775_2,499,0.99984,non_junk,non_divine_teleology,0.00428,0.98076,0.01495
ia_bim_eighteenth-century_forste-forsog-paa-norge_pontoppidan-erik-the-y_1775_2,500,0.95073,non_junk,non_divine_teleology,0.03595,0.93363,0.03042
ia_bim_eighteenth-century_forste-forsog-paa-norge_pontoppidan-erik-the-y_1775_2,501,0.00018,junk,,,,
ia_bim_eighteenth-century_forste-forsog-paa-norge_pontoppidan-erik-the-y_1775_2,502,0.00012,junk,,,,
ia_bim_eighteenth-century_forste-forsog-paa-norge_pontoppidan-erik-the-y_1775_2,503,8e-05,junk,,,,
ia_bim_eighteenth-century_forste-forsog-paa-norge_pontoppidan-erik-the-y_1775_2,504,0.02609,junk,,,,
ia_bim_eighteenth-century_forste-forsog-paa-norge_pontoppidan-erik-the-y_1775_2,505,0.00018,junk,,,,
ia_bim_eighteenth-century_forste-forsog-paa-norge_pontoppidan-erik-the-y_1775_2,506,0.00012,junk,,,,
ia_bim_eighteenth-century_forste-forsog-paa-norge_pontoppidan-erik-the-y_1775_2,507,8e-05,junk,,,,
ia_bim_eighteenth-century_forste-forsog-paa-norge_pontoppidan-erik-the-y_1775_2,508,0.00637,junk,,,,
ia_bim_eighteenth-century_forste-forsog-paa-norge_pontoppidan-erik-the-y_1775_2,509,0.01744,junk,,,,
ia_bim_eighteenth-century_forste-forsog-paa-norge_pontoppidan-erik-the-y_1775_2,510,0.03768,junk,,,,
ia_bim_eighteenth-century_forste-forsog-paa-norge_pontoppidan-erik-the-y_1775_2,511,0.00054,junk,,,,
ia_bim_eighteenth-century_forste-forsog-paa-norge_pontoppidan-erik-the-y_1775_2,512,0.00235,junk,,,,
ia_bim_eighteenth-century_forste-forsog-paa-norge_pontoppidan-erik-the-y_1775_2,513,0.08474,junk,,,,
ia_bim_eighteenth-century_forste-forsog-paa-norge_pontoppidan-erik-the-y_1775_2,514,0.00377,junk,,,,
ia_bim_eighteenth-century_forste-forsog-paa-norge_pontoppidan-erik-the-y_1775_2,515,0.00049,junk,,,,
ia_bim_eighteenth-century_forste-forsog-paa-norge_pontoppidan-erik-the-y_1775_2,516,0.18546,junk,,,,
ia_bim_eighteenth-century_forste-forsog-paa-norge_pontoppidan-erik-the-y_1775_2,517,0.08474,junk,,,,
ia_bim_eighteenth-century_forste-forsog-paa-norge_pontoppidan-erik-the-y_1775_2,518,0.00377,junk,,,,
ia_bim_eighteenth-century_forste-forsog-paa-norge_pontoppidan-erik-the-y_1775_2,519,0.00049,junk,,,,
ia_bim_eighteenth-century_forste-forsog-paa-norge_pontoppidan-erik-the-y_1775_2,520,0.19793,junk,,,,
ia_bim_eighteenth-century_forste-forsog-paa-norge_pontoppidan-erik-the-y_1775_2,521,0.00259,junk,,,,
ia_bim_eighteenth-century_forste-forsog-paa-norge_pontoppidan-erik-the-y_1775_2,522,0.51171,non_junk,non_divine_teleology,0.02873,0.91567,0.0556
ia_bim_eighteenth-century_forste-forsog-paa-norge_pontoppidan-erik-the-y_1775_2,523,0.00069,junk,,,,
ia_bim_eighteenth-century_forste-forsog-paa-norge_pontoppidan-erik-the-y_1775_2,524,0.00683,junk,,,,
ia_bim_eighteenth-century_forste-forsog-paa-norge_pontoppidan-erik-the-y_1775_2,525,0.51171,non_junk,non_divine_teleology,0.02873,0.91567,0.0556
ia_bim_eighteenth-century_forste-forsog-paa-norge_pontoppidan-erik-the-y_1775_2,526,0.00069,junk,,,,
ia_bim_eighteenth-century_forste-forsog-paa-norge_pontoppidan-erik-the-y_1775_2,527,0.08834,junk,,,,
ia_bim_eighteenth-century_forste-forsog-paa-norge_pontoppidan-erik-the-y_1775_2,528,0.01734,junk,,,,
ia_bim_eighteenth-century_forste-forsog-paa-norge_pontoppidan-erik-the-y_1775_2,529,0.18954,junk,,,,
ia_bim_eighteenth-century_forste-forsog-paa-norge_pontoppidan-erik-the-y_1775_2,530,0.01063,junk,,,,
ia_bim_eighteenth-century_forste-forsog-paa-norge_pontoppidan-erik-the-y_1775_2,531,0.0015,junk,,,,
ia_bim_eighteenth-century_forste-forsog-paa-norge_pontoppidan-erik-the-y_1775_2,532,0.01394,junk,,,,
ia_bim_eighteenth-century_forste-forsog-paa-norge_pontoppidan-erik-the-y_1775_2,533,0.02754,junk,,,,
ia_bim_eighteenth-century_forste-forsog-paa-norge_pontoppidan-erik-the-y_1775_2,534,0.00132,junk,,,,
ia_bim_eighteenth-century_forste-forsog-paa-norge_pontoppidan-erik-the-y_1775_2,535,0.97519,non_junk,non_divine_teleology,0.01992,0.94531,0.03477
ia_bim_eighteenth-century_forste-forsog-paa-norge_pontoppidan-erik-the-y_1775_2,536,0.95985,non_junk,non_divine_teleology,0.01773,0.96173,0.02054
ia_bim_eighteenth-century_forste-forsog-paa-norge_pontoppidan-erik-the-y_1775_2,537,0.0336,junk,,,,
ia_bim_eighteenth-century_forste-forsog-paa-norge_pontoppidan-erik-the-y_1775_2,538,0.00019,junk,,,,
ia_bim_eighteenth-century_forste-forsog-paa-norge_pontoppidan-erik-the-y_1775_2,539,0.03128,junk,,,,
ia_bim_eighteenth-century_forste-forsog-paa-norge_pontoppidan-erik-the-y_1775_2,540,0.99986,non_junk,non_divine_teleology,0.00125,0.99127,0.00749
ia_bim_eighteenth-century_forste-forsog-paa-norge_pontoppidan-erik-the-y_1775_2,541,0.21527,junk,,,,
ia_bim_eighteenth-century_forste-forsog-paa-norge_pontoppidan-erik-the-y_1775_2,542,0.33955,junk,,,,
ia_bim_eighteenth-century_forste-forsog-paa-norge_pontoppidan-erik-the-y_1775_2,543,0.00065,junk,,,,
ia_bim_eighteenth-century_forste-forsog-paa-norge_pontoppidan-erik-the-y_1775_2,544,0.19676,junk,,,,
ia_bim_eighteenth-century_forste-forsog-paa-norge_pontoppidan-erik-the-y_1775_2,545,0.1771,junk,,,,
ia_bim_eighteenth-century_forste-forsog-paa-norge_pontoppidan-erik-the-y_1775_2,546,0.19676,junk,,,,
ia_bim_eighteenth-century_forste-forsog-paa-norge_pontoppidan-erik-the-y_1775_2,547,0.1771,junk,,,,
ia_bim_eighteenth-century_forste-forsog-paa-norge_pontoppidan-erik-the-y_1775_2,548,0.60934,non_junk,non_divine_teleology,0.00535,0.98106,0.01358
ia_bim_eighteenth-century_forste-forsog-paa-norge_pontoppidan-erik-the-y_1775_2,549,0.30751,junk,,,,
ia_bim_eighteenth-century_forste-forsog-paa-norge_pontoppidan-erik-the-y_1775_2,550,0.00638,junk,,,,
ia_bim_eighteenth-century_forste-forsog-paa-norge_pontoppidan-erik-the-y_1775_2,551,0.09096,junk,,,,
ia_bim_eighteenth-century_forste-forsog-paa-norge_pontoppidan-erik-the-y_1775_2,552,0.84766,non_junk,non_divine_teleology,0.01236,0.67974,0.3079
ia_bim_eighteenth-century_forste-forsog-paa-norge_pontoppidan-erik-the-y_1775_2,553,0.01015,junk,,,,
ia_bim_eighteenth-century_forste-forsog-paa-norge_pontoppidan-erik-the-y_1775_2,554,0.23201,junk,,,,
ia_bim_eighteenth-century_forste-forsog-paa-norge_pontoppidan-erik-the-y_1775_2,555,0.00992,junk,,,,
ia_bim_eighteenth-century_forste-forsog-paa-norge_pontoppidan-erik-the-y_1775_2,556,0.00037,junk,,,,
ia_bim_eighteenth-century_forste-forsog-paa-norge_pontoppidan-erik-the-y_1775_2,557,0.00116,junk,,,,
ia_bim_eighteenth-century_forste-forsog-paa-norge_pontoppidan-erik-the-y_1775_2,558,0.00396,junk,,,,
ia_bim_eighteenth-century_forste-forsog-paa-norge_pontoppidan-erik-the-y_1775_2,559,0.00426,junk,,,,
ia_bim_eighteenth-century_forste-forsog-paa-norge_pontoppidan-erik-the-y_1775_2,560,0.00197,junk,,,,
ia_bim_eighteenth-century_forste-forsog-paa-norge_pontoppidan-erik-the-y_1775_2,561,0.0015,junk,,,,
ia_bim_eighteenth-century_forste-forsog-paa-norge_pontoppidan-erik-the-y_1775_2,562,0.02751,junk,,,,
ia_bim_eighteenth-century_forste-forsog-paa-norge_pontoppidan-erik-the-y_1775_2,563,0.00309,junk,,,,
ia_bim_eighteenth-century_forste-forsog-paa-norge_pontoppidan-erik-the-y_1775_2,564,0.00481,junk,,,,
ia_bim_eighteenth-century_forste-forsog-paa-norge_pontoppidan-erik-the-y_1775_2,565,0.00414,junk,,,,
ia_bim_eighteenth-century_forste-forsog-paa-norge_pontoppidan-erik-the-y_1775_2,566,0.02907,junk,,,,
ia_bim_eighteenth-century_forste-forsog-paa-norge_pontoppidan-erik-the-y_1775_2,567,0.04342,junk,,,,
ia_bim_eighteenth-century_forste-forsog-paa-norge_pontoppidan-erik-the-y_1775_2,568,0.46078,junk,,,,
ia_bim_eighteenth-century_forste-forsog-paa-norge_pontoppidan-erik-the-y_1775_2,569,0.90973,non_junk,non_divine_teleology,0.01206,0.95305,0.03488
ia_bim_eighteenth-century_forste-forsog-paa-norge_pontoppidan-erik-the-y_1775_2,570,0.69145,non_junk,non_divine_teleology,0.00584,0.94083,0.05332
ia_bim_eighteenth-century_forste-forsog-paa-norge_pontoppidan-erik-the-y_1775_2,571,0.99936,non_junk,divine_teleology,0.99651,0.00329,0.00021
ia_bim_eighteenth-century_forste-forsog-paa-norge_pontoppidan-erik-the-y_1775_2,572,0.86868,non_junk,non_divine_teleology,0.02253,0.96092,0.01654
ia_bim_eighteenth-century_forste-forsog-paa-norge_pontoppidan-erik-the-y_1775_2,573,0.63949,non_junk,non_divine_teleology,0.02956,0.94503,0.02541
ia_bim_eighteenth-century_forste-forsog-paa-norge_pontoppidan-erik-the-y_1775_2,574,0.44588,junk,,,,
ia_bim_eighteenth-century_forste-forsog-paa-norge_pontoppidan-erik-the-y_1775_2,575,0.63949,non_junk,non_divine_teleology,0.02956,0.94503,0.02541
ia_bim_eighteenth-century_forste-forsog-paa-norge_pontoppidan-erik-the-y_1775_2,576,0.44588,junk,,,,
ia_bim_eighteenth-century_forste-forsog-paa-norge_pontoppidan-erik-the-y_1775_2,577,0.00258,junk,,,,
ia_bim_eighteenth-century_forste-forsog-paa-norge_pontoppidan-erik-the-y_1775_2,578,0.0531,junk,,,,
ia_bim_eighteenth-century_forste-forsog-paa-norge_pontoppidan-erik-the-y_1775_2,579,0.00357,junk,,,,
ia_bim_eighteenth-century_forste-forsog-paa-norge_pontoppidan-erik-the-y_1775_2,580,0.03464,junk,,,,
ia_bim_eighteenth-century_forste-forsog-paa-norge_pontoppidan-erik-the-y_1775_2,581,0.03344,junk,,,,
ia_bim_eighteenth-century_forste-forsog-paa-norge_pontoppidan-erik-the-y_1775_2,582,0.0531,junk,,,,
ia_bim_eighteenth-century_forste-forsog-paa-norge_pontoppidan-erik-the-y_1775_2,583,0.00357,junk,,,,
ia_bim_eighteenth-century_forste-forsog-paa-norge_pontoppidan-erik-the-y_1775_2,584,0.03464,junk,,,,
ia_bim_eighteenth-century_forste-forsog-paa-norge_pontoppidan-erik-the-y_1775_2,585,0.03705,junk,,,,
ia_bim_eighteenth-century_forste-forsog-paa-norge_pontoppidan-erik-the-y_1775_2,586,0.05054,junk,,,,
ia_bim_eighteenth-century_forste-forsog-paa-norge_pontoppidan-erik-the-y_1775_2,587,0.00963,junk,,,,
ia_bim_eighteenth-century_forste-forsog-paa-norge_pontoppidan-erik-the-y_1775_2,588,0.00801,junk,,,,
ia_bim_eighteenth-century_forste-forsog-paa-norge_pontoppidan-erik-the-y_1775_2,589,0.00676,junk,,,,
ia_bim_eighteenth-century_forste-forsog-paa-norge_pontoppidan-erik-the-y_1775_2,590,0.01655,junk,,,,
ia_bim_eighteenth-century_forste-forsog-paa-norge_pontoppidan-erik-the-y_1775_2,591,0.00319,junk,,,,
ia_bim_eighteenth-century_forste-forsog-paa-norge_pontoppidan-erik-the-y_1775_2,592,9e-05,junk,,,,
ia_bim_eighteenth-century_forste-forsog-paa-norge_pontoppidan-erik-the-y_1775_2,593,0.03221,junk,,,,
ia_bim_eighteenth-century_forste-forsog-paa-norge_pontoppidan-erik-the-y_1775_2,594,0.00089,junk,,,,
ia_bim_eighteenth-century_forste-forsog-paa-norge_pontoppidan-erik-the-y_1775_2,595,0.06583,junk,,,,
ia_bim_eighteenth-century_forste-forsog-paa-norge_pontoppidan-erik-the-y_1775_2,596,0.76231,non_junk,non_divine_teleology,0.00507,0.98451,0.01041
ia_bim_eighteenth-century_forste-forsog-paa-norge_pontoppidan-erik-the-y_1775_2,597,0.06583,junk,,,,
ia_bim_eighteenth-century_forste-forsog-paa-norge_pontoppidan-erik-the-y_1775_2,598,0.23937,junk,,,,
ia_bim_eighteenth-century_forste-forsog-paa-norge_pontoppidan-erik-the-y_1775_2,599,6e-05,junk,,,,
ia_bim_eighteenth-century_forste-forsog-paa-norge_pontoppidan-erik-the-y_1775_2,600,0.00098,junk,,,,
ia_bim_eighteenth-century_forste-forsog-paa-norge_pontoppidan-erik-the-y_1775_2,601,0.63617,non_junk,non_divine_teleology,0.02836,0.85207,0.11957
ia_bim_eighteenth-century_forste-forsog-paa-norge_pontoppidan-erik-the-y_1775_2,602,0.0093,junk,,,,
ia_bim_eighteenth-century_forste-forsog-paa-norge_pontoppidan-erik-the-y_1775_2,603,0.00012,junk,,,,
ia_bim_eighteenth-century_forste-forsog-paa-norge_pontoppidan-erik-the-y_1775_2,604,0.00727,junk,,,,
ia_bim_eighteenth-century_forste-forsog-paa-norge_pontoppidan-erik-the-y_1775_2,605,0.00012,junk,,,,
ia_bim_eighteenth-century_forste-forsog-paa-norge_pontoppidan-erik-the-y_1775_2,606,0.01743,junk,,,,
ia_bim_eighteenth-century_forste-forsog-paa-norge_pontoppidan-erik-the-y_1775_2,607,0.09144,junk,,,,
ia_bim_eighteenth-century_forste-forsog-paa-norge_pontoppidan-erik-the-y_1775_2,608,0.0173,junk,,,,
ia_bim_eighteenth-century_forste-forsog-paa-norge_pontoppidan-erik-the-y_1775_2,609,0.54271,non_junk,non_divine_teleology,0.00598,0.94388,0.05014
ia_bim_eighteenth-century_forste-forsog-paa-norge_pontoppidan-erik-the-y_1775_2,610,0.0173,junk,,,,
ia_bim_eighteenth-century_forste-forsog-paa-norge_pontoppidan-erik-the-y_1775_2,611,0.54271,non_junk,non_divine_teleology,0.00598,0.94388,0.05014
ia_bim_eighteenth-century_forste-forsog-paa-norge_pontoppidan-erik-the-y_1775_2,612,0.0061,junk,,,,
ia_bim_eighteenth-century_forste-forsog-paa-norge_pontoppidan-erik-the-y_1775_2,613,0.00046,junk,,,,
ia_bim_eighteenth-century_forste-forsog-paa-norge_pontoppidan-erik-the-y_1775_2,614,0.00149,junk,,,,
ia_bim_eighteenth-century_forste-forsog-paa-norge_pontoppidan-erik-the-y_1775_2,615,0.00336,junk,,,,
ia_bim_eighteenth-century_forste-forsog-paa-norge_pontoppidan-erik-the-y_1775_2,616,0.36582,junk,,,,
ia_bim_eighteenth-century_forste-forsog-paa-norge_pontoppidan-erik-the-y_1775_2,617,0.00021,junk,,,,
ia_bim_eighteenth-century_forste-forsog-paa-norge_pontoppidan-erik-the-y_1775_2,618,0.04711,junk,,,,
ia_bim_eighteenth-century_forste-forsog-paa-norge_pontoppidan-erik-the-y_1775_2,619,0.00382,junk,,,,
ia_bim_eighteenth-century_forste-forsog-paa-norge_pontoppidan-erik-the-y_1775_2,620,0.07951,junk,,,,
ia_bim_eighteenth-century_forste-forsog-paa-norge_pontoppidan-erik-the-y_1775_2,621,0.40292,junk,,,,
ia_bim_eighteenth-century_forste-forsog-paa-norge_pontoppidan-erik-the-y_1775_2,622,0.09181,junk,,,,
ia_bim_eighteenth-century_forste-forsog-paa-norge_pontoppidan-erik-the-y_1775_2,623,0.00915,junk,,,,
ia_bim_eighteenth-century_forste-forsog-paa-norge_pontoppidan-erik-the-y_1775_2,624,0.57619,non_junk,non_divine_teleology,0.00415,0.70479,0.29106
ia_bim_eighteenth-century_forste-forsog-paa-norge_pontoppidan-erik-the-y_1775_2,625,0.0143,junk,,,,
ia_bim_eighteenth-century_forste-forsog-paa-norge_pontoppidan-erik-the-y_1775_2,626,0.57619,non_junk,non_divine_teleology,0.00415,0.70479,0.29106
ia_bim_eighteenth-century_forste-forsog-paa-norge_pontoppidan-erik-the-y_1775_2,627,0.44554,junk,,,,
ia_bim_eighteenth-century_forste-forsog-paa-norge_pontoppidan-erik-the-y_1775_2,628,0.79963,non_junk,internal_essence,0.00276,0.13041,0.86683
ia_bim_eighteenth-century_forste-forsog-paa-norge_pontoppidan-erik-the-y_1775_2,629,0.57757,non_junk,non_divine_teleology,0.00318,0.98607,0.01075
ia_bim_eighteenth-century_forste-forsog-paa-norge_pontoppidan-erik-the-y_1775_2,630,0.00531,junk,,,,
ia_bim_eighteenth-century_forste-forsog-paa-norge_pontoppidan-erik-the-y_1775_2,631,0.00798,junk,,,,
ia_bim_eighteenth-century_forste-forsog-paa-norge_pontoppidan-erik-the-y_1775_2,632,0.00534,junk,,,,
ia_bim_eighteenth-century_forste-forsog-paa-norge_pontoppidan-erik-the-y_1775_2,633,0.41083,junk,,,,
ia_bim_eighteenth-century_forste-forsog-paa-norge_pontoppidan-erik-the-y_1775_2,634,0.57757,non_junk,non_divine_teleology,0.00318,0.98607,0.01075
ia_bim_eighteenth-century_forste-forsog-paa-norge_pontoppidan-erik-the-y_1775_2,635,0.00531,junk,,,,
ia_bim_eighteenth-century_forste-forsog-paa-norge_pontoppidan-erik-the-y_1775_2,636,0.00798,junk,,,,
ia_bim_eighteenth-century_forste-forsog-paa-norge_pontoppidan-erik-the-y_1775_2,637,0.00534,junk,,,,
ia_bim_eighteenth-century_forste-forsog-paa-norge_pontoppidan-erik-the-y_1775_2,638,0.3963,junk,,,,
ia_bim_eighteenth-century_forste-forsog-paa-norge_pontoppidan-erik-the-y_1775_2,639,0.15256,junk,,,,
ia_bim_eighteenth-century_forste-forsog-paa-norge_pontoppidan-erik-the-y_1775_2,640,0.00851,junk,,,,
ia_bim_eighteenth-century_forste-forsog-paa-norge_pontoppidan-erik-the-y_1775_2,641,0.00636,junk,,,,
ia_bim_eighteenth-century_forste-forsog-paa-norge_pontoppidan-erik-the-y_1775_2,642,0.04242,junk,,,,
ia_bim_eighteenth-century_forste-forsog-paa-norge_pontoppidan-erik-the-y_1775_2,643,0.00851,junk,,,,
ia_bim_eighteenth-century_forste-forsog-paa-norge_pontoppidan-erik-the-y_1775_2,644,0.00586,junk,,,,
ia_bim_eighteenth-century_forste-forsog-paa-norge_pontoppidan-erik-the-y_1775_2,645,0.00012,junk,,,,
ia_bim_eighteenth-century_forste-forsog-paa-norge_pontoppidan-erik-the-y_1775_2,646,0.00067,junk,,,,
ia_bim_eighteenth-century_forste-forsog-paa-norge_pontoppidan-erik-the-y_1775_2,647,0.00151,junk,,,,
ia_bim_eighteenth-century_forste-forsog-paa-norge_pontoppidan-erik-the-y_1775_2,648,0.22716,junk,,,,
ia_bim_eighteenth-century_forste-forsog-paa-norge_pontoppidan-erik-the-y_1775_2,649,0.02949,junk,,,,
ia_bim_eighteenth-century_forste-forsog-paa-norge_pontoppidan-erik-the-y_1775_2,650,0.0238,junk,,,,
ia_bim_eighteenth-century_forste-forsog-paa-norge_pontoppidan-erik-the-y_1775_2,651,0.12964,junk,,,,
ia_bim_eighteenth-century_forste-forsog-paa-norge_pontoppidan-erik-the-y_1775_2,652,0.00092,junk,,,,
ia_bim_eighteenth-century_forste-forsog-paa-norge_pontoppidan-erik-the-y_1775_2,653,0.00368,junk,,,,
ia_bim_eighteenth-century_forste-forsog-paa-norge_pontoppidan-erik-the-y_1775_2,654,0.02914,junk,,,,
ia_bim_eighteenth-century_forste-forsog-paa-norge_pontoppidan-erik-the-y_1775_2,655,0.03583,junk,,,,
ia_bim_eighteenth-century_forste-forsog-paa-norge_pontoppidan-erik-the-y_1775_2,656,0.00155,junk,,,,
ia_bim_eighteenth-century_forste-forsog-paa-norge_pontoppidan-erik-the-y_1775_2,657,0.00397,junk,,,,
ia_bim_eighteenth-century_forste-forsog-paa-norge_pontoppidan-erik-the-y_1775_2,658,0.00748,junk,,,,
ia_bim_eighteenth-century_forste-forsog-paa-norge_pontoppidan-erik-the-y_1775_2,659,0.0026,junk,,,,
ia_bim_eighteenth-century_forste-forsog-paa-norge_pontoppidan-erik-the-y_1775_2,660,0.52876,non_junk,divine_teleology,0.98867,0.01038,0.00094
ia_bim_eighteenth-century_forste-forsog-paa-norge_pontoppidan-erik-the-y_1775_2,661,0.52876,non_junk,divine_teleology,0.98867,0.01038,0.00094
ia_bim_eighteenth-century_forste-forsog-paa-norge_pontoppidan-erik-the-y_1775_2,662,0.25241,junk,,,,
ia_bim_eighteenth-century_forste-forsog-paa-norge_pontoppidan-erik-the-y_1775_2,663,0.00538,junk,,,,
ia_bim_eighteenth-century_forste-forsog-paa-norge_pontoppidan-erik-the-y_1775_2,664,0.00404,junk,,,,
ia_bim_eighteenth-century_forste-forsog-paa-norge_pontoppidan-erik-the-y_1775_2,665,0.75189,non_junk,non_divine_teleology,0.03579,0.93091,0.0333
ia_bim_eighteenth-century_forste-forsog-paa-norge_pontoppidan-erik-the-y_1775_2,666,0.01038,junk,,,,
ia_bim_eighteenth-century_forste-forsog-paa-norge_pontoppidan-erik-the-y_1775_2,667,0.00405,junk,,,,
ia_bim_eighteenth-century_forste-forsog-paa-norge_pontoppidan-erik-the-y_1775_2,668,0.15441,junk,,,,
ia_bim_eighteenth-century_forste-forsog-paa-norge_pontoppidan-erik-the-y_1775_2,669,0.12854,junk,,,,
ia_bim_eighteenth-century_forste-forsog-paa-norge_pontoppidan-erik-the-y_1775_2,670,0.08594,junk,,,,
ia_bim_eighteenth-century_forste-forsog-paa-norge_pontoppidan-erik-the-y_1775_2,671,0.00283,junk,,,,
ia_bim_eighteenth-century_forste-forsog-paa-norge_pontoppidan-erik-the-y_1775_2,672,0.98285,non_junk,non_divine_teleology,0.01498,0.97228,0.01274
ia_bim_eighteenth-century_forste-forsog-paa-norge_pontoppidan-erik-the-y_1775_2,673,0.14068,junk,,,,
ia_bim_eighteenth-century_forste-forsog-paa-norge_pontoppidan-erik-the-y_1775_2,674,0.00811,junk,,,,
ia_bim_eighteenth-century_forste-forsog-paa-norge_pontoppidan-erik-the-y_1775_2,675,0.98285,non_junk,non_divine_teleology,0.01498,0.97228,0.01274
ia_bim_eighteenth-century_forste-forsog-paa-norge_pontoppidan-erik-the-y_1775_2,676,0.14068,junk,,,,
ia_bim_eighteenth-century_forste-forsog-paa-norge_pontoppidan-erik-the-y_1775_2,677,0.02683,junk,,,,
ia_bim_eighteenth-century_forste-forsog-paa-norge_pontoppidan-erik-the-y_1775_2,678,0.01885,junk,,,,
ia_bim_eighteenth-century_forste-forsog-paa-norge_pontoppidan-erik-the-y_1775_2,679,0.01675,junk,,,,
ia_bim_eighteenth-century_forste-forsog-paa-norge_pontoppidan-erik-the-y_1775_2,680,0.0018,junk,,,,
ia_bim_eighteenth-century_forste-forsog-paa-norge_pontoppidan-erik-the-y_1775_2,681,0.00407,junk,,,,
ia_bim_eighteenth-century_forste-forsog-paa-norge_pontoppidan-erik-the-y_1775_2,682,0.98917,non_junk,non_divine_teleology,0.00668,0.96022,0.03309
ia_bim_eighteenth-century_forste-forsog-paa-norge_pontoppidan-erik-the-y_1775_2,683,0.00458,junk,,,,
ia_bim_eighteenth-century_forste-forsog-paa-norge_pontoppidan-erik-the-y_1775_2,684,0.03843,junk,,,,
ia_bim_eighteenth-century_forste-forsog-paa-norge_pontoppidan-erik-the-y_1775_2,685,0.00215,junk,,,,
ia_bim_eighteenth-century_forste-forsog-paa-norge_pontoppidan-erik-the-y_1775_2,686,0.95929,non_junk,divine_teleology,0.9932,0.00651,0.00029
ia_bim_eighteenth-century_forste-forsog-paa-norge_pontoppidan-erik-the-y_1775_2,687,0.96342,non_junk,divine_teleology,0.92783,0.05468,0.01749
ia_bim_eighteenth-century_forste-forsog-paa-norge_pontoppidan-erik-the-y_1775_2,688,0.21732,junk,,,,
ia_bim_eighteenth-century_forste-forsog-paa-norge_pontoppidan-erik-the-y_1775_2,689,0.00058,junk,,,,
ia_bim_eighteenth-century_forste-forsog-paa-norge_pontoppidan-erik-the-y_1775_2,690,0.9556,non_junk,non_divine_teleology,0.02961,0.91689,0.0535
ia_bim_eighteenth-century_forste-forsog-paa-norge_pontoppidan-erik-the-y_1775_2,691,0.00131,junk,,,,
ia_bim_eighteenth-century_forste-forsog-paa-norge_pontoppidan-erik-the-y_1775_2,692,0.03616,junk,,,,
ia_bim_eighteenth-century_forste-forsog-paa-norge_pontoppidan-erik-the-y_1775_2,693,0.10205,junk,,,,
ia_bim_eighteenth-century_forste-forsog-paa-norge_pontoppidan-erik-the-y_1775_2,694,0.9556,non_junk,non_divine_teleology,0.02961,0.91689,0.0535
ia_bim_eighteenth-century_forste-forsog-paa-norge_pontoppidan-erik-the-y_1775_2,695,0.00131,junk,,,,
ia_bim_eighteenth-century_forste-forsog-paa-norge_pontoppidan-erik-the-y_1775_2,696,0.03616,junk,,,,
ia_bim_eighteenth-century_forste-forsog-paa-norge_pontoppidan-erik-the-y_1775_2,697,0.62708,non_junk,divine_teleology,0.58767,0.41034,0.00199
ia_bim_eighteenth-century_forste-forsog-paa-norge_pontoppidan-erik-the-y_1775_2,698,0.07582,junk,,,,
ia_bim_eighteenth-century_forste-forsog-paa-norge_pontoppidan-erik-the-y_1775_2,699,0.03723,junk,,,,
ia_bim_eighteenth-century_forste-forsog-paa-norge_pontoppidan-erik-the-y_1775_2,700,0.00169,junk,,,,
ia_bim_eighteenth-century_forste-forsog-paa-norge_pontoppidan-erik-the-y_1775_2,701,0.00018,junk,,,,
ia_bim_eighteenth-century_forste-forsog-paa-norge_pontoppidan-erik-the-y_1775_2,702,0.00329,junk,,,,
ia_bim_eighteenth-century_forste-forsog-paa-norge_pontoppidan-erik-the-y_1775_2,703,0.12683,junk,,,,
ia_bim_eighteenth-century_forste-forsog-paa-norge_pontoppidan-erik-the-y_1775_2,704,0.00546,junk,,,,
ia_bim_eighteenth-century_forste-forsog-paa-norge_pontoppidan-erik-the-y_1775_2,705,0.08239,junk,,,,
ia_bim_eighteenth-century_forste-forsog-paa-norge_pontoppidan-erik-the-y_1775_2,706,0.00546,junk,,,,
ia_bim_eighteenth-century_forste-forsog-paa-norge_pontoppidan-erik-the-y_1775_2,707,0.05152,junk,,,,
ia_bim_eighteenth-century_forste-forsog-paa-norge_pontoppidan-erik-the-y_1775_2,708,0.00962,junk,,,,
ia_bim_eighteenth-century_forste-forsog-paa-norge_pontoppidan-erik-the-y_1775_2,709,0.00411,junk,,,,
ia_bim_eighteenth-century_forste-forsog-paa-norge_pontoppidan-erik-the-y_1775_2,710,0.00216,junk,,,,
ia_bim_eighteenth-century_forste-forsog-paa-norge_pontoppidan-erik-the-y_1775_2,711,0.13039,junk,,,,
ia_bim_eighteenth-century_forste-forsog-paa-norge_pontoppidan-erik-the-y_1775_2,712,0.00411,junk,,,,
ia_bim_eighteenth-century_forste-forsog-paa-norge_pontoppidan-erik-the-y_1775_2,713,0.00216,junk,,,,
ia_bim_eighteenth-century_forste-forsog-paa-norge_pontoppidan-erik-the-y_1775_2,714,0.09784,junk,,,,
ia_bim_eighteenth-century_forste-forsog-paa-norge_pontoppidan-erik-the-y_1775_2,715,0.00077,junk,,,,
ia_bim_eighteenth-century_forste-forsog-paa-norge_pontoppidan-erik-the-y_1775_2,716,0.0126,junk,,,,
ia_bim_eighteenth-century_forste-forsog-paa-norge_pontoppidan-erik-the-y_1775_2,717,0.08353,junk,,,,
ia_bim_eighteenth-century_forste-forsog-paa-norge_pontoppidan-erik-the-y_1775_2,718,0.00035,junk,,,,
ia_bim_eighteenth-century_forste-forsog-paa-norge_pontoppidan-erik-the-y_1775_2,719,0.08354,junk,,,,
ia_bim_eighteenth-century_forste-forsog-paa-norge_pontoppidan-erik-the-y_1775_2,720,0.0126,junk,,,,
ia_bim_eighteenth-century_forste-forsog-paa-norge_pontoppidan-erik-the-y_1775_2,721,0.08353,junk,,,,
ia_bim_eighteenth-century_forste-forsog-paa-norge_pontoppidan-erik-the-y_1775_2,722,0.00035,junk,,,,
ia_bim_eighteenth-century_forste-forsog-paa-norge_pontoppidan-erik-the-y_1775_2,723,0.06311,junk,,,,
ia_bim_eighteenth-century_forste-forsog-paa-norge_pontoppidan-erik-the-y_1775_2,724,0.0012,junk,,,,
ia_bim_eighteenth-century_forste-forsog-paa-norge_pontoppidan-erik-the-y_1775_2,725,0.00701,junk,,,,
ia_bim_eighteenth-century_forste-forsog-paa-norge_pontoppidan-erik-the-y_1775_2,726,0.08674,junk,,,,
ia_bim_eighteenth-century_forste-forsog-paa-norge_pontoppidan-erik-the-y_1775_2,727,0.77355,non_junk,non_divine_teleology,0.01182,0.89742,0.09075
ia_bim_eighteenth-century_forste-forsog-paa-norge_pontoppidan-erik-the-y_1775_2,728,0.01921,junk,,,,
ia_bim_eighteenth-century_forste-forsog-paa-norge_pontoppidan-erik-the-y_1775_2,729,0.00889,junk,,,,
ia_bim_eighteenth-century_forste-forsog-paa-norge_pontoppidan-erik-the-y_1775_2,730,0.00889,junk,,,,
ia_bim_eighteenth-century_forste-forsog-paa-norge_pontoppidan-erik-the-y_1775_2,731,0.00467,junk,,,,
ia_bim_eighteenth-century_forste-forsog-paa-norge_pontoppidan-erik-the-y_1775_2,732,0.00294,junk,,,,
ia_bim_eighteenth-century_forste-forsog-paa-norge_pontoppidan-erik-the-y_1775_2,733,0.78895,non_junk,non_divine_teleology,0.02326,0.91812,0.05863
ia_bim_eighteenth-century_forste-forsog-paa-norge_pontoppidan-erik-the-y_1775_2,734,0.00765,junk,,,,
ia_bim_eighteenth-century_forste-forsog-paa-norge_pontoppidan-erik-the-y_1775_2,735,0.91012,non_junk,non_divine_teleology,0.00961,0.89187,0.09852
ia_bim_eighteenth-century_forste-forsog-paa-norge_pontoppidan-erik-the-y_1775_2,736,0.00031,junk,,,,
ia_bim_eighteenth-century_forste-forsog-paa-norge_pontoppidan-erik-the-y_1775_2,737,0.81502,non_junk,non_divine_teleology,0.00511,0.98701,0.00788
ia_bim_eighteenth-century_forste-forsog-paa-norge_pontoppidan-erik-the-y_1775_2,738,0.79438,non_junk,non_divine_teleology,0.00832,0.97343,0.01825
ia_bim_eighteenth-century_forste-forsog-paa-norge_pontoppidan-erik-the-y_1775_2,739,0.79828,non_junk,non_divine_teleology,0.00337,0.81818,0.17845
ia_bim_eighteenth-century_forste-forsog-paa-norge_pontoppidan-erik-the-y_1775_2,740,0.73903,non_junk,non_divine_teleology,0.01892,0.91713,0.06395
ia_bim_eighteenth-century_forste-forsog-paa-norge_pontoppidan-erik-the-y_1775_2,741,0.00586,junk,,,,
ia_bim_eighteenth-century_forste-forsog-paa-norge_pontoppidan-erik-the-y_1775_2,742,0.49898,junk,,,,
ia_bim_eighteenth-century_forste-forsog-paa-norge_pontoppidan-erik-the-y_1775_2,743,0.21776,junk,,,,
ia_bim_eighteenth-century_forste-forsog-paa-norge_pontoppidan-erik-the-y_1775_2,744,0.43202,junk,,,,
ia_bim_eighteenth-century_forste-forsog-paa-norge_pontoppidan-erik-the-y_1775_2,745,0.00461,junk,,,,
ia_bim_eighteenth-century_forste-forsog-paa-norge_pontoppidan-erik-the-y_1775_2,746,0.05417,junk,,,,
ia_bim_eighteenth-century_forste-forsog-paa-norge_pontoppidan-erik-the-y_1775_2,747,0.958,non_junk,internal_essence,0.00398,0.4854,0.51062
ia_bim_eighteenth-century_forste-forsog-paa-norge_pontoppidan-erik-the-y_1775_2,748,0.04782,junk,,,,
ia_bim_eighteenth-century_forste-forsog-paa-norge_pontoppidan-erik-the-y_1775_2,749,0.13669,junk,,,,
ia_bim_eighteenth-century_forste-forsog-paa-norge_pontoppidan-erik-the-y_1775_2,750,0.0143,junk,,,,
ia_bim_eighteenth-century_forste-forsog-paa-norge_pontoppidan-erik-the-y_1775_2,751,0.03944,junk,,,,
ia_bim_eighteenth-century_forste-forsog-paa-norge_pontoppidan-erik-the-y_1775_2,752,0.00012,junk,,,,
ia_bim_eighteenth-century_forste-forsog-paa-norge_pontoppidan-erik-the-y_1775_2,753,0.00272,junk,,,,
ia_bim_eighteenth-century_forste-forsog-paa-norge_pontoppidan-erik-the-y_1775_2,754,0.40737,junk,,,,
ia_bim_eighteenth-century_forste-forsog-paa-norge_pontoppidan-erik-the-y_1775_2,755,0.00189,junk,,,,
ia_bim_eighteenth-century_forste-forsog-paa-norge_pontoppidan-erik-the-y_1775_2,756,0.40737,junk,,,,
ia_bim_eighteenth-century_forste-forsog-paa-norge_pontoppidan-erik-the-y_1775_2,757,0.00131,junk,,,,
ia_bim_eighteenth-century_forste-forsog-paa-norge_pontoppidan-erik-the-y_1775_2,758,0.52,non_junk,non_divine_teleology,0.02947,0.91898,0.05155
ia_bim_eighteenth-century_forste-forsog-paa-norge_pontoppidan-erik-the-y_1775_2,759,4e-05,junk,,,,
ia_bim_eighteenth-century_forste-forsog-paa-norge_pontoppidan-erik-the-y_1775_2,760,0.03843,junk,,,,
ia_bim_eighteenth-century_forste-forsog-paa-norge_pontoppidan-erik-the-y_1775_2,761,0.01141,junk,,,,
ia_bim_eighteenth-century_forste-forsog-paa-norge_pontoppidan-erik-the-y_1775_2,762,0.01494,junk,,,,
ia_bim_eighteenth-century_forste-forsog-paa-norge_pontoppidan-erik-the-y_1775_2,763,0.00065,junk,,,,
ia_bim_eighteenth-century_forste-forsog-paa-norge_pontoppidan-erik-the-y_1775_2,764,0.05913,junk,,,,
ia_bim_eighteenth-century_forste-forsog-paa-norge_pontoppidan-erik-the-y_1775_2,765,0.35324,junk,,,,
ia_bim_eighteenth-century_forste-forsog-paa-norge_pontoppidan-erik-the-y_1775_2,766,0.01171,junk,,,,
ia_bim_eighteenth-century_forste-forsog-paa-norge_pontoppidan-erik-the-y_1775_2,767,0.01574,junk,,,,
ia_bim_eighteenth-century_forste-forsog-paa-norge_pontoppidan-erik-the-y_1775_2,768,0.00132,junk,,,,
ia_bim_eighteenth-century_forste-forsog-paa-norge_pontoppidan-erik-the-y_1775_2,769,0.02164,junk,,,,
ia_bim_eighteenth-century_forste-forsog-paa-norge_pontoppidan-erik-the-y_1775_2,770,0.0863,junk,,,,
ia_bim_eighteenth-century_forste-forsog-paa-norge_pontoppidan-erik-the-y_1775_2,771,0.94041,non_junk,non_divine_teleology,0.02432,0.69664,0.27904
ia_bim_eighteenth-century_forste-forsog-paa-norge_pontoppidan-erik-the-y_1775_2,772,0.13104,junk,,,,
ia_bim_eighteenth-century_forste-forsog-paa-norge_pontoppidan-erik-the-y_1775_2,773,0.63128,non_junk,non_divine_teleology,0.01519,0.9712,0.01362
ia_bim_eighteenth-century_forste-forsog-paa-norge_pontoppidan-erik-the-y_1775_2,774,0.13104,junk,,,,
ia_bim_eighteenth-century_forste-forsog-paa-norge_pontoppidan-erik-the-y_1775_2,775,0.63128,non_junk,non_divine_teleology,0.01519,0.9712,0.01362
ia_bim_eighteenth-century_forste-forsog-paa-norge_pontoppidan-erik-the-y_1775_2,776,0.01064,junk,,,,
ia_bim_eighteenth-century_forste-forsog-paa-norge_pontoppidan-erik-the-y_1775_2,777,0.00321,junk,,,,
ia_bim_eighteenth-century_forste-forsog-paa-norge_pontoppidan-erik-the-y_1775_2,778,0.00072,junk,,,,
ia_bim_eighteenth-century_forste-forsog-paa-norge_pontoppidan-erik-the-y_1775_2,779,0.00076,junk,,,,
ia_bim_eighteenth-century_forste-forsog-paa-norge_pontoppidan-erik-the-y_1775_2,780,0.02673,junk,,,,
ia_bim_eighteenth-century_forste-forsog-paa-norge_pontoppidan-erik-the-y_1775_2,781,0.01042,junk,,,,
ia_bim_eighteenth-century_forste-forsog-paa-norge_pontoppidan-erik-the-y_1775_2,782,0.00931,junk,,,,
ia_bim_eighteenth-century_forste-forsog-paa-norge_pontoppidan-erik-the-y_1775_2,783,0.03492,junk,,,,
ia_bim_eighteenth-century_forste-forsog-paa-norge_pontoppidan-erik-the-y_1775_2,784,0.00011,junk,,,,
ia_bim_eighteenth-century_forste-forsog-paa-norge_pontoppidan-erik-the-y_1775_2,785,0.00068,junk,,,,
ia_bim_eighteenth-century_forste-forsog-paa-norge_pontoppidan-erik-the-y_1775_2,786,0.00813,junk,,,,
ia_bim_eighteenth-century_forste-forsog-paa-norge_pontoppidan-erik-the-y_1775_2,787,0.99002,non_junk,divine_teleology,0.97232,0.02603,0.00165
ia_bim_eighteenth-century_forste-forsog-paa-norge_pontoppidan-erik-the-y_1775_2,788,0.01825,junk,,,,
ia_bim_eighteenth-century_forste-forsog-paa-norge_pontoppidan-erik-the-y_1775_2,789,6e-05,junk,,,,
ia_bim_eighteenth-century_forste-forsog-paa-norge_pontoppidan-erik-the-y_1775_2,790,0.99002,non_junk,divine_teleology,0.97232,0.02603,0.00165
ia_bim_eighteenth-century_forste-forsog-paa-norge_pontoppidan-erik-the-y_1775_2,791,0.01825,junk,,,,
ia_bim_eighteenth-century_forste-forsog-paa-norge_pontoppidan-erik-the-y_1775_2,792,0.00036,junk,,,,
ia_bim_eighteenth-century_forste-forsog-paa-norge_pontoppidan-erik-the-y_1775_2,793,0.00365,junk,,,,
ia_bim_eighteenth-century_forste-forsog-paa-norge_pontoppidan-erik-the-y_1775_2,794,0.22906,junk,,,,
ia_bim_eighteenth-century_forste-forsog-paa-norge_pontoppidan-erik-the-y_1775_2,795,0.6234,non_junk,non_divine_teleology,0.01406,0.79906,0.18689
ia_bim_eighteenth-century_forste-forsog-paa-norge_pontoppidan-erik-the-y_1775_2,796,0.88187,non_junk,non_divine_teleology,0.04428,0.9285,0.02722
ia_bim_eighteenth-century_forste-forsog-paa-norge_pontoppidan-erik-the-y_1775_2,797,0.01592,junk,,,,
ia_bim_eighteenth-century_forste-forsog-paa-norge_pontoppidan-erik-the-y_1775_2,798,0.88187,non_junk,non_divine_teleology,0.04428,0.9285,0.02722
ia_bim_eighteenth-century_forste-forsog-paa-norge_pontoppidan-erik-the-y_1775_2,799,0.01592,junk,,,,
ia_bim_eighteenth-century_forste-forsog-paa-norge_pontoppidan-erik-the-y_1775_2,800,0.00347,junk,,,,
ia_bim_eighteenth-century_forste-forsog-paa-norge_pontoppidan-erik-the-y_1775_2,801,0.00069,junk,,,,
ia_bim_eighteenth-century_forste-forsog-paa-norge_pontoppidan-erik-the-y_1775_2,802,0.29553,junk,,,,
ia_bim_eighteenth-century_forste-forsog-paa-norge_pontoppidan-erik-the-y_1775_2,803,0.04969,junk,,,,
ia_bim_eighteenth-century_forste-forsog-paa-norge_pontoppidan-erik-the-y_1775_2,804,0.01521,junk,,,,
ia_bim_eighteenth-century_forste-forsog-paa-norge_pontoppidan-erik-the-y_1775_2,805,0.84756,non_junk,non_divine_teleology,0.00772,0.98165,0.01063
ia_bim_eighteenth-century_forste-forsog-paa-norge_pontoppidan-erik-the-y_1775_2,806,0.00301,junk,,,,
ia_bim_eighteenth-century_forste-forsog-paa-norge_pontoppidan-erik-the-y_1775_2,807,0.0001,junk,,,,
ia_bim_eighteenth-century_forste-forsog-paa-norge_pontoppidan-erik-the-y_1775_2,808,0.05039,junk,,,,
ia_bim_eighteenth-century_forste-forsog-paa-norge_pontoppidan-erik-the-y_1775_2,809,0.00262,junk,,,,
ia_bim_eighteenth-century_forste-forsog-paa-norge_pontoppidan-erik-the-y_1775_2,810,0.00091,junk,,,,
ia_bim_eighteenth-century_forste-forsog-paa-norge_pontoppidan-erik-the-y_1775_2,811,0.99501,non_junk,internal_essence,0.0432,0.29232,0.66448
ia_bim_eighteenth-century_forste-forsog-paa-norge_pontoppidan-erik-the-y_1775_2,812,0.00064,junk,,,,
ia_bim_eighteenth-century_forste-forsog-paa-norge_pontoppidan-erik-the-y_1775_2,813,0.00118,junk,,,,
ia_bim_eighteenth-century_forste-forsog-paa-norge_pontoppidan-erik-the-y_1775_2,814,0.00262,junk,,,,
ia_bim_eighteenth-century_forste-forsog-paa-norge_pontoppidan-erik-the-y_1775_2,815,0.00042,junk,,,,
ia_bim_eighteenth-century_forste-forsog-paa-norge_pontoppidan-erik-the-y_1775_2,816,0.00555,junk,,,,
ia_bim_eighteenth-century_forste-forsog-paa-norge_pontoppidan-erik-the-y_1775_2,817,0.03678,junk,,,,
ia_bim_eighteenth-century_forste-forsog-paa-norge_pontoppidan-erik-the-y_1775_2,818,0.00046,junk,,,,
ia_bim_eighteenth-century_forste-forsog-paa-norge_pontoppidan-erik-the-y_1775_2,819,4e-05,junk,,,,
ia_bim_eighteenth-century_forste-forsog-paa-norge_pontoppidan-erik-the-y_1775_2,820,0.0018,junk,,,,
ia_bim_eighteenth-century_forste-forsog-paa-norge_pontoppidan-erik-the-y_1775_2,821,0.00053,junk,,,,
ia_bim_eighteenth-century_forste-forsog-paa-norge_pontoppidan-erik-the-y_1775_2,822,0.00421,junk,,,,
ia_bim_eighteenth-century_forste-forsog-paa-norge_pontoppidan-erik-the-y_1775_2,823,0.00069,junk,,,,
ia_bim_eighteenth-century_forste-forsog-paa-norge_pontoppidan-erik-the-y_1775_2,824,0.00762,junk,,,,
ia_bim_eighteenth-century_forste-forsog-paa-norge_pontoppidan-erik-the-y_1775_2,825,0.85819,non_junk,divine_teleology,0.99826,0.00163,0.00011
ia_bim_eighteenth-century_forste-forsog-paa-norge_pontoppidan-erik-the-y_1775_2,826,0.00336,junk,,,,
ia_bim_eighteenth-century_forste-forsog-paa-norge_pontoppidan-erik-the-y_1775_2,827,0.01605,junk,,,,
ia_bim_eighteenth-century_forste-forsog-paa-norge_pontoppidan-erik-the-y_1775_2,828,0.04275,junk,,,,
ia_bim_eighteenth-century_forste-forsog-paa-norge_pontoppidan-erik-the-y_1775_2,829,0.00029,junk,,,,
ia_bim_eighteenth-century_forste-forsog-paa-norge_pontoppidan-erik-the-y_1775_2,830,0.00664,junk,,,,
ia_bim_eighteenth-century_forste-forsog-paa-norge_pontoppidan-erik-the-y_1775_2,831,0.00032,junk,,,,
ia_bim_eighteenth-century_forste-forsog-paa-norge_pontoppidan-erik-the-y_1775_2,832,0.00011,junk,,,,
ia_bim_eighteenth-century_forste-forsog-paa-norge_pontoppidan-erik-the-y_1775_2,833,0.00205,junk,,,,
ia_bim_eighteenth-century_forste-forsog-paa-norge_pontoppidan-erik-the-y_1775_2,834,0.07368,junk,,,,
ia_bim_eighteenth-century_forste-forsog-paa-norge_pontoppidan-erik-the-y_1775_2,835,0.02196,junk,,,,
ia_bim_eighteenth-century_forste-forsog-paa-norge_pontoppidan-erik-the-y_1775_2,836,0.00128,junk,,,,
ia_bim_eighteenth-century_forste-forsog-paa-norge_pontoppidan-erik-the-y_1775_2,837,0.75805,non_junk,non_divine_teleology,0.0114,0.88418,0.10442
ia_bim_eighteenth-century_forste-forsog-paa-norge_pontoppidan-erik-the-y_1775_2,838,0.03379,junk,,,,
ia_bim_eighteenth-century_forste-forsog-paa-norge_pontoppidan-erik-the-y_1775_2,839,0.00014,junk,,,,
ia_bim_eighteenth-century_forste-forsog-paa-norge_pontoppidan-erik-the-y_1775_2,840,0.0434,junk,,,,
ia_bim_eighteenth-century_forste-forsog-paa-norge_pontoppidan-erik-the-y_1775_2,841,0.0013,junk,,,,
ia_bim_eighteenth-century_forste-forsog-paa-norge_pontoppidan-erik-the-y_1775_2,842,0.1322,junk,,,,
ia_bim_eighteenth-century_forste-forsog-paa-norge_pontoppidan-erik-the-y_1775_2,843,0.53563,non_junk,non_divine_teleology,0.00254,0.93798,0.05948
ia_bim_eighteenth-century_forste-forsog-paa-norge_pontoppidan-erik-the-y_1775_2,844,0.04063,junk,,,,
ia_bim_eighteenth-century_forste-forsog-paa-norge_pontoppidan-erik-the-y_1775_2,845,0.00035,junk,,,,
ia_bim_eighteenth-century_forste-forsog-paa-norge_pontoppidan-erik-the-y_1775_2,846,0.0004,junk,,,,
ia_bim_eighteenth-century_forste-forsog-paa-norge_pontoppidan-erik-the-y_1775_2,847,0.00035,junk,,,,
ia_bim_eighteenth-century_forste-forsog-paa-norge_pontoppidan-erik-the-y_1775_2,848,0.0004,junk,,,,
ia_bim_eighteenth-century_forste-forsog-paa-norge_pontoppidan-erik-the-y_1775_2,849,0.70188,non_junk,non_divine_teleology,0.00271,0.97103,0.02626
ia_bim_eighteenth-century_forste-forsog-paa-norge_pontoppidan-erik-the-y_1775_2,850,0.0004,junk,,,,
ia_bim_eighteenth-century_forste-forsog-paa-norge_pontoppidan-erik-the-y_1775_2,851,0.00013,junk,,,,
ia_bim_eighteenth-century_forste-forsog-paa-norge_pontoppidan-erik-the-y_1775_2,852,0.16123,junk,,,,
ia_bim_eighteenth-century_forste-forsog-paa-norge_pontoppidan-erik-the-y_1775_2,853,0.00866,junk,,,,
ia_bim_eighteenth-century_forste-forsog-paa-norge_pontoppidan-erik-the-y_1775_2,854,0.00045,junk,,,,
ia_bim_eighteenth-century_forste-forsog-paa-norge_pontoppidan-erik-the-y_1775_2,855,0.00196,junk,,,,
ia_bim_eighteenth-century_forste-forsog-paa-norge_pontoppidan-erik-the-y_1775_2,856,0.40191,junk,,,,
ia_bim_eighteenth-century_forste-forsog-paa-norge_pontoppidan-erik-the-y_1775_2,857,0.01291,junk,,,,
ia_bim_eighteenth-century_forste-forsog-paa-norge_pontoppidan-erik-the-y_1775_2,858,0.00045,junk,,,,
ia_bim_eighteenth-century_forste-forsog-paa-norge_pontoppidan-erik-the-y_1775_2,859,0.00196,junk,,,,
ia_bim_eighteenth-century_forste-forsog-paa-norge_pontoppidan-erik-the-y_1775_2,860,0.40191,junk,,,,
ia_bim_eighteenth-century_forste-forsog-paa-norge_pontoppidan-erik-the-y_1775_2,861,0.01291,junk,,,,
ia_bim_eighteenth-century_forste-forsog-paa-norge_pontoppidan-erik-the-y_1775_2,862,0.00946,junk,,,,
ia_bim_eighteenth-century_forste-forsog-paa-norge_pontoppidan-erik-the-y_1775_2,863,0.02237,junk,,,,
ia_bim_eighteenth-century_forste-forsog-paa-norge_pontoppidan-erik-the-y_1775_2,864,0.00306,junk,,,,
ia_bim_eighteenth-century_forste-forsog-paa-norge_pontoppidan-erik-the-y_1775_2,865,0.00021,junk,,,,
ia_bim_eighteenth-century_forste-forsog-paa-norge_pontoppidan-erik-the-y_1775_2,866,0.0022,junk,,,,
ia_bim_eighteenth-century_forste-forsog-paa-norge_pontoppidan-erik-the-y_1775_2,867,0.00025,junk,,,,
ia_bim_eighteenth-century_forste-forsog-paa-norge_pontoppidan-erik-the-y_1775_2,868,0.01188,junk,,,,
ia_bim_eighteenth-century_forste-forsog-paa-norge_pontoppidan-erik-the-y_1775_2,869,0.00025,junk,,,,
ia_bim_eighteenth-century_forste-forsog-paa-norge_pontoppidan-erik-the-y_1775_2,870,0.01188,junk,,,,
ia_bim_eighteenth-century_forste-forsog-paa-norge_pontoppidan-erik-the-y_1775_2,871,0.00047,junk,,,,
ia_bim_eighteenth-century_forste-forsog-paa-norge_pontoppidan-erik-the-y_1775_2,872,0.00038,junk,,,,
ia_bim_eighteenth-century_forste-forsog-paa-norge_pontoppidan-erik-the-y_1775_2,873,0.00676,junk,,,,
ia_bim_eighteenth-century_forste-forsog-paa-norge_pontoppidan-erik-the-y_1775_2,874,0.00036,junk,,,,
ia_bim_eighteenth-century_forste-forsog-paa-norge_pontoppidan-erik-the-y_1775_2,875,0.05298,junk,,,,
ia_bim_eighteenth-century_forste-forsog-paa-norge_pontoppidan-erik-the-y_1775_2,876,0.00925,junk,,,,
ia_bim_eighteenth-century_forste-forsog-paa-norge_pontoppidan-erik-the-y_1775_2,877,0.00719,junk,,,,
ia_bim_eighteenth-century_forste-forsog-paa-norge_pontoppidan-erik-the-y_1775_2,878,0.00575,junk,,,,
ia_bim_eighteenth-century_forste-forsog-paa-norge_pontoppidan-erik-the-y_1775_2,879,8e-05,junk,,,,
ia_bim_eighteenth-century_forste-forsog-paa-norge_pontoppidan-erik-the-y_1775_2,880,0.00137,junk,,,,
ia_bim_eighteenth-century_forste-forsog-paa-norge_pontoppidan-erik-the-y_1775_2,881,0.00011,junk,,,,
ia_bim_eighteenth-century_forste-forsog-paa-norge_pontoppidan-erik-the-y_1775_2,882,0.00318,junk,,,,
ia_bim_eighteenth-century_forste-forsog-paa-norge_pontoppidan-erik-the-y_1775_2,883,0.00199,junk,,,,
ia_bim_eighteenth-century_forste-forsog-paa-norge_pontoppidan-erik-the-y_1775_2,884,0.00311,junk,,,,
ia_bim_eighteenth-century_forste-forsog-paa-norge_pontoppidan-erik-the-y_1775_2,885,0.00117,junk,,,,
ia_bim_eighteenth-century_forste-forsog-paa-norge_pontoppidan-erik-the-y_1775_2,886,5e-05,junk,,,,
ia_bim_eighteenth-century_forste-forsog-paa-norge_pontoppidan-erik-the-y_1775_2,887,0.00461,junk,,,,
ia_bim_eighteenth-century_forste-forsog-paa-norge_pontoppidan-erik-the-y_1775_2,888,0.00571,junk,,,,
ia_bim_eighteenth-century_forste-forsog-paa-norge_pontoppidan-erik-the-y_1775_2,889,0.01173,junk,,,,
ia_bim_eighteenth-century_forste-forsog-paa-norge_pontoppidan-erik-the-y_1775_2,890,0.00051,junk,,,,
ia_bim_eighteenth-century_forste-forsog-paa-norge_pontoppidan-erik-the-y_1775_2,891,0.10154,junk,,,,
ia_bim_eighteenth-century_forste-forsog-paa-norge_pontoppidan-erik-the-y_1775_2,892,0.02549,junk,,,,
ia_bim_eighteenth-century_forste-forsog-paa-norge_pontoppidan-erik-the-y_1775_2,893,4e-05,junk,,,,
ia_bim_eighteenth-century_forste-forsog-paa-norge_pontoppidan-erik-the-y_1775_2,894,0.00016,junk,,,,
ia_bim_eighteenth-century_forste-forsog-paa-norge_pontoppidan-erik-the-y_1775_2,895,0.00269,junk,,,,
ia_bim_eighteenth-century_forste-forsog-paa-norge_pontoppidan-erik-the-y_1775_2,896,6e-05,junk,,,,
ia_bim_eighteenth-century_forste-forsog-paa-norge_pontoppidan-erik-the-y_1775_2,897,0.18017,junk,,,,
ia_bim_eighteenth-century_forste-forsog-paa-norge_pontoppidan-erik-the-y_1775_2,898,0.00704,junk,,,,
ia_bim_eighteenth-century_forste-forsog-paa-norge_pontoppidan-erik-the-y_1775_2,899,0.00106,junk,,,,
ia_bim_eighteenth-century_forste-forsog-paa-norge_pontoppidan-erik-the-y_1775_2,900,0.00351,junk,,,,
ia_bim_eighteenth-century_forste-forsog-paa-norge_pontoppidan-erik-the-y_1775_2,901,0.47884,junk,,,,
ia_bim_eighteenth-century_forste-forsog-paa-norge_pontoppidan-erik-the-y_1775_2,902,0.27674,junk,,,,
ia_bim_eighteenth-century_forste-forsog-paa-norge_pontoppidan-erik-the-y_1775_2,903,0.01622,junk,,,,
ia_bim_eighteenth-century_forste-forsog-paa-norge_pontoppidan-erik-the-y_1775_2,904,0.01246,junk,,,,
ia_bim_eighteenth-century_forste-forsog-paa-norge_pontoppidan-erik-the-y_1775_2,905,0.06061,junk,,,,
ia_bim_eighteenth-century_forste-forsog-paa-norge_pontoppidan-erik-the-y_1775_2,906,0.02778,junk,,,,
ia_bim_eighteenth-century_forste-forsog-paa-norge_pontoppidan-erik-the-y_1775_2,907,0.01522,junk,,,,
ia_bim_eighteenth-century_forste-forsog-paa-norge_pontoppidan-erik-the-y_1775_2,908,0.0082,junk,,,,
ia_bim_eighteenth-century_forste-forsog-paa-norge_pontoppidan-erik-the-y_1775_2,909,0.00092,junk,,,,
ia_bim_eighteenth-century_forste-forsog-paa-norge_pontoppidan-erik-the-y_1775_2,910,0.00109,junk,,,,
ia_bim_eighteenth-century_forste-forsog-paa-norge_pontoppidan-erik-the-y_1775_2,911,0.00092,junk,,,,
ia_bim_eighteenth-century_forste-forsog-paa-norge_pontoppidan-erik-the-y_1775_2,912,0.00149,junk,,,,
ia_bim_eighteenth-century_forste-forsog-paa-norge_pontoppidan-erik-the-y_1775_2,913,0.00044,junk,,,,
ia_bim_eighteenth-century_forste-forsog-paa-norge_pontoppidan-erik-the-y_1775_2,914,0.00067,junk,,,,
ia_bim_eighteenth-century_forste-forsog-paa-norge_pontoppidan-erik-the-y_1775_2,915,0.00093,junk,,,,
ia_bim_eighteenth-century_forste-forsog-paa-norge_pontoppidan-erik-the-y_1775_2,916,0.00041,junk,,,,
ia_bim_eighteenth-century_forste-forsog-paa-norge_pontoppidan-erik-the-y_1775_2,917,0.0032,junk,,,,
ia_bim_eighteenth-century_forste-forsog-paa-norge_pontoppidan-erik-the-y_1775_2,918,0.00321,junk,,,,
ia_bim_eighteenth-century_forste-forsog-paa-norge_pontoppidan-erik-the-y_1775_2,919,0.00024,junk,,,,
ia_bim_eighteenth-century_forste-forsog-paa-norge_pontoppidan-erik-the-y_1775_2,920,0.00011,junk,,,,
ia_bim_eighteenth-century_forste-forsog-paa-norge_pontoppidan-erik-the-y_1775_2,921,0.0219,junk,,,,
ia_bim_eighteenth-century_forste-forsog-paa-norge_pontoppidan-erik-the-y_1775_2,922,0.00074,junk,,,,
ia_bim_eighteenth-century_forste-forsog-paa-norge_pontoppidan-erik-the-y_1775_2,923,0.00101,junk,,,,
ia_bim_eighteenth-century_forste-forsog-paa-norge_pontoppidan-erik-the-y_1775_2,924,0.00025,junk,,,,
ia_bim_eighteenth-century_forste-forsog-paa-norge_pontoppidan-erik-the-y_1775_2,925,0.1287,junk,,,,
ia_bim_eighteenth-century_forste-forsog-paa-norge_pontoppidan-erik-the-y_1775_2,926,0.08763,junk,,,,
ia_bim_eighteenth-century_forste-forsog-paa-norge_pontoppidan-erik-the-y_1775_2,927,0.00022,junk,,,,
ia_bim_eighteenth-century_forste-forsog-paa-norge_pontoppidan-erik-the-y_1775_2,928,0.50889,non_junk,internal_essence,0.01218,0.07139,0.91643
ia_bim_eighteenth-century_forste-forsog-paa-norge_pontoppidan-erik-the-y_1775_2,929,0.00022,junk,,,,
ia_bim_eighteenth-century_forste-forsog-paa-norge_pontoppidan-erik-the-y_1775_2,930,0.00244,junk,,,,
ia_bim_eighteenth-century_forste-forsog-paa-norge_pontoppidan-erik-the-y_1775_2,931,0.01124,junk,,,,
ia_bim_eighteenth-century_forste-forsog-paa-norge_pontoppidan-erik-the-y_1775_2,932,0.01129,junk,,,,
ia_bim_eighteenth-century_forste-forsog-paa-norge_pontoppidan-erik-the-y_1775_2,933,0.01124,junk,,,,
ia_bim_eighteenth-century_forste-forsog-paa-norge_pontoppidan-erik-the-y_1775_2,934,0.44562,junk,,,,
ia_bim_eighteenth-century_forste-forsog-paa-norge_pontoppidan-erik-the-y_1775_2,935,0.73238,non_junk,non_divine_teleology,0.03373,0.95467,0.01161
ia_bim_eighteenth-century_forste-forsog-paa-norge_pontoppidan-erik-the-y_1775_2,936,0.02982,junk,,,,
ia_bim_eighteenth-century_forste-forsog-paa-norge_pontoppidan-erik-the-y_1775_2,937,0.99541,non_junk,divine_teleology,0.9491,0.0443,0.0066
ia_bim_eighteenth-century_forste-forsog-paa-norge_pontoppidan-erik-the-y_1775_2,938,0.02982,junk,,,,
ia_bim_eighteenth-century_forste-forsog-paa-norge_pontoppidan-erik-the-y_1775_2,939,0.9911,non_junk,divine_teleology,0.80387,0.18851,0.00762
ia_bim_eighteenth-century_forste-forsog-paa-norge_pontoppidan-erik-the-y_1775_2,940,0.14803,junk,,,,
ia_bim_eighteenth-century_forste-forsog-paa-norge_pontoppidan-erik-the-y_1775_2,941,0.00825,junk,,,,
ia_bim_eighteenth-century_forste-forsog-paa-norge_pontoppidan-erik-the-y_1775_2,942,0.00487,junk,,,,
ia_bim_eighteenth-century_forste-forsog-paa-norge_pontoppidan-erik-the-y_1775_2,943,0.00825,junk,,,,
ia_bim_eighteenth-century_forste-forsog-paa-norge_pontoppidan-erik-the-y_1775_2,944,0.00077,junk,,,,
ia_bim_eighteenth-century_forste-forsog-paa-norge_pontoppidan-erik-the-y_1775_2,945,0.00024,junk,,,,
ia_bim_eighteenth-century_forste-forsog-paa-norge_pontoppidan-erik-the-y_1775_2,946,0.00221,junk,,,,
ia_bim_eighteenth-century_forste-forsog-paa-norge_pontoppidan-erik-the-y_1775_2,947,0.00221,junk,,,,
ia_bim_eighteenth-century_forste-forsog-paa-norge_pontoppidan-erik-the-y_1775_2,948,0.00748,junk,,,,
ia_bim_eighteenth-century_forste-forsog-paa-norge_pontoppidan-erik-the-y_1775_2,949,0.00115,junk,,,,
ia_bim_eighteenth-century_forste-forsog-paa-norge_pontoppidan-erik-the-y_1775_2,950,0.00748,junk,,,,
ia_bim_eighteenth-century_forste-forsog-paa-norge_pontoppidan-erik-the-y_1775_2,951,0.00115,junk,,,,
ia_bim_eighteenth-century_forste-forsog-paa-norge_pontoppidan-erik-the-y_1775_2,952,0.70538,non_junk,internal_essence,0.03071,0.14956,0.81973
ia_bim_eighteenth-century_forste-forsog-paa-norge_pontoppidan-erik-the-y_1775_2,953,0.01135,junk,,,,
ia_bim_eighteenth-century_forste-forsog-paa-norge_pontoppidan-erik-the-y_1775_2,954,0.70538,non_junk,internal_essence,0.03071,0.14956,0.81973
ia_bim_eighteenth-century_forste-forsog-paa-norge_pontoppidan-erik-the-y_1775_2,955,0.01135,junk,,,,
ia_bim_eighteenth-century_forste-forsog-paa-norge_pontoppidan-erik-the-y_1775_2,956,0.00014,junk,,,,
ia_bim_eighteenth-century_forste-forsog-paa-norge_pontoppidan-erik-the-y_1775_2,957,0.00014,junk,,,,
ia_bim_eighteenth-century_forste-forsog-paa-norge_pontoppidan-erik-the-y_1775_2,958,0.00097,junk,,,,
ia_bim_eighteenth-century_forste-forsog-paa-norge_pontoppidan-erik-the-y_1775_2,959,0.00043,junk,,,,
ia_bim_eighteenth-century_forste-forsog-paa-norge_pontoppidan-erik-the-y_1775_2,960,0.01465,junk,,,,
ia_bim_eighteenth-century_forste-forsog-paa-norge_pontoppidan-erik-the-y_1775_2,961,0.08527,junk,,,,
ia_bim_eighteenth-century_forste-forsog-paa-norge_pontoppidan-erik-the-y_1775_2,962,0.00047,junk,,,,
ia_bim_eighteenth-century_forste-forsog-paa-norge_pontoppidan-erik-the-y_1775_2,963,0.00571,junk,,,,
ia_bim_eighteenth-century_forste-forsog-paa-norge_pontoppidan-erik-the-y_1775_2,964,0.00094,junk,,,,
ia_bim_eighteenth-century_forste-forsog-paa-norge_pontoppidan-erik-the-y_1775_2,965,0.00352,junk,,,,
ia_bim_eighteenth-century_forste-forsog-paa-norge_pontoppidan-erik-the-y_1775_2,966,0.97936,non_junk,non_divine_teleology,0.01454,0.91939,0.06606
ia_bim_eighteenth-century_forste-forsog-paa-norge_pontoppidan-erik-the-y_1775_2,967,0.00222,junk,,,,
ia_bim_eighteenth-century_forste-forsog-paa-norge_pontoppidan-erik-the-y_1775_2,968,0.00078,junk,,,,
ia_bim_eighteenth-century_forste-forsog-paa-norge_pontoppidan-erik-the-y_1775_2,969,0.00014,junk,,,,
ia_bim_eighteenth-century_forste-forsog-paa-norge_pontoppidan-erik-the-y_1775_2,970,0.00014,junk,,,,
ia_bim_eighteenth-century_forste-forsog-paa-norge_pontoppidan-erik-the-y_1775_2,971,0.00747,junk,,,,
ia_bim_eighteenth-century_forste-forsog-paa-norge_pontoppidan-erik-the-y_1775_2,972,0.00747,junk,,,,
ia_bim_eighteenth-century_forste-forsog-paa-norge_pontoppidan-erik-the-y_1775_2,973,0.01452,junk,,,,
ia_bim_eighteenth-century_forste-forsog-paa-norge_pontoppidan-erik-the-y_1775_2,974,0.43723,junk,,,,
ia_bim_eighteenth-century_forste-forsog-paa-norge_pontoppidan-erik-the-y_1775_2,975,0.76577,non_junk,non_divine_teleology,0.01546,0.95249,0.03205
ia_bim_eighteenth-century_forste-forsog-paa-norge_pontoppidan-erik-the-y_1775_2,976,0.00135,junk,,,,
ia_bim_eighteenth-century_forste-forsog-paa-norge_pontoppidan-erik-the-y_1775_2,977,0.29918,junk,,,,
ia_bim_eighteenth-century_forste-forsog-paa-norge_pontoppidan-erik-the-y_1775_2,978,0.00289,junk,,,,
ia_bim_eighteenth-century_forste-forsog-paa-norge_pontoppidan-erik-the-y_1775_2,979,3e-05,junk,,,,
ia_bim_eighteenth-century_forste-forsog-paa-norge_pontoppidan-erik-the-y_1775_2,980,0.00014,junk,,,,
ia_bim_eighteenth-century_forste-forsog-paa-norge_pontoppidan-erik-the-y_1775_2,981,0.01454,junk,,,,
ia_bim_eighteenth-century_forste-forsog-paa-norge_pontoppidan-erik-the-y_1775_2,982,0.00073,junk,,,,
ia_bim_eighteenth-century_forste-forsog-paa-norge_pontoppidan-erik-the-y_1775_2,983,0.01454,junk,,,,
ia_bim_eighteenth-century_forste-forsog-paa-norge_pontoppidan-erik-the-y_1775_2,984,0.00073,junk,,,,
ia_bim_eighteenth-century_forste-forsog-paa-norge_pontoppidan-erik-the-y_1775_2,985,0.00283,junk,,,,
ia_bim_eighteenth-century_forste-forsog-paa-norge_pontoppidan-erik-the-y_1775_2,986,0.00011,junk,,,,
ia_bim_eighteenth-century_forste-forsog-paa-norge_pontoppidan-erik-the-y_1775_2,987,0.02315,junk,,,,
ia_bim_eighteenth-century_forste-forsog-paa-norge_pontoppidan-erik-the-y_1775_2,988,0.0272,junk,,,,
ia_bim_eighteenth-century_forste-forsog-paa-norge_pontoppidan-erik-the-y_1775_2,989,0.9708,non_junk,non_divine_teleology,0.00421,0.98632,0.00948
ia_bim_eighteenth-century_forste-forsog-paa-norge_pontoppidan-erik-the-y_1775_2,990,0.00574,junk,,,,
ia_bim_eighteenth-century_forste-forsog-paa-norge_pontoppidan-erik-the-y_1775_2,991,0.01936,junk,,,,
ia_bim_eighteenth-century_forste-forsog-paa-norge_pontoppidan-erik-the-y_1775_2,992,0.00031,junk,,,,
ia_bim_eighteenth-century_forste-forsog-paa-norge_pontoppidan-erik-the-y_1775_2,993,0.02014,junk,,,,
ia_bim_eighteenth-century_forste-forsog-paa-norge_pontoppidan-erik-the-y_1775_2,994,0.00247,junk,,,,
ia_bim_eighteenth-century_forste-forsog-paa-norge_pontoppidan-erik-the-y_1775_2,995,0.04913,junk,,,,
ia_bim_eighteenth-century_forste-forsog-paa-norge_pontoppidan-erik-the-y_1775_2,996,0.00634,junk,,,,
ia_bim_eighteenth-century_forste-forsog-paa-norge_pontoppidan-erik-the-y_1775_2,997,0.09313,junk,,,,
ia_bim_eighteenth-century_forste-forsog-paa-norge_pontoppidan-erik-the-y_1775_2,998,0.262,junk,,,,
ia_bim_eighteenth-century_forste-forsog-paa-norge_pontoppidan-erik-the-y_1775_2,999,0.00188,junk,,,,
ia_bim_eighteenth-century_forste-forsog-paa-norge_pontoppidan-erik-the-y_1775_2,1000,0.00081,junk,,,,
ia_bim_eighteenth-century_forste-forsog-paa-norge_pontoppidan-erik-the-y_1775_2,1001,0.00101,junk,,,,
ia_bim_eighteenth-century_forste-forsog-paa-norge_pontoppidan-erik-the-y_1775_2,1002,0.01806,junk,,,,
ia_bim_eighteenth-century_forste-forsog-paa-norge_pontoppidan-erik-the-y_1775_2,1003,7e-05,junk,,,,
ia_bim_eighteenth-century_forste-forsog-paa-norge_pontoppidan-erik-the-y_1775_2,1004,0.00082,junk,,,,
ia_bim_eighteenth-century_forste-forsog-paa-norge_pontoppidan-erik-the-y_1775_2,1005,0.00056,junk,,,,
ia_bim_eighteenth-century_forste-forsog-paa-norge_pontoppidan-erik-the-y_1775_2,1006,0.05284,junk,,,,
ia_bim_eighteenth-century_forste-forsog-paa-norge_pontoppidan-erik-the-y_1775_2,1007,0.71651,non_junk,non_divine_teleology,0.0153,0.94866,0.03604
ia_bim_eighteenth-century_forste-forsog-paa-norge_pontoppidan-erik-the-y_1775_2,1008,0.00401,junk,,,,
ia_bim_eighteenth-century_forste-forsog-paa-norge_pontoppidan-erik-the-y_1775_2,1009,0.03612,junk,,,,
ia_bim_eighteenth-century_forste-forsog-paa-norge_pontoppidan-erik-the-y_1775_2,1010,0.00238,junk,,,,
ia_bim_eighteenth-century_forste-forsog-paa-norge_pontoppidan-erik-the-y_1775_2,1011,0.00238,junk,,,,
ia_bim_eighteenth-century_forste-forsog-paa-norge_pontoppidan-erik-the-y_1775_2,1012,0.03007,junk,,,,
ia_bim_eighteenth-century_forste-forsog-paa-norge_pontoppidan-erik-the-y_1775_2,1013,0.00904,junk,,,,
ia_bim_eighteenth-century_forste-forsog-paa-norge_pontoppidan-erik-the-y_1775_2,1014,0.0002,junk,,,,
ia_bim_eighteenth-century_forste-forsog-paa-norge_pontoppidan-erik-the-y_1775_2,1015,0.46741,junk,,,,
ia_bim_eighteenth-century_forste-forsog-paa-norge_pontoppidan-erik-the-y_1775_2,1016,0.02478,junk,,,,
ia_bim_eighteenth-century_forste-forsog-paa-norge_pontoppidan-erik-the-y_1775_2,1017,0.04892,junk,,,,
ia_bim_eighteenth-century_forste-forsog-paa-norge_pontoppidan-erik-the-y_1775_2,1018,2e-05,junk,,,,
ia_bim_eighteenth-century_forste-forsog-paa-norge_pontoppidan-erik-the-y_1775_2,1019,0.12681,junk,,,,
ia_bim_eighteenth-century_forste-forsog-paa-norge_pontoppidan-erik-the-y_1775_2,1020,0.00029,junk,,,,
ia_bim_eighteenth-century_forste-forsog-paa-norge_pontoppidan-erik-the-y_1775_2,1021,0.00186,junk,,,,
ia_bim_eighteenth-century_forste-forsog-paa-norge_pontoppidan-erik-the-y_1775_2,1022,0.11808,junk,,,,
ia_bim_eighteenth-century_forste-forsog-paa-norge_pontoppidan-erik-the-y_1775_2,1023,0.00678,junk,,,,
ia_bim_eighteenth-century_forste-forsog-paa-norge_pontoppidan-erik-the-y_1775_2,1024,0.65009,non_junk,non_divine_teleology,0.0178,0.96876,0.01343
ia_bim_eighteenth-century_forste-forsog-paa-norge_pontoppidan-erik-the-y_1775_2,1025,0.0024,junk,,,,
ia_bim_eighteenth-century_forste-forsog-paa-norge_pontoppidan-erik-the-y_1775_2,1026,0.00115,junk,,,,
ia_bim_eighteenth-century_forste-forsog-paa-norge_pontoppidan-erik-the-y_1775_2,1027,0.00357,junk,,,,
ia_bim_eighteenth-century_forste-forsog-paa-norge_pontoppidan-erik-the-y_1775_2,1028,0.0061,junk,,,,
ia_bim_eighteenth-century_forste-forsog-paa-norge_pontoppidan-erik-the-y_1775_2,1029,0.00377,junk,,,,
ia_bim_eighteenth-century_forste-forsog-paa-norge_pontoppidan-erik-the-y_1775_2,1030,0.22467,junk,,,,
ia_bim_eighteenth-century_forste-forsog-paa-norge_pontoppidan-erik-the-y_1775_2,1031,0.01407,junk,,,,
ia_bim_eighteenth-century_forste-forsog-paa-norge_pontoppidan-erik-the-y_1775_2,1032,0.00148,junk,,,,
ia_bim_eighteenth-century_forste-forsog-paa-norge_pontoppidan-erik-the-y_1775_2,1033,0.00022,junk,,,,
ia_bim_eighteenth-century_forste-forsog-paa-norge_pontoppidan-erik-the-y_1775_2,1034,3e-05,junk,,,,
ia_bim_eighteenth-century_forste-forsog-paa-norge_pontoppidan-erik-the-y_1775_2,1035,0.00143,junk,,,,
ia_bim_eighteenth-century_forste-forsog-paa-norge_pontoppidan-erik-the-y_1775_2,1036,4e-05,junk,,,,
ia_bim_eighteenth-century_forste-forsog-paa-norge_pontoppidan-erik-the-y_1775_2,1037,0.00523,junk,,,,
ia_bim_eighteenth-century_forste-forsog-paa-norge_pontoppidan-erik-the-y_1775_2,1038,0.07829,junk,,,,
ia_bim_eighteenth-century_forste-forsog-paa-norge_pontoppidan-erik-the-y_1775_2,1039,8e-05,junk,,,,
ia_bim_eighteenth-century_forste-forsog-paa-norge_pontoppidan-erik-the-y_1775_2,1040,0.00024,junk,,,,
ia_bim_eighteenth-century_forste-forsog-paa-norge_pontoppidan-erik-the-y_1775_2,1041,0.00122,junk,,,,
ia_bim_eighteenth-century_forste-forsog-paa-norge_pontoppidan-erik-the-y_1775_2,1042,0.00046,junk,,,,
ia_bim_eighteenth-century_forste-forsog-paa-norge_pontoppidan-erik-the-y_1775_2,1043,0.00019,junk,,,,
ia_bim_eighteenth-century_forste-forsog-paa-norge_pontoppidan-erik-the-y_1775_2,1044,5e-05,junk,,,,
ia_bim_eighteenth-century_forste-forsog-paa-norge_pontoppidan-erik-the-y_1775_2,1045,0.00039,junk,,,,
ia_bim_eighteenth-century_forste-forsog-paa-norge_pontoppidan-erik-the-y_1775_2,1046,2e-05,junk,,,,
ia_bim_eighteenth-century_forste-forsog-paa-norge_pontoppidan-erik-the-y_1775_2,1047,0.00012,junk,,,,
ia_bim_eighteenth-century_forste-forsog-paa-norge_pontoppidan-erik-the-y_1775_2,1048,2e-05,junk,,,,
ia_bim_eighteenth-century_forste-forsog-paa-norge_pontoppidan-erik-the-y_1775_2,1049,0.01739,junk,,,,
ia_bim_eighteenth-century_forste-forsog-paa-norge_pontoppidan-erik-the-y_1775_2,1050,0.00101,junk,,,,
ia_bim_eighteenth-century_forste-forsog-paa-norge_pontoppidan-erik-the-y_1775_2,1051,0.00084,junk,,,,
ia_bim_eighteenth-century_forste-forsog-paa-norge_pontoppidan-erik-the-y_1775_2,1052,0.00066,junk,,,,
ia_bim_eighteenth-century_forste-forsog-paa-norge_pontoppidan-erik-the-y_1775_2,1053,0.0019,junk,,,,
ia_bim_eighteenth-century_forste-forsog-paa-norge_pontoppidan-erik-the-y_1775_2,1054,0.00025,junk,,,,
ia_bim_eighteenth-century_forste-forsog-paa-norge_pontoppidan-erik-the-y_1775_2,1055,0.11522,junk,,,,
ia_bim_eighteenth-century_forste-forsog-paa-norge_pontoppidan-erik-the-y_1775_2,1056,0.0009,junk,,,,
ia_bim_eighteenth-century_forste-forsog-paa-norge_pontoppidan-erik-the-y_1775_2,1057,0.00015,junk,,,,
ia_bim_eighteenth-century_forste-forsog-paa-norge_pontoppidan-erik-the-y_1775_2,1058,0.00027,junk,,,,
ia_bim_eighteenth-century_forste-forsog-paa-norge_pontoppidan-erik-the-y_1775_2,1059,0.02323,junk,,,,
ia_bim_eighteenth-century_forste-forsog-paa-norge_pontoppidan-erik-the-y_1775_2,1060,3e-05,junk,,,,
ia_bim_eighteenth-century_forste-forsog-paa-norge_pontoppidan-erik-the-y_1775_2,1061,0.00172,junk,,,,
ia_bim_eighteenth-century_forste-forsog-paa-norge_pontoppidan-erik-the-y_1775_2,1062,0.0002,junk,,,,
ia_bim_eighteenth-century_forste-forsog-paa-norge_pontoppidan-erik-the-y_1775_2,1063,0.03456,junk,,,,
ia_bim_eighteenth-century_forste-forsog-paa-norge_pontoppidan-erik-the-y_1775_2,1064,0.03456,junk,,,,
ia_bim_eighteenth-century_forste-forsog-paa-norge_pontoppidan-erik-the-y_1775_2,1065,0.00134,junk,,,,
ia_bim_eighteenth-century_forste-forsog-paa-norge_pontoppidan-erik-the-y_1775_2,1066,2e-05,junk,,,,
ia_bim_eighteenth-century_forste-forsog-paa-norge_pontoppidan-erik-the-y_1775_2,1067,7e-05,junk,,,,
ia_bim_eighteenth-century_forste-forsog-paa-norge_pontoppidan-erik-the-y_1775_2,1068,0.00049,junk,,,,
ia_bim_eighteenth-century_forste-forsog-paa-norge_pontoppidan-erik-the-y_1775_2,1069,0.04905,junk,,,,
ia_bim_eighteenth-century_forste-forsog-paa-norge_pontoppidan-erik-the-y_1775_2,1070,0.00109,junk,,,,
ia_bim_eighteenth-century_forste-forsog-paa-norge_pontoppidan-erik-the-y_1775_2,1071,0.00014,junk,,,,
ia_bim_eighteenth-century_forste-forsog-paa-norge_pontoppidan-erik-the-y_1775_2,1072,0.0387,junk,,,,
ia_bim_eighteenth-century_forste-forsog-paa-norge_pontoppidan-erik-the-y_1775_2,1073,0.00036,junk,,,,
ia_bim_eighteenth-century_forste-forsog-paa-norge_pontoppidan-erik-the-y_1775_2,1074,0.00741,junk,,,,
ia_bim_eighteenth-century_forste-forsog-paa-norge_pontoppidan-erik-the-y_1775_2,1075,0.00046,junk,,,,
ia_bim_eighteenth-century_forste-forsog-paa-norge_pontoppidan-erik-the-y_1775_2,1076,4e-05,junk,,,,
ia_bim_eighteenth-century_forste-forsog-paa-norge_pontoppidan-erik-the-y_1775_2,1077,0.00022,junk,,,,
ia_bim_eighteenth-century_forste-forsog-paa-norge_pontoppidan-erik-the-y_1775_2,1078,1e-05,junk,,,,
ia_bim_eighteenth-century_forste-forsog-paa-norge_pontoppidan-erik-the-y_1775_2,1079,3e-05,junk,,,,
ia_bim_eighteenth-century_forste-forsog-paa-norge_pontoppidan-erik-the-y_1775_2,1080,0.0,junk,,,,
ia_bim_eighteenth-century_forste-forsog-paa-norge_pontoppidan-erik-the-y_1775_2,1081,3e-05,junk,,,,
ia_bim_eighteenth-century_forste-forsog-paa-norge_pontoppidan-erik-the-y_1775_2,1082,0.00219,junk,,,,
ia_bim_eighteenth-century_forste-forsog-paa-norge_pontoppidan-erik-the-y_1775_2,1083,0.00022,junk,,,,
ia_bim_eighteenth-century_forste-forsog-paa-norge_pontoppidan-erik-the-y_1775_2,1084,0.00064,junk,,,,
ia_bim_eighteenth-century_forste-forsog-paa-norge_pontoppidan-erik-the-y_1775_2,1085,0.00062,junk,,,,
ia_bim_eighteenth-century_forste-forsog-paa-norge_pontoppidan-erik-the-y_1775_2,1086,0.01148,junk,,,,
ia_bim_eighteenth-century_forste-forsog-paa-norge_pontoppidan-erik-the-y_1775_2,1087,0.00385,junk,,,,
ia_bim_eighteenth-century_forste-forsog-paa-norge_pontoppidan-erik-the-y_1775_2,1088,0.00025,junk,,,,
ia_bim_eighteenth-century_forste-forsog-paa-norge_pontoppidan-erik-the-y_1775_2,1089,3e-05,junk,,,,
ia_bim_eighteenth-century_forste-forsog-paa-norge_pontoppidan-erik-the-y_1775_2,1090,6e-05,junk,,,,
ia_bim_eighteenth-century_forste-forsog-paa-norge_pontoppidan-erik-the-y_1775_2,1091,3e-05,junk,,,,
ia_bim_eighteenth-century_forste-forsog-paa-norge_pontoppidan-erik-the-y_1775_2,1092,6e-05,junk,,,,
ia_bim_eighteenth-century_forste-forsog-paa-norge_pontoppidan-erik-the-y_1775_2,1093,0.00044,junk,,,,
ia_bim_eighteenth-century_forste-forsog-paa-norge_pontoppidan-erik-the-y_1775_2,1094,0.00074,junk,,,,
ia_bim_eighteenth-century_forste-forsog-paa-norge_pontoppidan-erik-the-y_1775_2,1095,0.00229,junk,,,,
ia_bim_eighteenth-century_forste-forsog-paa-norge_pontoppidan-erik-the-y_1775_2,1096,0.00551,junk,,,,
ia_bim_eighteenth-century_forste-forsog-paa-norge_pontoppidan-erik-the-y_1775_2,1097,0.00034,junk,,,,
ia_bim_eighteenth-century_forste-forsog-paa-norge_pontoppidan-erik-the-y_1775_2,1098,9e-05,junk,,,,
ia_bim_eighteenth-century_forste-forsog-paa-norge_pontoppidan-erik-the-y_1775_2,1099,0.0857,junk,,,,
ia_bim_eighteenth-century_forste-forsog-paa-norge_pontoppidan-erik-the-y_1775_2,1100,0.01665,junk,,,,
ia_bim_eighteenth-century_forste-forsog-paa-norge_pontoppidan-erik-the-y_1775_2,1101,0.00214,junk,,,,
ia_bim_eighteenth-century_forste-forsog-paa-norge_pontoppidan-erik-the-y_1775_2,1102,0.0001,junk,,,,
ia_bim_eighteenth-century_forste-forsog-paa-norge_pontoppidan-erik-the-y_1775_2,1103,0.00045,junk,,,,
ia_bim_eighteenth-century_forste-forsog-paa-norge_pontoppidan-erik-the-y_1775_2,1104,0.00045,junk,,,,
ia_bim_eighteenth-century_forste-forsog-paa-norge_pontoppidan-erik-the-y_1775_2,1105,0.00563,junk,,,,
ia_bim_eighteenth-century_forste-forsog-paa-norge_pontoppidan-erik-the-y_1775_2,1106,5e-05,junk,,,,
ia_bim_eighteenth-century_forste-forsog-paa-norge_pontoppidan-erik-the-y_1775_2,1107,0.00056,junk,,,,
ia_bim_eighteenth-century_forste-forsog-paa-norge_pontoppidan-erik-the-y_1775_2,1108,0.0008,junk,,,,
ia_bim_eighteenth-century_forste-forsog-paa-norge_pontoppidan-erik-the-y_1775_2,1109,4e-05,junk,,,,
ia_bim_eighteenth-century_forste-forsog-paa-norge_pontoppidan-erik-the-y_1775_2,1110,0.00012,junk,,,,
ia_bim_eighteenth-century_forste-forsog-paa-norge_pontoppidan-erik-the-y_1775_2,1111,0.00051,junk,,,,
ia_bim_eighteenth-century_forste-forsog-paa-norge_pontoppidan-erik-the-y_1775_2,1112,0.00011,junk,,,,
ia_bim_eighteenth-century_forste-forsog-paa-norge_pontoppidan-erik-the-y_1775_2,1113,0.00016,junk,,,,
ia_bim_eighteenth-century_forste-forsog-paa-norge_pontoppidan-erik-the-y_1775_2,1114,5e-05,junk,,,,
ia_bim_eighteenth-century_forste-forsog-paa-norge_pontoppidan-erik-the-y_1775_2,1115,0.00161,junk,,,,
ia_bim_eighteenth-century_forste-forsog-paa-norge_pontoppidan-erik-the-y_1775_2,1116,0.00053,junk,,,,
ia_bim_eighteenth-century_forste-forsog-paa-norge_pontoppidan-erik-the-y_1775_2,1117,0.01117,junk,,,,
ia_bim_eighteenth-century_forste-forsog-paa-norge_pontoppidan-erik-the-y_1775_2,1118,0.01986,junk,,,,
ia_bim_eighteenth-century_forste-forsog-paa-norge_pontoppidan-erik-the-y_1775_2,1119,0.01117,junk,,,,
ia_bim_eighteenth-century_forste-forsog-paa-norge_pontoppidan-erik-the-y_1775_2,1120,0.01986,junk,,,,
ia_bim_eighteenth-century_forste-forsog-paa-norge_pontoppidan-erik-the-y_1775_2,1121,0.00028,junk,,,,
ia_bim_eighteenth-century_forste-forsog-paa-norge_pontoppidan-erik-the-y_1775_2,1122,0.0003,junk,,,,
ia_bim_eighteenth-century_forste-forsog-paa-norge_pontoppidan-erik-the-y_1775_2,1123,0.00059,junk,,,,
ia_bim_eighteenth-century_forste-forsog-paa-norge_pontoppidan-erik-the-y_1775_2,1124,9e-05,junk,,,,
ia_bim_eighteenth-century_forste-forsog-paa-norge_pontoppidan-erik-the-y_1775_2,1125,0.00033,junk,,,,
ia_bim_eighteenth-century_forste-forsog-paa-norge_pontoppidan-erik-the-y_1775_2,1126,6e-05,junk,,,,
ia_bim_eighteenth-century_forste-forsog-paa-norge_pontoppidan-erik-the-y_1775_2,1127,0.00014,junk,,,,
ia_bim_eighteenth-century_forste-forsog-paa-norge_pontoppidan-erik-the-y_1775_2,1128,2e-05,junk,,,,
ia_bim_eighteenth-century_forste-forsog-paa-norge_pontoppidan-erik-the-y_1775_2,1129,4e-05,junk,,,,
ia_bim_eighteenth-century_forste-forsog-paa-norge_pontoppidan-erik-the-y_1775_2,1130,0.00012,junk,,,,
ia_bim_eighteenth-century_forste-forsog-paa-norge_pontoppidan-erik-the-y_1775_2,1131,0.0012,junk,,,,
ia_bim_eighteenth-century_forste-forsog-paa-norge_pontoppidan-erik-the-y_1775_2,1132,0.00096,junk,,,,
ia_bim_eighteenth-century_forste-forsog-paa-norge_pontoppidan-erik-the-y_1775_2,1133,0.0008,junk,,,,
ia_bim_eighteenth-century_forste-forsog-paa-norge_pontoppidan-erik-the-y_1775_2,1134,0.00065,junk,,,,
ia_bim_eighteenth-century_forste-forsog-paa-norge_pontoppidan-erik-the-y_1775_2,1135,0.00024,junk,,,,
ia_bim_eighteenth-century_forste-forsog-paa-norge_pontoppidan-erik-the-y_1775_2,1136,0.00054,junk,,,,
ia_bim_eighteenth-century_forste-forsog-paa-norge_pontoppidan-erik-the-y_1775_2,1137,0.00059,junk,,,,
ia_bim_eighteenth-century_forste-forsog-paa-norge_pontoppidan-erik-the-y_1775_2,1138,0.0002,junk,,,,
ia_bim_eighteenth-century_forste-forsog-paa-norge_pontoppidan-erik-the-y_1775_2,1139,0.0002,junk,,,,
ia_bim_eighteenth-century_forste-forsog-paa-norge_pontoppidan-erik-the-y_1775_2,1140,0.00062,junk,,,,
ia_bim_eighteenth-century_forste-forsog-paa-norge_pontoppidan-erik-the-y_1775_2,1141,0.00097,junk,,,,
ia_bim_eighteenth-century_forste-forsog-paa-norge_pontoppidan-erik-the-y_1775_2,1142,0.00034,junk,,,,
ia_bim_eighteenth-century_forste-forsog-paa-norge_pontoppidan-erik-the-y_1775_2,1143,0.00065,junk,,,,
ia_bim_eighteenth-century_forste-forsog-paa-norge_pontoppidan-erik-the-y_1775_2,1144,0.00012,junk,,,,
ia_bim_eighteenth-century_forste-forsog-paa-norge_pontoppidan-erik-the-y_1775_2,1145,0.00016,junk,,,,
ia_bim_eighteenth-century_forste-forsog-paa-norge_pontoppidan-erik-the-y_1775_2,1146,4e-05,junk,,,,
ia_bim_eighteenth-century_forste-forsog-paa-norge_pontoppidan-erik-the-y_1775_2,1147,7e-05,junk,,,,
ia_bim_eighteenth-century_forste-forsog-paa-norge_pontoppidan-erik-the-y_1775_2,1148,0.00159,junk,,,,
ia_bim_eighteenth-century_forste-forsog-paa-norge_pontoppidan-erik-the-y_1775_2,1149,0.00017,junk,,,,
ia_bim_eighteenth-century_forste-forsog-paa-norge_pontoppidan-erik-the-y_1775_2,1150,0.00069,junk,,,,
ia_bim_eighteenth-century_forste-forsog-paa-norge_pontoppidan-erik-the-y_1775_2,1151,7e-05,junk,,,,
ia_bim_eighteenth-century_forste-forsog-paa-norge_pontoppidan-erik-the-y_1775_2,1152,0.00187,junk,,,,
ia_bim_eighteenth-century_forste-forsog-paa-norge_pontoppidan-erik-the-y_1775_2,1153,0.00011,junk,,,,
ia_bim_eighteenth-century_forste-forsog-paa-norge_pontoppidan-erik-the-y_1775_2,1154,0.00027,junk,,,,
ia_bim_eighteenth-century_forste-forsog-paa-norge_pontoppidan-erik-the-y_1775_2,1155,0.00056,junk,,,,
ia_bim_eighteenth-century_forste-forsog-paa-norge_pontoppidan-erik-the-y_1775_2,1156,0.00023,junk,,,,
