uid,sent_id,gate_prob_nonjunk,gate_pred,s2_pred,s2_p_divine_teleology,s2_p_non_divine_teleology,s2_p_internal_essence
ia_bim_eighteenth-century_the-philosophy-of-natura_smellie-william_1790,1,0.00202,junk,,,,
ia_bim_eighteenth-century_the-philosophy-of-natura_smellie-william_1790,5,0.00047,junk,,,,
ia_bim_eighteenth-century_the-philosophy-of-natura_smellie-william_1790,9,0.75416,non_junk,non_divine_teleology,0.01272,0.96639,0.0209
ia_bim_eighteenth-century_the-philosophy-of-natura_smellie-william_1790,10,0.00186,junk,,,,
ia_bim_eighteenth-century_the-philosophy-of-natura_smellie-william_1790,13,0.00092,junk,,,,
ia_bim_eighteenth-century_the-philosophy-of-natura_smellie-william_1790,16,0.45162,junk,,,,
ia_bim_eighteenth-century_the-philosophy-of-natura_smellie-william_1790,19,0.01307,junk,,,,
ia_bim_eighteenth-century_the-philosophy-of-natura_smellie-william_1790,21,0.00847,junk,,,,
ia_bim_eighteenth-century_the-philosophy-of-natura_smellie-william_1790,25,0.88992,non_junk,non_divine_teleology,0.03139,0.76164,0.20697
ia_bim_eighteenth-century_the-philosophy-of-natura_smellie-william_1790,28,0.65864,non_junk,non_divine_teleology,0.0096,0.97194,0.01847
ia_bim_eighteenth-century_the-philosophy-of-natura_smellie-william_1790,29,0.0544,junk,,,,
ia_bim_eighteenth-century_the-philosophy-of-natura_smellie-william_1790,33,0.6707,non_junk,non_divine_teleology,0.0116,0.67275,0.31565
ia_bim_eighteenth-century_the-philosophy-of-natura_smellie-william_1790,36,0.15825,junk,,,,
ia_bim_eighteenth-century_the-philosophy-of-natura_smellie-william_1790,41,0.01075,junk,,,,
ia_bim_eighteenth-century_the-philosophy-of-natura_smellie-william_1790,43,0.6735,non_junk,internal_essence,0.00893,0.08744,0.90363
ia_bim_eighteenth-century_the-philosophy-of-natura_smellie-william_1790,44,0.00168,junk,,,,
ia_bim_eighteenth-century_the-philosophy-of-natura_smellie-william_1790,45,0.07025,junk,,,,
ia_bim_eighteenth-century_the-philosophy-of-natura_smellie-william_1790,46,0.94545,non_junk,non_divine_teleology,0.12012,0.62496,0.25492
ia_bim_eighteenth-century_the-philosophy-of-natura_smellie-william_1790,47,0.01406,junk,,,,
ia_bim_eighteenth-century_the-philosophy-of-natura_smellie-william_1790,49,0.98259,non_junk,internal_essence,0.03989,0.26074,0.69936
ia_bim_eighteenth-century_the-philosophy-of-natura_smellie-william_1790,50,0.91361,non_junk,non_divine_teleology,0.02646,0.52534,0.4482
ia_bim_eighteenth-century_the-philosophy-of-natura_smellie-william_1790,52,0.99371,non_junk,internal_essence,0.04106,0.1813,0.77764
ia_bim_eighteenth-century_the-philosophy-of-natura_smellie-william_1790,60,0.01856,junk,,,,
ia_bim_eighteenth-century_the-philosophy-of-natura_smellie-william_1790,62,0.93766,non_junk,non_divine_teleology,0.05318,0.85579,0.09103
ia_bim_eighteenth-century_the-philosophy-of-natura_smellie-william_1790,64,0.94657,non_junk,non_divine_teleology,0.08174,0.87189,0.04637
ia_bim_eighteenth-century_the-philosophy-of-natura_smellie-william_1790,67,0.0132,junk,,,,
ia_bim_eighteenth-century_the-philosophy-of-natura_smellie-william_1790,69,0.3281,junk,,,,
ia_bim_eighteenth-century_the-philosophy-of-natura_smellie-william_1790,70,0.99642,non_junk,non_divine_teleology,0.0032,0.86061,0.13619
ia_bim_eighteenth-century_the-philosophy-of-natura_smellie-william_1790,72,0.95026,non_junk,internal_essence,0.015,0.37254,0.61246
ia_bim_eighteenth-century_the-philosophy-of-natura_smellie-william_1790,73,0.00414,junk,,,,
ia_bim_eighteenth-century_the-philosophy-of-natura_smellie-william_1790,74,0.79489,non_junk,non_divine_teleology,0.00657,0.97963,0.0138
ia_bim_eighteenth-century_the-philosophy-of-natura_smellie-william_1790,75,0.99397,non_junk,internal_essence,0.07056,0.3652,0.56424
ia_bim_eighteenth-century_the-philosophy-of-natura_smellie-william_1790,77,0.0021,junk,,,,
ia_bim_eighteenth-century_the-philosophy-of-natura_smellie-william_1790,79,0.02566,junk,,,,
ia_bim_eighteenth-century_the-philosophy-of-natura_smellie-william_1790,80,0.0106,junk,,,,
ia_bim_eighteenth-century_the-philosophy-of-natura_smellie-william_1790,82,0.99788,non_junk,non_divine_teleology,0.02887,0.87135,0.09977
ia_bim_eighteenth-century_the-philosophy-of-natura_smellie-william_1790,83,0.95398,non_junk,internal_essence,0.00964,0.27801,0.71234
ia_bim_eighteenth-century_the-philosophy-of-natura_smellie-william_1790,84,0.00086,junk,,,,
ia_bim_eighteenth-century_the-philosophy-of-natura_smellie-william_1790,86,0.98895,non_junk,non_divine_teleology,0.01595,0.91232,0.07173
ia_bim_eighteenth-century_the-philosophy-of-natura_smellie-william_1790,87,0.69996,non_junk,non_divine_teleology,0.00836,0.94307,0.04857
ia_bim_eighteenth-century_the-philosophy-of-natura_smellie-william_1790,89,0.72291,non_junk,non_divine_teleology,0.00443,0.95246,0.04312
ia_bim_eighteenth-century_the-philosophy-of-natura_smellie-william_1790,91,0.07647,junk,,,,
ia_bim_eighteenth-century_the-philosophy-of-natura_smellie-william_1790,93,0.03448,junk,,,,
ia_bim_eighteenth-century_the-philosophy-of-natura_smellie-william_1790,98,0.88129,non_junk,internal_essence,0.00195,0.02067,0.97737
ia_bim_eighteenth-century_the-philosophy-of-natura_smellie-william_1790,107,0.79331,non_junk,internal_essence,0.02927,0.38366,0.58707
ia_bim_eighteenth-century_the-philosophy-of-natura_smellie-william_1790,108,0.02183,junk,,,,
ia_bim_eighteenth-century_the-philosophy-of-natura_smellie-william_1790,109,0.00105,junk,,,,
ia_bim_eighteenth-century_the-philosophy-of-natura_smellie-william_1790,111,0.88746,non_junk,internal_essence,0.00474,0.46885,0.52641
ia_bim_eighteenth-century_the-philosophy-of-natura_smellie-william_1790,113,0.00096,junk,,,,
ia_bim_eighteenth-century_the-philosophy-of-natura_smellie-william_1790,115,0.00964,junk,,,,
ia_bim_eighteenth-century_the-philosophy-of-natura_smellie-william_1790,117,0.00221,junk,,,,
ia_bim_eighteenth-century_the-philosophy-of-natura_smellie-william_1790,118,0.99812,non_junk,non_divine_teleology,0.13132,0.62469,0.24399
ia_bim_eighteenth-century_the-philosophy-of-natura_smellie-william_1790,119,0.00144,junk,,,,
ia_bim_eighteenth-century_the-philosophy-of-natura_smellie-william_1790,124,0.01597,junk,,,,
ia_bim_eighteenth-century_the-philosophy-of-natura_smellie-william_1790,125,0.6686,non_junk,non_divine_teleology,0.06576,0.899,0.03524
ia_bim_eighteenth-century_the-philosophy-of-natura_smellie-william_1790,126,0.96456,non_junk,non_divine_teleology,0.00368,0.99309,0.00323
ia_bim_eighteenth-century_the-philosophy-of-natura_smellie-william_1790,129,0.00236,junk,,,,
ia_bim_eighteenth-century_the-philosophy-of-natura_smellie-william_1790,134,0.01962,junk,,,,
ia_bim_eighteenth-century_the-philosophy-of-natura_smellie-william_1790,135,0.89873,non_junk,internal_essence,0.06867,0.15348,0.77785
ia_bim_eighteenth-century_the-philosophy-of-natura_smellie-william_1790,138,0.03726,junk,,,,
ia_bim_eighteenth-century_the-philosophy-of-natura_smellie-william_1790,139,0.46549,junk,,,,
ia_bim_eighteenth-century_the-philosophy-of-natura_smellie-william_1790,142,0.07491,junk,,,,
ia_bim_eighteenth-century_the-philosophy-of-natura_smellie-william_1790,144,0.55,non_junk,non_divine_teleology,0.0082,0.94269,0.04911
ia_bim_eighteenth-century_the-philosophy-of-natura_smellie-william_1790,145,0.0107,junk,,,,
ia_bim_eighteenth-century_the-philosophy-of-natura_smellie-william_1790,147,0.21651,junk,,,,
ia_bim_eighteenth-century_the-philosophy-of-natura_smellie-william_1790,149,0.00127,junk,,,,
ia_bim_eighteenth-century_the-philosophy-of-natura_smellie-william_1790,150,0.21345,junk,,,,
ia_bim_eighteenth-century_the-philosophy-of-natura_smellie-william_1790,153,0.26312,junk,,,,
ia_bim_eighteenth-century_the-philosophy-of-natura_smellie-william_1790,154,0.31745,junk,,,,
ia_bim_eighteenth-century_the-philosophy-of-natura_smellie-william_1790,155,0.16207,junk,,,,
ia_bim_eighteenth-century_the-philosophy-of-natura_smellie-william_1790,158,0.36021,junk,,,,
ia_bim_eighteenth-century_the-philosophy-of-natura_smellie-william_1790,159,0.98537,non_junk,divine_teleology,0.55437,0.0839,0.36173
ia_bim_eighteenth-century_the-philosophy-of-natura_smellie-william_1790,160,0.83654,non_junk,divine_teleology,0.98383,0.00371,0.01246
ia_bim_eighteenth-century_the-philosophy-of-natura_smellie-william_1790,162,0.49448,junk,,,,
ia_bim_eighteenth-century_the-philosophy-of-natura_smellie-william_1790,163,0.99912,non_junk,non_divine_teleology,0.00278,0.94165,0.05557
ia_bim_eighteenth-century_the-philosophy-of-natura_smellie-william_1790,165,0.89207,non_junk,divine_teleology,0.59962,0.28496,0.11542
ia_bim_eighteenth-century_the-philosophy-of-natura_smellie-william_1790,168,0.45539,junk,,,,
ia_bim_eighteenth-century_the-philosophy-of-natura_smellie-william_1790,173,0.99638,non_junk,non_divine_teleology,0.01689,0.94148,0.04162
ia_bim_eighteenth-century_the-philosophy-of-natura_smellie-william_1790,174,0.99665,non_junk,non_divine_teleology,0.02214,0.91719,0.06068
ia_bim_eighteenth-century_the-philosophy-of-natura_smellie-william_1790,175,0.97378,non_junk,internal_essence,0.18315,0.38151,0.43534
ia_bim_eighteenth-century_the-philosophy-of-natura_smellie-william_1790,176,0.01447,junk,,,,
ia_bim_eighteenth-century_the-philosophy-of-natura_smellie-william_1790,178,0.18489,junk,,,,
ia_bim_eighteenth-century_the-philosophy-of-natura_smellie-william_1790,179,0.99634,non_junk,non_divine_teleology,0.13832,0.64647,0.21522
ia_bim_eighteenth-century_the-philosophy-of-natura_smellie-william_1790,181,0.83885,non_junk,non_divine_teleology,0.00328,0.95033,0.04639
ia_bim_eighteenth-century_the-philosophy-of-natura_smellie-william_1790,182,0.7816,non_junk,internal_essence,0.02588,0.04951,0.92461
ia_bim_eighteenth-century_the-philosophy-of-natura_smellie-william_1790,186,0.78585,non_junk,non_divine_teleology,0.11081,0.79953,0.08966
ia_bim_eighteenth-century_the-philosophy-of-natura_smellie-william_1790,190,0.7816,non_junk,internal_essence,0.02588,0.04951,0.92461
ia_bim_eighteenth-century_the-philosophy-of-natura_smellie-william_1790,192,0.12343,junk,,,,
ia_bim_eighteenth-century_the-philosophy-of-natura_smellie-william_1790,194,0.00772,junk,,,,
ia_bim_eighteenth-century_the-philosophy-of-natura_smellie-william_1790,198,0.9995,non_junk,non_divine_teleology,0.00649,0.91277,0.08074
ia_bim_eighteenth-century_the-philosophy-of-natura_smellie-william_1790,200,0.01042,junk,,,,
ia_bim_eighteenth-century_the-philosophy-of-natura_smellie-william_1790,201,0.99209,non_junk,non_divine_teleology,0.30656,0.68418,0.00926
ia_bim_eighteenth-century_the-philosophy-of-natura_smellie-william_1790,203,0.99883,non_junk,non_divine_teleology,0.00265,0.97612,0.02122
ia_bim_eighteenth-century_the-philosophy-of-natura_smellie-william_1790,204,0.98517,non_junk,non_divine_teleology,0.02673,0.65578,0.31749
ia_bim_eighteenth-century_the-philosophy-of-natura_smellie-william_1790,210,3e-05,junk,,,,
ia_bim_eighteenth-century_the-philosophy-of-natura_smellie-william_1790,211,0.71456,non_junk,non_divine_teleology,0.009,0.909,0.082
ia_bim_eighteenth-century_the-philosophy-of-natura_smellie-william_1790,212,0.00242,junk,,,,
ia_bim_eighteenth-century_the-philosophy-of-natura_smellie-william_1790,213,0.00316,junk,,,,
ia_bim_eighteenth-century_the-philosophy-of-natura_smellie-william_1790,220,0.00062,junk,,,,
ia_bim_eighteenth-century_the-philosophy-of-natura_smellie-william_1790,221,0.03561,junk,,,,
ia_bim_eighteenth-century_the-philosophy-of-natura_smellie-william_1790,224,0.99992,non_junk,non_divine_teleology,0.00707,0.98182,0.0111
ia_bim_eighteenth-century_the-philosophy-of-natura_smellie-william_1790,226,0.99408,non_junk,non_divine_teleology,0.31238,0.5904,0.09722
ia_bim_eighteenth-century_the-philosophy-of-natura_smellie-william_1790,227,0.40685,junk,,,,
ia_bim_eighteenth-century_the-philosophy-of-natura_smellie-william_1790,230,0.9375,non_junk,non_divine_teleology,0.01835,0.81029,0.17136
ia_bim_eighteenth-century_the-philosophy-of-natura_smellie-william_1790,232,0.79059,non_junk,internal_essence,0.00444,0.35122,0.64434
ia_bim_eighteenth-century_the-philosophy-of-natura_smellie-william_1790,236,0.89063,non_junk,non_divine_teleology,0.00323,0.61708,0.37969
ia_bim_eighteenth-century_the-philosophy-of-natura_smellie-william_1790,241,0.98104,non_junk,non_divine_teleology,0.00834,0.92855,0.06311
ia_bim_eighteenth-century_the-philosophy-of-natura_smellie-william_1790,247,0.98954,non_junk,non_divine_teleology,0.01059,0.88131,0.1081
ia_bim_eighteenth-century_the-philosophy-of-natura_smellie-william_1790,249,0.9913,non_junk,non_divine_teleology,0.01363,0.85929,0.12708
ia_bim_eighteenth-century_the-philosophy-of-natura_smellie-william_1790,252,0.86383,non_junk,non_divine_teleology,0.01749,0.94994,0.03256
ia_bim_eighteenth-century_the-philosophy-of-natura_smellie-william_1790,253,0.14985,junk,,,,
ia_bim_eighteenth-century_the-philosophy-of-natura_smellie-william_1790,254,0.99971,non_junk,non_divine_teleology,0.00393,0.9581,0.03797
ia_bim_eighteenth-century_the-philosophy-of-natura_smellie-william_1790,255,0.01035,junk,,,,
ia_bim_eighteenth-century_the-philosophy-of-natura_smellie-william_1790,256,0.85693,non_junk,non_divine_teleology,0.01353,0.7428,0.24367
ia_bim_eighteenth-century_the-philosophy-of-natura_smellie-william_1790,257,0.10349,junk,,,,
ia_bim_eighteenth-century_the-philosophy-of-natura_smellie-william_1790,264,0.84231,non_junk,non_divine_teleology,0.01026,0.85572,0.13403
ia_bim_eighteenth-century_the-philosophy-of-natura_smellie-william_1790,267,0.99894,non_junk,non_divine_teleology,0.00542,0.97386,0.02072
ia_bim_eighteenth-century_the-philosophy-of-natura_smellie-william_1790,268,0.96985,non_junk,non_divine_teleology,0.00243,0.9426,0.05497
ia_bim_eighteenth-century_the-philosophy-of-natura_smellie-william_1790,270,0.61417,non_junk,non_divine_teleology,0.01013,0.60029,0.38958
ia_bim_eighteenth-century_the-philosophy-of-natura_smellie-william_1790,273,0.73359,non_junk,non_divine_teleology,0.00769,0.54664,0.44568
ia_bim_eighteenth-century_the-philosophy-of-natura_smellie-william_1790,274,0.08435,junk,,,,
ia_bim_eighteenth-century_the-philosophy-of-natura_smellie-william_1790,276,0.96534,non_junk,non_divine_teleology,0.04541,0.93216,0.02243
ia_bim_eighteenth-century_the-philosophy-of-natura_smellie-william_1790,279,0.3137,junk,,,,
ia_bim_eighteenth-century_the-philosophy-of-natura_smellie-william_1790,281,0.33043,junk,,,,
ia_bim_eighteenth-century_the-philosophy-of-natura_smellie-william_1790,282,0.98737,non_junk,non_divine_teleology,0.00156,0.98366,0.01478
ia_bim_eighteenth-century_the-philosophy-of-natura_smellie-william_1790,283,0.99725,non_junk,non_divine_teleology,0.00622,0.9662,0.02758
ia_bim_eighteenth-century_the-philosophy-of-natura_smellie-william_1790,286,0.86633,non_junk,non_divine_teleology,0.01008,0.67929,0.31063
ia_bim_eighteenth-century_the-philosophy-of-natura_smellie-william_1790,287,0.97025,non_junk,non_divine_teleology,0.01184,0.88811,0.10005
ia_bim_eighteenth-century_the-philosophy-of-natura_smellie-william_1790,290,0.00076,junk,,,,
ia_bim_eighteenth-century_the-philosophy-of-natura_smellie-william_1790,292,0.52213,non_junk,non_divine_teleology,0.00671,0.96662,0.02668
ia_bim_eighteenth-century_the-philosophy-of-natura_smellie-william_1790,293,0.96395,non_junk,non_divine_teleology,0.04062,0.84362,0.11577
ia_bim_eighteenth-century_the-philosophy-of-natura_smellie-william_1790,294,0.99497,non_junk,non_divine_teleology,0.0015,0.98588,0.01261
ia_bim_eighteenth-century_the-philosophy-of-natura_smellie-william_1790,296,0.00018,junk,,,,
ia_bim_eighteenth-century_the-philosophy-of-natura_smellie-william_1790,297,0.00984,junk,,,,
ia_bim_eighteenth-century_the-philosophy-of-natura_smellie-william_1790,301,0.99592,non_junk,non_divine_teleology,0.00175,0.948,0.05026
ia_bim_eighteenth-century_the-philosophy-of-natura_smellie-william_1790,302,9e-05,junk,,,,
ia_bim_eighteenth-century_the-philosophy-of-natura_smellie-william_1790,303,0.99713,non_junk,internal_essence,0.00225,0.47656,0.5212
ia_bim_eighteenth-century_the-philosophy-of-natura_smellie-william_1790,304,0.00028,junk,,,,
ia_bim_eighteenth-century_the-philosophy-of-natura_smellie-william_1790,309,0.21679,junk,,,,
ia_bim_eighteenth-century_the-philosophy-of-natura_smellie-william_1790,311,0.9957,non_junk,non_divine_teleology,0.0081,0.92334,0.06856
ia_bim_eighteenth-century_the-philosophy-of-natura_smellie-william_1790,312,0.92677,non_junk,non_divine_teleology,0.00832,0.97577,0.0159
ia_bim_eighteenth-century_the-philosophy-of-natura_smellie-william_1790,313,0.96342,non_junk,internal_essence,0.00768,0.31852,0.6738
ia_bim_eighteenth-century_the-philosophy-of-natura_smellie-william_1790,314,0.00551,junk,,,,
ia_bim_eighteenth-century_the-philosophy-of-natura_smellie-william_1790,315,0.02843,junk,,,,
ia_bim_eighteenth-century_the-philosophy-of-natura_smellie-william_1790,318,0.55377,non_junk,internal_essence,0.00111,0.02671,0.97218
ia_bim_eighteenth-century_the-philosophy-of-natura_smellie-william_1790,320,0.01797,junk,,,,
ia_bim_eighteenth-century_the-philosophy-of-natura_smellie-william_1790,324,0.81626,non_junk,non_divine_teleology,0.02331,0.91428,0.06241
ia_bim_eighteenth-century_the-philosophy-of-natura_smellie-william_1790,325,0.93561,non_junk,non_divine_teleology,0.09099,0.79587,0.11314
ia_bim_eighteenth-century_the-philosophy-of-natura_smellie-william_1790,328,0.00633,junk,,,,
ia_bim_eighteenth-century_the-philosophy-of-natura_smellie-william_1790,331,0.07976,junk,,,,
ia_bim_eighteenth-century_the-philosophy-of-natura_smellie-william_1790,332,0.0014,junk,,,,
ia_bim_eighteenth-century_the-philosophy-of-natura_smellie-william_1790,333,0.00271,junk,,,,
ia_bim_eighteenth-century_the-philosophy-of-natura_smellie-william_1790,338,0.83279,non_junk,non_divine_teleology,0.01717,0.85577,0.12706
ia_bim_eighteenth-century_the-philosophy-of-natura_smellie-william_1790,344,0.2794,junk,,,,
ia_bim_eighteenth-century_the-philosophy-of-natura_smellie-william_1790,350,0.02892,junk,,,,
ia_bim_eighteenth-century_the-philosophy-of-natura_smellie-william_1790,352,0.00065,junk,,,,
ia_bim_eighteenth-century_the-philosophy-of-natura_smellie-william_1790,356,0.93436,non_junk,non_divine_teleology,0.02898,0.95468,0.01634
ia_bim_eighteenth-century_the-philosophy-of-natura_smellie-william_1790,357,0.53762,non_junk,non_divine_teleology,0.02829,0.81083,0.16088
ia_bim_eighteenth-century_the-philosophy-of-natura_smellie-william_1790,362,0.003,junk,,,,
ia_bim_eighteenth-century_the-philosophy-of-natura_smellie-william_1790,364,0.93742,non_junk,non_divine_teleology,0.05633,0.90049,0.04318
ia_bim_eighteenth-century_the-philosophy-of-natura_smellie-william_1790,366,0.98693,non_junk,non_divine_teleology,0.00298,0.9447,0.05232
ia_bim_eighteenth-century_the-philosophy-of-natura_smellie-william_1790,368,0.99925,non_junk,non_divine_teleology,0.02098,0.9084,0.07062
ia_bim_eighteenth-century_the-philosophy-of-natura_smellie-william_1790,374,0.27451,junk,,,,
ia_bim_eighteenth-century_the-philosophy-of-natura_smellie-william_1790,375,0.99443,non_junk,non_divine_teleology,0.02695,0.91389,0.05916
ia_bim_eighteenth-century_the-philosophy-of-natura_smellie-william_1790,377,0.27451,junk,,,,
ia_bim_eighteenth-century_the-philosophy-of-natura_smellie-william_1790,380,0.35139,junk,,,,
ia_bim_eighteenth-century_the-philosophy-of-natura_smellie-william_1790,382,0.00742,junk,,,,
ia_bim_eighteenth-century_the-philosophy-of-natura_smellie-william_1790,383,0.00058,junk,,,,
ia_bim_eighteenth-century_the-philosophy-of-natura_smellie-william_1790,390,0.92673,non_junk,non_divine_teleology,0.00284,0.78656,0.2106
ia_bim_eighteenth-century_the-philosophy-of-natura_smellie-william_1790,391,0.9952,non_junk,non_divine_teleology,0.00611,0.98514,0.00875
ia_bim_eighteenth-century_the-philosophy-of-natura_smellie-william_1790,392,0.0458,junk,,,,
ia_bim_eighteenth-century_the-philosophy-of-natura_smellie-william_1790,393,0.03956,junk,,,,
ia_bim_eighteenth-century_the-philosophy-of-natura_smellie-william_1790,394,0.07465,junk,,,,
ia_bim_eighteenth-century_the-philosophy-of-natura_smellie-william_1790,395,0.0226,junk,,,,
ia_bim_eighteenth-century_the-philosophy-of-natura_smellie-william_1790,397,0.99462,non_junk,non_divine_teleology,0.00785,0.95694,0.03521
ia_bim_eighteenth-century_the-philosophy-of-natura_smellie-william_1790,399,0.02926,junk,,,,
ia_bim_eighteenth-century_the-philosophy-of-natura_smellie-william_1790,400,0.02926,junk,,,,
ia_bim_eighteenth-century_the-philosophy-of-natura_smellie-william_1790,401,0.43564,junk,,,,
ia_bim_eighteenth-century_the-philosophy-of-natura_smellie-william_1790,402,0.0004,junk,,,,
ia_bim_eighteenth-century_the-philosophy-of-natura_smellie-william_1790,403,0.38127,junk,,,,
ia_bim_eighteenth-century_the-philosophy-of-natura_smellie-william_1790,405,0.00569,junk,,,,
ia_bim_eighteenth-century_the-philosophy-of-natura_smellie-william_1790,407,0.92833,non_junk,non_divine_teleology,0.18043,0.47051,0.34906
ia_bim_eighteenth-century_the-philosophy-of-natura_smellie-william_1790,410,9e-05,junk,,,,
ia_bim_eighteenth-century_the-philosophy-of-natura_smellie-william_1790,412,0.98734,non_junk,non_divine_teleology,0.01105,0.96254,0.0264
ia_bim_eighteenth-century_the-philosophy-of-natura_smellie-william_1790,413,0.60777,non_junk,non_divine_teleology,0.00213,0.98113,0.01674
ia_bim_eighteenth-century_the-philosophy-of-natura_smellie-william_1790,414,0.99937,non_junk,non_divine_teleology,0.03115,0.87793,0.09092
ia_bim_eighteenth-century_the-philosophy-of-natura_smellie-william_1790,415,0.64201,non_junk,non_divine_teleology,0.00558,0.94339,0.05102
ia_bim_eighteenth-century_the-philosophy-of-natura_smellie-william_1790,416,0.9971,non_junk,non_divine_teleology,0.03557,0.95982,0.00462
ia_bim_eighteenth-century_the-philosophy-of-natura_smellie-william_1790,417,0.57511,non_junk,non_divine_teleology,0.004,0.95746,0.03853
ia_bim_eighteenth-century_the-philosophy-of-natura_smellie-william_1790,419,0.99518,non_junk,non_divine_teleology,0.00991,0.89156,0.09854
ia_bim_eighteenth-century_the-philosophy-of-natura_smellie-william_1790,420,0.92313,non_junk,non_divine_teleology,0.00547,0.98104,0.01349
ia_bim_eighteenth-century_the-philosophy-of-natura_smellie-william_1790,421,0.96878,non_junk,non_divine_teleology,0.00812,0.94288,0.049
ia_bim_eighteenth-century_the-philosophy-of-natura_smellie-william_1790,425,0.01202,junk,,,,
ia_bim_eighteenth-century_the-philosophy-of-natura_smellie-william_1790,427,0.09027,junk,,,,
ia_bim_eighteenth-century_the-philosophy-of-natura_smellie-william_1790,432,0.92461,non_junk,non_divine_teleology,0.01927,0.89615,0.08459
ia_bim_eighteenth-century_the-philosophy-of-natura_smellie-william_1790,433,0.64145,non_junk,non_divine_teleology,0.0044,0.96377,0.03183
ia_bim_eighteenth-century_the-philosophy-of-natura_smellie-william_1790,438,0.00772,junk,,,,
ia_bim_eighteenth-century_the-philosophy-of-natura_smellie-william_1790,441,0.36073,junk,,,,
ia_bim_eighteenth-century_the-philosophy-of-natura_smellie-william_1790,443,0.98466,non_junk,non_divine_teleology,0.00544,0.85607,0.13849
ia_bim_eighteenth-century_the-philosophy-of-natura_smellie-william_1790,444,0.19926,junk,,,,
ia_bim_eighteenth-century_the-philosophy-of-natura_smellie-william_1790,445,0.30611,junk,,,,
ia_bim_eighteenth-century_the-philosophy-of-natura_smellie-william_1790,448,0.8206,non_junk,non_divine_teleology,0.00963,0.92937,0.06099
ia_bim_eighteenth-century_the-philosophy-of-natura_smellie-william_1790,450,0.99215,non_junk,non_divine_teleology,0.0348,0.95109,0.0141
ia_bim_eighteenth-century_the-philosophy-of-natura_smellie-william_1790,452,0.42234,junk,,,,
ia_bim_eighteenth-century_the-philosophy-of-natura_smellie-william_1790,453,0.99224,non_junk,non_divine_teleology,0.0408,0.89678,0.06242
ia_bim_eighteenth-century_the-philosophy-of-natura_smellie-william_1790,455,0.99946,non_junk,non_divine_teleology,0.0049,0.95062,0.04448
ia_bim_eighteenth-century_the-philosophy-of-natura_smellie-william_1790,456,0.10147,junk,,,,
ia_bim_eighteenth-century_the-philosophy-of-natura_smellie-william_1790,458,0.01395,junk,,,,
ia_bim_eighteenth-century_the-philosophy-of-natura_smellie-william_1790,459,0.85112,non_junk,non_divine_teleology,0.01467,0.86886,0.11647
ia_bim_eighteenth-century_the-philosophy-of-natura_smellie-william_1790,460,0.53818,non_junk,non_divine_teleology,0.02396,0.95739,0.01865
ia_bim_eighteenth-century_the-philosophy-of-natura_smellie-william_1790,461,0.01215,junk,,,,
ia_bim_eighteenth-century_the-philosophy-of-natura_smellie-william_1790,462,0.81409,non_junk,internal_essence,0.0253,0.36004,0.61465
ia_bim_eighteenth-century_the-philosophy-of-natura_smellie-william_1790,463,7e-05,junk,,,,
ia_bim_eighteenth-century_the-philosophy-of-natura_smellie-william_1790,464,0.48939,junk,,,,
ia_bim_eighteenth-century_the-philosophy-of-natura_smellie-william_1790,465,0.04144,junk,,,,
ia_bim_eighteenth-century_the-philosophy-of-natura_smellie-william_1790,470,0.09171,junk,,,,
ia_bim_eighteenth-century_the-philosophy-of-natura_smellie-william_1790,474,0.00126,junk,,,,
ia_bim_eighteenth-century_the-philosophy-of-natura_smellie-william_1790,478,0.91935,non_junk,internal_essence,0.0196,0.092,0.88839
ia_bim_eighteenth-century_the-philosophy-of-natura_smellie-william_1790,481,0.05572,junk,,,,
ia_bim_eighteenth-century_the-philosophy-of-natura_smellie-william_1790,482,0.15461,junk,,,,
ia_bim_eighteenth-century_the-philosophy-of-natura_smellie-william_1790,483,0.97378,non_junk,internal_essence,0.09907,0.0648,0.83613
ia_bim_eighteenth-century_the-philosophy-of-natura_smellie-william_1790,484,0.02495,junk,,,,
ia_bim_eighteenth-century_the-philosophy-of-natura_smellie-william_1790,486,0.00507,junk,,,,
ia_bim_eighteenth-century_the-philosophy-of-natura_smellie-william_1790,491,0.99696,non_junk,non_divine_teleology,0.00355,0.91309,0.08335
ia_bim_eighteenth-century_the-philosophy-of-natura_smellie-william_1790,492,0.22858,junk,,,,
ia_bim_eighteenth-century_the-philosophy-of-natura_smellie-william_1790,494,0.89616,non_junk,non_divine_teleology,0.01459,0.81496,0.17044
ia_bim_eighteenth-century_the-philosophy-of-natura_smellie-william_1790,495,0.01673,junk,,,,
ia_bim_eighteenth-century_the-philosophy-of-natura_smellie-william_1790,496,0.00016,junk,,,,
ia_bim_eighteenth-century_the-philosophy-of-natura_smellie-william_1790,498,0.00218,junk,,,,
ia_bim_eighteenth-century_the-philosophy-of-natura_smellie-william_1790,499,0.48732,junk,,,,
ia_bim_eighteenth-century_the-philosophy-of-natura_smellie-william_1790,500,0.33437,junk,,,,
ia_bim_eighteenth-century_the-philosophy-of-natura_smellie-william_1790,507,0.05346,junk,,,,
ia_bim_eighteenth-century_the-philosophy-of-natura_smellie-william_1790,511,0.0705,junk,,,,
ia_bim_eighteenth-century_the-philosophy-of-natura_smellie-william_1790,512,0.60296,non_junk,divine_teleology,0.99763,0.00108,0.00129
ia_bim_eighteenth-century_the-philosophy-of-natura_smellie-william_1790,514,0.03906,junk,,,,
ia_bim_eighteenth-century_the-philosophy-of-natura_smellie-william_1790,515,0.00031,junk,,,,
ia_bim_eighteenth-century_the-philosophy-of-natura_smellie-william_1790,516,0.00079,junk,,,,
ia_bim_eighteenth-century_the-philosophy-of-natura_smellie-william_1790,517,0.81933,non_junk,internal_essence,0.01051,0.31768,0.67181
ia_bim_eighteenth-century_the-philosophy-of-natura_smellie-william_1790,520,0.00027,junk,,,,
ia_bim_eighteenth-century_the-philosophy-of-natura_smellie-william_1790,522,6e-05,junk,,,,
ia_bim_eighteenth-century_the-philosophy-of-natura_smellie-william_1790,525,0.20705,junk,,,,
ia_bim_eighteenth-century_the-philosophy-of-natura_smellie-william_1790,529,0.07554,junk,,,,
ia_bim_eighteenth-century_the-philosophy-of-natura_smellie-william_1790,530,0.51566,non_junk,non_divine_teleology,0.04538,0.65777,0.29685
ia_bim_eighteenth-century_the-philosophy-of-natura_smellie-william_1790,531,0.02323,junk,,,,
ia_bim_eighteenth-century_the-philosophy-of-natura_smellie-william_1790,533,0.13129,junk,,,,
ia_bim_eighteenth-century_the-philosophy-of-natura_smellie-william_1790,536,0.00309,junk,,,,
ia_bim_eighteenth-century_the-philosophy-of-natura_smellie-william_1790,538,0.07987,junk,,,,
ia_bim_eighteenth-century_the-philosophy-of-natura_smellie-william_1790,539,0.00469,junk,,,,
ia_bim_eighteenth-century_the-philosophy-of-natura_smellie-william_1790,541,0.36148,junk,,,,
ia_bim_eighteenth-century_the-philosophy-of-natura_smellie-william_1790,543,0.97541,non_junk,non_divine_teleology,0.0462,0.50045,0.45336
ia_bim_eighteenth-century_the-philosophy-of-natura_smellie-william_1790,544,0.8284,non_junk,non_divine_teleology,0.03878,0.71181,0.24941
ia_bim_eighteenth-century_the-philosophy-of-natura_smellie-william_1790,545,0.82524,non_junk,non_divine_teleology,0.03294,0.79105,0.17601
ia_bim_eighteenth-century_the-philosophy-of-natura_smellie-william_1790,548,0.69665,non_junk,non_divine_teleology,0.47004,0.47629,0.05366
ia_bim_eighteenth-century_the-philosophy-of-natura_smellie-william_1790,549,0.02579,junk,,,,
ia_bim_eighteenth-century_the-philosophy-of-natura_smellie-william_1790,551,0.0028,junk,,,,
ia_bim_eighteenth-century_the-philosophy-of-natura_smellie-william_1790,552,0.47813,junk,,,,
ia_bim_eighteenth-century_the-philosophy-of-natura_smellie-william_1790,555,0.02411,junk,,,,
ia_bim_eighteenth-century_the-philosophy-of-natura_smellie-william_1790,558,0.20248,junk,,,,
ia_bim_eighteenth-century_the-philosophy-of-natura_smellie-william_1790,561,0.0044,junk,,,,
ia_bim_eighteenth-century_the-philosophy-of-natura_smellie-william_1790,562,0.01419,junk,,,,
ia_bim_eighteenth-century_the-philosophy-of-natura_smellie-william_1790,564,0.69522,non_junk,non_divine_teleology,0.03238,0.57048,0.39714
ia_bim_eighteenth-century_the-philosophy-of-natura_smellie-william_1790,568,0.50285,non_junk,non_divine_teleology,0.00659,0.89848,0.09493
ia_bim_eighteenth-century_the-philosophy-of-natura_smellie-william_1790,570,0.01874,junk,,,,
ia_bim_eighteenth-century_the-philosophy-of-natura_smellie-william_1790,571,0.26707,junk,,,,
ia_bim_eighteenth-century_the-philosophy-of-natura_smellie-william_1790,572,0.36725,junk,,,,
ia_bim_eighteenth-century_the-philosophy-of-natura_smellie-william_1790,573,0.00017,junk,,,,
ia_bim_eighteenth-century_the-philosophy-of-natura_smellie-william_1790,575,0.07133,junk,,,,
ia_bim_eighteenth-century_the-philosophy-of-natura_smellie-william_1790,576,0.06389,junk,,,,
ia_bim_eighteenth-century_the-philosophy-of-natura_smellie-william_1790,581,0.07548,junk,,,,
ia_bim_eighteenth-century_the-philosophy-of-natura_smellie-william_1790,582,0.98213,non_junk,non_divine_teleology,0.00186,0.77798,0.22016
ia_bim_eighteenth-century_the-philosophy-of-natura_smellie-william_1790,589,0.96461,non_junk,non_divine_teleology,0.01676,0.94931,0.03392
ia_bim_eighteenth-century_the-philosophy-of-natura_smellie-william_1790,591,0.01167,junk,,,,
ia_bim_eighteenth-century_the-philosophy-of-natura_smellie-william_1790,592,0.99861,non_junk,non_divine_teleology,0.00382,0.99331,0.00288
ia_bim_eighteenth-century_the-philosophy-of-natura_smellie-william_1790,593,0.04003,junk,,,,
ia_bim_eighteenth-century_the-philosophy-of-natura_smellie-william_1790,601,0.62467,non_junk,non_divine_teleology,0.04565,0.55826,0.39609
ia_bim_eighteenth-century_the-philosophy-of-natura_smellie-william_1790,602,0.01801,junk,,,,
ia_bim_eighteenth-century_the-philosophy-of-natura_smellie-william_1790,604,0.07369,junk,,,,
ia_bim_eighteenth-century_the-philosophy-of-natura_smellie-william_1790,607,0.00377,junk,,,,
ia_bim_eighteenth-century_the-philosophy-of-natura_smellie-william_1790,609,0.01108,junk,,,,
ia_bim_eighteenth-century_the-philosophy-of-natura_smellie-william_1790,613,0.0074,junk,,,,
ia_bim_eighteenth-century_the-philosophy-of-natura_smellie-william_1790,614,0.02365,junk,,,,
ia_bim_eighteenth-century_the-philosophy-of-natura_smellie-william_1790,615,0.01878,junk,,,,
ia_bim_eighteenth-century_the-philosophy-of-natura_smellie-william_1790,616,0.00995,junk,,,,
ia_bim_eighteenth-century_the-philosophy-of-natura_smellie-william_1790,618,0.00012,junk,,,,
ia_bim_eighteenth-century_the-philosophy-of-natura_smellie-william_1790,619,0.0002,junk,,,,
ia_bim_eighteenth-century_the-philosophy-of-natura_smellie-william_1790,621,0.03072,junk,,,,
ia_bim_eighteenth-century_the-philosophy-of-natura_smellie-william_1790,622,0.13167,junk,,,,
ia_bim_eighteenth-century_the-philosophy-of-natura_smellie-william_1790,625,0.00431,junk,,,,
ia_bim_eighteenth-century_the-philosophy-of-natura_smellie-william_1790,628,0.75519,non_junk,non_divine_teleology,0.00922,0.93394,0.05684
ia_bim_eighteenth-century_the-philosophy-of-natura_smellie-william_1790,629,0.68878,non_junk,non_divine_teleology,0.01342,0.87268,0.1139
ia_bim_eighteenth-century_the-philosophy-of-natura_smellie-william_1790,633,0.99853,non_junk,internal_essence,0.00721,0.14304,0.84975
ia_bim_eighteenth-century_the-philosophy-of-natura_smellie-william_1790,635,0.56386,non_junk,non_divine_teleology,0.01326,0.8419,0.14484
ia_bim_eighteenth-century_the-philosophy-of-natura_smellie-william_1790,636,0.02966,junk,,,,
ia_bim_eighteenth-century_the-philosophy-of-natura_smellie-william_1790,642,0.00442,junk,,,,
ia_bim_eighteenth-century_the-philosophy-of-natura_smellie-william_1790,643,0.00134,junk,,,,
ia_bim_eighteenth-century_the-philosophy-of-natura_smellie-william_1790,646,0.05806,junk,,,,
ia_bim_eighteenth-century_the-philosophy-of-natura_smellie-william_1790,647,0.0353,junk,,,,
ia_bim_eighteenth-century_the-philosophy-of-natura_smellie-william_1790,649,0.01709,junk,,,,
ia_bim_eighteenth-century_the-philosophy-of-natura_smellie-william_1790,650,0.08448,junk,,,,
ia_bim_eighteenth-century_the-philosophy-of-natura_smellie-william_1790,654,0.00026,junk,,,,
ia_bim_eighteenth-century_the-philosophy-of-natura_smellie-william_1790,656,0.43334,junk,,,,
ia_bim_eighteenth-century_the-philosophy-of-natura_smellie-william_1790,657,0.00337,junk,,,,
ia_bim_eighteenth-century_the-philosophy-of-natura_smellie-william_1790,659,0.00042,junk,,,,
ia_bim_eighteenth-century_the-philosophy-of-natura_smellie-william_1790,660,5e-05,junk,,,,
ia_bim_eighteenth-century_the-philosophy-of-natura_smellie-william_1790,661,8e-05,junk,,,,
ia_bim_eighteenth-century_the-philosophy-of-natura_smellie-william_1790,663,0.07325,junk,,,,
ia_bim_eighteenth-century_the-philosophy-of-natura_smellie-william_1790,664,0.01629,junk,,,,
ia_bim_eighteenth-century_the-philosophy-of-natura_smellie-william_1790,667,0.24125,junk,,,,
ia_bim_eighteenth-century_the-philosophy-of-natura_smellie-william_1790,669,0.00167,junk,,,,
ia_bim_eighteenth-century_the-philosophy-of-natura_smellie-william_1790,671,0.3483,junk,,,,
ia_bim_eighteenth-century_the-philosophy-of-natura_smellie-william_1790,678,0.00124,junk,,,,
ia_bim_eighteenth-century_the-philosophy-of-natura_smellie-william_1790,680,0.42764,junk,,,,
ia_bim_eighteenth-century_the-philosophy-of-natura_smellie-william_1790,682,0.81527,non_junk,non_divine_teleology,0.00439,0.87341,0.1222
ia_bim_eighteenth-century_the-philosophy-of-natura_smellie-william_1790,684,0.8896,non_junk,non_divine_teleology,0.09676,0.56746,0.33578
ia_bim_eighteenth-century_the-philosophy-of-natura_smellie-william_1790,685,0.04782,junk,,,,
ia_bim_eighteenth-century_the-philosophy-of-natura_smellie-william_1790,686,0.56532,non_junk,non_divine_teleology,0.16055,0.74071,0.09874
ia_bim_eighteenth-century_the-philosophy-of-natura_smellie-william_1790,688,0.87074,non_junk,non_divine_teleology,0.12024,0.5901,0.28966
ia_bim_eighteenth-century_the-philosophy-of-natura_smellie-william_1790,689,0.87812,non_junk,non_divine_teleology,0.00531,0.81698,0.1777
ia_bim_eighteenth-century_the-philosophy-of-natura_smellie-william_1790,690,0.98873,non_junk,non_divine_teleology,0.00932,0.67693,0.31375
ia_bim_eighteenth-century_the-philosophy-of-natura_smellie-william_1790,694,0.02169,junk,,,,
ia_bim_eighteenth-century_the-philosophy-of-natura_smellie-william_1790,698,0.00102,junk,,,,
ia_bim_eighteenth-century_the-philosophy-of-natura_smellie-william_1790,700,0.33126,junk,,,,
ia_bim_eighteenth-century_the-philosophy-of-natura_smellie-william_1790,702,0.00464,junk,,,,
ia_bim_eighteenth-century_the-philosophy-of-natura_smellie-william_1790,705,0.02301,junk,,,,
ia_bim_eighteenth-century_the-philosophy-of-natura_smellie-william_1790,707,0.8197,non_junk,internal_essence,0.01546,0.33631,0.64823
ia_bim_eighteenth-century_the-philosophy-of-natura_smellie-william_1790,712,0.28142,junk,,,,
ia_bim_eighteenth-century_the-philosophy-of-natura_smellie-william_1790,713,0.96112,non_junk,non_divine_teleology,0.00646,0.98388,0.00966
ia_bim_eighteenth-century_the-philosophy-of-natura_smellie-william_1790,714,0.04581,junk,,,,
ia_bim_eighteenth-century_the-philosophy-of-natura_smellie-william_1790,718,0.10033,junk,,,,
ia_bim_eighteenth-century_the-philosophy-of-natura_smellie-william_1790,720,0.0013,junk,,,,
ia_bim_eighteenth-century_the-philosophy-of-natura_smellie-william_1790,722,0.84917,non_junk,internal_essence,0.00281,0.1246,0.87259
ia_bim_eighteenth-century_the-philosophy-of-natura_smellie-william_1790,723,0.95551,non_junk,internal_essence,0.00706,0.24141,0.75153
ia_bim_eighteenth-century_the-philosophy-of-natura_smellie-william_1790,727,0.00196,junk,,,,
ia_bim_eighteenth-century_the-philosophy-of-natura_smellie-william_1790,728,0.12888,junk,,,,
ia_bim_eighteenth-century_the-philosophy-of-natura_smellie-william_1790,729,0.1297,junk,,,,
ia_bim_eighteenth-century_the-philosophy-of-natura_smellie-william_1790,738,0.00721,junk,,,,
ia_bim_eighteenth-century_the-philosophy-of-natura_smellie-william_1790,740,0.07121,junk,,,,
ia_bim_eighteenth-century_the-philosophy-of-natura_smellie-william_1790,744,0.00164,junk,,,,
ia_bim_eighteenth-century_the-philosophy-of-natura_smellie-william_1790,745,0.39868,junk,,,,
ia_bim_eighteenth-century_the-philosophy-of-natura_smellie-william_1790,749,0.00012,junk,,,,
ia_bim_eighteenth-century_the-philosophy-of-natura_smellie-william_1790,751,2e-05,junk,,,,
ia_bim_eighteenth-century_the-philosophy-of-natura_smellie-william_1790,753,0.00037,junk,,,,
ia_bim_eighteenth-century_the-philosophy-of-natura_smellie-william_1790,754,0.00368,junk,,,,
ia_bim_eighteenth-century_the-philosophy-of-natura_smellie-william_1790,755,0.00213,junk,,,,
ia_bim_eighteenth-century_the-philosophy-of-natura_smellie-william_1790,760,0.02009,junk,,,,
ia_bim_eighteenth-century_the-philosophy-of-natura_smellie-william_1790,761,0.00063,junk,,,,
ia_bim_eighteenth-century_the-philosophy-of-natura_smellie-william_1790,762,0.00378,junk,,,,
ia_bim_eighteenth-century_the-philosophy-of-natura_smellie-william_1790,763,0.00146,junk,,,,
ia_bim_eighteenth-century_the-philosophy-of-natura_smellie-william_1790,769,0.05241,junk,,,,
ia_bim_eighteenth-century_the-philosophy-of-natura_smellie-william_1790,771,0.00716,junk,,,,
ia_bim_eighteenth-century_the-philosophy-of-natura_smellie-william_1790,772,0.92862,non_junk,non_divine_teleology,0.01021,0.93805,0.05174
ia_bim_eighteenth-century_the-philosophy-of-natura_smellie-william_1790,773,0.00048,junk,,,,
ia_bim_eighteenth-century_the-philosophy-of-natura_smellie-william_1790,774,0.99802,non_junk,non_divine_teleology,0.00268,0.99388,0.00344
ia_bim_eighteenth-century_the-philosophy-of-natura_smellie-william_1790,779,0.7532,non_junk,non_divine_teleology,0.06053,0.83019,0.10929
ia_bim_eighteenth-century_the-philosophy-of-natura_smellie-william_1790,780,7e-05,junk,,,,
ia_bim_eighteenth-century_the-philosophy-of-natura_smellie-william_1790,781,0.99802,non_junk,non_divine_teleology,0.00268,0.99388,0.00344
ia_bim_eighteenth-century_the-philosophy-of-natura_smellie-william_1790,782,0.7687,non_junk,non_divine_teleology,0.01873,0.96944,0.01182
ia_bim_eighteenth-century_the-philosophy-of-natura_smellie-william_1790,783,0.75518,non_junk,internal_essence,0.0022,0.32784,0.66995
ia_bim_eighteenth-century_the-philosophy-of-natura_smellie-william_1790,785,0.99551,non_junk,non_divine_teleology,0.00926,0.96309,0.02765
ia_bim_eighteenth-century_the-philosophy-of-natura_smellie-william_1790,788,0.05694,junk,,,,
ia_bim_eighteenth-century_the-philosophy-of-natura_smellie-william_1790,789,0.8929,non_junk,non_divine_teleology,0.00703,0.98077,0.01221
ia_bim_eighteenth-century_the-philosophy-of-natura_smellie-william_1790,790,0.39822,junk,,,,
ia_bim_eighteenth-century_the-philosophy-of-natura_smellie-william_1790,791,0.80329,non_junk,non_divine_teleology,0.00161,0.99687,0.00152
ia_bim_eighteenth-century_the-philosophy-of-natura_smellie-william_1790,793,0.69015,non_junk,non_divine_teleology,0.058,0.89187,0.05013
ia_bim_eighteenth-century_the-philosophy-of-natura_smellie-william_1790,797,0.40087,junk,,,,
ia_bim_eighteenth-century_the-philosophy-of-natura_smellie-william_1790,798,0.99164,non_junk,non_divine_teleology,0.0274,0.83715,0.13545
ia_bim_eighteenth-century_the-philosophy-of-natura_smellie-william_1790,799,0.89615,non_junk,non_divine_teleology,0.01579,0.52397,0.46025
ia_bim_eighteenth-century_the-philosophy-of-natura_smellie-william_1790,801,0.00094,junk,,,,
ia_bim_eighteenth-century_the-philosophy-of-natura_smellie-william_1790,802,0.16936,junk,,,,
ia_bim_eighteenth-century_the-philosophy-of-natura_smellie-william_1790,803,0.99487,non_junk,non_divine_teleology,0.03107,0.92446,0.04447
ia_bim_eighteenth-century_the-philosophy-of-natura_smellie-william_1790,804,0.99889,non_junk,non_divine_teleology,0.01058,0.96875,0.02067
ia_bim_eighteenth-century_the-philosophy-of-natura_smellie-william_1790,806,0.9439,non_junk,non_divine_teleology,0.03693,0.90049,0.06259
ia_bim_eighteenth-century_the-philosophy-of-natura_smellie-william_1790,812,0.00503,junk,,,,
ia_bim_eighteenth-century_the-philosophy-of-natura_smellie-william_1790,815,0.00045,junk,,,,
ia_bim_eighteenth-century_the-philosophy-of-natura_smellie-william_1790,824,0.15334,junk,,,,
ia_bim_eighteenth-century_the-philosophy-of-natura_smellie-william_1790,827,0.10015,junk,,,,
ia_bim_eighteenth-century_the-philosophy-of-natura_smellie-william_1790,831,0.84889,non_junk,non_divine_teleology,0.02579,0.94518,0.02902
ia_bim_eighteenth-century_the-philosophy-of-natura_smellie-william_1790,832,0.917,non_junk,non_divine_teleology,0.02579,0.91932,0.05488
ia_bim_eighteenth-century_the-philosophy-of-natura_smellie-william_1790,833,0.00065,junk,,,,
ia_bim_eighteenth-century_the-philosophy-of-natura_smellie-william_1790,834,0.2403,junk,,,,
ia_bim_eighteenth-century_the-philosophy-of-natura_smellie-william_1790,837,0.96987,non_junk,non_divine_teleology,0.0095,0.98709,0.00341
ia_bim_eighteenth-century_the-philosophy-of-natura_smellie-william_1790,838,0.94934,non_junk,internal_essence,0.03372,0.35389,0.61238
ia_bim_eighteenth-century_the-philosophy-of-natura_smellie-william_1790,839,0.01297,junk,,,,
ia_bim_eighteenth-century_the-philosophy-of-natura_smellie-william_1790,840,0.0022,junk,,,,
ia_bim_eighteenth-century_the-philosophy-of-natura_smellie-william_1790,841,0.61686,non_junk,non_divine_teleology,0.01383,0.85168,0.13449
ia_bim_eighteenth-century_the-philosophy-of-natura_smellie-william_1790,842,0.45268,junk,,,,
ia_bim_eighteenth-century_the-philosophy-of-natura_smellie-william_1790,843,0.58461,non_junk,non_divine_teleology,0.01654,0.92152,0.06194
ia_bim_eighteenth-century_the-philosophy-of-natura_smellie-william_1790,844,0.0182,junk,,,,
ia_bim_eighteenth-century_the-philosophy-of-natura_smellie-william_1790,847,0.90551,non_junk,non_divine_teleology,0.00723,0.9691,0.02367
ia_bim_eighteenth-century_the-philosophy-of-natura_smellie-william_1790,848,0.99827,non_junk,divine_teleology,0.51168,0.47901,0.0093
ia_bim_eighteenth-century_the-philosophy-of-natura_smellie-william_1790,851,0.12945,junk,,,,
ia_bim_eighteenth-century_the-philosophy-of-natura_smellie-william_1790,853,0.11566,junk,,,,
ia_bim_eighteenth-century_the-philosophy-of-natura_smellie-william_1790,856,0.0327,junk,,,,
ia_bim_eighteenth-century_the-philosophy-of-natura_smellie-william_1790,859,0.97906,non_junk,non_divine_teleology,0.00769,0.98899,0.00332
ia_bim_eighteenth-century_the-philosophy-of-natura_smellie-william_1790,860,0.01442,junk,,,,
ia_bim_eighteenth-century_the-philosophy-of-natura_smellie-william_1790,861,0.26951,junk,,,,
ia_bim_eighteenth-century_the-philosophy-of-natura_smellie-william_1790,862,0.38662,junk,,,,
ia_bim_eighteenth-century_the-philosophy-of-natura_smellie-william_1790,866,0.83318,non_junk,non_divine_teleology,0.00941,0.79355,0.19703
ia_bim_eighteenth-century_the-philosophy-of-natura_smellie-william_1790,869,0.99971,non_junk,non_divine_teleology,0.00245,0.99023,0.00732
ia_bim_eighteenth-century_the-philosophy-of-natura_smellie-william_1790,870,0.00627,junk,,,,
ia_bim_eighteenth-century_the-philosophy-of-natura_smellie-william_1790,871,0.00064,junk,,,,
ia_bim_eighteenth-century_the-philosophy-of-natura_smellie-william_1790,872,0.86878,non_junk,non_divine_teleology,0.02934,0.95028,0.02038
ia_bim_eighteenth-century_the-philosophy-of-natura_smellie-william_1790,873,0.65685,non_junk,non_divine_teleology,0.00867,0.97067,0.02066
ia_bim_eighteenth-century_the-philosophy-of-natura_smellie-william_1790,874,0.00012,junk,,,,
ia_bim_eighteenth-century_the-philosophy-of-natura_smellie-william_1790,879,0.09918,junk,,,,
ia_bim_eighteenth-century_the-philosophy-of-natura_smellie-william_1790,880,0.02884,junk,,,,
ia_bim_eighteenth-century_the-philosophy-of-natura_smellie-william_1790,882,0.32071,junk,,,,
ia_bim_eighteenth-century_the-philosophy-of-natura_smellie-william_1790,883,0.19092,junk,,,,
ia_bim_eighteenth-century_the-philosophy-of-natura_smellie-william_1790,887,0.04495,junk,,,,
ia_bim_eighteenth-century_the-philosophy-of-natura_smellie-william_1790,889,0.02219,junk,,,,
ia_bim_eighteenth-century_the-philosophy-of-natura_smellie-william_1790,892,0.00452,junk,,,,
ia_bim_eighteenth-century_the-philosophy-of-natura_smellie-william_1790,894,0.00139,junk,,,,
ia_bim_eighteenth-century_the-philosophy-of-natura_smellie-william_1790,895,0.94016,non_junk,non_divine_teleology,0.01366,0.91657,0.06977
ia_bim_eighteenth-century_the-philosophy-of-natura_smellie-william_1790,900,0.02873,junk,,,,
ia_bim_eighteenth-century_the-philosophy-of-natura_smellie-william_1790,903,0.18326,junk,,,,
ia_bim_eighteenth-century_the-philosophy-of-natura_smellie-william_1790,905,0.10569,junk,,,,
ia_bim_eighteenth-century_the-philosophy-of-natura_smellie-william_1790,906,0.00353,junk,,,,
ia_bim_eighteenth-century_the-philosophy-of-natura_smellie-william_1790,913,0.94697,non_junk,non_divine_teleology,0.01191,0.97948,0.0086
ia_bim_eighteenth-century_the-philosophy-of-natura_smellie-william_1790,916,0.9805,non_junk,non_divine_teleology,0.00384,0.90038,0.09578
ia_bim_eighteenth-century_the-philosophy-of-natura_smellie-william_1790,918,0.01876,junk,,,,
ia_bim_eighteenth-century_the-philosophy-of-natura_smellie-william_1790,919,0.31502,junk,,,,
ia_bim_eighteenth-century_the-philosophy-of-natura_smellie-william_1790,920,0.92536,non_junk,non_divine_teleology,0.01982,0.92234,0.05784
ia_bim_eighteenth-century_the-philosophy-of-natura_smellie-william_1790,921,0.48021,junk,,,,
ia_bim_eighteenth-century_the-philosophy-of-natura_smellie-william_1790,922,0.89853,non_junk,non_divine_teleology,0.00905,0.98596,0.00499
ia_bim_eighteenth-century_the-philosophy-of-natura_smellie-william_1790,923,0.00114,junk,,,,
ia_bim_eighteenth-century_the-philosophy-of-natura_smellie-william_1790,928,0.13711,junk,,,,
ia_bim_eighteenth-century_the-philosophy-of-natura_smellie-william_1790,933,0.00795,junk,,,,
ia_bim_eighteenth-century_the-philosophy-of-natura_smellie-william_1790,934,0.00505,junk,,,,
ia_bim_eighteenth-century_the-philosophy-of-natura_smellie-william_1790,936,0.00517,junk,,,,
ia_bim_eighteenth-century_the-philosophy-of-natura_smellie-william_1790,937,0.17012,junk,,,,
ia_bim_eighteenth-century_the-philosophy-of-natura_smellie-william_1790,939,0.00941,junk,,,,
ia_bim_eighteenth-century_the-philosophy-of-natura_smellie-william_1790,941,0.00047,junk,,,,
ia_bim_eighteenth-century_the-philosophy-of-natura_smellie-william_1790,943,0.12717,junk,,,,
ia_bim_eighteenth-century_the-philosophy-of-natura_smellie-william_1790,944,0.00011,junk,,,,
ia_bim_eighteenth-century_the-philosophy-of-natura_smellie-william_1790,951,0.00664,junk,,,,
ia_bim_eighteenth-century_the-philosophy-of-natura_smellie-william_1790,953,0.02348,junk,,,,
ia_bim_eighteenth-century_the-philosophy-of-natura_smellie-william_1790,954,0.00067,junk,,,,
ia_bim_eighteenth-century_the-philosophy-of-natura_smellie-william_1790,962,0.02353,junk,,,,
ia_bim_eighteenth-century_the-philosophy-of-natura_smellie-william_1790,963,0.01166,junk,,,,
ia_bim_eighteenth-century_the-philosophy-of-natura_smellie-william_1790,968,0.22391,junk,,,,
ia_bim_eighteenth-century_the-philosophy-of-natura_smellie-william_1790,969,0.99734,non_junk,non_divine_teleology,0.02415,0.96399,0.01186
ia_bim_eighteenth-century_the-philosophy-of-natura_smellie-william_1790,970,0.71377,non_junk,divine_teleology,0.60155,0.3357,0.06275
ia_bim_eighteenth-century_the-philosophy-of-natura_smellie-william_1790,972,0.00279,junk,,,,
ia_bim_eighteenth-century_the-philosophy-of-natura_smellie-william_1790,974,0.0128,junk,,,,
ia_bim_eighteenth-century_the-philosophy-of-natura_smellie-william_1790,975,0.00174,junk,,,,
ia_bim_eighteenth-century_the-philosophy-of-natura_smellie-william_1790,976,0.03253,junk,,,,
ia_bim_eighteenth-century_the-philosophy-of-natura_smellie-william_1790,979,0.76086,non_junk,non_divine_teleology,0.18199,0.77885,0.03916
ia_bim_eighteenth-century_the-philosophy-of-natura_smellie-william_1790,982,0.00551,junk,,,,
ia_bim_eighteenth-century_the-philosophy-of-natura_smellie-william_1790,983,0.02372,junk,,,,
ia_bim_eighteenth-century_the-philosophy-of-natura_smellie-william_1790,985,0.00551,junk,,,,
ia_bim_eighteenth-century_the-philosophy-of-natura_smellie-william_1790,990,0.99948,non_junk,non_divine_teleology,0.00796,0.98697,0.00507
ia_bim_eighteenth-century_the-philosophy-of-natura_smellie-william_1790,991,0.93794,non_junk,non_divine_teleology,0.00097,0.97276,0.02627
ia_bim_eighteenth-century_the-philosophy-of-natura_smellie-william_1790,993,0.08415,junk,,,,
ia_bim_eighteenth-century_the-philosophy-of-natura_smellie-william_1790,994,0.98681,non_junk,non_divine_teleology,0.01359,0.97152,0.01489
ia_bim_eighteenth-century_the-philosophy-of-natura_smellie-william_1790,997,0.18523,junk,,,,
ia_bim_eighteenth-century_the-philosophy-of-natura_smellie-william_1790,998,0.99459,non_junk,non_divine_teleology,0.00456,0.99089,0.00455
ia_bim_eighteenth-century_the-philosophy-of-natura_smellie-william_1790,1003,0.0718,junk,,,,
ia_bim_eighteenth-century_the-philosophy-of-natura_smellie-william_1790,1005,0.59862,non_junk,non_divine_teleology,0.02979,0.96269,0.00751
ia_bim_eighteenth-century_the-philosophy-of-natura_smellie-william_1790,1009,0.07812,junk,,,,
ia_bim_eighteenth-century_the-philosophy-of-natura_smellie-william_1790,1010,0.00921,junk,,,,
ia_bim_eighteenth-century_the-philosophy-of-natura_smellie-william_1790,1015,0.77398,non_junk,non_divine_teleology,0.45954,0.51193,0.02852
ia_bim_eighteenth-century_the-philosophy-of-natura_smellie-william_1790,1022,0.90497,non_junk,non_divine_teleology,0.00747,0.98271,0.00982
ia_bim_eighteenth-century_the-philosophy-of-natura_smellie-william_1790,1028,0.90935,non_junk,non_divine_teleology,0.03189,0.93274,0.03536
ia_bim_eighteenth-century_the-philosophy-of-natura_smellie-william_1790,1033,0.45785,junk,,,,
ia_bim_eighteenth-century_the-philosophy-of-natura_smellie-william_1790,1034,0.00454,junk,,,,
ia_bim_eighteenth-century_the-philosophy-of-natura_smellie-william_1790,1036,0.96403,non_junk,non_divine_teleology,0.00389,0.98006,0.01604
ia_bim_eighteenth-century_the-philosophy-of-natura_smellie-william_1790,1037,0.39947,junk,,,,
ia_bim_eighteenth-century_the-philosophy-of-natura_smellie-william_1790,1040,0.7577,non_junk,non_divine_teleology,0.01396,0.97152,0.01452
ia_bim_eighteenth-century_the-philosophy-of-natura_smellie-william_1790,1042,0.09374,junk,,,,
ia_bim_eighteenth-century_the-philosophy-of-natura_smellie-william_1790,1046,0.45648,junk,,,,
ia_bim_eighteenth-century_the-philosophy-of-natura_smellie-william_1790,1047,0.34367,junk,,,,
ia_bim_eighteenth-century_the-philosophy-of-natura_smellie-william_1790,1052,0.21345,junk,,,,
ia_bim_eighteenth-century_the-philosophy-of-natura_smellie-william_1790,1059,0.00043,junk,,,,
ia_bim_eighteenth-century_the-philosophy-of-natura_smellie-william_1790,1061,0.05442,junk,,,,
ia_bim_eighteenth-century_the-philosophy-of-natura_smellie-william_1790,1063,0.04483,junk,,,,
ia_bim_eighteenth-century_the-philosophy-of-natura_smellie-william_1790,1069,0.00809,junk,,,,
ia_bim_eighteenth-century_the-philosophy-of-natura_smellie-william_1790,1070,0.46045,junk,,,,
ia_bim_eighteenth-century_the-philosophy-of-natura_smellie-william_1790,1074,0.01015,junk,,,,
ia_bim_eighteenth-century_the-philosophy-of-natura_smellie-william_1790,1077,0.12754,junk,,,,
ia_bim_eighteenth-century_the-philosophy-of-natura_smellie-william_1790,1079,0.92882,non_junk,non_divine_teleology,0.03981,0.80435,0.15584
ia_bim_eighteenth-century_the-philosophy-of-natura_smellie-william_1790,1080,0.99998,non_junk,non_divine_teleology,0.04433,0.95446,0.0012
ia_bim_eighteenth-century_the-philosophy-of-natura_smellie-william_1790,1081,0.00627,junk,,,,
ia_bim_eighteenth-century_the-philosophy-of-natura_smellie-william_1790,1084,0.2116,junk,,,,
ia_bim_eighteenth-century_the-philosophy-of-natura_smellie-william_1790,1085,0.00121,junk,,,,
ia_bim_eighteenth-century_the-philosophy-of-natura_smellie-william_1790,1092,0.14186,junk,,,,
ia_bim_eighteenth-century_the-philosophy-of-natura_smellie-william_1790,1094,0.90211,non_junk,non_divine_teleology,0.05013,0.72147,0.2284
ia_bim_eighteenth-century_the-philosophy-of-natura_smellie-william_1790,1095,0.99252,non_junk,non_divine_teleology,0.10045,0.77256,0.12699
ia_bim_eighteenth-century_the-philosophy-of-natura_smellie-william_1790,1098,0.1427,junk,,,,
ia_bim_eighteenth-century_the-philosophy-of-natura_smellie-william_1790,1100,0.98631,non_junk,non_divine_teleology,0.08132,0.83016,0.08852
ia_bim_eighteenth-century_the-philosophy-of-natura_smellie-william_1790,1101,0.24201,junk,,,,
ia_bim_eighteenth-century_the-philosophy-of-natura_smellie-william_1790,1106,0.42067,junk,,,,
ia_bim_eighteenth-century_the-philosophy-of-natura_smellie-william_1790,1108,0.0477,junk,,,,
ia_bim_eighteenth-century_the-philosophy-of-natura_smellie-william_1790,1110,0.63609,non_junk,non_divine_teleology,0.07361,0.83404,0.09234
ia_bim_eighteenth-century_the-philosophy-of-natura_smellie-william_1790,1111,0.00273,junk,,,,
ia_bim_eighteenth-century_the-philosophy-of-natura_smellie-william_1790,1113,0.15632,junk,,,,
ia_bim_eighteenth-century_the-philosophy-of-natura_smellie-william_1790,1116,0.04206,junk,,,,
ia_bim_eighteenth-century_the-philosophy-of-natura_smellie-william_1790,1117,0.57534,non_junk,non_divine_teleology,0.01302,0.9604,0.02658
ia_bim_eighteenth-century_the-philosophy-of-natura_smellie-william_1790,1119,0.00166,junk,,,,
ia_bim_eighteenth-century_the-philosophy-of-natura_smellie-william_1790,1121,0.00651,junk,,,,
ia_bim_eighteenth-century_the-philosophy-of-natura_smellie-william_1790,1122,0.00738,junk,,,,
ia_bim_eighteenth-century_the-philosophy-of-natura_smellie-william_1790,1124,0.0248,junk,,,,
ia_bim_eighteenth-century_the-philosophy-of-natura_smellie-william_1790,1131,0.05192,junk,,,,
ia_bim_eighteenth-century_the-philosophy-of-natura_smellie-william_1790,1138,0.99528,non_junk,non_divine_teleology,0.01511,0.95365,0.03124
ia_bim_eighteenth-century_the-philosophy-of-natura_smellie-william_1790,1140,0.61405,non_junk,non_divine_teleology,0.0709,0.80211,0.12699
ia_bim_eighteenth-century_the-philosophy-of-natura_smellie-william_1790,1143,0.00027,junk,,,,
ia_bim_eighteenth-century_the-philosophy-of-natura_smellie-william_1790,1145,0.43801,junk,,,,
ia_bim_eighteenth-century_the-philosophy-of-natura_smellie-william_1790,1150,0.0001,junk,,,,
ia_bim_eighteenth-century_the-philosophy-of-natura_smellie-william_1790,1151,0.04937,junk,,,,
ia_bim_eighteenth-century_the-philosophy-of-natura_smellie-william_1790,1152,0.0506,junk,,,,
ia_bim_eighteenth-century_the-philosophy-of-natura_smellie-william_1790,1154,0.13701,junk,,,,
ia_bim_eighteenth-century_the-philosophy-of-natura_smellie-william_1790,1155,1e-05,junk,,,,
ia_bim_eighteenth-century_the-philosophy-of-natura_smellie-william_1790,1156,0.0029,junk,,,,
ia_bim_eighteenth-century_the-philosophy-of-natura_smellie-william_1790,1157,0.00021,junk,,,,
ia_bim_eighteenth-century_the-philosophy-of-natura_smellie-william_1790,1158,0.1056,junk,,,,
ia_bim_eighteenth-century_the-philosophy-of-natura_smellie-william_1790,1161,0.00262,junk,,,,
ia_bim_eighteenth-century_the-philosophy-of-natura_smellie-william_1790,1162,0.00774,junk,,,,
ia_bim_eighteenth-century_the-philosophy-of-natura_smellie-william_1790,1166,0.02512,junk,,,,
ia_bim_eighteenth-century_the-philosophy-of-natura_smellie-william_1790,1167,0.01566,junk,,,,
ia_bim_eighteenth-century_the-philosophy-of-natura_smellie-william_1790,1169,0.003,junk,,,,
ia_bim_eighteenth-century_the-philosophy-of-natura_smellie-william_1790,1174,0.00413,junk,,,,
ia_bim_eighteenth-century_the-philosophy-of-natura_smellie-william_1790,1175,0.95234,non_junk,non_divine_teleology,0.02876,0.93977,0.03147
ia_bim_eighteenth-century_the-philosophy-of-natura_smellie-william_1790,1181,0.0014,junk,,,,
ia_bim_eighteenth-century_the-philosophy-of-natura_smellie-william_1790,1184,0.04126,junk,,,,
ia_bim_eighteenth-century_the-philosophy-of-natura_smellie-william_1790,1185,0.01724,junk,,,,
ia_bim_eighteenth-century_the-philosophy-of-natura_smellie-william_1790,1186,0.052,junk,,,,
ia_bim_eighteenth-century_the-philosophy-of-natura_smellie-william_1790,1187,0.00421,junk,,,,
ia_bim_eighteenth-century_the-philosophy-of-natura_smellie-william_1790,1189,0.23796,junk,,,,
ia_bim_eighteenth-century_the-philosophy-of-natura_smellie-william_1790,1192,0.70517,non_junk,non_divine_teleology,0.03422,0.8773,0.08848
ia_bim_eighteenth-century_the-philosophy-of-natura_smellie-william_1790,1193,0.99355,non_junk,non_divine_teleology,0.01216,0.97683,0.01101
ia_bim_eighteenth-century_the-philosophy-of-natura_smellie-william_1790,1195,0.15342,junk,,,,
ia_bim_eighteenth-century_the-philosophy-of-natura_smellie-william_1790,1196,0.00436,junk,,,,
ia_bim_eighteenth-century_the-philosophy-of-natura_smellie-william_1790,1198,0.04865,junk,,,,
ia_bim_eighteenth-century_the-philosophy-of-natura_smellie-william_1790,1201,0.00802,junk,,,,
ia_bim_eighteenth-century_the-philosophy-of-natura_smellie-william_1790,1204,0.89068,non_junk,divine_teleology,0.57384,0.40832,0.01784
ia_bim_eighteenth-century_the-philosophy-of-natura_smellie-william_1790,1205,0.01759,junk,,,,
ia_bim_eighteenth-century_the-philosophy-of-natura_smellie-william_1790,1207,0.00302,junk,,,,
ia_bim_eighteenth-century_the-philosophy-of-natura_smellie-william_1790,1210,0.99209,non_junk,non_divine_teleology,0.00402,0.98756,0.00842
ia_bim_eighteenth-century_the-philosophy-of-natura_smellie-william_1790,1211,0.60392,non_junk,non_divine_teleology,0.00376,0.99128,0.00496
ia_bim_eighteenth-century_the-philosophy-of-natura_smellie-william_1790,1215,0.00912,junk,,,,
ia_bim_eighteenth-century_the-philosophy-of-natura_smellie-william_1790,1216,0.80854,non_junk,non_divine_teleology,0.01079,0.77219,0.21702
ia_bim_eighteenth-century_the-philosophy-of-natura_smellie-william_1790,1222,0.99014,non_junk,non_divine_teleology,0.03928,0.83209,0.12863
ia_bim_eighteenth-century_the-philosophy-of-natura_smellie-william_1790,1223,0.00408,junk,,,,
ia_bim_eighteenth-century_the-philosophy-of-natura_smellie-william_1790,1226,0.01483,junk,,,,
ia_bim_eighteenth-century_the-philosophy-of-natura_smellie-william_1790,1228,0.3491,junk,,,,
ia_bim_eighteenth-century_the-philosophy-of-natura_smellie-william_1790,1230,0.42738,junk,,,,
ia_bim_eighteenth-century_the-philosophy-of-natura_smellie-william_1790,1231,0.90965,non_junk,non_divine_teleology,0.00503,0.82484,0.17013
ia_bim_eighteenth-century_the-philosophy-of-natura_smellie-william_1790,1232,0.23385,junk,,,,
ia_bim_eighteenth-century_the-philosophy-of-natura_smellie-william_1790,1237,0.86322,non_junk,non_divine_teleology,0.12682,0.76915,0.10402
ia_bim_eighteenth-century_the-philosophy-of-natura_smellie-william_1790,1238,0.00155,junk,,,,
ia_bim_eighteenth-century_the-philosophy-of-natura_smellie-william_1790,1240,0.94369,non_junk,internal_essence,0.02599,0.39123,0.58277
ia_bim_eighteenth-century_the-philosophy-of-natura_smellie-william_1790,1242,0.00168,junk,,,,
ia_bim_eighteenth-century_the-philosophy-of-natura_smellie-william_1790,1243,0.00955,junk,,,,
ia_bim_eighteenth-century_the-philosophy-of-natura_smellie-william_1790,1244,0.1086,junk,,,,
ia_bim_eighteenth-century_the-philosophy-of-natura_smellie-william_1790,1245,0.01466,junk,,,,
ia_bim_eighteenth-century_the-philosophy-of-natura_smellie-william_1790,1247,0.07178,junk,,,,
ia_bim_eighteenth-century_the-philosophy-of-natura_smellie-william_1790,1248,0.80497,non_junk,internal_essence,0.01127,0.37576,0.61297
ia_bim_eighteenth-century_the-philosophy-of-natura_smellie-william_1790,1251,0.00011,junk,,,,
ia_bim_eighteenth-century_the-philosophy-of-natura_smellie-william_1790,1252,0.93693,non_junk,internal_essence,0.02586,0.17108,0.80306
ia_bim_eighteenth-century_the-philosophy-of-natura_smellie-william_1790,1257,0.0008,junk,,,,
ia_bim_eighteenth-century_the-philosophy-of-natura_smellie-william_1790,1258,0.0008,junk,,,,
ia_bim_eighteenth-century_the-philosophy-of-natura_smellie-william_1790,1260,0.00147,junk,,,,
ia_bim_eighteenth-century_the-philosophy-of-natura_smellie-william_1790,1265,0.00166,junk,,,,
ia_bim_eighteenth-century_the-philosophy-of-natura_smellie-william_1790,1266,0.00169,junk,,,,
ia_bim_eighteenth-century_the-philosophy-of-natura_smellie-william_1790,1268,0.00063,junk,,,,
ia_bim_eighteenth-century_the-philosophy-of-natura_smellie-william_1790,1270,0.11522,junk,,,,
ia_bim_eighteenth-century_the-philosophy-of-natura_smellie-william_1790,1273,0.20214,junk,,,,
ia_bim_eighteenth-century_the-philosophy-of-natura_smellie-william_1790,1274,0.00061,junk,,,,
ia_bim_eighteenth-century_the-philosophy-of-natura_smellie-william_1790,1275,0.00023,junk,,,,
ia_bim_eighteenth-century_the-philosophy-of-natura_smellie-william_1790,1276,0.00033,junk,,,,
ia_bim_eighteenth-century_the-philosophy-of-natura_smellie-william_1790,1277,0.0139,junk,,,,
ia_bim_eighteenth-century_the-philosophy-of-natura_smellie-william_1790,1278,0.02664,junk,,,,
ia_bim_eighteenth-century_the-philosophy-of-natura_smellie-william_1790,1279,0.00596,junk,,,,
ia_bim_eighteenth-century_the-philosophy-of-natura_smellie-william_1790,1280,0.98361,non_junk,non_divine_teleology,0.03556,0.89477,0.06967
ia_bim_eighteenth-century_the-philosophy-of-natura_smellie-william_1790,1281,0.00088,junk,,,,
ia_bim_eighteenth-century_the-philosophy-of-natura_smellie-william_1790,1283,0.00469,junk,,,,
ia_bim_eighteenth-century_the-philosophy-of-natura_smellie-william_1790,1286,6e-05,junk,,,,
ia_bim_eighteenth-century_the-philosophy-of-natura_smellie-william_1790,1289,0.00021,junk,,,,
ia_bim_eighteenth-century_the-philosophy-of-natura_smellie-william_1790,1291,0.00013,junk,,,,
ia_bim_eighteenth-century_the-philosophy-of-natura_smellie-william_1790,1293,0.00275,junk,,,,
ia_bim_eighteenth-century_the-philosophy-of-natura_smellie-william_1790,1294,0.16092,junk,,,,
ia_bim_eighteenth-century_the-philosophy-of-natura_smellie-william_1790,1295,0.00033,junk,,,,
ia_bim_eighteenth-century_the-philosophy-of-natura_smellie-william_1790,1296,0.96904,non_junk,non_divine_teleology,0.00411,0.97411,0.02178
ia_bim_eighteenth-century_the-philosophy-of-natura_smellie-william_1790,1305,0.97805,non_junk,non_divine_teleology,0.01711,0.96714,0.01574
ia_bim_eighteenth-century_the-philosophy-of-natura_smellie-william_1790,1307,0.95948,non_junk,non_divine_teleology,0.01422,0.97592,0.00986
ia_bim_eighteenth-century_the-philosophy-of-natura_smellie-william_1790,1308,0.24662,junk,,,,
ia_bim_eighteenth-century_the-philosophy-of-natura_smellie-william_1790,1309,0.63112,non_junk,non_divine_teleology,0.01202,0.96509,0.0229
ia_bim_eighteenth-century_the-philosophy-of-natura_smellie-william_1790,1311,0.85989,non_junk,non_divine_teleology,0.0115,0.98379,0.00472
ia_bim_eighteenth-century_the-philosophy-of-natura_smellie-william_1790,1314,0.00032,junk,,,,
ia_bim_eighteenth-century_the-philosophy-of-natura_smellie-william_1790,1317,0.00589,junk,,,,
ia_bim_eighteenth-century_the-philosophy-of-natura_smellie-william_1790,1322,1e-05,junk,,,,
ia_bim_eighteenth-century_the-philosophy-of-natura_smellie-william_1790,1323,0.00013,junk,,,,
ia_bim_eighteenth-century_the-philosophy-of-natura_smellie-william_1790,1327,0.00013,junk,,,,
ia_bim_eighteenth-century_the-philosophy-of-natura_smellie-william_1790,1331,0.9356,non_junk,non_divine_teleology,0.01065,0.96716,0.02219
ia_bim_eighteenth-century_the-philosophy-of-natura_smellie-william_1790,1333,0.00168,junk,,,,
ia_bim_eighteenth-century_the-philosophy-of-natura_smellie-william_1790,1334,0.00174,junk,,,,
ia_bim_eighteenth-century_the-philosophy-of-natura_smellie-william_1790,1338,0.57575,non_junk,non_divine_teleology,0.01264,0.92099,0.06636
ia_bim_eighteenth-century_the-philosophy-of-natura_smellie-william_1790,1341,0.00043,junk,,,,
ia_bim_eighteenth-century_the-philosophy-of-natura_smellie-william_1790,1342,0.70631,non_junk,non_divine_teleology,0.00753,0.9257,0.06677
ia_bim_eighteenth-century_the-philosophy-of-natura_smellie-william_1790,1348,0.13649,junk,,,,
ia_bim_eighteenth-century_the-philosophy-of-natura_smellie-william_1790,1349,0.00065,junk,,,,
ia_bim_eighteenth-century_the-philosophy-of-natura_smellie-william_1790,1355,0.02989,junk,,,,
ia_bim_eighteenth-century_the-philosophy-of-natura_smellie-william_1790,1357,0.33642,junk,,,,
ia_bim_eighteenth-century_the-philosophy-of-natura_smellie-william_1790,1361,0.01285,junk,,,,
ia_bim_eighteenth-century_the-philosophy-of-natura_smellie-william_1790,1362,0.00711,junk,,,,
ia_bim_eighteenth-century_the-philosophy-of-natura_smellie-william_1790,1369,0.03506,junk,,,,
ia_bim_eighteenth-century_the-philosophy-of-natura_smellie-william_1790,1370,0.01163,junk,,,,
ia_bim_eighteenth-century_the-philosophy-of-natura_smellie-william_1790,1372,0.54049,non_junk,non_divine_teleology,0.00457,0.79106,0.20437
ia_bim_eighteenth-century_the-philosophy-of-natura_smellie-william_1790,1373,0.0002,junk,,,,
ia_bim_eighteenth-century_the-philosophy-of-natura_smellie-william_1790,1374,0.22095,junk,,,,
ia_bim_eighteenth-century_the-philosophy-of-natura_smellie-william_1790,1380,0.69303,non_junk,non_divine_teleology,0.00349,0.86089,0.13561
ia_bim_eighteenth-century_the-philosophy-of-natura_smellie-william_1790,1381,0.06073,junk,,,,
ia_bim_eighteenth-century_the-philosophy-of-natura_smellie-william_1790,1386,0.0968,junk,,,,
ia_bim_eighteenth-century_the-philosophy-of-natura_smellie-william_1790,1388,0.00435,junk,,,,
ia_bim_eighteenth-century_the-philosophy-of-natura_smellie-william_1790,1389,0.00133,junk,,,,
ia_bim_eighteenth-century_the-philosophy-of-natura_smellie-william_1790,1391,0.00406,junk,,,,
ia_bim_eighteenth-century_the-philosophy-of-natura_smellie-william_1790,1396,0.92945,non_junk,internal_essence,0.02902,0.14513,0.82585
ia_bim_eighteenth-century_the-philosophy-of-natura_smellie-william_1790,1397,0.021,junk,,,,
ia_bim_eighteenth-century_the-philosophy-of-natura_smellie-william_1790,1400,0.00989,junk,,,,
ia_bim_eighteenth-century_the-philosophy-of-natura_smellie-william_1790,1402,0.02148,junk,,,,
ia_bim_eighteenth-century_the-philosophy-of-natura_smellie-william_1790,1403,0.00526,junk,,,,
ia_bim_eighteenth-century_the-philosophy-of-natura_smellie-william_1790,1404,0.04068,junk,,,,
ia_bim_eighteenth-century_the-philosophy-of-natura_smellie-william_1790,1406,0.12294,junk,,,,
ia_bim_eighteenth-century_the-philosophy-of-natura_smellie-william_1790,1408,0.00886,junk,,,,
ia_bim_eighteenth-century_the-philosophy-of-natura_smellie-william_1790,1409,0.07882,junk,,,,
ia_bim_eighteenth-century_the-philosophy-of-natura_smellie-william_1790,1414,0.00048,junk,,,,
ia_bim_eighteenth-century_the-philosophy-of-natura_smellie-william_1790,1416,0.00124,junk,,,,
ia_bim_eighteenth-century_the-philosophy-of-natura_smellie-william_1790,1418,0.01158,junk,,,,
ia_bim_eighteenth-century_the-philosophy-of-natura_smellie-william_1790,1419,0.0198,junk,,,,
ia_bim_eighteenth-century_the-philosophy-of-natura_smellie-william_1790,1420,0.00306,junk,,,,
ia_bim_eighteenth-century_the-philosophy-of-natura_smellie-william_1790,1421,0.04802,junk,,,,
ia_bim_eighteenth-century_the-philosophy-of-natura_smellie-william_1790,1425,0.07482,junk,,,,
ia_bim_eighteenth-century_the-philosophy-of-natura_smellie-william_1790,1427,0.0172,junk,,,,
ia_bim_eighteenth-century_the-philosophy-of-natura_smellie-william_1790,1429,0.04734,junk,,,,
ia_bim_eighteenth-century_the-philosophy-of-natura_smellie-william_1790,1430,0.96942,non_junk,non_divine_teleology,0.0035,0.98331,0.01319
ia_bim_eighteenth-century_the-philosophy-of-natura_smellie-william_1790,1433,0.0158,junk,,,,
ia_bim_eighteenth-century_the-philosophy-of-natura_smellie-william_1790,1435,0.95741,non_junk,non_divine_teleology,0.01363,0.97326,0.01311
ia_bim_eighteenth-century_the-philosophy-of-natura_smellie-william_1790,1437,0.00062,junk,,,,
ia_bim_eighteenth-century_the-philosophy-of-natura_smellie-william_1790,1439,0.96942,non_junk,non_divine_teleology,0.0035,0.98331,0.01319
ia_bim_eighteenth-century_the-philosophy-of-natura_smellie-william_1790,1440,0.00089,junk,,,,
ia_bim_eighteenth-century_the-philosophy-of-natura_smellie-william_1790,1443,0.27959,junk,,,,
ia_bim_eighteenth-century_the-philosophy-of-natura_smellie-william_1790,1446,0.97191,non_junk,non_divine_teleology,0.00722,0.98145,0.01132
ia_bim_eighteenth-century_the-philosophy-of-natura_smellie-william_1790,1447,0.0074,junk,,,,
ia_bim_eighteenth-century_the-philosophy-of-natura_smellie-william_1790,1452,0.00289,junk,,,,
ia_bim_eighteenth-century_the-philosophy-of-natura_smellie-william_1790,1453,0.01789,junk,,,,
ia_bim_eighteenth-century_the-philosophy-of-natura_smellie-william_1790,1454,0.02871,junk,,,,
ia_bim_eighteenth-century_the-philosophy-of-natura_smellie-william_1790,1457,0.00204,junk,,,,
ia_bim_eighteenth-century_the-philosophy-of-natura_smellie-william_1790,1459,0.04203,junk,,,,
ia_bim_eighteenth-century_the-philosophy-of-natura_smellie-william_1790,1461,0.26296,junk,,,,
ia_bim_eighteenth-century_the-philosophy-of-natura_smellie-william_1790,1465,0.00222,junk,,,,
ia_bim_eighteenth-century_the-philosophy-of-natura_smellie-william_1790,1469,0.00892,junk,,,,
ia_bim_eighteenth-century_the-philosophy-of-natura_smellie-william_1790,1471,0.00936,junk,,,,
ia_bim_eighteenth-century_the-philosophy-of-natura_smellie-william_1790,1476,0.01118,junk,,,,
ia_bim_eighteenth-century_the-philosophy-of-natura_smellie-william_1790,1478,0.00348,junk,,,,
ia_bim_eighteenth-century_the-philosophy-of-natura_smellie-william_1790,1483,0.01053,junk,,,,
ia_bim_eighteenth-century_the-philosophy-of-natura_smellie-william_1790,1484,0.00152,junk,,,,
ia_bim_eighteenth-century_the-philosophy-of-natura_smellie-william_1790,1485,0.76268,non_junk,non_divine_teleology,0.03072,0.96225,0.00703
ia_bim_eighteenth-century_the-philosophy-of-natura_smellie-william_1790,1486,0.00035,junk,,,,
ia_bim_eighteenth-century_the-philosophy-of-natura_smellie-william_1790,1487,0.00225,junk,,,,
ia_bim_eighteenth-century_the-philosophy-of-natura_smellie-william_1790,1489,0.02087,junk,,,,
ia_bim_eighteenth-century_the-philosophy-of-natura_smellie-william_1790,1494,0.02949,junk,,,,
ia_bim_eighteenth-century_the-philosophy-of-natura_smellie-william_1790,1497,0.01043,junk,,,,
ia_bim_eighteenth-century_the-philosophy-of-natura_smellie-william_1790,1500,0.00764,junk,,,,
ia_bim_eighteenth-century_the-philosophy-of-natura_smellie-william_1790,1503,0.9986,non_junk,non_divine_teleology,0.00353,0.98643,0.01004
ia_bim_eighteenth-century_the-philosophy-of-natura_smellie-william_1790,1504,0.00042,junk,,,,
ia_bim_eighteenth-century_the-philosophy-of-natura_smellie-william_1790,1507,0.00578,junk,,,,
ia_bim_eighteenth-century_the-philosophy-of-natura_smellie-william_1790,1509,0.01848,junk,,,,
ia_bim_eighteenth-century_the-philosophy-of-natura_smellie-william_1790,1516,0.00351,junk,,,,
ia_bim_eighteenth-century_the-philosophy-of-natura_smellie-william_1790,1521,0.00581,junk,,,,
ia_bim_eighteenth-century_the-philosophy-of-natura_smellie-william_1790,1522,0.02509,junk,,,,
ia_bim_eighteenth-century_the-philosophy-of-natura_smellie-william_1790,1525,0.00456,junk,,,,
ia_bim_eighteenth-century_the-philosophy-of-natura_smellie-william_1790,1527,0.01352,junk,,,,
ia_bim_eighteenth-century_the-philosophy-of-natura_smellie-william_1790,1529,0.00092,junk,,,,
ia_bim_eighteenth-century_the-philosophy-of-natura_smellie-william_1790,1531,4e-05,junk,,,,
ia_bim_eighteenth-century_the-philosophy-of-natura_smellie-william_1790,1534,0.00589,junk,,,,
ia_bim_eighteenth-century_the-philosophy-of-natura_smellie-william_1790,1536,0.00326,junk,,,,
ia_bim_eighteenth-century_the-philosophy-of-natura_smellie-william_1790,1540,0.04585,junk,,,,
ia_bim_eighteenth-century_the-philosophy-of-natura_smellie-william_1790,1541,0.0041,junk,,,,
ia_bim_eighteenth-century_the-philosophy-of-natura_smellie-william_1790,1545,0.00154,junk,,,,
ia_bim_eighteenth-century_the-philosophy-of-natura_smellie-william_1790,1546,0.86933,non_junk,internal_essence,0.02957,0.08735,0.88308
ia_bim_eighteenth-century_the-philosophy-of-natura_smellie-william_1790,1547,0.00788,junk,,,,
ia_bim_eighteenth-century_the-philosophy-of-natura_smellie-william_1790,1548,0.02427,junk,,,,
ia_bim_eighteenth-century_the-philosophy-of-natura_smellie-william_1790,1550,0.00725,junk,,,,
ia_bim_eighteenth-century_the-philosophy-of-natura_smellie-william_1790,1553,0.02485,junk,,,,
ia_bim_eighteenth-century_the-philosophy-of-natura_smellie-william_1790,1557,0.19324,junk,,,,
ia_bim_eighteenth-century_the-philosophy-of-natura_smellie-william_1790,1560,0.24692,junk,,,,
ia_bim_eighteenth-century_the-philosophy-of-natura_smellie-william_1790,1564,0.00642,junk,,,,
ia_bim_eighteenth-century_the-philosophy-of-natura_smellie-william_1790,1565,0.80463,non_junk,non_divine_teleology,0.01244,0.52201,0.46555
ia_bim_eighteenth-century_the-philosophy-of-natura_smellie-william_1790,1567,0.00116,junk,,,,
ia_bim_eighteenth-century_the-philosophy-of-natura_smellie-william_1790,1568,0.00448,junk,,,,
ia_bim_eighteenth-century_the-philosophy-of-natura_smellie-william_1790,1569,0.00188,junk,,,,
ia_bim_eighteenth-century_the-philosophy-of-natura_smellie-william_1790,1570,0.0064,junk,,,,
ia_bim_eighteenth-century_the-philosophy-of-natura_smellie-william_1790,1571,0.00119,junk,,,,
ia_bim_eighteenth-century_the-philosophy-of-natura_smellie-william_1790,1572,0.038,junk,,,,
ia_bim_eighteenth-century_the-philosophy-of-natura_smellie-william_1790,1573,0.00867,junk,,,,
ia_bim_eighteenth-century_the-philosophy-of-natura_smellie-william_1790,1576,0.00043,junk,,,,
ia_bim_eighteenth-century_the-philosophy-of-natura_smellie-william_1790,1577,5e-05,junk,,,,
ia_bim_eighteenth-century_the-philosophy-of-natura_smellie-william_1790,1579,0.0747,junk,,,,
ia_bim_eighteenth-century_the-philosophy-of-natura_smellie-william_1790,1580,0.03841,junk,,,,
ia_bim_eighteenth-century_the-philosophy-of-natura_smellie-william_1790,1581,0.00867,junk,,,,
ia_bim_eighteenth-century_the-philosophy-of-natura_smellie-william_1790,1585,0.07117,junk,,,,
ia_bim_eighteenth-century_the-philosophy-of-natura_smellie-william_1790,1586,0.20537,junk,,,,
ia_bim_eighteenth-century_the-philosophy-of-natura_smellie-william_1790,1588,0.00035,junk,,,,
ia_bim_eighteenth-century_the-philosophy-of-natura_smellie-william_1790,1589,0.01606,junk,,,,
ia_bim_eighteenth-century_the-philosophy-of-natura_smellie-william_1790,1591,0.15191,junk,,,,
ia_bim_eighteenth-century_the-philosophy-of-natura_smellie-william_1790,1593,0.00368,junk,,,,
ia_bim_eighteenth-century_the-philosophy-of-natura_smellie-william_1790,1594,0.00156,junk,,,,
ia_bim_eighteenth-century_the-philosophy-of-natura_smellie-william_1790,1596,0.00029,junk,,,,
ia_bim_eighteenth-century_the-philosophy-of-natura_smellie-william_1790,1598,0.12273,junk,,,,
ia_bim_eighteenth-century_the-philosophy-of-natura_smellie-william_1790,1599,0.02484,junk,,,,
ia_bim_eighteenth-century_the-philosophy-of-natura_smellie-william_1790,1602,2e-05,junk,,,,
ia_bim_eighteenth-century_the-philosophy-of-natura_smellie-william_1790,1607,0.43345,junk,,,,
ia_bim_eighteenth-century_the-philosophy-of-natura_smellie-william_1790,1611,0.00144,junk,,,,
ia_bim_eighteenth-century_the-philosophy-of-natura_smellie-william_1790,1612,0.00036,junk,,,,
ia_bim_eighteenth-century_the-philosophy-of-natura_smellie-william_1790,1614,0.0012,junk,,,,
ia_bim_eighteenth-century_the-philosophy-of-natura_smellie-william_1790,1615,0.00636,junk,,,,
ia_bim_eighteenth-century_the-philosophy-of-natura_smellie-william_1790,1616,0.00382,junk,,,,
ia_bim_eighteenth-century_the-philosophy-of-natura_smellie-william_1790,1617,0.00764,junk,,,,
ia_bim_eighteenth-century_the-philosophy-of-natura_smellie-william_1790,1620,0.00326,junk,,,,
ia_bim_eighteenth-century_the-philosophy-of-natura_smellie-william_1790,1623,0.00673,junk,,,,
ia_bim_eighteenth-century_the-philosophy-of-natura_smellie-william_1790,1626,0.22133,junk,,,,
ia_bim_eighteenth-century_the-philosophy-of-natura_smellie-william_1790,1628,0.27385,junk,,,,
ia_bim_eighteenth-century_the-philosophy-of-natura_smellie-william_1790,1632,0.2043,junk,,,,
ia_bim_eighteenth-century_the-philosophy-of-natura_smellie-william_1790,1634,0.05697,junk,,,,
ia_bim_eighteenth-century_the-philosophy-of-natura_smellie-william_1790,1635,0.02368,junk,,,,
ia_bim_eighteenth-century_the-philosophy-of-natura_smellie-william_1790,1638,0.00039,junk,,,,
ia_bim_eighteenth-century_the-philosophy-of-natura_smellie-william_1790,1642,0.00166,junk,,,,
ia_bim_eighteenth-century_the-philosophy-of-natura_smellie-william_1790,1643,0.00064,junk,,,,
ia_bim_eighteenth-century_the-philosophy-of-natura_smellie-william_1790,1645,0.00335,junk,,,,
ia_bim_eighteenth-century_the-philosophy-of-natura_smellie-william_1790,1646,0.03409,junk,,,,
ia_bim_eighteenth-century_the-philosophy-of-natura_smellie-william_1790,1651,0.00059,junk,,,,
ia_bim_eighteenth-century_the-philosophy-of-natura_smellie-william_1790,1652,0.83461,non_junk,internal_essence,0.01595,0.08553,0.89852
ia_bim_eighteenth-century_the-philosophy-of-natura_smellie-william_1790,1656,0.00073,junk,,,,
ia_bim_eighteenth-century_the-philosophy-of-natura_smellie-william_1790,1658,0.06478,junk,,,,
ia_bim_eighteenth-century_the-philosophy-of-natura_smellie-william_1790,1661,0.00152,junk,,,,
ia_bim_eighteenth-century_the-philosophy-of-natura_smellie-william_1790,1663,0.46883,junk,,,,
ia_bim_eighteenth-century_the-philosophy-of-natura_smellie-william_1790,1664,0.03149,junk,,,,
ia_bim_eighteenth-century_the-philosophy-of-natura_smellie-william_1790,1665,0.02959,junk,,,,
ia_bim_eighteenth-century_the-philosophy-of-natura_smellie-william_1790,1670,0.00218,junk,,,,
ia_bim_eighteenth-century_the-philosophy-of-natura_smellie-william_1790,1672,5e-05,junk,,,,
ia_bim_eighteenth-century_the-philosophy-of-natura_smellie-william_1790,1674,0.00227,junk,,,,
ia_bim_eighteenth-century_the-philosophy-of-natura_smellie-william_1790,1676,0.00018,junk,,,,
ia_bim_eighteenth-century_the-philosophy-of-natura_smellie-william_1790,1678,0.00589,junk,,,,
ia_bim_eighteenth-century_the-philosophy-of-natura_smellie-william_1790,1679,0.0001,junk,,,,
ia_bim_eighteenth-century_the-philosophy-of-natura_smellie-william_1790,1681,0.00076,junk,,,,
ia_bim_eighteenth-century_the-philosophy-of-natura_smellie-william_1790,1686,0.00055,junk,,,,
ia_bim_eighteenth-century_the-philosophy-of-natura_smellie-william_1790,1689,0.01881,junk,,,,
ia_bim_eighteenth-century_the-philosophy-of-natura_smellie-william_1790,1697,0.63584,non_junk,internal_essence,0.00416,0.23141,0.76444
ia_bim_eighteenth-century_the-philosophy-of-natura_smellie-william_1790,1698,0.05599,junk,,,,
ia_bim_eighteenth-century_the-philosophy-of-natura_smellie-william_1790,1699,0.02393,junk,,,,
ia_bim_eighteenth-century_the-philosophy-of-natura_smellie-william_1790,1700,0.01045,junk,,,,
ia_bim_eighteenth-century_the-philosophy-of-natura_smellie-william_1790,1702,0.03415,junk,,,,
ia_bim_eighteenth-century_the-philosophy-of-natura_smellie-william_1790,1703,0.00061,junk,,,,
ia_bim_eighteenth-century_the-philosophy-of-natura_smellie-william_1790,1706,0.0321,junk,,,,
ia_bim_eighteenth-century_the-philosophy-of-natura_smellie-william_1790,1707,0.79514,non_junk,non_divine_teleology,0.00241,0.91606,0.08152
ia_bim_eighteenth-century_the-philosophy-of-natura_smellie-william_1790,1709,0.07522,junk,,,,
ia_bim_eighteenth-century_the-philosophy-of-natura_smellie-william_1790,1716,0.2629,junk,,,,
ia_bim_eighteenth-century_the-philosophy-of-natura_smellie-william_1790,1719,0.00028,junk,,,,
ia_bim_eighteenth-century_the-philosophy-of-natura_smellie-william_1790,1730,0.00678,junk,,,,
ia_bim_eighteenth-century_the-philosophy-of-natura_smellie-william_1790,1733,0.99042,non_junk,non_divine_teleology,0.00181,0.99305,0.00514
ia_bim_eighteenth-century_the-philosophy-of-natura_smellie-william_1790,1735,0.07146,junk,,,,
ia_bim_eighteenth-century_the-philosophy-of-natura_smellie-william_1790,1737,0.68096,non_junk,internal_essence,0.00321,0.10271,0.89408
ia_bim_eighteenth-century_the-philosophy-of-natura_smellie-william_1790,1739,0.00088,junk,,,,
ia_bim_eighteenth-century_the-philosophy-of-natura_smellie-william_1790,1740,0.00192,junk,,,,
ia_bim_eighteenth-century_the-philosophy-of-natura_smellie-william_1790,1741,0.00192,junk,,,,
ia_bim_eighteenth-century_the-philosophy-of-natura_smellie-william_1790,1742,0.00012,junk,,,,
ia_bim_eighteenth-century_the-philosophy-of-natura_smellie-william_1790,1747,0.99627,non_junk,non_divine_teleology,0.00139,0.90353,0.09508
ia_bim_eighteenth-century_the-philosophy-of-natura_smellie-william_1790,1752,0.00999,junk,,,,
ia_bim_eighteenth-century_the-philosophy-of-natura_smellie-william_1790,1753,0.45548,junk,,,,
ia_bim_eighteenth-century_the-philosophy-of-natura_smellie-william_1790,1754,0.01402,junk,,,,
ia_bim_eighteenth-century_the-philosophy-of-natura_smellie-william_1790,1756,0.98292,non_junk,non_divine_teleology,0.00468,0.85218,0.14315
ia_bim_eighteenth-century_the-philosophy-of-natura_smellie-william_1790,1758,0.76608,non_junk,non_divine_teleology,0.00141,0.99059,0.008
ia_bim_eighteenth-century_the-philosophy-of-natura_smellie-william_1790,1760,0.97425,non_junk,non_divine_teleology,0.00404,0.51757,0.47839
ia_bim_eighteenth-century_the-philosophy-of-natura_smellie-william_1790,1761,0.81647,non_junk,internal_essence,0.00519,0.11744,0.87737
ia_bim_eighteenth-century_the-philosophy-of-natura_smellie-william_1790,1762,0.96718,non_junk,internal_essence,0.00256,0.05813,0.93931
ia_bim_eighteenth-century_the-philosophy-of-natura_smellie-william_1790,1763,0.76056,non_junk,internal_essence,0.00494,0.19873,0.79633
ia_bim_eighteenth-century_the-philosophy-of-natura_smellie-william_1790,1765,0.0008,junk,,,,
ia_bim_eighteenth-century_the-philosophy-of-natura_smellie-william_1790,1766,0.00025,junk,,,,
ia_bim_eighteenth-century_the-philosophy-of-natura_smellie-william_1790,1776,0.00308,junk,,,,
ia_bim_eighteenth-century_the-philosophy-of-natura_smellie-william_1790,1779,0.70527,non_junk,internal_essence,0.00351,0.3789,0.61758
ia_bim_eighteenth-century_the-philosophy-of-natura_smellie-william_1790,1781,0.00201,junk,,,,
ia_bim_eighteenth-century_the-philosophy-of-natura_smellie-william_1790,1782,0.00661,junk,,,,
ia_bim_eighteenth-century_the-philosophy-of-natura_smellie-william_1790,1784,0.9519,non_junk,internal_essence,0.01427,0.14229,0.84344
ia_bim_eighteenth-century_the-philosophy-of-natura_smellie-william_1790,1785,0.01099,junk,,,,
ia_bim_eighteenth-century_the-philosophy-of-natura_smellie-william_1790,1788,0.10576,junk,,,,
ia_bim_eighteenth-century_the-philosophy-of-natura_smellie-william_1790,1791,0.22103,junk,,,,
ia_bim_eighteenth-century_the-philosophy-of-natura_smellie-william_1790,1792,0.18211,junk,,,,
ia_bim_eighteenth-century_the-philosophy-of-natura_smellie-william_1790,1794,0.14431,junk,,,,
ia_bim_eighteenth-century_the-philosophy-of-natura_smellie-william_1790,1796,0.99947,non_junk,non_divine_teleology,0.00169,0.534,0.46431
ia_bim_eighteenth-century_the-philosophy-of-natura_smellie-william_1790,1797,0.65292,non_junk,internal_essence,0.00103,0.05771,0.94126
ia_bim_eighteenth-century_the-philosophy-of-natura_smellie-william_1790,1800,0.00459,junk,,,,
ia_bim_eighteenth-century_the-philosophy-of-natura_smellie-william_1790,1801,0.08365,junk,,,,
ia_bim_eighteenth-century_the-philosophy-of-natura_smellie-william_1790,1803,0.00512,junk,,,,
ia_bim_eighteenth-century_the-philosophy-of-natura_smellie-william_1790,1805,0.03402,junk,,,,
ia_bim_eighteenth-century_the-philosophy-of-natura_smellie-william_1790,1806,0.00078,junk,,,,
ia_bim_eighteenth-century_the-philosophy-of-natura_smellie-william_1790,1808,0.46293,junk,,,,
ia_bim_eighteenth-century_the-philosophy-of-natura_smellie-william_1790,1811,0.66031,non_junk,internal_essence,0.00453,0.05926,0.93621
ia_bim_eighteenth-century_the-philosophy-of-natura_smellie-william_1790,1813,0.0353,junk,,,,
ia_bim_eighteenth-century_the-philosophy-of-natura_smellie-william_1790,1815,0.01824,junk,,,,
ia_bim_eighteenth-century_the-philosophy-of-natura_smellie-william_1790,1817,0.99933,non_junk,non_divine_teleology,0.00162,0.95106,0.04732
ia_bim_eighteenth-century_the-philosophy-of-natura_smellie-william_1790,1822,0.99942,non_junk,internal_essence,0.00139,0.00773,0.99089
ia_bim_eighteenth-century_the-philosophy-of-natura_smellie-william_1790,1823,0.3914,junk,,,,
ia_bim_eighteenth-century_the-philosophy-of-natura_smellie-william_1790,1824,0.01264,junk,,,,
ia_bim_eighteenth-century_the-philosophy-of-natura_smellie-william_1790,1830,0.00016,junk,,,,
ia_bim_eighteenth-century_the-philosophy-of-natura_smellie-william_1790,1832,0.01679,junk,,,,
ia_bim_eighteenth-century_the-philosophy-of-natura_smellie-william_1790,1835,0.04585,junk,,,,
ia_bim_eighteenth-century_the-philosophy-of-natura_smellie-william_1790,1837,0.00169,junk,,,,
ia_bim_eighteenth-century_the-philosophy-of-natura_smellie-william_1790,1839,0.00041,junk,,,,
ia_bim_eighteenth-century_the-philosophy-of-natura_smellie-william_1790,1843,0.12961,junk,,,,
ia_bim_eighteenth-century_the-philosophy-of-natura_smellie-william_1790,1844,0.01127,junk,,,,
ia_bim_eighteenth-century_the-philosophy-of-natura_smellie-william_1790,1846,8e-05,junk,,,,
ia_bim_eighteenth-century_the-philosophy-of-natura_smellie-william_1790,1848,0.00055,junk,,,,
ia_bim_eighteenth-century_the-philosophy-of-natura_smellie-william_1790,1852,0.0004,junk,,,,
ia_bim_eighteenth-century_the-philosophy-of-natura_smellie-william_1790,1853,0.00181,junk,,,,
ia_bim_eighteenth-century_the-philosophy-of-natura_smellie-william_1790,1854,0.03239,junk,,,,
ia_bim_eighteenth-century_the-philosophy-of-natura_smellie-william_1790,1856,0.03701,junk,,,,
ia_bim_eighteenth-century_the-philosophy-of-natura_smellie-william_1790,1857,0.0007,junk,,,,
ia_bim_eighteenth-century_the-philosophy-of-natura_smellie-william_1790,1858,0.15799,junk,,,,
ia_bim_eighteenth-century_the-philosophy-of-natura_smellie-william_1790,1859,0.04356,junk,,,,
ia_bim_eighteenth-century_the-philosophy-of-natura_smellie-william_1790,1863,0.00149,junk,,,,
ia_bim_eighteenth-century_the-philosophy-of-natura_smellie-william_1790,1866,0.7581,non_junk,non_divine_teleology,0.00154,0.95099,0.04748
ia_bim_eighteenth-century_the-philosophy-of-natura_smellie-william_1790,1868,0.66366,non_junk,internal_essence,0.01258,0.2945,0.69291
ia_bim_eighteenth-century_the-philosophy-of-natura_smellie-william_1790,1869,0.61396,non_junk,internal_essence,0.00592,0.32388,0.6702
ia_bim_eighteenth-century_the-philosophy-of-natura_smellie-william_1790,1870,0.6943,non_junk,internal_essence,0.01164,0.17871,0.80965
ia_bim_eighteenth-century_the-philosophy-of-natura_smellie-william_1790,1872,0.00242,junk,,,,
ia_bim_eighteenth-century_the-philosophy-of-natura_smellie-william_1790,1873,0.00023,junk,,,,
ia_bim_eighteenth-century_the-philosophy-of-natura_smellie-william_1790,1874,0.08886,junk,,,,
ia_bim_eighteenth-century_the-philosophy-of-natura_smellie-william_1790,1876,0.02779,junk,,,,
ia_bim_eighteenth-century_the-philosophy-of-natura_smellie-william_1790,1877,0.00016,junk,,,,
ia_bim_eighteenth-century_the-philosophy-of-natura_smellie-william_1790,1878,0.00894,junk,,,,
ia_bim_eighteenth-century_the-philosophy-of-natura_smellie-william_1790,1879,0.2875,junk,,,,
ia_bim_eighteenth-century_the-philosophy-of-natura_smellie-william_1790,1880,0.01425,junk,,,,
ia_bim_eighteenth-century_the-philosophy-of-natura_smellie-william_1790,1884,0.973,non_junk,internal_essence,0.00026,0.0095,0.99023
ia_bim_eighteenth-century_the-philosophy-of-natura_smellie-william_1790,1885,0.02939,junk,,,,
ia_bim_eighteenth-century_the-philosophy-of-natura_smellie-william_1790,1891,0.03402,junk,,,,
ia_bim_eighteenth-century_the-philosophy-of-natura_smellie-william_1790,1892,0.00729,junk,,,,
ia_bim_eighteenth-century_the-philosophy-of-natura_smellie-william_1790,1893,0.11834,junk,,,,
ia_bim_eighteenth-century_the-philosophy-of-natura_smellie-william_1790,1895,0.70379,non_junk,internal_essence,0.03045,0.30988,0.65967
ia_bim_eighteenth-century_the-philosophy-of-natura_smellie-william_1790,1897,0.00036,junk,,,,
ia_bim_eighteenth-century_the-philosophy-of-natura_smellie-william_1790,1901,0.96217,non_junk,internal_essence,0.00262,0.10968,0.8877
ia_bim_eighteenth-century_the-philosophy-of-natura_smellie-william_1790,1903,6e-05,junk,,,,
ia_bim_eighteenth-century_the-philosophy-of-natura_smellie-william_1790,1907,0.04426,junk,,,,
ia_bim_eighteenth-century_the-philosophy-of-natura_smellie-william_1790,1910,0.03167,junk,,,,
ia_bim_eighteenth-century_the-philosophy-of-natura_smellie-william_1790,1911,0.05062,junk,,,,
ia_bim_eighteenth-century_the-philosophy-of-natura_smellie-william_1790,1913,0.15135,junk,,,,
ia_bim_eighteenth-century_the-philosophy-of-natura_smellie-william_1790,1914,0.00249,junk,,,,
ia_bim_eighteenth-century_the-philosophy-of-natura_smellie-william_1790,1915,0.00781,junk,,,,
ia_bim_eighteenth-century_the-philosophy-of-natura_smellie-william_1790,1919,0.04122,junk,,,,
ia_bim_eighteenth-century_the-philosophy-of-natura_smellie-william_1790,1920,0.00758,junk,,,,
ia_bim_eighteenth-century_the-philosophy-of-natura_smellie-william_1790,1922,0.0019,junk,,,,
ia_bim_eighteenth-century_the-philosophy-of-natura_smellie-william_1790,1924,0.00337,junk,,,,
ia_bim_eighteenth-century_the-philosophy-of-natura_smellie-william_1790,1925,0.03036,junk,,,,
ia_bim_eighteenth-century_the-philosophy-of-natura_smellie-william_1790,1929,0.0006,junk,,,,
ia_bim_eighteenth-century_the-philosophy-of-natura_smellie-william_1790,1930,0.00091,junk,,,,
ia_bim_eighteenth-century_the-philosophy-of-natura_smellie-william_1790,1932,0.21122,junk,,,,
ia_bim_eighteenth-century_the-philosophy-of-natura_smellie-william_1790,1933,0.114,junk,,,,
ia_bim_eighteenth-century_the-philosophy-of-natura_smellie-william_1790,1935,0.00107,junk,,,,
ia_bim_eighteenth-century_the-philosophy-of-natura_smellie-william_1790,1939,0.01569,junk,,,,
ia_bim_eighteenth-century_the-philosophy-of-natura_smellie-william_1790,1943,0.32219,junk,,,,
ia_bim_eighteenth-century_the-philosophy-of-natura_smellie-william_1790,1948,0.06696,junk,,,,
ia_bim_eighteenth-century_the-philosophy-of-natura_smellie-william_1790,1949,0.01016,junk,,,,
ia_bim_eighteenth-century_the-philosophy-of-natura_smellie-william_1790,1950,0.19875,junk,,,,
ia_bim_eighteenth-century_the-philosophy-of-natura_smellie-william_1790,1951,0.06951,junk,,,,
ia_bim_eighteenth-century_the-philosophy-of-natura_smellie-william_1790,1952,0.03045,junk,,,,
ia_bim_eighteenth-century_the-philosophy-of-natura_smellie-william_1790,1953,0.00585,junk,,,,
ia_bim_eighteenth-century_the-philosophy-of-natura_smellie-william_1790,1954,0.00927,junk,,,,
ia_bim_eighteenth-century_the-philosophy-of-natura_smellie-william_1790,1957,0.00026,junk,,,,
ia_bim_eighteenth-century_the-philosophy-of-natura_smellie-william_1790,1961,0.76045,non_junk,internal_essence,0.00356,0.04649,0.94995
ia_bim_eighteenth-century_the-philosophy-of-natura_smellie-william_1790,1964,0.15237,junk,,,,
ia_bim_eighteenth-century_the-philosophy-of-natura_smellie-william_1790,1966,0.72459,non_junk,internal_essence,0.01403,0.09925,0.88671
ia_bim_eighteenth-century_the-philosophy-of-natura_smellie-william_1790,1967,0.35372,junk,,,,
ia_bim_eighteenth-century_the-philosophy-of-natura_smellie-william_1790,1969,0.02043,junk,,,,
ia_bim_eighteenth-century_the-philosophy-of-natura_smellie-william_1790,1971,0.01041,junk,,,,
ia_bim_eighteenth-century_the-philosophy-of-natura_smellie-william_1790,1973,0.92029,non_junk,non_divine_teleology,0.01152,0.68998,0.2985
ia_bim_eighteenth-century_the-philosophy-of-natura_smellie-william_1790,1978,0.00069,junk,,,,
ia_bim_eighteenth-century_the-philosophy-of-natura_smellie-william_1790,1980,0.00207,junk,,,,
ia_bim_eighteenth-century_the-philosophy-of-natura_smellie-william_1790,1984,0.00044,junk,,,,
ia_bim_eighteenth-century_the-philosophy-of-natura_smellie-william_1790,1990,9e-05,junk,,,,
ia_bim_eighteenth-century_the-philosophy-of-natura_smellie-william_1790,1991,0.0002,junk,,,,
ia_bim_eighteenth-century_the-philosophy-of-natura_smellie-william_1790,1992,0.00017,junk,,,,
ia_bim_eighteenth-century_the-philosophy-of-natura_smellie-william_1790,1993,5e-05,junk,,,,
ia_bim_eighteenth-century_the-philosophy-of-natura_smellie-william_1790,1997,0.00958,junk,,,,
ia_bim_eighteenth-century_the-philosophy-of-natura_smellie-william_1790,1998,0.33867,junk,,,,
ia_bim_eighteenth-century_the-philosophy-of-natura_smellie-william_1790,1999,0.0782,junk,,,,
ia_bim_eighteenth-century_the-philosophy-of-natura_smellie-william_1790,2000,0.00311,junk,,,,
ia_bim_eighteenth-century_the-philosophy-of-natura_smellie-william_1790,2001,0.00047,junk,,,,
ia_bim_eighteenth-century_the-philosophy-of-natura_smellie-william_1790,2003,0.00097,junk,,,,
ia_bim_eighteenth-century_the-philosophy-of-natura_smellie-william_1790,2005,0.01584,junk,,,,
ia_bim_eighteenth-century_the-philosophy-of-natura_smellie-william_1790,2006,0.24867,junk,,,,
ia_bim_eighteenth-century_the-philosophy-of-natura_smellie-william_1790,2007,0.10243,junk,,,,
ia_bim_eighteenth-century_the-philosophy-of-natura_smellie-william_1790,2008,0.96035,non_junk,non_divine_teleology,0.01857,0.57229,0.40915
ia_bim_eighteenth-century_the-philosophy-of-natura_smellie-william_1790,2013,0.00029,junk,,,,
ia_bim_eighteenth-century_the-philosophy-of-natura_smellie-william_1790,2014,0.0009,junk,,,,
ia_bim_eighteenth-century_the-philosophy-of-natura_smellie-william_1790,2015,0.00036,junk,,,,
ia_bim_eighteenth-century_the-philosophy-of-natura_smellie-william_1790,2016,0.00427,junk,,,,
ia_bim_eighteenth-century_the-philosophy-of-natura_smellie-william_1790,2018,0.00029,junk,,,,
ia_bim_eighteenth-century_the-philosophy-of-natura_smellie-william_1790,2019,0.01969,junk,,,,
ia_bim_eighteenth-century_the-philosophy-of-natura_smellie-william_1790,2020,0.01516,junk,,,,
ia_bim_eighteenth-century_the-philosophy-of-natura_smellie-william_1790,2022,0.0686,junk,,,,
ia_bim_eighteenth-century_the-philosophy-of-natura_smellie-william_1790,2024,0.0878,junk,,,,
ia_bim_eighteenth-century_the-philosophy-of-natura_smellie-william_1790,2027,0.00643,junk,,,,
ia_bim_eighteenth-century_the-philosophy-of-natura_smellie-william_1790,2029,0.02943,junk,,,,
ia_bim_eighteenth-century_the-philosophy-of-natura_smellie-william_1790,2030,0.02943,junk,,,,
ia_bim_eighteenth-century_the-philosophy-of-natura_smellie-william_1790,2033,0.00165,junk,,,,
ia_bim_eighteenth-century_the-philosophy-of-natura_smellie-william_1790,2035,0.00015,junk,,,,
ia_bim_eighteenth-century_the-philosophy-of-natura_smellie-william_1790,2037,0.00131,junk,,,,
ia_bim_eighteenth-century_the-philosophy-of-natura_smellie-william_1790,2039,0.01176,junk,,,,
ia_bim_eighteenth-century_the-philosophy-of-natura_smellie-william_1790,2040,0.0001,junk,,,,
ia_bim_eighteenth-century_the-philosophy-of-natura_smellie-william_1790,2046,0.18753,junk,,,,
ia_bim_eighteenth-century_the-philosophy-of-natura_smellie-william_1790,2047,0.01902,junk,,,,
ia_bim_eighteenth-century_the-philosophy-of-natura_smellie-william_1790,2048,0.16236,junk,,,,
ia_bim_eighteenth-century_the-philosophy-of-natura_smellie-william_1790,2051,0.00156,junk,,,,
ia_bim_eighteenth-century_the-philosophy-of-natura_smellie-william_1790,2052,0.00216,junk,,,,
ia_bim_eighteenth-century_the-philosophy-of-natura_smellie-william_1790,2053,0.0213,junk,,,,
ia_bim_eighteenth-century_the-philosophy-of-natura_smellie-william_1790,2056,0.00038,junk,,,,
ia_bim_eighteenth-century_the-philosophy-of-natura_smellie-william_1790,2057,0.0021,junk,,,,
ia_bim_eighteenth-century_the-philosophy-of-natura_smellie-william_1790,2061,0.32891,junk,,,,
ia_bim_eighteenth-century_the-philosophy-of-natura_smellie-william_1790,2062,0.02073,junk,,,,
ia_bim_eighteenth-century_the-philosophy-of-natura_smellie-william_1790,2063,0.24877,junk,,,,
ia_bim_eighteenth-century_the-philosophy-of-natura_smellie-william_1790,2064,0.30456,junk,,,,
ia_bim_eighteenth-century_the-philosophy-of-natura_smellie-william_1790,2067,0.00149,junk,,,,
ia_bim_eighteenth-century_the-philosophy-of-natura_smellie-william_1790,2068,0.00061,junk,,,,
ia_bim_eighteenth-century_the-philosophy-of-natura_smellie-william_1790,2069,0.09624,junk,,,,
ia_bim_eighteenth-century_the-philosophy-of-natura_smellie-william_1790,2071,0.06631,junk,,,,
ia_bim_eighteenth-century_the-philosophy-of-natura_smellie-william_1790,2072,0.00134,junk,,,,
ia_bim_eighteenth-century_the-philosophy-of-natura_smellie-william_1790,2073,0.86871,non_junk,non_divine_teleology,0.00841,0.95954,0.03205
ia_bim_eighteenth-century_the-philosophy-of-natura_smellie-william_1790,2075,0.00199,junk,,,,
ia_bim_eighteenth-century_the-philosophy-of-natura_smellie-william_1790,2077,0.00258,junk,,,,
ia_bim_eighteenth-century_the-philosophy-of-natura_smellie-william_1790,2082,0.35915,junk,,,,
ia_bim_eighteenth-century_the-philosophy-of-natura_smellie-william_1790,2083,0.00055,junk,,,,
ia_bim_eighteenth-century_the-philosophy-of-natura_smellie-william_1790,2087,0.7875,non_junk,non_divine_teleology,0.01095,0.96956,0.01949
ia_bim_eighteenth-century_the-philosophy-of-natura_smellie-william_1790,2088,0.00457,junk,,,,
ia_bim_eighteenth-century_the-philosophy-of-natura_smellie-william_1790,2089,0.01225,junk,,,,
ia_bim_eighteenth-century_the-philosophy-of-natura_smellie-william_1790,2090,0.72165,non_junk,non_divine_teleology,0.00771,0.81447,0.17782
ia_bim_eighteenth-century_the-philosophy-of-natura_smellie-william_1790,2091,0.75942,non_junk,non_divine_teleology,0.01601,0.94574,0.03825
ia_bim_eighteenth-century_the-philosophy-of-natura_smellie-william_1790,2092,0.00323,junk,,,,
ia_bim_eighteenth-century_the-philosophy-of-natura_smellie-william_1790,2095,0.00694,junk,,,,
ia_bim_eighteenth-century_the-philosophy-of-natura_smellie-william_1790,2098,0.18407,junk,,,,
ia_bim_eighteenth-century_the-philosophy-of-natura_smellie-william_1790,2101,0.11884,junk,,,,
ia_bim_eighteenth-century_the-philosophy-of-natura_smellie-william_1790,2108,0.03269,junk,,,,
ia_bim_eighteenth-century_the-philosophy-of-natura_smellie-william_1790,2110,0.56161,non_junk,non_divine_teleology,0.00298,0.91049,0.08653
ia_bim_eighteenth-century_the-philosophy-of-natura_smellie-william_1790,2111,0.80229,non_junk,non_divine_teleology,0.00578,0.97524,0.01898
ia_bim_eighteenth-century_the-philosophy-of-natura_smellie-william_1790,2112,0.01084,junk,,,,
ia_bim_eighteenth-century_the-philosophy-of-natura_smellie-william_1790,2115,0.00506,junk,,,,
ia_bim_eighteenth-century_the-philosophy-of-natura_smellie-william_1790,2117,0.00057,junk,,,,
ia_bim_eighteenth-century_the-philosophy-of-natura_smellie-william_1790,2120,0.0182,junk,,,,
ia_bim_eighteenth-century_the-philosophy-of-natura_smellie-william_1790,2121,0.04404,junk,,,,
ia_bim_eighteenth-century_the-philosophy-of-natura_smellie-william_1790,2123,0.00026,junk,,,,
ia_bim_eighteenth-century_the-philosophy-of-natura_smellie-william_1790,2124,0.00048,junk,,,,
ia_bim_eighteenth-century_the-philosophy-of-natura_smellie-william_1790,2126,0.01424,junk,,,,
ia_bim_eighteenth-century_the-philosophy-of-natura_smellie-william_1790,2128,0.01749,junk,,,,
ia_bim_eighteenth-century_the-philosophy-of-natura_smellie-william_1790,2131,0.10224,junk,,,,
ia_bim_eighteenth-century_the-philosophy-of-natura_smellie-william_1790,2132,0.00239,junk,,,,
ia_bim_eighteenth-century_the-philosophy-of-natura_smellie-william_1790,2135,0.10966,junk,,,,
ia_bim_eighteenth-century_the-philosophy-of-natura_smellie-william_1790,2137,0.01161,junk,,,,
ia_bim_eighteenth-century_the-philosophy-of-natura_smellie-william_1790,2144,0.09158,junk,,,,
ia_bim_eighteenth-century_the-philosophy-of-natura_smellie-william_1790,2146,0.38634,junk,,,,
ia_bim_eighteenth-century_the-philosophy-of-natura_smellie-william_1790,2147,0.21467,junk,,,,
ia_bim_eighteenth-century_the-philosophy-of-natura_smellie-william_1790,2152,0.0022,junk,,,,
ia_bim_eighteenth-century_the-philosophy-of-natura_smellie-william_1790,2154,0.16293,junk,,,,
ia_bim_eighteenth-century_the-philosophy-of-natura_smellie-william_1790,2155,0.01258,junk,,,,
ia_bim_eighteenth-century_the-philosophy-of-natura_smellie-william_1790,2156,0.00128,junk,,,,
ia_bim_eighteenth-century_the-philosophy-of-natura_smellie-william_1790,2159,0.01131,junk,,,,
ia_bim_eighteenth-century_the-philosophy-of-natura_smellie-william_1790,2160,0.03396,junk,,,,
ia_bim_eighteenth-century_the-philosophy-of-natura_smellie-william_1790,2163,0.00497,junk,,,,
ia_bim_eighteenth-century_the-philosophy-of-natura_smellie-william_1790,2164,0.09994,junk,,,,
ia_bim_eighteenth-century_the-philosophy-of-natura_smellie-william_1790,2168,0.01183,junk,,,,
ia_bim_eighteenth-century_the-philosophy-of-natura_smellie-william_1790,2171,0.00011,junk,,,,
ia_bim_eighteenth-century_the-philosophy-of-natura_smellie-william_1790,2173,0.25622,junk,,,,
ia_bim_eighteenth-century_the-philosophy-of-natura_smellie-william_1790,2174,0.00895,junk,,,,
ia_bim_eighteenth-century_the-philosophy-of-natura_smellie-william_1790,2175,0.00213,junk,,,,
ia_bim_eighteenth-century_the-philosophy-of-natura_smellie-william_1790,2177,0.00306,junk,,,,
ia_bim_eighteenth-century_the-philosophy-of-natura_smellie-william_1790,2178,0.07596,junk,,,,
ia_bim_eighteenth-century_the-philosophy-of-natura_smellie-william_1790,2179,0.01399,junk,,,,
ia_bim_eighteenth-century_the-philosophy-of-natura_smellie-william_1790,2180,0.09308,junk,,,,
ia_bim_eighteenth-century_the-philosophy-of-natura_smellie-william_1790,2184,0.00345,junk,,,,
ia_bim_eighteenth-century_the-philosophy-of-natura_smellie-william_1790,2187,8e-05,junk,,,,
ia_bim_eighteenth-century_the-philosophy-of-natura_smellie-william_1790,2188,0.00035,junk,,,,
ia_bim_eighteenth-century_the-philosophy-of-natura_smellie-william_1790,2189,0.00156,junk,,,,
ia_bim_eighteenth-century_the-philosophy-of-natura_smellie-william_1790,2192,0.06185,junk,,,,
ia_bim_eighteenth-century_the-philosophy-of-natura_smellie-william_1790,2193,0.1464,junk,,,,
ia_bim_eighteenth-century_the-philosophy-of-natura_smellie-william_1790,2194,0.01134,junk,,,,
ia_bim_eighteenth-century_the-philosophy-of-natura_smellie-william_1790,2198,0.00012,junk,,,,
ia_bim_eighteenth-century_the-philosophy-of-natura_smellie-william_1790,2200,0.4791,junk,,,,
ia_bim_eighteenth-century_the-philosophy-of-natura_smellie-william_1790,2203,0.00372,junk,,,,
ia_bim_eighteenth-century_the-philosophy-of-natura_smellie-william_1790,2204,0.21075,junk,,,,
ia_bim_eighteenth-century_the-philosophy-of-natura_smellie-william_1790,2205,0.00052,junk,,,,
ia_bim_eighteenth-century_the-philosophy-of-natura_smellie-william_1790,2207,0.00553,junk,,,,
ia_bim_eighteenth-century_the-philosophy-of-natura_smellie-william_1790,2208,0.00189,junk,,,,
ia_bim_eighteenth-century_the-philosophy-of-natura_smellie-william_1790,2209,0.00435,junk,,,,
ia_bim_eighteenth-century_the-philosophy-of-natura_smellie-william_1790,2210,0.00291,junk,,,,
ia_bim_eighteenth-century_the-philosophy-of-natura_smellie-william_1790,2214,0.08535,junk,,,,
ia_bim_eighteenth-century_the-philosophy-of-natura_smellie-william_1790,2216,0.11967,junk,,,,
ia_bim_eighteenth-century_the-philosophy-of-natura_smellie-william_1790,2217,0.00101,junk,,,,
ia_bim_eighteenth-century_the-philosophy-of-natura_smellie-william_1790,2218,0.00268,junk,,,,
ia_bim_eighteenth-century_the-philosophy-of-natura_smellie-william_1790,2221,0.00059,junk,,,,
ia_bim_eighteenth-century_the-philosophy-of-natura_smellie-william_1790,2222,0.01581,junk,,,,
ia_bim_eighteenth-century_the-philosophy-of-natura_smellie-william_1790,2223,0.02452,junk,,,,
ia_bim_eighteenth-century_the-philosophy-of-natura_smellie-william_1790,2232,0.00551,junk,,,,
ia_bim_eighteenth-century_the-philosophy-of-natura_smellie-william_1790,2233,0.2383,junk,,,,
ia_bim_eighteenth-century_the-philosophy-of-natura_smellie-william_1790,2235,0.2947,junk,,,,
ia_bim_eighteenth-century_the-philosophy-of-natura_smellie-william_1790,2236,0.93757,non_junk,non_divine_teleology,0.00318,0.98005,0.01678
ia_bim_eighteenth-century_the-philosophy-of-natura_smellie-william_1790,2237,0.00548,junk,,,,
ia_bim_eighteenth-century_the-philosophy-of-natura_smellie-william_1790,2239,0.00093,junk,,,,
ia_bim_eighteenth-century_the-philosophy-of-natura_smellie-william_1790,2242,0.00591,junk,,,,
ia_bim_eighteenth-century_the-philosophy-of-natura_smellie-william_1790,2245,0.00959,junk,,,,
ia_bim_eighteenth-century_the-philosophy-of-natura_smellie-william_1790,2249,0.96561,non_junk,non_divine_teleology,0.01217,0.9167,0.07113
ia_bim_eighteenth-century_the-philosophy-of-natura_smellie-william_1790,2250,0.20072,junk,,,,
ia_bim_eighteenth-century_the-philosophy-of-natura_smellie-william_1790,2251,0.00188,junk,,,,
ia_bim_eighteenth-century_the-philosophy-of-natura_smellie-william_1790,2252,0.0051,junk,,,,
ia_bim_eighteenth-century_the-philosophy-of-natura_smellie-william_1790,2255,0.0016,junk,,,,
ia_bim_eighteenth-century_the-philosophy-of-natura_smellie-william_1790,2256,0.01382,junk,,,,
ia_bim_eighteenth-century_the-philosophy-of-natura_smellie-william_1790,2257,0.01201,junk,,,,
ia_bim_eighteenth-century_the-philosophy-of-natura_smellie-william_1790,2260,0.00028,junk,,,,
ia_bim_eighteenth-century_the-philosophy-of-natura_smellie-william_1790,2262,0.02391,junk,,,,
ia_bim_eighteenth-century_the-philosophy-of-natura_smellie-william_1790,2268,0.96375,non_junk,non_divine_teleology,0.03949,0.93428,0.02623
ia_bim_eighteenth-century_the-philosophy-of-natura_smellie-william_1790,2269,0.03233,junk,,,,
ia_bim_eighteenth-century_the-philosophy-of-natura_smellie-william_1790,2270,0.00834,junk,,,,
ia_bim_eighteenth-century_the-philosophy-of-natura_smellie-william_1790,2277,0.00273,junk,,,,
ia_bim_eighteenth-century_the-philosophy-of-natura_smellie-william_1790,2278,0.00931,junk,,,,
ia_bim_eighteenth-century_the-philosophy-of-natura_smellie-william_1790,2280,0.00301,junk,,,,
ia_bim_eighteenth-century_the-philosophy-of-natura_smellie-william_1790,2281,0.04433,junk,,,,
ia_bim_eighteenth-century_the-philosophy-of-natura_smellie-william_1790,2284,0.22582,junk,,,,
ia_bim_eighteenth-century_the-philosophy-of-natura_smellie-william_1790,2285,0.00087,junk,,,,
ia_bim_eighteenth-century_the-philosophy-of-natura_smellie-william_1790,2288,0.00276,junk,,,,
ia_bim_eighteenth-century_the-philosophy-of-natura_smellie-william_1790,2292,0.00351,junk,,,,
ia_bim_eighteenth-century_the-philosophy-of-natura_smellie-william_1790,2293,0.00011,junk,,,,
ia_bim_eighteenth-century_the-philosophy-of-natura_smellie-william_1790,2296,0.00052,junk,,,,
ia_bim_eighteenth-century_the-philosophy-of-natura_smellie-william_1790,2301,0.03318,junk,,,,
ia_bim_eighteenth-century_the-philosophy-of-natura_smellie-william_1790,2304,0.05486,junk,,,,
ia_bim_eighteenth-century_the-philosophy-of-natura_smellie-william_1790,2306,0.57836,non_junk,non_divine_teleology,0.19307,0.78075,0.02618
ia_bim_eighteenth-century_the-philosophy-of-natura_smellie-william_1790,2307,0.02868,junk,,,,
ia_bim_eighteenth-century_the-philosophy-of-natura_smellie-william_1790,2309,0.00249,junk,,,,
ia_bim_eighteenth-century_the-philosophy-of-natura_smellie-william_1790,2312,0.00254,junk,,,,
ia_bim_eighteenth-century_the-philosophy-of-natura_smellie-william_1790,2314,0.00634,junk,,,,
ia_bim_eighteenth-century_the-philosophy-of-natura_smellie-william_1790,2317,0.00049,junk,,,,
ia_bim_eighteenth-century_the-philosophy-of-natura_smellie-william_1790,2318,0.00049,junk,,,,
ia_bim_eighteenth-century_the-philosophy-of-natura_smellie-william_1790,2319,0.00022,junk,,,,
ia_bim_eighteenth-century_the-philosophy-of-natura_smellie-william_1790,2320,0.00027,junk,,,,
ia_bim_eighteenth-century_the-philosophy-of-natura_smellie-william_1790,2323,0.00311,junk,,,,
ia_bim_eighteenth-century_the-philosophy-of-natura_smellie-william_1790,2325,0.00079,junk,,,,
ia_bim_eighteenth-century_the-philosophy-of-natura_smellie-william_1790,2326,0.1319,junk,,,,
ia_bim_eighteenth-century_the-philosophy-of-natura_smellie-william_1790,2327,0.00203,junk,,,,
ia_bim_eighteenth-century_the-philosophy-of-natura_smellie-william_1790,2329,0.00249,junk,,,,
ia_bim_eighteenth-century_the-philosophy-of-natura_smellie-william_1790,2332,9e-05,junk,,,,
ia_bim_eighteenth-century_the-philosophy-of-natura_smellie-william_1790,2333,0.04072,junk,,,,
ia_bim_eighteenth-century_the-philosophy-of-natura_smellie-william_1790,2334,0.04538,junk,,,,
ia_bim_eighteenth-century_the-philosophy-of-natura_smellie-william_1790,2335,0.09872,junk,,,,
ia_bim_eighteenth-century_the-philosophy-of-natura_smellie-william_1790,2339,0.64821,non_junk,non_divine_teleology,0.01999,0.63326,0.34675
ia_bim_eighteenth-century_the-philosophy-of-natura_smellie-william_1790,2344,0.05822,junk,,,,
ia_bim_eighteenth-century_the-philosophy-of-natura_smellie-william_1790,2345,0.8593,non_junk,internal_essence,0.00667,0.16036,0.83296
ia_bim_eighteenth-century_the-philosophy-of-natura_smellie-william_1790,2346,0.8593,non_junk,internal_essence,0.00667,0.16036,0.83296
ia_bim_eighteenth-century_the-philosophy-of-natura_smellie-william_1790,2347,0.98985,non_junk,internal_essence,0.02902,0.2404,0.73058
ia_bim_eighteenth-century_the-philosophy-of-natura_smellie-william_1790,2348,0.85215,non_junk,non_divine_teleology,0.02548,0.91305,0.06147
ia_bim_eighteenth-century_the-philosophy-of-natura_smellie-william_1790,2350,0.00719,junk,,,,
ia_bim_eighteenth-century_the-philosophy-of-natura_smellie-william_1790,2352,0.02283,junk,,,,
ia_bim_eighteenth-century_the-philosophy-of-natura_smellie-william_1790,2354,0.04022,junk,,,,
ia_bim_eighteenth-century_the-philosophy-of-natura_smellie-william_1790,2357,0.00629,junk,,,,
ia_bim_eighteenth-century_the-philosophy-of-natura_smellie-william_1790,2360,0.03722,junk,,,,
ia_bim_eighteenth-century_the-philosophy-of-natura_smellie-william_1790,2363,0.14378,junk,,,,
ia_bim_eighteenth-century_the-philosophy-of-natura_smellie-william_1790,2364,0.02416,junk,,,,
ia_bim_eighteenth-century_the-philosophy-of-natura_smellie-william_1790,2367,0.01831,junk,,,,
ia_bim_eighteenth-century_the-philosophy-of-natura_smellie-william_1790,2368,0.87713,non_junk,non_divine_teleology,0.01709,0.97977,0.00313
ia_bim_eighteenth-century_the-philosophy-of-natura_smellie-william_1790,2371,0.43107,junk,,,,
ia_bim_eighteenth-century_the-philosophy-of-natura_smellie-william_1790,2376,0.00019,junk,,,,
ia_bim_eighteenth-century_the-philosophy-of-natura_smellie-william_1790,2378,0.62086,non_junk,non_divine_teleology,0.02316,0.68751,0.28933
ia_bim_eighteenth-century_the-philosophy-of-natura_smellie-william_1790,2379,0.82914,non_junk,non_divine_teleology,0.03184,0.84056,0.1276
ia_bim_eighteenth-century_the-philosophy-of-natura_smellie-william_1790,2381,0.00233,junk,,,,
ia_bim_eighteenth-century_the-philosophy-of-natura_smellie-william_1790,2382,0.00692,junk,,,,
ia_bim_eighteenth-century_the-philosophy-of-natura_smellie-william_1790,2385,0.07287,junk,,,,
ia_bim_eighteenth-century_the-philosophy-of-natura_smellie-william_1790,2387,0.01189,junk,,,,
ia_bim_eighteenth-century_the-philosophy-of-natura_smellie-william_1790,2389,0.47992,junk,,,,
ia_bim_eighteenth-century_the-philosophy-of-natura_smellie-william_1790,2390,0.00033,junk,,,,
ia_bim_eighteenth-century_the-philosophy-of-natura_smellie-william_1790,2391,0.36176,junk,,,,
ia_bim_eighteenth-century_the-philosophy-of-natura_smellie-william_1790,2395,0.74709,non_junk,non_divine_teleology,0.00471,0.98038,0.01491
ia_bim_eighteenth-century_the-philosophy-of-natura_smellie-william_1790,2397,0.1415,junk,,,,
ia_bim_eighteenth-century_the-philosophy-of-natura_smellie-william_1790,2398,0.56989,non_junk,non_divine_teleology,0.0153,0.91225,0.07245
ia_bim_eighteenth-century_the-philosophy-of-natura_smellie-william_1790,2402,0.00373,junk,,,,
ia_bim_eighteenth-century_the-philosophy-of-natura_smellie-william_1790,2403,0.00089,junk,,,,
ia_bim_eighteenth-century_the-philosophy-of-natura_smellie-william_1790,2404,0.06188,junk,,,,
ia_bim_eighteenth-century_the-philosophy-of-natura_smellie-william_1790,2406,0.98525,non_junk,non_divine_teleology,0.13774,0.63281,0.22945
ia_bim_eighteenth-century_the-philosophy-of-natura_smellie-william_1790,2408,0.0512,junk,,,,
ia_bim_eighteenth-century_the-philosophy-of-natura_smellie-william_1790,2411,0.03995,junk,,,,
ia_bim_eighteenth-century_the-philosophy-of-natura_smellie-william_1790,2412,0.01131,junk,,,,
ia_bim_eighteenth-century_the-philosophy-of-natura_smellie-william_1790,2413,0.14826,junk,,,,
ia_bim_eighteenth-century_the-philosophy-of-natura_smellie-william_1790,2415,0.00013,junk,,,,
ia_bim_eighteenth-century_the-philosophy-of-natura_smellie-william_1790,2416,0.99214,non_junk,internal_essence,0.03074,0.2853,0.68397
ia_bim_eighteenth-century_the-philosophy-of-natura_smellie-william_1790,2417,0.96485,non_junk,non_divine_teleology,0.22102,0.54087,0.23811
ia_bim_eighteenth-century_the-philosophy-of-natura_smellie-william_1790,2421,0.04471,junk,,,,
ia_bim_eighteenth-century_the-philosophy-of-natura_smellie-william_1790,2422,0.00038,junk,,,,
ia_bim_eighteenth-century_the-philosophy-of-natura_smellie-william_1790,2427,0.00732,junk,,,,
ia_bim_eighteenth-century_the-philosophy-of-natura_smellie-william_1790,2429,0.00566,junk,,,,
ia_bim_eighteenth-century_the-philosophy-of-natura_smellie-william_1790,2430,0.29194,junk,,,,
ia_bim_eighteenth-century_the-philosophy-of-natura_smellie-william_1790,2431,0.00031,junk,,,,
ia_bim_eighteenth-century_the-philosophy-of-natura_smellie-william_1790,2432,0.00095,junk,,,,
ia_bim_eighteenth-century_the-philosophy-of-natura_smellie-william_1790,2436,8e-05,junk,,,,
ia_bim_eighteenth-century_the-philosophy-of-natura_smellie-william_1790,2437,0.00027,junk,,,,
ia_bim_eighteenth-century_the-philosophy-of-natura_smellie-william_1790,2439,0.00062,junk,,,,
ia_bim_eighteenth-century_the-philosophy-of-natura_smellie-william_1790,2443,0.00206,junk,,,,
ia_bim_eighteenth-century_the-philosophy-of-natura_smellie-william_1790,2447,0.7363,non_junk,divine_teleology,0.8506,0.08911,0.06028
ia_bim_eighteenth-century_the-philosophy-of-natura_smellie-william_1790,2450,0.56225,non_junk,non_divine_teleology,0.06331,0.82174,0.11495
ia_bim_eighteenth-century_the-philosophy-of-natura_smellie-william_1790,2455,0.0028,junk,,,,
ia_bim_eighteenth-century_the-philosophy-of-natura_smellie-william_1790,2457,0.0233,junk,,,,
ia_bim_eighteenth-century_the-philosophy-of-natura_smellie-william_1790,2458,0.00617,junk,,,,
ia_bim_eighteenth-century_the-philosophy-of-natura_smellie-william_1790,2460,0.0011,junk,,,,
ia_bim_eighteenth-century_the-philosophy-of-natura_smellie-william_1790,2463,0.03716,junk,,,,
ia_bim_eighteenth-century_the-philosophy-of-natura_smellie-william_1790,2464,0.0036,junk,,,,
ia_bim_eighteenth-century_the-philosophy-of-natura_smellie-william_1790,2468,0.59494,non_junk,non_divine_teleology,0.01364,0.75687,0.22948
ia_bim_eighteenth-century_the-philosophy-of-natura_smellie-william_1790,2470,0.69569,non_junk,non_divine_teleology,0.00323,0.98102,0.01576
ia_bim_eighteenth-century_the-philosophy-of-natura_smellie-william_1790,2473,0.0015,junk,,,,
ia_bim_eighteenth-century_the-philosophy-of-natura_smellie-william_1790,2474,0.02564,junk,,,,
ia_bim_eighteenth-century_the-philosophy-of-natura_smellie-william_1790,2475,0.00114,junk,,,,
ia_bim_eighteenth-century_the-philosophy-of-natura_smellie-william_1790,2476,0.00326,junk,,,,
ia_bim_eighteenth-century_the-philosophy-of-natura_smellie-william_1790,2478,0.01088,junk,,,,
ia_bim_eighteenth-century_the-philosophy-of-natura_smellie-william_1790,2479,0.01013,junk,,,,
ia_bim_eighteenth-century_the-philosophy-of-natura_smellie-william_1790,2480,0.82518,non_junk,non_divine_teleology,0.0701,0.85516,0.07474
ia_bim_eighteenth-century_the-philosophy-of-natura_smellie-william_1790,2481,0.00822,junk,,,,
ia_bim_eighteenth-century_the-philosophy-of-natura_smellie-william_1790,2482,0.03143,junk,,,,
ia_bim_eighteenth-century_the-philosophy-of-natura_smellie-william_1790,2483,0.17184,junk,,,,
ia_bim_eighteenth-century_the-philosophy-of-natura_smellie-william_1790,2485,0.00351,junk,,,,
ia_bim_eighteenth-century_the-philosophy-of-natura_smellie-william_1790,2486,0.00102,junk,,,,
ia_bim_eighteenth-century_the-philosophy-of-natura_smellie-william_1790,2487,0.00014,junk,,,,
ia_bim_eighteenth-century_the-philosophy-of-natura_smellie-william_1790,2490,0.00204,junk,,,,
ia_bim_eighteenth-century_the-philosophy-of-natura_smellie-william_1790,2492,0.00238,junk,,,,
ia_bim_eighteenth-century_the-philosophy-of-natura_smellie-william_1790,2497,0.00786,junk,,,,
ia_bim_eighteenth-century_the-philosophy-of-natura_smellie-william_1790,2498,0.00786,junk,,,,
ia_bim_eighteenth-century_the-philosophy-of-natura_smellie-william_1790,2499,0.00094,junk,,,,
ia_bim_eighteenth-century_the-philosophy-of-natura_smellie-william_1790,2501,0.00353,junk,,,,
ia_bim_eighteenth-century_the-philosophy-of-natura_smellie-william_1790,2506,0.0026,junk,,,,
ia_bim_eighteenth-century_the-philosophy-of-natura_smellie-william_1790,2508,0.01755,junk,,,,
ia_bim_eighteenth-century_the-philosophy-of-natura_smellie-william_1790,2509,0.0632,junk,,,,
ia_bim_eighteenth-century_the-philosophy-of-natura_smellie-william_1790,2512,0.00038,junk,,,,
ia_bim_eighteenth-century_the-philosophy-of-natura_smellie-william_1790,2514,0.00425,junk,,,,
ia_bim_eighteenth-century_the-philosophy-of-natura_smellie-william_1790,2517,0.01859,junk,,,,
ia_bim_eighteenth-century_the-philosophy-of-natura_smellie-william_1790,2521,0.00393,junk,,,,
ia_bim_eighteenth-century_the-philosophy-of-natura_smellie-william_1790,2523,0.00014,junk,,,,
ia_bim_eighteenth-century_the-philosophy-of-natura_smellie-william_1790,2525,0.01415,junk,,,,
ia_bim_eighteenth-century_the-philosophy-of-natura_smellie-william_1790,2528,0.00475,junk,,,,
ia_bim_eighteenth-century_the-philosophy-of-natura_smellie-william_1790,2530,4e-05,junk,,,,
ia_bim_eighteenth-century_the-philosophy-of-natura_smellie-william_1790,2533,0.00021,junk,,,,
ia_bim_eighteenth-century_the-philosophy-of-natura_smellie-william_1790,2534,0.03091,junk,,,,
ia_bim_eighteenth-century_the-philosophy-of-natura_smellie-william_1790,2536,0.00687,junk,,,,
ia_bim_eighteenth-century_the-philosophy-of-natura_smellie-william_1790,2538,0.03138,junk,,,,
ia_bim_eighteenth-century_the-philosophy-of-natura_smellie-william_1790,2542,0.03138,junk,,,,
ia_bim_eighteenth-century_the-philosophy-of-natura_smellie-william_1790,2544,0.0986,junk,,,,
ia_bim_eighteenth-century_the-philosophy-of-natura_smellie-william_1790,2545,0.00036,junk,,,,
ia_bim_eighteenth-century_the-philosophy-of-natura_smellie-william_1790,2551,0.00075,junk,,,,
ia_bim_eighteenth-century_the-philosophy-of-natura_smellie-william_1790,2554,0.00031,junk,,,,
ia_bim_eighteenth-century_the-philosophy-of-natura_smellie-william_1790,2560,0.07837,junk,,,,
ia_bim_eighteenth-century_the-philosophy-of-natura_smellie-william_1790,2561,0.00012,junk,,,,
ia_bim_eighteenth-century_the-philosophy-of-natura_smellie-william_1790,2562,0.00013,junk,,,,
ia_bim_eighteenth-century_the-philosophy-of-natura_smellie-william_1790,2563,9e-05,junk,,,,
ia_bim_eighteenth-century_the-philosophy-of-natura_smellie-william_1790,2567,0.00648,junk,,,,
ia_bim_eighteenth-century_the-philosophy-of-natura_smellie-william_1790,2568,0.00275,junk,,,,
ia_bim_eighteenth-century_the-philosophy-of-natura_smellie-william_1790,2569,0.00025,junk,,,,
ia_bim_eighteenth-century_the-philosophy-of-natura_smellie-william_1790,2572,0.00599,junk,,,,
ia_bim_eighteenth-century_the-philosophy-of-natura_smellie-william_1790,2573,0.0196,junk,,,,
ia_bim_eighteenth-century_the-philosophy-of-natura_smellie-william_1790,2574,0.00797,junk,,,,
ia_bim_eighteenth-century_the-philosophy-of-natura_smellie-william_1790,2575,0.00076,junk,,,,
ia_bim_eighteenth-century_the-philosophy-of-natura_smellie-william_1790,2578,0.00017,junk,,,,
ia_bim_eighteenth-century_the-philosophy-of-natura_smellie-william_1790,2579,0.00494,junk,,,,
ia_bim_eighteenth-century_the-philosophy-of-natura_smellie-william_1790,2580,0.00302,junk,,,,
ia_bim_eighteenth-century_the-philosophy-of-natura_smellie-william_1790,2581,0.00194,junk,,,,
ia_bim_eighteenth-century_the-philosophy-of-natura_smellie-william_1790,2586,0.00305,junk,,,,
ia_bim_eighteenth-century_the-philosophy-of-natura_smellie-william_1790,2587,0.00049,junk,,,,
ia_bim_eighteenth-century_the-philosophy-of-natura_smellie-william_1790,2588,0.00195,junk,,,,
ia_bim_eighteenth-century_the-philosophy-of-natura_smellie-william_1790,2591,0.60816,non_junk,non_divine_teleology,0.02245,0.92678,0.05077
ia_bim_eighteenth-century_the-philosophy-of-natura_smellie-william_1790,2595,0.0003,junk,,,,
ia_bim_eighteenth-century_the-philosophy-of-natura_smellie-william_1790,2596,0.00118,junk,,,,
ia_bim_eighteenth-century_the-philosophy-of-natura_smellie-william_1790,2598,0.00024,junk,,,,
ia_bim_eighteenth-century_the-philosophy-of-natura_smellie-william_1790,2599,0.01588,junk,,,,
ia_bim_eighteenth-century_the-philosophy-of-natura_smellie-william_1790,2602,0.00012,junk,,,,
ia_bim_eighteenth-century_the-philosophy-of-natura_smellie-william_1790,2604,0.00014,junk,,,,
ia_bim_eighteenth-century_the-philosophy-of-natura_smellie-william_1790,2605,0.00161,junk,,,,
ia_bim_eighteenth-century_the-philosophy-of-natura_smellie-william_1790,2607,0.00056,junk,,,,
ia_bim_eighteenth-century_the-philosophy-of-natura_smellie-william_1790,2608,0.80211,non_junk,non_divine_teleology,0.00898,0.62208,0.36894
ia_bim_eighteenth-century_the-philosophy-of-natura_smellie-william_1790,2609,0.02276,junk,,,,
ia_bim_eighteenth-century_the-philosophy-of-natura_smellie-william_1790,2611,0.01809,junk,,,,
ia_bim_eighteenth-century_the-philosophy-of-natura_smellie-william_1790,2613,0.72325,non_junk,non_divine_teleology,0.04372,0.82638,0.1299
ia_bim_eighteenth-century_the-philosophy-of-natura_smellie-william_1790,2614,0.02841,junk,,,,
ia_bim_eighteenth-century_the-philosophy-of-natura_smellie-william_1790,2615,0.00165,junk,,,,
ia_bim_eighteenth-century_the-philosophy-of-natura_smellie-william_1790,2617,0.01254,junk,,,,
ia_bim_eighteenth-century_the-philosophy-of-natura_smellie-william_1790,2618,0.02443,junk,,,,
ia_bim_eighteenth-century_the-philosophy-of-natura_smellie-william_1790,2619,0.07542,junk,,,,
ia_bim_eighteenth-century_the-philosophy-of-natura_smellie-william_1790,2621,0.00316,junk,,,,
ia_bim_eighteenth-century_the-philosophy-of-natura_smellie-william_1790,2623,0.00021,junk,,,,
ia_bim_eighteenth-century_the-philosophy-of-natura_smellie-william_1790,2624,0.00097,junk,,,,
ia_bim_eighteenth-century_the-philosophy-of-natura_smellie-william_1790,2626,0.00803,junk,,,,
ia_bim_eighteenth-century_the-philosophy-of-natura_smellie-william_1790,2628,0.80051,non_junk,non_divine_teleology,0.00961,0.89879,0.0916
ia_bim_eighteenth-century_the-philosophy-of-natura_smellie-william_1790,2634,0.01372,junk,,,,
ia_bim_eighteenth-century_the-philosophy-of-natura_smellie-william_1790,2635,0.06818,junk,,,,
ia_bim_eighteenth-century_the-philosophy-of-natura_smellie-william_1790,2638,0.00023,junk,,,,
ia_bim_eighteenth-century_the-philosophy-of-natura_smellie-william_1790,2641,0.00168,junk,,,,
ia_bim_eighteenth-century_the-philosophy-of-natura_smellie-william_1790,2643,0.00196,junk,,,,
ia_bim_eighteenth-century_the-philosophy-of-natura_smellie-william_1790,2648,0.00031,junk,,,,
ia_bim_eighteenth-century_the-philosophy-of-natura_smellie-william_1790,2649,0.00105,junk,,,,
ia_bim_eighteenth-century_the-philosophy-of-natura_smellie-william_1790,2650,0.00131,junk,,,,
ia_bim_eighteenth-century_the-philosophy-of-natura_smellie-william_1790,2654,0.00175,junk,,,,
ia_bim_eighteenth-century_the-philosophy-of-natura_smellie-william_1790,2655,0.00271,junk,,,,
ia_bim_eighteenth-century_the-philosophy-of-natura_smellie-william_1790,2660,6e-05,junk,,,,
ia_bim_eighteenth-century_the-philosophy-of-natura_smellie-william_1790,2661,0.00447,junk,,,,
