uid,sent_id,gate_prob_nonjunk,gate_pred,s2_pred,s2_p_divine_teleology,s2_p_non_divine_teleology,s2_p_internal_essence
ia_bim_eighteenth-century_outlines-of-the-natural-_berkenhout-john_1769_1,1,0.01138,junk,,,,
ia_bim_eighteenth-century_outlines-of-the-natural-_berkenhout-john_1769_1,2,0.00131,junk,,,,
ia_bim_eighteenth-century_outlines-of-the-natural-_berkenhout-john_1769_1,3,0.51158,non_junk,divine_teleology,0.82999,0.01155,0.15846
ia_bim_eighteenth-century_outlines-of-the-natural-_berkenhout-john_1769_1,4,0.39187,junk,,,,
ia_bim_eighteenth-century_outlines-of-the-natural-_berkenhout-john_1769_1,5,0.02633,junk,,,,
ia_bim_eighteenth-century_outlines-of-the-natural-_berkenhout-john_1769_1,6,0.02407,junk,,,,
ia_bim_eighteenth-century_outlines-of-the-natural-_berkenhout-john_1769_1,7,0.00492,junk,,,,
ia_bim_eighteenth-century_outlines-of-the-natural-_berkenhout-john_1769_1,8,0.02002,junk,,,,
ia_bim_eighteenth-century_outlines-of-the-natural-_berkenhout-john_1769_1,9,0.07538,junk,,,,
ia_bim_eighteenth-century_outlines-of-the-natural-_berkenhout-john_1769_1,10,0.10596,junk,,,,
ia_bim_eighteenth-century_outlines-of-the-natural-_berkenhout-john_1769_1,11,0.00746,junk,,,,
ia_bim_eighteenth-century_outlines-of-the-natural-_berkenhout-john_1769_1,12,0.07109,junk,,,,
ia_bim_eighteenth-century_outlines-of-the-natural-_berkenhout-john_1769_1,13,0.11605,junk,,,,
ia_bim_eighteenth-century_outlines-of-the-natural-_berkenhout-john_1769_1,14,0.00358,junk,,,,
ia_bim_eighteenth-century_outlines-of-the-natural-_berkenhout-john_1769_1,15,0.05443,junk,,,,
ia_bim_eighteenth-century_outlines-of-the-natural-_berkenhout-john_1769_1,16,0.03954,junk,,,,
ia_bim_eighteenth-century_outlines-of-the-natural-_berkenhout-john_1769_1,17,0.18301,junk,,,,
ia_bim_eighteenth-century_outlines-of-the-natural-_berkenhout-john_1769_1,18,0.06832,junk,,,,
ia_bim_eighteenth-century_outlines-of-the-natural-_berkenhout-john_1769_1,19,0.02393,junk,,,,
ia_bim_eighteenth-century_outlines-of-the-natural-_berkenhout-john_1769_1,20,0.11536,junk,,,,
ia_bim_eighteenth-century_outlines-of-the-natural-_berkenhout-john_1769_1,21,0.00547,junk,,,,
ia_bim_eighteenth-century_outlines-of-the-natural-_berkenhout-john_1769_1,22,0.25711,junk,,,,
ia_bim_eighteenth-century_outlines-of-the-natural-_berkenhout-john_1769_1,23,0.06925,junk,,,,
ia_bim_eighteenth-century_outlines-of-the-natural-_berkenhout-john_1769_1,24,0.01303,junk,,,,
ia_bim_eighteenth-century_outlines-of-the-natural-_berkenhout-john_1769_1,25,0.00779,junk,,,,
ia_bim_eighteenth-century_outlines-of-the-natural-_berkenhout-john_1769_1,26,0.05879,junk,,,,
ia_bim_eighteenth-century_outlines-of-the-natural-_berkenhout-john_1769_1,27,0.0047,junk,,,,
ia_bim_eighteenth-century_outlines-of-the-natural-_berkenhout-john_1769_1,28,0.01022,junk,,,,
ia_bim_eighteenth-century_outlines-of-the-natural-_berkenhout-john_1769_1,29,0.002,junk,,,,
ia_bim_eighteenth-century_outlines-of-the-natural-_berkenhout-john_1769_1,30,0.03721,junk,,,,
ia_bim_eighteenth-century_outlines-of-the-natural-_berkenhout-john_1769_1,31,0.00642,junk,,,,
ia_bim_eighteenth-century_outlines-of-the-natural-_berkenhout-john_1769_1,32,0.00067,junk,,,,
ia_bim_eighteenth-century_outlines-of-the-natural-_berkenhout-john_1769_1,33,0.00079,junk,,,,
ia_bim_eighteenth-century_outlines-of-the-natural-_berkenhout-john_1769_1,34,0.03371,junk,,,,
ia_bim_eighteenth-century_outlines-of-the-natural-_berkenhout-john_1769_1,35,0.01506,junk,,,,
ia_bim_eighteenth-century_outlines-of-the-natural-_berkenhout-john_1769_1,36,0.05238,junk,,,,
ia_bim_eighteenth-century_outlines-of-the-natural-_berkenhout-john_1769_1,37,0.01506,junk,,,,
ia_bim_eighteenth-century_outlines-of-the-natural-_berkenhout-john_1769_1,38,0.05238,junk,,,,
ia_bim_eighteenth-century_outlines-of-the-natural-_berkenhout-john_1769_1,39,0.00615,junk,,,,
ia_bim_eighteenth-century_outlines-of-the-natural-_berkenhout-john_1769_1,40,0.00576,junk,,,,
ia_bim_eighteenth-century_outlines-of-the-natural-_berkenhout-john_1769_1,41,0.01267,junk,,,,
ia_bim_eighteenth-century_outlines-of-the-natural-_berkenhout-john_1769_1,42,0.00884,junk,,,,
ia_bim_eighteenth-century_outlines-of-the-natural-_berkenhout-john_1769_1,43,0.00053,junk,,,,
ia_bim_eighteenth-century_outlines-of-the-natural-_berkenhout-john_1769_1,44,0.01792,junk,,,,
ia_bim_eighteenth-century_outlines-of-the-natural-_berkenhout-john_1769_1,45,0.00746,junk,,,,
ia_bim_eighteenth-century_outlines-of-the-natural-_berkenhout-john_1769_1,46,0.00172,junk,,,,
ia_bim_eighteenth-century_outlines-of-the-natural-_berkenhout-john_1769_1,47,0.0008,junk,,,,
ia_bim_eighteenth-century_outlines-of-the-natural-_berkenhout-john_1769_1,48,0.02914,junk,,,,
ia_bim_eighteenth-century_outlines-of-the-natural-_berkenhout-john_1769_1,49,0.02117,junk,,,,
ia_bim_eighteenth-century_outlines-of-the-natural-_berkenhout-john_1769_1,50,0.00514,junk,,,,
ia_bim_eighteenth-century_outlines-of-the-natural-_berkenhout-john_1769_1,51,0.00136,junk,,,,
ia_bim_eighteenth-century_outlines-of-the-natural-_berkenhout-john_1769_1,52,0.00015,junk,,,,
ia_bim_eighteenth-century_outlines-of-the-natural-_berkenhout-john_1769_1,53,0.00074,junk,,,,
ia_bim_eighteenth-century_outlines-of-the-natural-_berkenhout-john_1769_1,54,0.00043,junk,,,,
ia_bim_eighteenth-century_outlines-of-the-natural-_berkenhout-john_1769_1,55,0.03017,junk,,,,
ia_bim_eighteenth-century_outlines-of-the-natural-_berkenhout-john_1769_1,56,0.04575,junk,,,,
ia_bim_eighteenth-century_outlines-of-the-natural-_berkenhout-john_1769_1,57,0.0226,junk,,,,
ia_bim_eighteenth-century_outlines-of-the-natural-_berkenhout-john_1769_1,58,0.01685,junk,,,,
ia_bim_eighteenth-century_outlines-of-the-natural-_berkenhout-john_1769_1,59,0.00644,junk,,,,
ia_bim_eighteenth-century_outlines-of-the-natural-_berkenhout-john_1769_1,60,0.10235,junk,,,,
ia_bim_eighteenth-century_outlines-of-the-natural-_berkenhout-john_1769_1,61,0.00226,junk,,,,
ia_bim_eighteenth-century_outlines-of-the-natural-_berkenhout-john_1769_1,62,0.00065,junk,,,,
ia_bim_eighteenth-century_outlines-of-the-natural-_berkenhout-john_1769_1,63,0.00136,junk,,,,
ia_bim_eighteenth-century_outlines-of-the-natural-_berkenhout-john_1769_1,64,0.00105,junk,,,,
ia_bim_eighteenth-century_outlines-of-the-natural-_berkenhout-john_1769_1,65,0.01601,junk,,,,
ia_bim_eighteenth-century_outlines-of-the-natural-_berkenhout-john_1769_1,66,0.69625,non_junk,internal_essence,0.00504,0.29471,0.70024
ia_bim_eighteenth-century_outlines-of-the-natural-_berkenhout-john_1769_1,67,0.01668,junk,,,,
ia_bim_eighteenth-century_outlines-of-the-natural-_berkenhout-john_1769_1,68,0.00096,junk,,,,
ia_bim_eighteenth-century_outlines-of-the-natural-_berkenhout-john_1769_1,69,0.05654,junk,,,,
ia_bim_eighteenth-century_outlines-of-the-natural-_berkenhout-john_1769_1,70,0.00542,junk,,,,
ia_bim_eighteenth-century_outlines-of-the-natural-_berkenhout-john_1769_1,71,0.00579,junk,,,,
ia_bim_eighteenth-century_outlines-of-the-natural-_berkenhout-john_1769_1,72,0.00039,junk,,,,
ia_bim_eighteenth-century_outlines-of-the-natural-_berkenhout-john_1769_1,73,0.04053,junk,,,,
ia_bim_eighteenth-century_outlines-of-the-natural-_berkenhout-john_1769_1,74,0.19265,junk,,,,
ia_bim_eighteenth-century_outlines-of-the-natural-_berkenhout-john_1769_1,75,0.18042,junk,,,,
ia_bim_eighteenth-century_outlines-of-the-natural-_berkenhout-john_1769_1,76,0.01195,junk,,,,
ia_bim_eighteenth-century_outlines-of-the-natural-_berkenhout-john_1769_1,77,0.0188,junk,,,,
ia_bim_eighteenth-century_outlines-of-the-natural-_berkenhout-john_1769_1,78,0.02362,junk,,,,
ia_bim_eighteenth-century_outlines-of-the-natural-_berkenhout-john_1769_1,79,0.00496,junk,,,,
ia_bim_eighteenth-century_outlines-of-the-natural-_berkenhout-john_1769_1,80,0.00233,junk,,,,
ia_bim_eighteenth-century_outlines-of-the-natural-_berkenhout-john_1769_1,81,0.00195,junk,,,,
ia_bim_eighteenth-century_outlines-of-the-natural-_berkenhout-john_1769_1,82,0.02814,junk,,,,
ia_bim_eighteenth-century_outlines-of-the-natural-_berkenhout-john_1769_1,83,0.00026,junk,,,,
ia_bim_eighteenth-century_outlines-of-the-natural-_berkenhout-john_1769_1,84,0.0709,junk,,,,
ia_bim_eighteenth-century_outlines-of-the-natural-_berkenhout-john_1769_1,85,0.00516,junk,,,,
ia_bim_eighteenth-century_outlines-of-the-natural-_berkenhout-john_1769_1,86,0.00159,junk,,,,
ia_bim_eighteenth-century_outlines-of-the-natural-_berkenhout-john_1769_1,87,0.1109,junk,,,,
ia_bim_eighteenth-century_outlines-of-the-natural-_berkenhout-john_1769_1,88,0.1109,junk,,,,
ia_bim_eighteenth-century_outlines-of-the-natural-_berkenhout-john_1769_1,89,0.00064,junk,,,,
ia_bim_eighteenth-century_outlines-of-the-natural-_berkenhout-john_1769_1,90,0.013,junk,,,,
ia_bim_eighteenth-century_outlines-of-the-natural-_berkenhout-john_1769_1,91,0.03673,junk,,,,
ia_bim_eighteenth-century_outlines-of-the-natural-_berkenhout-john_1769_1,92,0.00061,junk,,,,
ia_bim_eighteenth-century_outlines-of-the-natural-_berkenhout-john_1769_1,93,0.00051,junk,,,,
ia_bim_eighteenth-century_outlines-of-the-natural-_berkenhout-john_1769_1,94,0.00014,junk,,,,
ia_bim_eighteenth-century_outlines-of-the-natural-_berkenhout-john_1769_1,95,0.00259,junk,,,,
ia_bim_eighteenth-century_outlines-of-the-natural-_berkenhout-john_1769_1,96,0.00509,junk,,,,
ia_bim_eighteenth-century_outlines-of-the-natural-_berkenhout-john_1769_1,97,0.00813,junk,,,,
ia_bim_eighteenth-century_outlines-of-the-natural-_berkenhout-john_1769_1,98,0.08398,junk,,,,
ia_bim_eighteenth-century_outlines-of-the-natural-_berkenhout-john_1769_1,99,0.00087,junk,,,,
ia_bim_eighteenth-century_outlines-of-the-natural-_berkenhout-john_1769_1,100,0.00487,junk,,,,
ia_bim_eighteenth-century_outlines-of-the-natural-_berkenhout-john_1769_1,101,0.02276,junk,,,,
ia_bim_eighteenth-century_outlines-of-the-natural-_berkenhout-john_1769_1,102,0.00549,junk,,,,
ia_bim_eighteenth-century_outlines-of-the-natural-_berkenhout-john_1769_1,103,0.00168,junk,,,,
ia_bim_eighteenth-century_outlines-of-the-natural-_berkenhout-john_1769_1,104,0.01004,junk,,,,
ia_bim_eighteenth-century_outlines-of-the-natural-_berkenhout-john_1769_1,105,0.00183,junk,,,,
ia_bim_eighteenth-century_outlines-of-the-natural-_berkenhout-john_1769_1,106,0.01996,junk,,,,
ia_bim_eighteenth-century_outlines-of-the-natural-_berkenhout-john_1769_1,107,0.00036,junk,,,,
ia_bim_eighteenth-century_outlines-of-the-natural-_berkenhout-john_1769_1,108,0.10636,junk,,,,
ia_bim_eighteenth-century_outlines-of-the-natural-_berkenhout-john_1769_1,109,0.0016,junk,,,,
ia_bim_eighteenth-century_outlines-of-the-natural-_berkenhout-john_1769_1,110,0.00093,junk,,,,
ia_bim_eighteenth-century_outlines-of-the-natural-_berkenhout-john_1769_1,111,0.02335,junk,,,,
ia_bim_eighteenth-century_outlines-of-the-natural-_berkenhout-john_1769_1,112,0.00203,junk,,,,
ia_bim_eighteenth-century_outlines-of-the-natural-_berkenhout-john_1769_1,113,0.00011,junk,,,,
ia_bim_eighteenth-century_outlines-of-the-natural-_berkenhout-john_1769_1,114,0.00018,junk,,,,
ia_bim_eighteenth-century_outlines-of-the-natural-_berkenhout-john_1769_1,115,0.01027,junk,,,,
ia_bim_eighteenth-century_outlines-of-the-natural-_berkenhout-john_1769_1,116,0.00047,junk,,,,
ia_bim_eighteenth-century_outlines-of-the-natural-_berkenhout-john_1769_1,117,0.00021,junk,,,,
ia_bim_eighteenth-century_outlines-of-the-natural-_berkenhout-john_1769_1,118,0.00669,junk,,,,
ia_bim_eighteenth-century_outlines-of-the-natural-_berkenhout-john_1769_1,119,0.00057,junk,,,,
ia_bim_eighteenth-century_outlines-of-the-natural-_berkenhout-john_1769_1,120,0.00151,junk,,,,
ia_bim_eighteenth-century_outlines-of-the-natural-_berkenhout-john_1769_1,121,0.00137,junk,,,,
ia_bim_eighteenth-century_outlines-of-the-natural-_berkenhout-john_1769_1,122,0.00749,junk,,,,
ia_bim_eighteenth-century_outlines-of-the-natural-_berkenhout-john_1769_1,123,0.00228,junk,,,,
ia_bim_eighteenth-century_outlines-of-the-natural-_berkenhout-john_1769_1,124,0.00892,junk,,,,
ia_bim_eighteenth-century_outlines-of-the-natural-_berkenhout-john_1769_1,125,7e-05,junk,,,,
ia_bim_eighteenth-century_outlines-of-the-natural-_berkenhout-john_1769_1,126,0.00407,junk,,,,
ia_bim_eighteenth-century_outlines-of-the-natural-_berkenhout-john_1769_1,127,0.0011,junk,,,,
ia_bim_eighteenth-century_outlines-of-the-natural-_berkenhout-john_1769_1,128,0.00039,junk,,,,
ia_bim_eighteenth-century_outlines-of-the-natural-_berkenhout-john_1769_1,129,0.00282,junk,,,,
ia_bim_eighteenth-century_outlines-of-the-natural-_berkenhout-john_1769_1,130,0.04521,junk,,,,
ia_bim_eighteenth-century_outlines-of-the-natural-_berkenhout-john_1769_1,131,0.04985,junk,,,,
ia_bim_eighteenth-century_outlines-of-the-natural-_berkenhout-john_1769_1,132,0.00362,junk,,,,
ia_bim_eighteenth-century_outlines-of-the-natural-_berkenhout-john_1769_1,133,0.07436,junk,,,,
ia_bim_eighteenth-century_outlines-of-the-natural-_berkenhout-john_1769_1,134,0.00014,junk,,,,
ia_bim_eighteenth-century_outlines-of-the-natural-_berkenhout-john_1769_1,135,0.02775,junk,,,,
ia_bim_eighteenth-century_outlines-of-the-natural-_berkenhout-john_1769_1,136,0.00794,junk,,,,
ia_bim_eighteenth-century_outlines-of-the-natural-_berkenhout-john_1769_1,137,0.00136,junk,,,,
ia_bim_eighteenth-century_outlines-of-the-natural-_berkenhout-john_1769_1,138,0.0082,junk,,,,
ia_bim_eighteenth-century_outlines-of-the-natural-_berkenhout-john_1769_1,139,0.00273,junk,,,,
ia_bim_eighteenth-century_outlines-of-the-natural-_berkenhout-john_1769_1,140,0.01154,junk,,,,
ia_bim_eighteenth-century_outlines-of-the-natural-_berkenhout-john_1769_1,141,0.00024,junk,,,,
ia_bim_eighteenth-century_outlines-of-the-natural-_berkenhout-john_1769_1,142,0.00178,junk,,,,
ia_bim_eighteenth-century_outlines-of-the-natural-_berkenhout-john_1769_1,143,0.00194,junk,,,,
ia_bim_eighteenth-century_outlines-of-the-natural-_berkenhout-john_1769_1,144,0.0018,junk,,,,
ia_bim_eighteenth-century_outlines-of-the-natural-_berkenhout-john_1769_1,145,0.03217,junk,,,,
ia_bim_eighteenth-century_outlines-of-the-natural-_berkenhout-john_1769_1,146,0.01428,junk,,,,
ia_bim_eighteenth-century_outlines-of-the-natural-_berkenhout-john_1769_1,147,0.01428,junk,,,,
ia_bim_eighteenth-century_outlines-of-the-natural-_berkenhout-john_1769_1,148,0.00583,junk,,,,
ia_bim_eighteenth-century_outlines-of-the-natural-_berkenhout-john_1769_1,149,0.00048,junk,,,,
ia_bim_eighteenth-century_outlines-of-the-natural-_berkenhout-john_1769_1,150,0.12972,junk,,,,
ia_bim_eighteenth-century_outlines-of-the-natural-_berkenhout-john_1769_1,151,0.00054,junk,,,,
ia_bim_eighteenth-century_outlines-of-the-natural-_berkenhout-john_1769_1,152,0.00507,junk,,,,
ia_bim_eighteenth-century_outlines-of-the-natural-_berkenhout-john_1769_1,153,0.07094,junk,,,,
ia_bim_eighteenth-century_outlines-of-the-natural-_berkenhout-john_1769_1,154,0.00077,junk,,,,
ia_bim_eighteenth-century_outlines-of-the-natural-_berkenhout-john_1769_1,155,0.01016,junk,,,,
ia_bim_eighteenth-century_outlines-of-the-natural-_berkenhout-john_1769_1,156,0.0002,junk,,,,
ia_bim_eighteenth-century_outlines-of-the-natural-_berkenhout-john_1769_1,157,0.03722,junk,,,,
ia_bim_eighteenth-century_outlines-of-the-natural-_berkenhout-john_1769_1,158,0.0011,junk,,,,
ia_bim_eighteenth-century_outlines-of-the-natural-_berkenhout-john_1769_1,159,0.01322,junk,,,,
ia_bim_eighteenth-century_outlines-of-the-natural-_berkenhout-john_1769_1,160,0.00098,junk,,,,
ia_bim_eighteenth-century_outlines-of-the-natural-_berkenhout-john_1769_1,161,0.00271,junk,,,,
ia_bim_eighteenth-century_outlines-of-the-natural-_berkenhout-john_1769_1,162,0.00077,junk,,,,
ia_bim_eighteenth-century_outlines-of-the-natural-_berkenhout-john_1769_1,163,0.00069,junk,,,,
ia_bim_eighteenth-century_outlines-of-the-natural-_berkenhout-john_1769_1,164,0.00108,junk,,,,
ia_bim_eighteenth-century_outlines-of-the-natural-_berkenhout-john_1769_1,165,0.00012,junk,,,,
ia_bim_eighteenth-century_outlines-of-the-natural-_berkenhout-john_1769_1,166,0.00034,junk,,,,
ia_bim_eighteenth-century_outlines-of-the-natural-_berkenhout-john_1769_1,167,0.00113,junk,,,,
ia_bim_eighteenth-century_outlines-of-the-natural-_berkenhout-john_1769_1,168,0.01247,junk,,,,
ia_bim_eighteenth-century_outlines-of-the-natural-_berkenhout-john_1769_1,169,0.0009,junk,,,,
ia_bim_eighteenth-century_outlines-of-the-natural-_berkenhout-john_1769_1,170,0.00745,junk,,,,
ia_bim_eighteenth-century_outlines-of-the-natural-_berkenhout-john_1769_1,171,0.00016,junk,,,,
ia_bim_eighteenth-century_outlines-of-the-natural-_berkenhout-john_1769_1,172,0.00244,junk,,,,
ia_bim_eighteenth-century_outlines-of-the-natural-_berkenhout-john_1769_1,173,0.00398,junk,,,,
ia_bim_eighteenth-century_outlines-of-the-natural-_berkenhout-john_1769_1,174,0.00034,junk,,,,
ia_bim_eighteenth-century_outlines-of-the-natural-_berkenhout-john_1769_1,175,0.01472,junk,,,,
ia_bim_eighteenth-century_outlines-of-the-natural-_berkenhout-john_1769_1,176,0.00074,junk,,,,
ia_bim_eighteenth-century_outlines-of-the-natural-_berkenhout-john_1769_1,177,0.00097,junk,,,,
ia_bim_eighteenth-century_outlines-of-the-natural-_berkenhout-john_1769_1,178,0.00534,junk,,,,
ia_bim_eighteenth-century_outlines-of-the-natural-_berkenhout-john_1769_1,179,0.00498,junk,,,,
ia_bim_eighteenth-century_outlines-of-the-natural-_berkenhout-john_1769_1,180,0.00051,junk,,,,
ia_bim_eighteenth-century_outlines-of-the-natural-_berkenhout-john_1769_1,181,0.00223,junk,,,,
ia_bim_eighteenth-century_outlines-of-the-natural-_berkenhout-john_1769_1,182,0.00263,junk,,,,
ia_bim_eighteenth-century_outlines-of-the-natural-_berkenhout-john_1769_1,183,0.00238,junk,,,,
ia_bim_eighteenth-century_outlines-of-the-natural-_berkenhout-john_1769_1,184,0.00018,junk,,,,
ia_bim_eighteenth-century_outlines-of-the-natural-_berkenhout-john_1769_1,185,0.00023,junk,,,,
ia_bim_eighteenth-century_outlines-of-the-natural-_berkenhout-john_1769_1,186,0.00023,junk,,,,
ia_bim_eighteenth-century_outlines-of-the-natural-_berkenhout-john_1769_1,187,0.03663,junk,,,,
ia_bim_eighteenth-century_outlines-of-the-natural-_berkenhout-john_1769_1,188,0.00327,junk,,,,
ia_bim_eighteenth-century_outlines-of-the-natural-_berkenhout-john_1769_1,189,0.0073,junk,,,,
ia_bim_eighteenth-century_outlines-of-the-natural-_berkenhout-john_1769_1,190,0.0018,junk,,,,
ia_bim_eighteenth-century_outlines-of-the-natural-_berkenhout-john_1769_1,191,0.00359,junk,,,,
ia_bim_eighteenth-century_outlines-of-the-natural-_berkenhout-john_1769_1,192,0.00084,junk,,,,
ia_bim_eighteenth-century_outlines-of-the-natural-_berkenhout-john_1769_1,193,0.00119,junk,,,,
ia_bim_eighteenth-century_outlines-of-the-natural-_berkenhout-john_1769_1,194,0.00151,junk,,,,
ia_bim_eighteenth-century_outlines-of-the-natural-_berkenhout-john_1769_1,195,0.00333,junk,,,,
ia_bim_eighteenth-century_outlines-of-the-natural-_berkenhout-john_1769_1,196,0.01087,junk,,,,
ia_bim_eighteenth-century_outlines-of-the-natural-_berkenhout-john_1769_1,197,0.00589,junk,,,,
ia_bim_eighteenth-century_outlines-of-the-natural-_berkenhout-john_1769_1,198,0.00032,junk,,,,
ia_bim_eighteenth-century_outlines-of-the-natural-_berkenhout-john_1769_1,199,0.01097,junk,,,,
ia_bim_eighteenth-century_outlines-of-the-natural-_berkenhout-john_1769_1,200,0.004,junk,,,,
ia_bim_eighteenth-century_outlines-of-the-natural-_berkenhout-john_1769_1,201,0.00298,junk,,,,
ia_bim_eighteenth-century_outlines-of-the-natural-_berkenhout-john_1769_1,202,0.00578,junk,,,,
ia_bim_eighteenth-century_outlines-of-the-natural-_berkenhout-john_1769_1,203,0.0001,junk,,,,
ia_bim_eighteenth-century_outlines-of-the-natural-_berkenhout-john_1769_1,204,0.00015,junk,,,,
ia_bim_eighteenth-century_outlines-of-the-natural-_berkenhout-john_1769_1,205,0.00082,junk,,,,
ia_bim_eighteenth-century_outlines-of-the-natural-_berkenhout-john_1769_1,206,0.00413,junk,,,,
ia_bim_eighteenth-century_outlines-of-the-natural-_berkenhout-john_1769_1,207,0.00019,junk,,,,
ia_bim_eighteenth-century_outlines-of-the-natural-_berkenhout-john_1769_1,208,0.0008,junk,,,,
ia_bim_eighteenth-century_outlines-of-the-natural-_berkenhout-john_1769_1,209,0.00033,junk,,,,
ia_bim_eighteenth-century_outlines-of-the-natural-_berkenhout-john_1769_1,210,0.00039,junk,,,,
ia_bim_eighteenth-century_outlines-of-the-natural-_berkenhout-john_1769_1,211,0.02903,junk,,,,
ia_bim_eighteenth-century_outlines-of-the-natural-_berkenhout-john_1769_1,212,0.00516,junk,,,,
ia_bim_eighteenth-century_outlines-of-the-natural-_berkenhout-john_1769_1,213,0.00128,junk,,,,
ia_bim_eighteenth-century_outlines-of-the-natural-_berkenhout-john_1769_1,214,0.04521,junk,,,,
ia_bim_eighteenth-century_outlines-of-the-natural-_berkenhout-john_1769_1,215,0.00181,junk,,,,
ia_bim_eighteenth-century_outlines-of-the-natural-_berkenhout-john_1769_1,216,0.0052,junk,,,,
ia_bim_eighteenth-century_outlines-of-the-natural-_berkenhout-john_1769_1,217,0.00121,junk,,,,
ia_bim_eighteenth-century_outlines-of-the-natural-_berkenhout-john_1769_1,218,0.00082,junk,,,,
ia_bim_eighteenth-century_outlines-of-the-natural-_berkenhout-john_1769_1,219,0.00104,junk,,,,
ia_bim_eighteenth-century_outlines-of-the-natural-_berkenhout-john_1769_1,220,0.00119,junk,,,,
ia_bim_eighteenth-century_outlines-of-the-natural-_berkenhout-john_1769_1,221,0.00128,junk,,,,
ia_bim_eighteenth-century_outlines-of-the-natural-_berkenhout-john_1769_1,222,0.00159,junk,,,,
ia_bim_eighteenth-century_outlines-of-the-natural-_berkenhout-john_1769_1,223,0.0005,junk,,,,
ia_bim_eighteenth-century_outlines-of-the-natural-_berkenhout-john_1769_1,224,0.0037,junk,,,,
ia_bim_eighteenth-century_outlines-of-the-natural-_berkenhout-john_1769_1,225,0.00155,junk,,,,
ia_bim_eighteenth-century_outlines-of-the-natural-_berkenhout-john_1769_1,226,0.00155,junk,,,,
ia_bim_eighteenth-century_outlines-of-the-natural-_berkenhout-john_1769_1,227,0.0026,junk,,,,
ia_bim_eighteenth-century_outlines-of-the-natural-_berkenhout-john_1769_1,228,0.00588,junk,,,,
ia_bim_eighteenth-century_outlines-of-the-natural-_berkenhout-john_1769_1,229,0.0037,junk,,,,
ia_bim_eighteenth-century_outlines-of-the-natural-_berkenhout-john_1769_1,230,0.00045,junk,,,,
ia_bim_eighteenth-century_outlines-of-the-natural-_berkenhout-john_1769_1,231,0.001,junk,,,,
ia_bim_eighteenth-century_outlines-of-the-natural-_berkenhout-john_1769_1,232,0.00231,junk,,,,
ia_bim_eighteenth-century_outlines-of-the-natural-_berkenhout-john_1769_1,233,0.00467,junk,,,,
ia_bim_eighteenth-century_outlines-of-the-natural-_berkenhout-john_1769_1,234,8e-05,junk,,,,
ia_bim_eighteenth-century_outlines-of-the-natural-_berkenhout-john_1769_1,235,0.00221,junk,,,,
ia_bim_eighteenth-century_outlines-of-the-natural-_berkenhout-john_1769_1,236,0.00282,junk,,,,
ia_bim_eighteenth-century_outlines-of-the-natural-_berkenhout-john_1769_1,237,0.01562,junk,,,,
ia_bim_eighteenth-century_outlines-of-the-natural-_berkenhout-john_1769_1,238,0.00776,junk,,,,
ia_bim_eighteenth-century_outlines-of-the-natural-_berkenhout-john_1769_1,239,0.01493,junk,,,,
ia_bim_eighteenth-century_outlines-of-the-natural-_berkenhout-john_1769_1,240,0.00228,junk,,,,
ia_bim_eighteenth-century_outlines-of-the-natural-_berkenhout-john_1769_1,241,0.00051,junk,,,,
ia_bim_eighteenth-century_outlines-of-the-natural-_berkenhout-john_1769_1,242,0.00027,junk,,,,
ia_bim_eighteenth-century_outlines-of-the-natural-_berkenhout-john_1769_1,243,0.00144,junk,,,,
ia_bim_eighteenth-century_outlines-of-the-natural-_berkenhout-john_1769_1,244,0.00084,junk,,,,
ia_bim_eighteenth-century_outlines-of-the-natural-_berkenhout-john_1769_1,245,0.00511,junk,,,,
ia_bim_eighteenth-century_outlines-of-the-natural-_berkenhout-john_1769_1,246,0.00511,junk,,,,
ia_bim_eighteenth-century_outlines-of-the-natural-_berkenhout-john_1769_1,247,0.00086,junk,,,,
ia_bim_eighteenth-century_outlines-of-the-natural-_berkenhout-john_1769_1,248,0.00222,junk,,,,
ia_bim_eighteenth-century_outlines-of-the-natural-_berkenhout-john_1769_1,249,0.00528,junk,,,,
ia_bim_eighteenth-century_outlines-of-the-natural-_berkenhout-john_1769_1,250,0.00221,junk,,,,
ia_bim_eighteenth-century_outlines-of-the-natural-_berkenhout-john_1769_1,251,0.00374,junk,,,,
ia_bim_eighteenth-century_outlines-of-the-natural-_berkenhout-john_1769_1,252,0.00184,junk,,,,
ia_bim_eighteenth-century_outlines-of-the-natural-_berkenhout-john_1769_1,253,0.00036,junk,,,,
ia_bim_eighteenth-century_outlines-of-the-natural-_berkenhout-john_1769_1,254,0.00037,junk,,,,
ia_bim_eighteenth-century_outlines-of-the-natural-_berkenhout-john_1769_1,255,0.04171,junk,,,,
ia_bim_eighteenth-century_outlines-of-the-natural-_berkenhout-john_1769_1,256,0.01693,junk,,,,
ia_bim_eighteenth-century_outlines-of-the-natural-_berkenhout-john_1769_1,257,0.00158,junk,,,,
ia_bim_eighteenth-century_outlines-of-the-natural-_berkenhout-john_1769_1,258,0.00112,junk,,,,
ia_bim_eighteenth-century_outlines-of-the-natural-_berkenhout-john_1769_1,259,0.00092,junk,,,,
ia_bim_eighteenth-century_outlines-of-the-natural-_berkenhout-john_1769_1,260,0.00022,junk,,,,
ia_bim_eighteenth-century_outlines-of-the-natural-_berkenhout-john_1769_1,261,0.00104,junk,,,,
ia_bim_eighteenth-century_outlines-of-the-natural-_berkenhout-john_1769_1,262,0.01337,junk,,,,
ia_bim_eighteenth-century_outlines-of-the-natural-_berkenhout-john_1769_1,263,0.01441,junk,,,,
ia_bim_eighteenth-century_outlines-of-the-natural-_berkenhout-john_1769_1,264,0.00355,junk,,,,
ia_bim_eighteenth-century_outlines-of-the-natural-_berkenhout-john_1769_1,265,0.00649,junk,,,,
ia_bim_eighteenth-century_outlines-of-the-natural-_berkenhout-john_1769_1,266,0.00197,junk,,,,
ia_bim_eighteenth-century_outlines-of-the-natural-_berkenhout-john_1769_1,267,0.00097,junk,,,,
ia_bim_eighteenth-century_outlines-of-the-natural-_berkenhout-john_1769_1,268,0.00334,junk,,,,
ia_bim_eighteenth-century_outlines-of-the-natural-_berkenhout-john_1769_1,269,0.00742,junk,,,,
ia_bim_eighteenth-century_outlines-of-the-natural-_berkenhout-john_1769_1,270,0.00022,junk,,,,
ia_bim_eighteenth-century_outlines-of-the-natural-_berkenhout-john_1769_1,271,0.01734,junk,,,,
ia_bim_eighteenth-century_outlines-of-the-natural-_berkenhout-john_1769_1,272,0.00322,junk,,,,
ia_bim_eighteenth-century_outlines-of-the-natural-_berkenhout-john_1769_1,273,0.00188,junk,,,,
ia_bim_eighteenth-century_outlines-of-the-natural-_berkenhout-john_1769_1,274,0.0074,junk,,,,
ia_bim_eighteenth-century_outlines-of-the-natural-_berkenhout-john_1769_1,275,0.00326,junk,,,,
ia_bim_eighteenth-century_outlines-of-the-natural-_berkenhout-john_1769_1,276,0.00081,junk,,,,
ia_bim_eighteenth-century_outlines-of-the-natural-_berkenhout-john_1769_1,277,0.00109,junk,,,,
ia_bim_eighteenth-century_outlines-of-the-natural-_berkenhout-john_1769_1,278,0.00434,junk,,,,
ia_bim_eighteenth-century_outlines-of-the-natural-_berkenhout-john_1769_1,279,0.00678,junk,,,,
ia_bim_eighteenth-century_outlines-of-the-natural-_berkenhout-john_1769_1,280,0.0003,junk,,,,
ia_bim_eighteenth-century_outlines-of-the-natural-_berkenhout-john_1769_1,281,0.00068,junk,,,,
ia_bim_eighteenth-century_outlines-of-the-natural-_berkenhout-john_1769_1,282,0.00251,junk,,,,
ia_bim_eighteenth-century_outlines-of-the-natural-_berkenhout-john_1769_1,283,0.0007,junk,,,,
ia_bim_eighteenth-century_outlines-of-the-natural-_berkenhout-john_1769_1,284,0.00072,junk,,,,
ia_bim_eighteenth-century_outlines-of-the-natural-_berkenhout-john_1769_1,285,0.01507,junk,,,,
ia_bim_eighteenth-century_outlines-of-the-natural-_berkenhout-john_1769_1,286,0.00121,junk,,,,
ia_bim_eighteenth-century_outlines-of-the-natural-_berkenhout-john_1769_1,287,0.00116,junk,,,,
ia_bim_eighteenth-century_outlines-of-the-natural-_berkenhout-john_1769_1,288,0.00316,junk,,,,
ia_bim_eighteenth-century_outlines-of-the-natural-_berkenhout-john_1769_1,289,0.00434,junk,,,,
ia_bim_eighteenth-century_outlines-of-the-natural-_berkenhout-john_1769_1,290,0.00828,junk,,,,
ia_bim_eighteenth-century_outlines-of-the-natural-_berkenhout-john_1769_1,291,0.00039,junk,,,,
ia_bim_eighteenth-century_outlines-of-the-natural-_berkenhout-john_1769_1,292,0.00323,junk,,,,
ia_bim_eighteenth-century_outlines-of-the-natural-_berkenhout-john_1769_1,293,0.03497,junk,,,,
ia_bim_eighteenth-century_outlines-of-the-natural-_berkenhout-john_1769_1,294,0.03497,junk,,,,
ia_bim_eighteenth-century_outlines-of-the-natural-_berkenhout-john_1769_1,295,0.06199,junk,,,,
ia_bim_eighteenth-century_outlines-of-the-natural-_berkenhout-john_1769_1,296,0.00069,junk,,,,
ia_bim_eighteenth-century_outlines-of-the-natural-_berkenhout-john_1769_1,297,0.03797,junk,,,,
ia_bim_eighteenth-century_outlines-of-the-natural-_berkenhout-john_1769_1,298,0.00359,junk,,,,
ia_bim_eighteenth-century_outlines-of-the-natural-_berkenhout-john_1769_1,299,0.00069,junk,,,,
ia_bim_eighteenth-century_outlines-of-the-natural-_berkenhout-john_1769_1,300,7e-05,junk,,,,
ia_bim_eighteenth-century_outlines-of-the-natural-_berkenhout-john_1769_1,301,0.00012,junk,,,,
ia_bim_eighteenth-century_outlines-of-the-natural-_berkenhout-john_1769_1,302,0.00139,junk,,,,
ia_bim_eighteenth-century_outlines-of-the-natural-_berkenhout-john_1769_1,303,0.00129,junk,,,,
ia_bim_eighteenth-century_outlines-of-the-natural-_berkenhout-john_1769_1,304,0.00128,junk,,,,
ia_bim_eighteenth-century_outlines-of-the-natural-_berkenhout-john_1769_1,305,0.00038,junk,,,,
ia_bim_eighteenth-century_outlines-of-the-natural-_berkenhout-john_1769_1,306,0.00324,junk,,,,
ia_bim_eighteenth-century_outlines-of-the-natural-_berkenhout-john_1769_1,307,0.00333,junk,,,,
ia_bim_eighteenth-century_outlines-of-the-natural-_berkenhout-john_1769_1,308,0.0009,junk,,,,
ia_bim_eighteenth-century_outlines-of-the-natural-_berkenhout-john_1769_1,309,0.00081,junk,,,,
ia_bim_eighteenth-century_outlines-of-the-natural-_berkenhout-john_1769_1,310,0.00037,junk,,,,
ia_bim_eighteenth-century_outlines-of-the-natural-_berkenhout-john_1769_1,311,0.00503,junk,,,,
ia_bim_eighteenth-century_outlines-of-the-natural-_berkenhout-john_1769_1,312,0.02673,junk,,,,
ia_bim_eighteenth-century_outlines-of-the-natural-_berkenhout-john_1769_1,313,0.00192,junk,,,,
ia_bim_eighteenth-century_outlines-of-the-natural-_berkenhout-john_1769_1,314,0.0028,junk,,,,
ia_bim_eighteenth-century_outlines-of-the-natural-_berkenhout-john_1769_1,315,0.00049,junk,,,,
ia_bim_eighteenth-century_outlines-of-the-natural-_berkenhout-john_1769_1,316,0.00225,junk,,,,
ia_bim_eighteenth-century_outlines-of-the-natural-_berkenhout-john_1769_1,317,6e-05,junk,,,,
ia_bim_eighteenth-century_outlines-of-the-natural-_berkenhout-john_1769_1,318,0.0039,junk,,,,
ia_bim_eighteenth-century_outlines-of-the-natural-_berkenhout-john_1769_1,319,0.00333,junk,,,,
ia_bim_eighteenth-century_outlines-of-the-natural-_berkenhout-john_1769_1,320,0.00249,junk,,,,
ia_bim_eighteenth-century_outlines-of-the-natural-_berkenhout-john_1769_1,321,0.09886,junk,,,,
ia_bim_eighteenth-century_outlines-of-the-natural-_berkenhout-john_1769_1,322,0.00365,junk,,,,
ia_bim_eighteenth-century_outlines-of-the-natural-_berkenhout-john_1769_1,323,0.00011,junk,,,,
ia_bim_eighteenth-century_outlines-of-the-natural-_berkenhout-john_1769_1,324,0.04342,junk,,,,
ia_bim_eighteenth-century_outlines-of-the-natural-_berkenhout-john_1769_1,325,0.00512,junk,,,,
ia_bim_eighteenth-century_outlines-of-the-natural-_berkenhout-john_1769_1,326,0.02236,junk,,,,
ia_bim_eighteenth-century_outlines-of-the-natural-_berkenhout-john_1769_1,327,0.01929,junk,,,,
ia_bim_eighteenth-century_outlines-of-the-natural-_berkenhout-john_1769_1,328,0.00655,junk,,,,
ia_bim_eighteenth-century_outlines-of-the-natural-_berkenhout-john_1769_1,329,0.0071,junk,,,,
ia_bim_eighteenth-century_outlines-of-the-natural-_berkenhout-john_1769_1,330,0.01497,junk,,,,
ia_bim_eighteenth-century_outlines-of-the-natural-_berkenhout-john_1769_1,331,0.00252,junk,,,,
ia_bim_eighteenth-century_outlines-of-the-natural-_berkenhout-john_1769_1,332,0.00334,junk,,,,
ia_bim_eighteenth-century_outlines-of-the-natural-_berkenhout-john_1769_1,333,0.01964,junk,,,,
ia_bim_eighteenth-century_outlines-of-the-natural-_berkenhout-john_1769_1,334,0.0195,junk,,,,
ia_bim_eighteenth-century_outlines-of-the-natural-_berkenhout-john_1769_1,335,0.0014,junk,,,,
ia_bim_eighteenth-century_outlines-of-the-natural-_berkenhout-john_1769_1,336,0.0134,junk,,,,
ia_bim_eighteenth-century_outlines-of-the-natural-_berkenhout-john_1769_1,337,0.11671,junk,,,,
ia_bim_eighteenth-century_outlines-of-the-natural-_berkenhout-john_1769_1,338,0.0134,junk,,,,
ia_bim_eighteenth-century_outlines-of-the-natural-_berkenhout-john_1769_1,339,0.00126,junk,,,,
ia_bim_eighteenth-century_outlines-of-the-natural-_berkenhout-john_1769_1,340,0.00074,junk,,,,
ia_bim_eighteenth-century_outlines-of-the-natural-_berkenhout-john_1769_1,341,0.01962,junk,,,,
ia_bim_eighteenth-century_outlines-of-the-natural-_berkenhout-john_1769_1,342,0.00807,junk,,,,
ia_bim_eighteenth-century_outlines-of-the-natural-_berkenhout-john_1769_1,343,0.01836,junk,,,,
ia_bim_eighteenth-century_outlines-of-the-natural-_berkenhout-john_1769_1,344,0.05641,junk,,,,
ia_bim_eighteenth-century_outlines-of-the-natural-_berkenhout-john_1769_1,345,0.07322,junk,,,,
ia_bim_eighteenth-century_outlines-of-the-natural-_berkenhout-john_1769_1,346,0.00881,junk,,,,
ia_bim_eighteenth-century_outlines-of-the-natural-_berkenhout-john_1769_1,347,0.00102,junk,,,,
ia_bim_eighteenth-century_outlines-of-the-natural-_berkenhout-john_1769_1,348,0.0029,junk,,,,
ia_bim_eighteenth-century_outlines-of-the-natural-_berkenhout-john_1769_1,349,0.03099,junk,,,,
ia_bim_eighteenth-century_outlines-of-the-natural-_berkenhout-john_1769_1,350,0.00073,junk,,,,
ia_bim_eighteenth-century_outlines-of-the-natural-_berkenhout-john_1769_1,351,0.06885,junk,,,,
ia_bim_eighteenth-century_outlines-of-the-natural-_berkenhout-john_1769_1,352,0.95759,non_junk,internal_essence,0.00142,0.02594,0.97264
ia_bim_eighteenth-century_outlines-of-the-natural-_berkenhout-john_1769_1,353,0.00095,junk,,,,
ia_bim_eighteenth-century_outlines-of-the-natural-_berkenhout-john_1769_1,354,0.1366,junk,,,,
ia_bim_eighteenth-century_outlines-of-the-natural-_berkenhout-john_1769_1,355,0.02933,junk,,,,
ia_bim_eighteenth-century_outlines-of-the-natural-_berkenhout-john_1769_1,356,0.03053,junk,,,,
ia_bim_eighteenth-century_outlines-of-the-natural-_berkenhout-john_1769_1,357,0.16927,junk,,,,
ia_bim_eighteenth-century_outlines-of-the-natural-_berkenhout-john_1769_1,358,0.03498,junk,,,,
ia_bim_eighteenth-century_outlines-of-the-natural-_berkenhout-john_1769_1,359,0.00706,junk,,,,
ia_bim_eighteenth-century_outlines-of-the-natural-_berkenhout-john_1769_1,360,0.04346,junk,,,,
ia_bim_eighteenth-century_outlines-of-the-natural-_berkenhout-john_1769_1,361,0.15148,junk,,,,
ia_bim_eighteenth-century_outlines-of-the-natural-_berkenhout-john_1769_1,362,0.03279,junk,,,,
ia_bim_eighteenth-century_outlines-of-the-natural-_berkenhout-john_1769_1,363,0.02738,junk,,,,
ia_bim_eighteenth-century_outlines-of-the-natural-_berkenhout-john_1769_1,364,0.02899,junk,,,,
ia_bim_eighteenth-century_outlines-of-the-natural-_berkenhout-john_1769_1,365,0.02294,junk,,,,
ia_bim_eighteenth-century_outlines-of-the-natural-_berkenhout-john_1769_1,366,0.02453,junk,,,,
ia_bim_eighteenth-century_outlines-of-the-natural-_berkenhout-john_1769_1,367,0.23116,junk,,,,
ia_bim_eighteenth-century_outlines-of-the-natural-_berkenhout-john_1769_1,368,0.03261,junk,,,,
ia_bim_eighteenth-century_outlines-of-the-natural-_berkenhout-john_1769_1,369,0.03121,junk,,,,
ia_bim_eighteenth-century_outlines-of-the-natural-_berkenhout-john_1769_1,370,0.04489,junk,,,,
ia_bim_eighteenth-century_outlines-of-the-natural-_berkenhout-john_1769_1,371,0.00694,junk,,,,
ia_bim_eighteenth-century_outlines-of-the-natural-_berkenhout-john_1769_1,372,0.00313,junk,,,,
ia_bim_eighteenth-century_outlines-of-the-natural-_berkenhout-john_1769_1,373,0.08667,junk,,,,
ia_bim_eighteenth-century_outlines-of-the-natural-_berkenhout-john_1769_1,374,0.00184,junk,,,,
ia_bim_eighteenth-century_outlines-of-the-natural-_berkenhout-john_1769_1,375,0.01617,junk,,,,
ia_bim_eighteenth-century_outlines-of-the-natural-_berkenhout-john_1769_1,376,0.14838,junk,,,,
ia_bim_eighteenth-century_outlines-of-the-natural-_berkenhout-john_1769_1,377,0.00084,junk,,,,
ia_bim_eighteenth-century_outlines-of-the-natural-_berkenhout-john_1769_1,378,0.00197,junk,,,,
ia_bim_eighteenth-century_outlines-of-the-natural-_berkenhout-john_1769_1,379,0.04789,junk,,,,
ia_bim_eighteenth-century_outlines-of-the-natural-_berkenhout-john_1769_1,380,0.06769,junk,,,,
ia_bim_eighteenth-century_outlines-of-the-natural-_berkenhout-john_1769_1,381,0.01246,junk,,,,
ia_bim_eighteenth-century_outlines-of-the-natural-_berkenhout-john_1769_1,382,0.01246,junk,,,,
ia_bim_eighteenth-century_outlines-of-the-natural-_berkenhout-john_1769_1,383,0.03479,junk,,,,
ia_bim_eighteenth-century_outlines-of-the-natural-_berkenhout-john_1769_1,384,0.00789,junk,,,,
ia_bim_eighteenth-century_outlines-of-the-natural-_berkenhout-john_1769_1,385,0.00221,junk,,,,
ia_bim_eighteenth-century_outlines-of-the-natural-_berkenhout-john_1769_1,386,0.00034,junk,,,,
ia_bim_eighteenth-century_outlines-of-the-natural-_berkenhout-john_1769_1,387,0.01741,junk,,,,
ia_bim_eighteenth-century_outlines-of-the-natural-_berkenhout-john_1769_1,388,0.01218,junk,,,,
ia_bim_eighteenth-century_outlines-of-the-natural-_berkenhout-john_1769_1,389,0.07489,junk,,,,
ia_bim_eighteenth-century_outlines-of-the-natural-_berkenhout-john_1769_1,390,0.04809,junk,,,,
ia_bim_eighteenth-century_outlines-of-the-natural-_berkenhout-john_1769_1,391,0.02125,junk,,,,
ia_bim_eighteenth-century_outlines-of-the-natural-_berkenhout-john_1769_1,392,0.16242,junk,,,,
ia_bim_eighteenth-century_outlines-of-the-natural-_berkenhout-john_1769_1,393,0.00735,junk,,,,
ia_bim_eighteenth-century_outlines-of-the-natural-_berkenhout-john_1769_1,394,0.0563,junk,,,,
ia_bim_eighteenth-century_outlines-of-the-natural-_berkenhout-john_1769_1,395,0.01242,junk,,,,
ia_bim_eighteenth-century_outlines-of-the-natural-_berkenhout-john_1769_1,396,0.00735,junk,,,,
ia_bim_eighteenth-century_outlines-of-the-natural-_berkenhout-john_1769_1,397,0.0563,junk,,,,
ia_bim_eighteenth-century_outlines-of-the-natural-_berkenhout-john_1769_1,398,0.01242,junk,,,,
ia_bim_eighteenth-century_outlines-of-the-natural-_berkenhout-john_1769_1,399,0.00065,junk,,,,
ia_bim_eighteenth-century_outlines-of-the-natural-_berkenhout-john_1769_1,400,0.24959,junk,,,,
ia_bim_eighteenth-century_outlines-of-the-natural-_berkenhout-john_1769_1,401,0.00357,junk,,,,
ia_bim_eighteenth-century_outlines-of-the-natural-_berkenhout-john_1769_1,402,0.104,junk,,,,
ia_bim_eighteenth-century_outlines-of-the-natural-_berkenhout-john_1769_1,403,0.01097,junk,,,,
ia_bim_eighteenth-century_outlines-of-the-natural-_berkenhout-john_1769_1,404,0.00283,junk,,,,
ia_bim_eighteenth-century_outlines-of-the-natural-_berkenhout-john_1769_1,405,0.00244,junk,,,,
ia_bim_eighteenth-century_outlines-of-the-natural-_berkenhout-john_1769_1,406,0.01087,junk,,,,
ia_bim_eighteenth-century_outlines-of-the-natural-_berkenhout-john_1769_1,407,0.00346,junk,,,,
ia_bim_eighteenth-century_outlines-of-the-natural-_berkenhout-john_1769_1,408,0.00147,junk,,,,
ia_bim_eighteenth-century_outlines-of-the-natural-_berkenhout-john_1769_1,409,0.0064,junk,,,,
ia_bim_eighteenth-century_outlines-of-the-natural-_berkenhout-john_1769_1,410,0.01972,junk,,,,
ia_bim_eighteenth-century_outlines-of-the-natural-_berkenhout-john_1769_1,411,0.02195,junk,,,,
ia_bim_eighteenth-century_outlines-of-the-natural-_berkenhout-john_1769_1,412,0.09164,junk,,,,
ia_bim_eighteenth-century_outlines-of-the-natural-_berkenhout-john_1769_1,413,0.01157,junk,,,,
ia_bim_eighteenth-century_outlines-of-the-natural-_berkenhout-john_1769_1,414,0.01087,junk,,,,
ia_bim_eighteenth-century_outlines-of-the-natural-_berkenhout-john_1769_1,415,0.00247,junk,,,,
ia_bim_eighteenth-century_outlines-of-the-natural-_berkenhout-john_1769_1,416,0.01019,junk,,,,
ia_bim_eighteenth-century_outlines-of-the-natural-_berkenhout-john_1769_1,417,0.0064,junk,,,,
ia_bim_eighteenth-century_outlines-of-the-natural-_berkenhout-john_1769_1,418,0.00247,junk,,,,
ia_bim_eighteenth-century_outlines-of-the-natural-_berkenhout-john_1769_1,419,0.01019,junk,,,,
ia_bim_eighteenth-century_outlines-of-the-natural-_berkenhout-john_1769_1,420,0.0064,junk,,,,
ia_bim_eighteenth-century_outlines-of-the-natural-_berkenhout-john_1769_1,421,0.0176,junk,,,,
ia_bim_eighteenth-century_outlines-of-the-natural-_berkenhout-john_1769_1,422,0.00113,junk,,,,
ia_bim_eighteenth-century_outlines-of-the-natural-_berkenhout-john_1769_1,423,0.06098,junk,,,,
ia_bim_eighteenth-century_outlines-of-the-natural-_berkenhout-john_1769_1,424,0.01477,junk,,,,
ia_bim_eighteenth-century_outlines-of-the-natural-_berkenhout-john_1769_1,425,0.03282,junk,,,,
ia_bim_eighteenth-century_outlines-of-the-natural-_berkenhout-john_1769_1,426,0.02022,junk,,,,
ia_bim_eighteenth-century_outlines-of-the-natural-_berkenhout-john_1769_1,427,0.01846,junk,,,,
ia_bim_eighteenth-century_outlines-of-the-natural-_berkenhout-john_1769_1,428,0.0016,junk,,,,
ia_bim_eighteenth-century_outlines-of-the-natural-_berkenhout-john_1769_1,429,0.04975,junk,,,,
ia_bim_eighteenth-century_outlines-of-the-natural-_berkenhout-john_1769_1,430,0.00401,junk,,,,
ia_bim_eighteenth-century_outlines-of-the-natural-_berkenhout-john_1769_1,431,0.00699,junk,,,,
ia_bim_eighteenth-century_outlines-of-the-natural-_berkenhout-john_1769_1,432,0.05276,junk,,,,
ia_bim_eighteenth-century_outlines-of-the-natural-_berkenhout-john_1769_1,433,0.00785,junk,,,,
ia_bim_eighteenth-century_outlines-of-the-natural-_berkenhout-john_1769_1,434,0.01929,junk,,,,
ia_bim_eighteenth-century_outlines-of-the-natural-_berkenhout-john_1769_1,435,0.00798,junk,,,,
ia_bim_eighteenth-century_outlines-of-the-natural-_berkenhout-john_1769_1,436,0.02031,junk,,,,
ia_bim_eighteenth-century_outlines-of-the-natural-_berkenhout-john_1769_1,437,0.00345,junk,,,,
ia_bim_eighteenth-century_outlines-of-the-natural-_berkenhout-john_1769_1,438,0.00084,junk,,,,
ia_bim_eighteenth-century_outlines-of-the-natural-_berkenhout-john_1769_1,439,0.02873,junk,,,,
ia_bim_eighteenth-century_outlines-of-the-natural-_berkenhout-john_1769_1,440,0.03585,junk,,,,
ia_bim_eighteenth-century_outlines-of-the-natural-_berkenhout-john_1769_1,441,0.01934,junk,,,,
ia_bim_eighteenth-century_outlines-of-the-natural-_berkenhout-john_1769_1,442,0.01313,junk,,,,
ia_bim_eighteenth-century_outlines-of-the-natural-_berkenhout-john_1769_1,443,0.1194,junk,,,,
ia_bim_eighteenth-century_outlines-of-the-natural-_berkenhout-john_1769_1,444,0.00032,junk,,,,
ia_bim_eighteenth-century_outlines-of-the-natural-_berkenhout-john_1769_1,445,0.01213,junk,,,,
ia_bim_eighteenth-century_outlines-of-the-natural-_berkenhout-john_1769_1,446,0.00205,junk,,,,
ia_bim_eighteenth-century_outlines-of-the-natural-_berkenhout-john_1769_1,447,0.00101,junk,,,,
ia_bim_eighteenth-century_outlines-of-the-natural-_berkenhout-john_1769_1,448,0.01647,junk,,,,
ia_bim_eighteenth-century_outlines-of-the-natural-_berkenhout-john_1769_1,449,0.05879,junk,,,,
ia_bim_eighteenth-century_outlines-of-the-natural-_berkenhout-john_1769_1,450,0.01976,junk,,,,
ia_bim_eighteenth-century_outlines-of-the-natural-_berkenhout-john_1769_1,451,0.0146,junk,,,,
ia_bim_eighteenth-century_outlines-of-the-natural-_berkenhout-john_1769_1,452,0.03048,junk,,,,
ia_bim_eighteenth-century_outlines-of-the-natural-_berkenhout-john_1769_1,453,0.00753,junk,,,,
ia_bim_eighteenth-century_outlines-of-the-natural-_berkenhout-john_1769_1,454,0.0547,junk,,,,
ia_bim_eighteenth-century_outlines-of-the-natural-_berkenhout-john_1769_1,455,0.00192,junk,,,,
ia_bim_eighteenth-century_outlines-of-the-natural-_berkenhout-john_1769_1,456,0.00044,junk,,,,
ia_bim_eighteenth-century_outlines-of-the-natural-_berkenhout-john_1769_1,457,0.00293,junk,,,,
ia_bim_eighteenth-century_outlines-of-the-natural-_berkenhout-john_1769_1,458,0.00939,junk,,,,
ia_bim_eighteenth-century_outlines-of-the-natural-_berkenhout-john_1769_1,459,0.00946,junk,,,,
ia_bim_eighteenth-century_outlines-of-the-natural-_berkenhout-john_1769_1,460,0.2046,junk,,,,
ia_bim_eighteenth-century_outlines-of-the-natural-_berkenhout-john_1769_1,461,0.00266,junk,,,,
ia_bim_eighteenth-century_outlines-of-the-natural-_berkenhout-john_1769_1,462,0.03135,junk,,,,
ia_bim_eighteenth-century_outlines-of-the-natural-_berkenhout-john_1769_1,463,0.0135,junk,,,,
ia_bim_eighteenth-century_outlines-of-the-natural-_berkenhout-john_1769_1,464,0.04519,junk,,,,
ia_bim_eighteenth-century_outlines-of-the-natural-_berkenhout-john_1769_1,465,0.00262,junk,,,,
ia_bim_eighteenth-century_outlines-of-the-natural-_berkenhout-john_1769_1,466,0.02517,junk,,,,
ia_bim_eighteenth-century_outlines-of-the-natural-_berkenhout-john_1769_1,467,0.03409,junk,,,,
ia_bim_eighteenth-century_outlines-of-the-natural-_berkenhout-john_1769_1,468,0.00943,junk,,,,
ia_bim_eighteenth-century_outlines-of-the-natural-_berkenhout-john_1769_1,469,0.01072,junk,,,,
ia_bim_eighteenth-century_outlines-of-the-natural-_berkenhout-john_1769_1,470,0.03812,junk,,,,
ia_bim_eighteenth-century_outlines-of-the-natural-_berkenhout-john_1769_1,471,0.02101,junk,,,,
ia_bim_eighteenth-century_outlines-of-the-natural-_berkenhout-john_1769_1,472,0.00141,junk,,,,
ia_bim_eighteenth-century_outlines-of-the-natural-_berkenhout-john_1769_1,473,0.01805,junk,,,,
ia_bim_eighteenth-century_outlines-of-the-natural-_berkenhout-john_1769_1,474,0.006,junk,,,,
ia_bim_eighteenth-century_outlines-of-the-natural-_berkenhout-john_1769_1,475,0.06158,junk,,,,
ia_bim_eighteenth-century_outlines-of-the-natural-_berkenhout-john_1769_1,476,0.04521,junk,,,,
ia_bim_eighteenth-century_outlines-of-the-natural-_berkenhout-john_1769_1,477,0.09314,junk,,,,
ia_bim_eighteenth-century_outlines-of-the-natural-_berkenhout-john_1769_1,478,0.00074,junk,,,,
ia_bim_eighteenth-century_outlines-of-the-natural-_berkenhout-john_1769_1,479,0.03398,junk,,,,
ia_bim_eighteenth-century_outlines-of-the-natural-_berkenhout-john_1769_1,480,0.01646,junk,,,,
ia_bim_eighteenth-century_outlines-of-the-natural-_berkenhout-john_1769_1,481,0.02903,junk,,,,
ia_bim_eighteenth-century_outlines-of-the-natural-_berkenhout-john_1769_1,482,0.00035,junk,,,,
ia_bim_eighteenth-century_outlines-of-the-natural-_berkenhout-john_1769_1,483,0.00212,junk,,,,
ia_bim_eighteenth-century_outlines-of-the-natural-_berkenhout-john_1769_1,484,0.03535,junk,,,,
ia_bim_eighteenth-century_outlines-of-the-natural-_berkenhout-john_1769_1,485,0.04158,junk,,,,
ia_bim_eighteenth-century_outlines-of-the-natural-_berkenhout-john_1769_1,486,0.01914,junk,,,,
ia_bim_eighteenth-century_outlines-of-the-natural-_berkenhout-john_1769_1,487,0.00515,junk,,,,
ia_bim_eighteenth-century_outlines-of-the-natural-_berkenhout-john_1769_1,488,0.01551,junk,,,,
ia_bim_eighteenth-century_outlines-of-the-natural-_berkenhout-john_1769_1,489,0.00565,junk,,,,
ia_bim_eighteenth-century_outlines-of-the-natural-_berkenhout-john_1769_1,490,0.01717,junk,,,,
ia_bim_eighteenth-century_outlines-of-the-natural-_berkenhout-john_1769_1,491,0.00167,junk,,,,
ia_bim_eighteenth-century_outlines-of-the-natural-_berkenhout-john_1769_1,492,0.04855,junk,,,,
ia_bim_eighteenth-century_outlines-of-the-natural-_berkenhout-john_1769_1,493,0.00174,junk,,,,
ia_bim_eighteenth-century_outlines-of-the-natural-_berkenhout-john_1769_1,494,0.22967,junk,,,,
ia_bim_eighteenth-century_outlines-of-the-natural-_berkenhout-john_1769_1,495,0.00673,junk,,,,
ia_bim_eighteenth-century_outlines-of-the-natural-_berkenhout-john_1769_1,496,0.04543,junk,,,,
ia_bim_eighteenth-century_outlines-of-the-natural-_berkenhout-john_1769_1,497,0.08125,junk,,,,
ia_bim_eighteenth-century_outlines-of-the-natural-_berkenhout-john_1769_1,498,0.00505,junk,,,,
ia_bim_eighteenth-century_outlines-of-the-natural-_berkenhout-john_1769_1,499,0.0003,junk,,,,
ia_bim_eighteenth-century_outlines-of-the-natural-_berkenhout-john_1769_1,500,0.03434,junk,,,,
ia_bim_eighteenth-century_outlines-of-the-natural-_berkenhout-john_1769_1,501,0.00029,junk,,,,
ia_bim_eighteenth-century_outlines-of-the-natural-_berkenhout-john_1769_1,502,0.00738,junk,,,,
ia_bim_eighteenth-century_outlines-of-the-natural-_berkenhout-john_1769_1,503,0.17953,junk,,,,
ia_bim_eighteenth-century_outlines-of-the-natural-_berkenhout-john_1769_1,504,0.01308,junk,,,,
ia_bim_eighteenth-century_outlines-of-the-natural-_berkenhout-john_1769_1,505,0.00631,junk,,,,
ia_bim_eighteenth-century_outlines-of-the-natural-_berkenhout-john_1769_1,506,0.00027,junk,,,,
ia_bim_eighteenth-century_outlines-of-the-natural-_berkenhout-john_1769_1,507,0.03209,junk,,,,
ia_bim_eighteenth-century_outlines-of-the-natural-_berkenhout-john_1769_1,508,0.00277,junk,,,,
ia_bim_eighteenth-century_outlines-of-the-natural-_berkenhout-john_1769_1,509,0.00742,junk,,,,
ia_bim_eighteenth-century_outlines-of-the-natural-_berkenhout-john_1769_1,510,0.01212,junk,,,,
ia_bim_eighteenth-century_outlines-of-the-natural-_berkenhout-john_1769_1,511,0.00953,junk,,,,
ia_bim_eighteenth-century_outlines-of-the-natural-_berkenhout-john_1769_1,512,0.0194,junk,,,,
ia_bim_eighteenth-century_outlines-of-the-natural-_berkenhout-john_1769_1,513,0.01366,junk,,,,
ia_bim_eighteenth-century_outlines-of-the-natural-_berkenhout-john_1769_1,514,0.00025,junk,,,,
ia_bim_eighteenth-century_outlines-of-the-natural-_berkenhout-john_1769_1,515,0.00035,junk,,,,
ia_bim_eighteenth-century_outlines-of-the-natural-_berkenhout-john_1769_1,516,0.0158,junk,,,,
ia_bim_eighteenth-century_outlines-of-the-natural-_berkenhout-john_1769_1,517,0.25452,junk,,,,
ia_bim_eighteenth-century_outlines-of-the-natural-_berkenhout-john_1769_1,518,0.00926,junk,,,,
ia_bim_eighteenth-century_outlines-of-the-natural-_berkenhout-john_1769_1,519,0.04959,junk,,,,
ia_bim_eighteenth-century_outlines-of-the-natural-_berkenhout-john_1769_1,520,0.00027,junk,,,,
ia_bim_eighteenth-century_outlines-of-the-natural-_berkenhout-john_1769_1,521,0.00043,junk,,,,
ia_bim_eighteenth-century_outlines-of-the-natural-_berkenhout-john_1769_1,522,0.00868,junk,,,,
ia_bim_eighteenth-century_outlines-of-the-natural-_berkenhout-john_1769_1,523,0.04322,junk,,,,
ia_bim_eighteenth-century_outlines-of-the-natural-_berkenhout-john_1769_1,524,0.00233,junk,,,,
ia_bim_eighteenth-century_outlines-of-the-natural-_berkenhout-john_1769_1,525,0.00032,junk,,,,
ia_bim_eighteenth-century_outlines-of-the-natural-_berkenhout-john_1769_1,526,0.0015,junk,,,,
ia_bim_eighteenth-century_outlines-of-the-natural-_berkenhout-john_1769_1,527,0.02088,junk,,,,
ia_bim_eighteenth-century_outlines-of-the-natural-_berkenhout-john_1769_1,528,0.00261,junk,,,,
ia_bim_eighteenth-century_outlines-of-the-natural-_berkenhout-john_1769_1,529,0.00129,junk,,,,
ia_bim_eighteenth-century_outlines-of-the-natural-_berkenhout-john_1769_1,530,0.00098,junk,,,,
ia_bim_eighteenth-century_outlines-of-the-natural-_berkenhout-john_1769_1,531,0.00134,junk,,,,
ia_bim_eighteenth-century_outlines-of-the-natural-_berkenhout-john_1769_1,532,0.00057,junk,,,,
ia_bim_eighteenth-century_outlines-of-the-natural-_berkenhout-john_1769_1,533,0.06073,junk,,,,
ia_bim_eighteenth-century_outlines-of-the-natural-_berkenhout-john_1769_1,534,0.05391,junk,,,,
ia_bim_eighteenth-century_outlines-of-the-natural-_berkenhout-john_1769_1,535,0.00738,junk,,,,
ia_bim_eighteenth-century_outlines-of-the-natural-_berkenhout-john_1769_1,536,0.04579,junk,,,,
ia_bim_eighteenth-century_outlines-of-the-natural-_berkenhout-john_1769_1,537,0.01054,junk,,,,
ia_bim_eighteenth-century_outlines-of-the-natural-_berkenhout-john_1769_1,538,0.00043,junk,,,,
ia_bim_eighteenth-century_outlines-of-the-natural-_berkenhout-john_1769_1,539,0.00197,junk,,,,
ia_bim_eighteenth-century_outlines-of-the-natural-_berkenhout-john_1769_1,540,0.00197,junk,,,,
ia_bim_eighteenth-century_outlines-of-the-natural-_berkenhout-john_1769_1,541,0.02985,junk,,,,
ia_bim_eighteenth-century_outlines-of-the-natural-_berkenhout-john_1769_1,542,0.00022,junk,,,,
ia_bim_eighteenth-century_outlines-of-the-natural-_berkenhout-john_1769_1,543,0.00111,junk,,,,
ia_bim_eighteenth-century_outlines-of-the-natural-_berkenhout-john_1769_1,544,0.00086,junk,,,,
ia_bim_eighteenth-century_outlines-of-the-natural-_berkenhout-john_1769_1,545,0.00019,junk,,,,
ia_bim_eighteenth-century_outlines-of-the-natural-_berkenhout-john_1769_1,546,0.00028,junk,,,,
ia_bim_eighteenth-century_outlines-of-the-natural-_berkenhout-john_1769_1,547,0.00027,junk,,,,
ia_bim_eighteenth-century_outlines-of-the-natural-_berkenhout-john_1769_1,548,0.00114,junk,,,,
ia_bim_eighteenth-century_outlines-of-the-natural-_berkenhout-john_1769_1,549,0.00353,junk,,,,
ia_bim_eighteenth-century_outlines-of-the-natural-_berkenhout-john_1769_1,550,0.00716,junk,,,,
ia_bim_eighteenth-century_outlines-of-the-natural-_berkenhout-john_1769_1,551,0.0003,junk,,,,
ia_bim_eighteenth-century_outlines-of-the-natural-_berkenhout-john_1769_1,552,0.00688,junk,,,,
ia_bim_eighteenth-century_outlines-of-the-natural-_berkenhout-john_1769_1,553,0.00148,junk,,,,
ia_bim_eighteenth-century_outlines-of-the-natural-_berkenhout-john_1769_1,554,0.02049,junk,,,,
ia_bim_eighteenth-century_outlines-of-the-natural-_berkenhout-john_1769_1,555,0.00315,junk,,,,
ia_bim_eighteenth-century_outlines-of-the-natural-_berkenhout-john_1769_1,556,0.00181,junk,,,,
ia_bim_eighteenth-century_outlines-of-the-natural-_berkenhout-john_1769_1,557,0.00038,junk,,,,
ia_bim_eighteenth-century_outlines-of-the-natural-_berkenhout-john_1769_1,558,0.00247,junk,,,,
ia_bim_eighteenth-century_outlines-of-the-natural-_berkenhout-john_1769_1,559,0.00115,junk,,,,
ia_bim_eighteenth-century_outlines-of-the-natural-_berkenhout-john_1769_1,560,0.01077,junk,,,,
ia_bim_eighteenth-century_outlines-of-the-natural-_berkenhout-john_1769_1,561,0.00435,junk,,,,
ia_bim_eighteenth-century_outlines-of-the-natural-_berkenhout-john_1769_1,562,0.00051,junk,,,,
ia_bim_eighteenth-century_outlines-of-the-natural-_berkenhout-john_1769_1,563,0.00151,junk,,,,
ia_bim_eighteenth-century_outlines-of-the-natural-_berkenhout-john_1769_1,564,0.00062,junk,,,,
ia_bim_eighteenth-century_outlines-of-the-natural-_berkenhout-john_1769_1,565,0.17953,junk,,,,
ia_bim_eighteenth-century_outlines-of-the-natural-_berkenhout-john_1769_1,566,0.00069,junk,,,,
ia_bim_eighteenth-century_outlines-of-the-natural-_berkenhout-john_1769_1,567,0.01424,junk,,,,
ia_bim_eighteenth-century_outlines-of-the-natural-_berkenhout-john_1769_1,568,0.00111,junk,,,,
ia_bim_eighteenth-century_outlines-of-the-natural-_berkenhout-john_1769_1,569,0.00041,junk,,,,
ia_bim_eighteenth-century_outlines-of-the-natural-_berkenhout-john_1769_1,570,0.00113,junk,,,,
ia_bim_eighteenth-century_outlines-of-the-natural-_berkenhout-john_1769_1,571,0.17953,junk,,,,
ia_bim_eighteenth-century_outlines-of-the-natural-_berkenhout-john_1769_1,572,0.0023,junk,,,,
ia_bim_eighteenth-century_outlines-of-the-natural-_berkenhout-john_1769_1,573,0.48236,junk,,,,
ia_bim_eighteenth-century_outlines-of-the-natural-_berkenhout-john_1769_1,574,0.00049,junk,,,,
ia_bim_eighteenth-century_outlines-of-the-natural-_berkenhout-john_1769_1,575,0.00629,junk,,,,
ia_bim_eighteenth-century_outlines-of-the-natural-_berkenhout-john_1769_1,576,0.00695,junk,,,,
ia_bim_eighteenth-century_outlines-of-the-natural-_berkenhout-john_1769_1,577,0.01058,junk,,,,
ia_bim_eighteenth-century_outlines-of-the-natural-_berkenhout-john_1769_1,578,0.0008,junk,,,,
ia_bim_eighteenth-century_outlines-of-the-natural-_berkenhout-john_1769_1,579,0.00241,junk,,,,
ia_bim_eighteenth-century_outlines-of-the-natural-_berkenhout-john_1769_1,580,0.00133,junk,,,,
ia_bim_eighteenth-century_outlines-of-the-natural-_berkenhout-john_1769_1,581,0.01003,junk,,,,
ia_bim_eighteenth-century_outlines-of-the-natural-_berkenhout-john_1769_1,582,0.001,junk,,,,
ia_bim_eighteenth-century_outlines-of-the-natural-_berkenhout-john_1769_1,583,0.00094,junk,,,,
ia_bim_eighteenth-century_outlines-of-the-natural-_berkenhout-john_1769_1,584,0.00078,junk,,,,
ia_bim_eighteenth-century_outlines-of-the-natural-_berkenhout-john_1769_1,585,0.05842,junk,,,,
ia_bim_eighteenth-century_outlines-of-the-natural-_berkenhout-john_1769_1,586,0.0218,junk,,,,
ia_bim_eighteenth-century_outlines-of-the-natural-_berkenhout-john_1769_1,587,0.00356,junk,,,,
ia_bim_eighteenth-century_outlines-of-the-natural-_berkenhout-john_1769_1,588,0.00073,junk,,,,
ia_bim_eighteenth-century_outlines-of-the-natural-_berkenhout-john_1769_1,589,0.00072,junk,,,,
ia_bim_eighteenth-century_outlines-of-the-natural-_berkenhout-john_1769_1,590,0.00183,junk,,,,
ia_bim_eighteenth-century_outlines-of-the-natural-_berkenhout-john_1769_1,591,0.13485,junk,,,,
ia_bim_eighteenth-century_outlines-of-the-natural-_berkenhout-john_1769_1,592,0.00049,junk,,,,
ia_bim_eighteenth-century_outlines-of-the-natural-_berkenhout-john_1769_1,593,0.0015,junk,,,,
ia_bim_eighteenth-century_outlines-of-the-natural-_berkenhout-john_1769_1,594,0.01516,junk,,,,
ia_bim_eighteenth-century_outlines-of-the-natural-_berkenhout-john_1769_1,595,0.01059,junk,,,,
ia_bim_eighteenth-century_outlines-of-the-natural-_berkenhout-john_1769_1,596,0.00109,junk,,,,
ia_bim_eighteenth-century_outlines-of-the-natural-_berkenhout-john_1769_1,597,0.08366,junk,,,,
ia_bim_eighteenth-century_outlines-of-the-natural-_berkenhout-john_1769_1,598,0.00128,junk,,,,
ia_bim_eighteenth-century_outlines-of-the-natural-_berkenhout-john_1769_1,599,0.01269,junk,,,,
ia_bim_eighteenth-century_outlines-of-the-natural-_berkenhout-john_1769_1,600,0.00109,junk,,,,
ia_bim_eighteenth-century_outlines-of-the-natural-_berkenhout-john_1769_1,601,0.00324,junk,,,,
ia_bim_eighteenth-century_outlines-of-the-natural-_berkenhout-john_1769_1,602,0.00086,junk,,,,
ia_bim_eighteenth-century_outlines-of-the-natural-_berkenhout-john_1769_1,603,0.03629,junk,,,,
ia_bim_eighteenth-century_outlines-of-the-natural-_berkenhout-john_1769_1,604,0.00243,junk,,,,
ia_bim_eighteenth-century_outlines-of-the-natural-_berkenhout-john_1769_1,605,0.07019,junk,,,,
ia_bim_eighteenth-century_outlines-of-the-natural-_berkenhout-john_1769_1,606,0.36522,junk,,,,
ia_bim_eighteenth-century_outlines-of-the-natural-_berkenhout-john_1769_1,607,0.00171,junk,,,,
ia_bim_eighteenth-century_outlines-of-the-natural-_berkenhout-john_1769_1,608,0.00049,junk,,,,
ia_bim_eighteenth-century_outlines-of-the-natural-_berkenhout-john_1769_1,609,0.00089,junk,,,,
ia_bim_eighteenth-century_outlines-of-the-natural-_berkenhout-john_1769_1,610,0.00104,junk,,,,
ia_bim_eighteenth-century_outlines-of-the-natural-_berkenhout-john_1769_1,611,0.00039,junk,,,,
ia_bim_eighteenth-century_outlines-of-the-natural-_berkenhout-john_1769_1,612,0.00018,junk,,,,
ia_bim_eighteenth-century_outlines-of-the-natural-_berkenhout-john_1769_1,613,3e-05,junk,,,,
ia_bim_eighteenth-century_outlines-of-the-natural-_berkenhout-john_1769_1,614,0.00977,junk,,,,
ia_bim_eighteenth-century_outlines-of-the-natural-_berkenhout-john_1769_1,615,0.00034,junk,,,,
ia_bim_eighteenth-century_outlines-of-the-natural-_berkenhout-john_1769_1,616,0.00054,junk,,,,
ia_bim_eighteenth-century_outlines-of-the-natural-_berkenhout-john_1769_1,617,0.00659,junk,,,,
ia_bim_eighteenth-century_outlines-of-the-natural-_berkenhout-john_1769_1,618,0.00342,junk,,,,
ia_bim_eighteenth-century_outlines-of-the-natural-_berkenhout-john_1769_1,619,0.00014,junk,,,,
ia_bim_eighteenth-century_outlines-of-the-natural-_berkenhout-john_1769_1,620,0.00232,junk,,,,
ia_bim_eighteenth-century_outlines-of-the-natural-_berkenhout-john_1769_1,621,0.00868,junk,,,,
ia_bim_eighteenth-century_outlines-of-the-natural-_berkenhout-john_1769_1,622,0.00176,junk,,,,
ia_bim_eighteenth-century_outlines-of-the-natural-_berkenhout-john_1769_1,623,0.01529,junk,,,,
ia_bim_eighteenth-century_outlines-of-the-natural-_berkenhout-john_1769_1,624,0.00365,junk,,,,
ia_bim_eighteenth-century_outlines-of-the-natural-_berkenhout-john_1769_1,625,0.00059,junk,,,,
ia_bim_eighteenth-century_outlines-of-the-natural-_berkenhout-john_1769_1,626,0.17953,junk,,,,
ia_bim_eighteenth-century_outlines-of-the-natural-_berkenhout-john_1769_1,627,0.17953,junk,,,,
ia_bim_eighteenth-century_outlines-of-the-natural-_berkenhout-john_1769_1,628,0.0064,junk,,,,
ia_bim_eighteenth-century_outlines-of-the-natural-_berkenhout-john_1769_1,629,0.00118,junk,,,,
ia_bim_eighteenth-century_outlines-of-the-natural-_berkenhout-john_1769_1,630,0.01095,junk,,,,
ia_bim_eighteenth-century_outlines-of-the-natural-_berkenhout-john_1769_1,631,0.00225,junk,,,,
ia_bim_eighteenth-century_outlines-of-the-natural-_berkenhout-john_1769_1,632,0.0033,junk,,,,
ia_bim_eighteenth-century_outlines-of-the-natural-_berkenhout-john_1769_1,633,0.0027,junk,,,,
ia_bim_eighteenth-century_outlines-of-the-natural-_berkenhout-john_1769_1,634,0.00136,junk,,,,
ia_bim_eighteenth-century_outlines-of-the-natural-_berkenhout-john_1769_1,635,0.00067,junk,,,,
ia_bim_eighteenth-century_outlines-of-the-natural-_berkenhout-john_1769_1,636,0.17953,junk,,,,
ia_bim_eighteenth-century_outlines-of-the-natural-_berkenhout-john_1769_1,637,0.00616,junk,,,,
ia_bim_eighteenth-century_outlines-of-the-natural-_berkenhout-john_1769_1,638,0.00015,junk,,,,
ia_bim_eighteenth-century_outlines-of-the-natural-_berkenhout-john_1769_1,639,0.00423,junk,,,,
ia_bim_eighteenth-century_outlines-of-the-natural-_berkenhout-john_1769_1,640,0.00027,junk,,,,
ia_bim_eighteenth-century_outlines-of-the-natural-_berkenhout-john_1769_1,641,0.00216,junk,,,,
ia_bim_eighteenth-century_outlines-of-the-natural-_berkenhout-john_1769_1,642,0.00504,junk,,,,
ia_bim_eighteenth-century_outlines-of-the-natural-_berkenhout-john_1769_1,643,0.00107,junk,,,,
ia_bim_eighteenth-century_outlines-of-the-natural-_berkenhout-john_1769_1,644,0.06647,junk,,,,
ia_bim_eighteenth-century_outlines-of-the-natural-_berkenhout-john_1769_1,645,0.02803,junk,,,,
ia_bim_eighteenth-century_outlines-of-the-natural-_berkenhout-john_1769_1,646,0.03574,junk,,,,
ia_bim_eighteenth-century_outlines-of-the-natural-_berkenhout-john_1769_1,647,0.30953,junk,,,,
ia_bim_eighteenth-century_outlines-of-the-natural-_berkenhout-john_1769_1,648,0.00884,junk,,,,
ia_bim_eighteenth-century_outlines-of-the-natural-_berkenhout-john_1769_1,649,0.16809,junk,,,,
ia_bim_eighteenth-century_outlines-of-the-natural-_berkenhout-john_1769_1,650,0.06547,junk,,,,
ia_bim_eighteenth-century_outlines-of-the-natural-_berkenhout-john_1769_1,651,0.17762,junk,,,,
ia_bim_eighteenth-century_outlines-of-the-natural-_berkenhout-john_1769_1,652,0.05914,junk,,,,
ia_bim_eighteenth-century_outlines-of-the-natural-_berkenhout-john_1769_1,653,0.0011,junk,,,,
ia_bim_eighteenth-century_outlines-of-the-natural-_berkenhout-john_1769_1,654,0.00134,junk,,,,
ia_bim_eighteenth-century_outlines-of-the-natural-_berkenhout-john_1769_1,655,0.00165,junk,,,,
ia_bim_eighteenth-century_outlines-of-the-natural-_berkenhout-john_1769_1,656,0.00209,junk,,,,
ia_bim_eighteenth-century_outlines-of-the-natural-_berkenhout-john_1769_1,657,0.06389,junk,,,,
ia_bim_eighteenth-century_outlines-of-the-natural-_berkenhout-john_1769_1,658,0.00054,junk,,,,
ia_bim_eighteenth-century_outlines-of-the-natural-_berkenhout-john_1769_1,659,0.00049,junk,,,,
ia_bim_eighteenth-century_outlines-of-the-natural-_berkenhout-john_1769_1,660,0.9723,non_junk,internal_essence,0.00529,0.20674,0.78797
ia_bim_eighteenth-century_outlines-of-the-natural-_berkenhout-john_1769_1,661,0.27501,junk,,,,
ia_bim_eighteenth-century_outlines-of-the-natural-_berkenhout-john_1769_1,662,0.01979,junk,,,,
ia_bim_eighteenth-century_outlines-of-the-natural-_berkenhout-john_1769_1,663,0.00859,junk,,,,
ia_bim_eighteenth-century_outlines-of-the-natural-_berkenhout-john_1769_1,664,0.00582,junk,,,,
ia_bim_eighteenth-century_outlines-of-the-natural-_berkenhout-john_1769_1,665,0.008,junk,,,,
ia_bim_eighteenth-century_outlines-of-the-natural-_berkenhout-john_1769_1,666,0.0024,junk,,,,
ia_bim_eighteenth-century_outlines-of-the-natural-_berkenhout-john_1769_1,667,0.00328,junk,,,,
ia_bim_eighteenth-century_outlines-of-the-natural-_berkenhout-john_1769_1,668,0.00083,junk,,,,
ia_bim_eighteenth-century_outlines-of-the-natural-_berkenhout-john_1769_1,669,0.04613,junk,,,,
ia_bim_eighteenth-century_outlines-of-the-natural-_berkenhout-john_1769_1,670,0.01399,junk,,,,
ia_bim_eighteenth-century_outlines-of-the-natural-_berkenhout-john_1769_1,671,0.00043,junk,,,,
ia_bim_eighteenth-century_outlines-of-the-natural-_berkenhout-john_1769_1,672,0.00032,junk,,,,
ia_bim_eighteenth-century_outlines-of-the-natural-_berkenhout-john_1769_1,673,9e-05,junk,,,,
ia_bim_eighteenth-century_outlines-of-the-natural-_berkenhout-john_1769_1,674,0.00472,junk,,,,
ia_bim_eighteenth-century_outlines-of-the-natural-_berkenhout-john_1769_1,675,0.0008,junk,,,,
ia_bim_eighteenth-century_outlines-of-the-natural-_berkenhout-john_1769_1,676,0.00126,junk,,,,
ia_bim_eighteenth-century_outlines-of-the-natural-_berkenhout-john_1769_1,677,0.00778,junk,,,,
ia_bim_eighteenth-century_outlines-of-the-natural-_berkenhout-john_1769_1,678,0.00025,junk,,,,
ia_bim_eighteenth-century_outlines-of-the-natural-_berkenhout-john_1769_1,679,0.00473,junk,,,,
ia_bim_eighteenth-century_outlines-of-the-natural-_berkenhout-john_1769_1,680,0.00991,junk,,,,
ia_bim_eighteenth-century_outlines-of-the-natural-_berkenhout-john_1769_1,681,0.00031,junk,,,,
ia_bim_eighteenth-century_outlines-of-the-natural-_berkenhout-john_1769_1,682,0.00373,junk,,,,
ia_bim_eighteenth-century_outlines-of-the-natural-_berkenhout-john_1769_1,683,0.02609,junk,,,,
ia_bim_eighteenth-century_outlines-of-the-natural-_berkenhout-john_1769_1,684,0.00363,junk,,,,
ia_bim_eighteenth-century_outlines-of-the-natural-_berkenhout-john_1769_1,685,0.00198,junk,,,,
ia_bim_eighteenth-century_outlines-of-the-natural-_berkenhout-john_1769_1,686,0.00041,junk,,,,
ia_bim_eighteenth-century_outlines-of-the-natural-_berkenhout-john_1769_1,687,0.00512,junk,,,,
ia_bim_eighteenth-century_outlines-of-the-natural-_berkenhout-john_1769_1,688,0.01611,junk,,,,
ia_bim_eighteenth-century_outlines-of-the-natural-_berkenhout-john_1769_1,689,0.00058,junk,,,,
ia_bim_eighteenth-century_outlines-of-the-natural-_berkenhout-john_1769_1,690,0.23217,junk,,,,
ia_bim_eighteenth-century_outlines-of-the-natural-_berkenhout-john_1769_1,691,0.00062,junk,,,,
ia_bim_eighteenth-century_outlines-of-the-natural-_berkenhout-john_1769_1,692,0.00032,junk,,,,
ia_bim_eighteenth-century_outlines-of-the-natural-_berkenhout-john_1769_1,693,0.00517,junk,,,,
ia_bim_eighteenth-century_outlines-of-the-natural-_berkenhout-john_1769_1,694,0.00079,junk,,,,
ia_bim_eighteenth-century_outlines-of-the-natural-_berkenhout-john_1769_1,695,0.0019,junk,,,,
ia_bim_eighteenth-century_outlines-of-the-natural-_berkenhout-john_1769_1,696,0.00362,junk,,,,
ia_bim_eighteenth-century_outlines-of-the-natural-_berkenhout-john_1769_1,697,0.21562,junk,,,,
ia_bim_eighteenth-century_outlines-of-the-natural-_berkenhout-john_1769_1,698,0.21562,junk,,,,
ia_bim_eighteenth-century_outlines-of-the-natural-_berkenhout-john_1769_1,699,0.00148,junk,,,,
ia_bim_eighteenth-century_outlines-of-the-natural-_berkenhout-john_1769_1,700,0.00079,junk,,,,
ia_bim_eighteenth-century_outlines-of-the-natural-_berkenhout-john_1769_1,701,0.0098,junk,,,,
ia_bim_eighteenth-century_outlines-of-the-natural-_berkenhout-john_1769_1,702,0.00096,junk,,,,
ia_bim_eighteenth-century_outlines-of-the-natural-_berkenhout-john_1769_1,703,0.00023,junk,,,,
ia_bim_eighteenth-century_outlines-of-the-natural-_berkenhout-john_1769_1,704,0.00147,junk,,,,
ia_bim_eighteenth-century_outlines-of-the-natural-_berkenhout-john_1769_1,705,0.00022,junk,,,,
ia_bim_eighteenth-century_outlines-of-the-natural-_berkenhout-john_1769_1,706,0.0002,junk,,,,
ia_bim_eighteenth-century_outlines-of-the-natural-_berkenhout-john_1769_1,707,0.01516,junk,,,,
ia_bim_eighteenth-century_outlines-of-the-natural-_berkenhout-john_1769_1,708,0.00601,junk,,,,
ia_bim_eighteenth-century_outlines-of-the-natural-_berkenhout-john_1769_1,709,0.00139,junk,,,,
ia_bim_eighteenth-century_outlines-of-the-natural-_berkenhout-john_1769_1,710,0.00014,junk,,,,
ia_bim_eighteenth-century_outlines-of-the-natural-_berkenhout-john_1769_1,711,0.00254,junk,,,,
ia_bim_eighteenth-century_outlines-of-the-natural-_berkenhout-john_1769_1,712,0.00392,junk,,,,
ia_bim_eighteenth-century_outlines-of-the-natural-_berkenhout-john_1769_1,713,0.00172,junk,,,,
ia_bim_eighteenth-century_outlines-of-the-natural-_berkenhout-john_1769_1,714,0.00839,junk,,,,
ia_bim_eighteenth-century_outlines-of-the-natural-_berkenhout-john_1769_1,715,0.00181,junk,,,,
ia_bim_eighteenth-century_outlines-of-the-natural-_berkenhout-john_1769_1,716,0.00181,junk,,,,
ia_bim_eighteenth-century_outlines-of-the-natural-_berkenhout-john_1769_1,717,0.00976,junk,,,,
ia_bim_eighteenth-century_outlines-of-the-natural-_berkenhout-john_1769_1,718,0.0038,junk,,,,
ia_bim_eighteenth-century_outlines-of-the-natural-_berkenhout-john_1769_1,719,0.00052,junk,,,,
ia_bim_eighteenth-century_outlines-of-the-natural-_berkenhout-john_1769_1,720,0.03969,junk,,,,
ia_bim_eighteenth-century_outlines-of-the-natural-_berkenhout-john_1769_1,721,0.00024,junk,,,,
ia_bim_eighteenth-century_outlines-of-the-natural-_berkenhout-john_1769_1,722,0.0019,junk,,,,
ia_bim_eighteenth-century_outlines-of-the-natural-_berkenhout-john_1769_1,723,0.08221,junk,,,,
ia_bim_eighteenth-century_outlines-of-the-natural-_berkenhout-john_1769_1,724,0.00051,junk,,,,
ia_bim_eighteenth-century_outlines-of-the-natural-_berkenhout-john_1769_1,725,0.00148,junk,,,,
ia_bim_eighteenth-century_outlines-of-the-natural-_berkenhout-john_1769_1,726,0.00082,junk,,,,
ia_bim_eighteenth-century_outlines-of-the-natural-_berkenhout-john_1769_1,727,0.0792,junk,,,,
ia_bim_eighteenth-century_outlines-of-the-natural-_berkenhout-john_1769_1,728,0.00218,junk,,,,
ia_bim_eighteenth-century_outlines-of-the-natural-_berkenhout-john_1769_1,729,0.00222,junk,,,,
ia_bim_eighteenth-century_outlines-of-the-natural-_berkenhout-john_1769_1,730,0.03893,junk,,,,
ia_bim_eighteenth-century_outlines-of-the-natural-_berkenhout-john_1769_1,731,0.02625,junk,,,,
ia_bim_eighteenth-century_outlines-of-the-natural-_berkenhout-john_1769_1,732,0.00458,junk,,,,
ia_bim_eighteenth-century_outlines-of-the-natural-_berkenhout-john_1769_1,733,0.0861,junk,,,,
ia_bim_eighteenth-century_outlines-of-the-natural-_berkenhout-john_1769_1,734,0.01374,junk,,,,
ia_bim_eighteenth-century_outlines-of-the-natural-_berkenhout-john_1769_1,735,0.00632,junk,,,,
ia_bim_eighteenth-century_outlines-of-the-natural-_berkenhout-john_1769_1,736,0.00318,junk,,,,
ia_bim_eighteenth-century_outlines-of-the-natural-_berkenhout-john_1769_1,737,0.00143,junk,,,,
ia_bim_eighteenth-century_outlines-of-the-natural-_berkenhout-john_1769_1,738,6e-05,junk,,,,
ia_bim_eighteenth-century_outlines-of-the-natural-_berkenhout-john_1769_1,739,0.05877,junk,,,,
ia_bim_eighteenth-century_outlines-of-the-natural-_berkenhout-john_1769_1,740,0.05155,junk,,,,
ia_bim_eighteenth-century_outlines-of-the-natural-_berkenhout-john_1769_1,741,0.00026,junk,,,,
ia_bim_eighteenth-century_outlines-of-the-natural-_berkenhout-john_1769_1,742,0.00324,junk,,,,
ia_bim_eighteenth-century_outlines-of-the-natural-_berkenhout-john_1769_1,743,0.00325,junk,,,,
ia_bim_eighteenth-century_outlines-of-the-natural-_berkenhout-john_1769_1,744,0.0001,junk,,,,
ia_bim_eighteenth-century_outlines-of-the-natural-_berkenhout-john_1769_1,745,0.00325,junk,,,,
ia_bim_eighteenth-century_outlines-of-the-natural-_berkenhout-john_1769_1,746,0.0021,junk,,,,
ia_bim_eighteenth-century_outlines-of-the-natural-_berkenhout-john_1769_1,747,0.00099,junk,,,,
ia_bim_eighteenth-century_outlines-of-the-natural-_berkenhout-john_1769_1,748,0.00055,junk,,,,
ia_bim_eighteenth-century_outlines-of-the-natural-_berkenhout-john_1769_1,749,0.00661,junk,,,,
ia_bim_eighteenth-century_outlines-of-the-natural-_berkenhout-john_1769_1,750,0.011,junk,,,,
ia_bim_eighteenth-century_outlines-of-the-natural-_berkenhout-john_1769_1,751,0.00235,junk,,,,
ia_bim_eighteenth-century_outlines-of-the-natural-_berkenhout-john_1769_1,752,0.00159,junk,,,,
ia_bim_eighteenth-century_outlines-of-the-natural-_berkenhout-john_1769_1,753,0.00085,junk,,,,
ia_bim_eighteenth-century_outlines-of-the-natural-_berkenhout-john_1769_1,754,0.00117,junk,,,,
ia_bim_eighteenth-century_outlines-of-the-natural-_berkenhout-john_1769_1,755,0.00225,junk,,,,
ia_bim_eighteenth-century_outlines-of-the-natural-_berkenhout-john_1769_1,756,0.00166,junk,,,,
ia_bim_eighteenth-century_outlines-of-the-natural-_berkenhout-john_1769_1,757,0.18517,junk,,,,
ia_bim_eighteenth-century_outlines-of-the-natural-_berkenhout-john_1769_1,758,0.00088,junk,,,,
ia_bim_eighteenth-century_outlines-of-the-natural-_berkenhout-john_1769_1,759,0.00791,junk,,,,
ia_bim_eighteenth-century_outlines-of-the-natural-_berkenhout-john_1769_1,760,0.01745,junk,,,,
ia_bim_eighteenth-century_outlines-of-the-natural-_berkenhout-john_1769_1,761,0.00032,junk,,,,
ia_bim_eighteenth-century_outlines-of-the-natural-_berkenhout-john_1769_1,762,0.91928,non_junk,non_divine_teleology,0.0011,0.96794,0.03096
ia_bim_eighteenth-century_outlines-of-the-natural-_berkenhout-john_1769_1,763,0.00066,junk,,,,
ia_bim_eighteenth-century_outlines-of-the-natural-_berkenhout-john_1769_1,764,0.00343,junk,,,,
ia_bim_eighteenth-century_outlines-of-the-natural-_berkenhout-john_1769_1,765,0.0013,junk,,,,
ia_bim_eighteenth-century_outlines-of-the-natural-_berkenhout-john_1769_1,766,0.00168,junk,,,,
ia_bim_eighteenth-century_outlines-of-the-natural-_berkenhout-john_1769_1,767,0.00251,junk,,,,
ia_bim_eighteenth-century_outlines-of-the-natural-_berkenhout-john_1769_1,768,0.14128,junk,,,,
ia_bim_eighteenth-century_outlines-of-the-natural-_berkenhout-john_1769_1,769,0.08646,junk,,,,
ia_bim_eighteenth-century_outlines-of-the-natural-_berkenhout-john_1769_1,770,0.00108,junk,,,,
ia_bim_eighteenth-century_outlines-of-the-natural-_berkenhout-john_1769_1,771,0.00103,junk,,,,
ia_bim_eighteenth-century_outlines-of-the-natural-_berkenhout-john_1769_1,772,0.01035,junk,,,,
ia_bim_eighteenth-century_outlines-of-the-natural-_berkenhout-john_1769_1,773,0.00079,junk,,,,
ia_bim_eighteenth-century_outlines-of-the-natural-_berkenhout-john_1769_1,774,0.03423,junk,,,,
ia_bim_eighteenth-century_outlines-of-the-natural-_berkenhout-john_1769_1,775,0.0077,junk,,,,
ia_bim_eighteenth-century_outlines-of-the-natural-_berkenhout-john_1769_1,776,0.05132,junk,,,,
ia_bim_eighteenth-century_outlines-of-the-natural-_berkenhout-john_1769_1,777,0.00168,junk,,,,
ia_bim_eighteenth-century_outlines-of-the-natural-_berkenhout-john_1769_1,778,0.00452,junk,,,,
ia_bim_eighteenth-century_outlines-of-the-natural-_berkenhout-john_1769_1,779,0.00139,junk,,,,
ia_bim_eighteenth-century_outlines-of-the-natural-_berkenhout-john_1769_1,780,4e-05,junk,,,,
ia_bim_eighteenth-century_outlines-of-the-natural-_berkenhout-john_1769_1,781,0.00138,junk,,,,
ia_bim_eighteenth-century_outlines-of-the-natural-_berkenhout-john_1769_1,782,0.00242,junk,,,,
ia_bim_eighteenth-century_outlines-of-the-natural-_berkenhout-john_1769_1,783,0.01683,junk,,,,
ia_bim_eighteenth-century_outlines-of-the-natural-_berkenhout-john_1769_1,784,0.00076,junk,,,,
ia_bim_eighteenth-century_outlines-of-the-natural-_berkenhout-john_1769_1,785,0.00145,junk,,,,
ia_bim_eighteenth-century_outlines-of-the-natural-_berkenhout-john_1769_1,786,0.00052,junk,,,,
ia_bim_eighteenth-century_outlines-of-the-natural-_berkenhout-john_1769_1,787,0.00115,junk,,,,
ia_bim_eighteenth-century_outlines-of-the-natural-_berkenhout-john_1769_1,788,0.00526,junk,,,,
ia_bim_eighteenth-century_outlines-of-the-natural-_berkenhout-john_1769_1,789,0.00031,junk,,,,
ia_bim_eighteenth-century_outlines-of-the-natural-_berkenhout-john_1769_1,790,0.00142,junk,,,,
ia_bim_eighteenth-century_outlines-of-the-natural-_berkenhout-john_1769_1,791,0.01516,junk,,,,
ia_bim_eighteenth-century_outlines-of-the-natural-_berkenhout-john_1769_1,792,0.02419,junk,,,,
ia_bim_eighteenth-century_outlines-of-the-natural-_berkenhout-john_1769_1,793,0.02419,junk,,,,
ia_bim_eighteenth-century_outlines-of-the-natural-_berkenhout-john_1769_1,794,0.01657,junk,,,,
ia_bim_eighteenth-century_outlines-of-the-natural-_berkenhout-john_1769_1,795,0.00341,junk,,,,
ia_bim_eighteenth-century_outlines-of-the-natural-_berkenhout-john_1769_1,796,0.00041,junk,,,,
ia_bim_eighteenth-century_outlines-of-the-natural-_berkenhout-john_1769_1,797,0.00014,junk,,,,
ia_bim_eighteenth-century_outlines-of-the-natural-_berkenhout-john_1769_1,798,0.0081,junk,,,,
ia_bim_eighteenth-century_outlines-of-the-natural-_berkenhout-john_1769_1,799,0.00048,junk,,,,
ia_bim_eighteenth-century_outlines-of-the-natural-_berkenhout-john_1769_1,800,0.005,junk,,,,
ia_bim_eighteenth-century_outlines-of-the-natural-_berkenhout-john_1769_1,801,0.00738,junk,,,,
ia_bim_eighteenth-century_outlines-of-the-natural-_berkenhout-john_1769_1,802,0.0039,junk,,,,
ia_bim_eighteenth-century_outlines-of-the-natural-_berkenhout-john_1769_1,803,0.0083,junk,,,,
ia_bim_eighteenth-century_outlines-of-the-natural-_berkenhout-john_1769_1,804,0.00156,junk,,,,
ia_bim_eighteenth-century_outlines-of-the-natural-_berkenhout-john_1769_1,805,0.00486,junk,,,,
ia_bim_eighteenth-century_outlines-of-the-natural-_berkenhout-john_1769_1,806,0.00084,junk,,,,
ia_bim_eighteenth-century_outlines-of-the-natural-_berkenhout-john_1769_1,807,0.00486,junk,,,,
ia_bim_eighteenth-century_outlines-of-the-natural-_berkenhout-john_1769_1,808,0.00502,junk,,,,
ia_bim_eighteenth-century_outlines-of-the-natural-_berkenhout-john_1769_1,809,0.01497,junk,,,,
ia_bim_eighteenth-century_outlines-of-the-natural-_berkenhout-john_1769_1,810,0.00832,junk,,,,
ia_bim_eighteenth-century_outlines-of-the-natural-_berkenhout-john_1769_1,811,0.05179,junk,,,,
ia_bim_eighteenth-century_outlines-of-the-natural-_berkenhout-john_1769_1,812,0.00057,junk,,,,
ia_bim_eighteenth-century_outlines-of-the-natural-_berkenhout-john_1769_1,813,0.03796,junk,,,,
ia_bim_eighteenth-century_outlines-of-the-natural-_berkenhout-john_1769_1,814,0.03615,junk,,,,
ia_bim_eighteenth-century_outlines-of-the-natural-_berkenhout-john_1769_1,815,0.00052,junk,,,,
ia_bim_eighteenth-century_outlines-of-the-natural-_berkenhout-john_1769_1,816,0.10163,junk,,,,
ia_bim_eighteenth-century_outlines-of-the-natural-_berkenhout-john_1769_1,817,0.0006,junk,,,,
ia_bim_eighteenth-century_outlines-of-the-natural-_berkenhout-john_1769_1,818,0.01248,junk,,,,
ia_bim_eighteenth-century_outlines-of-the-natural-_berkenhout-john_1769_1,819,0.00015,junk,,,,
ia_bim_eighteenth-century_outlines-of-the-natural-_berkenhout-john_1769_1,820,0.0008,junk,,,,
ia_bim_eighteenth-century_outlines-of-the-natural-_berkenhout-john_1769_1,821,0.00591,junk,,,,
ia_bim_eighteenth-century_outlines-of-the-natural-_berkenhout-john_1769_1,822,0.00058,junk,,,,
ia_bim_eighteenth-century_outlines-of-the-natural-_berkenhout-john_1769_1,823,0.00093,junk,,,,
ia_bim_eighteenth-century_outlines-of-the-natural-_berkenhout-john_1769_1,824,0.00018,junk,,,,
ia_bim_eighteenth-century_outlines-of-the-natural-_berkenhout-john_1769_1,825,0.01947,junk,,,,
ia_bim_eighteenth-century_outlines-of-the-natural-_berkenhout-john_1769_1,826,8e-05,junk,,,,
ia_bim_eighteenth-century_outlines-of-the-natural-_berkenhout-john_1769_1,827,0.02774,junk,,,,
ia_bim_eighteenth-century_outlines-of-the-natural-_berkenhout-john_1769_1,828,0.00067,junk,,,,
ia_bim_eighteenth-century_outlines-of-the-natural-_berkenhout-john_1769_1,829,0.00451,junk,,,,
ia_bim_eighteenth-century_outlines-of-the-natural-_berkenhout-john_1769_1,830,0.0011,junk,,,,
ia_bim_eighteenth-century_outlines-of-the-natural-_berkenhout-john_1769_1,831,0.00467,junk,,,,
ia_bim_eighteenth-century_outlines-of-the-natural-_berkenhout-john_1769_1,832,0.01827,junk,,,,
ia_bim_eighteenth-century_outlines-of-the-natural-_berkenhout-john_1769_1,833,0.00205,junk,,,,
ia_bim_eighteenth-century_outlines-of-the-natural-_berkenhout-john_1769_1,834,0.00844,junk,,,,
ia_bim_eighteenth-century_outlines-of-the-natural-_berkenhout-john_1769_1,835,0.0002,junk,,,,
ia_bim_eighteenth-century_outlines-of-the-natural-_berkenhout-john_1769_1,836,0.00095,junk,,,,
ia_bim_eighteenth-century_outlines-of-the-natural-_berkenhout-john_1769_1,837,0.00171,junk,,,,
ia_bim_eighteenth-century_outlines-of-the-natural-_berkenhout-john_1769_1,838,0.01498,junk,,,,
ia_bim_eighteenth-century_outlines-of-the-natural-_berkenhout-john_1769_1,839,0.02499,junk,,,,
ia_bim_eighteenth-century_outlines-of-the-natural-_berkenhout-john_1769_1,840,0.01085,junk,,,,
ia_bim_eighteenth-century_outlines-of-the-natural-_berkenhout-john_1769_1,841,0.00072,junk,,,,
ia_bim_eighteenth-century_outlines-of-the-natural-_berkenhout-john_1769_1,842,0.00035,junk,,,,
ia_bim_eighteenth-century_outlines-of-the-natural-_berkenhout-john_1769_1,843,0.00299,junk,,,,
ia_bim_eighteenth-century_outlines-of-the-natural-_berkenhout-john_1769_1,844,0.00239,junk,,,,
ia_bim_eighteenth-century_outlines-of-the-natural-_berkenhout-john_1769_1,845,0.0004,junk,,,,
ia_bim_eighteenth-century_outlines-of-the-natural-_berkenhout-john_1769_1,846,0.0006,junk,,,,
ia_bim_eighteenth-century_outlines-of-the-natural-_berkenhout-john_1769_1,847,0.01882,junk,,,,
ia_bim_eighteenth-century_outlines-of-the-natural-_berkenhout-john_1769_1,848,8e-05,junk,,,,
ia_bim_eighteenth-century_outlines-of-the-natural-_berkenhout-john_1769_1,849,0.01126,junk,,,,
ia_bim_eighteenth-century_outlines-of-the-natural-_berkenhout-john_1769_1,850,0.0005,junk,,,,
ia_bim_eighteenth-century_outlines-of-the-natural-_berkenhout-john_1769_1,851,0.00096,junk,,,,
ia_bim_eighteenth-century_outlines-of-the-natural-_berkenhout-john_1769_1,852,0.10574,junk,,,,
ia_bim_eighteenth-century_outlines-of-the-natural-_berkenhout-john_1769_1,853,0.00308,junk,,,,
ia_bim_eighteenth-century_outlines-of-the-natural-_berkenhout-john_1769_1,854,0.00045,junk,,,,
ia_bim_eighteenth-century_outlines-of-the-natural-_berkenhout-john_1769_1,855,0.00665,junk,,,,
ia_bim_eighteenth-century_outlines-of-the-natural-_berkenhout-john_1769_1,856,0.01318,junk,,,,
ia_bim_eighteenth-century_outlines-of-the-natural-_berkenhout-john_1769_1,857,0.0014,junk,,,,
ia_bim_eighteenth-century_outlines-of-the-natural-_berkenhout-john_1769_1,858,0.00026,junk,,,,
ia_bim_eighteenth-century_outlines-of-the-natural-_berkenhout-john_1769_1,859,0.0178,junk,,,,
ia_bim_eighteenth-century_outlines-of-the-natural-_berkenhout-john_1769_1,860,0.00028,junk,,,,
ia_bim_eighteenth-century_outlines-of-the-natural-_berkenhout-john_1769_1,861,0.00056,junk,,,,
ia_bim_eighteenth-century_outlines-of-the-natural-_berkenhout-john_1769_1,862,0.00159,junk,,,,
ia_bim_eighteenth-century_outlines-of-the-natural-_berkenhout-john_1769_1,863,0.0025,junk,,,,
ia_bim_eighteenth-century_outlines-of-the-natural-_berkenhout-john_1769_1,864,0.00216,junk,,,,
ia_bim_eighteenth-century_outlines-of-the-natural-_berkenhout-john_1769_1,865,0.00315,junk,,,,
ia_bim_eighteenth-century_outlines-of-the-natural-_berkenhout-john_1769_1,866,0.00438,junk,,,,
ia_bim_eighteenth-century_outlines-of-the-natural-_berkenhout-john_1769_1,867,0.01074,junk,,,,
ia_bim_eighteenth-century_outlines-of-the-natural-_berkenhout-john_1769_1,868,0.00047,junk,,,,
ia_bim_eighteenth-century_outlines-of-the-natural-_berkenhout-john_1769_1,869,0.00913,junk,,,,
ia_bim_eighteenth-century_outlines-of-the-natural-_berkenhout-john_1769_1,870,0.00126,junk,,,,
ia_bim_eighteenth-century_outlines-of-the-natural-_berkenhout-john_1769_1,871,0.00065,junk,,,,
ia_bim_eighteenth-century_outlines-of-the-natural-_berkenhout-john_1769_1,872,0.00237,junk,,,,
ia_bim_eighteenth-century_outlines-of-the-natural-_berkenhout-john_1769_1,873,0.00064,junk,,,,
ia_bim_eighteenth-century_outlines-of-the-natural-_berkenhout-john_1769_1,874,0.00651,junk,,,,
ia_bim_eighteenth-century_outlines-of-the-natural-_berkenhout-john_1769_1,875,0.02151,junk,,,,
ia_bim_eighteenth-century_outlines-of-the-natural-_berkenhout-john_1769_1,876,0.00121,junk,,,,
ia_bim_eighteenth-century_outlines-of-the-natural-_berkenhout-john_1769_1,877,0.00455,junk,,,,
ia_bim_eighteenth-century_outlines-of-the-natural-_berkenhout-john_1769_1,878,0.00102,junk,,,,
ia_bim_eighteenth-century_outlines-of-the-natural-_berkenhout-john_1769_1,879,0.00793,junk,,,,
ia_bim_eighteenth-century_outlines-of-the-natural-_berkenhout-john_1769_1,880,0.04051,junk,,,,
ia_bim_eighteenth-century_outlines-of-the-natural-_berkenhout-john_1769_1,881,0.05166,junk,,,,
ia_bim_eighteenth-century_outlines-of-the-natural-_berkenhout-john_1769_1,882,0.00482,junk,,,,
ia_bim_eighteenth-century_outlines-of-the-natural-_berkenhout-john_1769_1,883,0.00145,junk,,,,
ia_bim_eighteenth-century_outlines-of-the-natural-_berkenhout-john_1769_1,884,0.00315,junk,,,,
ia_bim_eighteenth-century_outlines-of-the-natural-_berkenhout-john_1769_1,885,0.02068,junk,,,,
ia_bim_eighteenth-century_outlines-of-the-natural-_berkenhout-john_1769_1,886,0.01007,junk,,,,
ia_bim_eighteenth-century_outlines-of-the-natural-_berkenhout-john_1769_1,887,0.04146,junk,,,,
ia_bim_eighteenth-century_outlines-of-the-natural-_berkenhout-john_1769_1,888,0.00285,junk,,,,
ia_bim_eighteenth-century_outlines-of-the-natural-_berkenhout-john_1769_1,889,0.00472,junk,,,,
ia_bim_eighteenth-century_outlines-of-the-natural-_berkenhout-john_1769_1,890,0.00031,junk,,,,
ia_bim_eighteenth-century_outlines-of-the-natural-_berkenhout-john_1769_1,891,0.00786,junk,,,,
ia_bim_eighteenth-century_outlines-of-the-natural-_berkenhout-john_1769_1,892,0.00145,junk,,,,
ia_bim_eighteenth-century_outlines-of-the-natural-_berkenhout-john_1769_1,893,0.00067,junk,,,,
ia_bim_eighteenth-century_outlines-of-the-natural-_berkenhout-john_1769_1,894,0.00144,junk,,,,
ia_bim_eighteenth-century_outlines-of-the-natural-_berkenhout-john_1769_1,895,0.00014,junk,,,,
ia_bim_eighteenth-century_outlines-of-the-natural-_berkenhout-john_1769_1,896,0.0023,junk,,,,
ia_bim_eighteenth-century_outlines-of-the-natural-_berkenhout-john_1769_1,897,0.00067,junk,,,,
ia_bim_eighteenth-century_outlines-of-the-natural-_berkenhout-john_1769_1,898,0.00103,junk,,,,
ia_bim_eighteenth-century_outlines-of-the-natural-_berkenhout-john_1769_1,899,0.00014,junk,,,,
ia_bim_eighteenth-century_outlines-of-the-natural-_berkenhout-john_1769_1,900,0.00064,junk,,,,
ia_bim_eighteenth-century_outlines-of-the-natural-_berkenhout-john_1769_1,901,0.01483,junk,,,,
ia_bim_eighteenth-century_outlines-of-the-natural-_berkenhout-john_1769_1,902,0.00016,junk,,,,
ia_bim_eighteenth-century_outlines-of-the-natural-_berkenhout-john_1769_1,903,0.00084,junk,,,,
ia_bim_eighteenth-century_outlines-of-the-natural-_berkenhout-john_1769_1,904,0.00128,junk,,,,
ia_bim_eighteenth-century_outlines-of-the-natural-_berkenhout-john_1769_1,905,0.00475,junk,,,,
ia_bim_eighteenth-century_outlines-of-the-natural-_berkenhout-john_1769_1,906,0.00162,junk,,,,
ia_bim_eighteenth-century_outlines-of-the-natural-_berkenhout-john_1769_1,907,0.01625,junk,,,,
ia_bim_eighteenth-century_outlines-of-the-natural-_berkenhout-john_1769_1,908,0.00142,junk,,,,
ia_bim_eighteenth-century_outlines-of-the-natural-_berkenhout-john_1769_1,909,0.00343,junk,,,,
ia_bim_eighteenth-century_outlines-of-the-natural-_berkenhout-john_1769_1,910,0.00459,junk,,,,
ia_bim_eighteenth-century_outlines-of-the-natural-_berkenhout-john_1769_1,911,0.00426,junk,,,,
ia_bim_eighteenth-century_outlines-of-the-natural-_berkenhout-john_1769_1,912,0.00363,junk,,,,
ia_bim_eighteenth-century_outlines-of-the-natural-_berkenhout-john_1769_1,913,0.00048,junk,,,,
ia_bim_eighteenth-century_outlines-of-the-natural-_berkenhout-john_1769_1,914,0.00984,junk,,,,
ia_bim_eighteenth-century_outlines-of-the-natural-_berkenhout-john_1769_1,915,0.00984,junk,,,,
ia_bim_eighteenth-century_outlines-of-the-natural-_berkenhout-john_1769_1,916,0.00285,junk,,,,
ia_bim_eighteenth-century_outlines-of-the-natural-_berkenhout-john_1769_1,917,0.00073,junk,,,,
ia_bim_eighteenth-century_outlines-of-the-natural-_berkenhout-john_1769_1,918,0.00115,junk,,,,
ia_bim_eighteenth-century_outlines-of-the-natural-_berkenhout-john_1769_1,919,0.00565,junk,,,,
ia_bim_eighteenth-century_outlines-of-the-natural-_berkenhout-john_1769_1,920,0.00077,junk,,,,
ia_bim_eighteenth-century_outlines-of-the-natural-_berkenhout-john_1769_1,921,0.00169,junk,,,,
ia_bim_eighteenth-century_outlines-of-the-natural-_berkenhout-john_1769_1,922,0.00191,junk,,,,
ia_bim_eighteenth-century_outlines-of-the-natural-_berkenhout-john_1769_1,923,0.00127,junk,,,,
ia_bim_eighteenth-century_outlines-of-the-natural-_berkenhout-john_1769_1,924,0.00016,junk,,,,
ia_bim_eighteenth-century_outlines-of-the-natural-_berkenhout-john_1769_1,925,9e-05,junk,,,,
ia_bim_eighteenth-century_outlines-of-the-natural-_berkenhout-john_1769_1,926,0.00783,junk,,,,
ia_bim_eighteenth-century_outlines-of-the-natural-_berkenhout-john_1769_1,927,0.13718,junk,,,,
ia_bim_eighteenth-century_outlines-of-the-natural-_berkenhout-john_1769_1,928,0.01359,junk,,,,
ia_bim_eighteenth-century_outlines-of-the-natural-_berkenhout-john_1769_1,929,0.00958,junk,,,,
ia_bim_eighteenth-century_outlines-of-the-natural-_berkenhout-john_1769_1,930,0.00015,junk,,,,
ia_bim_eighteenth-century_outlines-of-the-natural-_berkenhout-john_1769_1,931,0.00155,junk,,,,
ia_bim_eighteenth-century_outlines-of-the-natural-_berkenhout-john_1769_1,932,0.00096,junk,,,,
ia_bim_eighteenth-century_outlines-of-the-natural-_berkenhout-john_1769_1,933,0.00019,junk,,,,
ia_bim_eighteenth-century_outlines-of-the-natural-_berkenhout-john_1769_1,934,0.00024,junk,,,,
ia_bim_eighteenth-century_outlines-of-the-natural-_berkenhout-john_1769_1,935,0.00722,junk,,,,
ia_bim_eighteenth-century_outlines-of-the-natural-_berkenhout-john_1769_1,936,0.0041,junk,,,,
ia_bim_eighteenth-century_outlines-of-the-natural-_berkenhout-john_1769_1,937,0.00516,junk,,,,
ia_bim_eighteenth-century_outlines-of-the-natural-_berkenhout-john_1769_1,938,0.10903,junk,,,,
ia_bim_eighteenth-century_outlines-of-the-natural-_berkenhout-john_1769_1,939,0.00259,junk,,,,
ia_bim_eighteenth-century_outlines-of-the-natural-_berkenhout-john_1769_1,940,0.00333,junk,,,,
ia_bim_eighteenth-century_outlines-of-the-natural-_berkenhout-john_1769_1,941,0.01289,junk,,,,
ia_bim_eighteenth-century_outlines-of-the-natural-_berkenhout-john_1769_1,942,0.01337,junk,,,,
ia_bim_eighteenth-century_outlines-of-the-natural-_berkenhout-john_1769_1,943,0.00574,junk,,,,
ia_bim_eighteenth-century_outlines-of-the-natural-_berkenhout-john_1769_1,944,0.01031,junk,,,,
ia_bim_eighteenth-century_outlines-of-the-natural-_berkenhout-john_1769_1,945,0.0096,junk,,,,
ia_bim_eighteenth-century_outlines-of-the-natural-_berkenhout-john_1769_1,946,1e-05,junk,,,,
ia_bim_eighteenth-century_outlines-of-the-natural-_berkenhout-john_1769_1,947,0.0065,junk,,,,
ia_bim_eighteenth-century_outlines-of-the-natural-_berkenhout-john_1769_1,948,0.06465,junk,,,,
ia_bim_eighteenth-century_outlines-of-the-natural-_berkenhout-john_1769_1,949,0.00184,junk,,,,
ia_bim_eighteenth-century_outlines-of-the-natural-_berkenhout-john_1769_1,950,0.00253,junk,,,,
ia_bim_eighteenth-century_outlines-of-the-natural-_berkenhout-john_1769_1,951,0.00298,junk,,,,
ia_bim_eighteenth-century_outlines-of-the-natural-_berkenhout-john_1769_1,952,0.00195,junk,,,,
ia_bim_eighteenth-century_outlines-of-the-natural-_berkenhout-john_1769_1,953,0.00499,junk,,,,
ia_bim_eighteenth-century_outlines-of-the-natural-_berkenhout-john_1769_1,954,0.24293,junk,,,,
ia_bim_eighteenth-century_outlines-of-the-natural-_berkenhout-john_1769_1,955,0.03619,junk,,,,
ia_bim_eighteenth-century_outlines-of-the-natural-_berkenhout-john_1769_1,956,0.01182,junk,,,,
ia_bim_eighteenth-century_outlines-of-the-natural-_berkenhout-john_1769_1,957,0.00199,junk,,,,
ia_bim_eighteenth-century_outlines-of-the-natural-_berkenhout-john_1769_1,958,0.00017,junk,,,,
ia_bim_eighteenth-century_outlines-of-the-natural-_berkenhout-john_1769_1,959,0.0107,junk,,,,
ia_bim_eighteenth-century_outlines-of-the-natural-_berkenhout-john_1769_1,960,0.00365,junk,,,,
ia_bim_eighteenth-century_outlines-of-the-natural-_berkenhout-john_1769_1,961,0.00243,junk,,,,
ia_bim_eighteenth-century_outlines-of-the-natural-_berkenhout-john_1769_1,962,0.0005,junk,,,,
ia_bim_eighteenth-century_outlines-of-the-natural-_berkenhout-john_1769_1,963,0.0005,junk,,,,
ia_bim_eighteenth-century_outlines-of-the-natural-_berkenhout-john_1769_1,964,0.00201,junk,,,,
ia_bim_eighteenth-century_outlines-of-the-natural-_berkenhout-john_1769_1,965,0.00079,junk,,,,
ia_bim_eighteenth-century_outlines-of-the-natural-_berkenhout-john_1769_1,966,0.08242,junk,,,,
ia_bim_eighteenth-century_outlines-of-the-natural-_berkenhout-john_1769_1,967,0.00326,junk,,,,
ia_bim_eighteenth-century_outlines-of-the-natural-_berkenhout-john_1769_1,968,0.22622,junk,,,,
ia_bim_eighteenth-century_outlines-of-the-natural-_berkenhout-john_1769_1,969,0.00309,junk,,,,
ia_bim_eighteenth-century_outlines-of-the-natural-_berkenhout-john_1769_1,970,0.02664,junk,,,,
ia_bim_eighteenth-century_outlines-of-the-natural-_berkenhout-john_1769_1,971,0.03419,junk,,,,
ia_bim_eighteenth-century_outlines-of-the-natural-_berkenhout-john_1769_1,972,0.00105,junk,,,,
ia_bim_eighteenth-century_outlines-of-the-natural-_berkenhout-john_1769_1,973,0.00413,junk,,,,
ia_bim_eighteenth-century_outlines-of-the-natural-_berkenhout-john_1769_1,974,0.00064,junk,,,,
ia_bim_eighteenth-century_outlines-of-the-natural-_berkenhout-john_1769_1,975,0.0001,junk,,,,
ia_bim_eighteenth-century_outlines-of-the-natural-_berkenhout-john_1769_1,976,0.1433,junk,,,,
ia_bim_eighteenth-century_outlines-of-the-natural-_berkenhout-john_1769_1,977,8e-05,junk,,,,
ia_bim_eighteenth-century_outlines-of-the-natural-_berkenhout-john_1769_1,978,0.00023,junk,,,,
ia_bim_eighteenth-century_outlines-of-the-natural-_berkenhout-john_1769_1,979,0.00049,junk,,,,
ia_bim_eighteenth-century_outlines-of-the-natural-_berkenhout-john_1769_1,980,0.03239,junk,,,,
ia_bim_eighteenth-century_outlines-of-the-natural-_berkenhout-john_1769_1,981,0.0004,junk,,,,
ia_bim_eighteenth-century_outlines-of-the-natural-_berkenhout-john_1769_1,982,0.00131,junk,,,,
ia_bim_eighteenth-century_outlines-of-the-natural-_berkenhout-john_1769_1,983,0.0061,junk,,,,
ia_bim_eighteenth-century_outlines-of-the-natural-_berkenhout-john_1769_1,984,0.00259,junk,,,,
ia_bim_eighteenth-century_outlines-of-the-natural-_berkenhout-john_1769_1,985,0.011,junk,,,,
ia_bim_eighteenth-century_outlines-of-the-natural-_berkenhout-john_1769_1,986,0.0009,junk,,,,
ia_bim_eighteenth-century_outlines-of-the-natural-_berkenhout-john_1769_1,987,0.00547,junk,,,,
ia_bim_eighteenth-century_outlines-of-the-natural-_berkenhout-john_1769_1,988,0.01604,junk,,,,
ia_bim_eighteenth-century_outlines-of-the-natural-_berkenhout-john_1769_1,989,0.02578,junk,,,,
ia_bim_eighteenth-century_outlines-of-the-natural-_berkenhout-john_1769_1,990,0.00272,junk,,,,
ia_bim_eighteenth-century_outlines-of-the-natural-_berkenhout-john_1769_1,991,0.01779,junk,,,,
ia_bim_eighteenth-century_outlines-of-the-natural-_berkenhout-john_1769_1,992,0.00843,junk,,,,
ia_bim_eighteenth-century_outlines-of-the-natural-_berkenhout-john_1769_1,993,0.04328,junk,,,,
ia_bim_eighteenth-century_outlines-of-the-natural-_berkenhout-john_1769_1,994,0.00226,junk,,,,
ia_bim_eighteenth-century_outlines-of-the-natural-_berkenhout-john_1769_1,995,0.00048,junk,,,,
ia_bim_eighteenth-century_outlines-of-the-natural-_berkenhout-john_1769_1,996,0.23856,junk,,,,
ia_bim_eighteenth-century_outlines-of-the-natural-_berkenhout-john_1769_1,997,0.00132,junk,,,,
ia_bim_eighteenth-century_outlines-of-the-natural-_berkenhout-john_1769_1,998,0.00016,junk,,,,
ia_bim_eighteenth-century_outlines-of-the-natural-_berkenhout-john_1769_1,999,0.00103,junk,,,,
ia_bim_eighteenth-century_outlines-of-the-natural-_berkenhout-john_1769_1,1000,0.00058,junk,,,,
ia_bim_eighteenth-century_outlines-of-the-natural-_berkenhout-john_1769_1,1001,0.00069,junk,,,,
ia_bim_eighteenth-century_outlines-of-the-natural-_berkenhout-john_1769_1,1002,0.04084,junk,,,,
ia_bim_eighteenth-century_outlines-of-the-natural-_berkenhout-john_1769_1,1003,0.00042,junk,,,,
ia_bim_eighteenth-century_outlines-of-the-natural-_berkenhout-john_1769_1,1004,0.00121,junk,,,,
ia_bim_eighteenth-century_outlines-of-the-natural-_berkenhout-john_1769_1,1005,0.00118,junk,,,,
ia_bim_eighteenth-century_outlines-of-the-natural-_berkenhout-john_1769_1,1006,0.00152,junk,,,,
ia_bim_eighteenth-century_outlines-of-the-natural-_berkenhout-john_1769_1,1007,0.00128,junk,,,,
ia_bim_eighteenth-century_outlines-of-the-natural-_berkenhout-john_1769_1,1008,0.00185,junk,,,,
ia_bim_eighteenth-century_outlines-of-the-natural-_berkenhout-john_1769_1,1009,0.22015,junk,,,,
ia_bim_eighteenth-century_outlines-of-the-natural-_berkenhout-john_1769_1,1010,0.00522,junk,,,,
ia_bim_eighteenth-century_outlines-of-the-natural-_berkenhout-john_1769_1,1011,0.049,junk,,,,
ia_bim_eighteenth-century_outlines-of-the-natural-_berkenhout-john_1769_1,1012,0.50066,non_junk,internal_essence,0.00204,0.20376,0.7942
ia_bim_eighteenth-century_outlines-of-the-natural-_berkenhout-john_1769_1,1013,0.03031,junk,,,,
ia_bim_eighteenth-century_outlines-of-the-natural-_berkenhout-john_1769_1,1014,0.00182,junk,,,,
ia_bim_eighteenth-century_outlines-of-the-natural-_berkenhout-john_1769_1,1015,0.00374,junk,,,,
ia_bim_eighteenth-century_outlines-of-the-natural-_berkenhout-john_1769_1,1016,0.06241,junk,,,,
ia_bim_eighteenth-century_outlines-of-the-natural-_berkenhout-john_1769_1,1017,0.0001,junk,,,,
ia_bim_eighteenth-century_outlines-of-the-natural-_berkenhout-john_1769_1,1018,0.03203,junk,,,,
ia_bim_eighteenth-century_outlines-of-the-natural-_berkenhout-john_1769_1,1019,0.00557,junk,,,,
ia_bim_eighteenth-century_outlines-of-the-natural-_berkenhout-john_1769_1,1020,0.01007,junk,,,,
ia_bim_eighteenth-century_outlines-of-the-natural-_berkenhout-john_1769_1,1021,0.00372,junk,,,,
ia_bim_eighteenth-century_outlines-of-the-natural-_berkenhout-john_1769_1,1022,0.0067,junk,,,,
ia_bim_eighteenth-century_outlines-of-the-natural-_berkenhout-john_1769_1,1023,0.00052,junk,,,,
ia_bim_eighteenth-century_outlines-of-the-natural-_berkenhout-john_1769_1,1024,0.02462,junk,,,,
ia_bim_eighteenth-century_outlines-of-the-natural-_berkenhout-john_1769_1,1025,0.00319,junk,,,,
ia_bim_eighteenth-century_outlines-of-the-natural-_berkenhout-john_1769_1,1026,0.06941,junk,,,,
ia_bim_eighteenth-century_outlines-of-the-natural-_berkenhout-john_1769_1,1027,0.00059,junk,,,,
ia_bim_eighteenth-century_outlines-of-the-natural-_berkenhout-john_1769_1,1028,0.07745,junk,,,,
ia_bim_eighteenth-century_outlines-of-the-natural-_berkenhout-john_1769_1,1029,0.00047,junk,,,,
ia_bim_eighteenth-century_outlines-of-the-natural-_berkenhout-john_1769_1,1030,0.00529,junk,,,,
ia_bim_eighteenth-century_outlines-of-the-natural-_berkenhout-john_1769_1,1031,0.00052,junk,,,,
ia_bim_eighteenth-century_outlines-of-the-natural-_berkenhout-john_1769_1,1032,0.0002,junk,,,,
ia_bim_eighteenth-century_outlines-of-the-natural-_berkenhout-john_1769_1,1033,0.42359,junk,,,,
ia_bim_eighteenth-century_outlines-of-the-natural-_berkenhout-john_1769_1,1034,0.00091,junk,,,,
ia_bim_eighteenth-century_outlines-of-the-natural-_berkenhout-john_1769_1,1035,0.00263,junk,,,,
ia_bim_eighteenth-century_outlines-of-the-natural-_berkenhout-john_1769_1,1036,0.00394,junk,,,,
ia_bim_eighteenth-century_outlines-of-the-natural-_berkenhout-john_1769_1,1037,0.01569,junk,,,,
ia_bim_eighteenth-century_outlines-of-the-natural-_berkenhout-john_1769_1,1038,0.01569,junk,,,,
ia_bim_eighteenth-century_outlines-of-the-natural-_berkenhout-john_1769_1,1039,0.94899,non_junk,non_divine_teleology,0.01047,0.94507,0.04446
ia_bim_eighteenth-century_outlines-of-the-natural-_berkenhout-john_1769_1,1040,0.03655,junk,,,,
ia_bim_eighteenth-century_outlines-of-the-natural-_berkenhout-john_1769_1,1041,0.002,junk,,,,
ia_bim_eighteenth-century_outlines-of-the-natural-_berkenhout-john_1769_1,1042,0.09861,junk,,,,
ia_bim_eighteenth-century_outlines-of-the-natural-_berkenhout-john_1769_1,1043,0.01067,junk,,,,
ia_bim_eighteenth-century_outlines-of-the-natural-_berkenhout-john_1769_1,1044,0.86457,non_junk,non_divine_teleology,0.01989,0.84711,0.133
ia_bim_eighteenth-century_outlines-of-the-natural-_berkenhout-john_1769_1,1045,0.01738,junk,,,,
ia_bim_eighteenth-century_outlines-of-the-natural-_berkenhout-john_1769_1,1046,0.04558,junk,,,,
ia_bim_eighteenth-century_outlines-of-the-natural-_berkenhout-john_1769_1,1047,0.02728,junk,,,,
ia_bim_eighteenth-century_outlines-of-the-natural-_berkenhout-john_1769_1,1048,0.43172,junk,,,,
ia_bim_eighteenth-century_outlines-of-the-natural-_berkenhout-john_1769_1,1049,0.00046,junk,,,,
ia_bim_eighteenth-century_outlines-of-the-natural-_berkenhout-john_1769_1,1050,0.00105,junk,,,,
ia_bim_eighteenth-century_outlines-of-the-natural-_berkenhout-john_1769_1,1051,0.003,junk,,,,
ia_bim_eighteenth-century_outlines-of-the-natural-_berkenhout-john_1769_1,1052,0.00425,junk,,,,
ia_bim_eighteenth-century_outlines-of-the-natural-_berkenhout-john_1769_1,1053,0.01633,junk,,,,
ia_bim_eighteenth-century_outlines-of-the-natural-_berkenhout-john_1769_1,1054,0.00139,junk,,,,
ia_bim_eighteenth-century_outlines-of-the-natural-_berkenhout-john_1769_1,1055,0.08495,junk,,,,
ia_bim_eighteenth-century_outlines-of-the-natural-_berkenhout-john_1769_1,1056,0.03133,junk,,,,
ia_bim_eighteenth-century_outlines-of-the-natural-_berkenhout-john_1769_1,1057,0.04694,junk,,,,
ia_bim_eighteenth-century_outlines-of-the-natural-_berkenhout-john_1769_1,1058,0.00839,junk,,,,
ia_bim_eighteenth-century_outlines-of-the-natural-_berkenhout-john_1769_1,1059,0.00127,junk,,,,
ia_bim_eighteenth-century_outlines-of-the-natural-_berkenhout-john_1769_1,1060,0.00322,junk,,,,
ia_bim_eighteenth-century_outlines-of-the-natural-_berkenhout-john_1769_1,1061,0.01063,junk,,,,
ia_bim_eighteenth-century_outlines-of-the-natural-_berkenhout-john_1769_1,1062,0.00284,junk,,,,
ia_bim_eighteenth-century_outlines-of-the-natural-_berkenhout-john_1769_1,1063,0.0067,junk,,,,
ia_bim_eighteenth-century_outlines-of-the-natural-_berkenhout-john_1769_1,1064,0.00275,junk,,,,
ia_bim_eighteenth-century_outlines-of-the-natural-_berkenhout-john_1769_1,1065,0.00235,junk,,,,
ia_bim_eighteenth-century_outlines-of-the-natural-_berkenhout-john_1769_1,1066,0.01987,junk,,,,
ia_bim_eighteenth-century_outlines-of-the-natural-_berkenhout-john_1769_1,1067,0.00029,junk,,,,
ia_bim_eighteenth-century_outlines-of-the-natural-_berkenhout-john_1769_1,1068,0.00111,junk,,,,
ia_bim_eighteenth-century_outlines-of-the-natural-_berkenhout-john_1769_1,1069,0.01772,junk,,,,
ia_bim_eighteenth-century_outlines-of-the-natural-_berkenhout-john_1769_1,1070,0.25599,junk,,,,
ia_bim_eighteenth-century_outlines-of-the-natural-_berkenhout-john_1769_1,1071,0.04709,junk,,,,
ia_bim_eighteenth-century_outlines-of-the-natural-_berkenhout-john_1769_1,1072,0.00289,junk,,,,
ia_bim_eighteenth-century_outlines-of-the-natural-_berkenhout-john_1769_1,1073,0.09567,junk,,,,
ia_bim_eighteenth-century_outlines-of-the-natural-_berkenhout-john_1769_1,1074,0.63019,non_junk,internal_essence,0.00617,0.36856,0.62528
ia_bim_eighteenth-century_outlines-of-the-natural-_berkenhout-john_1769_1,1075,0.00204,junk,,,,
ia_bim_eighteenth-century_outlines-of-the-natural-_berkenhout-john_1769_1,1076,0.03765,junk,,,,
ia_bim_eighteenth-century_outlines-of-the-natural-_berkenhout-john_1769_1,1077,0.00766,junk,,,,
ia_bim_eighteenth-century_outlines-of-the-natural-_berkenhout-john_1769_1,1078,0.0376,junk,,,,
ia_bim_eighteenth-century_outlines-of-the-natural-_berkenhout-john_1769_1,1079,0.35409,junk,,,,
ia_bim_eighteenth-century_outlines-of-the-natural-_berkenhout-john_1769_1,1080,0.00056,junk,,,,
ia_bim_eighteenth-century_outlines-of-the-natural-_berkenhout-john_1769_1,1081,0.02755,junk,,,,
ia_bim_eighteenth-century_outlines-of-the-natural-_berkenhout-john_1769_1,1082,0.00594,junk,,,,
ia_bim_eighteenth-century_outlines-of-the-natural-_berkenhout-john_1769_1,1083,0.01717,junk,,,,
ia_bim_eighteenth-century_outlines-of-the-natural-_berkenhout-john_1769_1,1084,0.00106,junk,,,,
ia_bim_eighteenth-century_outlines-of-the-natural-_berkenhout-john_1769_1,1085,0.00029,junk,,,,
ia_bim_eighteenth-century_outlines-of-the-natural-_berkenhout-john_1769_1,1086,0.00253,junk,,,,
ia_bim_eighteenth-century_outlines-of-the-natural-_berkenhout-john_1769_1,1087,0.0013,junk,,,,
ia_bim_eighteenth-century_outlines-of-the-natural-_berkenhout-john_1769_1,1088,0.37626,junk,,,,
ia_bim_eighteenth-century_outlines-of-the-natural-_berkenhout-john_1769_1,1089,0.09038,junk,,,,
ia_bim_eighteenth-century_outlines-of-the-natural-_berkenhout-john_1769_1,1090,0.00404,junk,,,,
ia_bim_eighteenth-century_outlines-of-the-natural-_berkenhout-john_1769_1,1091,0.00644,junk,,,,
ia_bim_eighteenth-century_outlines-of-the-natural-_berkenhout-john_1769_1,1092,0.07158,junk,,,,
ia_bim_eighteenth-century_outlines-of-the-natural-_berkenhout-john_1769_1,1093,0.00558,junk,,,,
ia_bim_eighteenth-century_outlines-of-the-natural-_berkenhout-john_1769_1,1094,0.0001,junk,,,,
ia_bim_eighteenth-century_outlines-of-the-natural-_berkenhout-john_1769_1,1095,0.00084,junk,,,,
ia_bim_eighteenth-century_outlines-of-the-natural-_berkenhout-john_1769_1,1096,0.00184,junk,,,,
ia_bim_eighteenth-century_outlines-of-the-natural-_berkenhout-john_1769_1,1097,0.02399,junk,,,,
ia_bim_eighteenth-century_outlines-of-the-natural-_berkenhout-john_1769_1,1098,0.36604,junk,,,,
ia_bim_eighteenth-century_outlines-of-the-natural-_berkenhout-john_1769_1,1099,0.00422,junk,,,,
ia_bim_eighteenth-century_outlines-of-the-natural-_berkenhout-john_1769_1,1100,0.00081,junk,,,,
ia_bim_eighteenth-century_outlines-of-the-natural-_berkenhout-john_1769_1,1101,0.00232,junk,,,,
ia_bim_eighteenth-century_outlines-of-the-natural-_berkenhout-john_1769_1,1102,0.00232,junk,,,,
ia_bim_eighteenth-century_outlines-of-the-natural-_berkenhout-john_1769_1,1103,0.00098,junk,,,,
ia_bim_eighteenth-century_outlines-of-the-natural-_berkenhout-john_1769_1,1104,0.0017,junk,,,,
ia_bim_eighteenth-century_outlines-of-the-natural-_berkenhout-john_1769_1,1105,0.11747,junk,,,,
ia_bim_eighteenth-century_outlines-of-the-natural-_berkenhout-john_1769_1,1106,0.11362,junk,,,,
ia_bim_eighteenth-century_outlines-of-the-natural-_berkenhout-john_1769_1,1107,0.01745,junk,,,,
ia_bim_eighteenth-century_outlines-of-the-natural-_berkenhout-john_1769_1,1108,0.01055,junk,,,,
ia_bim_eighteenth-century_outlines-of-the-natural-_berkenhout-john_1769_1,1109,0.02615,junk,,,,
ia_bim_eighteenth-century_outlines-of-the-natural-_berkenhout-john_1769_1,1110,0.0009,junk,,,,
ia_bim_eighteenth-century_outlines-of-the-natural-_berkenhout-john_1769_1,1111,0.23975,junk,,,,
ia_bim_eighteenth-century_outlines-of-the-natural-_berkenhout-john_1769_1,1112,0.00207,junk,,,,
ia_bim_eighteenth-century_outlines-of-the-natural-_berkenhout-john_1769_1,1113,0.00332,junk,,,,
ia_bim_eighteenth-century_outlines-of-the-natural-_berkenhout-john_1769_1,1114,0.00015,junk,,,,
ia_bim_eighteenth-century_outlines-of-the-natural-_berkenhout-john_1769_1,1115,0.96622,non_junk,internal_essence,0.00678,0.25171,0.74151
ia_bim_eighteenth-century_outlines-of-the-natural-_berkenhout-john_1769_1,1116,0.21885,junk,,,,
ia_bim_eighteenth-century_outlines-of-the-natural-_berkenhout-john_1769_1,1117,0.35688,junk,,,,
ia_bim_eighteenth-century_outlines-of-the-natural-_berkenhout-john_1769_1,1118,0.00224,junk,,,,
ia_bim_eighteenth-century_outlines-of-the-natural-_berkenhout-john_1769_1,1119,0.01049,junk,,,,
ia_bim_eighteenth-century_outlines-of-the-natural-_berkenhout-john_1769_1,1120,0.0058,junk,,,,
ia_bim_eighteenth-century_outlines-of-the-natural-_berkenhout-john_1769_1,1121,0.19529,junk,,,,
ia_bim_eighteenth-century_outlines-of-the-natural-_berkenhout-john_1769_1,1122,0.00193,junk,,,,
ia_bim_eighteenth-century_outlines-of-the-natural-_berkenhout-john_1769_1,1123,0.05541,junk,,,,
ia_bim_eighteenth-century_outlines-of-the-natural-_berkenhout-john_1769_1,1124,0.00537,junk,,,,
ia_bim_eighteenth-century_outlines-of-the-natural-_berkenhout-john_1769_1,1125,0.00527,junk,,,,
ia_bim_eighteenth-century_outlines-of-the-natural-_berkenhout-john_1769_1,1126,0.60748,non_junk,internal_essence,0.0088,0.35435,0.63685
ia_bim_eighteenth-century_outlines-of-the-natural-_berkenhout-john_1769_1,1127,0.01195,junk,,,,
ia_bim_eighteenth-century_outlines-of-the-natural-_berkenhout-john_1769_1,1128,0.34039,junk,,,,
ia_bim_eighteenth-century_outlines-of-the-natural-_berkenhout-john_1769_1,1129,0.02522,junk,,,,
ia_bim_eighteenth-century_outlines-of-the-natural-_berkenhout-john_1769_1,1130,0.00653,junk,,,,
ia_bim_eighteenth-century_outlines-of-the-natural-_berkenhout-john_1769_1,1131,0.00816,junk,,,,
ia_bim_eighteenth-century_outlines-of-the-natural-_berkenhout-john_1769_1,1132,0.01699,junk,,,,
ia_bim_eighteenth-century_outlines-of-the-natural-_berkenhout-john_1769_1,1133,0.00093,junk,,,,
ia_bim_eighteenth-century_outlines-of-the-natural-_berkenhout-john_1769_1,1134,0.00148,junk,,,,
ia_bim_eighteenth-century_outlines-of-the-natural-_berkenhout-john_1769_1,1135,0.00254,junk,,,,
ia_bim_eighteenth-century_outlines-of-the-natural-_berkenhout-john_1769_1,1136,0.00555,junk,,,,
ia_bim_eighteenth-century_outlines-of-the-natural-_berkenhout-john_1769_1,1137,0.0001,junk,,,,
ia_bim_eighteenth-century_outlines-of-the-natural-_berkenhout-john_1769_1,1138,0.00264,junk,,,,
ia_bim_eighteenth-century_outlines-of-the-natural-_berkenhout-john_1769_1,1139,0.00038,junk,,,,
ia_bim_eighteenth-century_outlines-of-the-natural-_berkenhout-john_1769_1,1140,0.01179,junk,,,,
ia_bim_eighteenth-century_outlines-of-the-natural-_berkenhout-john_1769_1,1141,0.00049,junk,,,,
ia_bim_eighteenth-century_outlines-of-the-natural-_berkenhout-john_1769_1,1142,0.00049,junk,,,,
ia_bim_eighteenth-century_outlines-of-the-natural-_berkenhout-john_1769_1,1143,0.00015,junk,,,,
ia_bim_eighteenth-century_outlines-of-the-natural-_berkenhout-john_1769_1,1144,0.00027,junk,,,,
ia_bim_eighteenth-century_outlines-of-the-natural-_berkenhout-john_1769_1,1145,0.01907,junk,,,,
ia_bim_eighteenth-century_outlines-of-the-natural-_berkenhout-john_1769_1,1146,0.00073,junk,,,,
ia_bim_eighteenth-century_outlines-of-the-natural-_berkenhout-john_1769_1,1147,0.0018,junk,,,,
ia_bim_eighteenth-century_outlines-of-the-natural-_berkenhout-john_1769_1,1148,0.00023,junk,,,,
ia_bim_eighteenth-century_outlines-of-the-natural-_berkenhout-john_1769_1,1149,0.00063,junk,,,,
ia_bim_eighteenth-century_outlines-of-the-natural-_berkenhout-john_1769_1,1150,0.00106,junk,,,,
ia_bim_eighteenth-century_outlines-of-the-natural-_berkenhout-john_1769_1,1151,0.02015,junk,,,,
ia_bim_eighteenth-century_outlines-of-the-natural-_berkenhout-john_1769_1,1152,0.00215,junk,,,,
