uid,sent_id,gate_prob_nonjunk,gate_pred,s2_pred,s2_p_divine_teleology,s2_p_non_divine_teleology,s2_p_internal_essence
ia_bim_eighteenth-century_a-new-and-accurate-syste_brookes-richard-md_1771_2,1,0.02186,junk,,,,
ia_bim_eighteenth-century_a-new-and-accurate-syste_brookes-richard-md_1771_2,2,0.00062,junk,,,,
ia_bim_eighteenth-century_a-new-and-accurate-syste_brookes-richard-md_1771_2,3,0.00142,junk,,,,
ia_bim_eighteenth-century_a-new-and-accurate-syste_brookes-richard-md_1771_2,4,0.00142,junk,,,,
ia_bim_eighteenth-century_a-new-and-accurate-syste_brookes-richard-md_1771_2,5,0.03535,junk,,,,
ia_bim_eighteenth-century_a-new-and-accurate-syste_brookes-richard-md_1771_2,6,5e-05,junk,,,,
ia_bim_eighteenth-century_a-new-and-accurate-syste_brookes-richard-md_1771_2,7,0.12067,junk,,,,
ia_bim_eighteenth-century_a-new-and-accurate-syste_brookes-richard-md_1771_2,8,0.00272,junk,,,,
ia_bim_eighteenth-century_a-new-and-accurate-syste_brookes-richard-md_1771_2,9,0.00321,junk,,,,
ia_bim_eighteenth-century_a-new-and-accurate-syste_brookes-richard-md_1771_2,10,0.00032,junk,,,,
ia_bim_eighteenth-century_a-new-and-accurate-syste_brookes-richard-md_1771_2,11,0.00727,junk,,,,
ia_bim_eighteenth-century_a-new-and-accurate-syste_brookes-richard-md_1771_2,12,0.00055,junk,,,,
ia_bim_eighteenth-century_a-new-and-accurate-syste_brookes-richard-md_1771_2,13,0.00173,junk,,,,
ia_bim_eighteenth-century_a-new-and-accurate-syste_brookes-richard-md_1771_2,14,0.9999,non_junk,non_divine_teleology,0.01096,0.98351,0.00552
ia_bim_eighteenth-century_a-new-and-accurate-syste_brookes-richard-md_1771_2,15,0.99941,non_junk,non_divine_teleology,0.01957,0.96212,0.01831
ia_bim_eighteenth-century_a-new-and-accurate-syste_brookes-richard-md_1771_2,16,0.98809,non_junk,non_divine_teleology,0.11653,0.83098,0.05249
ia_bim_eighteenth-century_a-new-and-accurate-syste_brookes-richard-md_1771_2,17,0.5795,non_junk,non_divine_teleology,0.00352,0.98441,0.01207
ia_bim_eighteenth-century_a-new-and-accurate-syste_brookes-richard-md_1771_2,18,0.99191,non_junk,non_divine_teleology,0.01227,0.94877,0.03896
ia_bim_eighteenth-century_a-new-and-accurate-syste_brookes-richard-md_1771_2,19,0.6581,non_junk,non_divine_teleology,0.00597,0.97763,0.01639
ia_bim_eighteenth-century_a-new-and-accurate-syste_brookes-richard-md_1771_2,20,0.29606,junk,,,,
ia_bim_eighteenth-century_a-new-and-accurate-syste_brookes-richard-md_1771_2,21,0.06326,junk,,,,
ia_bim_eighteenth-century_a-new-and-accurate-syste_brookes-richard-md_1771_2,22,0.06918,junk,,,,
ia_bim_eighteenth-century_a-new-and-accurate-syste_brookes-richard-md_1771_2,23,0.0027,junk,,,,
ia_bim_eighteenth-century_a-new-and-accurate-syste_brookes-richard-md_1771_2,24,0.00103,junk,,,,
ia_bim_eighteenth-century_a-new-and-accurate-syste_brookes-richard-md_1771_2,25,0.03797,junk,,,,
ia_bim_eighteenth-century_a-new-and-accurate-syste_brookes-richard-md_1771_2,26,0.1617,junk,,,,
ia_bim_eighteenth-century_a-new-and-accurate-syste_brookes-richard-md_1771_2,27,0.00151,junk,,,,
ia_bim_eighteenth-century_a-new-and-accurate-syste_brookes-richard-md_1771_2,28,0.04912,junk,,,,
ia_bim_eighteenth-century_a-new-and-accurate-syste_brookes-richard-md_1771_2,29,0.12534,junk,,,,
ia_bim_eighteenth-century_a-new-and-accurate-syste_brookes-richard-md_1771_2,30,0.79497,non_junk,non_divine_teleology,0.00594,0.98361,0.01045
ia_bim_eighteenth-century_a-new-and-accurate-syste_brookes-richard-md_1771_2,31,0.15892,junk,,,,
ia_bim_eighteenth-century_a-new-and-accurate-syste_brookes-richard-md_1771_2,32,9e-05,junk,,,,
ia_bim_eighteenth-century_a-new-and-accurate-syste_brookes-richard-md_1771_2,33,0.3356,junk,,,,
ia_bim_eighteenth-century_a-new-and-accurate-syste_brookes-richard-md_1771_2,34,0.58447,non_junk,internal_essence,0.00471,0.23988,0.75541
ia_bim_eighteenth-century_a-new-and-accurate-syste_brookes-richard-md_1771_2,35,0.0298,junk,,,,
ia_bim_eighteenth-century_a-new-and-accurate-syste_brookes-richard-md_1771_2,36,0.58447,non_junk,internal_essence,0.00471,0.23988,0.75541
ia_bim_eighteenth-century_a-new-and-accurate-syste_brookes-richard-md_1771_2,37,0.01282,junk,,,,
ia_bim_eighteenth-century_a-new-and-accurate-syste_brookes-richard-md_1771_2,38,0.03492,junk,,,,
ia_bim_eighteenth-century_a-new-and-accurate-syste_brookes-richard-md_1771_2,39,0.02237,junk,,,,
ia_bim_eighteenth-century_a-new-and-accurate-syste_brookes-richard-md_1771_2,40,0.00281,junk,,,,
ia_bim_eighteenth-century_a-new-and-accurate-syste_brookes-richard-md_1771_2,41,0.8078,non_junk,non_divine_teleology,0.01318,0.95521,0.03161
ia_bim_eighteenth-century_a-new-and-accurate-syste_brookes-richard-md_1771_2,42,0.00801,junk,,,,
ia_bim_eighteenth-century_a-new-and-accurate-syste_brookes-richard-md_1771_2,43,0.00221,junk,,,,
ia_bim_eighteenth-century_a-new-and-accurate-syste_brookes-richard-md_1771_2,44,0.014,junk,,,,
ia_bim_eighteenth-century_a-new-and-accurate-syste_brookes-richard-md_1771_2,45,0.00069,junk,,,,
ia_bim_eighteenth-century_a-new-and-accurate-syste_brookes-richard-md_1771_2,46,0.00582,junk,,,,
ia_bim_eighteenth-century_a-new-and-accurate-syste_brookes-richard-md_1771_2,47,0.00221,junk,,,,
ia_bim_eighteenth-century_a-new-and-accurate-syste_brookes-richard-md_1771_2,48,0.014,junk,,,,
ia_bim_eighteenth-century_a-new-and-accurate-syste_brookes-richard-md_1771_2,49,0.00069,junk,,,,
ia_bim_eighteenth-century_a-new-and-accurate-syste_brookes-richard-md_1771_2,50,0.00579,junk,,,,
ia_bim_eighteenth-century_a-new-and-accurate-syste_brookes-richard-md_1771_2,51,0.27257,junk,,,,
ia_bim_eighteenth-century_a-new-and-accurate-syste_brookes-richard-md_1771_2,52,0.31592,junk,,,,
ia_bim_eighteenth-century_a-new-and-accurate-syste_brookes-richard-md_1771_2,53,0.27106,junk,,,,
ia_bim_eighteenth-century_a-new-and-accurate-syste_brookes-richard-md_1771_2,54,0.00043,junk,,,,
ia_bim_eighteenth-century_a-new-and-accurate-syste_brookes-richard-md_1771_2,55,0.10249,junk,,,,
ia_bim_eighteenth-century_a-new-and-accurate-syste_brookes-richard-md_1771_2,56,0.00349,junk,,,,
ia_bim_eighteenth-century_a-new-and-accurate-syste_brookes-richard-md_1771_2,57,0.05352,junk,,,,
ia_bim_eighteenth-century_a-new-and-accurate-syste_brookes-richard-md_1771_2,58,0.00269,junk,,,,
ia_bim_eighteenth-century_a-new-and-accurate-syste_brookes-richard-md_1771_2,59,0.23102,junk,,,,
ia_bim_eighteenth-century_a-new-and-accurate-syste_brookes-richard-md_1771_2,60,0.19029,junk,,,,
ia_bim_eighteenth-century_a-new-and-accurate-syste_brookes-richard-md_1771_2,61,0.49634,junk,,,,
ia_bim_eighteenth-century_a-new-and-accurate-syste_brookes-richard-md_1771_2,62,0.91871,non_junk,non_divine_teleology,0.01053,0.93939,0.05009
ia_bim_eighteenth-century_a-new-and-accurate-syste_brookes-richard-md_1771_2,63,0.00459,junk,,,,
ia_bim_eighteenth-century_a-new-and-accurate-syste_brookes-richard-md_1771_2,64,0.98898,non_junk,non_divine_teleology,0.00578,0.97925,0.01498
ia_bim_eighteenth-century_a-new-and-accurate-syste_brookes-richard-md_1771_2,65,0.07636,junk,,,,
ia_bim_eighteenth-century_a-new-and-accurate-syste_brookes-richard-md_1771_2,66,0.98898,non_junk,non_divine_teleology,0.00578,0.97925,0.01498
ia_bim_eighteenth-century_a-new-and-accurate-syste_brookes-richard-md_1771_2,67,0.23973,junk,,,,
ia_bim_eighteenth-century_a-new-and-accurate-syste_brookes-richard-md_1771_2,68,0.04472,junk,,,,
ia_bim_eighteenth-century_a-new-and-accurate-syste_brookes-richard-md_1771_2,69,0.01136,junk,,,,
ia_bim_eighteenth-century_a-new-and-accurate-syste_brookes-richard-md_1771_2,70,0.05415,junk,,,,
ia_bim_eighteenth-century_a-new-and-accurate-syste_brookes-richard-md_1771_2,71,0.04472,junk,,,,
ia_bim_eighteenth-century_a-new-and-accurate-syste_brookes-richard-md_1771_2,72,0.01136,junk,,,,
ia_bim_eighteenth-century_a-new-and-accurate-syste_brookes-richard-md_1771_2,73,0.44876,junk,,,,
ia_bim_eighteenth-century_a-new-and-accurate-syste_brookes-richard-md_1771_2,74,0.58731,non_junk,non_divine_teleology,0.01093,0.90576,0.08331
ia_bim_eighteenth-century_a-new-and-accurate-syste_brookes-richard-md_1771_2,75,0.70974,non_junk,non_divine_teleology,0.01163,0.94408,0.0443
ia_bim_eighteenth-century_a-new-and-accurate-syste_brookes-richard-md_1771_2,76,0.22466,junk,,,,
ia_bim_eighteenth-century_a-new-and-accurate-syste_brookes-richard-md_1771_2,77,0.00029,junk,,,,
ia_bim_eighteenth-century_a-new-and-accurate-syste_brookes-richard-md_1771_2,78,0.08427,junk,,,,
ia_bim_eighteenth-century_a-new-and-accurate-syste_brookes-richard-md_1771_2,79,0.00026,junk,,,,
ia_bim_eighteenth-century_a-new-and-accurate-syste_brookes-richard-md_1771_2,80,0.01301,junk,,,,
ia_bim_eighteenth-century_a-new-and-accurate-syste_brookes-richard-md_1771_2,81,0.0472,junk,,,,
ia_bim_eighteenth-century_a-new-and-accurate-syste_brookes-richard-md_1771_2,82,0.14717,junk,,,,
ia_bim_eighteenth-century_a-new-and-accurate-syste_brookes-richard-md_1771_2,83,0.32118,junk,,,,
ia_bim_eighteenth-century_a-new-and-accurate-syste_brookes-richard-md_1771_2,84,0.01741,junk,,,,
ia_bim_eighteenth-century_a-new-and-accurate-syste_brookes-richard-md_1771_2,85,0.01977,junk,,,,
ia_bim_eighteenth-century_a-new-and-accurate-syste_brookes-richard-md_1771_2,86,0.37961,junk,,,,
ia_bim_eighteenth-century_a-new-and-accurate-syste_brookes-richard-md_1771_2,87,0.25454,junk,,,,
ia_bim_eighteenth-century_a-new-and-accurate-syste_brookes-richard-md_1771_2,88,0.00195,junk,,,,
ia_bim_eighteenth-century_a-new-and-accurate-syste_brookes-richard-md_1771_2,89,0.15364,junk,,,,
ia_bim_eighteenth-century_a-new-and-accurate-syste_brookes-richard-md_1771_2,90,0.33606,junk,,,,
ia_bim_eighteenth-century_a-new-and-accurate-syste_brookes-richard-md_1771_2,91,0.01506,junk,,,,
ia_bim_eighteenth-century_a-new-and-accurate-syste_brookes-richard-md_1771_2,92,0.177,junk,,,,
ia_bim_eighteenth-century_a-new-and-accurate-syste_brookes-richard-md_1771_2,93,0.24703,junk,,,,
ia_bim_eighteenth-century_a-new-and-accurate-syste_brookes-richard-md_1771_2,94,0.02764,junk,,,,
ia_bim_eighteenth-century_a-new-and-accurate-syste_brookes-richard-md_1771_2,95,0.09452,junk,,,,
ia_bim_eighteenth-century_a-new-and-accurate-syste_brookes-richard-md_1771_2,96,0.08516,junk,,,,
ia_bim_eighteenth-century_a-new-and-accurate-syste_brookes-richard-md_1771_2,97,0.14433,junk,,,,
ia_bim_eighteenth-century_a-new-and-accurate-syste_brookes-richard-md_1771_2,98,0.00347,junk,,,,
ia_bim_eighteenth-century_a-new-and-accurate-syste_brookes-richard-md_1771_2,99,0.14433,junk,,,,
ia_bim_eighteenth-century_a-new-and-accurate-syste_brookes-richard-md_1771_2,100,0.00185,junk,,,,
ia_bim_eighteenth-century_a-new-and-accurate-syste_brookes-richard-md_1771_2,101,0.41697,junk,,,,
ia_bim_eighteenth-century_a-new-and-accurate-syste_brookes-richard-md_1771_2,102,1e-05,junk,,,,
ia_bim_eighteenth-century_a-new-and-accurate-syste_brookes-richard-md_1771_2,103,0.00134,junk,,,,
ia_bim_eighteenth-century_a-new-and-accurate-syste_brookes-richard-md_1771_2,104,0.0502,junk,,,,
ia_bim_eighteenth-century_a-new-and-accurate-syste_brookes-richard-md_1771_2,105,0.02459,junk,,,,
ia_bim_eighteenth-century_a-new-and-accurate-syste_brookes-richard-md_1771_2,106,0.04803,junk,,,,
ia_bim_eighteenth-century_a-new-and-accurate-syste_brookes-richard-md_1771_2,107,0.09602,junk,,,,
ia_bim_eighteenth-century_a-new-and-accurate-syste_brookes-richard-md_1771_2,108,0.7929,non_junk,non_divine_teleology,0.0116,0.94619,0.04221
ia_bim_eighteenth-century_a-new-and-accurate-syste_brookes-richard-md_1771_2,109,0.09602,junk,,,,
ia_bim_eighteenth-century_a-new-and-accurate-syste_brookes-richard-md_1771_2,110,0.7929,non_junk,non_divine_teleology,0.0116,0.94619,0.04221
ia_bim_eighteenth-century_a-new-and-accurate-syste_brookes-richard-md_1771_2,111,0.00429,junk,,,,
ia_bim_eighteenth-century_a-new-and-accurate-syste_brookes-richard-md_1771_2,112,0.70323,non_junk,non_divine_teleology,0.01047,0.94978,0.03976
ia_bim_eighteenth-century_a-new-and-accurate-syste_brookes-richard-md_1771_2,113,0.12411,junk,,,,
ia_bim_eighteenth-century_a-new-and-accurate-syste_brookes-richard-md_1771_2,114,0.06443,junk,,,,
ia_bim_eighteenth-century_a-new-and-accurate-syste_brookes-richard-md_1771_2,115,0.00428,junk,,,,
ia_bim_eighteenth-century_a-new-and-accurate-syste_brookes-richard-md_1771_2,116,9e-05,junk,,,,
ia_bim_eighteenth-century_a-new-and-accurate-syste_brookes-richard-md_1771_2,117,0.93691,non_junk,non_divine_teleology,0.05132,0.783,0.16568
ia_bim_eighteenth-century_a-new-and-accurate-syste_brookes-richard-md_1771_2,118,0.0332,junk,,,,
ia_bim_eighteenth-century_a-new-and-accurate-syste_brookes-richard-md_1771_2,119,0.36665,junk,,,,
ia_bim_eighteenth-century_a-new-and-accurate-syste_brookes-richard-md_1771_2,120,0.0332,junk,,,,
ia_bim_eighteenth-century_a-new-and-accurate-syste_brookes-richard-md_1771_2,121,0.11021,junk,,,,
ia_bim_eighteenth-century_a-new-and-accurate-syste_brookes-richard-md_1771_2,122,0.00862,junk,,,,
ia_bim_eighteenth-century_a-new-and-accurate-syste_brookes-richard-md_1771_2,123,0.07536,junk,,,,
ia_bim_eighteenth-century_a-new-and-accurate-syste_brookes-richard-md_1771_2,124,0.04585,junk,,,,
ia_bim_eighteenth-century_a-new-and-accurate-syste_brookes-richard-md_1771_2,125,0.13111,junk,,,,
ia_bim_eighteenth-century_a-new-and-accurate-syste_brookes-richard-md_1771_2,126,0.0777,junk,,,,
ia_bim_eighteenth-century_a-new-and-accurate-syste_brookes-richard-md_1771_2,127,0.95582,non_junk,non_divine_teleology,0.01509,0.9636,0.02131
ia_bim_eighteenth-century_a-new-and-accurate-syste_brookes-richard-md_1771_2,128,0.81202,non_junk,non_divine_teleology,0.0066,0.95283,0.04057
ia_bim_eighteenth-century_a-new-and-accurate-syste_brookes-richard-md_1771_2,129,0.95582,non_junk,non_divine_teleology,0.01509,0.9636,0.02131
ia_bim_eighteenth-century_a-new-and-accurate-syste_brookes-richard-md_1771_2,131,0.02474,junk,,,,
ia_bim_eighteenth-century_a-new-and-accurate-syste_brookes-richard-md_1771_2,132,0.09189,junk,,,,
ia_bim_eighteenth-century_a-new-and-accurate-syste_brookes-richard-md_1771_2,133,0.00935,junk,,,,
ia_bim_eighteenth-century_a-new-and-accurate-syste_brookes-richard-md_1771_2,134,0.08399,junk,,,,
ia_bim_eighteenth-century_a-new-and-accurate-syste_brookes-richard-md_1771_2,135,0.02074,junk,,,,
ia_bim_eighteenth-century_a-new-and-accurate-syste_brookes-richard-md_1771_2,136,5e-05,junk,,,,
ia_bim_eighteenth-century_a-new-and-accurate-syste_brookes-richard-md_1771_2,137,0.03354,junk,,,,
ia_bim_eighteenth-century_a-new-and-accurate-syste_brookes-richard-md_1771_2,138,5e-05,junk,,,,
ia_bim_eighteenth-century_a-new-and-accurate-syste_brookes-richard-md_1771_2,139,0.04326,junk,,,,
ia_bim_eighteenth-century_a-new-and-accurate-syste_brookes-richard-md_1771_2,140,0.8644,non_junk,internal_essence,0.01213,0.28501,0.70286
ia_bim_eighteenth-century_a-new-and-accurate-syste_brookes-richard-md_1771_2,141,0.84046,non_junk,non_divine_teleology,0.01395,0.88166,0.10439
ia_bim_eighteenth-century_a-new-and-accurate-syste_brookes-richard-md_1771_2,142,0.03246,junk,,,,
ia_bim_eighteenth-century_a-new-and-accurate-syste_brookes-richard-md_1771_2,143,0.00016,junk,,,,
ia_bim_eighteenth-century_a-new-and-accurate-syste_brookes-richard-md_1771_2,144,0.00047,junk,,,,
ia_bim_eighteenth-century_a-new-and-accurate-syste_brookes-richard-md_1771_2,145,0.00063,junk,,,,
ia_bim_eighteenth-century_a-new-and-accurate-syste_brookes-richard-md_1771_2,146,0.17443,junk,,,,
ia_bim_eighteenth-century_a-new-and-accurate-syste_brookes-richard-md_1771_2,147,0.01806,junk,,,,
ia_bim_eighteenth-century_a-new-and-accurate-syste_brookes-richard-md_1771_2,148,0.00069,junk,,,,
ia_bim_eighteenth-century_a-new-and-accurate-syste_brookes-richard-md_1771_2,149,0.00679,junk,,,,
ia_bim_eighteenth-century_a-new-and-accurate-syste_brookes-richard-md_1771_2,150,0.00046,junk,,,,
ia_bim_eighteenth-century_a-new-and-accurate-syste_brookes-richard-md_1771_2,151,0.07156,junk,,,,
ia_bim_eighteenth-century_a-new-and-accurate-syste_brookes-richard-md_1771_2,152,0.04701,junk,,,,
ia_bim_eighteenth-century_a-new-and-accurate-syste_brookes-richard-md_1771_2,153,0.03178,junk,,,,
ia_bim_eighteenth-century_a-new-and-accurate-syste_brookes-richard-md_1771_2,154,0.00014,junk,,,,
ia_bim_eighteenth-century_a-new-and-accurate-syste_brookes-richard-md_1771_2,155,0.02054,junk,,,,
ia_bim_eighteenth-century_a-new-and-accurate-syste_brookes-richard-md_1771_2,156,0.00043,junk,,,,
ia_bim_eighteenth-century_a-new-and-accurate-syste_brookes-richard-md_1771_2,157,0.00383,junk,,,,
ia_bim_eighteenth-century_a-new-and-accurate-syste_brookes-richard-md_1771_2,158,0.03393,junk,,,,
ia_bim_eighteenth-century_a-new-and-accurate-syste_brookes-richard-md_1771_2,159,0.01748,junk,,,,
ia_bim_eighteenth-century_a-new-and-accurate-syste_brookes-richard-md_1771_2,160,0.00271,junk,,,,
ia_bim_eighteenth-century_a-new-and-accurate-syste_brookes-richard-md_1771_2,161,0.01748,junk,,,,
ia_bim_eighteenth-century_a-new-and-accurate-syste_brookes-richard-md_1771_2,162,0.00259,junk,,,,
ia_bim_eighteenth-century_a-new-and-accurate-syste_brookes-richard-md_1771_2,163,0.48922,junk,,,,
ia_bim_eighteenth-century_a-new-and-accurate-syste_brookes-richard-md_1771_2,164,0.29793,junk,,,,
ia_bim_eighteenth-century_a-new-and-accurate-syste_brookes-richard-md_1771_2,165,0.00469,junk,,,,
ia_bim_eighteenth-century_a-new-and-accurate-syste_brookes-richard-md_1771_2,166,0.00083,junk,,,,
ia_bim_eighteenth-century_a-new-and-accurate-syste_brookes-richard-md_1771_2,167,0.00028,junk,,,,
ia_bim_eighteenth-century_a-new-and-accurate-syste_brookes-richard-md_1771_2,168,0.00503,junk,,,,
ia_bim_eighteenth-century_a-new-and-accurate-syste_brookes-richard-md_1771_2,169,0.00317,junk,,,,
ia_bim_eighteenth-century_a-new-and-accurate-syste_brookes-richard-md_1771_2,170,0.00259,junk,,,,
ia_bim_eighteenth-century_a-new-and-accurate-syste_brookes-richard-md_1771_2,171,0.02054,junk,,,,
ia_bim_eighteenth-century_a-new-and-accurate-syste_brookes-richard-md_1771_2,172,0.00563,junk,,,,
ia_bim_eighteenth-century_a-new-and-accurate-syste_brookes-richard-md_1771_2,173,0.00563,junk,,,,
ia_bim_eighteenth-century_a-new-and-accurate-syste_brookes-richard-md_1771_2,174,0.02825,junk,,,,
ia_bim_eighteenth-century_a-new-and-accurate-syste_brookes-richard-md_1771_2,175,0.98157,non_junk,non_divine_teleology,0.00443,0.76603,0.22954
ia_bim_eighteenth-century_a-new-and-accurate-syste_brookes-richard-md_1771_2,176,0.00047,junk,,,,
ia_bim_eighteenth-century_a-new-and-accurate-syste_brookes-richard-md_1771_2,177,0.12749,junk,,,,
ia_bim_eighteenth-century_a-new-and-accurate-syste_brookes-richard-md_1771_2,178,0.4373,junk,,,,
ia_bim_eighteenth-century_a-new-and-accurate-syste_brookes-richard-md_1771_2,180,0.11044,junk,,,,
ia_bim_eighteenth-century_a-new-and-accurate-syste_brookes-richard-md_1771_2,181,0.00576,junk,,,,
ia_bim_eighteenth-century_a-new-and-accurate-syste_brookes-richard-md_1771_2,182,0.00039,junk,,,,
ia_bim_eighteenth-century_a-new-and-accurate-syste_brookes-richard-md_1771_2,183,0.00011,junk,,,,
ia_bim_eighteenth-century_a-new-and-accurate-syste_brookes-richard-md_1771_2,184,0.00549,junk,,,,
ia_bim_eighteenth-century_a-new-and-accurate-syste_brookes-richard-md_1771_2,185,0.00646,junk,,,,
ia_bim_eighteenth-century_a-new-and-accurate-syste_brookes-richard-md_1771_2,186,0.001,junk,,,,
ia_bim_eighteenth-century_a-new-and-accurate-syste_brookes-richard-md_1771_2,187,0.00091,junk,,,,
ia_bim_eighteenth-century_a-new-and-accurate-syste_brookes-richard-md_1771_2,188,0.01961,junk,,,,
ia_bim_eighteenth-century_a-new-and-accurate-syste_brookes-richard-md_1771_2,189,0.00127,junk,,,,
ia_bim_eighteenth-century_a-new-and-accurate-syste_brookes-richard-md_1771_2,190,0.00336,junk,,,,
ia_bim_eighteenth-century_a-new-and-accurate-syste_brookes-richard-md_1771_2,191,0.05377,junk,,,,
ia_bim_eighteenth-century_a-new-and-accurate-syste_brookes-richard-md_1771_2,192,0.00071,junk,,,,
ia_bim_eighteenth-century_a-new-and-accurate-syste_brookes-richard-md_1771_2,193,0.01151,junk,,,,
ia_bim_eighteenth-century_a-new-and-accurate-syste_brookes-richard-md_1771_2,194,0.00168,junk,,,,
ia_bim_eighteenth-century_a-new-and-accurate-syste_brookes-richard-md_1771_2,195,0.01314,junk,,,,
ia_bim_eighteenth-century_a-new-and-accurate-syste_brookes-richard-md_1771_2,196,0.00073,junk,,,,
ia_bim_eighteenth-century_a-new-and-accurate-syste_brookes-richard-md_1771_2,197,0.00451,junk,,,,
ia_bim_eighteenth-century_a-new-and-accurate-syste_brookes-richard-md_1771_2,198,0.00588,junk,,,,
ia_bim_eighteenth-century_a-new-and-accurate-syste_brookes-richard-md_1771_2,199,0.00178,junk,,,,
ia_bim_eighteenth-century_a-new-and-accurate-syste_brookes-richard-md_1771_2,200,0.00227,junk,,,,
ia_bim_eighteenth-century_a-new-and-accurate-syste_brookes-richard-md_1771_2,201,0.0003,junk,,,,
ia_bim_eighteenth-century_a-new-and-accurate-syste_brookes-richard-md_1771_2,202,0.01843,junk,,,,
ia_bim_eighteenth-century_a-new-and-accurate-syste_brookes-richard-md_1771_2,203,0.12765,junk,,,,
ia_bim_eighteenth-century_a-new-and-accurate-syste_brookes-richard-md_1771_2,204,0.03216,junk,,,,
ia_bim_eighteenth-century_a-new-and-accurate-syste_brookes-richard-md_1771_2,205,0.00013,junk,,,,
ia_bim_eighteenth-century_a-new-and-accurate-syste_brookes-richard-md_1771_2,206,0.04282,junk,,,,
ia_bim_eighteenth-century_a-new-and-accurate-syste_brookes-richard-md_1771_2,207,0.00403,junk,,,,
ia_bim_eighteenth-century_a-new-and-accurate-syste_brookes-richard-md_1771_2,208,0.00031,junk,,,,
ia_bim_eighteenth-century_a-new-and-accurate-syste_brookes-richard-md_1771_2,209,0.00375,junk,,,,
ia_bim_eighteenth-century_a-new-and-accurate-syste_brookes-richard-md_1771_2,210,0.0443,junk,,,,
ia_bim_eighteenth-century_a-new-and-accurate-syste_brookes-richard-md_1771_2,211,0.09431,junk,,,,
ia_bim_eighteenth-century_a-new-and-accurate-syste_brookes-richard-md_1771_2,212,0.59849,non_junk,non_divine_teleology,0.01302,0.6404,0.34658
ia_bim_eighteenth-century_a-new-and-accurate-syste_brookes-richard-md_1771_2,213,0.74216,non_junk,internal_essence,0.02785,0.47969,0.49245
ia_bim_eighteenth-century_a-new-and-accurate-syste_brookes-richard-md_1771_2,214,0.00762,junk,,,,
ia_bim_eighteenth-century_a-new-and-accurate-syste_brookes-richard-md_1771_2,215,0.88376,non_junk,non_divine_teleology,0.0103,0.92641,0.06329
ia_bim_eighteenth-century_a-new-and-accurate-syste_brookes-richard-md_1771_2,216,0.43308,junk,,,,
ia_bim_eighteenth-century_a-new-and-accurate-syste_brookes-richard-md_1771_2,217,0.31513,junk,,,,
ia_bim_eighteenth-century_a-new-and-accurate-syste_brookes-richard-md_1771_2,218,0.00399,junk,,,,
ia_bim_eighteenth-century_a-new-and-accurate-syste_brookes-richard-md_1771_2,219,0.00062,junk,,,,
ia_bim_eighteenth-century_a-new-and-accurate-syste_brookes-richard-md_1771_2,220,0.01884,junk,,,,
ia_bim_eighteenth-century_a-new-and-accurate-syste_brookes-richard-md_1771_2,221,0.04835,junk,,,,
ia_bim_eighteenth-century_a-new-and-accurate-syste_brookes-richard-md_1771_2,222,0.44722,junk,,,,
ia_bim_eighteenth-century_a-new-and-accurate-syste_brookes-richard-md_1771_2,223,0.79632,non_junk,internal_essence,0.00291,0.3055,0.69159
ia_bim_eighteenth-century_a-new-and-accurate-syste_brookes-richard-md_1771_2,224,0.00318,junk,,,,
ia_bim_eighteenth-century_a-new-and-accurate-syste_brookes-richard-md_1771_2,225,0.03677,junk,,,,
ia_bim_eighteenth-century_a-new-and-accurate-syste_brookes-richard-md_1771_2,226,0.31124,junk,,,,
ia_bim_eighteenth-century_a-new-and-accurate-syste_brookes-richard-md_1771_2,227,0.01034,junk,,,,
ia_bim_eighteenth-century_a-new-and-accurate-syste_brookes-richard-md_1771_2,228,0.68643,non_junk,non_divine_teleology,0.00523,0.9545,0.04027
ia_bim_eighteenth-century_a-new-and-accurate-syste_brookes-richard-md_1771_2,229,0.98915,non_junk,non_divine_teleology,0.00695,0.98418,0.00887
ia_bim_eighteenth-century_a-new-and-accurate-syste_brookes-richard-md_1771_2,230,0.02385,junk,,,,
ia_bim_eighteenth-century_a-new-and-accurate-syste_brookes-richard-md_1771_2,231,0.00138,junk,,,,
ia_bim_eighteenth-century_a-new-and-accurate-syste_brookes-richard-md_1771_2,232,0.89879,non_junk,non_divine_teleology,0.01762,0.91607,0.06631
ia_bim_eighteenth-century_a-new-and-accurate-syste_brookes-richard-md_1771_2,233,0.8142,non_junk,non_divine_teleology,0.0213,0.94234,0.03636
ia_bim_eighteenth-century_a-new-and-accurate-syste_brookes-richard-md_1771_2,234,0.08717,junk,,,,
ia_bim_eighteenth-century_a-new-and-accurate-syste_brookes-richard-md_1771_2,235,0.0061,junk,,,,
ia_bim_eighteenth-century_a-new-and-accurate-syste_brookes-richard-md_1771_2,236,0.00562,junk,,,,
ia_bim_eighteenth-century_a-new-and-accurate-syste_brookes-richard-md_1771_2,237,0.01649,junk,,,,
ia_bim_eighteenth-century_a-new-and-accurate-syste_brookes-richard-md_1771_2,238,0.00052,junk,,,,
ia_bim_eighteenth-century_a-new-and-accurate-syste_brookes-richard-md_1771_2,239,0.20735,junk,,,,
ia_bim_eighteenth-century_a-new-and-accurate-syste_brookes-richard-md_1771_2,240,0.65864,non_junk,non_divine_teleology,0.00838,0.97171,0.01991
ia_bim_eighteenth-century_a-new-and-accurate-syste_brookes-richard-md_1771_2,241,0.14848,junk,,,,
ia_bim_eighteenth-century_a-new-and-accurate-syste_brookes-richard-md_1771_2,242,0.01174,junk,,,,
ia_bim_eighteenth-century_a-new-and-accurate-syste_brookes-richard-md_1771_2,243,0.23927,junk,,,,
ia_bim_eighteenth-century_a-new-and-accurate-syste_brookes-richard-md_1771_2,244,0.07833,junk,,,,
ia_bim_eighteenth-century_a-new-and-accurate-syste_brookes-richard-md_1771_2,245,0.20225,junk,,,,
ia_bim_eighteenth-century_a-new-and-accurate-syste_brookes-richard-md_1771_2,246,0.11051,junk,,,,
ia_bim_eighteenth-century_a-new-and-accurate-syste_brookes-richard-md_1771_2,247,0.06701,junk,,,,
ia_bim_eighteenth-century_a-new-and-accurate-syste_brookes-richard-md_1771_2,248,0.61172,non_junk,internal_essence,0.00729,0.15761,0.8351
ia_bim_eighteenth-century_a-new-and-accurate-syste_brookes-richard-md_1771_2,249,0.00522,junk,,,,
ia_bim_eighteenth-century_a-new-and-accurate-syste_brookes-richard-md_1771_2,250,0.11592,junk,,,,
ia_bim_eighteenth-century_a-new-and-accurate-syste_brookes-richard-md_1771_2,251,0.00207,junk,,,,
ia_bim_eighteenth-century_a-new-and-accurate-syste_brookes-richard-md_1771_2,252,0.00047,junk,,,,
ia_bim_eighteenth-century_a-new-and-accurate-syste_brookes-richard-md_1771_2,253,0.00227,junk,,,,
ia_bim_eighteenth-century_a-new-and-accurate-syste_brookes-richard-md_1771_2,254,0.06403,junk,,,,
ia_bim_eighteenth-century_a-new-and-accurate-syste_brookes-richard-md_1771_2,255,0.05791,junk,,,,
ia_bim_eighteenth-century_a-new-and-accurate-syste_brookes-richard-md_1771_2,256,0.04583,junk,,,,
ia_bim_eighteenth-century_a-new-and-accurate-syste_brookes-richard-md_1771_2,257,0.00059,junk,,,,
ia_bim_eighteenth-century_a-new-and-accurate-syste_brookes-richard-md_1771_2,258,0.00389,junk,,,,
ia_bim_eighteenth-century_a-new-and-accurate-syste_brookes-richard-md_1771_2,259,0.00126,junk,,,,
ia_bim_eighteenth-century_a-new-and-accurate-syste_brookes-richard-md_1771_2,260,0.01162,junk,,,,
ia_bim_eighteenth-century_a-new-and-accurate-syste_brookes-richard-md_1771_2,261,0.59458,non_junk,non_divine_teleology,0.02116,0.93817,0.04068
ia_bim_eighteenth-century_a-new-and-accurate-syste_brookes-richard-md_1771_2,262,0.00982,junk,,,,
ia_bim_eighteenth-century_a-new-and-accurate-syste_brookes-richard-md_1771_2,263,0.00961,junk,,,,
ia_bim_eighteenth-century_a-new-and-accurate-syste_brookes-richard-md_1771_2,264,0.00248,junk,,,,
ia_bim_eighteenth-century_a-new-and-accurate-syste_brookes-richard-md_1771_2,265,0.00986,junk,,,,
ia_bim_eighteenth-century_a-new-and-accurate-syste_brookes-richard-md_1771_2,266,0.0033,junk,,,,
ia_bim_eighteenth-century_a-new-and-accurate-syste_brookes-richard-md_1771_2,267,0.00368,junk,,,,
ia_bim_eighteenth-century_a-new-and-accurate-syste_brookes-richard-md_1771_2,268,0.99923,non_junk,non_divine_teleology,0.00581,0.97019,0.024
ia_bim_eighteenth-century_a-new-and-accurate-syste_brookes-richard-md_1771_2,269,0.98247,non_junk,non_divine_teleology,0.00322,0.91065,0.08613
ia_bim_eighteenth-century_a-new-and-accurate-syste_brookes-richard-md_1771_2,270,0.38612,junk,,,,
ia_bim_eighteenth-century_a-new-and-accurate-syste_brookes-richard-md_1771_2,271,0.00447,junk,,,,
ia_bim_eighteenth-century_a-new-and-accurate-syste_brookes-richard-md_1771_2,272,0.9996,non_junk,non_divine_teleology,0.00115,0.99435,0.00449
ia_bim_eighteenth-century_a-new-and-accurate-syste_brookes-richard-md_1771_2,273,0.034,junk,,,,
ia_bim_eighteenth-century_a-new-and-accurate-syste_brookes-richard-md_1771_2,274,0.38612,junk,,,,
ia_bim_eighteenth-century_a-new-and-accurate-syste_brookes-richard-md_1771_2,275,0.00447,junk,,,,
ia_bim_eighteenth-century_a-new-and-accurate-syste_brookes-richard-md_1771_2,276,0.9996,non_junk,non_divine_teleology,0.00115,0.99435,0.00449
ia_bim_eighteenth-century_a-new-and-accurate-syste_brookes-richard-md_1771_2,277,0.04971,junk,,,,
ia_bim_eighteenth-century_a-new-and-accurate-syste_brookes-richard-md_1771_2,278,0.03504,junk,,,,
ia_bim_eighteenth-century_a-new-and-accurate-syste_brookes-richard-md_1771_2,279,0.9597,non_junk,non_divine_teleology,0.00236,0.98323,0.01441
ia_bim_eighteenth-century_a-new-and-accurate-syste_brookes-richard-md_1771_2,280,0.04882,junk,,,,
ia_bim_eighteenth-century_a-new-and-accurate-syste_brookes-richard-md_1771_2,281,0.11015,junk,,,,
ia_bim_eighteenth-century_a-new-and-accurate-syste_brookes-richard-md_1771_2,282,0.00039,junk,,,,
ia_bim_eighteenth-century_a-new-and-accurate-syste_brookes-richard-md_1771_2,283,0.98887,non_junk,non_divine_teleology,0.02045,0.9364,0.04315
ia_bim_eighteenth-century_a-new-and-accurate-syste_brookes-richard-md_1771_2,284,0.11015,junk,,,,
ia_bim_eighteenth-century_a-new-and-accurate-syste_brookes-richard-md_1771_2,285,0.00039,junk,,,,
ia_bim_eighteenth-century_a-new-and-accurate-syste_brookes-richard-md_1771_2,286,0.9754,non_junk,non_divine_teleology,0.01395,0.96843,0.01762
ia_bim_eighteenth-century_a-new-and-accurate-syste_brookes-richard-md_1771_2,287,0.10239,junk,,,,
ia_bim_eighteenth-century_a-new-and-accurate-syste_brookes-richard-md_1771_2,288,0.00417,junk,,,,
ia_bim_eighteenth-century_a-new-and-accurate-syste_brookes-richard-md_1771_2,289,0.10239,junk,,,,
ia_bim_eighteenth-century_a-new-and-accurate-syste_brookes-richard-md_1771_2,290,0.00399,junk,,,,
ia_bim_eighteenth-century_a-new-and-accurate-syste_brookes-richard-md_1771_2,291,0.00081,junk,,,,
ia_bim_eighteenth-century_a-new-and-accurate-syste_brookes-richard-md_1771_2,292,0.00162,junk,,,,
ia_bim_eighteenth-century_a-new-and-accurate-syste_brookes-richard-md_1771_2,293,0.00033,junk,,,,
ia_bim_eighteenth-century_a-new-and-accurate-syste_brookes-richard-md_1771_2,294,0.80588,non_junk,non_divine_teleology,0.00449,0.93264,0.06287
ia_bim_eighteenth-century_a-new-and-accurate-syste_brookes-richard-md_1771_2,295,0.01507,junk,,,,
ia_bim_eighteenth-century_a-new-and-accurate-syste_brookes-richard-md_1771_2,296,0.80588,non_junk,non_divine_teleology,0.00449,0.93264,0.06287
ia_bim_eighteenth-century_a-new-and-accurate-syste_brookes-richard-md_1771_2,297,0.07659,junk,,,,
ia_bim_eighteenth-century_a-new-and-accurate-syste_brookes-richard-md_1771_2,298,0.15579,junk,,,,
ia_bim_eighteenth-century_a-new-and-accurate-syste_brookes-richard-md_1771_2,299,0.98468,non_junk,non_divine_teleology,0.01103,0.92722,0.06175
ia_bim_eighteenth-century_a-new-and-accurate-syste_brookes-richard-md_1771_2,300,0.01615,junk,,,,
ia_bim_eighteenth-century_a-new-and-accurate-syste_brookes-richard-md_1771_2,301,0.00691,junk,,,,
ia_bim_eighteenth-century_a-new-and-accurate-syste_brookes-richard-md_1771_2,302,0.01615,junk,,,,
ia_bim_eighteenth-century_a-new-and-accurate-syste_brookes-richard-md_1771_2,303,0.09831,junk,,,,
ia_bim_eighteenth-century_a-new-and-accurate-syste_brookes-richard-md_1771_2,304,0.86411,non_junk,non_divine_teleology,0.02244,0.75279,0.22478
ia_bim_eighteenth-century_a-new-and-accurate-syste_brookes-richard-md_1771_2,305,0.49815,junk,,,,
ia_bim_eighteenth-century_a-new-and-accurate-syste_brookes-richard-md_1771_2,306,0.28203,junk,,,,
ia_bim_eighteenth-century_a-new-and-accurate-syste_brookes-richard-md_1771_2,307,0.00011,junk,,,,
ia_bim_eighteenth-century_a-new-and-accurate-syste_brookes-richard-md_1771_2,308,0.01679,junk,,,,
ia_bim_eighteenth-century_a-new-and-accurate-syste_brookes-richard-md_1771_2,309,0.00023,junk,,,,
ia_bim_eighteenth-century_a-new-and-accurate-syste_brookes-richard-md_1771_2,310,0.14139,junk,,,,
ia_bim_eighteenth-century_a-new-and-accurate-syste_brookes-richard-md_1771_2,311,0.02589,junk,,,,
ia_bim_eighteenth-century_a-new-and-accurate-syste_brookes-richard-md_1771_2,312,0.00653,junk,,,,
ia_bim_eighteenth-century_a-new-and-accurate-syste_brookes-richard-md_1771_2,314,0.00836,junk,,,,
ia_bim_eighteenth-century_a-new-and-accurate-syste_brookes-richard-md_1771_2,315,0.00105,junk,,,,
ia_bim_eighteenth-century_a-new-and-accurate-syste_brookes-richard-md_1771_2,316,0.0027,junk,,,,
ia_bim_eighteenth-century_a-new-and-accurate-syste_brookes-richard-md_1771_2,317,0.00836,junk,,,,
ia_bim_eighteenth-century_a-new-and-accurate-syste_brookes-richard-md_1771_2,318,0.00071,junk,,,,
ia_bim_eighteenth-century_a-new-and-accurate-syste_brookes-richard-md_1771_2,319,0.75533,non_junk,non_divine_teleology,0.02676,0.91722,0.05602
ia_bim_eighteenth-century_a-new-and-accurate-syste_brookes-richard-md_1771_2,320,0.75106,non_junk,internal_essence,0.00162,0.1663,0.83207
ia_bim_eighteenth-century_a-new-and-accurate-syste_brookes-richard-md_1771_2,321,0.02494,junk,,,,
ia_bim_eighteenth-century_a-new-and-accurate-syste_brookes-richard-md_1771_2,322,0.00013,junk,,,,
ia_bim_eighteenth-century_a-new-and-accurate-syste_brookes-richard-md_1771_2,323,0.28266,junk,,,,
ia_bim_eighteenth-century_a-new-and-accurate-syste_brookes-richard-md_1771_2,324,0.93531,non_junk,non_divine_teleology,0.00589,0.90735,0.08676
ia_bim_eighteenth-century_a-new-and-accurate-syste_brookes-richard-md_1771_2,325,0.30063,junk,,,,
ia_bim_eighteenth-century_a-new-and-accurate-syste_brookes-richard-md_1771_2,326,0.00678,junk,,,,
ia_bim_eighteenth-century_a-new-and-accurate-syste_brookes-richard-md_1771_2,327,0.97431,non_junk,non_divine_teleology,0.00945,0.9031,0.08745
ia_bim_eighteenth-century_a-new-and-accurate-syste_brookes-richard-md_1771_2,328,0.12837,junk,,,,
ia_bim_eighteenth-century_a-new-and-accurate-syste_brookes-richard-md_1771_2,329,0.97519,non_junk,non_divine_teleology,0.00566,0.9444,0.04994
ia_bim_eighteenth-century_a-new-and-accurate-syste_brookes-richard-md_1771_2,330,0.12837,junk,,,,
ia_bim_eighteenth-century_a-new-and-accurate-syste_brookes-richard-md_1771_2,331,0.00018,junk,,,,
ia_bim_eighteenth-century_a-new-and-accurate-syste_brookes-richard-md_1771_2,332,0.00018,junk,,,,
ia_bim_eighteenth-century_a-new-and-accurate-syste_brookes-richard-md_1771_2,333,0.00857,junk,,,,
ia_bim_eighteenth-century_a-new-and-accurate-syste_brookes-richard-md_1771_2,334,0.90404,non_junk,internal_essence,0.00203,0.05043,0.94755
ia_bim_eighteenth-century_a-new-and-accurate-syste_brookes-richard-md_1771_2,335,0.0491,junk,,,,
ia_bim_eighteenth-century_a-new-and-accurate-syste_brookes-richard-md_1771_2,336,0.03158,junk,,,,
ia_bim_eighteenth-century_a-new-and-accurate-syste_brookes-richard-md_1771_2,337,0.08778,junk,,,,
ia_bim_eighteenth-century_a-new-and-accurate-syste_brookes-richard-md_1771_2,338,0.0171,junk,,,,
ia_bim_eighteenth-century_a-new-and-accurate-syste_brookes-richard-md_1771_2,339,0.00669,junk,,,,
ia_bim_eighteenth-century_a-new-and-accurate-syste_brookes-richard-md_1771_2,340,0.00384,junk,,,,
ia_bim_eighteenth-century_a-new-and-accurate-syste_brookes-richard-md_1771_2,341,0.00181,junk,,,,
ia_bim_eighteenth-century_a-new-and-accurate-syste_brookes-richard-md_1771_2,342,0.05673,junk,,,,
ia_bim_eighteenth-century_a-new-and-accurate-syste_brookes-richard-md_1771_2,343,0.07755,junk,,,,
ia_bim_eighteenth-century_a-new-and-accurate-syste_brookes-richard-md_1771_2,344,0.00038,junk,,,,
ia_bim_eighteenth-century_a-new-and-accurate-syste_brookes-richard-md_1771_2,345,0.00027,junk,,,,
ia_bim_eighteenth-century_a-new-and-accurate-syste_brookes-richard-md_1771_2,346,0.05673,junk,,,,
ia_bim_eighteenth-century_a-new-and-accurate-syste_brookes-richard-md_1771_2,347,0.07755,junk,,,,
ia_bim_eighteenth-century_a-new-and-accurate-syste_brookes-richard-md_1771_2,348,0.00038,junk,,,,
ia_bim_eighteenth-century_a-new-and-accurate-syste_brookes-richard-md_1771_2,349,0.00027,junk,,,,
ia_bim_eighteenth-century_a-new-and-accurate-syste_brookes-richard-md_1771_2,350,0.00077,junk,,,,
ia_bim_eighteenth-century_a-new-and-accurate-syste_brookes-richard-md_1771_2,351,0.0062,junk,,,,
ia_bim_eighteenth-century_a-new-and-accurate-syste_brookes-richard-md_1771_2,352,0.00077,junk,,,,
ia_bim_eighteenth-century_a-new-and-accurate-syste_brookes-richard-md_1771_2,353,0.02746,junk,,,,
ia_bim_eighteenth-century_a-new-and-accurate-syste_brookes-richard-md_1771_2,354,0.00391,junk,,,,
ia_bim_eighteenth-century_a-new-and-accurate-syste_brookes-richard-md_1771_2,355,0.01523,junk,,,,
ia_bim_eighteenth-century_a-new-and-accurate-syste_brookes-richard-md_1771_2,356,0.00035,junk,,,,
ia_bim_eighteenth-century_a-new-and-accurate-syste_brookes-richard-md_1771_2,357,0.00026,junk,,,,
ia_bim_eighteenth-century_a-new-and-accurate-syste_brookes-richard-md_1771_2,358,0.00051,junk,,,,
ia_bim_eighteenth-century_a-new-and-accurate-syste_brookes-richard-md_1771_2,359,0.01523,junk,,,,
ia_bim_eighteenth-century_a-new-and-accurate-syste_brookes-richard-md_1771_2,360,0.00035,junk,,,,
ia_bim_eighteenth-century_a-new-and-accurate-syste_brookes-richard-md_1771_2,361,0.00026,junk,,,,
ia_bim_eighteenth-century_a-new-and-accurate-syste_brookes-richard-md_1771_2,362,0.00051,junk,,,,
ia_bim_eighteenth-century_a-new-and-accurate-syste_brookes-richard-md_1771_2,363,0.83084,non_junk,non_divine_teleology,0.0227,0.94497,0.03232
ia_bim_eighteenth-century_a-new-and-accurate-syste_brookes-richard-md_1771_2,364,0.92176,non_junk,non_divine_teleology,0.02745,0.81429,0.15826
ia_bim_eighteenth-century_a-new-and-accurate-syste_brookes-richard-md_1771_2,365,0.99834,non_junk,non_divine_teleology,0.02011,0.96552,0.01437
ia_bim_eighteenth-century_a-new-and-accurate-syste_brookes-richard-md_1771_2,366,0.50715,non_junk,non_divine_teleology,0.01674,0.91717,0.06609
ia_bim_eighteenth-century_a-new-and-accurate-syste_brookes-richard-md_1771_2,367,0.11625,junk,,,,
ia_bim_eighteenth-century_a-new-and-accurate-syste_brookes-richard-md_1771_2,368,0.11511,junk,,,,
ia_bim_eighteenth-century_a-new-and-accurate-syste_brookes-richard-md_1771_2,369,0.60768,non_junk,non_divine_teleology,0.00772,0.9801,0.01218
ia_bim_eighteenth-century_a-new-and-accurate-syste_brookes-richard-md_1771_2,370,0.03379,junk,,,,
ia_bim_eighteenth-century_a-new-and-accurate-syste_brookes-richard-md_1771_2,371,0.07365,junk,,,,
ia_bim_eighteenth-century_a-new-and-accurate-syste_brookes-richard-md_1771_2,372,0.10395,junk,,,,
ia_bim_eighteenth-century_a-new-and-accurate-syste_brookes-richard-md_1771_2,373,0.00127,junk,,,,
ia_bim_eighteenth-century_a-new-and-accurate-syste_brookes-richard-md_1771_2,374,0.01942,junk,,,,
ia_bim_eighteenth-century_a-new-and-accurate-syste_brookes-richard-md_1771_2,375,0.72619,non_junk,internal_essence,0.00343,0.12251,0.87406
ia_bim_eighteenth-century_a-new-and-accurate-syste_brookes-richard-md_1771_2,376,0.32182,junk,,,,
ia_bim_eighteenth-century_a-new-and-accurate-syste_brookes-richard-md_1771_2,377,0.98839,non_junk,non_divine_teleology,0.00988,0.97833,0.01179
ia_bim_eighteenth-century_a-new-and-accurate-syste_brookes-richard-md_1771_2,378,0.11387,junk,,,,
ia_bim_eighteenth-century_a-new-and-accurate-syste_brookes-richard-md_1771_2,379,0.00528,junk,,,,
ia_bim_eighteenth-century_a-new-and-accurate-syste_brookes-richard-md_1771_2,380,0.98839,non_junk,non_divine_teleology,0.00988,0.97833,0.01179
ia_bim_eighteenth-century_a-new-and-accurate-syste_brookes-richard-md_1771_2,381,0.11387,junk,,,,
ia_bim_eighteenth-century_a-new-and-accurate-syste_brookes-richard-md_1771_2,382,0.00098,junk,,,,
ia_bim_eighteenth-century_a-new-and-accurate-syste_brookes-richard-md_1771_2,383,0.00311,junk,,,,
ia_bim_eighteenth-century_a-new-and-accurate-syste_brookes-richard-md_1771_2,384,0.01965,junk,,,,
ia_bim_eighteenth-century_a-new-and-accurate-syste_brookes-richard-md_1771_2,385,0.01029,junk,,,,
ia_bim_eighteenth-century_a-new-and-accurate-syste_brookes-richard-md_1771_2,386,0.00558,junk,,,,
ia_bim_eighteenth-century_a-new-and-accurate-syste_brookes-richard-md_1771_2,387,0.0105,junk,,,,
ia_bim_eighteenth-century_a-new-and-accurate-syste_brookes-richard-md_1771_2,388,0.67028,non_junk,non_divine_teleology,0.09209,0.88123,0.02669
ia_bim_eighteenth-century_a-new-and-accurate-syste_brookes-richard-md_1771_2,389,0.76465,non_junk,non_divine_teleology,0.0205,0.92527,0.05422
ia_bim_eighteenth-century_a-new-and-accurate-syste_brookes-richard-md_1771_2,390,0.91158,non_junk,non_divine_teleology,0.0403,0.94079,0.01892
ia_bim_eighteenth-century_a-new-and-accurate-syste_brookes-richard-md_1771_2,391,0.40442,junk,,,,
ia_bim_eighteenth-century_a-new-and-accurate-syste_brookes-richard-md_1771_2,392,0.40963,junk,,,,
ia_bim_eighteenth-century_a-new-and-accurate-syste_brookes-richard-md_1771_2,393,0.00065,junk,,,,
ia_bim_eighteenth-century_a-new-and-accurate-syste_brookes-richard-md_1771_2,394,0.00492,junk,,,,
ia_bim_eighteenth-century_a-new-and-accurate-syste_brookes-richard-md_1771_2,395,0.04067,junk,,,,
ia_bim_eighteenth-century_a-new-and-accurate-syste_brookes-richard-md_1771_2,396,0.00492,junk,,,,
ia_bim_eighteenth-century_a-new-and-accurate-syste_brookes-richard-md_1771_2,397,0.04067,junk,,,,
ia_bim_eighteenth-century_a-new-and-accurate-syste_brookes-richard-md_1771_2,398,0.01433,junk,,,,
ia_bim_eighteenth-century_a-new-and-accurate-syste_brookes-richard-md_1771_2,399,0.00864,junk,,,,
ia_bim_eighteenth-century_a-new-and-accurate-syste_brookes-richard-md_1771_2,400,0.02227,junk,,,,
ia_bim_eighteenth-century_a-new-and-accurate-syste_brookes-richard-md_1771_2,401,0.00489,junk,,,,
ia_bim_eighteenth-century_a-new-and-accurate-syste_brookes-richard-md_1771_2,402,0.00864,junk,,,,
ia_bim_eighteenth-century_a-new-and-accurate-syste_brookes-richard-md_1771_2,403,0.02758,junk,,,,
ia_bim_eighteenth-century_a-new-and-accurate-syste_brookes-richard-md_1771_2,404,0.00057,junk,,,,
ia_bim_eighteenth-century_a-new-and-accurate-syste_brookes-richard-md_1771_2,405,0.0001,junk,,,,
ia_bim_eighteenth-century_a-new-and-accurate-syste_brookes-richard-md_1771_2,406,0.01505,junk,,,,
ia_bim_eighteenth-century_a-new-and-accurate-syste_brookes-richard-md_1771_2,407,0.27239,junk,,,,
ia_bim_eighteenth-century_a-new-and-accurate-syste_brookes-richard-md_1771_2,408,0.00057,junk,,,,
ia_bim_eighteenth-century_a-new-and-accurate-syste_brookes-richard-md_1771_2,409,0.0001,junk,,,,
ia_bim_eighteenth-century_a-new-and-accurate-syste_brookes-richard-md_1771_2,410,0.01505,junk,,,,
ia_bim_eighteenth-century_a-new-and-accurate-syste_brookes-richard-md_1771_2,411,0.93115,non_junk,internal_essence,0.00718,0.15676,0.83606
ia_bim_eighteenth-century_a-new-and-accurate-syste_brookes-richard-md_1771_2,412,0.07653,junk,,,,
ia_bim_eighteenth-century_a-new-and-accurate-syste_brookes-richard-md_1771_2,413,0.03111,junk,,,,
ia_bim_eighteenth-century_a-new-and-accurate-syste_brookes-richard-md_1771_2,414,0.04006,junk,,,,
ia_bim_eighteenth-century_a-new-and-accurate-syste_brookes-richard-md_1771_2,415,0.78154,non_junk,non_divine_teleology,0.01081,0.84132,0.14788
ia_bim_eighteenth-century_a-new-and-accurate-syste_brookes-richard-md_1771_2,416,0.00119,junk,,,,
ia_bim_eighteenth-century_a-new-and-accurate-syste_brookes-richard-md_1771_2,417,0.00162,junk,,,,
ia_bim_eighteenth-century_a-new-and-accurate-syste_brookes-richard-md_1771_2,418,0.64087,non_junk,non_divine_teleology,0.00184,0.7353,0.26286
ia_bim_eighteenth-century_a-new-and-accurate-syste_brookes-richard-md_1771_2,419,0.50377,non_junk,non_divine_teleology,0.00776,0.9306,0.06164
ia_bim_eighteenth-century_a-new-and-accurate-syste_brookes-richard-md_1771_2,420,0.01057,junk,,,,
ia_bim_eighteenth-century_a-new-and-accurate-syste_brookes-richard-md_1771_2,421,0.00154,junk,,,,
ia_bim_eighteenth-century_a-new-and-accurate-syste_brookes-richard-md_1771_2,422,0.01334,junk,,,,
ia_bim_eighteenth-century_a-new-and-accurate-syste_brookes-richard-md_1771_2,423,0.27918,junk,,,,
ia_bim_eighteenth-century_a-new-and-accurate-syste_brookes-richard-md_1771_2,424,0.00155,junk,,,,
ia_bim_eighteenth-century_a-new-and-accurate-syste_brookes-richard-md_1771_2,425,0.00337,junk,,,,
ia_bim_eighteenth-century_a-new-and-accurate-syste_brookes-richard-md_1771_2,426,0.05013,junk,,,,
ia_bim_eighteenth-century_a-new-and-accurate-syste_brookes-richard-md_1771_2,427,0.00155,junk,,,,
ia_bim_eighteenth-century_a-new-and-accurate-syste_brookes-richard-md_1771_2,428,0.00337,junk,,,,
ia_bim_eighteenth-century_a-new-and-accurate-syste_brookes-richard-md_1771_2,430,0.01039,junk,,,,
ia_bim_eighteenth-century_a-new-and-accurate-syste_brookes-richard-md_1771_2,431,0.00247,junk,,,,
ia_bim_eighteenth-century_a-new-and-accurate-syste_brookes-richard-md_1771_2,432,0.04524,junk,,,,
ia_bim_eighteenth-century_a-new-and-accurate-syste_brookes-richard-md_1771_2,433,0.00176,junk,,,,
ia_bim_eighteenth-century_a-new-and-accurate-syste_brookes-richard-md_1771_2,434,0.00443,junk,,,,
ia_bim_eighteenth-century_a-new-and-accurate-syste_brookes-richard-md_1771_2,435,0.02085,junk,,,,
ia_bim_eighteenth-century_a-new-and-accurate-syste_brookes-richard-md_1771_2,436,0.00059,junk,,,,
ia_bim_eighteenth-century_a-new-and-accurate-syste_brookes-richard-md_1771_2,437,0.5034,non_junk,non_divine_teleology,0.01452,0.84195,0.14352
ia_bim_eighteenth-century_a-new-and-accurate-syste_brookes-richard-md_1771_2,438,0.00571,junk,,,,
ia_bim_eighteenth-century_a-new-and-accurate-syste_brookes-richard-md_1771_2,439,0.04968,junk,,,,
ia_bim_eighteenth-century_a-new-and-accurate-syste_brookes-richard-md_1771_2,440,0.02084,junk,,,,
ia_bim_eighteenth-century_a-new-and-accurate-syste_brookes-richard-md_1771_2,441,0.01934,junk,,,,
ia_bim_eighteenth-century_a-new-and-accurate-syste_brookes-richard-md_1771_2,442,0.01804,junk,,,,
ia_bim_eighteenth-century_a-new-and-accurate-syste_brookes-richard-md_1771_2,443,0.00324,junk,,,,
ia_bim_eighteenth-century_a-new-and-accurate-syste_brookes-richard-md_1771_2,444,0.01804,junk,,,,
ia_bim_eighteenth-century_a-new-and-accurate-syste_brookes-richard-md_1771_2,445,0.00212,junk,,,,
ia_bim_eighteenth-century_a-new-and-accurate-syste_brookes-richard-md_1771_2,446,0.01528,junk,,,,
ia_bim_eighteenth-century_a-new-and-accurate-syste_brookes-richard-md_1771_2,447,0.00319,junk,,,,
ia_bim_eighteenth-century_a-new-and-accurate-syste_brookes-richard-md_1771_2,448,0.0019,junk,,,,
ia_bim_eighteenth-century_a-new-and-accurate-syste_brookes-richard-md_1771_2,449,0.00069,junk,,,,
ia_bim_eighteenth-century_a-new-and-accurate-syste_brookes-richard-md_1771_2,450,0.01239,junk,,,,
ia_bim_eighteenth-century_a-new-and-accurate-syste_brookes-richard-md_1771_2,451,0.01528,junk,,,,
ia_bim_eighteenth-century_a-new-and-accurate-syste_brookes-richard-md_1771_2,452,0.00319,junk,,,,
ia_bim_eighteenth-century_a-new-and-accurate-syste_brookes-richard-md_1771_2,453,0.0019,junk,,,,
ia_bim_eighteenth-century_a-new-and-accurate-syste_brookes-richard-md_1771_2,454,0.00069,junk,,,,
ia_bim_eighteenth-century_a-new-and-accurate-syste_brookes-richard-md_1771_2,455,0.00868,junk,,,,
ia_bim_eighteenth-century_a-new-and-accurate-syste_brookes-richard-md_1771_2,456,0.00333,junk,,,,
ia_bim_eighteenth-century_a-new-and-accurate-syste_brookes-richard-md_1771_2,457,0.01872,junk,,,,
ia_bim_eighteenth-century_a-new-and-accurate-syste_brookes-richard-md_1771_2,458,0.00154,junk,,,,
ia_bim_eighteenth-century_a-new-and-accurate-syste_brookes-richard-md_1771_2,459,0.40932,junk,,,,
ia_bim_eighteenth-century_a-new-and-accurate-syste_brookes-richard-md_1771_2,460,0.25465,junk,,,,
ia_bim_eighteenth-century_a-new-and-accurate-syste_brookes-richard-md_1771_2,461,0.1673,junk,,,,
ia_bim_eighteenth-century_a-new-and-accurate-syste_brookes-richard-md_1771_2,462,0.01418,junk,,,,
ia_bim_eighteenth-century_a-new-and-accurate-syste_brookes-richard-md_1771_2,463,8e-05,junk,,,,
ia_bim_eighteenth-century_a-new-and-accurate-syste_brookes-richard-md_1771_2,464,0.27263,junk,,,,
ia_bim_eighteenth-century_a-new-and-accurate-syste_brookes-richard-md_1771_2,465,0.0065,junk,,,,
ia_bim_eighteenth-century_a-new-and-accurate-syste_brookes-richard-md_1771_2,466,0.00048,junk,,,,
ia_bim_eighteenth-century_a-new-and-accurate-syste_brookes-richard-md_1771_2,467,0.16783,junk,,,,
ia_bim_eighteenth-century_a-new-and-accurate-syste_brookes-richard-md_1771_2,468,0.0065,junk,,,,
ia_bim_eighteenth-century_a-new-and-accurate-syste_brookes-richard-md_1771_2,469,0.00048,junk,,,,
ia_bim_eighteenth-century_a-new-and-accurate-syste_brookes-richard-md_1771_2,470,0.08994,junk,,,,
ia_bim_eighteenth-century_a-new-and-accurate-syste_brookes-richard-md_1771_2,471,0.00631,junk,,,,
ia_bim_eighteenth-century_a-new-and-accurate-syste_brookes-richard-md_1771_2,472,0.00688,junk,,,,
ia_bim_eighteenth-century_a-new-and-accurate-syste_brookes-richard-md_1771_2,473,0.00029,junk,,,,
ia_bim_eighteenth-century_a-new-and-accurate-syste_brookes-richard-md_1771_2,474,0.01808,junk,,,,
ia_bim_eighteenth-century_a-new-and-accurate-syste_brookes-richard-md_1771_2,475,0.0007,junk,,,,
ia_bim_eighteenth-century_a-new-and-accurate-syste_brookes-richard-md_1771_2,476,0.00688,junk,,,,
ia_bim_eighteenth-century_a-new-and-accurate-syste_brookes-richard-md_1771_2,477,0.00029,junk,,,,
ia_bim_eighteenth-century_a-new-and-accurate-syste_brookes-richard-md_1771_2,478,0.00437,junk,,,,
ia_bim_eighteenth-century_a-new-and-accurate-syste_brookes-richard-md_1771_2,479,0.18765,junk,,,,
ia_bim_eighteenth-century_a-new-and-accurate-syste_brookes-richard-md_1771_2,480,0.0215,junk,,,,
ia_bim_eighteenth-century_a-new-and-accurate-syste_brookes-richard-md_1771_2,481,0.00033,junk,,,,
ia_bim_eighteenth-century_a-new-and-accurate-syste_brookes-richard-md_1771_2,482,0.88423,non_junk,non_divine_teleology,0.01583,0.68223,0.30194
ia_bim_eighteenth-century_a-new-and-accurate-syste_brookes-richard-md_1771_2,483,0.34955,junk,,,,
ia_bim_eighteenth-century_a-new-and-accurate-syste_brookes-richard-md_1771_2,484,0.7163,non_junk,non_divine_teleology,0.00508,0.93432,0.0606
ia_bim_eighteenth-century_a-new-and-accurate-syste_brookes-richard-md_1771_2,486,0.01059,junk,,,,
ia_bim_eighteenth-century_a-new-and-accurate-syste_brookes-richard-md_1771_2,487,7e-05,junk,,,,
ia_bim_eighteenth-century_a-new-and-accurate-syste_brookes-richard-md_1771_2,488,0.00113,junk,,,,
ia_bim_eighteenth-century_a-new-and-accurate-syste_brookes-richard-md_1771_2,489,0.25263,junk,,,,
ia_bim_eighteenth-century_a-new-and-accurate-syste_brookes-richard-md_1771_2,490,0.01404,junk,,,,
ia_bim_eighteenth-century_a-new-and-accurate-syste_brookes-richard-md_1771_2,491,0.00508,junk,,,,
ia_bim_eighteenth-century_a-new-and-accurate-syste_brookes-richard-md_1771_2,492,0.00142,junk,,,,
ia_bim_eighteenth-century_a-new-and-accurate-syste_brookes-richard-md_1771_2,493,0.67099,non_junk,internal_essence,0.00411,0.25697,0.73892
ia_bim_eighteenth-century_a-new-and-accurate-syste_brookes-richard-md_1771_2,494,0.00137,junk,,,,
ia_bim_eighteenth-century_a-new-and-accurate-syste_brookes-richard-md_1771_2,495,0.0006,junk,,,,
ia_bim_eighteenth-century_a-new-and-accurate-syste_brookes-richard-md_1771_2,496,0.00503,junk,,,,
ia_bim_eighteenth-century_a-new-and-accurate-syste_brookes-richard-md_1771_2,497,0.01106,junk,,,,
ia_bim_eighteenth-century_a-new-and-accurate-syste_brookes-richard-md_1771_2,498,0.46991,junk,,,,
ia_bim_eighteenth-century_a-new-and-accurate-syste_brookes-richard-md_1771_2,500,0.94905,non_junk,non_divine_teleology,0.00922,0.82485,0.16593
ia_bim_eighteenth-century_a-new-and-accurate-syste_brookes-richard-md_1771_2,501,0.72986,non_junk,internal_essence,0.07562,0.43526,0.48912
ia_bim_eighteenth-century_a-new-and-accurate-syste_brookes-richard-md_1771_2,502,0.45367,junk,,,,
ia_bim_eighteenth-century_a-new-and-accurate-syste_brookes-richard-md_1771_2,503,0.00137,junk,,,,
ia_bim_eighteenth-century_a-new-and-accurate-syste_brookes-richard-md_1771_2,504,0.00542,junk,,,,
ia_bim_eighteenth-century_a-new-and-accurate-syste_brookes-richard-md_1771_2,505,0.03685,junk,,,,
ia_bim_eighteenth-century_a-new-and-accurate-syste_brookes-richard-md_1771_2,506,0.03891,junk,,,,
ia_bim_eighteenth-century_a-new-and-accurate-syste_brookes-richard-md_1771_2,507,0.03685,junk,,,,
ia_bim_eighteenth-century_a-new-and-accurate-syste_brookes-richard-md_1771_2,508,0.00736,junk,,,,
ia_bim_eighteenth-century_a-new-and-accurate-syste_brookes-richard-md_1771_2,509,0.00595,junk,,,,
ia_bim_eighteenth-century_a-new-and-accurate-syste_brookes-richard-md_1771_2,510,0.11981,junk,,,,
ia_bim_eighteenth-century_a-new-and-accurate-syste_brookes-richard-md_1771_2,511,0.03054,junk,,,,
ia_bim_eighteenth-century_a-new-and-accurate-syste_brookes-richard-md_1771_2,512,0.00166,junk,,,,
ia_bim_eighteenth-century_a-new-and-accurate-syste_brookes-richard-md_1771_2,513,0.11831,junk,,,,
ia_bim_eighteenth-century_a-new-and-accurate-syste_brookes-richard-md_1771_2,514,0.11831,junk,,,,
ia_bim_eighteenth-century_a-new-and-accurate-syste_brookes-richard-md_1771_2,516,0.00206,junk,,,,
ia_bim_eighteenth-century_a-new-and-accurate-syste_brookes-richard-md_1771_2,517,0.59066,non_junk,non_divine_teleology,0.01632,0.52108,0.4626
ia_bim_eighteenth-century_a-new-and-accurate-syste_brookes-richard-md_1771_2,518,0.39398,junk,,,,
ia_bim_eighteenth-century_a-new-and-accurate-syste_brookes-richard-md_1771_2,519,0.00093,junk,,,,
ia_bim_eighteenth-century_a-new-and-accurate-syste_brookes-richard-md_1771_2,520,0.0079,junk,,,,
ia_bim_eighteenth-century_a-new-and-accurate-syste_brookes-richard-md_1771_2,521,0.00116,junk,,,,
ia_bim_eighteenth-century_a-new-and-accurate-syste_brookes-richard-md_1771_2,522,0.20955,junk,,,,
ia_bim_eighteenth-century_a-new-and-accurate-syste_brookes-richard-md_1771_2,523,0.00093,junk,,,,
ia_bim_eighteenth-century_a-new-and-accurate-syste_brookes-richard-md_1771_2,524,0.0079,junk,,,,
ia_bim_eighteenth-century_a-new-and-accurate-syste_brookes-richard-md_1771_2,525,0.00116,junk,,,,
ia_bim_eighteenth-century_a-new-and-accurate-syste_brookes-richard-md_1771_2,526,0.20955,junk,,,,
ia_bim_eighteenth-century_a-new-and-accurate-syste_brookes-richard-md_1771_2,527,0.41467,junk,,,,
ia_bim_eighteenth-century_a-new-and-accurate-syste_brookes-richard-md_1771_2,528,0.96664,non_junk,non_divine_teleology,0.0506,0.83898,0.11043
ia_bim_eighteenth-century_a-new-and-accurate-syste_brookes-richard-md_1771_2,529,0.00129,junk,,,,
ia_bim_eighteenth-century_a-new-and-accurate-syste_brookes-richard-md_1771_2,530,0.13619,junk,,,,
ia_bim_eighteenth-century_a-new-and-accurate-syste_brookes-richard-md_1771_2,531,0.76786,non_junk,non_divine_teleology,0.01512,0.96852,0.01636
ia_bim_eighteenth-century_a-new-and-accurate-syste_brookes-richard-md_1771_2,532,0.00274,junk,,,,
ia_bim_eighteenth-century_a-new-and-accurate-syste_brookes-richard-md_1771_2,533,0.14086,junk,,,,
ia_bim_eighteenth-century_a-new-and-accurate-syste_brookes-richard-md_1771_2,534,0.01496,junk,,,,
ia_bim_eighteenth-century_a-new-and-accurate-syste_brookes-richard-md_1771_2,535,0.03276,junk,,,,
ia_bim_eighteenth-century_a-new-and-accurate-syste_brookes-richard-md_1771_2,536,0.93793,non_junk,non_divine_teleology,0.01503,0.65822,0.32675
ia_bim_eighteenth-century_a-new-and-accurate-syste_brookes-richard-md_1771_2,537,0.00211,junk,,,,
ia_bim_eighteenth-century_a-new-and-accurate-syste_brookes-richard-md_1771_2,538,0.00045,junk,,,,
ia_bim_eighteenth-century_a-new-and-accurate-syste_brookes-richard-md_1771_2,539,0.00067,junk,,,,
ia_bim_eighteenth-century_a-new-and-accurate-syste_brookes-richard-md_1771_2,540,0.19968,junk,,,,
ia_bim_eighteenth-century_a-new-and-accurate-syste_brookes-richard-md_1771_2,541,0.26829,junk,,,,
ia_bim_eighteenth-century_a-new-and-accurate-syste_brookes-richard-md_1771_2,542,0.00285,junk,,,,
ia_bim_eighteenth-century_a-new-and-accurate-syste_brookes-richard-md_1771_2,543,0.00039,junk,,,,
ia_bim_eighteenth-century_a-new-and-accurate-syste_brookes-richard-md_1771_2,544,0.04334,junk,,,,
ia_bim_eighteenth-century_a-new-and-accurate-syste_brookes-richard-md_1771_2,545,0.04619,junk,,,,
ia_bim_eighteenth-century_a-new-and-accurate-syste_brookes-richard-md_1771_2,546,0.00026,junk,,,,
ia_bim_eighteenth-century_a-new-and-accurate-syste_brookes-richard-md_1771_2,547,0.00128,junk,,,,
ia_bim_eighteenth-century_a-new-and-accurate-syste_brookes-richard-md_1771_2,548,0.00173,junk,,,,
ia_bim_eighteenth-century_a-new-and-accurate-syste_brookes-richard-md_1771_2,549,0.00222,junk,,,,
ia_bim_eighteenth-century_a-new-and-accurate-syste_brookes-richard-md_1771_2,550,0.00067,junk,,,,
ia_bim_eighteenth-century_a-new-and-accurate-syste_brookes-richard-md_1771_2,551,0.00067,junk,,,,
ia_bim_eighteenth-century_a-new-and-accurate-syste_brookes-richard-md_1771_2,552,0.35515,junk,,,,
ia_bim_eighteenth-century_a-new-and-accurate-syste_brookes-richard-md_1771_2,553,0.00055,junk,,,,
ia_bim_eighteenth-century_a-new-and-accurate-syste_brookes-richard-md_1771_2,554,0.00214,junk,,,,
ia_bim_eighteenth-century_a-new-and-accurate-syste_brookes-richard-md_1771_2,555,0.03371,junk,,,,
ia_bim_eighteenth-century_a-new-and-accurate-syste_brookes-richard-md_1771_2,556,0.19341,junk,,,,
ia_bim_eighteenth-century_a-new-and-accurate-syste_brookes-richard-md_1771_2,557,0.03209,junk,,,,
ia_bim_eighteenth-century_a-new-and-accurate-syste_brookes-richard-md_1771_2,558,0.01041,junk,,,,
ia_bim_eighteenth-century_a-new-and-accurate-syste_brookes-richard-md_1771_2,559,0.72122,non_junk,non_divine_teleology,0.00389,0.92776,0.06836
ia_bim_eighteenth-century_a-new-and-accurate-syste_brookes-richard-md_1771_2,560,0.68623,non_junk,non_divine_teleology,0.0044,0.91718,0.07842
ia_bim_eighteenth-century_a-new-and-accurate-syste_brookes-richard-md_1771_2,561,0.01685,junk,,,,
ia_bim_eighteenth-century_a-new-and-accurate-syste_brookes-richard-md_1771_2,562,0.91835,non_junk,non_divine_teleology,0.00897,0.94329,0.04774
ia_bim_eighteenth-century_a-new-and-accurate-syste_brookes-richard-md_1771_2,563,0.26874,junk,,,,
ia_bim_eighteenth-century_a-new-and-accurate-syste_brookes-richard-md_1771_2,564,0.11621,junk,,,,
ia_bim_eighteenth-century_a-new-and-accurate-syste_brookes-richard-md_1771_2,565,0.00104,junk,,,,
ia_bim_eighteenth-century_a-new-and-accurate-syste_brookes-richard-md_1771_2,566,0.97688,non_junk,non_divine_teleology,0.00827,0.95552,0.03621
ia_bim_eighteenth-century_a-new-and-accurate-syste_brookes-richard-md_1771_2,567,0.0549,junk,,,,
ia_bim_eighteenth-century_a-new-and-accurate-syste_brookes-richard-md_1771_2,568,0.0305,junk,,,,
ia_bim_eighteenth-century_a-new-and-accurate-syste_brookes-richard-md_1771_2,569,0.38343,junk,,,,
ia_bim_eighteenth-century_a-new-and-accurate-syste_brookes-richard-md_1771_2,570,0.00229,junk,,,,
ia_bim_eighteenth-century_a-new-and-accurate-syste_brookes-richard-md_1771_2,571,0.04743,junk,,,,
ia_bim_eighteenth-century_a-new-and-accurate-syste_brookes-richard-md_1771_2,572,0.84821,non_junk,non_divine_teleology,0.00056,0.97921,0.02023
ia_bim_eighteenth-century_a-new-and-accurate-syste_brookes-richard-md_1771_2,573,0.22581,junk,,,,
ia_bim_eighteenth-century_a-new-and-accurate-syste_brookes-richard-md_1771_2,574,0.00493,junk,,,,
ia_bim_eighteenth-century_a-new-and-accurate-syste_brookes-richard-md_1771_2,575,0.04445,junk,,,,
ia_bim_eighteenth-century_a-new-and-accurate-syste_brookes-richard-md_1771_2,576,0.01131,junk,,,,
ia_bim_eighteenth-century_a-new-and-accurate-syste_brookes-richard-md_1771_2,577,0.04548,junk,,,,
ia_bim_eighteenth-century_a-new-and-accurate-syste_brookes-richard-md_1771_2,578,0.01769,junk,,,,
ia_bim_eighteenth-century_a-new-and-accurate-syste_brookes-richard-md_1771_2,579,0.0004,junk,,,,
ia_bim_eighteenth-century_a-new-and-accurate-syste_brookes-richard-md_1771_2,580,0.41452,junk,,,,
ia_bim_eighteenth-century_a-new-and-accurate-syste_brookes-richard-md_1771_2,581,0.086,junk,,,,
ia_bim_eighteenth-century_a-new-and-accurate-syste_brookes-richard-md_1771_2,582,0.01228,junk,,,,
ia_bim_eighteenth-century_a-new-and-accurate-syste_brookes-richard-md_1771_2,583,0.00084,junk,,,,
ia_bim_eighteenth-century_a-new-and-accurate-syste_brookes-richard-md_1771_2,584,0.81255,non_junk,non_divine_teleology,0.00391,0.95648,0.03962
ia_bim_eighteenth-century_a-new-and-accurate-syste_brookes-richard-md_1771_2,585,0.01228,junk,,,,
ia_bim_eighteenth-century_a-new-and-accurate-syste_brookes-richard-md_1771_2,586,0.00084,junk,,,,
ia_bim_eighteenth-century_a-new-and-accurate-syste_brookes-richard-md_1771_2,587,0.81255,non_junk,non_divine_teleology,0.00391,0.95648,0.03962
ia_bim_eighteenth-century_a-new-and-accurate-syste_brookes-richard-md_1771_2,588,0.00146,junk,,,,
ia_bim_eighteenth-century_a-new-and-accurate-syste_brookes-richard-md_1771_2,589,0.01249,junk,,,,
ia_bim_eighteenth-century_a-new-and-accurate-syste_brookes-richard-md_1771_2,590,0.19943,junk,,,,
ia_bim_eighteenth-century_a-new-and-accurate-syste_brookes-richard-md_1771_2,591,0.43244,junk,,,,
ia_bim_eighteenth-century_a-new-and-accurate-syste_brookes-richard-md_1771_2,592,0.31675,junk,,,,
ia_bim_eighteenth-century_a-new-and-accurate-syste_brookes-richard-md_1771_2,593,0.03206,junk,,,,
ia_bim_eighteenth-century_a-new-and-accurate-syste_brookes-richard-md_1771_2,594,0.07326,junk,,,,
ia_bim_eighteenth-century_a-new-and-accurate-syste_brookes-richard-md_1771_2,595,0.51829,non_junk,non_divine_teleology,0.02536,0.88594,0.0887
ia_bim_eighteenth-century_a-new-and-accurate-syste_brookes-richard-md_1771_2,596,0.81845,non_junk,non_divine_teleology,0.00688,0.93625,0.05687
ia_bim_eighteenth-century_a-new-and-accurate-syste_brookes-richard-md_1771_2,597,0.44946,junk,,,,
ia_bim_eighteenth-century_a-new-and-accurate-syste_brookes-richard-md_1771_2,598,0.15146,junk,,,,
ia_bim_eighteenth-century_a-new-and-accurate-syste_brookes-richard-md_1771_2,599,0.16009,junk,,,,
ia_bim_eighteenth-century_a-new-and-accurate-syste_brookes-richard-md_1771_2,600,0.00732,junk,,,,
ia_bim_eighteenth-century_a-new-and-accurate-syste_brookes-richard-md_1771_2,601,0.29051,junk,,,,
ia_bim_eighteenth-century_a-new-and-accurate-syste_brookes-richard-md_1771_2,602,0.05011,junk,,,,
ia_bim_eighteenth-century_a-new-and-accurate-syste_brookes-richard-md_1771_2,603,5e-05,junk,,,,
ia_bim_eighteenth-century_a-new-and-accurate-syste_brookes-richard-md_1771_2,604,0.99106,non_junk,non_divine_teleology,0.00322,0.99292,0.00386
ia_bim_eighteenth-century_a-new-and-accurate-syste_brookes-richard-md_1771_2,605,0.07534,junk,,,,
ia_bim_eighteenth-century_a-new-and-accurate-syste_brookes-richard-md_1771_2,606,0.00323,junk,,,,
ia_bim_eighteenth-century_a-new-and-accurate-syste_brookes-richard-md_1771_2,607,0.37153,junk,,,,
ia_bim_eighteenth-century_a-new-and-accurate-syste_brookes-richard-md_1771_2,608,0.00687,junk,,,,
ia_bim_eighteenth-century_a-new-and-accurate-syste_brookes-richard-md_1771_2,609,0.48411,junk,,,,
ia_bim_eighteenth-century_a-new-and-accurate-syste_brookes-richard-md_1771_2,610,0.24863,junk,,,,
ia_bim_eighteenth-century_a-new-and-accurate-syste_brookes-richard-md_1771_2,611,0.17819,junk,,,,
ia_bim_eighteenth-century_a-new-and-accurate-syste_brookes-richard-md_1771_2,612,0.03898,junk,,,,
ia_bim_eighteenth-century_a-new-and-accurate-syste_brookes-richard-md_1771_2,613,0.02976,junk,,,,
ia_bim_eighteenth-century_a-new-and-accurate-syste_brookes-richard-md_1771_2,614,0.00023,junk,,,,
ia_bim_eighteenth-century_a-new-and-accurate-syste_brookes-richard-md_1771_2,615,0.04729,junk,,,,
ia_bim_eighteenth-century_a-new-and-accurate-syste_brookes-richard-md_1771_2,616,0.50012,non_junk,non_divine_teleology,0.05607,0.47905,0.46488
ia_bim_eighteenth-century_a-new-and-accurate-syste_brookes-richard-md_1771_2,617,0.88102,non_junk,non_divine_teleology,0.02576,0.52444,0.44981
ia_bim_eighteenth-century_a-new-and-accurate-syste_brookes-richard-md_1771_2,618,0.00707,junk,,,,
ia_bim_eighteenth-century_a-new-and-accurate-syste_brookes-richard-md_1771_2,619,0.00081,junk,,,,
ia_bim_eighteenth-century_a-new-and-accurate-syste_brookes-richard-md_1771_2,620,0.02715,junk,,,,
ia_bim_eighteenth-century_a-new-and-accurate-syste_brookes-richard-md_1771_2,621,0.12582,junk,,,,
ia_bim_eighteenth-century_a-new-and-accurate-syste_brookes-richard-md_1771_2,622,0.03361,junk,,,,
ia_bim_eighteenth-century_a-new-and-accurate-syste_brookes-richard-md_1771_2,624,0.00096,junk,,,,
ia_bim_eighteenth-century_a-new-and-accurate-syste_brookes-richard-md_1771_2,625,0.01651,junk,,,,
ia_bim_eighteenth-century_a-new-and-accurate-syste_brookes-richard-md_1771_2,626,0.27142,junk,,,,
ia_bim_eighteenth-century_a-new-and-accurate-syste_brookes-richard-md_1771_2,627,0.01042,junk,,,,
ia_bim_eighteenth-century_a-new-and-accurate-syste_brookes-richard-md_1771_2,628,0.90106,non_junk,non_divine_teleology,0.02038,0.92846,0.05116
ia_bim_eighteenth-century_a-new-and-accurate-syste_brookes-richard-md_1771_2,629,0.08286,junk,,,,
ia_bim_eighteenth-century_a-new-and-accurate-syste_brookes-richard-md_1771_2,630,0.57098,non_junk,non_divine_teleology,0.01422,0.82284,0.16295
ia_bim_eighteenth-century_a-new-and-accurate-syste_brookes-richard-md_1771_2,631,0.14351,junk,,,,
ia_bim_eighteenth-century_a-new-and-accurate-syste_brookes-richard-md_1771_2,632,0.57169,non_junk,internal_essence,0.00496,0.15147,0.84357
ia_bim_eighteenth-century_a-new-and-accurate-syste_brookes-richard-md_1771_2,633,0.27142,junk,,,,
ia_bim_eighteenth-century_a-new-and-accurate-syste_brookes-richard-md_1771_2,634,0.01009,junk,,,,
ia_bim_eighteenth-century_a-new-and-accurate-syste_brookes-richard-md_1771_2,635,0.04755,junk,,,,
ia_bim_eighteenth-century_a-new-and-accurate-syste_brookes-richard-md_1771_2,636,0.08547,junk,,,,
ia_bim_eighteenth-century_a-new-and-accurate-syste_brookes-richard-md_1771_2,637,0.24749,junk,,,,
ia_bim_eighteenth-century_a-new-and-accurate-syste_brookes-richard-md_1771_2,638,0.00918,junk,,,,
ia_bim_eighteenth-century_a-new-and-accurate-syste_brookes-richard-md_1771_2,639,0.02413,junk,,,,
ia_bim_eighteenth-century_a-new-and-accurate-syste_brookes-richard-md_1771_2,640,0.8193,non_junk,non_divine_teleology,0.01404,0.63894,0.34701
ia_bim_eighteenth-century_a-new-and-accurate-syste_brookes-richard-md_1771_2,641,0.46315,junk,,,,
ia_bim_eighteenth-century_a-new-and-accurate-syste_brookes-richard-md_1771_2,642,0.00934,junk,,,,
ia_bim_eighteenth-century_a-new-and-accurate-syste_brookes-richard-md_1771_2,643,0.6517,non_junk,non_divine_teleology,0.00669,0.96342,0.02989
ia_bim_eighteenth-century_a-new-and-accurate-syste_brookes-richard-md_1771_2,644,0.00641,junk,,,,
ia_bim_eighteenth-century_a-new-and-accurate-syste_brookes-richard-md_1771_2,645,0.59595,non_junk,non_divine_teleology,0.04343,0.9273,0.02928
ia_bim_eighteenth-century_a-new-and-accurate-syste_brookes-richard-md_1771_2,646,0.40579,junk,,,,
ia_bim_eighteenth-century_a-new-and-accurate-syste_brookes-richard-md_1771_2,647,0.18181,junk,,,,
ia_bim_eighteenth-century_a-new-and-accurate-syste_brookes-richard-md_1771_2,648,0.12534,junk,,,,
ia_bim_eighteenth-century_a-new-and-accurate-syste_brookes-richard-md_1771_2,649,0.00381,junk,,,,
ia_bim_eighteenth-century_a-new-and-accurate-syste_brookes-richard-md_1771_2,650,0.00698,junk,,,,
ia_bim_eighteenth-century_a-new-and-accurate-syste_brookes-richard-md_1771_2,651,0.00023,junk,,,,
ia_bim_eighteenth-century_a-new-and-accurate-syste_brookes-richard-md_1771_2,652,0.01549,junk,,,,
ia_bim_eighteenth-century_a-new-and-accurate-syste_brookes-richard-md_1771_2,653,0.01019,junk,,,,
ia_bim_eighteenth-century_a-new-and-accurate-syste_brookes-richard-md_1771_2,654,0.02421,junk,,,,
ia_bim_eighteenth-century_a-new-and-accurate-syste_brookes-richard-md_1771_2,655,0.30056,junk,,,,
ia_bim_eighteenth-century_a-new-and-accurate-syste_brookes-richard-md_1771_2,656,0.19852,junk,,,,
ia_bim_eighteenth-century_a-new-and-accurate-syste_brookes-richard-md_1771_2,657,0.02938,junk,,,,
ia_bim_eighteenth-century_a-new-and-accurate-syste_brookes-richard-md_1771_2,658,0.00147,junk,,,,
ia_bim_eighteenth-century_a-new-and-accurate-syste_brookes-richard-md_1771_2,659,0.00162,junk,,,,
ia_bim_eighteenth-century_a-new-and-accurate-syste_brookes-richard-md_1771_2,660,0.20677,junk,,,,
ia_bim_eighteenth-century_a-new-and-accurate-syste_brookes-richard-md_1771_2,661,0.00018,junk,,,,
ia_bim_eighteenth-century_a-new-and-accurate-syste_brookes-richard-md_1771_2,662,0.35054,junk,,,,
ia_bim_eighteenth-century_a-new-and-accurate-syste_brookes-richard-md_1771_2,663,0.00107,junk,,,,
ia_bim_eighteenth-century_a-new-and-accurate-syste_brookes-richard-md_1771_2,664,0.00071,junk,,,,
ia_bim_eighteenth-century_a-new-and-accurate-syste_brookes-richard-md_1771_2,665,0.00437,junk,,,,
ia_bim_eighteenth-century_a-new-and-accurate-syste_brookes-richard-md_1771_2,666,0.12006,junk,,,,
ia_bim_eighteenth-century_a-new-and-accurate-syste_brookes-richard-md_1771_2,667,0.94551,non_junk,non_divine_teleology,0.0054,0.98374,0.01086
ia_bim_eighteenth-century_a-new-and-accurate-syste_brookes-richard-md_1771_2,668,0.99132,non_junk,non_divine_teleology,0.00599,0.91575,0.07826
ia_bim_eighteenth-century_a-new-and-accurate-syste_brookes-richard-md_1771_2,669,0.10288,junk,,,,
ia_bim_eighteenth-century_a-new-and-accurate-syste_brookes-richard-md_1771_2,670,0.03429,junk,,,,
ia_bim_eighteenth-century_a-new-and-accurate-syste_brookes-richard-md_1771_2,671,0.00013,junk,,,,
ia_bim_eighteenth-century_a-new-and-accurate-syste_brookes-richard-md_1771_2,672,0.00158,junk,,,,
ia_bim_eighteenth-century_a-new-and-accurate-syste_brookes-richard-md_1771_2,673,0.00013,junk,,,,
ia_bim_eighteenth-century_a-new-and-accurate-syste_brookes-richard-md_1771_2,674,0.00324,junk,,,,
ia_bim_eighteenth-century_a-new-and-accurate-syste_brookes-richard-md_1771_2,675,0.00084,junk,,,,
ia_bim_eighteenth-century_a-new-and-accurate-syste_brookes-richard-md_1771_2,676,0.0134,junk,,,,
ia_bim_eighteenth-century_a-new-and-accurate-syste_brookes-richard-md_1771_2,677,0.01679,junk,,,,
ia_bim_eighteenth-century_a-new-and-accurate-syste_brookes-richard-md_1771_2,678,0.18411,junk,,,,
ia_bim_eighteenth-century_a-new-and-accurate-syste_brookes-richard-md_1771_2,679,0.08075,junk,,,,
ia_bim_eighteenth-century_a-new-and-accurate-syste_brookes-richard-md_1771_2,680,0.18748,junk,,,,
ia_bim_eighteenth-century_a-new-and-accurate-syste_brookes-richard-md_1771_2,681,0.01364,junk,,,,
ia_bim_eighteenth-century_a-new-and-accurate-syste_brookes-richard-md_1771_2,682,0.02297,junk,,,,
ia_bim_eighteenth-century_a-new-and-accurate-syste_brookes-richard-md_1771_2,683,0.01183,junk,,,,
ia_bim_eighteenth-century_a-new-and-accurate-syste_brookes-richard-md_1771_2,684,0.00137,junk,,,,
ia_bim_eighteenth-century_a-new-and-accurate-syste_brookes-richard-md_1771_2,685,0.00056,junk,,,,
ia_bim_eighteenth-century_a-new-and-accurate-syste_brookes-richard-md_1771_2,686,0.02297,junk,,,,
ia_bim_eighteenth-century_a-new-and-accurate-syste_brookes-richard-md_1771_2,687,0.01183,junk,,,,
ia_bim_eighteenth-century_a-new-and-accurate-syste_brookes-richard-md_1771_2,688,0.00137,junk,,,,
ia_bim_eighteenth-century_a-new-and-accurate-syste_brookes-richard-md_1771_2,689,0.00267,junk,,,,
ia_bim_eighteenth-century_a-new-and-accurate-syste_brookes-richard-md_1771_2,690,0.01289,junk,,,,
ia_bim_eighteenth-century_a-new-and-accurate-syste_brookes-richard-md_1771_2,691,0.00171,junk,,,,
ia_bim_eighteenth-century_a-new-and-accurate-syste_brookes-richard-md_1771_2,692,0.01289,junk,,,,
ia_bim_eighteenth-century_a-new-and-accurate-syste_brookes-richard-md_1771_2,693,0.00117,junk,,,,
ia_bim_eighteenth-century_a-new-and-accurate-syste_brookes-richard-md_1771_2,694,0.00607,junk,,,,
ia_bim_eighteenth-century_a-new-and-accurate-syste_brookes-richard-md_1771_2,695,0.00152,junk,,,,
ia_bim_eighteenth-century_a-new-and-accurate-syste_brookes-richard-md_1771_2,696,0.00027,junk,,,,
ia_bim_eighteenth-century_a-new-and-accurate-syste_brookes-richard-md_1771_2,697,6e-05,junk,,,,
ia_bim_eighteenth-century_a-new-and-accurate-syste_brookes-richard-md_1771_2,698,0.00014,junk,,,,
ia_bim_eighteenth-century_a-new-and-accurate-syste_brookes-richard-md_1771_2,699,0.03171,junk,,,,
ia_bim_eighteenth-century_a-new-and-accurate-syste_brookes-richard-md_1771_2,700,0.00134,junk,,,,
ia_bim_eighteenth-century_a-new-and-accurate-syste_brookes-richard-md_1771_2,701,0.52283,non_junk,non_divine_teleology,0.00872,0.69617,0.29511
ia_bim_eighteenth-century_a-new-and-accurate-syste_brookes-richard-md_1771_2,702,0.10523,junk,,,,
ia_bim_eighteenth-century_a-new-and-accurate-syste_brookes-richard-md_1771_2,703,0.00852,junk,,,,
ia_bim_eighteenth-century_a-new-and-accurate-syste_brookes-richard-md_1771_2,704,0.00064,junk,,,,
ia_bim_eighteenth-century_a-new-and-accurate-syste_brookes-richard-md_1771_2,705,0.00321,junk,,,,
ia_bim_eighteenth-century_a-new-and-accurate-syste_brookes-richard-md_1771_2,706,0.01288,junk,,,,
ia_bim_eighteenth-century_a-new-and-accurate-syste_brookes-richard-md_1771_2,707,0.03239,junk,,,,
ia_bim_eighteenth-century_a-new-and-accurate-syste_brookes-richard-md_1771_2,708,0.36833,junk,,,,
ia_bim_eighteenth-century_a-new-and-accurate-syste_brookes-richard-md_1771_2,709,0.00027,junk,,,,
ia_bim_eighteenth-century_a-new-and-accurate-syste_brookes-richard-md_1771_2,710,0.01821,junk,,,,
ia_bim_eighteenth-century_a-new-and-accurate-syste_brookes-richard-md_1771_2,711,0.06825,junk,,,,
ia_bim_eighteenth-century_a-new-and-accurate-syste_brookes-richard-md_1771_2,712,0.02331,junk,,,,
ia_bim_eighteenth-century_a-new-and-accurate-syste_brookes-richard-md_1771_2,713,0.00607,junk,,,,
ia_bim_eighteenth-century_a-new-and-accurate-syste_brookes-richard-md_1771_2,714,0.06731,junk,,,,
ia_bim_eighteenth-century_a-new-and-accurate-syste_brookes-richard-md_1771_2,715,0.00058,junk,,,,
ia_bim_eighteenth-century_a-new-and-accurate-syste_brookes-richard-md_1771_2,716,0.00088,junk,,,,
ia_bim_eighteenth-century_a-new-and-accurate-syste_brookes-richard-md_1771_2,717,0.00027,junk,,,,
ia_bim_eighteenth-century_a-new-and-accurate-syste_brookes-richard-md_1771_2,718,0.00336,junk,,,,
ia_bim_eighteenth-century_a-new-and-accurate-syste_brookes-richard-md_1771_2,719,0.52192,non_junk,non_divine_teleology,0.00674,0.98277,0.01048
ia_bim_eighteenth-century_a-new-and-accurate-syste_brookes-richard-md_1771_2,720,0.00336,junk,,,,
ia_bim_eighteenth-century_a-new-and-accurate-syste_brookes-richard-md_1771_2,721,0.52192,non_junk,non_divine_teleology,0.00674,0.98277,0.01048
ia_bim_eighteenth-century_a-new-and-accurate-syste_brookes-richard-md_1771_2,722,0.00227,junk,,,,
ia_bim_eighteenth-century_a-new-and-accurate-syste_brookes-richard-md_1771_2,723,0.00636,junk,,,,
ia_bim_eighteenth-century_a-new-and-accurate-syste_brookes-richard-md_1771_2,724,0.00114,junk,,,,
ia_bim_eighteenth-century_a-new-and-accurate-syste_brookes-richard-md_1771_2,725,0.00471,junk,,,,
ia_bim_eighteenth-century_a-new-and-accurate-syste_brookes-richard-md_1771_2,726,0.28871,junk,,,,
ia_bim_eighteenth-century_a-new-and-accurate-syste_brookes-richard-md_1771_2,727,0.06257,junk,,,,
ia_bim_eighteenth-century_a-new-and-accurate-syste_brookes-richard-md_1771_2,728,0.23412,junk,,,,
ia_bim_eighteenth-century_a-new-and-accurate-syste_brookes-richard-md_1771_2,729,0.36422,junk,,,,
ia_bim_eighteenth-century_a-new-and-accurate-syste_brookes-richard-md_1771_2,730,0.0076,junk,,,,
ia_bim_eighteenth-century_a-new-and-accurate-syste_brookes-richard-md_1771_2,731,0.32617,junk,,,,
ia_bim_eighteenth-century_a-new-and-accurate-syste_brookes-richard-md_1771_2,732,0.0125,junk,,,,
ia_bim_eighteenth-century_a-new-and-accurate-syste_brookes-richard-md_1771_2,733,0.00725,junk,,,,
ia_bim_eighteenth-century_a-new-and-accurate-syste_brookes-richard-md_1771_2,734,0.00988,junk,,,,
ia_bim_eighteenth-century_a-new-and-accurate-syste_brookes-richard-md_1771_2,735,0.01166,junk,,,,
ia_bim_eighteenth-century_a-new-and-accurate-syste_brookes-richard-md_1771_2,736,0.00988,junk,,,,
ia_bim_eighteenth-century_a-new-and-accurate-syste_brookes-richard-md_1771_2,737,0.01791,junk,,,,
ia_bim_eighteenth-century_a-new-and-accurate-syste_brookes-richard-md_1771_2,738,0.00341,junk,,,,
ia_bim_eighteenth-century_a-new-and-accurate-syste_brookes-richard-md_1771_2,739,0.54667,non_junk,non_divine_teleology,0.00524,0.97291,0.02186
ia_bim_eighteenth-century_a-new-and-accurate-syste_brookes-richard-md_1771_2,740,0.00685,junk,,,,
ia_bim_eighteenth-century_a-new-and-accurate-syste_brookes-richard-md_1771_2,741,0.05456,junk,,,,
ia_bim_eighteenth-century_a-new-and-accurate-syste_brookes-richard-md_1771_2,742,0.00354,junk,,,,
ia_bim_eighteenth-century_a-new-and-accurate-syste_brookes-richard-md_1771_2,743,0.12973,junk,,,,
ia_bim_eighteenth-century_a-new-and-accurate-syste_brookes-richard-md_1771_2,744,0.1871,junk,,,,
ia_bim_eighteenth-century_a-new-and-accurate-syste_brookes-richard-md_1771_2,745,0.00939,junk,,,,
ia_bim_eighteenth-century_a-new-and-accurate-syste_brookes-richard-md_1771_2,746,0.95381,non_junk,non_divine_teleology,0.02216,0.95559,0.02225
ia_bim_eighteenth-century_a-new-and-accurate-syste_brookes-richard-md_1771_2,747,0.89979,non_junk,non_divine_teleology,0.09549,0.86018,0.04434
ia_bim_eighteenth-century_a-new-and-accurate-syste_brookes-richard-md_1771_2,748,0.55588,non_junk,non_divine_teleology,0.02368,0.9714,0.00492
ia_bim_eighteenth-century_a-new-and-accurate-syste_brookes-richard-md_1771_2,749,0.31051,junk,,,,
ia_bim_eighteenth-century_a-new-and-accurate-syste_brookes-richard-md_1771_2,750,0.00508,junk,,,,
ia_bim_eighteenth-century_a-new-and-accurate-syste_brookes-richard-md_1771_2,751,0.12143,junk,,,,
ia_bim_eighteenth-century_a-new-and-accurate-syste_brookes-richard-md_1771_2,752,0.01489,junk,,,,
ia_bim_eighteenth-century_a-new-and-accurate-syste_brookes-richard-md_1771_2,753,0.10093,junk,,,,
ia_bim_eighteenth-century_a-new-and-accurate-syste_brookes-richard-md_1771_2,754,0.00109,junk,,,,
ia_bim_eighteenth-century_a-new-and-accurate-syste_brookes-richard-md_1771_2,755,0.00199,junk,,,,
ia_bim_eighteenth-century_a-new-and-accurate-syste_brookes-richard-md_1771_2,756,0.00796,junk,,,,
ia_bim_eighteenth-century_a-new-and-accurate-syste_brookes-richard-md_1771_2,757,0.00951,junk,,,,
ia_bim_eighteenth-century_a-new-and-accurate-syste_brookes-richard-md_1771_2,758,0.00042,junk,,,,
ia_bim_eighteenth-century_a-new-and-accurate-syste_brookes-richard-md_1771_2,759,0.04717,junk,,,,
ia_bim_eighteenth-century_a-new-and-accurate-syste_brookes-richard-md_1771_2,760,0.04332,junk,,,,
ia_bim_eighteenth-century_a-new-and-accurate-syste_brookes-richard-md_1771_2,761,0.01962,junk,,,,
ia_bim_eighteenth-century_a-new-and-accurate-syste_brookes-richard-md_1771_2,762,0.21514,junk,,,,
ia_bim_eighteenth-century_a-new-and-accurate-syste_brookes-richard-md_1771_2,763,0.6053,non_junk,non_divine_teleology,0.00598,0.92538,0.06864
ia_bim_eighteenth-century_a-new-and-accurate-syste_brookes-richard-md_1771_2,764,0.04391,junk,,,,
ia_bim_eighteenth-century_a-new-and-accurate-syste_brookes-richard-md_1771_2,765,0.50546,non_junk,non_divine_teleology,0.01192,0.8055,0.18258
ia_bim_eighteenth-century_a-new-and-accurate-syste_brookes-richard-md_1771_2,766,0.04011,junk,,,,
ia_bim_eighteenth-century_a-new-and-accurate-syste_brookes-richard-md_1771_2,767,0.00076,junk,,,,
ia_bim_eighteenth-century_a-new-and-accurate-syste_brookes-richard-md_1771_2,768,0.02879,junk,,,,
ia_bim_eighteenth-century_a-new-and-accurate-syste_brookes-richard-md_1771_2,769,0.50376,non_junk,non_divine_teleology,0.01077,0.52133,0.4679
ia_bim_eighteenth-century_a-new-and-accurate-syste_brookes-richard-md_1771_2,770,0.00044,junk,,,,
ia_bim_eighteenth-century_a-new-and-accurate-syste_brookes-richard-md_1771_2,771,0.95598,non_junk,non_divine_teleology,0.0052,0.91713,0.07767
ia_bim_eighteenth-century_a-new-and-accurate-syste_brookes-richard-md_1771_2,772,0.86078,non_junk,non_divine_teleology,0.01163,0.85441,0.13397
ia_bim_eighteenth-century_a-new-and-accurate-syste_brookes-richard-md_1771_2,773,0.60056,non_junk,non_divine_teleology,0.04518,0.69674,0.25807
ia_bim_eighteenth-century_a-new-and-accurate-syste_brookes-richard-md_1771_2,774,0.03459,junk,,,,
ia_bim_eighteenth-century_a-new-and-accurate-syste_brookes-richard-md_1771_2,775,0.00153,junk,,,,
ia_bim_eighteenth-century_a-new-and-accurate-syste_brookes-richard-md_1771_2,776,7e-05,junk,,,,
ia_bim_eighteenth-century_a-new-and-accurate-syste_brookes-richard-md_1771_2,777,0.00218,junk,,,,
ia_bim_eighteenth-century_a-new-and-accurate-syste_brookes-richard-md_1771_2,778,0.86885,non_junk,non_divine_teleology,0.02724,0.72523,0.24753
ia_bim_eighteenth-century_a-new-and-accurate-syste_brookes-richard-md_1771_2,779,0.0628,junk,,,,
ia_bim_eighteenth-century_a-new-and-accurate-syste_brookes-richard-md_1771_2,780,0.00046,junk,,,,
ia_bim_eighteenth-century_a-new-and-accurate-syste_brookes-richard-md_1771_2,781,0.01545,junk,,,,
ia_bim_eighteenth-century_a-new-and-accurate-syste_brookes-richard-md_1771_2,782,0.0628,junk,,,,
ia_bim_eighteenth-century_a-new-and-accurate-syste_brookes-richard-md_1771_2,783,0.00046,junk,,,,
ia_bim_eighteenth-century_a-new-and-accurate-syste_brookes-richard-md_1771_2,784,0.01545,junk,,,,
ia_bim_eighteenth-century_a-new-and-accurate-syste_brookes-richard-md_1771_2,785,0.04547,junk,,,,
ia_bim_eighteenth-century_a-new-and-accurate-syste_brookes-richard-md_1771_2,786,0.84093,non_junk,internal_essence,0.00418,0.20116,0.79466
ia_bim_eighteenth-century_a-new-and-accurate-syste_brookes-richard-md_1771_2,787,0.00534,junk,,,,
ia_bim_eighteenth-century_a-new-and-accurate-syste_brookes-richard-md_1771_2,788,0.73074,non_junk,internal_essence,0.0019,0.08669,0.9114
ia_bim_eighteenth-century_a-new-and-accurate-syste_brookes-richard-md_1771_2,789,0.00534,junk,,,,
ia_bim_eighteenth-century_a-new-and-accurate-syste_brookes-richard-md_1771_2,790,0.02226,junk,,,,
ia_bim_eighteenth-century_a-new-and-accurate-syste_brookes-richard-md_1771_2,791,0.22394,junk,,,,
ia_bim_eighteenth-century_a-new-and-accurate-syste_brookes-richard-md_1771_2,792,0.00058,junk,,,,
ia_bim_eighteenth-century_a-new-and-accurate-syste_brookes-richard-md_1771_2,793,0.03216,junk,,,,
ia_bim_eighteenth-century_a-new-and-accurate-syste_brookes-richard-md_1771_2,794,0.00471,junk,,,,
ia_bim_eighteenth-century_a-new-and-accurate-syste_brookes-richard-md_1771_2,795,0.86752,non_junk,non_divine_teleology,0.01702,0.95934,0.02364
ia_bim_eighteenth-century_a-new-and-accurate-syste_brookes-richard-md_1771_2,796,0.01046,junk,,,,
ia_bim_eighteenth-century_a-new-and-accurate-syste_brookes-richard-md_1771_2,797,0.00179,junk,,,,
ia_bim_eighteenth-century_a-new-and-accurate-syste_brookes-richard-md_1771_2,798,0.0002,junk,,,,
ia_bim_eighteenth-century_a-new-and-accurate-syste_brookes-richard-md_1771_2,799,0.00066,junk,,,,
ia_bim_eighteenth-century_a-new-and-accurate-syste_brookes-richard-md_1771_2,800,0.12795,junk,,,,
ia_bim_eighteenth-century_a-new-and-accurate-syste_brookes-richard-md_1771_2,801,0.12876,junk,,,,
ia_bim_eighteenth-century_a-new-and-accurate-syste_brookes-richard-md_1771_2,802,0.0153,junk,,,,
ia_bim_eighteenth-century_a-new-and-accurate-syste_brookes-richard-md_1771_2,803,0.08164,junk,,,,
ia_bim_eighteenth-century_a-new-and-accurate-syste_brookes-richard-md_1771_2,804,0.00182,junk,,,,
ia_bim_eighteenth-century_a-new-and-accurate-syste_brookes-richard-md_1771_2,806,0.99466,non_junk,non_divine_teleology,0.01444,0.88376,0.1018
ia_bim_eighteenth-century_a-new-and-accurate-syste_brookes-richard-md_1771_2,807,0.50383,non_junk,non_divine_teleology,0.00538,0.94878,0.04584
ia_bim_eighteenth-century_a-new-and-accurate-syste_brookes-richard-md_1771_2,808,0.02765,junk,,,,
ia_bim_eighteenth-century_a-new-and-accurate-syste_brookes-richard-md_1771_2,809,0.50383,non_junk,non_divine_teleology,0.00538,0.94878,0.04584
ia_bim_eighteenth-century_a-new-and-accurate-syste_brookes-richard-md_1771_2,810,0.02765,junk,,,,
ia_bim_eighteenth-century_a-new-and-accurate-syste_brookes-richard-md_1771_2,811,0.60061,non_junk,internal_essence,0.00854,0.41509,0.57637
ia_bim_eighteenth-century_a-new-and-accurate-syste_brookes-richard-md_1771_2,812,0.03677,junk,,,,
ia_bim_eighteenth-century_a-new-and-accurate-syste_brookes-richard-md_1771_2,813,0.00055,junk,,,,
ia_bim_eighteenth-century_a-new-and-accurate-syste_brookes-richard-md_1771_2,814,0.01881,junk,,,,
ia_bim_eighteenth-century_a-new-and-accurate-syste_brookes-richard-md_1771_2,815,0.001,junk,,,,
ia_bim_eighteenth-century_a-new-and-accurate-syste_brookes-richard-md_1771_2,816,0.00145,junk,,,,
ia_bim_eighteenth-century_a-new-and-accurate-syste_brookes-richard-md_1771_2,817,0.03418,junk,,,,
ia_bim_eighteenth-century_a-new-and-accurate-syste_brookes-richard-md_1771_2,818,0.00609,junk,,,,
ia_bim_eighteenth-century_a-new-and-accurate-syste_brookes-richard-md_1771_2,819,0.00092,junk,,,,
ia_bim_eighteenth-century_a-new-and-accurate-syste_brookes-richard-md_1771_2,820,0.00555,junk,,,,
ia_bim_eighteenth-century_a-new-and-accurate-syste_brookes-richard-md_1771_2,821,0.98358,non_junk,non_divine_teleology,0.00261,0.97061,0.02678
ia_bim_eighteenth-century_a-new-and-accurate-syste_brookes-richard-md_1771_2,822,0.01071,junk,,,,
ia_bim_eighteenth-century_a-new-and-accurate-syste_brookes-richard-md_1771_2,823,0.00609,junk,,,,
ia_bim_eighteenth-century_a-new-and-accurate-syste_brookes-richard-md_1771_2,824,0.00092,junk,,,,
ia_bim_eighteenth-century_a-new-and-accurate-syste_brookes-richard-md_1771_2,825,0.00555,junk,,,,
ia_bim_eighteenth-century_a-new-and-accurate-syste_brookes-richard-md_1771_2,826,0.98358,non_junk,non_divine_teleology,0.00261,0.97061,0.02678
ia_bim_eighteenth-century_a-new-and-accurate-syste_brookes-richard-md_1771_2,827,0.01479,junk,,,,
ia_bim_eighteenth-century_a-new-and-accurate-syste_brookes-richard-md_1771_2,828,0.00977,junk,,,,
ia_bim_eighteenth-century_a-new-and-accurate-syste_brookes-richard-md_1771_2,829,0.00197,junk,,,,
ia_bim_eighteenth-century_a-new-and-accurate-syste_brookes-richard-md_1771_2,830,8e-05,junk,,,,
ia_bim_eighteenth-century_a-new-and-accurate-syste_brookes-richard-md_1771_2,831,0.0041,junk,,,,
ia_bim_eighteenth-century_a-new-and-accurate-syste_brookes-richard-md_1771_2,832,8e-05,junk,,,,
ia_bim_eighteenth-century_a-new-and-accurate-syste_brookes-richard-md_1771_2,833,0.00465,junk,,,,
ia_bim_eighteenth-century_a-new-and-accurate-syste_brookes-richard-md_1771_2,834,0.00022,junk,,,,
ia_bim_eighteenth-century_a-new-and-accurate-syste_brookes-richard-md_1771_2,835,0.00214,junk,,,,
ia_bim_eighteenth-century_a-new-and-accurate-syste_brookes-richard-md_1771_2,836,0.00485,junk,,,,
ia_bim_eighteenth-century_a-new-and-accurate-syste_brookes-richard-md_1771_2,837,0.0589,junk,,,,
ia_bim_eighteenth-century_a-new-and-accurate-syste_brookes-richard-md_1771_2,838,0.00247,junk,,,,
ia_bim_eighteenth-century_a-new-and-accurate-syste_brookes-richard-md_1771_2,839,0.46614,junk,,,,
ia_bim_eighteenth-century_a-new-and-accurate-syste_brookes-richard-md_1771_2,840,0.00202,junk,,,,
ia_bim_eighteenth-century_a-new-and-accurate-syste_brookes-richard-md_1771_2,841,0.00908,junk,,,,
ia_bim_eighteenth-century_a-new-and-accurate-syste_brookes-richard-md_1771_2,842,0.00908,junk,,,,
ia_bim_eighteenth-century_a-new-and-accurate-syste_brookes-richard-md_1771_2,843,0.00049,junk,,,,
ia_bim_eighteenth-century_a-new-and-accurate-syste_brookes-richard-md_1771_2,844,0.00585,junk,,,,
ia_bim_eighteenth-century_a-new-and-accurate-syste_brookes-richard-md_1771_2,845,0.15847,junk,,,,
ia_bim_eighteenth-century_a-new-and-accurate-syste_brookes-richard-md_1771_2,846,0.00322,junk,,,,
ia_bim_eighteenth-century_a-new-and-accurate-syste_brookes-richard-md_1771_2,847,0.182,junk,,,,
ia_bim_eighteenth-century_a-new-and-accurate-syste_brookes-richard-md_1771_2,848,0.00258,junk,,,,
ia_bim_eighteenth-century_a-new-and-accurate-syste_brookes-richard-md_1771_2,849,0.00322,junk,,,,
ia_bim_eighteenth-century_a-new-and-accurate-syste_brookes-richard-md_1771_2,850,0.182,junk,,,,
ia_bim_eighteenth-century_a-new-and-accurate-syste_brookes-richard-md_1771_2,851,0.50633,non_junk,non_divine_teleology,0.00366,0.98961,0.00674
ia_bim_eighteenth-century_a-new-and-accurate-syste_brookes-richard-md_1771_2,852,0.00023,junk,,,,
ia_bim_eighteenth-century_a-new-and-accurate-syste_brookes-richard-md_1771_2,853,0.00956,junk,,,,
ia_bim_eighteenth-century_a-new-and-accurate-syste_brookes-richard-md_1771_2,854,0.00184,junk,,,,
ia_bim_eighteenth-century_a-new-and-accurate-syste_brookes-richard-md_1771_2,855,6e-05,junk,,,,
ia_bim_eighteenth-century_a-new-and-accurate-syste_brookes-richard-md_1771_2,856,8e-05,junk,,,,
ia_bim_eighteenth-century_a-new-and-accurate-syste_brookes-richard-md_1771_2,857,0.00054,junk,,,,
ia_bim_eighteenth-century_a-new-and-accurate-syste_brookes-richard-md_1771_2,858,0.02128,junk,,,,
ia_bim_eighteenth-century_a-new-and-accurate-syste_brookes-richard-md_1771_2,859,0.48131,junk,,,,
ia_bim_eighteenth-century_a-new-and-accurate-syste_brookes-richard-md_1771_2,860,0.7972,non_junk,non_divine_teleology,0.00487,0.94385,0.05128
ia_bim_eighteenth-century_a-new-and-accurate-syste_brookes-richard-md_1771_2,861,0.00068,junk,,,,
ia_bim_eighteenth-century_a-new-and-accurate-syste_brookes-richard-md_1771_2,862,0.01079,junk,,,,
ia_bim_eighteenth-century_a-new-and-accurate-syste_brookes-richard-md_1771_2,863,0.95726,non_junk,non_divine_teleology,0.00558,0.97945,0.01497
ia_bim_eighteenth-century_a-new-and-accurate-syste_brookes-richard-md_1771_2,864,0.00326,junk,,,,
ia_bim_eighteenth-century_a-new-and-accurate-syste_brookes-richard-md_1771_2,865,0.00187,junk,,,,
ia_bim_eighteenth-century_a-new-and-accurate-syste_brookes-richard-md_1771_2,866,0.00114,junk,,,,
ia_bim_eighteenth-century_a-new-and-accurate-syste_brookes-richard-md_1771_2,867,0.00215,junk,,,,
ia_bim_eighteenth-century_a-new-and-accurate-syste_brookes-richard-md_1771_2,868,0.00405,junk,,,,
ia_bim_eighteenth-century_a-new-and-accurate-syste_brookes-richard-md_1771_2,869,0.00559,junk,,,,
ia_bim_eighteenth-century_a-new-and-accurate-syste_brookes-richard-md_1771_2,870,0.00748,junk,,,,
ia_bim_eighteenth-century_a-new-and-accurate-syste_brookes-richard-md_1771_2,871,0.00215,junk,,,,
ia_bim_eighteenth-century_a-new-and-accurate-syste_brookes-richard-md_1771_2,872,0.00405,junk,,,,
ia_bim_eighteenth-century_a-new-and-accurate-syste_brookes-richard-md_1771_2,873,0.00559,junk,,,,
ia_bim_eighteenth-century_a-new-and-accurate-syste_brookes-richard-md_1771_2,874,0.00748,junk,,,,
ia_bim_eighteenth-century_a-new-and-accurate-syste_brookes-richard-md_1771_2,875,0.01284,junk,,,,
ia_bim_eighteenth-century_a-new-and-accurate-syste_brookes-richard-md_1771_2,876,0.0051,junk,,,,
ia_bim_eighteenth-century_a-new-and-accurate-syste_brookes-richard-md_1771_2,877,0.00211,junk,,,,
ia_bim_eighteenth-century_a-new-and-accurate-syste_brookes-richard-md_1771_2,878,0.38503,junk,,,,
ia_bim_eighteenth-century_a-new-and-accurate-syste_brookes-richard-md_1771_2,879,0.00109,junk,,,,
ia_bim_eighteenth-century_a-new-and-accurate-syste_brookes-richard-md_1771_2,880,0.00293,junk,,,,
ia_bim_eighteenth-century_a-new-and-accurate-syste_brookes-richard-md_1771_2,881,0.00257,junk,,,,
ia_bim_eighteenth-century_a-new-and-accurate-syste_brookes-richard-md_1771_2,882,0.00603,junk,,,,
ia_bim_eighteenth-century_a-new-and-accurate-syste_brookes-richard-md_1771_2,883,0.00246,junk,,,,
ia_bim_eighteenth-century_a-new-and-accurate-syste_brookes-richard-md_1771_2,884,0.02721,junk,,,,
ia_bim_eighteenth-century_a-new-and-accurate-syste_brookes-richard-md_1771_2,885,0.00293,junk,,,,
ia_bim_eighteenth-century_a-new-and-accurate-syste_brookes-richard-md_1771_2,886,0.00257,junk,,,,
ia_bim_eighteenth-century_a-new-and-accurate-syste_brookes-richard-md_1771_2,887,0.00603,junk,,,,
ia_bim_eighteenth-century_a-new-and-accurate-syste_brookes-richard-md_1771_2,888,0.00246,junk,,,,
ia_bim_eighteenth-century_a-new-and-accurate-syste_brookes-richard-md_1771_2,889,0.00666,junk,,,,
ia_bim_eighteenth-century_a-new-and-accurate-syste_brookes-richard-md_1771_2,890,0.00312,junk,,,,
ia_bim_eighteenth-century_a-new-and-accurate-syste_brookes-richard-md_1771_2,891,0.00145,junk,,,,
ia_bim_eighteenth-century_a-new-and-accurate-syste_brookes-richard-md_1771_2,892,0.09773,junk,,,,
ia_bim_eighteenth-century_a-new-and-accurate-syste_brookes-richard-md_1771_2,893,0.0208,junk,,,,
ia_bim_eighteenth-century_a-new-and-accurate-syste_brookes-richard-md_1771_2,894,0.00186,junk,,,,
ia_bim_eighteenth-century_a-new-and-accurate-syste_brookes-richard-md_1771_2,895,0.00075,junk,,,,
ia_bim_eighteenth-century_a-new-and-accurate-syste_brookes-richard-md_1771_2,896,0.00241,junk,,,,
ia_bim_eighteenth-century_a-new-and-accurate-syste_brookes-richard-md_1771_2,897,0.00024,junk,,,,
ia_bim_eighteenth-century_a-new-and-accurate-syste_brookes-richard-md_1771_2,898,0.02359,junk,,,,
ia_bim_eighteenth-century_a-new-and-accurate-syste_brookes-richard-md_1771_2,899,0.00647,junk,,,,
ia_bim_eighteenth-century_a-new-and-accurate-syste_brookes-richard-md_1771_2,900,0.00047,junk,,,,
ia_bim_eighteenth-century_a-new-and-accurate-syste_brookes-richard-md_1771_2,901,0.00078,junk,,,,
ia_bim_eighteenth-century_a-new-and-accurate-syste_brookes-richard-md_1771_2,902,0.0003,junk,,,,
ia_bim_eighteenth-century_a-new-and-accurate-syste_brookes-richard-md_1771_2,903,0.00471,junk,,,,
ia_bim_eighteenth-century_a-new-and-accurate-syste_brookes-richard-md_1771_2,904,0.13746,junk,,,,
ia_bim_eighteenth-century_a-new-and-accurate-syste_brookes-richard-md_1771_2,905,0.01052,junk,,,,
ia_bim_eighteenth-century_a-new-and-accurate-syste_brookes-richard-md_1771_2,906,0.00039,junk,,,,
ia_bim_eighteenth-century_a-new-and-accurate-syste_brookes-richard-md_1771_2,907,0.01711,junk,,,,
ia_bim_eighteenth-century_a-new-and-accurate-syste_brookes-richard-md_1771_2,908,0.60816,non_junk,non_divine_teleology,0.00829,0.93848,0.05323
ia_bim_eighteenth-century_a-new-and-accurate-syste_brookes-richard-md_1771_2,909,0.0589,junk,,,,
ia_bim_eighteenth-century_a-new-and-accurate-syste_brookes-richard-md_1771_2,910,0.00405,junk,,,,
ia_bim_eighteenth-century_a-new-and-accurate-syste_brookes-richard-md_1771_2,911,0.00971,junk,,,,
ia_bim_eighteenth-century_a-new-and-accurate-syste_brookes-richard-md_1771_2,912,0.01668,junk,,,,
ia_bim_eighteenth-century_a-new-and-accurate-syste_brookes-richard-md_1771_2,913,0.00015,junk,,,,
ia_bim_eighteenth-century_a-new-and-accurate-syste_brookes-richard-md_1771_2,914,0.00117,junk,,,,
ia_bim_eighteenth-century_a-new-and-accurate-syste_brookes-richard-md_1771_2,915,0.12459,junk,,,,
ia_bim_eighteenth-century_a-new-and-accurate-syste_brookes-richard-md_1771_2,917,0.00015,junk,,,,
ia_bim_eighteenth-century_a-new-and-accurate-syste_brookes-richard-md_1771_2,918,0.00117,junk,,,,
ia_bim_eighteenth-century_a-new-and-accurate-syste_brookes-richard-md_1771_2,919,0.04695,junk,,,,
ia_bim_eighteenth-century_a-new-and-accurate-syste_brookes-richard-md_1771_2,920,0.00023,junk,,,,
ia_bim_eighteenth-century_a-new-and-accurate-syste_brookes-richard-md_1771_2,921,0.00014,junk,,,,
ia_bim_eighteenth-century_a-new-and-accurate-syste_brookes-richard-md_1771_2,922,0.99992,non_junk,non_divine_teleology,0.00171,0.99765,0.00064
ia_bim_eighteenth-century_a-new-and-accurate-syste_brookes-richard-md_1771_2,923,0.00077,junk,,,,
ia_bim_eighteenth-century_a-new-and-accurate-syste_brookes-richard-md_1771_2,925,0.00028,junk,,,,
ia_bim_eighteenth-century_a-new-and-accurate-syste_brookes-richard-md_1771_2,926,0.00319,junk,,,,
ia_bim_eighteenth-century_a-new-and-accurate-syste_brookes-richard-md_1771_2,927,0.02315,junk,,,,
ia_bim_eighteenth-century_a-new-and-accurate-syste_brookes-richard-md_1771_2,928,0.00097,junk,,,,
ia_bim_eighteenth-century_a-new-and-accurate-syste_brookes-richard-md_1771_2,929,0.19058,junk,,,,
ia_bim_eighteenth-century_a-new-and-accurate-syste_brookes-richard-md_1771_2,930,0.00308,junk,,,,
ia_bim_eighteenth-century_a-new-and-accurate-syste_brookes-richard-md_1771_2,931,0.00059,junk,,,,
ia_bim_eighteenth-century_a-new-and-accurate-syste_brookes-richard-md_1771_2,932,0.38513,junk,,,,
ia_bim_eighteenth-century_a-new-and-accurate-syste_brookes-richard-md_1771_2,933,0.00087,junk,,,,
ia_bim_eighteenth-century_a-new-and-accurate-syste_brookes-richard-md_1771_2,934,0.00649,junk,,,,
ia_bim_eighteenth-century_a-new-and-accurate-syste_brookes-richard-md_1771_2,935,0.00318,junk,,,,
ia_bim_eighteenth-century_a-new-and-accurate-syste_brookes-richard-md_1771_2,936,0.19949,junk,,,,
ia_bim_eighteenth-century_a-new-and-accurate-syste_brookes-richard-md_1771_2,937,0.0024,junk,,,,
ia_bim_eighteenth-century_a-new-and-accurate-syste_brookes-richard-md_1771_2,938,8e-05,junk,,,,
ia_bim_eighteenth-century_a-new-and-accurate-syste_brookes-richard-md_1771_2,939,0.00318,junk,,,,
ia_bim_eighteenth-century_a-new-and-accurate-syste_brookes-richard-md_1771_2,940,0.19949,junk,,,,
ia_bim_eighteenth-century_a-new-and-accurate-syste_brookes-richard-md_1771_2,941,0.0024,junk,,,,
ia_bim_eighteenth-century_a-new-and-accurate-syste_brookes-richard-md_1771_2,942,0.00532,junk,,,,
ia_bim_eighteenth-century_a-new-and-accurate-syste_brookes-richard-md_1771_2,943,0.05882,junk,,,,
ia_bim_eighteenth-century_a-new-and-accurate-syste_brookes-richard-md_1771_2,944,0.33411,junk,,,,
ia_bim_eighteenth-century_a-new-and-accurate-syste_brookes-richard-md_1771_2,945,0.01526,junk,,,,
ia_bim_eighteenth-century_a-new-and-accurate-syste_brookes-richard-md_1771_2,946,0.16058,junk,,,,
ia_bim_eighteenth-century_a-new-and-accurate-syste_brookes-richard-md_1771_2,947,0.03669,junk,,,,
ia_bim_eighteenth-century_a-new-and-accurate-syste_brookes-richard-md_1771_2,948,0.98726,non_junk,non_divine_teleology,0.0041,0.98666,0.00924
ia_bim_eighteenth-century_a-new-and-accurate-syste_brookes-richard-md_1771_2,949,0.00043,junk,,,,
ia_bim_eighteenth-century_a-new-and-accurate-syste_brookes-richard-md_1771_2,950,0.00076,junk,,,,
ia_bim_eighteenth-century_a-new-and-accurate-syste_brookes-richard-md_1771_2,951,0.3766,junk,,,,
ia_bim_eighteenth-century_a-new-and-accurate-syste_brookes-richard-md_1771_2,952,0.83768,non_junk,non_divine_teleology,0.01321,0.95423,0.03255
ia_bim_eighteenth-century_a-new-and-accurate-syste_brookes-richard-md_1771_2,953,0.00465,junk,,,,
ia_bim_eighteenth-century_a-new-and-accurate-syste_brookes-richard-md_1771_2,954,0.82099,non_junk,non_divine_teleology,0.01734,0.82762,0.15504
ia_bim_eighteenth-century_a-new-and-accurate-syste_brookes-richard-md_1771_2,955,0.0402,junk,,,,
ia_bim_eighteenth-century_a-new-and-accurate-syste_brookes-richard-md_1771_2,956,0.00184,junk,,,,
ia_bim_eighteenth-century_a-new-and-accurate-syste_brookes-richard-md_1771_2,957,0.59282,non_junk,non_divine_teleology,0.03109,0.9261,0.04281
ia_bim_eighteenth-century_a-new-and-accurate-syste_brookes-richard-md_1771_2,958,0.00378,junk,,,,
ia_bim_eighteenth-century_a-new-and-accurate-syste_brookes-richard-md_1771_2,959,0.65822,non_junk,non_divine_teleology,0.0081,0.88834,0.10356
ia_bim_eighteenth-century_a-new-and-accurate-syste_brookes-richard-md_1771_2,960,0.13236,junk,,,,
ia_bim_eighteenth-century_a-new-and-accurate-syste_brookes-richard-md_1771_2,961,0.00988,junk,,,,
ia_bim_eighteenth-century_a-new-and-accurate-syste_brookes-richard-md_1771_2,962,0.0018,junk,,,,
ia_bim_eighteenth-century_a-new-and-accurate-syste_brookes-richard-md_1771_2,963,0.27974,junk,,,,
ia_bim_eighteenth-century_a-new-and-accurate-syste_brookes-richard-md_1771_2,964,0.00034,junk,,,,
ia_bim_eighteenth-century_a-new-and-accurate-syste_brookes-richard-md_1771_2,965,0.04094,junk,,,,
ia_bim_eighteenth-century_a-new-and-accurate-syste_brookes-richard-md_1771_2,966,0.21276,junk,,,,
ia_bim_eighteenth-century_a-new-and-accurate-syste_brookes-richard-md_1771_2,967,0.00581,junk,,,,
ia_bim_eighteenth-century_a-new-and-accurate-syste_brookes-richard-md_1771_2,968,0.00525,junk,,,,
ia_bim_eighteenth-century_a-new-and-accurate-syste_brookes-richard-md_1771_2,969,0.0116,junk,,,,
ia_bim_eighteenth-century_a-new-and-accurate-syste_brookes-richard-md_1771_2,970,0.73437,non_junk,non_divine_teleology,0.01463,0.96149,0.02387
ia_bim_eighteenth-century_a-new-and-accurate-syste_brookes-richard-md_1771_2,971,0.66031,non_junk,non_divine_teleology,0.02158,0.95799,0.02043
ia_bim_eighteenth-century_a-new-and-accurate-syste_brookes-richard-md_1771_2,972,0.39305,junk,,,,
ia_bim_eighteenth-century_a-new-and-accurate-syste_brookes-richard-md_1771_2,973,0.98664,non_junk,non_divine_teleology,0.01487,0.55265,0.43248
ia_bim_eighteenth-century_a-new-and-accurate-syste_brookes-richard-md_1771_2,974,0.01672,junk,,,,
ia_bim_eighteenth-century_a-new-and-accurate-syste_brookes-richard-md_1771_2,975,0.94665,non_junk,non_divine_teleology,0.01292,0.86562,0.12146
ia_bim_eighteenth-century_a-new-and-accurate-syste_brookes-richard-md_1771_2,976,0.39305,junk,,,,
ia_bim_eighteenth-century_a-new-and-accurate-syste_brookes-richard-md_1771_2,977,0.98664,non_junk,non_divine_teleology,0.01487,0.55265,0.43248
ia_bim_eighteenth-century_a-new-and-accurate-syste_brookes-richard-md_1771_2,978,0.01672,junk,,,,
ia_bim_eighteenth-century_a-new-and-accurate-syste_brookes-richard-md_1771_2,979,0.89594,non_junk,non_divine_teleology,0.01523,0.87074,0.11403
ia_bim_eighteenth-century_a-new-and-accurate-syste_brookes-richard-md_1771_2,980,0.42831,junk,,,,
ia_bim_eighteenth-century_a-new-and-accurate-syste_brookes-richard-md_1771_2,981,0.02031,junk,,,,
ia_bim_eighteenth-century_a-new-and-accurate-syste_brookes-richard-md_1771_2,982,0.00795,junk,,,,
ia_bim_eighteenth-century_a-new-and-accurate-syste_brookes-richard-md_1771_2,983,0.97511,non_junk,non_divine_teleology,0.00751,0.92934,0.06315
ia_bim_eighteenth-century_a-new-and-accurate-syste_brookes-richard-md_1771_2,984,0.00522,junk,,,,
ia_bim_eighteenth-century_a-new-and-accurate-syste_brookes-richard-md_1771_2,985,0.0001,junk,,,,
ia_bim_eighteenth-century_a-new-and-accurate-syste_brookes-richard-md_1771_2,986,0.0665,junk,,,,
ia_bim_eighteenth-century_a-new-and-accurate-syste_brookes-richard-md_1771_2,987,5e-05,junk,,,,
ia_bim_eighteenth-century_a-new-and-accurate-syste_brookes-richard-md_1771_2,988,0.00119,junk,,,,
ia_bim_eighteenth-century_a-new-and-accurate-syste_brookes-richard-md_1771_2,989,0.00522,junk,,,,
ia_bim_eighteenth-century_a-new-and-accurate-syste_brookes-richard-md_1771_2,990,0.0001,junk,,,,
ia_bim_eighteenth-century_a-new-and-accurate-syste_brookes-richard-md_1771_2,991,0.0665,junk,,,,
ia_bim_eighteenth-century_a-new-and-accurate-syste_brookes-richard-md_1771_2,992,5e-05,junk,,,,
ia_bim_eighteenth-century_a-new-and-accurate-syste_brookes-richard-md_1771_2,993,0.00326,junk,,,,
ia_bim_eighteenth-century_a-new-and-accurate-syste_brookes-richard-md_1771_2,994,0.00469,junk,,,,
ia_bim_eighteenth-century_a-new-and-accurate-syste_brookes-richard-md_1771_2,995,0.00258,junk,,,,
ia_bim_eighteenth-century_a-new-and-accurate-syste_brookes-richard-md_1771_2,996,0.3034,junk,,,,
ia_bim_eighteenth-century_a-new-and-accurate-syste_brookes-richard-md_1771_2,997,0.0087,junk,,,,
ia_bim_eighteenth-century_a-new-and-accurate-syste_brookes-richard-md_1771_2,998,0.01568,junk,,,,
ia_bim_eighteenth-century_a-new-and-accurate-syste_brookes-richard-md_1771_2,999,0.00161,junk,,,,
ia_bim_eighteenth-century_a-new-and-accurate-syste_brookes-richard-md_1771_2,1000,0.00421,junk,,,,
ia_bim_eighteenth-century_a-new-and-accurate-syste_brookes-richard-md_1771_2,1001,0.00327,junk,,,,
ia_bim_eighteenth-century_a-new-and-accurate-syste_brookes-richard-md_1771_2,1002,0.01755,junk,,,,
ia_bim_eighteenth-century_a-new-and-accurate-syste_brookes-richard-md_1771_2,1003,0.00223,junk,,,,
ia_bim_eighteenth-century_a-new-and-accurate-syste_brookes-richard-md_1771_2,1004,0.03465,junk,,,,
ia_bim_eighteenth-century_a-new-and-accurate-syste_brookes-richard-md_1771_2,1005,0.00421,junk,,,,
ia_bim_eighteenth-century_a-new-and-accurate-syste_brookes-richard-md_1771_2,1006,0.00327,junk,,,,
ia_bim_eighteenth-century_a-new-and-accurate-syste_brookes-richard-md_1771_2,1007,0.01755,junk,,,,
ia_bim_eighteenth-century_a-new-and-accurate-syste_brookes-richard-md_1771_2,1008,0.00223,junk,,,,
ia_bim_eighteenth-century_a-new-and-accurate-syste_brookes-richard-md_1771_2,1009,0.02255,junk,,,,
ia_bim_eighteenth-century_a-new-and-accurate-syste_brookes-richard-md_1771_2,1010,0.07863,junk,,,,
ia_bim_eighteenth-century_a-new-and-accurate-syste_brookes-richard-md_1771_2,1011,0.99852,non_junk,internal_essence,0.00166,0.13165,0.8667
ia_bim_eighteenth-century_a-new-and-accurate-syste_brookes-richard-md_1771_2,1012,0.90032,non_junk,non_divine_teleology,0.00346,0.97984,0.01669
ia_bim_eighteenth-century_a-new-and-accurate-syste_brookes-richard-md_1771_2,1013,0.15342,junk,,,,
ia_bim_eighteenth-century_a-new-and-accurate-syste_brookes-richard-md_1771_2,1014,0.00093,junk,,,,
ia_bim_eighteenth-century_a-new-and-accurate-syste_brookes-richard-md_1771_2,1015,0.00258,junk,,,,
ia_bim_eighteenth-century_a-new-and-accurate-syste_brookes-richard-md_1771_2,1016,0.00049,junk,,,,
ia_bim_eighteenth-century_a-new-and-accurate-syste_brookes-richard-md_1771_2,1017,0.00141,junk,,,,
ia_bim_eighteenth-century_a-new-and-accurate-syste_brookes-richard-md_1771_2,1018,0.00371,junk,,,,
ia_bim_eighteenth-century_a-new-and-accurate-syste_brookes-richard-md_1771_2,1019,0.00258,junk,,,,
ia_bim_eighteenth-century_a-new-and-accurate-syste_brookes-richard-md_1771_2,1020,0.00049,junk,,,,
ia_bim_eighteenth-century_a-new-and-accurate-syste_brookes-richard-md_1771_2,1021,0.00141,junk,,,,
ia_bim_eighteenth-century_a-new-and-accurate-syste_brookes-richard-md_1771_2,1022,0.00497,junk,,,,
ia_bim_eighteenth-century_a-new-and-accurate-syste_brookes-richard-md_1771_2,1023,0.00475,junk,,,,
ia_bim_eighteenth-century_a-new-and-accurate-syste_brookes-richard-md_1771_2,1024,0.00882,junk,,,,
ia_bim_eighteenth-century_a-new-and-accurate-syste_brookes-richard-md_1771_2,1025,0.00171,junk,,,,
ia_bim_eighteenth-century_a-new-and-accurate-syste_brookes-richard-md_1771_2,1026,0.16893,junk,,,,
ia_bim_eighteenth-century_a-new-and-accurate-syste_brookes-richard-md_1771_2,1027,0.08302,junk,,,,
ia_bim_eighteenth-century_a-new-and-accurate-syste_brookes-richard-md_1771_2,1028,0.02837,junk,,,,
ia_bim_eighteenth-century_a-new-and-accurate-syste_brookes-richard-md_1771_2,1029,0.00081,junk,,,,
ia_bim_eighteenth-century_a-new-and-accurate-syste_brookes-richard-md_1771_2,1030,0.00391,junk,,,,
ia_bim_eighteenth-century_a-new-and-accurate-syste_brookes-richard-md_1771_2,1031,0.98903,non_junk,internal_essence,0.00436,0.1169,0.87874
ia_bim_eighteenth-century_a-new-and-accurate-syste_brookes-richard-md_1771_2,1032,0.00198,junk,,,,
ia_bim_eighteenth-century_a-new-and-accurate-syste_brookes-richard-md_1771_2,1033,0.03643,junk,,,,
ia_bim_eighteenth-century_a-new-and-accurate-syste_brookes-richard-md_1771_2,1034,0.00419,junk,,,,
ia_bim_eighteenth-century_a-new-and-accurate-syste_brookes-richard-md_1771_2,1035,0.00109,junk,,,,
ia_bim_eighteenth-century_a-new-and-accurate-syste_brookes-richard-md_1771_2,1036,0.04089,junk,,,,
ia_bim_eighteenth-century_a-new-and-accurate-syste_brookes-richard-md_1771_2,1037,0.03643,junk,,,,
ia_bim_eighteenth-century_a-new-and-accurate-syste_brookes-richard-md_1771_2,1038,0.00419,junk,,,,
ia_bim_eighteenth-century_a-new-and-accurate-syste_brookes-richard-md_1771_2,1039,0.00109,junk,,,,
ia_bim_eighteenth-century_a-new-and-accurate-syste_brookes-richard-md_1771_2,1040,0.02323,junk,,,,
ia_bim_eighteenth-century_a-new-and-accurate-syste_brookes-richard-md_1771_2,1041,0.20772,junk,,,,
ia_bim_eighteenth-century_a-new-and-accurate-syste_brookes-richard-md_1771_2,1042,0.55262,non_junk,non_divine_teleology,0.00477,0.98413,0.0111
ia_bim_eighteenth-century_a-new-and-accurate-syste_brookes-richard-md_1771_2,1043,0.00686,junk,,,,
ia_bim_eighteenth-century_a-new-and-accurate-syste_brookes-richard-md_1771_2,1044,0.00049,junk,,,,
ia_bim_eighteenth-century_a-new-and-accurate-syste_brookes-richard-md_1771_2,1045,0.00028,junk,,,,
ia_bim_eighteenth-century_a-new-and-accurate-syste_brookes-richard-md_1771_2,1046,0.0291,junk,,,,
ia_bim_eighteenth-century_a-new-and-accurate-syste_brookes-richard-md_1771_2,1047,0.09649,junk,,,,
ia_bim_eighteenth-century_a-new-and-accurate-syste_brookes-richard-md_1771_2,1048,0.0005,junk,,,,
ia_bim_eighteenth-century_a-new-and-accurate-syste_brookes-richard-md_1771_2,1049,0.06197,junk,,,,
ia_bim_eighteenth-century_a-new-and-accurate-syste_brookes-richard-md_1771_2,1050,0.01302,junk,,,,
ia_bim_eighteenth-century_a-new-and-accurate-syste_brookes-richard-md_1771_2,1051,0.63025,non_junk,non_divine_teleology,0.00275,0.98693,0.01032
ia_bim_eighteenth-century_a-new-and-accurate-syste_brookes-richard-md_1771_2,1052,0.11057,junk,,,,
ia_bim_eighteenth-century_a-new-and-accurate-syste_brookes-richard-md_1771_2,1053,0.0016,junk,,,,
ia_bim_eighteenth-century_a-new-and-accurate-syste_brookes-richard-md_1771_2,1054,0.00053,junk,,,,
ia_bim_eighteenth-century_a-new-and-accurate-syste_brookes-richard-md_1771_2,1055,0.0022,junk,,,,
ia_bim_eighteenth-century_a-new-and-accurate-syste_brookes-richard-md_1771_2,1056,0.0016,junk,,,,
ia_bim_eighteenth-century_a-new-and-accurate-syste_brookes-richard-md_1771_2,1057,0.00167,junk,,,,
ia_bim_eighteenth-century_a-new-and-accurate-syste_brookes-richard-md_1771_2,1058,0.00133,junk,,,,
ia_bim_eighteenth-century_a-new-and-accurate-syste_brookes-richard-md_1771_2,1059,0.03497,junk,,,,
ia_bim_eighteenth-century_a-new-and-accurate-syste_brookes-richard-md_1771_2,1060,0.63886,non_junk,internal_essence,0.00372,0.15803,0.83825
ia_bim_eighteenth-century_a-new-and-accurate-syste_brookes-richard-md_1771_2,1061,0.00108,junk,,,,
ia_bim_eighteenth-century_a-new-and-accurate-syste_brookes-richard-md_1771_2,1062,0.80066,non_junk,non_divine_teleology,0.01391,0.95077,0.03532
ia_bim_eighteenth-century_a-new-and-accurate-syste_brookes-richard-md_1771_2,1063,0.00071,junk,,,,
ia_bim_eighteenth-century_a-new-and-accurate-syste_brookes-richard-md_1771_2,1064,0.47192,junk,,,,
ia_bim_eighteenth-century_a-new-and-accurate-syste_brookes-richard-md_1771_2,1065,0.00417,junk,,,,
ia_bim_eighteenth-century_a-new-and-accurate-syste_brookes-richard-md_1771_2,1066,0.0003,junk,,,,
ia_bim_eighteenth-century_a-new-and-accurate-syste_brookes-richard-md_1771_2,1068,0.00072,junk,,,,
ia_bim_eighteenth-century_a-new-and-accurate-syste_brookes-richard-md_1771_2,1069,0.00413,junk,,,,
ia_bim_eighteenth-century_a-new-and-accurate-syste_brookes-richard-md_1771_2,1070,0.25405,junk,,,,
ia_bim_eighteenth-century_a-new-and-accurate-syste_brookes-richard-md_1771_2,1071,6e-05,junk,,,,
ia_bim_eighteenth-century_a-new-and-accurate-syste_brookes-richard-md_1771_2,1072,0.99193,non_junk,internal_essence,0.00601,0.07355,0.92044
ia_bim_eighteenth-century_a-new-and-accurate-syste_brookes-richard-md_1771_2,1073,0.00261,junk,,,,
ia_bim_eighteenth-century_a-new-and-accurate-syste_brookes-richard-md_1771_2,1074,0.01249,junk,,,,
ia_bim_eighteenth-century_a-new-and-accurate-syste_brookes-richard-md_1771_2,1075,0.54672,non_junk,non_divine_teleology,0.00759,0.9629,0.02951
ia_bim_eighteenth-century_a-new-and-accurate-syste_brookes-richard-md_1771_2,1076,0.0013,junk,,,,
ia_bim_eighteenth-century_a-new-and-accurate-syste_brookes-richard-md_1771_2,1077,0.00705,junk,,,,
ia_bim_eighteenth-century_a-new-and-accurate-syste_brookes-richard-md_1771_2,1078,0.00102,junk,,,,
ia_bim_eighteenth-century_a-new-and-accurate-syste_brookes-richard-md_1771_2,1079,0.44319,junk,,,,
ia_bim_eighteenth-century_a-new-and-accurate-syste_brookes-richard-md_1771_2,1080,0.054,junk,,,,
ia_bim_eighteenth-century_a-new-and-accurate-syste_brookes-richard-md_1771_2,1081,0.00091,junk,,,,
ia_bim_eighteenth-century_a-new-and-accurate-syste_brookes-richard-md_1771_2,1082,0.054,junk,,,,
ia_bim_eighteenth-century_a-new-and-accurate-syste_brookes-richard-md_1771_2,1083,0.09122,junk,,,,
ia_bim_eighteenth-century_a-new-and-accurate-syste_brookes-richard-md_1771_2,1084,0.16161,junk,,,,
ia_bim_eighteenth-century_a-new-and-accurate-syste_brookes-richard-md_1771_2,1085,0.01969,junk,,,,
ia_bim_eighteenth-century_a-new-and-accurate-syste_brookes-richard-md_1771_2,1086,0.01061,junk,,,,
ia_bim_eighteenth-century_a-new-and-accurate-syste_brookes-richard-md_1771_2,1087,0.00528,junk,,,,
ia_bim_eighteenth-century_a-new-and-accurate-syste_brookes-richard-md_1771_2,1088,0.00032,junk,,,,
ia_bim_eighteenth-century_a-new-and-accurate-syste_brookes-richard-md_1771_2,1089,0.00033,junk,,,,
ia_bim_eighteenth-century_a-new-and-accurate-syste_brookes-richard-md_1771_2,1090,0.00146,junk,,,,
ia_bim_eighteenth-century_a-new-and-accurate-syste_brookes-richard-md_1771_2,1091,0.11007,junk,,,,
ia_bim_eighteenth-century_a-new-and-accurate-syste_brookes-richard-md_1771_2,1092,0.00032,junk,,,,
ia_bim_eighteenth-century_a-new-and-accurate-syste_brookes-richard-md_1771_2,1093,0.00033,junk,,,,
ia_bim_eighteenth-century_a-new-and-accurate-syste_brookes-richard-md_1771_2,1094,0.00146,junk,,,,
ia_bim_eighteenth-century_a-new-and-accurate-syste_brookes-richard-md_1771_2,1095,0.11007,junk,,,,
ia_bim_eighteenth-century_a-new-and-accurate-syste_brookes-richard-md_1771_2,1096,0.00931,junk,,,,
ia_bim_eighteenth-century_a-new-and-accurate-syste_brookes-richard-md_1771_2,1097,0.12914,junk,,,,
ia_bim_eighteenth-century_a-new-and-accurate-syste_brookes-richard-md_1771_2,1098,0.00015,junk,,,,
ia_bim_eighteenth-century_a-new-and-accurate-syste_brookes-richard-md_1771_2,1099,0.00931,junk,,,,
ia_bim_eighteenth-century_a-new-and-accurate-syste_brookes-richard-md_1771_2,1100,0.12914,junk,,,,
ia_bim_eighteenth-century_a-new-and-accurate-syste_brookes-richard-md_1771_2,1101,0.00015,junk,,,,
ia_bim_eighteenth-century_a-new-and-accurate-syste_brookes-richard-md_1771_2,1102,0.00644,junk,,,,
ia_bim_eighteenth-century_a-new-and-accurate-syste_brookes-richard-md_1771_2,1103,0.00364,junk,,,,
ia_bim_eighteenth-century_a-new-and-accurate-syste_brookes-richard-md_1771_2,1104,0.00281,junk,,,,
ia_bim_eighteenth-century_a-new-and-accurate-syste_brookes-richard-md_1771_2,1105,0.0024,junk,,,,
ia_bim_eighteenth-century_a-new-and-accurate-syste_brookes-richard-md_1771_2,1106,0.00644,junk,,,,
ia_bim_eighteenth-century_a-new-and-accurate-syste_brookes-richard-md_1771_2,1107,0.00364,junk,,,,
ia_bim_eighteenth-century_a-new-and-accurate-syste_brookes-richard-md_1771_2,1108,0.00281,junk,,,,
ia_bim_eighteenth-century_a-new-and-accurate-syste_brookes-richard-md_1771_2,1109,0.00886,junk,,,,
ia_bim_eighteenth-century_a-new-and-accurate-syste_brookes-richard-md_1771_2,1110,0.04069,junk,,,,
ia_bim_eighteenth-century_a-new-and-accurate-syste_brookes-richard-md_1771_2,1111,0.49992,junk,,,,
ia_bim_eighteenth-century_a-new-and-accurate-syste_brookes-richard-md_1771_2,1112,0.00178,junk,,,,
ia_bim_eighteenth-century_a-new-and-accurate-syste_brookes-richard-md_1771_2,1113,0.00282,junk,,,,
ia_bim_eighteenth-century_a-new-and-accurate-syste_brookes-richard-md_1771_2,1114,0.02418,junk,,,,
ia_bim_eighteenth-century_a-new-and-accurate-syste_brookes-richard-md_1771_2,1115,0.00412,junk,,,,
ia_bim_eighteenth-century_a-new-and-accurate-syste_brookes-richard-md_1771_2,1116,0.10757,junk,,,,
ia_bim_eighteenth-century_a-new-and-accurate-syste_brookes-richard-md_1771_2,1117,0.00054,junk,,,,
ia_bim_eighteenth-century_a-new-and-accurate-syste_brookes-richard-md_1771_2,1118,0.01751,junk,,,,
ia_bim_eighteenth-century_a-new-and-accurate-syste_brookes-richard-md_1771_2,1119,0.60093,non_junk,non_divine_teleology,0.00772,0.96476,0.02751
ia_bim_eighteenth-century_a-new-and-accurate-syste_brookes-richard-md_1771_2,1120,0.0003,junk,,,,
ia_bim_eighteenth-century_a-new-and-accurate-syste_brookes-richard-md_1771_2,1122,0.60093,non_junk,non_divine_teleology,0.00772,0.96476,0.02751
ia_bim_eighteenth-century_a-new-and-accurate-syste_brookes-richard-md_1771_2,1123,0.0252,junk,,,,
ia_bim_eighteenth-century_a-new-and-accurate-syste_brookes-richard-md_1771_2,1124,0.19258,junk,,,,
ia_bim_eighteenth-century_a-new-and-accurate-syste_brookes-richard-md_1771_2,1125,0.00932,junk,,,,
ia_bim_eighteenth-century_a-new-and-accurate-syste_brookes-richard-md_1771_2,1126,0.19258,junk,,,,
ia_bim_eighteenth-century_a-new-and-accurate-syste_brookes-richard-md_1771_2,1127,0.00333,junk,,,,
ia_bim_eighteenth-century_a-new-and-accurate-syste_brookes-richard-md_1771_2,1128,0.53963,non_junk,internal_essence,0.00646,0.23542,0.75813
ia_bim_eighteenth-century_a-new-and-accurate-syste_brookes-richard-md_1771_2,1129,0.00047,junk,,,,
ia_bim_eighteenth-century_a-new-and-accurate-syste_brookes-richard-md_1771_2,1130,0.0039,junk,,,,
ia_bim_eighteenth-century_a-new-and-accurate-syste_brookes-richard-md_1771_2,1131,0.00352,junk,,,,
ia_bim_eighteenth-century_a-new-and-accurate-syste_brookes-richard-md_1771_2,1132,0.00049,junk,,,,
ia_bim_eighteenth-century_a-new-and-accurate-syste_brookes-richard-md_1771_2,1133,0.00132,junk,,,,
ia_bim_eighteenth-century_a-new-and-accurate-syste_brookes-richard-md_1771_2,1134,0.0039,junk,,,,
ia_bim_eighteenth-century_a-new-and-accurate-syste_brookes-richard-md_1771_2,1135,0.00352,junk,,,,
ia_bim_eighteenth-century_a-new-and-accurate-syste_brookes-richard-md_1771_2,1136,0.00049,junk,,,,
ia_bim_eighteenth-century_a-new-and-accurate-syste_brookes-richard-md_1771_2,1137,0.00132,junk,,,,
ia_bim_eighteenth-century_a-new-and-accurate-syste_brookes-richard-md_1771_2,1138,0.78413,non_junk,internal_essence,0.00213,0.07927,0.9186
ia_bim_eighteenth-century_a-new-and-accurate-syste_brookes-richard-md_1771_2,1139,0.00115,junk,,,,
ia_bim_eighteenth-century_a-new-and-accurate-syste_brookes-richard-md_1771_2,1140,0.00017,junk,,,,
ia_bim_eighteenth-century_a-new-and-accurate-syste_brookes-richard-md_1771_2,1141,0.00891,junk,,,,
ia_bim_eighteenth-century_a-new-and-accurate-syste_brookes-richard-md_1771_2,1142,0.00217,junk,,,,
ia_bim_eighteenth-century_a-new-and-accurate-syste_brookes-richard-md_1771_2,1143,0.0408,junk,,,,
ia_bim_eighteenth-century_a-new-and-accurate-syste_brookes-richard-md_1771_2,1144,0.00054,junk,,,,
ia_bim_eighteenth-century_a-new-and-accurate-syste_brookes-richard-md_1771_2,1145,0.35496,junk,,,,
ia_bim_eighteenth-century_a-new-and-accurate-syste_brookes-richard-md_1771_2,1146,0.00191,junk,,,,
ia_bim_eighteenth-century_a-new-and-accurate-syste_brookes-richard-md_1771_2,1147,0.02027,junk,,,,
ia_bim_eighteenth-century_a-new-and-accurate-syste_brookes-richard-md_1771_2,1148,0.00104,junk,,,,
ia_bim_eighteenth-century_a-new-and-accurate-syste_brookes-richard-md_1771_2,1149,0.00181,junk,,,,
ia_bim_eighteenth-century_a-new-and-accurate-syste_brookes-richard-md_1771_2,1150,0.04212,junk,,,,
ia_bim_eighteenth-century_a-new-and-accurate-syste_brookes-richard-md_1771_2,1151,0.0004,junk,,,,
ia_bim_eighteenth-century_a-new-and-accurate-syste_brookes-richard-md_1771_2,1152,0.02298,junk,,,,
ia_bim_eighteenth-century_a-new-and-accurate-syste_brookes-richard-md_1771_2,1153,0.00921,junk,,,,
ia_bim_eighteenth-century_a-new-and-accurate-syste_brookes-richard-md_1771_2,1154,0.00028,junk,,,,
ia_bim_eighteenth-century_a-new-and-accurate-syste_brookes-richard-md_1771_2,1155,0.01397,junk,,,,
ia_bim_eighteenth-century_a-new-and-accurate-syste_brookes-richard-md_1771_2,1156,0.00025,junk,,,,
ia_bim_eighteenth-century_a-new-and-accurate-syste_brookes-richard-md_1771_2,1157,0.05478,junk,,,,
ia_bim_eighteenth-century_a-new-and-accurate-syste_brookes-richard-md_1771_2,1158,0.90711,non_junk,non_divine_teleology,0.01046,0.95113,0.03841
ia_bim_eighteenth-century_a-new-and-accurate-syste_brookes-richard-md_1771_2,1159,0.03545,junk,,,,
ia_bim_eighteenth-century_a-new-and-accurate-syste_brookes-richard-md_1771_2,1160,0.00012,junk,,,,
ia_bim_eighteenth-century_a-new-and-accurate-syste_brookes-richard-md_1771_2,1161,0.28433,junk,,,,
ia_bim_eighteenth-century_a-new-and-accurate-syste_brookes-richard-md_1771_2,1162,0.66959,non_junk,non_divine_teleology,0.00702,0.88883,0.10415
ia_bim_eighteenth-century_a-new-and-accurate-syste_brookes-richard-md_1771_2,1163,0.61876,non_junk,internal_essence,0.0062,0.14006,0.85374
ia_bim_eighteenth-century_a-new-and-accurate-syste_brookes-richard-md_1771_2,1164,0.00193,junk,,,,
ia_bim_eighteenth-century_a-new-and-accurate-syste_brookes-richard-md_1771_2,1165,0.00533,junk,,,,
ia_bim_eighteenth-century_a-new-and-accurate-syste_brookes-richard-md_1771_2,1166,0.00527,junk,,,,
ia_bim_eighteenth-century_a-new-and-accurate-syste_brookes-richard-md_1771_2,1167,0.00377,junk,,,,
ia_bim_eighteenth-century_a-new-and-accurate-syste_brookes-richard-md_1771_2,1168,5e-05,junk,,,,
ia_bim_eighteenth-century_a-new-and-accurate-syste_brookes-richard-md_1771_2,1169,0.31873,junk,,,,
ia_bim_eighteenth-century_a-new-and-accurate-syste_brookes-richard-md_1771_2,1170,0.18938,junk,,,,
ia_bim_eighteenth-century_a-new-and-accurate-syste_brookes-richard-md_1771_2,1171,0.18177,junk,,,,
ia_bim_eighteenth-century_a-new-and-accurate-syste_brookes-richard-md_1771_2,1172,0.00447,junk,,,,
ia_bim_eighteenth-century_a-new-and-accurate-syste_brookes-richard-md_1771_2,1173,0.18177,junk,,,,
ia_bim_eighteenth-century_a-new-and-accurate-syste_brookes-richard-md_1771_2,1174,0.03459,junk,,,,
ia_bim_eighteenth-century_a-new-and-accurate-syste_brookes-richard-md_1771_2,1175,0.02298,junk,,,,
ia_bim_eighteenth-century_a-new-and-accurate-syste_brookes-richard-md_1771_2,1176,0.00717,junk,,,,
ia_bim_eighteenth-century_a-new-and-accurate-syste_brookes-richard-md_1771_2,1177,0.00208,junk,,,,
ia_bim_eighteenth-century_a-new-and-accurate-syste_brookes-richard-md_1771_2,1178,0.02751,junk,,,,
ia_bim_eighteenth-century_a-new-and-accurate-syste_brookes-richard-md_1771_2,1179,0.0449,junk,,,,
ia_bim_eighteenth-century_a-new-and-accurate-syste_brookes-richard-md_1771_2,1180,0.20053,junk,,,,
ia_bim_eighteenth-century_a-new-and-accurate-syste_brookes-richard-md_1771_2,1181,0.50293,non_junk,internal_essence,0.00164,0.25837,0.74
ia_bim_eighteenth-century_a-new-and-accurate-syste_brookes-richard-md_1771_2,1182,0.0012,junk,,,,
ia_bim_eighteenth-century_a-new-and-accurate-syste_brookes-richard-md_1771_2,1183,0.01131,junk,,,,
ia_bim_eighteenth-century_a-new-and-accurate-syste_brookes-richard-md_1771_2,1184,0.00065,junk,,,,
ia_bim_eighteenth-century_a-new-and-accurate-syste_brookes-richard-md_1771_2,1185,0.00605,junk,,,,
ia_bim_eighteenth-century_a-new-and-accurate-syste_brookes-richard-md_1771_2,1186,0.78337,non_junk,non_divine_teleology,0.00773,0.80867,0.1836
ia_bim_eighteenth-century_a-new-and-accurate-syste_brookes-richard-md_1771_2,1187,0.00366,junk,,,,
ia_bim_eighteenth-century_a-new-and-accurate-syste_brookes-richard-md_1771_2,1188,0.06777,junk,,,,
ia_bim_eighteenth-century_a-new-and-accurate-syste_brookes-richard-md_1771_2,1189,0.04199,junk,,,,
ia_bim_eighteenth-century_a-new-and-accurate-syste_brookes-richard-md_1771_2,1190,0.00298,junk,,,,
ia_bim_eighteenth-century_a-new-and-accurate-syste_brookes-richard-md_1771_2,1191,0.23332,junk,,,,
ia_bim_eighteenth-century_a-new-and-accurate-syste_brookes-richard-md_1771_2,1192,0.0065,junk,,,,
ia_bim_eighteenth-century_a-new-and-accurate-syste_brookes-richard-md_1771_2,1193,4e-05,junk,,,,
ia_bim_eighteenth-century_a-new-and-accurate-syste_brookes-richard-md_1771_2,1194,0.00484,junk,,,,
ia_bim_eighteenth-century_a-new-and-accurate-syste_brookes-richard-md_1771_2,1195,0.08872,junk,,,,
ia_bim_eighteenth-century_a-new-and-accurate-syste_brookes-richard-md_1771_2,1196,0.71319,non_junk,non_divine_teleology,0.00722,0.93428,0.0585
ia_bim_eighteenth-century_a-new-and-accurate-syste_brookes-richard-md_1771_2,1197,0.03843,junk,,,,
ia_bim_eighteenth-century_a-new-and-accurate-syste_brookes-richard-md_1771_2,1198,0.00017,junk,,,,
ia_bim_eighteenth-century_a-new-and-accurate-syste_brookes-richard-md_1771_2,1199,0.00022,junk,,,,
ia_bim_eighteenth-century_a-new-and-accurate-syste_brookes-richard-md_1771_2,1200,0.00443,junk,,,,
ia_bim_eighteenth-century_a-new-and-accurate-syste_brookes-richard-md_1771_2,1201,0.00148,junk,,,,
ia_bim_eighteenth-century_a-new-and-accurate-syste_brookes-richard-md_1771_2,1202,0.00021,junk,,,,
ia_bim_eighteenth-century_a-new-and-accurate-syste_brookes-richard-md_1771_2,1203,0.00166,junk,,,,
ia_bim_eighteenth-century_a-new-and-accurate-syste_brookes-richard-md_1771_2,1204,0.00035,junk,,,,
ia_bim_eighteenth-century_a-new-and-accurate-syste_brookes-richard-md_1771_2,1205,0.00072,junk,,,,
ia_bim_eighteenth-century_a-new-and-accurate-syste_brookes-richard-md_1771_2,1206,0.00082,junk,,,,
ia_bim_eighteenth-century_a-new-and-accurate-syste_brookes-richard-md_1771_2,1207,0.0013,junk,,,,
ia_bim_eighteenth-century_a-new-and-accurate-syste_brookes-richard-md_1771_2,1208,0.00198,junk,,,,
ia_bim_eighteenth-century_a-new-and-accurate-syste_brookes-richard-md_1771_2,1209,0.00266,junk,,,,
ia_bim_eighteenth-century_a-new-and-accurate-syste_brookes-richard-md_1771_2,1210,0.00088,junk,,,,
ia_bim_eighteenth-century_a-new-and-accurate-syste_brookes-richard-md_1771_2,1211,0.00259,junk,,,,
ia_bim_eighteenth-century_a-new-and-accurate-syste_brookes-richard-md_1771_2,1212,0.00148,junk,,,,
ia_bim_eighteenth-century_a-new-and-accurate-syste_brookes-richard-md_1771_2,1213,0.00055,junk,,,,
