uid,sent_id,gate_prob_nonjunk,gate_pred,s2_pred,s2_p_divine_teleology,s2_p_non_divine_teleology,s2_p_internal_essence
ia_bim_eighteenth-century_histoire-naturelle-eng_leclerc-georges-louis-_1780_7,1,0.02566,junk,,,,
ia_bim_eighteenth-century_histoire-naturelle-eng_leclerc-georges-louis-_1780_7,2,0.00026,junk,,,,
ia_bim_eighteenth-century_histoire-naturelle-eng_leclerc-georges-louis-_1780_7,3,0.00068,junk,,,,
ia_bim_eighteenth-century_histoire-naturelle-eng_leclerc-georges-louis-_1780_7,4,0.0051,junk,,,,
ia_bim_eighteenth-century_histoire-naturelle-eng_leclerc-georges-louis-_1780_7,5,0.02274,junk,,,,
ia_bim_eighteenth-century_histoire-naturelle-eng_leclerc-georges-louis-_1780_7,6,0.01091,junk,,,,
ia_bim_eighteenth-century_histoire-naturelle-eng_leclerc-georges-louis-_1780_7,7,0.00122,junk,,,,
ia_bim_eighteenth-century_histoire-naturelle-eng_leclerc-georges-louis-_1780_7,8,0.2209,junk,,,,
ia_bim_eighteenth-century_histoire-naturelle-eng_leclerc-georges-louis-_1780_7,9,0.23789,junk,,,,
ia_bim_eighteenth-century_histoire-naturelle-eng_leclerc-georges-louis-_1780_7,10,0.00068,junk,,,,
ia_bim_eighteenth-century_histoire-naturelle-eng_leclerc-georges-louis-_1780_7,11,0.00031,junk,,,,
ia_bim_eighteenth-century_histoire-naturelle-eng_leclerc-georges-louis-_1780_7,12,0.3259,junk,,,,
ia_bim_eighteenth-century_histoire-naturelle-eng_leclerc-georges-louis-_1780_7,13,0.0161,junk,,,,
ia_bim_eighteenth-century_histoire-naturelle-eng_leclerc-georges-louis-_1780_7,14,0.08508,junk,,,,
ia_bim_eighteenth-century_histoire-naturelle-eng_leclerc-georges-louis-_1780_7,15,0.0091,junk,,,,
ia_bim_eighteenth-century_histoire-naturelle-eng_leclerc-georges-louis-_1780_7,16,0.00044,junk,,,,
ia_bim_eighteenth-century_histoire-naturelle-eng_leclerc-georges-louis-_1780_7,17,0.26637,junk,,,,
ia_bim_eighteenth-century_histoire-naturelle-eng_leclerc-georges-louis-_1780_7,18,0.00209,junk,,,,
ia_bim_eighteenth-century_histoire-naturelle-eng_leclerc-georges-louis-_1780_7,19,0.0646,junk,,,,
ia_bim_eighteenth-century_histoire-naturelle-eng_leclerc-georges-louis-_1780_7,20,0.00217,junk,,,,
ia_bim_eighteenth-century_histoire-naturelle-eng_leclerc-georges-louis-_1780_7,21,0.00272,junk,,,,
ia_bim_eighteenth-century_histoire-naturelle-eng_leclerc-georges-louis-_1780_7,22,0.01479,junk,,,,
ia_bim_eighteenth-century_histoire-naturelle-eng_leclerc-georges-louis-_1780_7,23,0.01479,junk,,,,
ia_bim_eighteenth-century_histoire-naturelle-eng_leclerc-georges-louis-_1780_7,24,0.03072,junk,,,,
ia_bim_eighteenth-century_histoire-naturelle-eng_leclerc-georges-louis-_1780_7,25,5e-05,junk,,,,
ia_bim_eighteenth-century_histoire-naturelle-eng_leclerc-georges-louis-_1780_7,26,0.00055,junk,,,,
ia_bim_eighteenth-century_histoire-naturelle-eng_leclerc-georges-louis-_1780_7,27,0.0001,junk,,,,
ia_bim_eighteenth-century_histoire-naturelle-eng_leclerc-georges-louis-_1780_7,28,0.00066,junk,,,,
ia_bim_eighteenth-century_histoire-naturelle-eng_leclerc-georges-louis-_1780_7,29,0.00989,junk,,,,
ia_bim_eighteenth-century_histoire-naturelle-eng_leclerc-georges-louis-_1780_7,30,0.00599,junk,,,,
ia_bim_eighteenth-century_histoire-naturelle-eng_leclerc-georges-louis-_1780_7,31,0.14699,junk,,,,
ia_bim_eighteenth-century_histoire-naturelle-eng_leclerc-georges-louis-_1780_7,32,0.01806,junk,,,,
ia_bim_eighteenth-century_histoire-naturelle-eng_leclerc-georges-louis-_1780_7,33,0.07329,junk,,,,
ia_bim_eighteenth-century_histoire-naturelle-eng_leclerc-georges-louis-_1780_7,34,0.01909,junk,,,,
ia_bim_eighteenth-century_histoire-naturelle-eng_leclerc-georges-louis-_1780_7,35,0.05286,junk,,,,
ia_bim_eighteenth-century_histoire-naturelle-eng_leclerc-georges-louis-_1780_7,36,0.00031,junk,,,,
ia_bim_eighteenth-century_histoire-naturelle-eng_leclerc-georges-louis-_1780_7,37,0.00525,junk,,,,
ia_bim_eighteenth-century_histoire-naturelle-eng_leclerc-georges-louis-_1780_7,38,0.87656,non_junk,internal_essence,0.0008,0.03293,0.96628
ia_bim_eighteenth-century_histoire-naturelle-eng_leclerc-georges-louis-_1780_7,39,0.00209,junk,,,,
ia_bim_eighteenth-century_histoire-naturelle-eng_leclerc-georges-louis-_1780_7,40,0.00083,junk,,,,
ia_bim_eighteenth-century_histoire-naturelle-eng_leclerc-georges-louis-_1780_7,41,0.03598,junk,,,,
ia_bim_eighteenth-century_histoire-naturelle-eng_leclerc-georges-louis-_1780_7,42,0.00085,junk,,,,
ia_bim_eighteenth-century_histoire-naturelle-eng_leclerc-georges-louis-_1780_7,43,0.00456,junk,,,,
ia_bim_eighteenth-century_histoire-naturelle-eng_leclerc-georges-louis-_1780_7,44,0.00028,junk,,,,
ia_bim_eighteenth-century_histoire-naturelle-eng_leclerc-georges-louis-_1780_7,45,0.00018,junk,,,,
ia_bim_eighteenth-century_histoire-naturelle-eng_leclerc-georges-louis-_1780_7,46,0.00655,junk,,,,
ia_bim_eighteenth-century_histoire-naturelle-eng_leclerc-georges-louis-_1780_7,47,0.01054,junk,,,,
ia_bim_eighteenth-century_histoire-naturelle-eng_leclerc-georges-louis-_1780_7,48,0.0029,junk,,,,
ia_bim_eighteenth-century_histoire-naturelle-eng_leclerc-georges-louis-_1780_7,49,0.01046,junk,,,,
ia_bim_eighteenth-century_histoire-naturelle-eng_leclerc-georges-louis-_1780_7,50,0.05389,junk,,,,
ia_bim_eighteenth-century_histoire-naturelle-eng_leclerc-georges-louis-_1780_7,51,0.00036,junk,,,,
ia_bim_eighteenth-century_histoire-naturelle-eng_leclerc-georges-louis-_1780_7,52,0.07747,junk,,,,
ia_bim_eighteenth-century_histoire-naturelle-eng_leclerc-georges-louis-_1780_7,53,0.07747,junk,,,,
ia_bim_eighteenth-century_histoire-naturelle-eng_leclerc-georges-louis-_1780_7,54,0.15913,junk,,,,
ia_bim_eighteenth-century_histoire-naturelle-eng_leclerc-georges-louis-_1780_7,55,0.00826,junk,,,,
ia_bim_eighteenth-century_histoire-naturelle-eng_leclerc-georges-louis-_1780_7,56,0.01355,junk,,,,
ia_bim_eighteenth-century_histoire-naturelle-eng_leclerc-georges-louis-_1780_7,57,0.15913,junk,,,,
ia_bim_eighteenth-century_histoire-naturelle-eng_leclerc-georges-louis-_1780_7,58,0.00826,junk,,,,
ia_bim_eighteenth-century_histoire-naturelle-eng_leclerc-georges-louis-_1780_7,59,0.01355,junk,,,,
ia_bim_eighteenth-century_histoire-naturelle-eng_leclerc-georges-louis-_1780_7,60,0.00189,junk,,,,
ia_bim_eighteenth-century_histoire-naturelle-eng_leclerc-georges-louis-_1780_7,61,0.912,non_junk,non_divine_teleology,0.0234,0.90959,0.06701
ia_bim_eighteenth-century_histoire-naturelle-eng_leclerc-georges-louis-_1780_7,62,0.99751,non_junk,non_divine_teleology,0.02775,0.90964,0.06261
ia_bim_eighteenth-century_histoire-naturelle-eng_leclerc-georges-louis-_1780_7,63,0.00511,junk,,,,
ia_bim_eighteenth-century_histoire-naturelle-eng_leclerc-georges-louis-_1780_7,64,0.39464,junk,,,,
ia_bim_eighteenth-century_histoire-naturelle-eng_leclerc-georges-louis-_1780_7,65,0.95337,non_junk,internal_essence,0.0074,0.20906,0.78354
ia_bim_eighteenth-century_histoire-naturelle-eng_leclerc-georges-louis-_1780_7,66,0.24853,junk,,,,
ia_bim_eighteenth-century_histoire-naturelle-eng_leclerc-georges-louis-_1780_7,67,0.84392,non_junk,internal_essence,0.00408,0.12755,0.86836
ia_bim_eighteenth-century_histoire-naturelle-eng_leclerc-georges-louis-_1780_7,68,0.08415,junk,,,,
ia_bim_eighteenth-century_histoire-naturelle-eng_leclerc-georges-louis-_1780_7,69,0.03694,junk,,,,
ia_bim_eighteenth-century_histoire-naturelle-eng_leclerc-georges-louis-_1780_7,70,0.00333,junk,,,,
ia_bim_eighteenth-century_histoire-naturelle-eng_leclerc-georges-louis-_1780_7,71,0.10503,junk,,,,
ia_bim_eighteenth-century_histoire-naturelle-eng_leclerc-georges-louis-_1780_7,72,0.00088,junk,,,,
ia_bim_eighteenth-century_histoire-naturelle-eng_leclerc-georges-louis-_1780_7,73,0.34098,junk,,,,
ia_bim_eighteenth-century_histoire-naturelle-eng_leclerc-georges-louis-_1780_7,74,0.01188,junk,,,,
ia_bim_eighteenth-century_histoire-naturelle-eng_leclerc-georges-louis-_1780_7,75,0.0349,junk,,,,
ia_bim_eighteenth-century_histoire-naturelle-eng_leclerc-georges-louis-_1780_7,76,0.03734,junk,,,,
ia_bim_eighteenth-century_histoire-naturelle-eng_leclerc-georges-louis-_1780_7,77,0.01218,junk,,,,
ia_bim_eighteenth-century_histoire-naturelle-eng_leclerc-georges-louis-_1780_7,78,0.01592,junk,,,,
ia_bim_eighteenth-century_histoire-naturelle-eng_leclerc-georges-louis-_1780_7,79,0.13332,junk,,,,
ia_bim_eighteenth-century_histoire-naturelle-eng_leclerc-georges-louis-_1780_7,80,0.015,junk,,,,
ia_bim_eighteenth-century_histoire-naturelle-eng_leclerc-georges-louis-_1780_7,81,0.02434,junk,,,,
ia_bim_eighteenth-century_histoire-naturelle-eng_leclerc-georges-louis-_1780_7,82,0.00432,junk,,,,
ia_bim_eighteenth-century_histoire-naturelle-eng_leclerc-georges-louis-_1780_7,83,0.08603,junk,,,,
ia_bim_eighteenth-century_histoire-naturelle-eng_leclerc-georges-louis-_1780_7,84,0.01111,junk,,,,
ia_bim_eighteenth-century_histoire-naturelle-eng_leclerc-georges-louis-_1780_7,85,0.01972,junk,,,,
ia_bim_eighteenth-century_histoire-naturelle-eng_leclerc-georges-louis-_1780_7,86,0.00594,junk,,,,
ia_bim_eighteenth-century_histoire-naturelle-eng_leclerc-georges-louis-_1780_7,87,0.09511,junk,,,,
ia_bim_eighteenth-century_histoire-naturelle-eng_leclerc-georges-louis-_1780_7,88,0.1311,junk,,,,
ia_bim_eighteenth-century_histoire-naturelle-eng_leclerc-georges-louis-_1780_7,89,0.33566,junk,,,,
ia_bim_eighteenth-century_histoire-naturelle-eng_leclerc-georges-louis-_1780_7,90,0.6641,non_junk,internal_essence,0.01887,0.35337,0.62776
ia_bim_eighteenth-century_histoire-naturelle-eng_leclerc-georges-louis-_1780_7,91,0.02847,junk,,,,
ia_bim_eighteenth-century_histoire-naturelle-eng_leclerc-georges-louis-_1780_7,92,0.1691,junk,,,,
ia_bim_eighteenth-century_histoire-naturelle-eng_leclerc-georges-louis-_1780_7,93,0.00055,junk,,,,
ia_bim_eighteenth-century_histoire-naturelle-eng_leclerc-georges-louis-_1780_7,94,0.00039,junk,,,,
ia_bim_eighteenth-century_histoire-naturelle-eng_leclerc-georges-louis-_1780_7,95,0.00333,junk,,,,
ia_bim_eighteenth-century_histoire-naturelle-eng_leclerc-georges-louis-_1780_7,96,0.05934,junk,,,,
ia_bim_eighteenth-century_histoire-naturelle-eng_leclerc-georges-louis-_1780_7,97,0.00766,junk,,,,
ia_bim_eighteenth-century_histoire-naturelle-eng_leclerc-georges-louis-_1780_7,98,0.00406,junk,,,,
ia_bim_eighteenth-century_histoire-naturelle-eng_leclerc-georges-louis-_1780_7,99,0.00295,junk,,,,
ia_bim_eighteenth-century_histoire-naturelle-eng_leclerc-georges-louis-_1780_7,100,0.14829,junk,,,,
ia_bim_eighteenth-century_histoire-naturelle-eng_leclerc-georges-louis-_1780_7,101,0.04084,junk,,,,
ia_bim_eighteenth-century_histoire-naturelle-eng_leclerc-georges-louis-_1780_7,102,0.00217,junk,,,,
ia_bim_eighteenth-century_histoire-naturelle-eng_leclerc-georges-louis-_1780_7,103,0.45021,junk,,,,
ia_bim_eighteenth-century_histoire-naturelle-eng_leclerc-georges-louis-_1780_7,104,0.00364,junk,,,,
ia_bim_eighteenth-century_histoire-naturelle-eng_leclerc-georges-louis-_1780_7,105,0.00451,junk,,,,
ia_bim_eighteenth-century_histoire-naturelle-eng_leclerc-georges-louis-_1780_7,106,0.00437,junk,,,,
ia_bim_eighteenth-century_histoire-naturelle-eng_leclerc-georges-louis-_1780_7,107,0.06106,junk,,,,
ia_bim_eighteenth-century_histoire-naturelle-eng_leclerc-georges-louis-_1780_7,108,0.00644,junk,,,,
ia_bim_eighteenth-century_histoire-naturelle-eng_leclerc-georges-louis-_1780_7,109,0.04529,junk,,,,
ia_bim_eighteenth-century_histoire-naturelle-eng_leclerc-georges-louis-_1780_7,110,0.00019,junk,,,,
ia_bim_eighteenth-century_histoire-naturelle-eng_leclerc-georges-louis-_1780_7,111,0.0198,junk,,,,
ia_bim_eighteenth-century_histoire-naturelle-eng_leclerc-georges-louis-_1780_7,112,0.0007,junk,,,,
ia_bim_eighteenth-century_histoire-naturelle-eng_leclerc-georges-louis-_1780_7,113,0.0984,junk,,,,
ia_bim_eighteenth-century_histoire-naturelle-eng_leclerc-georges-louis-_1780_7,114,0.03106,junk,,,,
ia_bim_eighteenth-century_histoire-naturelle-eng_leclerc-georges-louis-_1780_7,115,0.11111,junk,,,,
ia_bim_eighteenth-century_histoire-naturelle-eng_leclerc-georges-louis-_1780_7,116,0.36762,junk,,,,
ia_bim_eighteenth-century_histoire-naturelle-eng_leclerc-georges-louis-_1780_7,117,0.0027,junk,,,,
ia_bim_eighteenth-century_histoire-naturelle-eng_leclerc-georges-louis-_1780_7,118,0.00134,junk,,,,
ia_bim_eighteenth-century_histoire-naturelle-eng_leclerc-georges-louis-_1780_7,119,0.0001,junk,,,,
ia_bim_eighteenth-century_histoire-naturelle-eng_leclerc-georges-louis-_1780_7,120,0.00024,junk,,,,
ia_bim_eighteenth-century_histoire-naturelle-eng_leclerc-georges-louis-_1780_7,121,0.0029,junk,,,,
ia_bim_eighteenth-century_histoire-naturelle-eng_leclerc-georges-louis-_1780_7,122,9e-05,junk,,,,
ia_bim_eighteenth-century_histoire-naturelle-eng_leclerc-georges-louis-_1780_7,123,0.01876,junk,,,,
ia_bim_eighteenth-century_histoire-naturelle-eng_leclerc-georges-louis-_1780_7,124,0.00078,junk,,,,
ia_bim_eighteenth-century_histoire-naturelle-eng_leclerc-georges-louis-_1780_7,125,0.40595,junk,,,,
ia_bim_eighteenth-century_histoire-naturelle-eng_leclerc-georges-louis-_1780_7,126,0.81506,non_junk,internal_essence,0.00451,0.3291,0.66639
ia_bim_eighteenth-century_histoire-naturelle-eng_leclerc-georges-louis-_1780_7,127,0.00012,junk,,,,
ia_bim_eighteenth-century_histoire-naturelle-eng_leclerc-georges-louis-_1780_7,128,0.04174,junk,,,,
ia_bim_eighteenth-century_histoire-naturelle-eng_leclerc-georges-louis-_1780_7,129,0.00661,junk,,,,
ia_bim_eighteenth-century_histoire-naturelle-eng_leclerc-georges-louis-_1780_7,130,0.00061,junk,,,,
ia_bim_eighteenth-century_histoire-naturelle-eng_leclerc-georges-louis-_1780_7,131,0.03242,junk,,,,
ia_bim_eighteenth-century_histoire-naturelle-eng_leclerc-georges-louis-_1780_7,132,0.00025,junk,,,,
ia_bim_eighteenth-century_histoire-naturelle-eng_leclerc-georges-louis-_1780_7,133,0.00282,junk,,,,
ia_bim_eighteenth-century_histoire-naturelle-eng_leclerc-georges-louis-_1780_7,134,0.00459,junk,,,,
ia_bim_eighteenth-century_histoire-naturelle-eng_leclerc-georges-louis-_1780_7,135,0.0002,junk,,,,
ia_bim_eighteenth-century_histoire-naturelle-eng_leclerc-georges-louis-_1780_7,136,0.00138,junk,,,,
ia_bim_eighteenth-century_histoire-naturelle-eng_leclerc-georges-louis-_1780_7,137,0.00138,junk,,,,
ia_bim_eighteenth-century_histoire-naturelle-eng_leclerc-georges-louis-_1780_7,138,0.00011,junk,,,,
ia_bim_eighteenth-century_histoire-naturelle-eng_leclerc-georges-louis-_1780_7,139,0.02299,junk,,,,
ia_bim_eighteenth-century_histoire-naturelle-eng_leclerc-georges-louis-_1780_7,140,0.00166,junk,,,,
ia_bim_eighteenth-century_histoire-naturelle-eng_leclerc-georges-louis-_1780_7,141,0.00053,junk,,,,
ia_bim_eighteenth-century_histoire-naturelle-eng_leclerc-georges-louis-_1780_7,142,0.02139,junk,,,,
ia_bim_eighteenth-century_histoire-naturelle-eng_leclerc-georges-louis-_1780_7,143,0.32896,junk,,,,
ia_bim_eighteenth-century_histoire-naturelle-eng_leclerc-georges-louis-_1780_7,144,0.65132,non_junk,internal_essence,0.01798,0.34758,0.63444
ia_bim_eighteenth-century_histoire-naturelle-eng_leclerc-georges-louis-_1780_7,145,0.18915,junk,,,,
ia_bim_eighteenth-century_histoire-naturelle-eng_leclerc-georges-louis-_1780_7,146,0.00301,junk,,,,
ia_bim_eighteenth-century_histoire-naturelle-eng_leclerc-georges-louis-_1780_7,147,0.05477,junk,,,,
ia_bim_eighteenth-century_histoire-naturelle-eng_leclerc-georges-louis-_1780_7,148,0.0505,junk,,,,
ia_bim_eighteenth-century_histoire-naturelle-eng_leclerc-georges-louis-_1780_7,149,0.05401,junk,,,,
ia_bim_eighteenth-century_histoire-naturelle-eng_leclerc-georges-louis-_1780_7,150,0.00315,junk,,,,
ia_bim_eighteenth-century_histoire-naturelle-eng_leclerc-georges-louis-_1780_7,151,0.0051,junk,,,,
ia_bim_eighteenth-century_histoire-naturelle-eng_leclerc-georges-louis-_1780_7,152,0.04069,junk,,,,
ia_bim_eighteenth-century_histoire-naturelle-eng_leclerc-georges-louis-_1780_7,153,0.17009,junk,,,,
ia_bim_eighteenth-century_histoire-naturelle-eng_leclerc-georges-louis-_1780_7,154,0.55126,non_junk,non_divine_teleology,0.00609,0.9149,0.07901
ia_bim_eighteenth-century_histoire-naturelle-eng_leclerc-georges-louis-_1780_7,155,0.00223,junk,,,,
ia_bim_eighteenth-century_histoire-naturelle-eng_leclerc-georges-louis-_1780_7,156,0.03099,junk,,,,
ia_bim_eighteenth-century_histoire-naturelle-eng_leclerc-georges-louis-_1780_7,157,8e-05,junk,,,,
ia_bim_eighteenth-century_histoire-naturelle-eng_leclerc-georges-louis-_1780_7,158,0.01743,junk,,,,
ia_bim_eighteenth-century_histoire-naturelle-eng_leclerc-georges-louis-_1780_7,159,8e-05,junk,,,,
ia_bim_eighteenth-century_histoire-naturelle-eng_leclerc-georges-louis-_1780_7,160,0.05997,junk,,,,
ia_bim_eighteenth-century_histoire-naturelle-eng_leclerc-georges-louis-_1780_7,161,0.01061,junk,,,,
ia_bim_eighteenth-century_histoire-naturelle-eng_leclerc-georges-louis-_1780_7,162,0.00147,junk,,,,
ia_bim_eighteenth-century_histoire-naturelle-eng_leclerc-georges-louis-_1780_7,163,0.41423,junk,,,,
ia_bim_eighteenth-century_histoire-naturelle-eng_leclerc-georges-louis-_1780_7,164,0.00049,junk,,,,
ia_bim_eighteenth-century_histoire-naturelle-eng_leclerc-georges-louis-_1780_7,165,0.01486,junk,,,,
ia_bim_eighteenth-century_histoire-naturelle-eng_leclerc-georges-louis-_1780_7,166,0.0263,junk,,,,
ia_bim_eighteenth-century_histoire-naturelle-eng_leclerc-georges-louis-_1780_7,167,3e-05,junk,,,,
ia_bim_eighteenth-century_histoire-naturelle-eng_leclerc-georges-louis-_1780_7,168,0.49826,junk,,,,
ia_bim_eighteenth-century_histoire-naturelle-eng_leclerc-georges-louis-_1780_7,169,0.00462,junk,,,,
ia_bim_eighteenth-century_histoire-naturelle-eng_leclerc-georges-louis-_1780_7,170,0.0816,junk,,,,
ia_bim_eighteenth-century_histoire-naturelle-eng_leclerc-georges-louis-_1780_7,171,0.00817,junk,,,,
ia_bim_eighteenth-century_histoire-naturelle-eng_leclerc-georges-louis-_1780_7,172,0.00665,junk,,,,
ia_bim_eighteenth-century_histoire-naturelle-eng_leclerc-georges-louis-_1780_7,173,1e-05,junk,,,,
ia_bim_eighteenth-century_histoire-naturelle-eng_leclerc-georges-louis-_1780_7,174,0.00022,junk,,,,
ia_bim_eighteenth-century_histoire-naturelle-eng_leclerc-georges-louis-_1780_7,175,0.79667,non_junk,internal_essence,0.01479,0.29746,0.68775
ia_bim_eighteenth-century_histoire-naturelle-eng_leclerc-georges-louis-_1780_7,176,0.01421,junk,,,,
ia_bim_eighteenth-century_histoire-naturelle-eng_leclerc-georges-louis-_1780_7,177,0.36241,junk,,,,
ia_bim_eighteenth-century_histoire-naturelle-eng_leclerc-georges-louis-_1780_7,178,0.57885,non_junk,internal_essence,0.01256,0.1153,0.87214
ia_bim_eighteenth-century_histoire-naturelle-eng_leclerc-georges-louis-_1780_7,179,0.96789,non_junk,non_divine_teleology,0.03599,0.95764,0.00636
ia_bim_eighteenth-century_histoire-naturelle-eng_leclerc-georges-louis-_1780_7,180,0.85424,non_junk,non_divine_teleology,0.00217,0.98584,0.01199
ia_bim_eighteenth-century_histoire-naturelle-eng_leclerc-georges-louis-_1780_7,181,0.00156,junk,,,,
ia_bim_eighteenth-century_histoire-naturelle-eng_leclerc-georges-louis-_1780_7,182,0.01419,junk,,,,
ia_bim_eighteenth-century_histoire-naturelle-eng_leclerc-georges-louis-_1780_7,183,0.01821,junk,,,,
ia_bim_eighteenth-century_histoire-naturelle-eng_leclerc-georges-louis-_1780_7,184,0.00704,junk,,,,
ia_bim_eighteenth-century_histoire-naturelle-eng_leclerc-georges-louis-_1780_7,185,0.00432,junk,,,,
ia_bim_eighteenth-century_histoire-naturelle-eng_leclerc-georges-louis-_1780_7,186,0.49834,junk,,,,
ia_bim_eighteenth-century_histoire-naturelle-eng_leclerc-georges-louis-_1780_7,187,6e-05,junk,,,,
ia_bim_eighteenth-century_histoire-naturelle-eng_leclerc-georges-louis-_1780_7,188,0.08083,junk,,,,
ia_bim_eighteenth-century_histoire-naturelle-eng_leclerc-georges-louis-_1780_7,189,0.57841,non_junk,non_divine_teleology,0.0065,0.76246,0.23104
ia_bim_eighteenth-century_histoire-naturelle-eng_leclerc-georges-louis-_1780_7,190,0.00568,junk,,,,
ia_bim_eighteenth-century_histoire-naturelle-eng_leclerc-georges-louis-_1780_7,191,0.00571,junk,,,,
ia_bim_eighteenth-century_histoire-naturelle-eng_leclerc-georges-louis-_1780_7,192,0.15265,junk,,,,
ia_bim_eighteenth-century_histoire-naturelle-eng_leclerc-georges-louis-_1780_7,193,0.00087,junk,,,,
ia_bim_eighteenth-century_histoire-naturelle-eng_leclerc-georges-louis-_1780_7,194,0.0012,junk,,,,
ia_bim_eighteenth-century_histoire-naturelle-eng_leclerc-georges-louis-_1780_7,195,0.108,junk,,,,
ia_bim_eighteenth-century_histoire-naturelle-eng_leclerc-georges-louis-_1780_7,196,0.04522,junk,,,,
ia_bim_eighteenth-century_histoire-naturelle-eng_leclerc-georges-louis-_1780_7,197,0.00242,junk,,,,
ia_bim_eighteenth-century_histoire-naturelle-eng_leclerc-georges-louis-_1780_7,198,0.00305,junk,,,,
ia_bim_eighteenth-century_histoire-naturelle-eng_leclerc-georges-louis-_1780_7,199,0.00461,junk,,,,
ia_bim_eighteenth-century_histoire-naturelle-eng_leclerc-georges-louis-_1780_7,200,0.96247,non_junk,internal_essence,0.00504,0.2926,0.70236
ia_bim_eighteenth-century_histoire-naturelle-eng_leclerc-georges-louis-_1780_7,201,0.93363,non_junk,non_divine_teleology,0.00734,0.95726,0.0354
ia_bim_eighteenth-century_histoire-naturelle-eng_leclerc-georges-louis-_1780_7,202,0.87394,non_junk,internal_essence,0.00676,0.06955,0.92369
ia_bim_eighteenth-century_histoire-naturelle-eng_leclerc-georges-louis-_1780_7,203,0.82626,non_junk,non_divine_teleology,0.00238,0.92448,0.07314
ia_bim_eighteenth-century_histoire-naturelle-eng_leclerc-georges-louis-_1780_7,204,0.00301,junk,,,,
ia_bim_eighteenth-century_histoire-naturelle-eng_leclerc-georges-louis-_1780_7,205,0.00085,junk,,,,
ia_bim_eighteenth-century_histoire-naturelle-eng_leclerc-georges-louis-_1780_7,206,0.00459,junk,,,,
ia_bim_eighteenth-century_histoire-naturelle-eng_leclerc-georges-louis-_1780_7,207,0.00212,junk,,,,
ia_bim_eighteenth-century_histoire-naturelle-eng_leclerc-georges-louis-_1780_7,208,0.56906,non_junk,non_divine_teleology,0.0085,0.97445,0.01705
ia_bim_eighteenth-century_histoire-naturelle-eng_leclerc-georges-louis-_1780_7,209,0.92933,non_junk,non_divine_teleology,0.00627,0.92953,0.06421
ia_bim_eighteenth-century_histoire-naturelle-eng_leclerc-georges-louis-_1780_7,210,0.00233,junk,,,,
ia_bim_eighteenth-century_histoire-naturelle-eng_leclerc-georges-louis-_1780_7,211,0.0062,junk,,,,
ia_bim_eighteenth-century_histoire-naturelle-eng_leclerc-georges-louis-_1780_7,212,0.00371,junk,,,,
ia_bim_eighteenth-century_histoire-naturelle-eng_leclerc-georges-louis-_1780_7,213,0.43001,junk,,,,
ia_bim_eighteenth-century_histoire-naturelle-eng_leclerc-georges-louis-_1780_7,214,0.21901,junk,,,,
ia_bim_eighteenth-century_histoire-naturelle-eng_leclerc-georges-louis-_1780_7,215,0.00793,junk,,,,
ia_bim_eighteenth-century_histoire-naturelle-eng_leclerc-georges-louis-_1780_7,216,0.01224,junk,,,,
ia_bim_eighteenth-century_histoire-naturelle-eng_leclerc-georges-louis-_1780_7,217,0.00022,junk,,,,
ia_bim_eighteenth-century_histoire-naturelle-eng_leclerc-georges-louis-_1780_7,218,0.04774,junk,,,,
ia_bim_eighteenth-century_histoire-naturelle-eng_leclerc-georges-louis-_1780_7,219,0.00444,junk,,,,
ia_bim_eighteenth-century_histoire-naturelle-eng_leclerc-georges-louis-_1780_7,220,0.018,junk,,,,
ia_bim_eighteenth-century_histoire-naturelle-eng_leclerc-georges-louis-_1780_7,221,0.48967,junk,,,,
ia_bim_eighteenth-century_histoire-naturelle-eng_leclerc-georges-louis-_1780_7,222,0.20006,junk,,,,
ia_bim_eighteenth-century_histoire-naturelle-eng_leclerc-georges-louis-_1780_7,223,0.00951,junk,,,,
ia_bim_eighteenth-century_histoire-naturelle-eng_leclerc-georges-louis-_1780_7,224,0.00045,junk,,,,
ia_bim_eighteenth-century_histoire-naturelle-eng_leclerc-georges-louis-_1780_7,225,0.00166,junk,,,,
ia_bim_eighteenth-century_histoire-naturelle-eng_leclerc-georges-louis-_1780_7,226,0.005,junk,,,,
ia_bim_eighteenth-century_histoire-naturelle-eng_leclerc-georges-louis-_1780_7,227,0.00159,junk,,,,
ia_bim_eighteenth-century_histoire-naturelle-eng_leclerc-georges-louis-_1780_7,228,0.03028,junk,,,,
ia_bim_eighteenth-century_histoire-naturelle-eng_leclerc-georges-louis-_1780_7,229,0.00042,junk,,,,
ia_bim_eighteenth-century_histoire-naturelle-eng_leclerc-georges-louis-_1780_7,230,0.00197,junk,,,,
ia_bim_eighteenth-century_histoire-naturelle-eng_leclerc-georges-louis-_1780_7,231,0.07702,junk,,,,
ia_bim_eighteenth-century_histoire-naturelle-eng_leclerc-georges-louis-_1780_7,232,0.00981,junk,,,,
ia_bim_eighteenth-century_histoire-naturelle-eng_leclerc-georges-louis-_1780_7,233,0.11618,junk,,,,
ia_bim_eighteenth-century_histoire-naturelle-eng_leclerc-georges-louis-_1780_7,234,0.06627,junk,,,,
ia_bim_eighteenth-century_histoire-naturelle-eng_leclerc-georges-louis-_1780_7,235,0.81147,non_junk,non_divine_teleology,0.02292,0.62406,0.35301
ia_bim_eighteenth-century_histoire-naturelle-eng_leclerc-georges-louis-_1780_7,236,0.00111,junk,,,,
ia_bim_eighteenth-century_histoire-naturelle-eng_leclerc-georges-louis-_1780_7,237,0.00022,junk,,,,
ia_bim_eighteenth-century_histoire-naturelle-eng_leclerc-georges-louis-_1780_7,238,0.19948,junk,,,,
ia_bim_eighteenth-century_histoire-naturelle-eng_leclerc-georges-louis-_1780_7,239,8e-05,junk,,,,
ia_bim_eighteenth-century_histoire-naturelle-eng_leclerc-georges-louis-_1780_7,240,0.81019,non_junk,non_divine_teleology,0.00132,0.64348,0.3552
ia_bim_eighteenth-century_histoire-naturelle-eng_leclerc-georges-louis-_1780_7,241,0.00923,junk,,,,
ia_bim_eighteenth-century_histoire-naturelle-eng_leclerc-georges-louis-_1780_7,242,0.45318,junk,,,,
ia_bim_eighteenth-century_histoire-naturelle-eng_leclerc-georges-louis-_1780_7,243,4e-05,junk,,,,
ia_bim_eighteenth-century_histoire-naturelle-eng_leclerc-georges-louis-_1780_7,244,0.00061,junk,,,,
ia_bim_eighteenth-century_histoire-naturelle-eng_leclerc-georges-louis-_1780_7,245,0.63357,non_junk,non_divine_teleology,0.13081,0.62007,0.24911
ia_bim_eighteenth-century_histoire-naturelle-eng_leclerc-georges-louis-_1780_7,246,0.00104,junk,,,,
ia_bim_eighteenth-century_histoire-naturelle-eng_leclerc-georges-louis-_1780_7,247,0.02237,junk,,,,
ia_bim_eighteenth-century_histoire-naturelle-eng_leclerc-georges-louis-_1780_7,248,0.80961,non_junk,divine_teleology,0.4915,0.06532,0.44318
ia_bim_eighteenth-century_histoire-naturelle-eng_leclerc-georges-louis-_1780_7,249,0.18738,junk,,,,
ia_bim_eighteenth-century_histoire-naturelle-eng_leclerc-georges-louis-_1780_7,250,0.19888,junk,,,,
ia_bim_eighteenth-century_histoire-naturelle-eng_leclerc-georges-louis-_1780_7,251,0.00546,junk,,,,
ia_bim_eighteenth-century_histoire-naturelle-eng_leclerc-georges-louis-_1780_7,252,0.00546,junk,,,,
ia_bim_eighteenth-century_histoire-naturelle-eng_leclerc-georges-louis-_1780_7,253,0.03731,junk,,,,
ia_bim_eighteenth-century_histoire-naturelle-eng_leclerc-georges-louis-_1780_7,254,0.01162,junk,,,,
ia_bim_eighteenth-century_histoire-naturelle-eng_leclerc-georges-louis-_1780_7,255,0.9615,non_junk,non_divine_teleology,0.01627,0.9325,0.05123
ia_bim_eighteenth-century_histoire-naturelle-eng_leclerc-georges-louis-_1780_7,256,0.01157,junk,,,,
ia_bim_eighteenth-century_histoire-naturelle-eng_leclerc-georges-louis-_1780_7,257,0.99323,non_junk,non_divine_teleology,0.02619,0.90847,0.06534
ia_bim_eighteenth-century_histoire-naturelle-eng_leclerc-georges-louis-_1780_7,258,0.94981,non_junk,non_divine_teleology,0.16446,0.79229,0.04325
ia_bim_eighteenth-century_histoire-naturelle-eng_leclerc-georges-louis-_1780_7,259,0.0003,junk,,,,
ia_bim_eighteenth-century_histoire-naturelle-eng_leclerc-georges-louis-_1780_7,260,0.9471,non_junk,internal_essence,0.04653,0.22213,0.73134
ia_bim_eighteenth-century_histoire-naturelle-eng_leclerc-georges-louis-_1780_7,261,0.9471,non_junk,internal_essence,0.04653,0.22213,0.73134
ia_bim_eighteenth-century_histoire-naturelle-eng_leclerc-georges-louis-_1780_7,262,0.02035,junk,,,,
ia_bim_eighteenth-century_histoire-naturelle-eng_leclerc-georges-louis-_1780_7,263,0.15446,junk,,,,
ia_bim_eighteenth-century_histoire-naturelle-eng_leclerc-georges-louis-_1780_7,264,0.09222,junk,,,,
ia_bim_eighteenth-century_histoire-naturelle-eng_leclerc-georges-louis-_1780_7,265,0.06915,junk,,,,
ia_bim_eighteenth-century_histoire-naturelle-eng_leclerc-georges-louis-_1780_7,266,0.00916,junk,,,,
ia_bim_eighteenth-century_histoire-naturelle-eng_leclerc-georges-louis-_1780_7,267,0.05466,junk,,,,
ia_bim_eighteenth-century_histoire-naturelle-eng_leclerc-georges-louis-_1780_7,268,0.03619,junk,,,,
ia_bim_eighteenth-century_histoire-naturelle-eng_leclerc-georges-louis-_1780_7,269,0.03773,junk,,,,
ia_bim_eighteenth-century_histoire-naturelle-eng_leclerc-georges-louis-_1780_7,270,0.03773,junk,,,,
ia_bim_eighteenth-century_histoire-naturelle-eng_leclerc-georges-louis-_1780_7,271,0.00215,junk,,,,
ia_bim_eighteenth-century_histoire-naturelle-eng_leclerc-georges-louis-_1780_7,272,0.07686,junk,,,,
ia_bim_eighteenth-century_histoire-naturelle-eng_leclerc-georges-louis-_1780_7,273,0.04337,junk,,,,
ia_bim_eighteenth-century_histoire-naturelle-eng_leclerc-georges-louis-_1780_7,274,0.00014,junk,,,,
ia_bim_eighteenth-century_histoire-naturelle-eng_leclerc-georges-louis-_1780_7,275,0.00097,junk,,,,
ia_bim_eighteenth-century_histoire-naturelle-eng_leclerc-georges-louis-_1780_7,276,0.01391,junk,,,,
ia_bim_eighteenth-century_histoire-naturelle-eng_leclerc-georges-louis-_1780_7,277,0.00123,junk,,,,
ia_bim_eighteenth-century_histoire-naturelle-eng_leclerc-georges-louis-_1780_7,278,0.11525,junk,,,,
ia_bim_eighteenth-century_histoire-naturelle-eng_leclerc-georges-louis-_1780_7,279,0.0072,junk,,,,
ia_bim_eighteenth-century_histoire-naturelle-eng_leclerc-georges-louis-_1780_7,280,0.00079,junk,,,,
ia_bim_eighteenth-century_histoire-naturelle-eng_leclerc-georges-louis-_1780_7,281,0.00215,junk,,,,
ia_bim_eighteenth-century_histoire-naturelle-eng_leclerc-georges-louis-_1780_7,282,0.00902,junk,,,,
ia_bim_eighteenth-century_histoire-naturelle-eng_leclerc-georges-louis-_1780_7,283,0.00248,junk,,,,
ia_bim_eighteenth-century_histoire-naturelle-eng_leclerc-georges-louis-_1780_7,284,0.03829,junk,,,,
ia_bim_eighteenth-century_histoire-naturelle-eng_leclerc-georges-louis-_1780_7,285,0.26762,junk,,,,
ia_bim_eighteenth-century_histoire-naturelle-eng_leclerc-georges-louis-_1780_7,286,0.00025,junk,,,,
ia_bim_eighteenth-century_histoire-naturelle-eng_leclerc-georges-louis-_1780_7,287,0.09336,junk,,,,
ia_bim_eighteenth-century_histoire-naturelle-eng_leclerc-georges-louis-_1780_7,288,0.02003,junk,,,,
ia_bim_eighteenth-century_histoire-naturelle-eng_leclerc-georges-louis-_1780_7,289,0.00055,junk,,,,
ia_bim_eighteenth-century_histoire-naturelle-eng_leclerc-georges-louis-_1780_7,290,0.00055,junk,,,,
ia_bim_eighteenth-century_histoire-naturelle-eng_leclerc-georges-louis-_1780_7,291,0.0049,junk,,,,
ia_bim_eighteenth-century_histoire-naturelle-eng_leclerc-georges-louis-_1780_7,292,0.04367,junk,,,,
ia_bim_eighteenth-century_histoire-naturelle-eng_leclerc-georges-louis-_1780_7,293,0.01211,junk,,,,
ia_bim_eighteenth-century_histoire-naturelle-eng_leclerc-georges-louis-_1780_7,294,0.20762,junk,,,,
ia_bim_eighteenth-century_histoire-naturelle-eng_leclerc-georges-louis-_1780_7,295,0.26181,junk,,,,
ia_bim_eighteenth-century_histoire-naturelle-eng_leclerc-georges-louis-_1780_7,296,0.52261,non_junk,non_divine_teleology,0.02531,0.71718,0.25751
ia_bim_eighteenth-century_histoire-naturelle-eng_leclerc-georges-louis-_1780_7,297,0.00097,junk,,,,
ia_bim_eighteenth-century_histoire-naturelle-eng_leclerc-georges-louis-_1780_7,298,0.00583,junk,,,,
ia_bim_eighteenth-century_histoire-naturelle-eng_leclerc-georges-louis-_1780_7,299,0.01579,junk,,,,
ia_bim_eighteenth-century_histoire-naturelle-eng_leclerc-georges-louis-_1780_7,300,0.09363,junk,,,,
ia_bim_eighteenth-century_histoire-naturelle-eng_leclerc-georges-louis-_1780_7,301,0.79968,non_junk,non_divine_teleology,0.04636,0.6597,0.29394
ia_bim_eighteenth-century_histoire-naturelle-eng_leclerc-georges-louis-_1780_7,302,0.00418,junk,,,,
ia_bim_eighteenth-century_histoire-naturelle-eng_leclerc-georges-louis-_1780_7,303,0.00482,junk,,,,
ia_bim_eighteenth-century_histoire-naturelle-eng_leclerc-georges-louis-_1780_7,304,0.00238,junk,,,,
ia_bim_eighteenth-century_histoire-naturelle-eng_leclerc-georges-louis-_1780_7,305,0.0,junk,,,,
ia_bim_eighteenth-century_histoire-naturelle-eng_leclerc-georges-louis-_1780_7,306,0.00041,junk,,,,
ia_bim_eighteenth-century_histoire-naturelle-eng_leclerc-georges-louis-_1780_7,307,0.00481,junk,,,,
ia_bim_eighteenth-century_histoire-naturelle-eng_leclerc-georges-louis-_1780_7,308,0.00134,junk,,,,
ia_bim_eighteenth-century_histoire-naturelle-eng_leclerc-georges-louis-_1780_7,309,0.06525,junk,,,,
ia_bim_eighteenth-century_histoire-naturelle-eng_leclerc-georges-louis-_1780_7,310,0.49959,junk,,,,
ia_bim_eighteenth-century_histoire-naturelle-eng_leclerc-georges-louis-_1780_7,311,0.00585,junk,,,,
ia_bim_eighteenth-century_histoire-naturelle-eng_leclerc-georges-louis-_1780_7,312,0.00695,junk,,,,
ia_bim_eighteenth-century_histoire-naturelle-eng_leclerc-georges-louis-_1780_7,313,0.26596,junk,,,,
ia_bim_eighteenth-century_histoire-naturelle-eng_leclerc-georges-louis-_1780_7,314,0.31618,junk,,,,
ia_bim_eighteenth-century_histoire-naturelle-eng_leclerc-georges-louis-_1780_7,315,0.00768,junk,,,,
ia_bim_eighteenth-century_histoire-naturelle-eng_leclerc-georges-louis-_1780_7,316,0.02142,junk,,,,
ia_bim_eighteenth-century_histoire-naturelle-eng_leclerc-georges-louis-_1780_7,317,0.03406,junk,,,,
ia_bim_eighteenth-century_histoire-naturelle-eng_leclerc-georges-louis-_1780_7,318,0.00033,junk,,,,
ia_bim_eighteenth-century_histoire-naturelle-eng_leclerc-georges-louis-_1780_7,319,0.00312,junk,,,,
ia_bim_eighteenth-century_histoire-naturelle-eng_leclerc-georges-louis-_1780_7,320,0.00022,junk,,,,
ia_bim_eighteenth-century_histoire-naturelle-eng_leclerc-georges-louis-_1780_7,321,0.2981,junk,,,,
ia_bim_eighteenth-century_histoire-naturelle-eng_leclerc-georges-louis-_1780_7,322,0.05402,junk,,,,
ia_bim_eighteenth-century_histoire-naturelle-eng_leclerc-georges-louis-_1780_7,323,0.02894,junk,,,,
ia_bim_eighteenth-century_histoire-naturelle-eng_leclerc-georges-louis-_1780_7,324,0.00093,junk,,,,
ia_bim_eighteenth-century_histoire-naturelle-eng_leclerc-georges-louis-_1780_7,325,0.00031,junk,,,,
ia_bim_eighteenth-century_histoire-naturelle-eng_leclerc-georges-louis-_1780_7,326,0.00126,junk,,,,
ia_bim_eighteenth-century_histoire-naturelle-eng_leclerc-georges-louis-_1780_7,327,0.85113,non_junk,non_divine_teleology,0.01974,0.67404,0.30622
ia_bim_eighteenth-century_histoire-naturelle-eng_leclerc-georges-louis-_1780_7,328,0.00159,junk,,,,
ia_bim_eighteenth-century_histoire-naturelle-eng_leclerc-georges-louis-_1780_7,329,0.40303,junk,,,,
ia_bim_eighteenth-century_histoire-naturelle-eng_leclerc-georges-louis-_1780_7,330,0.01559,junk,,,,
ia_bim_eighteenth-century_histoire-naturelle-eng_leclerc-georges-louis-_1780_7,331,0.11524,junk,,,,
ia_bim_eighteenth-century_histoire-naturelle-eng_leclerc-georges-louis-_1780_7,332,0.00226,junk,,,,
ia_bim_eighteenth-century_histoire-naturelle-eng_leclerc-georges-louis-_1780_7,333,0.00085,junk,,,,
ia_bim_eighteenth-century_histoire-naturelle-eng_leclerc-georges-louis-_1780_7,334,0.00937,junk,,,,
ia_bim_eighteenth-century_histoire-naturelle-eng_leclerc-georges-louis-_1780_7,335,0.00937,junk,,,,
ia_bim_eighteenth-century_histoire-naturelle-eng_leclerc-georges-louis-_1780_7,336,0.00012,junk,,,,
ia_bim_eighteenth-century_histoire-naturelle-eng_leclerc-georges-louis-_1780_7,337,0.06045,junk,,,,
ia_bim_eighteenth-century_histoire-naturelle-eng_leclerc-georges-louis-_1780_7,338,0.0032,junk,,,,
ia_bim_eighteenth-century_histoire-naturelle-eng_leclerc-georges-louis-_1780_7,339,0.07766,junk,,,,
ia_bim_eighteenth-century_histoire-naturelle-eng_leclerc-georges-louis-_1780_7,340,0.25784,junk,,,,
ia_bim_eighteenth-century_histoire-naturelle-eng_leclerc-georges-louis-_1780_7,341,0.00079,junk,,,,
ia_bim_eighteenth-century_histoire-naturelle-eng_leclerc-georges-louis-_1780_7,342,0.02614,junk,,,,
ia_bim_eighteenth-century_histoire-naturelle-eng_leclerc-georges-louis-_1780_7,343,9e-05,junk,,,,
ia_bim_eighteenth-century_histoire-naturelle-eng_leclerc-georges-louis-_1780_7,344,0.05517,junk,,,,
ia_bim_eighteenth-century_histoire-naturelle-eng_leclerc-georges-louis-_1780_7,345,0.00597,junk,,,,
ia_bim_eighteenth-century_histoire-naturelle-eng_leclerc-georges-louis-_1780_7,346,0.99831,non_junk,non_divine_teleology,0.00413,0.9766,0.01927
ia_bim_eighteenth-century_histoire-naturelle-eng_leclerc-georges-louis-_1780_7,347,0.36077,junk,,,,
ia_bim_eighteenth-century_histoire-naturelle-eng_leclerc-georges-louis-_1780_7,348,0.99953,non_junk,non_divine_teleology,0.00848,0.98334,0.00819
ia_bim_eighteenth-century_histoire-naturelle-eng_leclerc-georges-louis-_1780_7,349,0.98728,non_junk,non_divine_teleology,0.0677,0.80665,0.12566
ia_bim_eighteenth-century_histoire-naturelle-eng_leclerc-georges-louis-_1780_7,350,0.0195,junk,,,,
ia_bim_eighteenth-century_histoire-naturelle-eng_leclerc-georges-louis-_1780_7,351,0.84262,non_junk,non_divine_teleology,0.01879,0.95203,0.02918
ia_bim_eighteenth-century_histoire-naturelle-eng_leclerc-georges-louis-_1780_7,352,0.05321,junk,,,,
ia_bim_eighteenth-century_histoire-naturelle-eng_leclerc-georges-louis-_1780_7,353,0.6622,non_junk,non_divine_teleology,0.0074,0.94054,0.05206
ia_bim_eighteenth-century_histoire-naturelle-eng_leclerc-georges-louis-_1780_7,354,0.02737,junk,,,,
ia_bim_eighteenth-century_histoire-naturelle-eng_leclerc-georges-louis-_1780_7,355,0.92347,non_junk,non_divine_teleology,0.01569,0.96664,0.01767
ia_bim_eighteenth-century_histoire-naturelle-eng_leclerc-georges-louis-_1780_7,356,0.59246,non_junk,non_divine_teleology,0.00182,0.9956,0.00257
ia_bim_eighteenth-century_histoire-naturelle-eng_leclerc-georges-louis-_1780_7,357,0.16139,junk,,,,
ia_bim_eighteenth-century_histoire-naturelle-eng_leclerc-georges-louis-_1780_7,358,0.99568,non_junk,non_divine_teleology,0.00896,0.98318,0.00786
ia_bim_eighteenth-century_histoire-naturelle-eng_leclerc-georges-louis-_1780_7,359,0.04938,junk,,,,
ia_bim_eighteenth-century_histoire-naturelle-eng_leclerc-georges-louis-_1780_7,360,0.05792,junk,,,,
ia_bim_eighteenth-century_histoire-naturelle-eng_leclerc-georges-louis-_1780_7,361,0.00163,junk,,,,
ia_bim_eighteenth-century_histoire-naturelle-eng_leclerc-georges-louis-_1780_7,362,0.25332,junk,,,,
ia_bim_eighteenth-century_histoire-naturelle-eng_leclerc-georges-louis-_1780_7,363,0.0612,junk,,,,
ia_bim_eighteenth-century_histoire-naturelle-eng_leclerc-georges-louis-_1780_7,364,0.75169,non_junk,non_divine_teleology,0.00462,0.99114,0.00424
ia_bim_eighteenth-century_histoire-naturelle-eng_leclerc-georges-louis-_1780_7,365,0.10328,junk,,,,
ia_bim_eighteenth-century_histoire-naturelle-eng_leclerc-georges-louis-_1780_7,366,0.07161,junk,,,,
ia_bim_eighteenth-century_histoire-naturelle-eng_leclerc-georges-louis-_1780_7,367,0.30075,junk,,,,
ia_bim_eighteenth-century_histoire-naturelle-eng_leclerc-georges-louis-_1780_7,368,0.14626,junk,,,,
ia_bim_eighteenth-century_histoire-naturelle-eng_leclerc-georges-louis-_1780_7,369,0.00016,junk,,,,
ia_bim_eighteenth-century_histoire-naturelle-eng_leclerc-georges-louis-_1780_7,370,0.00042,junk,,,,
ia_bim_eighteenth-century_histoire-naturelle-eng_leclerc-georges-louis-_1780_7,371,0.5269,non_junk,internal_essence,0.00174,0.03305,0.96521
ia_bim_eighteenth-century_histoire-naturelle-eng_leclerc-georges-louis-_1780_7,372,0.47408,junk,,,,
ia_bim_eighteenth-century_histoire-naturelle-eng_leclerc-georges-louis-_1780_7,373,0.00061,junk,,,,
ia_bim_eighteenth-century_histoire-naturelle-eng_leclerc-georges-louis-_1780_7,374,0.00514,junk,,,,
ia_bim_eighteenth-century_histoire-naturelle-eng_leclerc-georges-louis-_1780_7,375,0.62481,non_junk,internal_essence,0.00881,0.05755,0.93364
ia_bim_eighteenth-century_histoire-naturelle-eng_leclerc-georges-louis-_1780_7,376,0.06273,junk,,,,
ia_bim_eighteenth-century_histoire-naturelle-eng_leclerc-georges-louis-_1780_7,377,0.30995,junk,,,,
ia_bim_eighteenth-century_histoire-naturelle-eng_leclerc-georges-louis-_1780_7,378,0.96127,non_junk,non_divine_teleology,0.02111,0.8092,0.16969
ia_bim_eighteenth-century_histoire-naturelle-eng_leclerc-georges-louis-_1780_7,379,0.00122,junk,,,,
ia_bim_eighteenth-century_histoire-naturelle-eng_leclerc-georges-louis-_1780_7,380,0.00073,junk,,,,
ia_bim_eighteenth-century_histoire-naturelle-eng_leclerc-georges-louis-_1780_7,381,0.00068,junk,,,,
ia_bim_eighteenth-century_histoire-naturelle-eng_leclerc-georges-louis-_1780_7,382,0.12996,junk,,,,
ia_bim_eighteenth-century_histoire-naturelle-eng_leclerc-georges-louis-_1780_7,383,0.00386,junk,,,,
ia_bim_eighteenth-century_histoire-naturelle-eng_leclerc-georges-louis-_1780_7,384,0.03496,junk,,,,
ia_bim_eighteenth-century_histoire-naturelle-eng_leclerc-georges-louis-_1780_7,385,0.0856,junk,,,,
ia_bim_eighteenth-century_histoire-naturelle-eng_leclerc-georges-louis-_1780_7,386,0.17757,junk,,,,
ia_bim_eighteenth-century_histoire-naturelle-eng_leclerc-georges-louis-_1780_7,387,0.99972,non_junk,non_divine_teleology,0.02707,0.87601,0.09692
ia_bim_eighteenth-century_histoire-naturelle-eng_leclerc-georges-louis-_1780_7,388,0.0022,junk,,,,
ia_bim_eighteenth-century_histoire-naturelle-eng_leclerc-georges-louis-_1780_7,389,0.81814,non_junk,non_divine_teleology,0.00732,0.98156,0.01112
ia_bim_eighteenth-century_histoire-naturelle-eng_leclerc-georges-louis-_1780_7,390,0.02005,junk,,,,
ia_bim_eighteenth-century_histoire-naturelle-eng_leclerc-georges-louis-_1780_7,391,0.00019,junk,,,,
ia_bim_eighteenth-century_histoire-naturelle-eng_leclerc-georges-louis-_1780_7,392,0.0108,junk,,,,
ia_bim_eighteenth-century_histoire-naturelle-eng_leclerc-georges-louis-_1780_7,393,0.03196,junk,,,,
ia_bim_eighteenth-century_histoire-naturelle-eng_leclerc-georges-louis-_1780_7,394,0.82694,non_junk,non_divine_teleology,0.01369,0.7686,0.21771
ia_bim_eighteenth-century_histoire-naturelle-eng_leclerc-georges-louis-_1780_7,395,0.0442,junk,,,,
ia_bim_eighteenth-century_histoire-naturelle-eng_leclerc-georges-louis-_1780_7,396,0.1598,junk,,,,
ia_bim_eighteenth-century_histoire-naturelle-eng_leclerc-georges-louis-_1780_7,397,0.99819,non_junk,internal_essence,0.00384,0.4908,0.50536
ia_bim_eighteenth-century_histoire-naturelle-eng_leclerc-georges-louis-_1780_7,398,0.10306,junk,,,,
ia_bim_eighteenth-century_histoire-naturelle-eng_leclerc-georges-louis-_1780_7,399,0.00032,junk,,,,
ia_bim_eighteenth-century_histoire-naturelle-eng_leclerc-georges-louis-_1780_7,400,0.00052,junk,,,,
ia_bim_eighteenth-century_histoire-naturelle-eng_leclerc-georges-louis-_1780_7,401,0.00089,junk,,,,
ia_bim_eighteenth-century_histoire-naturelle-eng_leclerc-georges-louis-_1780_7,402,0.00109,junk,,,,
ia_bim_eighteenth-century_histoire-naturelle-eng_leclerc-georges-louis-_1780_7,403,0.00334,junk,,,,
ia_bim_eighteenth-century_histoire-naturelle-eng_leclerc-georges-louis-_1780_7,404,0.00159,junk,,,,
ia_bim_eighteenth-century_histoire-naturelle-eng_leclerc-georges-louis-_1780_7,405,0.00126,junk,,,,
ia_bim_eighteenth-century_histoire-naturelle-eng_leclerc-georges-louis-_1780_7,406,0.04612,junk,,,,
ia_bim_eighteenth-century_histoire-naturelle-eng_leclerc-georges-louis-_1780_7,407,0.01048,junk,,,,
ia_bim_eighteenth-century_histoire-naturelle-eng_leclerc-georges-louis-_1780_7,408,0.02066,junk,,,,
ia_bim_eighteenth-century_histoire-naturelle-eng_leclerc-georges-louis-_1780_7,409,0.16321,junk,,,,
ia_bim_eighteenth-century_histoire-naturelle-eng_leclerc-georges-louis-_1780_7,410,0.05229,junk,,,,
ia_bim_eighteenth-century_histoire-naturelle-eng_leclerc-georges-louis-_1780_7,411,0.09232,junk,,,,
ia_bim_eighteenth-century_histoire-naturelle-eng_leclerc-georges-louis-_1780_7,412,0.0001,junk,,,,
ia_bim_eighteenth-century_histoire-naturelle-eng_leclerc-georges-louis-_1780_7,413,0.00069,junk,,,,
ia_bim_eighteenth-century_histoire-naturelle-eng_leclerc-georges-louis-_1780_7,414,0.03708,junk,,,,
ia_bim_eighteenth-century_histoire-naturelle-eng_leclerc-georges-louis-_1780_7,415,0.00072,junk,,,,
ia_bim_eighteenth-century_histoire-naturelle-eng_leclerc-georges-louis-_1780_7,416,0.08373,junk,,,,
ia_bim_eighteenth-century_histoire-naturelle-eng_leclerc-georges-louis-_1780_7,417,0.29078,junk,,,,
ia_bim_eighteenth-century_histoire-naturelle-eng_leclerc-georges-louis-_1780_7,418,0.04411,junk,,,,
ia_bim_eighteenth-century_histoire-naturelle-eng_leclerc-georges-louis-_1780_7,419,0.98214,non_junk,non_divine_teleology,0.00528,0.98899,0.00573
ia_bim_eighteenth-century_histoire-naturelle-eng_leclerc-georges-louis-_1780_7,420,0.01059,junk,,,,
ia_bim_eighteenth-century_histoire-naturelle-eng_leclerc-georges-louis-_1780_7,421,0.01378,junk,,,,
ia_bim_eighteenth-century_histoire-naturelle-eng_leclerc-georges-louis-_1780_7,422,0.00098,junk,,,,
ia_bim_eighteenth-century_histoire-naturelle-eng_leclerc-georges-louis-_1780_7,423,0.00223,junk,,,,
ia_bim_eighteenth-century_histoire-naturelle-eng_leclerc-georges-louis-_1780_7,424,0.01033,junk,,,,
ia_bim_eighteenth-century_histoire-naturelle-eng_leclerc-georges-louis-_1780_7,425,0.62305,non_junk,internal_essence,0.0062,0.09745,0.89635
ia_bim_eighteenth-century_histoire-naturelle-eng_leclerc-georges-louis-_1780_7,426,0.00149,junk,,,,
ia_bim_eighteenth-century_histoire-naturelle-eng_leclerc-georges-louis-_1780_7,427,0.00036,junk,,,,
ia_bim_eighteenth-century_histoire-naturelle-eng_leclerc-georges-louis-_1780_7,428,0.01791,junk,,,,
ia_bim_eighteenth-century_histoire-naturelle-eng_leclerc-georges-louis-_1780_7,429,0.96218,non_junk,non_divine_teleology,0.01708,0.73242,0.2505
ia_bim_eighteenth-century_histoire-naturelle-eng_leclerc-georges-louis-_1780_7,430,0.00109,junk,,,,
ia_bim_eighteenth-century_histoire-naturelle-eng_leclerc-georges-louis-_1780_7,431,0.63009,non_junk,internal_essence,0.00923,0.20508,0.7857
ia_bim_eighteenth-century_histoire-naturelle-eng_leclerc-georges-louis-_1780_7,432,0.74751,non_junk,internal_essence,0.00217,0.04214,0.95569
ia_bim_eighteenth-century_histoire-naturelle-eng_leclerc-georges-louis-_1780_7,433,0.01287,junk,,,,
ia_bim_eighteenth-century_histoire-naturelle-eng_leclerc-georges-louis-_1780_7,434,0.01317,junk,,,,
ia_bim_eighteenth-century_histoire-naturelle-eng_leclerc-georges-louis-_1780_7,435,0.00058,junk,,,,
ia_bim_eighteenth-century_histoire-naturelle-eng_leclerc-georges-louis-_1780_7,436,0.84902,non_junk,internal_essence,0.03144,0.14984,0.81872
ia_bim_eighteenth-century_histoire-naturelle-eng_leclerc-georges-louis-_1780_7,437,0.01715,junk,,,,
ia_bim_eighteenth-century_histoire-naturelle-eng_leclerc-georges-louis-_1780_7,438,0.03667,junk,,,,
ia_bim_eighteenth-century_histoire-naturelle-eng_leclerc-georges-louis-_1780_7,439,0.02605,junk,,,,
ia_bim_eighteenth-century_histoire-naturelle-eng_leclerc-georges-louis-_1780_7,440,0.00238,junk,,,,
ia_bim_eighteenth-century_histoire-naturelle-eng_leclerc-georges-louis-_1780_7,441,0.0133,junk,,,,
ia_bim_eighteenth-century_histoire-naturelle-eng_leclerc-georges-louis-_1780_7,442,0.00471,junk,,,,
ia_bim_eighteenth-century_histoire-naturelle-eng_leclerc-georges-louis-_1780_7,443,0.08144,junk,,,,
ia_bim_eighteenth-century_histoire-naturelle-eng_leclerc-georges-louis-_1780_7,444,0.0003,junk,,,,
ia_bim_eighteenth-century_histoire-naturelle-eng_leclerc-georges-louis-_1780_7,445,0.6856,non_junk,non_divine_teleology,0.05424,0.60393,0.34183
ia_bim_eighteenth-century_histoire-naturelle-eng_leclerc-georges-louis-_1780_7,446,0.04025,junk,,,,
ia_bim_eighteenth-century_histoire-naturelle-eng_leclerc-georges-louis-_1780_7,447,0.04115,junk,,,,
ia_bim_eighteenth-century_histoire-naturelle-eng_leclerc-georges-louis-_1780_7,448,0.00054,junk,,,,
ia_bim_eighteenth-century_histoire-naturelle-eng_leclerc-georges-louis-_1780_7,449,0.99889,non_junk,non_divine_teleology,0.04748,0.9383,0.01422
ia_bim_eighteenth-century_histoire-naturelle-eng_leclerc-georges-louis-_1780_7,450,0.06803,junk,,,,
ia_bim_eighteenth-century_histoire-naturelle-eng_leclerc-georges-louis-_1780_7,451,0.88372,non_junk,non_divine_teleology,0.01786,0.96293,0.01922
ia_bim_eighteenth-century_histoire-naturelle-eng_leclerc-georges-louis-_1780_7,452,0.20529,junk,,,,
ia_bim_eighteenth-century_histoire-naturelle-eng_leclerc-georges-louis-_1780_7,453,0.00801,junk,,,,
ia_bim_eighteenth-century_histoire-naturelle-eng_leclerc-georges-louis-_1780_7,454,0.00207,junk,,,,
ia_bim_eighteenth-century_histoire-naturelle-eng_leclerc-georges-louis-_1780_7,455,0.00074,junk,,,,
ia_bim_eighteenth-century_histoire-naturelle-eng_leclerc-georges-louis-_1780_7,456,0.0024,junk,,,,
ia_bim_eighteenth-century_histoire-naturelle-eng_leclerc-georges-louis-_1780_7,457,0.00382,junk,,,,
ia_bim_eighteenth-century_histoire-naturelle-eng_leclerc-georges-louis-_1780_7,458,0.06302,junk,,,,
ia_bim_eighteenth-century_histoire-naturelle-eng_leclerc-georges-louis-_1780_7,459,0.06428,junk,,,,
ia_bim_eighteenth-century_histoire-naturelle-eng_leclerc-georges-louis-_1780_7,460,0.01361,junk,,,,
ia_bim_eighteenth-century_histoire-naturelle-eng_leclerc-georges-louis-_1780_7,461,0.00313,junk,,,,
ia_bim_eighteenth-century_histoire-naturelle-eng_leclerc-georges-louis-_1780_7,462,0.00618,junk,,,,
ia_bim_eighteenth-century_histoire-naturelle-eng_leclerc-georges-louis-_1780_7,463,0.01525,junk,,,,
ia_bim_eighteenth-century_histoire-naturelle-eng_leclerc-georges-louis-_1780_7,464,0.00248,junk,,,,
ia_bim_eighteenth-century_histoire-naturelle-eng_leclerc-georges-louis-_1780_7,465,0.14637,junk,,,,
ia_bim_eighteenth-century_histoire-naturelle-eng_leclerc-georges-louis-_1780_7,466,0.00587,junk,,,,
ia_bim_eighteenth-century_histoire-naturelle-eng_leclerc-georges-louis-_1780_7,467,0.00727,junk,,,,
ia_bim_eighteenth-century_histoire-naturelle-eng_leclerc-georges-louis-_1780_7,468,0.8098,non_junk,non_divine_teleology,0.02988,0.61742,0.3527
ia_bim_eighteenth-century_histoire-naturelle-eng_leclerc-georges-louis-_1780_7,469,0.82133,non_junk,non_divine_teleology,0.01433,0.96959,0.01609
ia_bim_eighteenth-century_histoire-naturelle-eng_leclerc-georges-louis-_1780_7,470,0.01395,junk,,,,
ia_bim_eighteenth-century_histoire-naturelle-eng_leclerc-georges-louis-_1780_7,471,0.70983,non_junk,non_divine_teleology,0.01824,0.95504,0.02672
ia_bim_eighteenth-century_histoire-naturelle-eng_leclerc-georges-louis-_1780_7,472,0.70983,non_junk,non_divine_teleology,0.01824,0.95504,0.02672
ia_bim_eighteenth-century_histoire-naturelle-eng_leclerc-georges-louis-_1780_7,473,0.07687,junk,,,,
ia_bim_eighteenth-century_histoire-naturelle-eng_leclerc-georges-louis-_1780_7,474,0.04748,junk,,,,
ia_bim_eighteenth-century_histoire-naturelle-eng_leclerc-georges-louis-_1780_7,475,0.00544,junk,,,,
ia_bim_eighteenth-century_histoire-naturelle-eng_leclerc-georges-louis-_1780_7,476,0.0113,junk,,,,
ia_bim_eighteenth-century_histoire-naturelle-eng_leclerc-georges-louis-_1780_7,477,0.32804,junk,,,,
ia_bim_eighteenth-century_histoire-naturelle-eng_leclerc-georges-louis-_1780_7,478,0.00037,junk,,,,
ia_bim_eighteenth-century_histoire-naturelle-eng_leclerc-georges-louis-_1780_7,479,0.01176,junk,,,,
ia_bim_eighteenth-century_histoire-naturelle-eng_leclerc-georges-louis-_1780_7,480,0.00364,junk,,,,
ia_bim_eighteenth-century_histoire-naturelle-eng_leclerc-georges-louis-_1780_7,481,0.0036,junk,,,,
ia_bim_eighteenth-century_histoire-naturelle-eng_leclerc-georges-louis-_1780_7,482,0.00062,junk,,,,
ia_bim_eighteenth-century_histoire-naturelle-eng_leclerc-georges-louis-_1780_7,483,0.13329,junk,,,,
ia_bim_eighteenth-century_histoire-naturelle-eng_leclerc-georges-louis-_1780_7,484,0.03286,junk,,,,
ia_bim_eighteenth-century_histoire-naturelle-eng_leclerc-georges-louis-_1780_7,485,0.02822,junk,,,,
ia_bim_eighteenth-century_histoire-naturelle-eng_leclerc-georges-louis-_1780_7,486,0.0006,junk,,,,
ia_bim_eighteenth-century_histoire-naturelle-eng_leclerc-georges-louis-_1780_7,487,0.00013,junk,,,,
ia_bim_eighteenth-century_histoire-naturelle-eng_leclerc-georges-louis-_1780_7,488,0.10616,junk,,,,
ia_bim_eighteenth-century_histoire-naturelle-eng_leclerc-georges-louis-_1780_7,489,0.00571,junk,,,,
ia_bim_eighteenth-century_histoire-naturelle-eng_leclerc-georges-louis-_1780_7,490,0.56094,non_junk,internal_essence,0.00143,0.06225,0.93632
ia_bim_eighteenth-century_histoire-naturelle-eng_leclerc-georges-louis-_1780_7,491,0.04543,junk,,,,
ia_bim_eighteenth-century_histoire-naturelle-eng_leclerc-georges-louis-_1780_7,492,0.01196,junk,,,,
ia_bim_eighteenth-century_histoire-naturelle-eng_leclerc-georges-louis-_1780_7,493,0.00395,junk,,,,
ia_bim_eighteenth-century_histoire-naturelle-eng_leclerc-georges-louis-_1780_7,494,0.02606,junk,,,,
ia_bim_eighteenth-century_histoire-naturelle-eng_leclerc-georges-louis-_1780_7,495,0.61069,non_junk,internal_essence,0.00431,0.15787,0.83782
ia_bim_eighteenth-century_histoire-naturelle-eng_leclerc-georges-louis-_1780_7,496,0.00084,junk,,,,
ia_bim_eighteenth-century_histoire-naturelle-eng_leclerc-georges-louis-_1780_7,497,0.00022,junk,,,,
ia_bim_eighteenth-century_histoire-naturelle-eng_leclerc-georges-louis-_1780_7,498,0.28472,junk,,,,
ia_bim_eighteenth-century_histoire-naturelle-eng_leclerc-georges-louis-_1780_7,499,0.01644,junk,,,,
ia_bim_eighteenth-century_histoire-naturelle-eng_leclerc-georges-louis-_1780_7,500,0.38231,junk,,,,
ia_bim_eighteenth-century_histoire-naturelle-eng_leclerc-georges-louis-_1780_7,501,0.006,junk,,,,
ia_bim_eighteenth-century_histoire-naturelle-eng_leclerc-georges-louis-_1780_7,502,0.01548,junk,,,,
ia_bim_eighteenth-century_histoire-naturelle-eng_leclerc-georges-louis-_1780_7,503,0.0015,junk,,,,
ia_bim_eighteenth-century_histoire-naturelle-eng_leclerc-georges-louis-_1780_7,504,0.017,junk,,,,
ia_bim_eighteenth-century_histoire-naturelle-eng_leclerc-georges-louis-_1780_7,505,0.32195,junk,,,,
ia_bim_eighteenth-century_histoire-naturelle-eng_leclerc-georges-louis-_1780_7,506,0.00038,junk,,,,
ia_bim_eighteenth-century_histoire-naturelle-eng_leclerc-georges-louis-_1780_7,507,0.73056,non_junk,internal_essence,0.00404,0.11161,0.88435
ia_bim_eighteenth-century_histoire-naturelle-eng_leclerc-georges-louis-_1780_7,508,0.93317,non_junk,internal_essence,0.00595,0.06271,0.93134
ia_bim_eighteenth-century_histoire-naturelle-eng_leclerc-georges-louis-_1780_7,509,0.0023,junk,,,,
ia_bim_eighteenth-century_histoire-naturelle-eng_leclerc-georges-louis-_1780_7,510,0.02795,junk,,,,
ia_bim_eighteenth-century_histoire-naturelle-eng_leclerc-georges-louis-_1780_7,511,0.04376,junk,,,,
ia_bim_eighteenth-century_histoire-naturelle-eng_leclerc-georges-louis-_1780_7,512,0.25821,junk,,,,
ia_bim_eighteenth-century_histoire-naturelle-eng_leclerc-georges-louis-_1780_7,513,0.00197,junk,,,,
ia_bim_eighteenth-century_histoire-naturelle-eng_leclerc-georges-louis-_1780_7,514,0.0439,junk,,,,
ia_bim_eighteenth-century_histoire-naturelle-eng_leclerc-georges-louis-_1780_7,515,0.09306,junk,,,,
ia_bim_eighteenth-century_histoire-naturelle-eng_leclerc-georges-louis-_1780_7,516,0.00105,junk,,,,
ia_bim_eighteenth-century_histoire-naturelle-eng_leclerc-georges-louis-_1780_7,517,4e-05,junk,,,,
ia_bim_eighteenth-century_histoire-naturelle-eng_leclerc-georges-louis-_1780_7,518,0.0002,junk,,,,
ia_bim_eighteenth-century_histoire-naturelle-eng_leclerc-georges-louis-_1780_7,519,0.00266,junk,,,,
ia_bim_eighteenth-century_histoire-naturelle-eng_leclerc-georges-louis-_1780_7,520,0.00112,junk,,,,
ia_bim_eighteenth-century_histoire-naturelle-eng_leclerc-georges-louis-_1780_7,521,0.9101,non_junk,non_divine_teleology,0.03083,0.93107,0.0381
ia_bim_eighteenth-century_histoire-naturelle-eng_leclerc-georges-louis-_1780_7,522,0.04059,junk,,,,
ia_bim_eighteenth-century_histoire-naturelle-eng_leclerc-georges-louis-_1780_7,523,0.18627,junk,,,,
ia_bim_eighteenth-century_histoire-naturelle-eng_leclerc-georges-louis-_1780_7,524,0.40283,junk,,,,
ia_bim_eighteenth-century_histoire-naturelle-eng_leclerc-georges-louis-_1780_7,525,0.38649,junk,,,,
ia_bim_eighteenth-century_histoire-naturelle-eng_leclerc-georges-louis-_1780_7,526,0.8707,non_junk,non_divine_teleology,0.00417,0.73138,0.26445
ia_bim_eighteenth-century_histoire-naturelle-eng_leclerc-georges-louis-_1780_7,527,0.17447,junk,,,,
ia_bim_eighteenth-century_histoire-naturelle-eng_leclerc-georges-louis-_1780_7,528,0.03543,junk,,,,
ia_bim_eighteenth-century_histoire-naturelle-eng_leclerc-georges-louis-_1780_7,529,0.00031,junk,,,,
ia_bim_eighteenth-century_histoire-naturelle-eng_leclerc-georges-louis-_1780_7,530,0.00075,junk,,,,
ia_bim_eighteenth-century_histoire-naturelle-eng_leclerc-georges-louis-_1780_7,531,0.00198,junk,,,,
ia_bim_eighteenth-century_histoire-naturelle-eng_leclerc-georges-louis-_1780_7,532,0.0022,junk,,,,
ia_bim_eighteenth-century_histoire-naturelle-eng_leclerc-georges-louis-_1780_7,533,0.01899,junk,,,,
ia_bim_eighteenth-century_histoire-naturelle-eng_leclerc-georges-louis-_1780_7,534,0.00042,junk,,,,
ia_bim_eighteenth-century_histoire-naturelle-eng_leclerc-georges-louis-_1780_7,535,0.00112,junk,,,,
ia_bim_eighteenth-century_histoire-naturelle-eng_leclerc-georges-louis-_1780_7,536,0.03086,junk,,,,
ia_bim_eighteenth-century_histoire-naturelle-eng_leclerc-georges-louis-_1780_7,537,0.94325,non_junk,non_divine_teleology,0.01924,0.88347,0.09729
ia_bim_eighteenth-century_histoire-naturelle-eng_leclerc-georges-louis-_1780_7,538,0.00177,junk,,,,
ia_bim_eighteenth-century_histoire-naturelle-eng_leclerc-georges-louis-_1780_7,539,0.44389,junk,,,,
ia_bim_eighteenth-century_histoire-naturelle-eng_leclerc-georges-louis-_1780_7,540,0.51807,non_junk,non_divine_teleology,0.00497,0.93473,0.0603
ia_bim_eighteenth-century_histoire-naturelle-eng_leclerc-georges-louis-_1780_7,541,0.00021,junk,,,,
ia_bim_eighteenth-century_histoire-naturelle-eng_leclerc-georges-louis-_1780_7,542,0.00204,junk,,,,
ia_bim_eighteenth-century_histoire-naturelle-eng_leclerc-georges-louis-_1780_7,543,0.00202,junk,,,,
ia_bim_eighteenth-century_histoire-naturelle-eng_leclerc-georges-louis-_1780_7,544,0.00027,junk,,,,
ia_bim_eighteenth-century_histoire-naturelle-eng_leclerc-georges-louis-_1780_7,545,0.00178,junk,,,,
ia_bim_eighteenth-century_histoire-naturelle-eng_leclerc-georges-louis-_1780_7,546,0.11338,junk,,,,
ia_bim_eighteenth-century_histoire-naturelle-eng_leclerc-georges-louis-_1780_7,547,0.1181,junk,,,,
ia_bim_eighteenth-century_histoire-naturelle-eng_leclerc-georges-louis-_1780_7,548,0.00639,junk,,,,
ia_bim_eighteenth-century_histoire-naturelle-eng_leclerc-georges-louis-_1780_7,549,0.02197,junk,,,,
ia_bim_eighteenth-century_histoire-naturelle-eng_leclerc-georges-louis-_1780_7,550,0.10045,junk,,,,
ia_bim_eighteenth-century_histoire-naturelle-eng_leclerc-georges-louis-_1780_7,551,0.02134,junk,,,,
ia_bim_eighteenth-century_histoire-naturelle-eng_leclerc-georges-louis-_1780_7,552,0.22752,junk,,,,
ia_bim_eighteenth-century_histoire-naturelle-eng_leclerc-georges-louis-_1780_7,553,0.84737,non_junk,internal_essence,0.01011,0.26761,0.72228
ia_bim_eighteenth-century_histoire-naturelle-eng_leclerc-georges-louis-_1780_7,554,0.00732,junk,,,,
ia_bim_eighteenth-century_histoire-naturelle-eng_leclerc-georges-louis-_1780_7,555,0.00241,junk,,,,
ia_bim_eighteenth-century_histoire-naturelle-eng_leclerc-georges-louis-_1780_7,556,0.60305,non_junk,internal_essence,0.00547,0.10875,0.88578
ia_bim_eighteenth-century_histoire-naturelle-eng_leclerc-georges-louis-_1780_7,557,0.00042,junk,,,,
ia_bim_eighteenth-century_histoire-naturelle-eng_leclerc-georges-louis-_1780_7,558,0.00017,junk,,,,
ia_bim_eighteenth-century_histoire-naturelle-eng_leclerc-georges-louis-_1780_7,559,0.03144,junk,,,,
ia_bim_eighteenth-century_histoire-naturelle-eng_leclerc-georges-louis-_1780_7,560,0.91637,non_junk,internal_essence,0.00944,0.15317,0.83739
ia_bim_eighteenth-century_histoire-naturelle-eng_leclerc-georges-louis-_1780_7,561,0.00618,junk,,,,
ia_bim_eighteenth-century_histoire-naturelle-eng_leclerc-georges-louis-_1780_7,562,0.00177,junk,,,,
ia_bim_eighteenth-century_histoire-naturelle-eng_leclerc-georges-louis-_1780_7,563,0.01882,junk,,,,
ia_bim_eighteenth-century_histoire-naturelle-eng_leclerc-georges-louis-_1780_7,564,0.04012,junk,,,,
ia_bim_eighteenth-century_histoire-naturelle-eng_leclerc-georges-louis-_1780_7,565,0.00848,junk,,,,
ia_bim_eighteenth-century_histoire-naturelle-eng_leclerc-georges-louis-_1780_7,566,0.00051,junk,,,,
ia_bim_eighteenth-century_histoire-naturelle-eng_leclerc-georges-louis-_1780_7,567,0.00034,junk,,,,
ia_bim_eighteenth-century_histoire-naturelle-eng_leclerc-georges-louis-_1780_7,568,0.00169,junk,,,,
ia_bim_eighteenth-century_histoire-naturelle-eng_leclerc-georges-louis-_1780_7,569,0.00372,junk,,,,
ia_bim_eighteenth-century_histoire-naturelle-eng_leclerc-georges-louis-_1780_7,570,0.77961,non_junk,non_divine_teleology,0.03224,0.60214,0.36561
ia_bim_eighteenth-century_histoire-naturelle-eng_leclerc-georges-louis-_1780_7,571,0.01889,junk,,,,
ia_bim_eighteenth-century_histoire-naturelle-eng_leclerc-georges-louis-_1780_7,572,0.04061,junk,,,,
ia_bim_eighteenth-century_histoire-naturelle-eng_leclerc-georges-louis-_1780_7,573,0.02663,junk,,,,
ia_bim_eighteenth-century_histoire-naturelle-eng_leclerc-georges-louis-_1780_7,574,0.01437,junk,,,,
ia_bim_eighteenth-century_histoire-naturelle-eng_leclerc-georges-louis-_1780_7,575,0.00089,junk,,,,
ia_bim_eighteenth-century_histoire-naturelle-eng_leclerc-georges-louis-_1780_7,576,0.00136,junk,,,,
ia_bim_eighteenth-century_histoire-naturelle-eng_leclerc-georges-louis-_1780_7,577,0.00719,junk,,,,
ia_bim_eighteenth-century_histoire-naturelle-eng_leclerc-georges-louis-_1780_7,578,0.07067,junk,,,,
ia_bim_eighteenth-century_histoire-naturelle-eng_leclerc-georges-louis-_1780_7,579,0.01991,junk,,,,
ia_bim_eighteenth-century_histoire-naturelle-eng_leclerc-georges-louis-_1780_7,580,0.97252,non_junk,non_divine_teleology,0.00724,0.73319,0.25957
ia_bim_eighteenth-century_histoire-naturelle-eng_leclerc-georges-louis-_1780_7,581,0.12944,junk,,,,
ia_bim_eighteenth-century_histoire-naturelle-eng_leclerc-georges-louis-_1780_7,582,0.99839,non_junk,non_divine_teleology,0.00138,0.98496,0.01366
ia_bim_eighteenth-century_histoire-naturelle-eng_leclerc-georges-louis-_1780_7,583,0.41576,junk,,,,
ia_bim_eighteenth-century_histoire-naturelle-eng_leclerc-georges-louis-_1780_7,584,0.86001,non_junk,non_divine_teleology,0.01331,0.68088,0.30581
ia_bim_eighteenth-century_histoire-naturelle-eng_leclerc-georges-louis-_1780_7,585,0.00038,junk,,,,
ia_bim_eighteenth-century_histoire-naturelle-eng_leclerc-georges-louis-_1780_7,586,0.00066,junk,,,,
ia_bim_eighteenth-century_histoire-naturelle-eng_leclerc-georges-louis-_1780_7,587,0.08146,junk,,,,
ia_bim_eighteenth-century_histoire-naturelle-eng_leclerc-georges-louis-_1780_7,588,0.94068,non_junk,internal_essence,0.04548,0.26584,0.68868
ia_bim_eighteenth-century_histoire-naturelle-eng_leclerc-georges-louis-_1780_7,589,0.76756,non_junk,internal_essence,0.00644,0.08368,0.90988
ia_bim_eighteenth-century_histoire-naturelle-eng_leclerc-georges-louis-_1780_7,590,0.009,junk,,,,
ia_bim_eighteenth-century_histoire-naturelle-eng_leclerc-georges-louis-_1780_7,591,0.01668,junk,,,,
ia_bim_eighteenth-century_histoire-naturelle-eng_leclerc-georges-louis-_1780_7,592,0.04646,junk,,,,
ia_bim_eighteenth-century_histoire-naturelle-eng_leclerc-georges-louis-_1780_7,593,0.00515,junk,,,,
ia_bim_eighteenth-century_histoire-naturelle-eng_leclerc-georges-louis-_1780_7,594,0.04646,junk,,,,
ia_bim_eighteenth-century_histoire-naturelle-eng_leclerc-georges-louis-_1780_7,595,0.73836,non_junk,internal_essence,0.02495,0.28568,0.68937
ia_bim_eighteenth-century_histoire-naturelle-eng_leclerc-georges-louis-_1780_7,596,0.02511,junk,,,,
ia_bim_eighteenth-century_histoire-naturelle-eng_leclerc-georges-louis-_1780_7,597,0.43206,junk,,,,
ia_bim_eighteenth-century_histoire-naturelle-eng_leclerc-georges-louis-_1780_7,598,0.00014,junk,,,,
ia_bim_eighteenth-century_histoire-naturelle-eng_leclerc-georges-louis-_1780_7,599,0.99436,non_junk,non_divine_teleology,0.07104,0.54959,0.37936
ia_bim_eighteenth-century_histoire-naturelle-eng_leclerc-georges-louis-_1780_7,600,0.00559,junk,,,,
ia_bim_eighteenth-century_histoire-naturelle-eng_leclerc-georges-louis-_1780_7,601,0.00274,junk,,,,
ia_bim_eighteenth-century_histoire-naturelle-eng_leclerc-georges-louis-_1780_7,602,0.00036,junk,,,,
ia_bim_eighteenth-century_histoire-naturelle-eng_leclerc-georges-louis-_1780_7,603,0.91471,non_junk,non_divine_teleology,0.01103,0.80146,0.18751
ia_bim_eighteenth-century_histoire-naturelle-eng_leclerc-georges-louis-_1780_7,604,0.0004,junk,,,,
ia_bim_eighteenth-century_histoire-naturelle-eng_leclerc-georges-louis-_1780_7,605,0.00292,junk,,,,
ia_bim_eighteenth-century_histoire-naturelle-eng_leclerc-georges-louis-_1780_7,606,0.00238,junk,,,,
ia_bim_eighteenth-century_histoire-naturelle-eng_leclerc-georges-louis-_1780_7,607,0.20915,junk,,,,
ia_bim_eighteenth-century_histoire-naturelle-eng_leclerc-georges-louis-_1780_7,608,0.00118,junk,,,,
ia_bim_eighteenth-century_histoire-naturelle-eng_leclerc-georges-louis-_1780_7,609,0.00027,junk,,,,
ia_bim_eighteenth-century_histoire-naturelle-eng_leclerc-georges-louis-_1780_7,610,0.00267,junk,,,,
ia_bim_eighteenth-century_histoire-naturelle-eng_leclerc-georges-louis-_1780_7,611,0.43814,junk,,,,
ia_bim_eighteenth-century_histoire-naturelle-eng_leclerc-georges-louis-_1780_7,612,0.05403,junk,,,,
ia_bim_eighteenth-century_histoire-naturelle-eng_leclerc-georges-louis-_1780_7,613,0.01112,junk,,,,
ia_bim_eighteenth-century_histoire-naturelle-eng_leclerc-georges-louis-_1780_7,614,0.00035,junk,,,,
ia_bim_eighteenth-century_histoire-naturelle-eng_leclerc-georges-louis-_1780_7,615,0.09043,junk,,,,
ia_bim_eighteenth-century_histoire-naturelle-eng_leclerc-georges-louis-_1780_7,616,9e-05,junk,,,,
ia_bim_eighteenth-century_histoire-naturelle-eng_leclerc-georges-louis-_1780_7,617,0.00037,junk,,,,
ia_bim_eighteenth-century_histoire-naturelle-eng_leclerc-georges-louis-_1780_7,618,0.0468,junk,,,,
ia_bim_eighteenth-century_histoire-naturelle-eng_leclerc-georges-louis-_1780_7,619,0.08546,junk,,,,
ia_bim_eighteenth-century_histoire-naturelle-eng_leclerc-georges-louis-_1780_7,620,0.00675,junk,,,,
ia_bim_eighteenth-century_histoire-naturelle-eng_leclerc-georges-louis-_1780_7,621,0.01836,junk,,,,
ia_bim_eighteenth-century_histoire-naturelle-eng_leclerc-georges-louis-_1780_7,622,0.27527,junk,,,,
ia_bim_eighteenth-century_histoire-naturelle-eng_leclerc-georges-louis-_1780_7,623,0.5055,non_junk,non_divine_teleology,0.02644,0.91606,0.0575
ia_bim_eighteenth-century_histoire-naturelle-eng_leclerc-georges-louis-_1780_7,624,0.00195,junk,,,,
ia_bim_eighteenth-century_histoire-naturelle-eng_leclerc-georges-louis-_1780_7,625,0.01711,junk,,,,
ia_bim_eighteenth-century_histoire-naturelle-eng_leclerc-georges-louis-_1780_7,626,0.0031,junk,,,,
ia_bim_eighteenth-century_histoire-naturelle-eng_leclerc-georges-louis-_1780_7,627,0.06822,junk,,,,
ia_bim_eighteenth-century_histoire-naturelle-eng_leclerc-georges-louis-_1780_7,628,0.18346,junk,,,,
ia_bim_eighteenth-century_histoire-naturelle-eng_leclerc-georges-louis-_1780_7,629,8e-05,junk,,,,
ia_bim_eighteenth-century_histoire-naturelle-eng_leclerc-georges-louis-_1780_7,630,0.03226,junk,,,,
ia_bim_eighteenth-century_histoire-naturelle-eng_leclerc-georges-louis-_1780_7,631,0.07035,junk,,,,
ia_bim_eighteenth-century_histoire-naturelle-eng_leclerc-georges-louis-_1780_7,632,0.0011,junk,,,,
ia_bim_eighteenth-century_histoire-naturelle-eng_leclerc-georges-louis-_1780_7,633,0.00036,junk,,,,
ia_bim_eighteenth-century_histoire-naturelle-eng_leclerc-georges-louis-_1780_7,634,0.26597,junk,,,,
ia_bim_eighteenth-century_histoire-naturelle-eng_leclerc-georges-louis-_1780_7,635,0.02644,junk,,,,
ia_bim_eighteenth-century_histoire-naturelle-eng_leclerc-georges-louis-_1780_7,636,0.00984,junk,,,,
ia_bim_eighteenth-century_histoire-naturelle-eng_leclerc-georges-louis-_1780_7,637,0.36767,junk,,,,
ia_bim_eighteenth-century_histoire-naturelle-eng_leclerc-georges-louis-_1780_7,638,0.36885,junk,,,,
ia_bim_eighteenth-century_histoire-naturelle-eng_leclerc-georges-louis-_1780_7,639,0.0573,junk,,,,
ia_bim_eighteenth-century_histoire-naturelle-eng_leclerc-georges-louis-_1780_7,640,0.00926,junk,,,,
ia_bim_eighteenth-century_histoire-naturelle-eng_leclerc-georges-louis-_1780_7,641,0.02773,junk,,,,
ia_bim_eighteenth-century_histoire-naturelle-eng_leclerc-georges-louis-_1780_7,642,0.00232,junk,,,,
ia_bim_eighteenth-century_histoire-naturelle-eng_leclerc-georges-louis-_1780_7,643,3e-05,junk,,,,
ia_bim_eighteenth-century_histoire-naturelle-eng_leclerc-georges-louis-_1780_7,644,0.00236,junk,,,,
ia_bim_eighteenth-century_histoire-naturelle-eng_leclerc-georges-louis-_1780_7,645,0.00028,junk,,,,
ia_bim_eighteenth-century_histoire-naturelle-eng_leclerc-georges-louis-_1780_7,646,0.00036,junk,,,,
ia_bim_eighteenth-century_histoire-naturelle-eng_leclerc-georges-louis-_1780_7,647,0.00101,junk,,,,
ia_bim_eighteenth-century_histoire-naturelle-eng_leclerc-georges-louis-_1780_7,648,0.78646,non_junk,non_divine_teleology,0.00834,0.8189,0.17276
ia_bim_eighteenth-century_histoire-naturelle-eng_leclerc-georges-louis-_1780_7,649,0.03775,junk,,,,
ia_bim_eighteenth-century_histoire-naturelle-eng_leclerc-georges-louis-_1780_7,650,0.00755,junk,,,,
ia_bim_eighteenth-century_histoire-naturelle-eng_leclerc-georges-louis-_1780_7,651,0.01185,junk,,,,
ia_bim_eighteenth-century_histoire-naturelle-eng_leclerc-georges-louis-_1780_7,652,0.00072,junk,,,,
ia_bim_eighteenth-century_histoire-naturelle-eng_leclerc-georges-louis-_1780_7,653,0.1084,junk,,,,
ia_bim_eighteenth-century_histoire-naturelle-eng_leclerc-georges-louis-_1780_7,654,0.13222,junk,,,,
ia_bim_eighteenth-century_histoire-naturelle-eng_leclerc-georges-louis-_1780_7,655,0.03144,junk,,,,
ia_bim_eighteenth-century_histoire-naturelle-eng_leclerc-georges-louis-_1780_7,656,0.00203,junk,,,,
ia_bim_eighteenth-century_histoire-naturelle-eng_leclerc-georges-louis-_1780_7,657,0.1864,junk,,,,
ia_bim_eighteenth-century_histoire-naturelle-eng_leclerc-georges-louis-_1780_7,658,0.00095,junk,,,,
ia_bim_eighteenth-century_histoire-naturelle-eng_leclerc-georges-louis-_1780_7,659,0.05101,junk,,,,
ia_bim_eighteenth-century_histoire-naturelle-eng_leclerc-georges-louis-_1780_7,660,0.00231,junk,,,,
ia_bim_eighteenth-century_histoire-naturelle-eng_leclerc-georges-louis-_1780_7,661,0.00716,junk,,,,
ia_bim_eighteenth-century_histoire-naturelle-eng_leclerc-georges-louis-_1780_7,662,0.00182,junk,,,,
ia_bim_eighteenth-century_histoire-naturelle-eng_leclerc-georges-louis-_1780_7,663,0.00056,junk,,,,
ia_bim_eighteenth-century_histoire-naturelle-eng_leclerc-georges-louis-_1780_7,664,0.00046,junk,,,,
ia_bim_eighteenth-century_histoire-naturelle-eng_leclerc-georges-louis-_1780_7,665,0.00323,junk,,,,
ia_bim_eighteenth-century_histoire-naturelle-eng_leclerc-georges-louis-_1780_7,666,0.00716,junk,,,,
ia_bim_eighteenth-century_histoire-naturelle-eng_leclerc-georges-louis-_1780_7,667,0.00182,junk,,,,
ia_bim_eighteenth-century_histoire-naturelle-eng_leclerc-georges-louis-_1780_7,668,0.00056,junk,,,,
ia_bim_eighteenth-century_histoire-naturelle-eng_leclerc-georges-louis-_1780_7,669,0.00046,junk,,,,
ia_bim_eighteenth-century_histoire-naturelle-eng_leclerc-georges-louis-_1780_7,670,0.0028,junk,,,,
ia_bim_eighteenth-century_histoire-naturelle-eng_leclerc-georges-louis-_1780_7,671,0.00157,junk,,,,
ia_bim_eighteenth-century_histoire-naturelle-eng_leclerc-georges-louis-_1780_7,672,0.41871,junk,,,,
ia_bim_eighteenth-century_histoire-naturelle-eng_leclerc-georges-louis-_1780_7,673,0.00766,junk,,,,
ia_bim_eighteenth-century_histoire-naturelle-eng_leclerc-georges-louis-_1780_7,674,9e-05,junk,,,,
ia_bim_eighteenth-century_histoire-naturelle-eng_leclerc-georges-louis-_1780_7,675,0.00086,junk,,,,
ia_bim_eighteenth-century_histoire-naturelle-eng_leclerc-georges-louis-_1780_7,676,0.08713,junk,,,,
ia_bim_eighteenth-century_histoire-naturelle-eng_leclerc-georges-louis-_1780_7,677,0.00015,junk,,,,
ia_bim_eighteenth-century_histoire-naturelle-eng_leclerc-georges-louis-_1780_7,678,0.04843,junk,,,,
ia_bim_eighteenth-century_histoire-naturelle-eng_leclerc-georges-louis-_1780_7,679,0.0017,junk,,,,
ia_bim_eighteenth-century_histoire-naturelle-eng_leclerc-georges-louis-_1780_7,680,0.35539,junk,,,,
ia_bim_eighteenth-century_histoire-naturelle-eng_leclerc-georges-louis-_1780_7,681,0.00212,junk,,,,
ia_bim_eighteenth-century_histoire-naturelle-eng_leclerc-georges-louis-_1780_7,682,0.00293,junk,,,,
ia_bim_eighteenth-century_histoire-naturelle-eng_leclerc-georges-louis-_1780_7,683,0.01686,junk,,,,
ia_bim_eighteenth-century_histoire-naturelle-eng_leclerc-georges-louis-_1780_7,684,0.03833,junk,,,,
ia_bim_eighteenth-century_histoire-naturelle-eng_leclerc-georges-louis-_1780_7,685,0.16729,junk,,,,
ia_bim_eighteenth-century_histoire-naturelle-eng_leclerc-georges-louis-_1780_7,686,0.9518,non_junk,non_divine_teleology,0.02386,0.93779,0.03835
ia_bim_eighteenth-century_histoire-naturelle-eng_leclerc-georges-louis-_1780_7,687,0.05178,junk,,,,
ia_bim_eighteenth-century_histoire-naturelle-eng_leclerc-georges-louis-_1780_7,688,0.09679,junk,,,,
ia_bim_eighteenth-century_histoire-naturelle-eng_leclerc-georges-louis-_1780_7,689,0.00134,junk,,,,
ia_bim_eighteenth-century_histoire-naturelle-eng_leclerc-georges-louis-_1780_7,690,0.00361,junk,,,,
ia_bim_eighteenth-century_histoire-naturelle-eng_leclerc-georges-louis-_1780_7,691,0.00361,junk,,,,
ia_bim_eighteenth-century_histoire-naturelle-eng_leclerc-georges-louis-_1780_7,692,0.01514,junk,,,,
ia_bim_eighteenth-century_histoire-naturelle-eng_leclerc-georges-louis-_1780_7,693,6e-05,junk,,,,
ia_bim_eighteenth-century_histoire-naturelle-eng_leclerc-georges-louis-_1780_7,694,0.00137,junk,,,,
ia_bim_eighteenth-century_histoire-naturelle-eng_leclerc-georges-louis-_1780_7,695,0.11993,junk,,,,
ia_bim_eighteenth-century_histoire-naturelle-eng_leclerc-georges-louis-_1780_7,696,0.01521,junk,,,,
ia_bim_eighteenth-century_histoire-naturelle-eng_leclerc-georges-louis-_1780_7,697,0.00921,junk,,,,
ia_bim_eighteenth-century_histoire-naturelle-eng_leclerc-georges-louis-_1780_7,698,0.56891,non_junk,non_divine_teleology,0.0049,0.70277,0.29233
ia_bim_eighteenth-century_histoire-naturelle-eng_leclerc-georges-louis-_1780_7,699,0.00777,junk,,,,
ia_bim_eighteenth-century_histoire-naturelle-eng_leclerc-georges-louis-_1780_7,700,2e-05,junk,,,,
ia_bim_eighteenth-century_histoire-naturelle-eng_leclerc-georges-louis-_1780_7,701,0.00448,junk,,,,
ia_bim_eighteenth-century_histoire-naturelle-eng_leclerc-georges-louis-_1780_7,702,0.03755,junk,,,,
ia_bim_eighteenth-century_histoire-naturelle-eng_leclerc-georges-louis-_1780_7,703,0.00064,junk,,,,
ia_bim_eighteenth-century_histoire-naturelle-eng_leclerc-georges-louis-_1780_7,704,0.00707,junk,,,,
ia_bim_eighteenth-century_histoire-naturelle-eng_leclerc-georges-louis-_1780_7,705,0.04696,junk,,,,
ia_bim_eighteenth-century_histoire-naturelle-eng_leclerc-georges-louis-_1780_7,706,0.05069,junk,,,,
ia_bim_eighteenth-century_histoire-naturelle-eng_leclerc-georges-louis-_1780_7,707,0.00792,junk,,,,
ia_bim_eighteenth-century_histoire-naturelle-eng_leclerc-georges-louis-_1780_7,708,0.01857,junk,,,,
ia_bim_eighteenth-century_histoire-naturelle-eng_leclerc-georges-louis-_1780_7,709,0.28564,junk,,,,
ia_bim_eighteenth-century_histoire-naturelle-eng_leclerc-georges-louis-_1780_7,710,0.56909,non_junk,non_divine_teleology,0.01046,0.97076,0.01878
ia_bim_eighteenth-century_histoire-naturelle-eng_leclerc-georges-louis-_1780_7,711,0.00244,junk,,,,
ia_bim_eighteenth-century_histoire-naturelle-eng_leclerc-georges-louis-_1780_7,712,0.6123,non_junk,non_divine_teleology,0.01143,0.97523,0.01334
ia_bim_eighteenth-century_histoire-naturelle-eng_leclerc-georges-louis-_1780_7,713,0.01563,junk,,,,
ia_bim_eighteenth-century_histoire-naturelle-eng_leclerc-georges-louis-_1780_7,714,0.03015,junk,,,,
ia_bim_eighteenth-century_histoire-naturelle-eng_leclerc-georges-louis-_1780_7,715,0.02747,junk,,,,
ia_bim_eighteenth-century_histoire-naturelle-eng_leclerc-georges-louis-_1780_7,716,0.00392,junk,,,,
ia_bim_eighteenth-century_histoire-naturelle-eng_leclerc-georges-louis-_1780_7,717,0.04485,junk,,,,
ia_bim_eighteenth-century_histoire-naturelle-eng_leclerc-georges-louis-_1780_7,718,0.00166,junk,,,,
ia_bim_eighteenth-century_histoire-naturelle-eng_leclerc-georges-louis-_1780_7,719,0.05825,junk,,,,
ia_bim_eighteenth-century_histoire-naturelle-eng_leclerc-georges-louis-_1780_7,720,0.4165,junk,,,,
ia_bim_eighteenth-century_histoire-naturelle-eng_leclerc-georges-louis-_1780_7,721,0.9121,non_junk,non_divine_teleology,0.01004,0.98521,0.00475
ia_bim_eighteenth-century_histoire-naturelle-eng_leclerc-georges-louis-_1780_7,722,0.37681,junk,,,,
ia_bim_eighteenth-century_histoire-naturelle-eng_leclerc-georges-louis-_1780_7,723,0.00045,junk,,,,
ia_bim_eighteenth-century_histoire-naturelle-eng_leclerc-georges-louis-_1780_7,724,0.02605,junk,,,,
ia_bim_eighteenth-century_histoire-naturelle-eng_leclerc-georges-louis-_1780_7,725,0.00087,junk,,,,
ia_bim_eighteenth-century_histoire-naturelle-eng_leclerc-georges-louis-_1780_7,726,0.00274,junk,,,,
ia_bim_eighteenth-century_histoire-naturelle-eng_leclerc-georges-louis-_1780_7,727,0.31781,junk,,,,
ia_bim_eighteenth-century_histoire-naturelle-eng_leclerc-georges-louis-_1780_7,728,0.00073,junk,,,,
ia_bim_eighteenth-century_histoire-naturelle-eng_leclerc-georges-louis-_1780_7,729,0.00027,junk,,,,
ia_bim_eighteenth-century_histoire-naturelle-eng_leclerc-georges-louis-_1780_7,730,0.00027,junk,,,,
ia_bim_eighteenth-century_histoire-naturelle-eng_leclerc-georges-louis-_1780_7,731,0.00423,junk,,,,
ia_bim_eighteenth-century_histoire-naturelle-eng_leclerc-georges-louis-_1780_7,732,0.01101,junk,,,,
ia_bim_eighteenth-century_histoire-naturelle-eng_leclerc-georges-louis-_1780_7,733,0.01081,junk,,,,
ia_bim_eighteenth-century_histoire-naturelle-eng_leclerc-georges-louis-_1780_7,734,0.00059,junk,,,,
ia_bim_eighteenth-century_histoire-naturelle-eng_leclerc-georges-louis-_1780_7,735,0.16683,junk,,,,
ia_bim_eighteenth-century_histoire-naturelle-eng_leclerc-georges-louis-_1780_7,736,2e-05,junk,,,,
ia_bim_eighteenth-century_histoire-naturelle-eng_leclerc-georges-louis-_1780_7,737,0.45335,junk,,,,
ia_bim_eighteenth-century_histoire-naturelle-eng_leclerc-georges-louis-_1780_7,738,0.03384,junk,,,,
ia_bim_eighteenth-century_histoire-naturelle-eng_leclerc-georges-louis-_1780_7,739,0.98699,non_junk,non_divine_teleology,0.03801,0.89645,0.06553
ia_bim_eighteenth-century_histoire-naturelle-eng_leclerc-georges-louis-_1780_7,740,0.00018,junk,,,,
ia_bim_eighteenth-century_histoire-naturelle-eng_leclerc-georges-louis-_1780_7,741,0.01058,junk,,,,
ia_bim_eighteenth-century_histoire-naturelle-eng_leclerc-georges-louis-_1780_7,742,0.07794,junk,,,,
ia_bim_eighteenth-century_histoire-naturelle-eng_leclerc-georges-louis-_1780_7,743,0.02269,junk,,,,
ia_bim_eighteenth-century_histoire-naturelle-eng_leclerc-georges-louis-_1780_7,744,0.00827,junk,,,,
ia_bim_eighteenth-century_histoire-naturelle-eng_leclerc-georges-louis-_1780_7,745,0.00132,junk,,,,
ia_bim_eighteenth-century_histoire-naturelle-eng_leclerc-georges-louis-_1780_7,746,0.16895,junk,,,,
ia_bim_eighteenth-century_histoire-naturelle-eng_leclerc-georges-louis-_1780_7,747,0.23938,junk,,,,
ia_bim_eighteenth-century_histoire-naturelle-eng_leclerc-georges-louis-_1780_7,748,0.00305,junk,,,,
ia_bim_eighteenth-century_histoire-naturelle-eng_leclerc-georges-louis-_1780_7,749,0.0015,junk,,,,
ia_bim_eighteenth-century_histoire-naturelle-eng_leclerc-georges-louis-_1780_7,750,0.03339,junk,,,,
ia_bim_eighteenth-century_histoire-naturelle-eng_leclerc-georges-louis-_1780_7,751,0.01521,junk,,,,
ia_bim_eighteenth-century_histoire-naturelle-eng_leclerc-georges-louis-_1780_7,752,0.7449,non_junk,non_divine_teleology,0.02673,0.86298,0.11029
ia_bim_eighteenth-century_histoire-naturelle-eng_leclerc-georges-louis-_1780_7,753,0.15176,junk,,,,
ia_bim_eighteenth-century_histoire-naturelle-eng_leclerc-georges-louis-_1780_7,754,0.00088,junk,,,,
ia_bim_eighteenth-century_histoire-naturelle-eng_leclerc-georges-louis-_1780_7,755,0.0616,junk,,,,
ia_bim_eighteenth-century_histoire-naturelle-eng_leclerc-georges-louis-_1780_7,756,0.51945,non_junk,non_divine_teleology,0.03225,0.89277,0.07498
ia_bim_eighteenth-century_histoire-naturelle-eng_leclerc-georges-louis-_1780_7,757,0.00242,junk,,,,
ia_bim_eighteenth-century_histoire-naturelle-eng_leclerc-georges-louis-_1780_7,758,0.01718,junk,,,,
ia_bim_eighteenth-century_histoire-naturelle-eng_leclerc-georges-louis-_1780_7,759,0.03143,junk,,,,
ia_bim_eighteenth-century_histoire-naturelle-eng_leclerc-georges-louis-_1780_7,760,0.01157,junk,,,,
ia_bim_eighteenth-century_histoire-naturelle-eng_leclerc-georges-louis-_1780_7,761,0.0002,junk,,,,
ia_bim_eighteenth-century_histoire-naturelle-eng_leclerc-georges-louis-_1780_7,762,0.00051,junk,,,,
ia_bim_eighteenth-century_histoire-naturelle-eng_leclerc-georges-louis-_1780_7,763,0.12696,junk,,,,
ia_bim_eighteenth-century_histoire-naturelle-eng_leclerc-georges-louis-_1780_7,764,0.00484,junk,,,,
ia_bim_eighteenth-century_histoire-naturelle-eng_leclerc-georges-louis-_1780_7,765,0.01432,junk,,,,
ia_bim_eighteenth-century_histoire-naturelle-eng_leclerc-georges-louis-_1780_7,766,0.00015,junk,,,,
ia_bim_eighteenth-century_histoire-naturelle-eng_leclerc-georges-louis-_1780_7,767,0.00488,junk,,,,
ia_bim_eighteenth-century_histoire-naturelle-eng_leclerc-georges-louis-_1780_7,768,9e-05,junk,,,,
ia_bim_eighteenth-century_histoire-naturelle-eng_leclerc-georges-louis-_1780_7,769,8e-05,junk,,,,
ia_bim_eighteenth-century_histoire-naturelle-eng_leclerc-georges-louis-_1780_7,770,0.00031,junk,,,,
ia_bim_eighteenth-century_histoire-naturelle-eng_leclerc-georges-louis-_1780_7,771,0.16163,junk,,,,
ia_bim_eighteenth-century_histoire-naturelle-eng_leclerc-georges-louis-_1780_7,772,0.4833,junk,,,,
ia_bim_eighteenth-century_histoire-naturelle-eng_leclerc-georges-louis-_1780_7,773,0.00068,junk,,,,
ia_bim_eighteenth-century_histoire-naturelle-eng_leclerc-georges-louis-_1780_7,774,0.02807,junk,,,,
ia_bim_eighteenth-century_histoire-naturelle-eng_leclerc-georges-louis-_1780_7,775,0.00236,junk,,,,
ia_bim_eighteenth-century_histoire-naturelle-eng_leclerc-georges-louis-_1780_7,776,0.03308,junk,,,,
ia_bim_eighteenth-century_histoire-naturelle-eng_leclerc-georges-louis-_1780_7,777,0.98812,non_junk,non_divine_teleology,0.00652,0.65112,0.34235
ia_bim_eighteenth-century_histoire-naturelle-eng_leclerc-georges-louis-_1780_7,778,0.24045,junk,,,,
ia_bim_eighteenth-century_histoire-naturelle-eng_leclerc-georges-louis-_1780_7,779,0.01262,junk,,,,
ia_bim_eighteenth-century_histoire-naturelle-eng_leclerc-georges-louis-_1780_7,780,0.00165,junk,,,,
ia_bim_eighteenth-century_histoire-naturelle-eng_leclerc-georges-louis-_1780_7,781,0.00027,junk,,,,
ia_bim_eighteenth-century_histoire-naturelle-eng_leclerc-georges-louis-_1780_7,782,0.01097,junk,,,,
ia_bim_eighteenth-century_histoire-naturelle-eng_leclerc-georges-louis-_1780_7,783,0.09128,junk,,,,
ia_bim_eighteenth-century_histoire-naturelle-eng_leclerc-georges-louis-_1780_7,784,0.97821,non_junk,non_divine_teleology,0.00638,0.8329,0.16072
ia_bim_eighteenth-century_histoire-naturelle-eng_leclerc-georges-louis-_1780_7,785,0.29211,junk,,,,
ia_bim_eighteenth-century_histoire-naturelle-eng_leclerc-georges-louis-_1780_7,786,0.03471,junk,,,,
ia_bim_eighteenth-century_histoire-naturelle-eng_leclerc-georges-louis-_1780_7,787,0.01564,junk,,,,
ia_bim_eighteenth-century_histoire-naturelle-eng_leclerc-georges-louis-_1780_7,788,0.00292,junk,,,,
ia_bim_eighteenth-century_histoire-naturelle-eng_leclerc-georges-louis-_1780_7,789,0.04421,junk,,,,
ia_bim_eighteenth-century_histoire-naturelle-eng_leclerc-georges-louis-_1780_7,790,0.00899,junk,,,,
ia_bim_eighteenth-century_histoire-naturelle-eng_leclerc-georges-louis-_1780_7,791,0.00027,junk,,,,
ia_bim_eighteenth-century_histoire-naturelle-eng_leclerc-georges-louis-_1780_7,792,0.00906,junk,,,,
ia_bim_eighteenth-century_histoire-naturelle-eng_leclerc-georges-louis-_1780_7,793,0.00598,junk,,,,
ia_bim_eighteenth-century_histoire-naturelle-eng_leclerc-georges-louis-_1780_7,794,0.10655,junk,,,,
ia_bim_eighteenth-century_histoire-naturelle-eng_leclerc-georges-louis-_1780_7,795,0.1197,junk,,,,
ia_bim_eighteenth-century_histoire-naturelle-eng_leclerc-georges-louis-_1780_7,796,0.00419,junk,,,,
ia_bim_eighteenth-century_histoire-naturelle-eng_leclerc-georges-louis-_1780_7,797,8e-05,junk,,,,
ia_bim_eighteenth-century_histoire-naturelle-eng_leclerc-georges-louis-_1780_7,798,0.57937,non_junk,non_divine_teleology,0.08109,0.82138,0.09753
ia_bim_eighteenth-century_histoire-naturelle-eng_leclerc-georges-louis-_1780_7,799,0.06296,junk,,,,
ia_bim_eighteenth-century_histoire-naturelle-eng_leclerc-georges-louis-_1780_7,800,0.00383,junk,,,,
ia_bim_eighteenth-century_histoire-naturelle-eng_leclerc-georges-louis-_1780_7,801,0.00052,junk,,,,
ia_bim_eighteenth-century_histoire-naturelle-eng_leclerc-georges-louis-_1780_7,802,0.641,non_junk,internal_essence,0.0044,0.14317,0.85243
ia_bim_eighteenth-century_histoire-naturelle-eng_leclerc-georges-louis-_1780_7,803,0.00064,junk,,,,
ia_bim_eighteenth-century_histoire-naturelle-eng_leclerc-georges-louis-_1780_7,804,0.00211,junk,,,,
ia_bim_eighteenth-century_histoire-naturelle-eng_leclerc-georges-louis-_1780_7,805,0.00092,junk,,,,
ia_bim_eighteenth-century_histoire-naturelle-eng_leclerc-georges-louis-_1780_7,806,0.00083,junk,,,,
ia_bim_eighteenth-century_histoire-naturelle-eng_leclerc-georges-louis-_1780_7,807,0.48071,junk,,,,
ia_bim_eighteenth-century_histoire-naturelle-eng_leclerc-georges-louis-_1780_7,808,0.80148,non_junk,non_divine_teleology,0.008,0.92814,0.06386
ia_bim_eighteenth-century_histoire-naturelle-eng_leclerc-georges-louis-_1780_7,809,0.87757,non_junk,non_divine_teleology,0.01057,0.96606,0.02338
ia_bim_eighteenth-century_histoire-naturelle-eng_leclerc-georges-louis-_1780_7,810,0.00423,junk,,,,
ia_bim_eighteenth-century_histoire-naturelle-eng_leclerc-georges-louis-_1780_7,811,0.00685,junk,,,,
ia_bim_eighteenth-century_histoire-naturelle-eng_leclerc-georges-louis-_1780_7,812,0.03325,junk,,,,
ia_bim_eighteenth-century_histoire-naturelle-eng_leclerc-georges-louis-_1780_7,813,0.5042,non_junk,non_divine_teleology,0.0111,0.94146,0.04744
ia_bim_eighteenth-century_histoire-naturelle-eng_leclerc-georges-louis-_1780_7,814,0.01381,junk,,,,
ia_bim_eighteenth-century_histoire-naturelle-eng_leclerc-georges-louis-_1780_7,815,0.01148,junk,,,,
ia_bim_eighteenth-century_histoire-naturelle-eng_leclerc-georges-louis-_1780_7,816,0.01149,junk,,,,
ia_bim_eighteenth-century_histoire-naturelle-eng_leclerc-georges-louis-_1780_7,817,0.39966,junk,,,,
ia_bim_eighteenth-century_histoire-naturelle-eng_leclerc-georges-louis-_1780_7,818,0.00317,junk,,,,
ia_bim_eighteenth-century_histoire-naturelle-eng_leclerc-georges-louis-_1780_7,819,0.00532,junk,,,,
ia_bim_eighteenth-century_histoire-naturelle-eng_leclerc-georges-louis-_1780_7,820,0.0041,junk,,,,
ia_bim_eighteenth-century_histoire-naturelle-eng_leclerc-georges-louis-_1780_7,821,0.00018,junk,,,,
ia_bim_eighteenth-century_histoire-naturelle-eng_leclerc-georges-louis-_1780_7,822,0.01304,junk,,,,
ia_bim_eighteenth-century_histoire-naturelle-eng_leclerc-georges-louis-_1780_7,823,0.01026,junk,,,,
ia_bim_eighteenth-century_histoire-naturelle-eng_leclerc-georges-louis-_1780_7,824,0.61429,non_junk,non_divine_teleology,0.01317,0.70492,0.28191
ia_bim_eighteenth-century_histoire-naturelle-eng_leclerc-georges-louis-_1780_7,825,0.18462,junk,,,,
ia_bim_eighteenth-century_histoire-naturelle-eng_leclerc-georges-louis-_1780_7,826,0.01594,junk,,,,
ia_bim_eighteenth-century_histoire-naturelle-eng_leclerc-georges-louis-_1780_7,827,0.00252,junk,,,,
ia_bim_eighteenth-century_histoire-naturelle-eng_leclerc-georges-louis-_1780_7,828,0.0205,junk,,,,
ia_bim_eighteenth-century_histoire-naturelle-eng_leclerc-georges-louis-_1780_7,829,0.09182,junk,,,,
ia_bim_eighteenth-century_histoire-naturelle-eng_leclerc-georges-louis-_1780_7,830,0.18834,junk,,,,
ia_bim_eighteenth-century_histoire-naturelle-eng_leclerc-georges-louis-_1780_7,831,0.05648,junk,,,,
ia_bim_eighteenth-century_histoire-naturelle-eng_leclerc-georges-louis-_1780_7,832,0.00797,junk,,,,
ia_bim_eighteenth-century_histoire-naturelle-eng_leclerc-georges-louis-_1780_7,833,0.01278,junk,,,,
ia_bim_eighteenth-century_histoire-naturelle-eng_leclerc-georges-louis-_1780_7,834,0.35356,junk,,,,
ia_bim_eighteenth-century_histoire-naturelle-eng_leclerc-georges-louis-_1780_7,835,0.16711,junk,,,,
ia_bim_eighteenth-century_histoire-naturelle-eng_leclerc-georges-louis-_1780_7,836,0.03373,junk,,,,
ia_bim_eighteenth-century_histoire-naturelle-eng_leclerc-georges-louis-_1780_7,837,0.15485,junk,,,,
ia_bim_eighteenth-century_histoire-naturelle-eng_leclerc-georges-louis-_1780_7,838,0.00293,junk,,,,
ia_bim_eighteenth-century_histoire-naturelle-eng_leclerc-georges-louis-_1780_7,839,0.00513,junk,,,,
ia_bim_eighteenth-century_histoire-naturelle-eng_leclerc-georges-louis-_1780_7,840,0.00916,junk,,,,
ia_bim_eighteenth-century_histoire-naturelle-eng_leclerc-georges-louis-_1780_7,841,0.11464,junk,,,,
ia_bim_eighteenth-century_histoire-naturelle-eng_leclerc-georges-louis-_1780_7,842,0.06563,junk,,,,
ia_bim_eighteenth-century_histoire-naturelle-eng_leclerc-georges-louis-_1780_7,843,0.00159,junk,,,,
ia_bim_eighteenth-century_histoire-naturelle-eng_leclerc-georges-louis-_1780_7,844,0.00081,junk,,,,
ia_bim_eighteenth-century_histoire-naturelle-eng_leclerc-georges-louis-_1780_7,845,0.59155,non_junk,internal_essence,0.01794,0.32328,0.65878
ia_bim_eighteenth-century_histoire-naturelle-eng_leclerc-georges-louis-_1780_7,846,0.3943,junk,,,,
ia_bim_eighteenth-century_histoire-naturelle-eng_leclerc-georges-louis-_1780_7,847,0.03558,junk,,,,
ia_bim_eighteenth-century_histoire-naturelle-eng_leclerc-georges-louis-_1780_7,848,0.00753,junk,,,,
ia_bim_eighteenth-century_histoire-naturelle-eng_leclerc-georges-louis-_1780_7,849,0.42821,junk,,,,
ia_bim_eighteenth-century_histoire-naturelle-eng_leclerc-georges-louis-_1780_7,850,0.89537,non_junk,non_divine_teleology,0.05716,0.56922,0.37362
ia_bim_eighteenth-century_histoire-naturelle-eng_leclerc-georges-louis-_1780_7,851,0.97153,non_junk,non_divine_teleology,0.11074,0.67972,0.20954
ia_bim_eighteenth-century_histoire-naturelle-eng_leclerc-georges-louis-_1780_7,852,0.24007,junk,,,,
ia_bim_eighteenth-century_histoire-naturelle-eng_leclerc-georges-louis-_1780_7,853,0.00423,junk,,,,
ia_bim_eighteenth-century_histoire-naturelle-eng_leclerc-georges-louis-_1780_7,854,0.03093,junk,,,,
ia_bim_eighteenth-century_histoire-naturelle-eng_leclerc-georges-louis-_1780_7,855,0.40342,junk,,,,
ia_bim_eighteenth-century_histoire-naturelle-eng_leclerc-georges-louis-_1780_7,856,0.04228,junk,,,,
ia_bim_eighteenth-century_histoire-naturelle-eng_leclerc-georges-louis-_1780_7,857,0.99622,non_junk,non_divine_teleology,0.02382,0.94299,0.03319
ia_bim_eighteenth-century_histoire-naturelle-eng_leclerc-georges-louis-_1780_7,858,0.39313,junk,,,,
ia_bim_eighteenth-century_histoire-naturelle-eng_leclerc-georges-louis-_1780_7,859,0.24888,junk,,,,
ia_bim_eighteenth-century_histoire-naturelle-eng_leclerc-georges-louis-_1780_7,860,0.88877,non_junk,non_divine_teleology,0.02731,0.95244,0.02025
ia_bim_eighteenth-century_histoire-naturelle-eng_leclerc-georges-louis-_1780_7,861,0.00078,junk,,,,
ia_bim_eighteenth-century_histoire-naturelle-eng_leclerc-georges-louis-_1780_7,862,0.00656,junk,,,,
ia_bim_eighteenth-century_histoire-naturelle-eng_leclerc-georges-louis-_1780_7,863,0.00088,junk,,,,
ia_bim_eighteenth-century_histoire-naturelle-eng_leclerc-georges-louis-_1780_7,864,0.30685,junk,,,,
ia_bim_eighteenth-century_histoire-naturelle-eng_leclerc-georges-louis-_1780_7,865,0.14376,junk,,,,
ia_bim_eighteenth-century_histoire-naturelle-eng_leclerc-georges-louis-_1780_7,866,0.24084,junk,,,,
ia_bim_eighteenth-century_histoire-naturelle-eng_leclerc-georges-louis-_1780_7,867,0.00036,junk,,,,
ia_bim_eighteenth-century_histoire-naturelle-eng_leclerc-georges-louis-_1780_7,868,0.00057,junk,,,,
ia_bim_eighteenth-century_histoire-naturelle-eng_leclerc-georges-louis-_1780_7,869,0.01111,junk,,,,
ia_bim_eighteenth-century_histoire-naturelle-eng_leclerc-georges-louis-_1780_7,870,0.06353,junk,,,,
ia_bim_eighteenth-century_histoire-naturelle-eng_leclerc-georges-louis-_1780_7,871,0.01616,junk,,,,
ia_bim_eighteenth-century_histoire-naturelle-eng_leclerc-georges-louis-_1780_7,872,0.00102,junk,,,,
ia_bim_eighteenth-century_histoire-naturelle-eng_leclerc-georges-louis-_1780_7,873,0.03816,junk,,,,
ia_bim_eighteenth-century_histoire-naturelle-eng_leclerc-georges-louis-_1780_7,874,0.00877,junk,,,,
ia_bim_eighteenth-century_histoire-naturelle-eng_leclerc-georges-louis-_1780_7,875,0.00877,junk,,,,
ia_bim_eighteenth-century_histoire-naturelle-eng_leclerc-georges-louis-_1780_7,876,0.004,junk,,,,
ia_bim_eighteenth-century_histoire-naturelle-eng_leclerc-georges-louis-_1780_7,877,0.96288,non_junk,non_divine_teleology,0.0195,0.94691,0.03359
ia_bim_eighteenth-century_histoire-naturelle-eng_leclerc-georges-louis-_1780_7,878,0.78484,non_junk,non_divine_teleology,0.04713,0.86815,0.08472
ia_bim_eighteenth-century_histoire-naturelle-eng_leclerc-georges-louis-_1780_7,879,0.38106,junk,,,,
ia_bim_eighteenth-century_histoire-naturelle-eng_leclerc-georges-louis-_1780_7,880,0.54107,non_junk,internal_essence,0.0166,0.20434,0.77906
ia_bim_eighteenth-century_histoire-naturelle-eng_leclerc-georges-louis-_1780_7,881,0.00334,junk,,,,
ia_bim_eighteenth-century_histoire-naturelle-eng_leclerc-georges-louis-_1780_7,882,0.45,junk,,,,
ia_bim_eighteenth-century_histoire-naturelle-eng_leclerc-georges-louis-_1780_7,883,0.51968,non_junk,non_divine_teleology,0.02851,0.82461,0.14688
ia_bim_eighteenth-century_histoire-naturelle-eng_leclerc-georges-louis-_1780_7,884,0.29694,junk,,,,
ia_bim_eighteenth-century_histoire-naturelle-eng_leclerc-georges-louis-_1780_7,885,0.71668,non_junk,non_divine_teleology,0.01977,0.95384,0.02639
ia_bim_eighteenth-century_histoire-naturelle-eng_leclerc-georges-louis-_1780_7,886,0.14268,junk,,,,
ia_bim_eighteenth-century_histoire-naturelle-eng_leclerc-georges-louis-_1780_7,887,0.2762,junk,,,,
ia_bim_eighteenth-century_histoire-naturelle-eng_leclerc-georges-louis-_1780_7,888,0.03492,junk,,,,
ia_bim_eighteenth-century_histoire-naturelle-eng_leclerc-georges-louis-_1780_7,889,0.00374,junk,,,,
ia_bim_eighteenth-century_histoire-naturelle-eng_leclerc-georges-louis-_1780_7,890,0.09022,junk,,,,
ia_bim_eighteenth-century_histoire-naturelle-eng_leclerc-georges-louis-_1780_7,891,0.00296,junk,,,,
ia_bim_eighteenth-century_histoire-naturelle-eng_leclerc-georges-louis-_1780_7,892,0.04012,junk,,,,
ia_bim_eighteenth-century_histoire-naturelle-eng_leclerc-georges-louis-_1780_7,893,0.89769,non_junk,non_divine_teleology,0.02145,0.93259,0.04597
ia_bim_eighteenth-century_histoire-naturelle-eng_leclerc-georges-louis-_1780_7,894,0.82378,non_junk,non_divine_teleology,0.02516,0.94159,0.03325
ia_bim_eighteenth-century_histoire-naturelle-eng_leclerc-georges-louis-_1780_7,895,0.50185,non_junk,internal_essence,0.03756,0.41378,0.54867
ia_bim_eighteenth-century_histoire-naturelle-eng_leclerc-georges-louis-_1780_7,896,0.30675,junk,,,,
ia_bim_eighteenth-century_histoire-naturelle-eng_leclerc-georges-louis-_1780_7,897,0.72033,non_junk,internal_essence,0.02635,0.21398,0.75967
ia_bim_eighteenth-century_histoire-naturelle-eng_leclerc-georges-louis-_1780_7,898,0.0777,junk,,,,
ia_bim_eighteenth-century_histoire-naturelle-eng_leclerc-georges-louis-_1780_7,899,0.00013,junk,,,,
ia_bim_eighteenth-century_histoire-naturelle-eng_leclerc-georges-louis-_1780_7,900,0.00025,junk,,,,
ia_bim_eighteenth-century_histoire-naturelle-eng_leclerc-georges-louis-_1780_7,901,0.91411,non_junk,non_divine_teleology,0.0278,0.8654,0.1068
ia_bim_eighteenth-century_histoire-naturelle-eng_leclerc-georges-louis-_1780_7,902,0.0245,junk,,,,
ia_bim_eighteenth-century_histoire-naturelle-eng_leclerc-georges-louis-_1780_7,903,0.13562,junk,,,,
ia_bim_eighteenth-century_histoire-naturelle-eng_leclerc-georges-louis-_1780_7,904,0.35976,junk,,,,
ia_bim_eighteenth-century_histoire-naturelle-eng_leclerc-georges-louis-_1780_7,905,0.08867,junk,,,,
ia_bim_eighteenth-century_histoire-naturelle-eng_leclerc-georges-louis-_1780_7,906,0.00032,junk,,,,
ia_bim_eighteenth-century_histoire-naturelle-eng_leclerc-georges-louis-_1780_7,907,5e-05,junk,,,,
ia_bim_eighteenth-century_histoire-naturelle-eng_leclerc-georges-louis-_1780_7,908,0.00065,junk,,,,
ia_bim_eighteenth-century_histoire-naturelle-eng_leclerc-georges-louis-_1780_7,909,0.00143,junk,,,,
ia_bim_eighteenth-century_histoire-naturelle-eng_leclerc-georges-louis-_1780_7,910,0.1299,junk,,,,
ia_bim_eighteenth-century_histoire-naturelle-eng_leclerc-georges-louis-_1780_7,911,0.21115,junk,,,,
ia_bim_eighteenth-century_histoire-naturelle-eng_leclerc-georges-louis-_1780_7,912,0.90915,non_junk,non_divine_teleology,0.00819,0.76675,0.22506
ia_bim_eighteenth-century_histoire-naturelle-eng_leclerc-georges-louis-_1780_7,913,0.00517,junk,,,,
ia_bim_eighteenth-century_histoire-naturelle-eng_leclerc-georges-louis-_1780_7,914,0.30172,junk,,,,
ia_bim_eighteenth-century_histoire-naturelle-eng_leclerc-georges-louis-_1780_7,915,0.00793,junk,,,,
ia_bim_eighteenth-century_histoire-naturelle-eng_leclerc-georges-louis-_1780_7,916,0.45579,junk,,,,
ia_bim_eighteenth-century_histoire-naturelle-eng_leclerc-georges-louis-_1780_7,917,0.0151,junk,,,,
ia_bim_eighteenth-century_histoire-naturelle-eng_leclerc-georges-louis-_1780_7,918,0.00062,junk,,,,
ia_bim_eighteenth-century_histoire-naturelle-eng_leclerc-georges-louis-_1780_7,919,0.01987,junk,,,,
ia_bim_eighteenth-century_histoire-naturelle-eng_leclerc-georges-louis-_1780_7,920,0.00184,junk,,,,
ia_bim_eighteenth-century_histoire-naturelle-eng_leclerc-georges-louis-_1780_7,921,0.00035,junk,,,,
ia_bim_eighteenth-century_histoire-naturelle-eng_leclerc-georges-louis-_1780_7,922,0.21781,junk,,,,
ia_bim_eighteenth-century_histoire-naturelle-eng_leclerc-georges-louis-_1780_7,923,0.09298,junk,,,,
ia_bim_eighteenth-century_histoire-naturelle-eng_leclerc-georges-louis-_1780_7,924,0.00155,junk,,,,
ia_bim_eighteenth-century_histoire-naturelle-eng_leclerc-georges-louis-_1780_7,925,0.15219,junk,,,,
ia_bim_eighteenth-century_histoire-naturelle-eng_leclerc-georges-louis-_1780_7,926,0.27708,junk,,,,
ia_bim_eighteenth-century_histoire-naturelle-eng_leclerc-georges-louis-_1780_7,927,0.7897,non_junk,non_divine_teleology,0.00913,0.93674,0.05413
ia_bim_eighteenth-century_histoire-naturelle-eng_leclerc-georges-louis-_1780_7,928,0.54384,non_junk,non_divine_teleology,0.03256,0.92869,0.03875
ia_bim_eighteenth-century_histoire-naturelle-eng_leclerc-georges-louis-_1780_7,929,0.00925,junk,,,,
ia_bim_eighteenth-century_histoire-naturelle-eng_leclerc-georges-louis-_1780_7,930,0.00668,junk,,,,
ia_bim_eighteenth-century_histoire-naturelle-eng_leclerc-georges-louis-_1780_7,931,0.00336,junk,,,,
ia_bim_eighteenth-century_histoire-naturelle-eng_leclerc-georges-louis-_1780_7,932,0.00057,junk,,,,
ia_bim_eighteenth-century_histoire-naturelle-eng_leclerc-georges-louis-_1780_7,933,0.0002,junk,,,,
ia_bim_eighteenth-century_histoire-naturelle-eng_leclerc-georges-louis-_1780_7,934,0.03371,junk,,,,
ia_bim_eighteenth-century_histoire-naturelle-eng_leclerc-georges-louis-_1780_7,935,0.00016,junk,,,,
ia_bim_eighteenth-century_histoire-naturelle-eng_leclerc-georges-louis-_1780_7,936,0.63239,non_junk,non_divine_teleology,0.01759,0.55694,0.42547
ia_bim_eighteenth-century_histoire-naturelle-eng_leclerc-georges-louis-_1780_7,937,0.95695,non_junk,non_divine_teleology,0.00089,0.98603,0.01307
ia_bim_eighteenth-century_histoire-naturelle-eng_leclerc-georges-louis-_1780_7,938,0.00045,junk,,,,
ia_bim_eighteenth-century_histoire-naturelle-eng_leclerc-georges-louis-_1780_7,939,0.64845,non_junk,non_divine_teleology,0.02753,0.95552,0.01694
ia_bim_eighteenth-century_histoire-naturelle-eng_leclerc-georges-louis-_1780_7,940,0.00602,junk,,,,
ia_bim_eighteenth-century_histoire-naturelle-eng_leclerc-georges-louis-_1780_7,941,0.00602,junk,,,,
ia_bim_eighteenth-century_histoire-naturelle-eng_leclerc-georges-louis-_1780_7,942,0.10175,junk,,,,
ia_bim_eighteenth-century_histoire-naturelle-eng_leclerc-georges-louis-_1780_7,943,0.0343,junk,,,,
ia_bim_eighteenth-century_histoire-naturelle-eng_leclerc-georges-louis-_1780_7,944,0.02468,junk,,,,
ia_bim_eighteenth-century_histoire-naturelle-eng_leclerc-georges-louis-_1780_7,945,0.00014,junk,,,,
ia_bim_eighteenth-century_histoire-naturelle-eng_leclerc-georges-louis-_1780_7,946,0.19379,junk,,,,
ia_bim_eighteenth-century_histoire-naturelle-eng_leclerc-georges-louis-_1780_7,947,0.00043,junk,,,,
ia_bim_eighteenth-century_histoire-naturelle-eng_leclerc-georges-louis-_1780_7,948,0.00018,junk,,,,
ia_bim_eighteenth-century_histoire-naturelle-eng_leclerc-georges-louis-_1780_7,949,0.0078,junk,,,,
ia_bim_eighteenth-century_histoire-naturelle-eng_leclerc-georges-louis-_1780_7,950,0.00455,junk,,,,
ia_bim_eighteenth-century_histoire-naturelle-eng_leclerc-georges-louis-_1780_7,951,0.00095,junk,,,,
ia_bim_eighteenth-century_histoire-naturelle-eng_leclerc-georges-louis-_1780_7,952,0.04775,junk,,,,
ia_bim_eighteenth-century_histoire-naturelle-eng_leclerc-georges-louis-_1780_7,953,0.03082,junk,,,,
ia_bim_eighteenth-century_histoire-naturelle-eng_leclerc-georges-louis-_1780_7,954,0.20233,junk,,,,
ia_bim_eighteenth-century_histoire-naturelle-eng_leclerc-georges-louis-_1780_7,955,0.03291,junk,,,,
ia_bim_eighteenth-century_histoire-naturelle-eng_leclerc-georges-louis-_1780_7,956,0.9997,non_junk,non_divine_teleology,0.00049,0.99825,0.00126
ia_bim_eighteenth-century_histoire-naturelle-eng_leclerc-georges-louis-_1780_7,957,0.04309,junk,,,,
ia_bim_eighteenth-century_histoire-naturelle-eng_leclerc-georges-louis-_1780_7,958,0.9965,non_junk,non_divine_teleology,0.00118,0.99328,0.00554
ia_bim_eighteenth-century_histoire-naturelle-eng_leclerc-georges-louis-_1780_7,959,0.19006,junk,,,,
ia_bim_eighteenth-century_histoire-naturelle-eng_leclerc-georges-louis-_1780_7,960,0.04117,junk,,,,
ia_bim_eighteenth-century_histoire-naturelle-eng_leclerc-georges-louis-_1780_7,961,0.1537,junk,,,,
ia_bim_eighteenth-century_histoire-naturelle-eng_leclerc-georges-louis-_1780_7,962,0.86595,non_junk,non_divine_teleology,0.02638,0.92336,0.05026
ia_bim_eighteenth-century_histoire-naturelle-eng_leclerc-georges-louis-_1780_7,963,0.27682,junk,,,,
ia_bim_eighteenth-century_histoire-naturelle-eng_leclerc-georges-louis-_1780_7,964,0.61786,non_junk,non_divine_teleology,0.03701,0.95485,0.00815
ia_bim_eighteenth-century_histoire-naturelle-eng_leclerc-georges-louis-_1780_7,965,0.00179,junk,,,,
ia_bim_eighteenth-century_histoire-naturelle-eng_leclerc-georges-louis-_1780_7,966,0.43479,junk,,,,
ia_bim_eighteenth-century_histoire-naturelle-eng_leclerc-georges-louis-_1780_7,967,0.0006,junk,,,,
ia_bim_eighteenth-century_histoire-naturelle-eng_leclerc-georges-louis-_1780_7,968,0.06686,junk,,,,
ia_bim_eighteenth-century_histoire-naturelle-eng_leclerc-georges-louis-_1780_7,969,0.05819,junk,,,,
ia_bim_eighteenth-century_histoire-naturelle-eng_leclerc-georges-louis-_1780_7,970,0.21354,junk,,,,
ia_bim_eighteenth-century_histoire-naturelle-eng_leclerc-georges-louis-_1780_7,971,0.20526,junk,,,,
ia_bim_eighteenth-century_histoire-naturelle-eng_leclerc-georges-louis-_1780_7,972,0.03447,junk,,,,
ia_bim_eighteenth-century_histoire-naturelle-eng_leclerc-georges-louis-_1780_7,973,0.00145,junk,,,,
ia_bim_eighteenth-century_histoire-naturelle-eng_leclerc-georges-louis-_1780_7,974,0.42686,junk,,,,
ia_bim_eighteenth-century_histoire-naturelle-eng_leclerc-georges-louis-_1780_7,975,0.32081,junk,,,,
ia_bim_eighteenth-century_histoire-naturelle-eng_leclerc-georges-louis-_1780_7,976,0.00105,junk,,,,
ia_bim_eighteenth-century_histoire-naturelle-eng_leclerc-georges-louis-_1780_7,977,0.97547,non_junk,non_divine_teleology,0.01516,0.9763,0.00853
ia_bim_eighteenth-century_histoire-naturelle-eng_leclerc-georges-louis-_1780_7,978,0.00631,junk,,,,
ia_bim_eighteenth-century_histoire-naturelle-eng_leclerc-georges-louis-_1780_7,979,0.17266,junk,,,,
ia_bim_eighteenth-century_histoire-naturelle-eng_leclerc-georges-louis-_1780_7,980,0.00574,junk,,,,
ia_bim_eighteenth-century_histoire-naturelle-eng_leclerc-georges-louis-_1780_7,981,0.00568,junk,,,,
ia_bim_eighteenth-century_histoire-naturelle-eng_leclerc-georges-louis-_1780_7,982,0.95443,non_junk,non_divine_teleology,0.03439,0.94555,0.02006
ia_bim_eighteenth-century_histoire-naturelle-eng_leclerc-georges-louis-_1780_7,983,0.03599,junk,,,,
ia_bim_eighteenth-century_histoire-naturelle-eng_leclerc-georges-louis-_1780_7,984,0.00527,junk,,,,
ia_bim_eighteenth-century_histoire-naturelle-eng_leclerc-georges-louis-_1780_7,985,0.00221,junk,,,,
ia_bim_eighteenth-century_histoire-naturelle-eng_leclerc-georges-louis-_1780_7,986,0.00017,junk,,,,
ia_bim_eighteenth-century_histoire-naturelle-eng_leclerc-georges-louis-_1780_7,987,0.0378,junk,,,,
ia_bim_eighteenth-century_histoire-naturelle-eng_leclerc-georges-louis-_1780_7,988,0.00108,junk,,,,
ia_bim_eighteenth-century_histoire-naturelle-eng_leclerc-georges-louis-_1780_7,989,0.08359,junk,,,,
ia_bim_eighteenth-century_histoire-naturelle-eng_leclerc-georges-louis-_1780_7,990,0.00722,junk,,,,
ia_bim_eighteenth-century_histoire-naturelle-eng_leclerc-georges-louis-_1780_7,991,0.86698,non_junk,internal_essence,0.00614,0.25506,0.7388
ia_bim_eighteenth-century_histoire-naturelle-eng_leclerc-georges-louis-_1780_7,992,0.0021,junk,,,,
ia_bim_eighteenth-century_histoire-naturelle-eng_leclerc-georges-louis-_1780_7,993,0.03395,junk,,,,
ia_bim_eighteenth-century_histoire-naturelle-eng_leclerc-georges-louis-_1780_7,994,0.05031,junk,,,,
ia_bim_eighteenth-century_histoire-naturelle-eng_leclerc-georges-louis-_1780_7,995,0.01481,junk,,,,
ia_bim_eighteenth-century_histoire-naturelle-eng_leclerc-georges-louis-_1780_7,996,0.00914,junk,,,,
ia_bim_eighteenth-century_histoire-naturelle-eng_leclerc-georges-louis-_1780_7,997,0.01758,junk,,,,
ia_bim_eighteenth-century_histoire-naturelle-eng_leclerc-georges-louis-_1780_7,998,0.42267,junk,,,,
ia_bim_eighteenth-century_histoire-naturelle-eng_leclerc-georges-louis-_1780_7,999,0.01721,junk,,,,
ia_bim_eighteenth-century_histoire-naturelle-eng_leclerc-georges-louis-_1780_7,1000,0.00083,junk,,,,
ia_bim_eighteenth-century_histoire-naturelle-eng_leclerc-georges-louis-_1780_7,1001,0.01019,junk,,,,
ia_bim_eighteenth-century_histoire-naturelle-eng_leclerc-georges-louis-_1780_7,1002,0.00074,junk,,,,
ia_bim_eighteenth-century_histoire-naturelle-eng_leclerc-georges-louis-_1780_7,1003,0.00177,junk,,,,
ia_bim_eighteenth-century_histoire-naturelle-eng_leclerc-georges-louis-_1780_7,1004,0.76922,non_junk,non_divine_teleology,0.018,0.68479,0.29722
ia_bim_eighteenth-century_histoire-naturelle-eng_leclerc-georges-louis-_1780_7,1005,0.21016,junk,,,,
ia_bim_eighteenth-century_histoire-naturelle-eng_leclerc-georges-louis-_1780_7,1006,0.25094,junk,,,,
ia_bim_eighteenth-century_histoire-naturelle-eng_leclerc-georges-louis-_1780_7,1007,0.95697,non_junk,non_divine_teleology,0.01112,0.94438,0.0445
ia_bim_eighteenth-century_histoire-naturelle-eng_leclerc-georges-louis-_1780_7,1008,0.96715,non_junk,non_divine_teleology,0.02933,0.95265,0.01802
ia_bim_eighteenth-century_histoire-naturelle-eng_leclerc-georges-louis-_1780_7,1009,0.12616,junk,,,,
ia_bim_eighteenth-century_histoire-naturelle-eng_leclerc-georges-louis-_1780_7,1010,0.65026,non_junk,non_divine_teleology,0.01833,0.94919,0.03248
ia_bim_eighteenth-century_histoire-naturelle-eng_leclerc-georges-louis-_1780_7,1011,0.02782,junk,,,,
ia_bim_eighteenth-century_histoire-naturelle-eng_leclerc-georges-louis-_1780_7,1012,0.49632,junk,,,,
ia_bim_eighteenth-century_histoire-naturelle-eng_leclerc-georges-louis-_1780_7,1013,0.00236,junk,,,,
ia_bim_eighteenth-century_histoire-naturelle-eng_leclerc-georges-louis-_1780_7,1014,0.89938,non_junk,non_divine_teleology,0.02642,0.871,0.10258
ia_bim_eighteenth-century_histoire-naturelle-eng_leclerc-georges-louis-_1780_7,1015,0.06788,junk,,,,
ia_bim_eighteenth-century_histoire-naturelle-eng_leclerc-georges-louis-_1780_7,1016,0.97476,non_junk,non_divine_teleology,0.03692,0.88534,0.07774
ia_bim_eighteenth-century_histoire-naturelle-eng_leclerc-georges-louis-_1780_7,1017,0.98796,non_junk,non_divine_teleology,0.04941,0.90791,0.04268
ia_bim_eighteenth-century_histoire-naturelle-eng_leclerc-georges-louis-_1780_7,1018,0.8281,non_junk,internal_essence,0.01288,0.4528,0.53432
ia_bim_eighteenth-century_histoire-naturelle-eng_leclerc-georges-louis-_1780_7,1019,0.00418,junk,,,,
ia_bim_eighteenth-century_histoire-naturelle-eng_leclerc-georges-louis-_1780_7,1020,0.03524,junk,,,,
ia_bim_eighteenth-century_histoire-naturelle-eng_leclerc-georges-louis-_1780_7,1021,0.12042,junk,,,,
ia_bim_eighteenth-century_histoire-naturelle-eng_leclerc-georges-louis-_1780_7,1022,0.96834,non_junk,non_divine_teleology,0.02017,0.90301,0.07682
ia_bim_eighteenth-century_histoire-naturelle-eng_leclerc-georges-louis-_1780_7,1023,0.00135,junk,,,,
ia_bim_eighteenth-century_histoire-naturelle-eng_leclerc-georges-louis-_1780_7,1024,0.00067,junk,,,,
ia_bim_eighteenth-century_histoire-naturelle-eng_leclerc-georges-louis-_1780_7,1025,0.03254,junk,,,,
ia_bim_eighteenth-century_histoire-naturelle-eng_leclerc-georges-louis-_1780_7,1026,0.00135,junk,,,,
ia_bim_eighteenth-century_histoire-naturelle-eng_leclerc-georges-louis-_1780_7,1027,0.00631,junk,,,,
ia_bim_eighteenth-century_histoire-naturelle-eng_leclerc-georges-louis-_1780_7,1028,0.4419,junk,,,,
ia_bim_eighteenth-century_histoire-naturelle-eng_leclerc-georges-louis-_1780_7,1029,0.80112,non_junk,non_divine_teleology,0.0196,0.54206,0.43835
ia_bim_eighteenth-century_histoire-naturelle-eng_leclerc-georges-louis-_1780_7,1030,0.00384,junk,,,,
ia_bim_eighteenth-century_histoire-naturelle-eng_leclerc-georges-louis-_1780_7,1031,0.08813,junk,,,,
ia_bim_eighteenth-century_histoire-naturelle-eng_leclerc-georges-louis-_1780_7,1032,0.17182,junk,,,,
ia_bim_eighteenth-century_histoire-naturelle-eng_leclerc-georges-louis-_1780_7,1033,0.00256,junk,,,,
ia_bim_eighteenth-century_histoire-naturelle-eng_leclerc-georges-louis-_1780_7,1034,0.00785,junk,,,,
ia_bim_eighteenth-century_histoire-naturelle-eng_leclerc-georges-louis-_1780_7,1035,0.67793,non_junk,non_divine_teleology,0.04542,0.84383,0.11075
ia_bim_eighteenth-century_histoire-naturelle-eng_leclerc-georges-louis-_1780_7,1036,0.00203,junk,,,,
ia_bim_eighteenth-century_histoire-naturelle-eng_leclerc-georges-louis-_1780_7,1037,0.00037,junk,,,,
ia_bim_eighteenth-century_histoire-naturelle-eng_leclerc-georges-louis-_1780_7,1038,0.00327,junk,,,,
ia_bim_eighteenth-century_histoire-naturelle-eng_leclerc-georges-louis-_1780_7,1039,0.00226,junk,,,,
ia_bim_eighteenth-century_histoire-naturelle-eng_leclerc-georges-louis-_1780_7,1040,0.02627,junk,,,,
ia_bim_eighteenth-century_histoire-naturelle-eng_leclerc-georges-louis-_1780_7,1041,0.04277,junk,,,,
ia_bim_eighteenth-century_histoire-naturelle-eng_leclerc-georges-louis-_1780_7,1042,5e-05,junk,,,,
ia_bim_eighteenth-century_histoire-naturelle-eng_leclerc-georges-louis-_1780_7,1043,0.00073,junk,,,,
ia_bim_eighteenth-century_histoire-naturelle-eng_leclerc-georges-louis-_1780_7,1044,0.33923,junk,,,,
ia_bim_eighteenth-century_histoire-naturelle-eng_leclerc-georges-louis-_1780_7,1045,0.68251,non_junk,non_divine_teleology,0.02481,0.93291,0.04228
ia_bim_eighteenth-century_histoire-naturelle-eng_leclerc-georges-louis-_1780_7,1046,0.92748,non_junk,non_divine_teleology,0.02518,0.81044,0.16438
ia_bim_eighteenth-century_histoire-naturelle-eng_leclerc-georges-louis-_1780_7,1047,0.05408,junk,,,,
ia_bim_eighteenth-century_histoire-naturelle-eng_leclerc-georges-louis-_1780_7,1048,0.89851,non_junk,non_divine_teleology,0.05492,0.77147,0.17361
ia_bim_eighteenth-century_histoire-naturelle-eng_leclerc-georges-louis-_1780_7,1049,0.94041,non_junk,internal_essence,0.01025,0.04704,0.94272
ia_bim_eighteenth-century_histoire-naturelle-eng_leclerc-georges-louis-_1780_7,1050,0.00174,junk,,,,
ia_bim_eighteenth-century_histoire-naturelle-eng_leclerc-georges-louis-_1780_7,1051,0.34534,junk,,,,
ia_bim_eighteenth-century_histoire-naturelle-eng_leclerc-georges-louis-_1780_7,1052,0.25117,junk,,,,
ia_bim_eighteenth-century_histoire-naturelle-eng_leclerc-georges-louis-_1780_7,1053,0.10606,junk,,,,
ia_bim_eighteenth-century_histoire-naturelle-eng_leclerc-georges-louis-_1780_7,1054,0.01615,junk,,,,
ia_bim_eighteenth-century_histoire-naturelle-eng_leclerc-georges-louis-_1780_7,1055,0.00548,junk,,,,
ia_bim_eighteenth-century_histoire-naturelle-eng_leclerc-georges-louis-_1780_7,1056,0.11743,junk,,,,
ia_bim_eighteenth-century_histoire-naturelle-eng_leclerc-georges-louis-_1780_7,1057,0.49662,junk,,,,
ia_bim_eighteenth-century_histoire-naturelle-eng_leclerc-georges-louis-_1780_7,1058,0.69944,non_junk,non_divine_teleology,0.0215,0.81425,0.16424
ia_bim_eighteenth-century_histoire-naturelle-eng_leclerc-georges-louis-_1780_7,1059,0.04075,junk,,,,
ia_bim_eighteenth-century_histoire-naturelle-eng_leclerc-georges-louis-_1780_7,1060,0.06293,junk,,,,
ia_bim_eighteenth-century_histoire-naturelle-eng_leclerc-georges-louis-_1780_7,1061,0.77883,non_junk,internal_essence,0.01315,0.14468,0.84217
ia_bim_eighteenth-century_histoire-naturelle-eng_leclerc-georges-louis-_1780_7,1062,0.0732,junk,,,,
ia_bim_eighteenth-century_histoire-naturelle-eng_leclerc-georges-louis-_1780_7,1063,0.03728,junk,,,,
ia_bim_eighteenth-century_histoire-naturelle-eng_leclerc-georges-louis-_1780_7,1064,0.0026,junk,,,,
ia_bim_eighteenth-century_histoire-naturelle-eng_leclerc-georges-louis-_1780_7,1065,0.00169,junk,,,,
ia_bim_eighteenth-century_histoire-naturelle-eng_leclerc-georges-louis-_1780_7,1066,0.35902,junk,,,,
ia_bim_eighteenth-century_histoire-naturelle-eng_leclerc-georges-louis-_1780_7,1067,0.47958,junk,,,,
ia_bim_eighteenth-century_histoire-naturelle-eng_leclerc-georges-louis-_1780_7,1068,0.00474,junk,,,,
ia_bim_eighteenth-century_histoire-naturelle-eng_leclerc-georges-louis-_1780_7,1069,0.91761,non_junk,internal_essence,0.00638,0.19486,0.79877
ia_bim_eighteenth-century_histoire-naturelle-eng_leclerc-georges-louis-_1780_7,1070,0.83635,non_junk,internal_essence,0.01699,0.33539,0.64762
ia_bim_eighteenth-century_histoire-naturelle-eng_leclerc-georges-louis-_1780_7,1071,0.7868,non_junk,internal_essence,0.01419,0.15066,0.83515
ia_bim_eighteenth-century_histoire-naturelle-eng_leclerc-georges-louis-_1780_7,1072,0.67764,non_junk,non_divine_teleology,0.04284,0.83433,0.12283
ia_bim_eighteenth-century_histoire-naturelle-eng_leclerc-georges-louis-_1780_7,1073,0.27109,junk,,,,
ia_bim_eighteenth-century_histoire-naturelle-eng_leclerc-georges-louis-_1780_7,1074,0.94726,non_junk,internal_essence,0.02145,0.38696,0.59159
ia_bim_eighteenth-century_histoire-naturelle-eng_leclerc-georges-louis-_1780_7,1075,0.23187,junk,,,,
ia_bim_eighteenth-century_histoire-naturelle-eng_leclerc-georges-louis-_1780_7,1076,0.24641,junk,,,,
ia_bim_eighteenth-century_histoire-naturelle-eng_leclerc-georges-louis-_1780_7,1077,0.00875,junk,,,,
ia_bim_eighteenth-century_histoire-naturelle-eng_leclerc-georges-louis-_1780_7,1078,0.9113,non_junk,non_divine_teleology,0.05331,0.87234,0.07436
ia_bim_eighteenth-century_histoire-naturelle-eng_leclerc-georges-louis-_1780_7,1079,0.16469,junk,,,,
ia_bim_eighteenth-century_histoire-naturelle-eng_leclerc-georges-louis-_1780_7,1080,0.47857,junk,,,,
ia_bim_eighteenth-century_histoire-naturelle-eng_leclerc-georges-louis-_1780_7,1081,0.28967,junk,,,,
ia_bim_eighteenth-century_histoire-naturelle-eng_leclerc-georges-louis-_1780_7,1082,0.36267,junk,,,,
ia_bim_eighteenth-century_histoire-naturelle-eng_leclerc-georges-louis-_1780_7,1083,0.61389,non_junk,non_divine_teleology,0.0167,0.66348,0.31982
ia_bim_eighteenth-century_histoire-naturelle-eng_leclerc-georges-louis-_1780_7,1084,0.92698,non_junk,internal_essence,0.00177,0.22593,0.7723
ia_bim_eighteenth-century_histoire-naturelle-eng_leclerc-georges-louis-_1780_7,1085,0.90409,non_junk,internal_essence,0.02173,0.4856,0.49267
ia_bim_eighteenth-century_histoire-naturelle-eng_leclerc-georges-louis-_1780_7,1086,0.2319,junk,,,,
ia_bim_eighteenth-century_histoire-naturelle-eng_leclerc-georges-louis-_1780_7,1087,0.53041,non_junk,internal_essence,0.01295,0.21185,0.7752
ia_bim_eighteenth-century_histoire-naturelle-eng_leclerc-georges-louis-_1780_7,1088,0.81174,non_junk,internal_essence,0.00552,0.13936,0.85512
ia_bim_eighteenth-century_histoire-naturelle-eng_leclerc-georges-louis-_1780_7,1089,0.53058,non_junk,internal_essence,0.00984,0.10791,0.88225
ia_bim_eighteenth-century_histoire-naturelle-eng_leclerc-georges-louis-_1780_7,1090,0.01117,junk,,,,
ia_bim_eighteenth-century_histoire-naturelle-eng_leclerc-georges-louis-_1780_7,1091,0.01228,junk,,,,
ia_bim_eighteenth-century_histoire-naturelle-eng_leclerc-georges-louis-_1780_7,1092,0.01228,junk,,,,
ia_bim_eighteenth-century_histoire-naturelle-eng_leclerc-georges-louis-_1780_7,1093,0.06489,junk,,,,
ia_bim_eighteenth-century_histoire-naturelle-eng_leclerc-georges-louis-_1780_7,1094,0.31106,junk,,,,
ia_bim_eighteenth-century_histoire-naturelle-eng_leclerc-georges-louis-_1780_7,1095,0.006,junk,,,,
ia_bim_eighteenth-century_histoire-naturelle-eng_leclerc-georges-louis-_1780_7,1096,0.22388,junk,,,,
ia_bim_eighteenth-century_histoire-naturelle-eng_leclerc-georges-louis-_1780_7,1097,0.00727,junk,,,,
ia_bim_eighteenth-century_histoire-naturelle-eng_leclerc-georges-louis-_1780_7,1098,0.00051,junk,,,,
ia_bim_eighteenth-century_histoire-naturelle-eng_leclerc-georges-louis-_1780_7,1099,0.00784,junk,,,,
ia_bim_eighteenth-century_histoire-naturelle-eng_leclerc-georges-louis-_1780_7,1100,0.00033,junk,,,,
ia_bim_eighteenth-century_histoire-naturelle-eng_leclerc-georges-louis-_1780_7,1101,0.87784,non_junk,internal_essence,0.00111,0.01931,0.97958
ia_bim_eighteenth-century_histoire-naturelle-eng_leclerc-georges-louis-_1780_7,1102,0.7067,non_junk,internal_essence,0.01161,0.06775,0.92064
ia_bim_eighteenth-century_histoire-naturelle-eng_leclerc-georges-louis-_1780_7,1103,0.87605,non_junk,internal_essence,0.00472,0.12084,0.87444
ia_bim_eighteenth-century_histoire-naturelle-eng_leclerc-georges-louis-_1780_7,1104,0.24553,junk,,,,
ia_bim_eighteenth-century_histoire-naturelle-eng_leclerc-georges-louis-_1780_7,1105,0.25683,junk,,,,
ia_bim_eighteenth-century_histoire-naturelle-eng_leclerc-georges-louis-_1780_7,1106,0.00719,junk,,,,
ia_bim_eighteenth-century_histoire-naturelle-eng_leclerc-georges-louis-_1780_7,1107,0.04105,junk,,,,
ia_bim_eighteenth-century_histoire-naturelle-eng_leclerc-georges-louis-_1780_7,1108,0.0004,junk,,,,
ia_bim_eighteenth-century_histoire-naturelle-eng_leclerc-georges-louis-_1780_7,1109,0.00057,junk,,,,
ia_bim_eighteenth-century_histoire-naturelle-eng_leclerc-georges-louis-_1780_7,1110,0.04105,junk,,,,
ia_bim_eighteenth-century_histoire-naturelle-eng_leclerc-georges-louis-_1780_7,1111,0.95571,non_junk,non_divine_teleology,0.02095,0.81664,0.16242
ia_bim_eighteenth-century_histoire-naturelle-eng_leclerc-georges-louis-_1780_7,1112,0.64221,non_junk,non_divine_teleology,0.01249,0.82896,0.15855
ia_bim_eighteenth-century_histoire-naturelle-eng_leclerc-georges-louis-_1780_7,1113,0.36001,junk,,,,
ia_bim_eighteenth-century_histoire-naturelle-eng_leclerc-georges-louis-_1780_7,1114,0.05154,junk,,,,
ia_bim_eighteenth-century_histoire-naturelle-eng_leclerc-georges-louis-_1780_7,1115,0.04941,junk,,,,
