uid,sent_id,gate_prob_nonjunk,gate_pred,s2_pred,s2_p_divine_teleology,s2_p_non_divine_teleology,s2_p_internal_essence
ia_bim_eighteenth-century_histoire-naturelle-eng_leclerc-georges-louis-_1785_8,1,0.00425,junk,,,,
ia_bim_eighteenth-century_histoire-naturelle-eng_leclerc-georges-louis-_1785_8,2,0.00058,junk,,,,
ia_bim_eighteenth-century_histoire-naturelle-eng_leclerc-georges-louis-_1785_8,3,0.00789,junk,,,,
ia_bim_eighteenth-century_histoire-naturelle-eng_leclerc-georges-louis-_1785_8,4,0.00056,junk,,,,
ia_bim_eighteenth-century_histoire-naturelle-eng_leclerc-georges-louis-_1785_8,5,0.0084,junk,,,,
ia_bim_eighteenth-century_histoire-naturelle-eng_leclerc-georges-louis-_1785_8,6,0.0305,junk,,,,
ia_bim_eighteenth-century_histoire-naturelle-eng_leclerc-georges-louis-_1785_8,7,0.03349,junk,,,,
ia_bim_eighteenth-century_histoire-naturelle-eng_leclerc-georges-louis-_1785_8,8,0.00932,junk,,,,
ia_bim_eighteenth-century_histoire-naturelle-eng_leclerc-georges-louis-_1785_8,9,0.00051,junk,,,,
ia_bim_eighteenth-century_histoire-naturelle-eng_leclerc-georges-louis-_1785_8,10,0.00025,junk,,,,
ia_bim_eighteenth-century_histoire-naturelle-eng_leclerc-georges-louis-_1785_8,11,0.00839,junk,,,,
ia_bim_eighteenth-century_histoire-naturelle-eng_leclerc-georges-louis-_1785_8,12,0.0198,junk,,,,
ia_bim_eighteenth-century_histoire-naturelle-eng_leclerc-georges-louis-_1785_8,13,0.00037,junk,,,,
ia_bim_eighteenth-century_histoire-naturelle-eng_leclerc-georges-louis-_1785_8,14,0.00012,junk,,,,
ia_bim_eighteenth-century_histoire-naturelle-eng_leclerc-georges-louis-_1785_8,15,0.00273,junk,,,,
ia_bim_eighteenth-century_histoire-naturelle-eng_leclerc-georges-louis-_1785_8,16,9e-05,junk,,,,
ia_bim_eighteenth-century_histoire-naturelle-eng_leclerc-georges-louis-_1785_8,17,0.00269,junk,,,,
ia_bim_eighteenth-century_histoire-naturelle-eng_leclerc-georges-louis-_1785_8,18,0.02536,junk,,,,
ia_bim_eighteenth-century_histoire-naturelle-eng_leclerc-georges-louis-_1785_8,19,0.00017,junk,,,,
ia_bim_eighteenth-century_histoire-naturelle-eng_leclerc-georges-louis-_1785_8,20,0.00962,junk,,,,
ia_bim_eighteenth-century_histoire-naturelle-eng_leclerc-georges-louis-_1785_8,21,0.07752,junk,,,,
ia_bim_eighteenth-century_histoire-naturelle-eng_leclerc-georges-louis-_1785_8,22,0.00106,junk,,,,
ia_bim_eighteenth-century_histoire-naturelle-eng_leclerc-georges-louis-_1785_8,23,0.00966,junk,,,,
ia_bim_eighteenth-century_histoire-naturelle-eng_leclerc-georges-louis-_1785_8,24,0.02608,junk,,,,
ia_bim_eighteenth-century_histoire-naturelle-eng_leclerc-georges-louis-_1785_8,25,0.01281,junk,,,,
ia_bim_eighteenth-century_histoire-naturelle-eng_leclerc-georges-louis-_1785_8,26,0.04656,junk,,,,
ia_bim_eighteenth-century_histoire-naturelle-eng_leclerc-georges-louis-_1785_8,27,0.00586,junk,,,,
ia_bim_eighteenth-century_histoire-naturelle-eng_leclerc-georges-louis-_1785_8,28,0.00041,junk,,,,
ia_bim_eighteenth-century_histoire-naturelle-eng_leclerc-georges-louis-_1785_8,29,0.06348,junk,,,,
ia_bim_eighteenth-century_histoire-naturelle-eng_leclerc-georges-louis-_1785_8,30,0.00574,junk,,,,
ia_bim_eighteenth-century_histoire-naturelle-eng_leclerc-georges-louis-_1785_8,31,0.00015,junk,,,,
ia_bim_eighteenth-century_histoire-naturelle-eng_leclerc-georges-louis-_1785_8,32,0.0289,junk,,,,
ia_bim_eighteenth-century_histoire-naturelle-eng_leclerc-georges-louis-_1785_8,33,0.00012,junk,,,,
ia_bim_eighteenth-century_histoire-naturelle-eng_leclerc-georges-louis-_1785_8,34,0.00024,junk,,,,
ia_bim_eighteenth-century_histoire-naturelle-eng_leclerc-georges-louis-_1785_8,35,0.22408,junk,,,,
ia_bim_eighteenth-century_histoire-naturelle-eng_leclerc-georges-louis-_1785_8,36,0.00831,junk,,,,
ia_bim_eighteenth-century_histoire-naturelle-eng_leclerc-georges-louis-_1785_8,37,0.37918,junk,,,,
ia_bim_eighteenth-century_histoire-naturelle-eng_leclerc-georges-louis-_1785_8,38,0.01282,junk,,,,
ia_bim_eighteenth-century_histoire-naturelle-eng_leclerc-georges-louis-_1785_8,39,0.00015,junk,,,,
ia_bim_eighteenth-century_histoire-naturelle-eng_leclerc-georges-louis-_1785_8,40,0.05964,junk,,,,
ia_bim_eighteenth-century_histoire-naturelle-eng_leclerc-georges-louis-_1785_8,41,0.0035,junk,,,,
ia_bim_eighteenth-century_histoire-naturelle-eng_leclerc-georges-louis-_1785_8,42,0.00053,junk,,,,
ia_bim_eighteenth-century_histoire-naturelle-eng_leclerc-georges-louis-_1785_8,43,0.00625,junk,,,,
ia_bim_eighteenth-century_histoire-naturelle-eng_leclerc-georges-louis-_1785_8,44,0.00159,junk,,,,
ia_bim_eighteenth-century_histoire-naturelle-eng_leclerc-georges-louis-_1785_8,45,0.42944,junk,,,,
ia_bim_eighteenth-century_histoire-naturelle-eng_leclerc-georges-louis-_1785_8,46,0.01566,junk,,,,
ia_bim_eighteenth-century_histoire-naturelle-eng_leclerc-georges-louis-_1785_8,47,0.00103,junk,,,,
ia_bim_eighteenth-century_histoire-naturelle-eng_leclerc-georges-louis-_1785_8,48,0.00073,junk,,,,
ia_bim_eighteenth-century_histoire-naturelle-eng_leclerc-georges-louis-_1785_8,49,0.66546,non_junk,non_divine_teleology,0.03624,0.91655,0.04721
ia_bim_eighteenth-century_histoire-naturelle-eng_leclerc-georges-louis-_1785_8,50,0.00378,junk,,,,
ia_bim_eighteenth-century_histoire-naturelle-eng_leclerc-georges-louis-_1785_8,51,0.00093,junk,,,,
ia_bim_eighteenth-century_histoire-naturelle-eng_leclerc-georges-louis-_1785_8,52,0.02917,junk,,,,
ia_bim_eighteenth-century_histoire-naturelle-eng_leclerc-georges-louis-_1785_8,53,0.02897,junk,,,,
ia_bim_eighteenth-century_histoire-naturelle-eng_leclerc-georges-louis-_1785_8,54,0.38002,junk,,,,
ia_bim_eighteenth-century_histoire-naturelle-eng_leclerc-georges-louis-_1785_8,55,0.50021,non_junk,non_divine_teleology,0.02,0.54103,0.43897
ia_bim_eighteenth-century_histoire-naturelle-eng_leclerc-georges-louis-_1785_8,56,0.00329,junk,,,,
ia_bim_eighteenth-century_histoire-naturelle-eng_leclerc-georges-louis-_1785_8,57,0.00032,junk,,,,
ia_bim_eighteenth-century_histoire-naturelle-eng_leclerc-georges-louis-_1785_8,58,0.00943,junk,,,,
ia_bim_eighteenth-century_histoire-naturelle-eng_leclerc-georges-louis-_1785_8,59,0.07892,junk,,,,
ia_bim_eighteenth-century_histoire-naturelle-eng_leclerc-georges-louis-_1785_8,60,0.00095,junk,,,,
ia_bim_eighteenth-century_histoire-naturelle-eng_leclerc-georges-louis-_1785_8,61,0.0034,junk,,,,
ia_bim_eighteenth-century_histoire-naturelle-eng_leclerc-georges-louis-_1785_8,62,0.00075,junk,,,,
ia_bim_eighteenth-century_histoire-naturelle-eng_leclerc-georges-louis-_1785_8,63,0.28451,junk,,,,
ia_bim_eighteenth-century_histoire-naturelle-eng_leclerc-georges-louis-_1785_8,64,0.00379,junk,,,,
ia_bim_eighteenth-century_histoire-naturelle-eng_leclerc-georges-louis-_1785_8,65,0.00315,junk,,,,
ia_bim_eighteenth-century_histoire-naturelle-eng_leclerc-georges-louis-_1785_8,66,0.21144,junk,,,,
ia_bim_eighteenth-century_histoire-naturelle-eng_leclerc-georges-louis-_1785_8,67,0.03035,junk,,,,
ia_bim_eighteenth-century_histoire-naturelle-eng_leclerc-georges-louis-_1785_8,68,0.34701,junk,,,,
ia_bim_eighteenth-century_histoire-naturelle-eng_leclerc-georges-louis-_1785_8,69,0.0033,junk,,,,
ia_bim_eighteenth-century_histoire-naturelle-eng_leclerc-georges-louis-_1785_8,70,0.04359,junk,,,,
ia_bim_eighteenth-century_histoire-naturelle-eng_leclerc-georges-louis-_1785_8,71,0.12466,junk,,,,
ia_bim_eighteenth-century_histoire-naturelle-eng_leclerc-georges-louis-_1785_8,72,0.1062,junk,,,,
ia_bim_eighteenth-century_histoire-naturelle-eng_leclerc-georges-louis-_1785_8,73,0.16338,junk,,,,
ia_bim_eighteenth-century_histoire-naturelle-eng_leclerc-georges-louis-_1785_8,74,0.00414,junk,,,,
ia_bim_eighteenth-century_histoire-naturelle-eng_leclerc-georges-louis-_1785_8,75,0.00063,junk,,,,
ia_bim_eighteenth-century_histoire-naturelle-eng_leclerc-georges-louis-_1785_8,76,0.11438,junk,,,,
ia_bim_eighteenth-century_histoire-naturelle-eng_leclerc-georges-louis-_1785_8,77,0.17775,junk,,,,
ia_bim_eighteenth-century_histoire-naturelle-eng_leclerc-georges-louis-_1785_8,78,0.08695,junk,,,,
ia_bim_eighteenth-century_histoire-naturelle-eng_leclerc-georges-louis-_1785_8,79,0.0088,junk,,,,
ia_bim_eighteenth-century_histoire-naturelle-eng_leclerc-georges-louis-_1785_8,80,0.01586,junk,,,,
ia_bim_eighteenth-century_histoire-naturelle-eng_leclerc-georges-louis-_1785_8,81,0.0544,junk,,,,
ia_bim_eighteenth-century_histoire-naturelle-eng_leclerc-georges-louis-_1785_8,82,0.00875,junk,,,,
ia_bim_eighteenth-century_histoire-naturelle-eng_leclerc-georges-louis-_1785_8,83,0.00235,junk,,,,
ia_bim_eighteenth-century_histoire-naturelle-eng_leclerc-georges-louis-_1785_8,84,0.99522,non_junk,internal_essence,0.00535,0.03495,0.9597
ia_bim_eighteenth-century_histoire-naturelle-eng_leclerc-georges-louis-_1785_8,85,0.75154,non_junk,internal_essence,0.00992,0.03086,0.95922
ia_bim_eighteenth-century_histoire-naturelle-eng_leclerc-georges-louis-_1785_8,86,0.00027,junk,,,,
ia_bim_eighteenth-century_histoire-naturelle-eng_leclerc-georges-louis-_1785_8,87,0.71959,non_junk,internal_essence,0.012,0.04398,0.94402
ia_bim_eighteenth-century_histoire-naturelle-eng_leclerc-georges-louis-_1785_8,88,0.08243,junk,,,,
ia_bim_eighteenth-century_histoire-naturelle-eng_leclerc-georges-louis-_1785_8,89,0.08093,junk,,,,
ia_bim_eighteenth-century_histoire-naturelle-eng_leclerc-georges-louis-_1785_8,90,0.77095,non_junk,internal_essence,0.01397,0.08007,0.90596
ia_bim_eighteenth-century_histoire-naturelle-eng_leclerc-georges-louis-_1785_8,91,0.00612,junk,,,,
ia_bim_eighteenth-century_histoire-naturelle-eng_leclerc-georges-louis-_1785_8,92,0.68632,non_junk,internal_essence,0.00918,0.0821,0.90872
ia_bim_eighteenth-century_histoire-naturelle-eng_leclerc-georges-louis-_1785_8,93,0.00086,junk,,,,
ia_bim_eighteenth-century_histoire-naturelle-eng_leclerc-georges-louis-_1785_8,94,0.67192,non_junk,internal_essence,0.00612,0.09399,0.89989
ia_bim_eighteenth-century_histoire-naturelle-eng_leclerc-georges-louis-_1785_8,95,0.96022,non_junk,internal_essence,0.0021,0.09613,0.90177
ia_bim_eighteenth-century_histoire-naturelle-eng_leclerc-georges-louis-_1785_8,96,0.13741,junk,,,,
ia_bim_eighteenth-century_histoire-naturelle-eng_leclerc-georges-louis-_1785_8,97,0.00038,junk,,,,
ia_bim_eighteenth-century_histoire-naturelle-eng_leclerc-georges-louis-_1785_8,98,0.06448,junk,,,,
ia_bim_eighteenth-century_histoire-naturelle-eng_leclerc-georges-louis-_1785_8,99,0.00686,junk,,,,
ia_bim_eighteenth-century_histoire-naturelle-eng_leclerc-georges-louis-_1785_8,100,0.34359,junk,,,,
ia_bim_eighteenth-century_histoire-naturelle-eng_leclerc-georges-louis-_1785_8,101,0.00328,junk,,,,
ia_bim_eighteenth-century_histoire-naturelle-eng_leclerc-georges-louis-_1785_8,102,0.15293,junk,,,,
ia_bim_eighteenth-century_histoire-naturelle-eng_leclerc-georges-louis-_1785_8,103,0.01101,junk,,,,
ia_bim_eighteenth-century_histoire-naturelle-eng_leclerc-georges-louis-_1785_8,104,0.19208,junk,,,,
ia_bim_eighteenth-century_histoire-naturelle-eng_leclerc-georges-louis-_1785_8,105,0.18556,junk,,,,
ia_bim_eighteenth-century_histoire-naturelle-eng_leclerc-georges-louis-_1785_8,106,0.00132,junk,,,,
ia_bim_eighteenth-century_histoire-naturelle-eng_leclerc-georges-louis-_1785_8,107,0.54929,non_junk,internal_essence,0.01281,0.14093,0.84626
ia_bim_eighteenth-century_histoire-naturelle-eng_leclerc-georges-louis-_1785_8,108,0.7831,non_junk,internal_essence,0.00205,0.03822,0.95973
ia_bim_eighteenth-century_histoire-naturelle-eng_leclerc-georges-louis-_1785_8,109,0.38787,junk,,,,
ia_bim_eighteenth-century_histoire-naturelle-eng_leclerc-georges-louis-_1785_8,110,0.00396,junk,,,,
ia_bim_eighteenth-century_histoire-naturelle-eng_leclerc-georges-louis-_1785_8,111,0.99656,non_junk,non_divine_teleology,0.00368,0.9674,0.02892
ia_bim_eighteenth-century_histoire-naturelle-eng_leclerc-georges-louis-_1785_8,112,0.0722,junk,,,,
ia_bim_eighteenth-century_histoire-naturelle-eng_leclerc-georges-louis-_1785_8,113,0.00149,junk,,,,
ia_bim_eighteenth-century_histoire-naturelle-eng_leclerc-georges-louis-_1785_8,114,0.00577,junk,,,,
ia_bim_eighteenth-century_histoire-naturelle-eng_leclerc-georges-louis-_1785_8,115,0.14231,junk,,,,
ia_bim_eighteenth-century_histoire-naturelle-eng_leclerc-georges-louis-_1785_8,116,0.62115,non_junk,internal_essence,0.02373,0.07361,0.90266
ia_bim_eighteenth-century_histoire-naturelle-eng_leclerc-georges-louis-_1785_8,117,0.95789,non_junk,non_divine_teleology,0.02181,0.80998,0.16821
ia_bim_eighteenth-century_histoire-naturelle-eng_leclerc-georges-louis-_1785_8,118,0.97383,non_junk,non_divine_teleology,0.03137,0.58488,0.38376
ia_bim_eighteenth-century_histoire-naturelle-eng_leclerc-georges-louis-_1785_8,119,0.97818,non_junk,internal_essence,0.05146,0.43731,0.51123
ia_bim_eighteenth-century_histoire-naturelle-eng_leclerc-georges-louis-_1785_8,120,0.06357,junk,,,,
ia_bim_eighteenth-century_histoire-naturelle-eng_leclerc-georges-louis-_1785_8,121,0.58751,non_junk,internal_essence,0.06035,0.10226,0.83739
ia_bim_eighteenth-century_histoire-naturelle-eng_leclerc-georges-louis-_1785_8,122,0.86195,non_junk,internal_essence,0.05066,0.17036,0.77898
ia_bim_eighteenth-century_histoire-naturelle-eng_leclerc-georges-louis-_1785_8,123,0.79303,non_junk,internal_essence,0.02434,0.02277,0.95289
ia_bim_eighteenth-century_histoire-naturelle-eng_leclerc-georges-louis-_1785_8,124,0.85079,non_junk,internal_essence,0.08348,0.18574,0.73078
ia_bim_eighteenth-century_histoire-naturelle-eng_leclerc-georges-louis-_1785_8,125,0.42862,junk,,,,
ia_bim_eighteenth-century_histoire-naturelle-eng_leclerc-georges-louis-_1785_8,126,0.29051,junk,,,,
ia_bim_eighteenth-century_histoire-naturelle-eng_leclerc-georges-louis-_1785_8,127,0.88238,non_junk,internal_essence,0.01925,0.18747,0.79328
ia_bim_eighteenth-century_histoire-naturelle-eng_leclerc-georges-louis-_1785_8,128,0.05182,junk,,,,
ia_bim_eighteenth-century_histoire-naturelle-eng_leclerc-georges-louis-_1785_8,129,0.98635,non_junk,divine_teleology,0.99139,0.00121,0.00741
ia_bim_eighteenth-century_histoire-naturelle-eng_leclerc-georges-louis-_1785_8,130,0.73296,non_junk,divine_teleology,0.94342,0.01382,0.04276
ia_bim_eighteenth-century_histoire-naturelle-eng_leclerc-georges-louis-_1785_8,131,0.48654,junk,,,,
ia_bim_eighteenth-century_histoire-naturelle-eng_leclerc-georges-louis-_1785_8,132,0.07259,junk,,,,
ia_bim_eighteenth-century_histoire-naturelle-eng_leclerc-georges-louis-_1785_8,133,0.08945,junk,,,,
ia_bim_eighteenth-century_histoire-naturelle-eng_leclerc-georges-louis-_1785_8,134,0.01853,junk,,,,
ia_bim_eighteenth-century_histoire-naturelle-eng_leclerc-georges-louis-_1785_8,135,0.00119,junk,,,,
ia_bim_eighteenth-century_histoire-naturelle-eng_leclerc-georges-louis-_1785_8,136,0.51064,non_junk,internal_essence,0.04271,0.20784,0.74945
ia_bim_eighteenth-century_histoire-naturelle-eng_leclerc-georges-louis-_1785_8,137,0.1007,junk,,,,
ia_bim_eighteenth-century_histoire-naturelle-eng_leclerc-georges-louis-_1785_8,138,0.39808,junk,,,,
ia_bim_eighteenth-century_histoire-naturelle-eng_leclerc-georges-louis-_1785_8,139,0.58605,non_junk,non_divine_teleology,0.01667,0.81428,0.16904
ia_bim_eighteenth-century_histoire-naturelle-eng_leclerc-georges-louis-_1785_8,140,0.69329,non_junk,internal_essence,0.0321,0.41632,0.55158
ia_bim_eighteenth-century_histoire-naturelle-eng_leclerc-georges-louis-_1785_8,141,0.55489,non_junk,internal_essence,0.02649,0.20642,0.76709
ia_bim_eighteenth-century_histoire-naturelle-eng_leclerc-georges-louis-_1785_8,142,0.45296,junk,,,,
ia_bim_eighteenth-century_histoire-naturelle-eng_leclerc-georges-louis-_1785_8,143,0.32274,junk,,,,
ia_bim_eighteenth-century_histoire-naturelle-eng_leclerc-georges-louis-_1785_8,144,0.96067,non_junk,non_divine_teleology,0.05269,0.84221,0.1051
ia_bim_eighteenth-century_histoire-naturelle-eng_leclerc-georges-louis-_1785_8,145,0.75514,non_junk,non_divine_teleology,0.0297,0.78896,0.18134
ia_bim_eighteenth-century_histoire-naturelle-eng_leclerc-georges-louis-_1785_8,146,5e-05,junk,,,,
ia_bim_eighteenth-century_histoire-naturelle-eng_leclerc-georges-louis-_1785_8,147,0.01168,junk,,,,
ia_bim_eighteenth-century_histoire-naturelle-eng_leclerc-georges-louis-_1785_8,148,0.94923,non_junk,internal_essence,0.03354,0.02667,0.93979
ia_bim_eighteenth-century_histoire-naturelle-eng_leclerc-georges-louis-_1785_8,149,0.00402,junk,,,,
ia_bim_eighteenth-century_histoire-naturelle-eng_leclerc-georges-louis-_1785_8,150,0.00067,junk,,,,
ia_bim_eighteenth-century_histoire-naturelle-eng_leclerc-georges-louis-_1785_8,151,0.00014,junk,,,,
ia_bim_eighteenth-century_histoire-naturelle-eng_leclerc-georges-louis-_1785_8,152,1e-05,junk,,,,
ia_bim_eighteenth-century_histoire-naturelle-eng_leclerc-georges-louis-_1785_8,153,0.05372,junk,,,,
ia_bim_eighteenth-century_histoire-naturelle-eng_leclerc-georges-louis-_1785_8,154,0.03387,junk,,,,
ia_bim_eighteenth-century_histoire-naturelle-eng_leclerc-georges-louis-_1785_8,155,0.01878,junk,,,,
ia_bim_eighteenth-century_histoire-naturelle-eng_leclerc-georges-louis-_1785_8,156,0.00848,junk,,,,
ia_bim_eighteenth-century_histoire-naturelle-eng_leclerc-georges-louis-_1785_8,157,0.00029,junk,,,,
ia_bim_eighteenth-century_histoire-naturelle-eng_leclerc-georges-louis-_1785_8,158,0.0043,junk,,,,
ia_bim_eighteenth-century_histoire-naturelle-eng_leclerc-georges-louis-_1785_8,159,0.01962,junk,,,,
ia_bim_eighteenth-century_histoire-naturelle-eng_leclerc-georges-louis-_1785_8,160,0.10841,junk,,,,
ia_bim_eighteenth-century_histoire-naturelle-eng_leclerc-georges-louis-_1785_8,161,0.00048,junk,,,,
ia_bim_eighteenth-century_histoire-naturelle-eng_leclerc-georges-louis-_1785_8,162,0.29913,junk,,,,
ia_bim_eighteenth-century_histoire-naturelle-eng_leclerc-georges-louis-_1785_8,163,0.42602,junk,,,,
ia_bim_eighteenth-century_histoire-naturelle-eng_leclerc-georges-louis-_1785_8,164,0.0372,junk,,,,
ia_bim_eighteenth-century_histoire-naturelle-eng_leclerc-georges-louis-_1785_8,165,0.36962,junk,,,,
ia_bim_eighteenth-century_histoire-naturelle-eng_leclerc-georges-louis-_1785_8,166,0.68202,non_junk,non_divine_teleology,0.02994,0.94947,0.0206
ia_bim_eighteenth-century_histoire-naturelle-eng_leclerc-georges-louis-_1785_8,167,0.04849,junk,,,,
ia_bim_eighteenth-century_histoire-naturelle-eng_leclerc-georges-louis-_1785_8,168,0.01968,junk,,,,
ia_bim_eighteenth-century_histoire-naturelle-eng_leclerc-georges-louis-_1785_8,169,0.00039,junk,,,,
ia_bim_eighteenth-century_histoire-naturelle-eng_leclerc-georges-louis-_1785_8,170,0.12724,junk,,,,
ia_bim_eighteenth-century_histoire-naturelle-eng_leclerc-georges-louis-_1785_8,171,0.07965,junk,,,,
ia_bim_eighteenth-century_histoire-naturelle-eng_leclerc-georges-louis-_1785_8,172,0.00014,junk,,,,
ia_bim_eighteenth-century_histoire-naturelle-eng_leclerc-georges-louis-_1785_8,173,0.00656,junk,,,,
ia_bim_eighteenth-century_histoire-naturelle-eng_leclerc-georges-louis-_1785_8,174,0.00083,junk,,,,
ia_bim_eighteenth-century_histoire-naturelle-eng_leclerc-georges-louis-_1785_8,175,0.03623,junk,,,,
ia_bim_eighteenth-century_histoire-naturelle-eng_leclerc-georges-louis-_1785_8,176,0.00887,junk,,,,
ia_bim_eighteenth-century_histoire-naturelle-eng_leclerc-georges-louis-_1785_8,177,0.13337,junk,,,,
ia_bim_eighteenth-century_histoire-naturelle-eng_leclerc-georges-louis-_1785_8,178,0.0011,junk,,,,
ia_bim_eighteenth-century_histoire-naturelle-eng_leclerc-georges-louis-_1785_8,179,0.00872,junk,,,,
ia_bim_eighteenth-century_histoire-naturelle-eng_leclerc-georges-louis-_1785_8,180,0.69588,non_junk,non_divine_teleology,0.00916,0.95626,0.03458
ia_bim_eighteenth-century_histoire-naturelle-eng_leclerc-georges-louis-_1785_8,181,0.0717,junk,,,,
ia_bim_eighteenth-century_histoire-naturelle-eng_leclerc-georges-louis-_1785_8,182,0.00794,junk,,,,
ia_bim_eighteenth-century_histoire-naturelle-eng_leclerc-georges-louis-_1785_8,183,0.02058,junk,,,,
ia_bim_eighteenth-century_histoire-naturelle-eng_leclerc-georges-louis-_1785_8,184,0.11798,junk,,,,
ia_bim_eighteenth-century_histoire-naturelle-eng_leclerc-georges-louis-_1785_8,185,0.29605,junk,,,,
ia_bim_eighteenth-century_histoire-naturelle-eng_leclerc-georges-louis-_1785_8,186,0.0653,junk,,,,
ia_bim_eighteenth-century_histoire-naturelle-eng_leclerc-georges-louis-_1785_8,187,0.4411,junk,,,,
ia_bim_eighteenth-century_histoire-naturelle-eng_leclerc-georges-louis-_1785_8,188,0.00529,junk,,,,
ia_bim_eighteenth-century_histoire-naturelle-eng_leclerc-georges-louis-_1785_8,189,0.05086,junk,,,,
ia_bim_eighteenth-century_histoire-naturelle-eng_leclerc-georges-louis-_1785_8,190,0.9545,non_junk,non_divine_teleology,0.11518,0.5824,0.30242
ia_bim_eighteenth-century_histoire-naturelle-eng_leclerc-georges-louis-_1785_8,191,0.00352,junk,,,,
ia_bim_eighteenth-century_histoire-naturelle-eng_leclerc-georges-louis-_1785_8,192,0.0009,junk,,,,
ia_bim_eighteenth-century_histoire-naturelle-eng_leclerc-georges-louis-_1785_8,193,0.04272,junk,,,,
ia_bim_eighteenth-century_histoire-naturelle-eng_leclerc-georges-louis-_1785_8,194,0.00264,junk,,,,
ia_bim_eighteenth-century_histoire-naturelle-eng_leclerc-georges-louis-_1785_8,195,0.08639,junk,,,,
ia_bim_eighteenth-century_histoire-naturelle-eng_leclerc-georges-louis-_1785_8,196,0.18639,junk,,,,
ia_bim_eighteenth-century_histoire-naturelle-eng_leclerc-georges-louis-_1785_8,197,0.04543,junk,,,,
ia_bim_eighteenth-century_histoire-naturelle-eng_leclerc-georges-louis-_1785_8,198,0.19818,junk,,,,
ia_bim_eighteenth-century_histoire-naturelle-eng_leclerc-georges-louis-_1785_8,199,0.00185,junk,,,,
ia_bim_eighteenth-century_histoire-naturelle-eng_leclerc-georges-louis-_1785_8,200,0.08453,junk,,,,
ia_bim_eighteenth-century_histoire-naturelle-eng_leclerc-georges-louis-_1785_8,201,0.25172,junk,,,,
ia_bim_eighteenth-century_histoire-naturelle-eng_leclerc-georges-louis-_1785_8,202,0.007,junk,,,,
ia_bim_eighteenth-century_histoire-naturelle-eng_leclerc-georges-louis-_1785_8,203,0.08236,junk,,,,
ia_bim_eighteenth-century_histoire-naturelle-eng_leclerc-georges-louis-_1785_8,204,0.007,junk,,,,
ia_bim_eighteenth-century_histoire-naturelle-eng_leclerc-georges-louis-_1785_8,205,0.08236,junk,,,,
ia_bim_eighteenth-century_histoire-naturelle-eng_leclerc-georges-louis-_1785_8,206,0.00508,junk,,,,
ia_bim_eighteenth-century_histoire-naturelle-eng_leclerc-georges-louis-_1785_8,207,0.02187,junk,,,,
ia_bim_eighteenth-century_histoire-naturelle-eng_leclerc-georges-louis-_1785_8,208,0.78279,non_junk,internal_essence,0.00543,0.23363,0.76094
ia_bim_eighteenth-century_histoire-naturelle-eng_leclerc-georges-louis-_1785_8,209,0.02656,junk,,,,
ia_bim_eighteenth-century_histoire-naturelle-eng_leclerc-georges-louis-_1785_8,210,0.00011,junk,,,,
ia_bim_eighteenth-century_histoire-naturelle-eng_leclerc-georges-louis-_1785_8,211,0.00398,junk,,,,
ia_bim_eighteenth-century_histoire-naturelle-eng_leclerc-georges-louis-_1785_8,212,0.00011,junk,,,,
ia_bim_eighteenth-century_histoire-naturelle-eng_leclerc-georges-louis-_1785_8,213,0.07948,junk,,,,
ia_bim_eighteenth-century_histoire-naturelle-eng_leclerc-georges-louis-_1785_8,214,0.66724,non_junk,internal_essence,0.01077,0.45275,0.53648
ia_bim_eighteenth-century_histoire-naturelle-eng_leclerc-georges-louis-_1785_8,215,0.02332,junk,,,,
ia_bim_eighteenth-century_histoire-naturelle-eng_leclerc-georges-louis-_1785_8,216,0.19695,junk,,,,
ia_bim_eighteenth-century_histoire-naturelle-eng_leclerc-georges-louis-_1785_8,217,0.10812,junk,,,,
ia_bim_eighteenth-century_histoire-naturelle-eng_leclerc-georges-louis-_1785_8,218,0.52094,non_junk,internal_essence,0.13142,0.31662,0.55196
ia_bim_eighteenth-century_histoire-naturelle-eng_leclerc-georges-louis-_1785_8,219,0.96502,non_junk,internal_essence,0.00528,0.02267,0.97204
ia_bim_eighteenth-century_histoire-naturelle-eng_leclerc-georges-louis-_1785_8,220,0.24521,junk,,,,
ia_bim_eighteenth-century_histoire-naturelle-eng_leclerc-georges-louis-_1785_8,221,0.00012,junk,,,,
ia_bim_eighteenth-century_histoire-naturelle-eng_leclerc-georges-louis-_1785_8,222,0.00012,junk,,,,
ia_bim_eighteenth-century_histoire-naturelle-eng_leclerc-georges-louis-_1785_8,223,0.09821,junk,,,,
ia_bim_eighteenth-century_histoire-naturelle-eng_leclerc-georges-louis-_1785_8,224,0.00465,junk,,,,
ia_bim_eighteenth-century_histoire-naturelle-eng_leclerc-georges-louis-_1785_8,225,0.0008,junk,,,,
ia_bim_eighteenth-century_histoire-naturelle-eng_leclerc-georges-louis-_1785_8,226,0.81711,non_junk,internal_essence,0.00501,0.28454,0.71045
ia_bim_eighteenth-century_histoire-naturelle-eng_leclerc-georges-louis-_1785_8,227,0.03391,junk,,,,
ia_bim_eighteenth-century_histoire-naturelle-eng_leclerc-georges-louis-_1785_8,228,0.24354,junk,,,,
ia_bim_eighteenth-century_histoire-naturelle-eng_leclerc-georges-louis-_1785_8,229,0.14407,junk,,,,
ia_bim_eighteenth-century_histoire-naturelle-eng_leclerc-georges-louis-_1785_8,230,0.05216,junk,,,,
ia_bim_eighteenth-century_histoire-naturelle-eng_leclerc-georges-louis-_1785_8,231,0.12511,junk,,,,
ia_bim_eighteenth-century_histoire-naturelle-eng_leclerc-georges-louis-_1785_8,232,0.00019,junk,,,,
ia_bim_eighteenth-century_histoire-naturelle-eng_leclerc-georges-louis-_1785_8,233,0.00629,junk,,,,
ia_bim_eighteenth-century_histoire-naturelle-eng_leclerc-georges-louis-_1785_8,234,0.00019,junk,,,,
ia_bim_eighteenth-century_histoire-naturelle-eng_leclerc-georges-louis-_1785_8,235,0.05597,junk,,,,
ia_bim_eighteenth-century_histoire-naturelle-eng_leclerc-georges-louis-_1785_8,236,0.09813,junk,,,,
ia_bim_eighteenth-century_histoire-naturelle-eng_leclerc-georges-louis-_1785_8,237,0.05407,junk,,,,
ia_bim_eighteenth-century_histoire-naturelle-eng_leclerc-georges-louis-_1785_8,238,0.11685,junk,,,,
ia_bim_eighteenth-century_histoire-naturelle-eng_leclerc-georges-louis-_1785_8,239,0.00938,junk,,,,
ia_bim_eighteenth-century_histoire-naturelle-eng_leclerc-georges-louis-_1785_8,240,0.00219,junk,,,,
ia_bim_eighteenth-century_histoire-naturelle-eng_leclerc-georges-louis-_1785_8,241,0.03866,junk,,,,
ia_bim_eighteenth-century_histoire-naturelle-eng_leclerc-georges-louis-_1785_8,242,0.01552,junk,,,,
ia_bim_eighteenth-century_histoire-naturelle-eng_leclerc-georges-louis-_1785_8,243,0.00048,junk,,,,
ia_bim_eighteenth-century_histoire-naturelle-eng_leclerc-georges-louis-_1785_8,244,0.00342,junk,,,,
ia_bim_eighteenth-century_histoire-naturelle-eng_leclerc-georges-louis-_1785_8,245,0.38532,junk,,,,
ia_bim_eighteenth-century_histoire-naturelle-eng_leclerc-georges-louis-_1785_8,246,0.28922,junk,,,,
ia_bim_eighteenth-century_histoire-naturelle-eng_leclerc-georges-louis-_1785_8,247,0.00379,junk,,,,
ia_bim_eighteenth-century_histoire-naturelle-eng_leclerc-georges-louis-_1785_8,248,0.02926,junk,,,,
ia_bim_eighteenth-century_histoire-naturelle-eng_leclerc-georges-louis-_1785_8,249,0.09625,junk,,,,
ia_bim_eighteenth-century_histoire-naturelle-eng_leclerc-georges-louis-_1785_8,250,0.04599,junk,,,,
ia_bim_eighteenth-century_histoire-naturelle-eng_leclerc-georges-louis-_1785_8,251,0.612,non_junk,internal_essence,0.00199,0.03218,0.96584
ia_bim_eighteenth-century_histoire-naturelle-eng_leclerc-georges-louis-_1785_8,252,0.04859,junk,,,,
ia_bim_eighteenth-century_histoire-naturelle-eng_leclerc-georges-louis-_1785_8,253,0.00263,junk,,,,
ia_bim_eighteenth-century_histoire-naturelle-eng_leclerc-georges-louis-_1785_8,254,0.09263,junk,,,,
ia_bim_eighteenth-century_histoire-naturelle-eng_leclerc-georges-louis-_1785_8,255,0.06485,junk,,,,
ia_bim_eighteenth-century_histoire-naturelle-eng_leclerc-georges-louis-_1785_8,256,0.00037,junk,,,,
ia_bim_eighteenth-century_histoire-naturelle-eng_leclerc-georges-louis-_1785_8,257,0.10171,junk,,,,
ia_bim_eighteenth-century_histoire-naturelle-eng_leclerc-georges-louis-_1785_8,258,0.01323,junk,,,,
ia_bim_eighteenth-century_histoire-naturelle-eng_leclerc-georges-louis-_1785_8,259,0.02181,junk,,,,
ia_bim_eighteenth-century_histoire-naturelle-eng_leclerc-georges-louis-_1785_8,260,0.00059,junk,,,,
ia_bim_eighteenth-century_histoire-naturelle-eng_leclerc-georges-louis-_1785_8,261,0.31671,junk,,,,
ia_bim_eighteenth-century_histoire-naturelle-eng_leclerc-georges-louis-_1785_8,262,0.0026,junk,,,,
ia_bim_eighteenth-century_histoire-naturelle-eng_leclerc-georges-louis-_1785_8,263,0.00031,junk,,,,
ia_bim_eighteenth-century_histoire-naturelle-eng_leclerc-georges-louis-_1785_8,264,0.01289,junk,,,,
ia_bim_eighteenth-century_histoire-naturelle-eng_leclerc-georges-louis-_1785_8,265,0.29173,junk,,,,
ia_bim_eighteenth-century_histoire-naturelle-eng_leclerc-georges-louis-_1785_8,266,0.41368,junk,,,,
ia_bim_eighteenth-century_histoire-naturelle-eng_leclerc-georges-louis-_1785_8,267,0.20596,junk,,,,
ia_bim_eighteenth-century_histoire-naturelle-eng_leclerc-georges-louis-_1785_8,268,0.02793,junk,,,,
ia_bim_eighteenth-century_histoire-naturelle-eng_leclerc-georges-louis-_1785_8,269,0.00026,junk,,,,
ia_bim_eighteenth-century_histoire-naturelle-eng_leclerc-georges-louis-_1785_8,270,0.08309,junk,,,,
ia_bim_eighteenth-century_histoire-naturelle-eng_leclerc-georges-louis-_1785_8,271,0.04354,junk,,,,
ia_bim_eighteenth-century_histoire-naturelle-eng_leclerc-georges-louis-_1785_8,272,0.00184,junk,,,,
ia_bim_eighteenth-century_histoire-naturelle-eng_leclerc-georges-louis-_1785_8,273,0.00196,junk,,,,
ia_bim_eighteenth-century_histoire-naturelle-eng_leclerc-georges-louis-_1785_8,274,0.141,junk,,,,
ia_bim_eighteenth-century_histoire-naturelle-eng_leclerc-georges-louis-_1785_8,275,0.01219,junk,,,,
ia_bim_eighteenth-century_histoire-naturelle-eng_leclerc-georges-louis-_1785_8,276,0.01309,junk,,,,
ia_bim_eighteenth-century_histoire-naturelle-eng_leclerc-georges-louis-_1785_8,277,0.61163,non_junk,non_divine_teleology,0.00374,0.98777,0.00849
ia_bim_eighteenth-century_histoire-naturelle-eng_leclerc-georges-louis-_1785_8,278,0.12044,junk,,,,
ia_bim_eighteenth-century_histoire-naturelle-eng_leclerc-georges-louis-_1785_8,279,0.00017,junk,,,,
ia_bim_eighteenth-century_histoire-naturelle-eng_leclerc-georges-louis-_1785_8,280,0.00268,junk,,,,
ia_bim_eighteenth-century_histoire-naturelle-eng_leclerc-georges-louis-_1785_8,281,0.00082,junk,,,,
ia_bim_eighteenth-century_histoire-naturelle-eng_leclerc-georges-louis-_1785_8,282,0.0481,junk,,,,
ia_bim_eighteenth-century_histoire-naturelle-eng_leclerc-georges-louis-_1785_8,283,0.00043,junk,,,,
ia_bim_eighteenth-century_histoire-naturelle-eng_leclerc-georges-louis-_1785_8,284,0.00995,junk,,,,
ia_bim_eighteenth-century_histoire-naturelle-eng_leclerc-georges-louis-_1785_8,285,0.0,junk,,,,
ia_bim_eighteenth-century_histoire-naturelle-eng_leclerc-georges-louis-_1785_8,286,0.15097,junk,,,,
ia_bim_eighteenth-century_histoire-naturelle-eng_leclerc-georges-louis-_1785_8,287,0.00221,junk,,,,
ia_bim_eighteenth-century_histoire-naturelle-eng_leclerc-georges-louis-_1785_8,288,0.00172,junk,,,,
ia_bim_eighteenth-century_histoire-naturelle-eng_leclerc-georges-louis-_1785_8,289,0.00755,junk,,,,
ia_bim_eighteenth-century_histoire-naturelle-eng_leclerc-georges-louis-_1785_8,290,0.00558,junk,,,,
ia_bim_eighteenth-century_histoire-naturelle-eng_leclerc-georges-louis-_1785_8,291,0.0003,junk,,,,
ia_bim_eighteenth-century_histoire-naturelle-eng_leclerc-georges-louis-_1785_8,292,0.08571,junk,,,,
ia_bim_eighteenth-century_histoire-naturelle-eng_leclerc-georges-louis-_1785_8,293,0.0204,junk,,,,
ia_bim_eighteenth-century_histoire-naturelle-eng_leclerc-georges-louis-_1785_8,294,0.00052,junk,,,,
ia_bim_eighteenth-century_histoire-naturelle-eng_leclerc-georges-louis-_1785_8,295,0.12581,junk,,,,
ia_bim_eighteenth-century_histoire-naturelle-eng_leclerc-georges-louis-_1785_8,296,0.03317,junk,,,,
ia_bim_eighteenth-century_histoire-naturelle-eng_leclerc-georges-louis-_1785_8,297,0.18924,junk,,,,
ia_bim_eighteenth-century_histoire-naturelle-eng_leclerc-georges-louis-_1785_8,298,0.80834,non_junk,internal_essence,0.00311,0.07899,0.9179
ia_bim_eighteenth-century_histoire-naturelle-eng_leclerc-georges-louis-_1785_8,299,0.15907,junk,,,,
ia_bim_eighteenth-century_histoire-naturelle-eng_leclerc-georges-louis-_1785_8,300,0.076,junk,,,,
ia_bim_eighteenth-century_histoire-naturelle-eng_leclerc-georges-louis-_1785_8,301,0.22722,junk,,,,
ia_bim_eighteenth-century_histoire-naturelle-eng_leclerc-georges-louis-_1785_8,302,0.0016,junk,,,,
ia_bim_eighteenth-century_histoire-naturelle-eng_leclerc-georges-louis-_1785_8,303,0.00703,junk,,,,
ia_bim_eighteenth-century_histoire-naturelle-eng_leclerc-georges-louis-_1785_8,304,0.00121,junk,,,,
ia_bim_eighteenth-century_histoire-naturelle-eng_leclerc-georges-louis-_1785_8,305,0.01217,junk,,,,
ia_bim_eighteenth-century_histoire-naturelle-eng_leclerc-georges-louis-_1785_8,306,0.03118,junk,,,,
ia_bim_eighteenth-century_histoire-naturelle-eng_leclerc-georges-louis-_1785_8,307,0.00154,junk,,,,
ia_bim_eighteenth-century_histoire-naturelle-eng_leclerc-georges-louis-_1785_8,308,0.01844,junk,,,,
ia_bim_eighteenth-century_histoire-naturelle-eng_leclerc-georges-louis-_1785_8,309,0.00075,junk,,,,
ia_bim_eighteenth-century_histoire-naturelle-eng_leclerc-georges-louis-_1785_8,310,0.02746,junk,,,,
ia_bim_eighteenth-century_histoire-naturelle-eng_leclerc-georges-louis-_1785_8,311,0.82736,non_junk,internal_essence,0.01142,0.16198,0.8266
ia_bim_eighteenth-century_histoire-naturelle-eng_leclerc-georges-louis-_1785_8,312,0.03239,junk,,,,
ia_bim_eighteenth-century_histoire-naturelle-eng_leclerc-georges-louis-_1785_8,313,0.24315,junk,,,,
ia_bim_eighteenth-century_histoire-naturelle-eng_leclerc-georges-louis-_1785_8,314,0.03469,junk,,,,
ia_bim_eighteenth-century_histoire-naturelle-eng_leclerc-georges-louis-_1785_8,315,0.00072,junk,,,,
ia_bim_eighteenth-century_histoire-naturelle-eng_leclerc-georges-louis-_1785_8,316,0.03164,junk,,,,
ia_bim_eighteenth-century_histoire-naturelle-eng_leclerc-georges-louis-_1785_8,317,0.00222,junk,,,,
ia_bim_eighteenth-century_histoire-naturelle-eng_leclerc-georges-louis-_1785_8,318,0.01277,junk,,,,
ia_bim_eighteenth-century_histoire-naturelle-eng_leclerc-georges-louis-_1785_8,319,0.00342,junk,,,,
ia_bim_eighteenth-century_histoire-naturelle-eng_leclerc-georges-louis-_1785_8,320,0.00071,junk,,,,
ia_bim_eighteenth-century_histoire-naturelle-eng_leclerc-georges-louis-_1785_8,321,0.09546,junk,,,,
ia_bim_eighteenth-century_histoire-naturelle-eng_leclerc-georges-louis-_1785_8,322,0.00064,junk,,,,
ia_bim_eighteenth-century_histoire-naturelle-eng_leclerc-georges-louis-_1785_8,323,0.00263,junk,,,,
ia_bim_eighteenth-century_histoire-naturelle-eng_leclerc-georges-louis-_1785_8,324,0.89123,non_junk,non_divine_teleology,0.03069,0.88635,0.08296
ia_bim_eighteenth-century_histoire-naturelle-eng_leclerc-georges-louis-_1785_8,325,0.00029,junk,,,,
ia_bim_eighteenth-century_histoire-naturelle-eng_leclerc-georges-louis-_1785_8,326,0.02,junk,,,,
ia_bim_eighteenth-century_histoire-naturelle-eng_leclerc-georges-louis-_1785_8,327,0.00068,junk,,,,
ia_bim_eighteenth-century_histoire-naturelle-eng_leclerc-georges-louis-_1785_8,328,0.00543,junk,,,,
ia_bim_eighteenth-century_histoire-naturelle-eng_leclerc-georges-louis-_1785_8,329,0.00137,junk,,,,
ia_bim_eighteenth-century_histoire-naturelle-eng_leclerc-georges-louis-_1785_8,330,0.0086,junk,,,,
ia_bim_eighteenth-century_histoire-naturelle-eng_leclerc-georges-louis-_1785_8,331,0.00183,junk,,,,
ia_bim_eighteenth-century_histoire-naturelle-eng_leclerc-georges-louis-_1785_8,332,0.00044,junk,,,,
ia_bim_eighteenth-century_histoire-naturelle-eng_leclerc-georges-louis-_1785_8,333,0.39021,junk,,,,
ia_bim_eighteenth-century_histoire-naturelle-eng_leclerc-georges-louis-_1785_8,334,0.00141,junk,,,,
ia_bim_eighteenth-century_histoire-naturelle-eng_leclerc-georges-louis-_1785_8,335,0.01266,junk,,,,
ia_bim_eighteenth-century_histoire-naturelle-eng_leclerc-georges-louis-_1785_8,336,0.00587,junk,,,,
ia_bim_eighteenth-century_histoire-naturelle-eng_leclerc-georges-louis-_1785_8,337,0.00141,junk,,,,
ia_bim_eighteenth-century_histoire-naturelle-eng_leclerc-georges-louis-_1785_8,338,0.00032,junk,,,,
ia_bim_eighteenth-century_histoire-naturelle-eng_leclerc-georges-louis-_1785_8,339,0.00074,junk,,,,
ia_bim_eighteenth-century_histoire-naturelle-eng_leclerc-georges-louis-_1785_8,340,0.00133,junk,,,,
ia_bim_eighteenth-century_histoire-naturelle-eng_leclerc-georges-louis-_1785_8,341,0.14203,junk,,,,
ia_bim_eighteenth-century_histoire-naturelle-eng_leclerc-georges-louis-_1785_8,342,0.00132,junk,,,,
ia_bim_eighteenth-century_histoire-naturelle-eng_leclerc-georges-louis-_1785_8,343,0.10748,junk,,,,
ia_bim_eighteenth-century_histoire-naturelle-eng_leclerc-georges-louis-_1785_8,344,0.02711,junk,,,,
ia_bim_eighteenth-century_histoire-naturelle-eng_leclerc-georges-louis-_1785_8,345,0.21856,junk,,,,
ia_bim_eighteenth-century_histoire-naturelle-eng_leclerc-georges-louis-_1785_8,346,0.06455,junk,,,,
ia_bim_eighteenth-century_histoire-naturelle-eng_leclerc-georges-louis-_1785_8,347,0.03771,junk,,,,
ia_bim_eighteenth-century_histoire-naturelle-eng_leclerc-georges-louis-_1785_8,348,0.00114,junk,,,,
ia_bim_eighteenth-century_histoire-naturelle-eng_leclerc-georges-louis-_1785_8,349,0.5244,non_junk,internal_essence,0.00296,0.16886,0.82818
ia_bim_eighteenth-century_histoire-naturelle-eng_leclerc-georges-louis-_1785_8,350,0.65145,non_junk,internal_essence,0.00682,0.13739,0.85579
ia_bim_eighteenth-century_histoire-naturelle-eng_leclerc-georges-louis-_1785_8,351,0.0129,junk,,,,
ia_bim_eighteenth-century_histoire-naturelle-eng_leclerc-georges-louis-_1785_8,352,0.00187,junk,,,,
ia_bim_eighteenth-century_histoire-naturelle-eng_leclerc-georges-louis-_1785_8,353,0.15271,junk,,,,
ia_bim_eighteenth-century_histoire-naturelle-eng_leclerc-georges-louis-_1785_8,354,0.00028,junk,,,,
ia_bim_eighteenth-century_histoire-naturelle-eng_leclerc-georges-louis-_1785_8,355,0.03737,junk,,,,
ia_bim_eighteenth-century_histoire-naturelle-eng_leclerc-georges-louis-_1785_8,356,0.02169,junk,,,,
ia_bim_eighteenth-century_histoire-naturelle-eng_leclerc-georges-louis-_1785_8,357,0.01489,junk,,,,
ia_bim_eighteenth-century_histoire-naturelle-eng_leclerc-georges-louis-_1785_8,358,0.00016,junk,,,,
ia_bim_eighteenth-century_histoire-naturelle-eng_leclerc-georges-louis-_1785_8,359,0.59683,non_junk,internal_essence,0.00225,0.0847,0.91305
ia_bim_eighteenth-century_histoire-naturelle-eng_leclerc-georges-louis-_1785_8,360,0.97064,non_junk,non_divine_teleology,0.02015,0.94229,0.03755
ia_bim_eighteenth-century_histoire-naturelle-eng_leclerc-georges-louis-_1785_8,361,0.00352,junk,,,,
ia_bim_eighteenth-century_histoire-naturelle-eng_leclerc-georges-louis-_1785_8,362,0.96109,non_junk,non_divine_teleology,0.00547,0.97966,0.01487
ia_bim_eighteenth-century_histoire-naturelle-eng_leclerc-georges-louis-_1785_8,363,0.00578,junk,,,,
ia_bim_eighteenth-century_histoire-naturelle-eng_leclerc-georges-louis-_1785_8,364,0.01203,junk,,,,
ia_bim_eighteenth-century_histoire-naturelle-eng_leclerc-georges-louis-_1785_8,365,0.00028,junk,,,,
ia_bim_eighteenth-century_histoire-naturelle-eng_leclerc-georges-louis-_1785_8,366,0.00222,junk,,,,
ia_bim_eighteenth-century_histoire-naturelle-eng_leclerc-georges-louis-_1785_8,367,0.00259,junk,,,,
ia_bim_eighteenth-century_histoire-naturelle-eng_leclerc-georges-louis-_1785_8,368,0.00093,junk,,,,
ia_bim_eighteenth-century_histoire-naturelle-eng_leclerc-georges-louis-_1785_8,369,0.00234,junk,,,,
ia_bim_eighteenth-century_histoire-naturelle-eng_leclerc-georges-louis-_1785_8,370,0.00079,junk,,,,
ia_bim_eighteenth-century_histoire-naturelle-eng_leclerc-georges-louis-_1785_8,371,0.06122,junk,,,,
ia_bim_eighteenth-century_histoire-naturelle-eng_leclerc-georges-louis-_1785_8,372,0.00346,junk,,,,
ia_bim_eighteenth-century_histoire-naturelle-eng_leclerc-georges-louis-_1785_8,373,0.34652,junk,,,,
ia_bim_eighteenth-century_histoire-naturelle-eng_leclerc-georges-louis-_1785_8,374,0.00099,junk,,,,
ia_bim_eighteenth-century_histoire-naturelle-eng_leclerc-georges-louis-_1785_8,375,4e-05,junk,,,,
ia_bim_eighteenth-century_histoire-naturelle-eng_leclerc-georges-louis-_1785_8,376,0.01362,junk,,,,
ia_bim_eighteenth-century_histoire-naturelle-eng_leclerc-georges-louis-_1785_8,377,0.01242,junk,,,,
ia_bim_eighteenth-century_histoire-naturelle-eng_leclerc-georges-louis-_1785_8,378,0.04519,junk,,,,
ia_bim_eighteenth-century_histoire-naturelle-eng_leclerc-georges-louis-_1785_8,379,0.008,junk,,,,
ia_bim_eighteenth-century_histoire-naturelle-eng_leclerc-georges-louis-_1785_8,380,0.00577,junk,,,,
ia_bim_eighteenth-century_histoire-naturelle-eng_leclerc-georges-louis-_1785_8,381,0.01204,junk,,,,
ia_bim_eighteenth-century_histoire-naturelle-eng_leclerc-georges-louis-_1785_8,382,0.00035,junk,,,,
ia_bim_eighteenth-century_histoire-naturelle-eng_leclerc-georges-louis-_1785_8,383,0.05306,junk,,,,
ia_bim_eighteenth-century_histoire-naturelle-eng_leclerc-georges-louis-_1785_8,384,0.00351,junk,,,,
ia_bim_eighteenth-century_histoire-naturelle-eng_leclerc-georges-louis-_1785_8,385,0.00126,junk,,,,
ia_bim_eighteenth-century_histoire-naturelle-eng_leclerc-georges-louis-_1785_8,386,0.84037,non_junk,internal_essence,0.00324,0.03918,0.95758
ia_bim_eighteenth-century_histoire-naturelle-eng_leclerc-georges-louis-_1785_8,387,0.00035,junk,,,,
ia_bim_eighteenth-century_histoire-naturelle-eng_leclerc-georges-louis-_1785_8,388,0.00098,junk,,,,
ia_bim_eighteenth-century_histoire-naturelle-eng_leclerc-georges-louis-_1785_8,389,3e-05,junk,,,,
ia_bim_eighteenth-century_histoire-naturelle-eng_leclerc-georges-louis-_1785_8,390,0.98185,non_junk,internal_essence,0.00886,0.05038,0.94076
ia_bim_eighteenth-century_histoire-naturelle-eng_leclerc-georges-louis-_1785_8,391,3e-05,junk,,,,
ia_bim_eighteenth-century_histoire-naturelle-eng_leclerc-georges-louis-_1785_8,392,0.01342,junk,,,,
ia_bim_eighteenth-century_histoire-naturelle-eng_leclerc-georges-louis-_1785_8,393,0.10171,junk,,,,
ia_bim_eighteenth-century_histoire-naturelle-eng_leclerc-georges-louis-_1785_8,394,0.00764,junk,,,,
ia_bim_eighteenth-century_histoire-naturelle-eng_leclerc-georges-louis-_1785_8,395,0.02641,junk,,,,
ia_bim_eighteenth-century_histoire-naturelle-eng_leclerc-georges-louis-_1785_8,396,0.00023,junk,,,,
ia_bim_eighteenth-century_histoire-naturelle-eng_leclerc-georges-louis-_1785_8,397,0.01491,junk,,,,
ia_bim_eighteenth-century_histoire-naturelle-eng_leclerc-georges-louis-_1785_8,398,0.0042,junk,,,,
ia_bim_eighteenth-century_histoire-naturelle-eng_leclerc-georges-louis-_1785_8,399,0.00062,junk,,,,
ia_bim_eighteenth-century_histoire-naturelle-eng_leclerc-georges-louis-_1785_8,400,0.99592,non_junk,internal_essence,0.00307,0.02117,0.97576
ia_bim_eighteenth-century_histoire-naturelle-eng_leclerc-georges-louis-_1785_8,401,0.88241,non_junk,internal_essence,0.00094,0.0311,0.96797
ia_bim_eighteenth-century_histoire-naturelle-eng_leclerc-georges-louis-_1785_8,402,0.00401,junk,,,,
ia_bim_eighteenth-century_histoire-naturelle-eng_leclerc-georges-louis-_1785_8,403,0.9995,non_junk,non_divine_teleology,0.00391,0.98515,0.01094
ia_bim_eighteenth-century_histoire-naturelle-eng_leclerc-georges-louis-_1785_8,404,0.05021,junk,,,,
ia_bim_eighteenth-century_histoire-naturelle-eng_leclerc-georges-louis-_1785_8,405,0.98553,non_junk,internal_essence,0.01315,0.33941,0.64744
ia_bim_eighteenth-century_histoire-naturelle-eng_leclerc-georges-louis-_1785_8,406,0.00747,junk,,,,
ia_bim_eighteenth-century_histoire-naturelle-eng_leclerc-georges-louis-_1785_8,407,0.00629,junk,,,,
ia_bim_eighteenth-century_histoire-naturelle-eng_leclerc-georges-louis-_1785_8,408,0.012,junk,,,,
ia_bim_eighteenth-century_histoire-naturelle-eng_leclerc-georges-louis-_1785_8,409,0.00551,junk,,,,
ia_bim_eighteenth-century_histoire-naturelle-eng_leclerc-georges-louis-_1785_8,410,0.00746,junk,,,,
ia_bim_eighteenth-century_histoire-naturelle-eng_leclerc-georges-louis-_1785_8,411,0.09034,junk,,,,
ia_bim_eighteenth-century_histoire-naturelle-eng_leclerc-georges-louis-_1785_8,412,0.43014,junk,,,,
ia_bim_eighteenth-century_histoire-naturelle-eng_leclerc-georges-louis-_1785_8,413,0.01696,junk,,,,
ia_bim_eighteenth-century_histoire-naturelle-eng_leclerc-georges-louis-_1785_8,414,0.00208,junk,,,,
ia_bim_eighteenth-century_histoire-naturelle-eng_leclerc-georges-louis-_1785_8,415,0.00062,junk,,,,
ia_bim_eighteenth-century_histoire-naturelle-eng_leclerc-georges-louis-_1785_8,416,0.00055,junk,,,,
ia_bim_eighteenth-century_histoire-naturelle-eng_leclerc-georges-louis-_1785_8,417,0.13228,junk,,,,
ia_bim_eighteenth-century_histoire-naturelle-eng_leclerc-georges-louis-_1785_8,418,0.55621,non_junk,internal_essence,0.00703,0.09956,0.89341
ia_bim_eighteenth-century_histoire-naturelle-eng_leclerc-georges-louis-_1785_8,419,0.90721,non_junk,non_divine_teleology,0.00593,0.78301,0.21106
ia_bim_eighteenth-century_histoire-naturelle-eng_leclerc-georges-louis-_1785_8,420,0.00083,junk,,,,
ia_bim_eighteenth-century_histoire-naturelle-eng_leclerc-georges-louis-_1785_8,421,0.00982,junk,,,,
ia_bim_eighteenth-century_histoire-naturelle-eng_leclerc-georges-louis-_1785_8,422,0.00045,junk,,,,
ia_bim_eighteenth-century_histoire-naturelle-eng_leclerc-georges-louis-_1785_8,423,0.05398,junk,,,,
ia_bim_eighteenth-century_histoire-naturelle-eng_leclerc-georges-louis-_1785_8,424,0.01039,junk,,,,
ia_bim_eighteenth-century_histoire-naturelle-eng_leclerc-georges-louis-_1785_8,425,0.85281,non_junk,non_divine_teleology,0.02681,0.94891,0.02428
ia_bim_eighteenth-century_histoire-naturelle-eng_leclerc-georges-louis-_1785_8,426,0.01371,junk,,,,
ia_bim_eighteenth-century_histoire-naturelle-eng_leclerc-georges-louis-_1785_8,427,0.05755,junk,,,,
ia_bim_eighteenth-century_histoire-naturelle-eng_leclerc-georges-louis-_1785_8,428,0.79722,non_junk,non_divine_teleology,0.00721,0.96993,0.02287
ia_bim_eighteenth-century_histoire-naturelle-eng_leclerc-georges-louis-_1785_8,429,0.02689,junk,,,,
ia_bim_eighteenth-century_histoire-naturelle-eng_leclerc-georges-louis-_1785_8,430,0.04944,junk,,,,
ia_bim_eighteenth-century_histoire-naturelle-eng_leclerc-georges-louis-_1785_8,431,0.33007,junk,,,,
ia_bim_eighteenth-century_histoire-naturelle-eng_leclerc-georges-louis-_1785_8,432,0.02823,junk,,,,
ia_bim_eighteenth-century_histoire-naturelle-eng_leclerc-georges-louis-_1785_8,433,0.03019,junk,,,,
ia_bim_eighteenth-century_histoire-naturelle-eng_leclerc-georges-louis-_1785_8,434,0.00064,junk,,,,
ia_bim_eighteenth-century_histoire-naturelle-eng_leclerc-georges-louis-_1785_8,435,0.03443,junk,,,,
ia_bim_eighteenth-century_histoire-naturelle-eng_leclerc-georges-louis-_1785_8,436,0.85316,non_junk,non_divine_teleology,0.06113,0.88565,0.05322
ia_bim_eighteenth-century_histoire-naturelle-eng_leclerc-georges-louis-_1785_8,437,0.00407,junk,,,,
ia_bim_eighteenth-century_histoire-naturelle-eng_leclerc-georges-louis-_1785_8,438,0.25223,junk,,,,
ia_bim_eighteenth-century_histoire-naturelle-eng_leclerc-georges-louis-_1785_8,439,0.00105,junk,,,,
ia_bim_eighteenth-century_histoire-naturelle-eng_leclerc-georges-louis-_1785_8,440,0.00117,junk,,,,
ia_bim_eighteenth-century_histoire-naturelle-eng_leclerc-georges-louis-_1785_8,441,0.29947,junk,,,,
ia_bim_eighteenth-century_histoire-naturelle-eng_leclerc-georges-louis-_1785_8,442,0.02555,junk,,,,
ia_bim_eighteenth-century_histoire-naturelle-eng_leclerc-georges-louis-_1785_8,443,0.00479,junk,,,,
ia_bim_eighteenth-century_histoire-naturelle-eng_leclerc-georges-louis-_1785_8,444,0.29084,junk,,,,
ia_bim_eighteenth-century_histoire-naturelle-eng_leclerc-georges-louis-_1785_8,445,0.0983,junk,,,,
ia_bim_eighteenth-century_histoire-naturelle-eng_leclerc-georges-louis-_1785_8,446,0.10033,junk,,,,
ia_bim_eighteenth-century_histoire-naturelle-eng_leclerc-georges-louis-_1785_8,447,0.23367,junk,,,,
ia_bim_eighteenth-century_histoire-naturelle-eng_leclerc-georges-louis-_1785_8,448,0.10791,junk,,,,
ia_bim_eighteenth-century_histoire-naturelle-eng_leclerc-georges-louis-_1785_8,449,0.98807,non_junk,non_divine_teleology,0.056,0.87249,0.07151
ia_bim_eighteenth-century_histoire-naturelle-eng_leclerc-georges-louis-_1785_8,450,0.97258,non_junk,non_divine_teleology,0.01955,0.93586,0.04459
ia_bim_eighteenth-century_histoire-naturelle-eng_leclerc-georges-louis-_1785_8,451,0.08487,junk,,,,
ia_bim_eighteenth-century_histoire-naturelle-eng_leclerc-georges-louis-_1785_8,452,0.15221,junk,,,,
ia_bim_eighteenth-century_histoire-naturelle-eng_leclerc-georges-louis-_1785_8,453,0.03873,junk,,,,
ia_bim_eighteenth-century_histoire-naturelle-eng_leclerc-georges-louis-_1785_8,454,0.00019,junk,,,,
ia_bim_eighteenth-century_histoire-naturelle-eng_leclerc-georges-louis-_1785_8,455,0.00017,junk,,,,
ia_bim_eighteenth-century_histoire-naturelle-eng_leclerc-georges-louis-_1785_8,456,0.08653,junk,,,,
ia_bim_eighteenth-century_histoire-naturelle-eng_leclerc-georges-louis-_1785_8,457,0.00462,junk,,,,
ia_bim_eighteenth-century_histoire-naturelle-eng_leclerc-georges-louis-_1785_8,458,0.34052,junk,,,,
ia_bim_eighteenth-century_histoire-naturelle-eng_leclerc-georges-louis-_1785_8,459,0.0755,junk,,,,
ia_bim_eighteenth-century_histoire-naturelle-eng_leclerc-georges-louis-_1785_8,460,0.00036,junk,,,,
ia_bim_eighteenth-century_histoire-naturelle-eng_leclerc-georges-louis-_1785_8,461,0.00314,junk,,,,
ia_bim_eighteenth-century_histoire-naturelle-eng_leclerc-georges-louis-_1785_8,462,0.00394,junk,,,,
ia_bim_eighteenth-century_histoire-naturelle-eng_leclerc-georges-louis-_1785_8,463,0.00073,junk,,,,
ia_bim_eighteenth-century_histoire-naturelle-eng_leclerc-georges-louis-_1785_8,464,0.05884,junk,,,,
ia_bim_eighteenth-century_histoire-naturelle-eng_leclerc-georges-louis-_1785_8,465,0.43443,junk,,,,
ia_bim_eighteenth-century_histoire-naturelle-eng_leclerc-georges-louis-_1785_8,466,0.0569,junk,,,,
ia_bim_eighteenth-century_histoire-naturelle-eng_leclerc-georges-louis-_1785_8,467,0.00482,junk,,,,
ia_bim_eighteenth-century_histoire-naturelle-eng_leclerc-georges-louis-_1785_8,468,0.02723,junk,,,,
ia_bim_eighteenth-century_histoire-naturelle-eng_leclerc-georges-louis-_1785_8,469,0.27435,junk,,,,
ia_bim_eighteenth-century_histoire-naturelle-eng_leclerc-georges-louis-_1785_8,470,0.97443,non_junk,internal_essence,0.00173,0.43436,0.56391
ia_bim_eighteenth-century_histoire-naturelle-eng_leclerc-georges-louis-_1785_8,471,0.11798,junk,,,,
ia_bim_eighteenth-century_histoire-naturelle-eng_leclerc-georges-louis-_1785_8,472,0.00566,junk,,,,
ia_bim_eighteenth-century_histoire-naturelle-eng_leclerc-georges-louis-_1785_8,473,0.75945,non_junk,non_divine_teleology,0.00873,0.94806,0.04321
ia_bim_eighteenth-century_histoire-naturelle-eng_leclerc-georges-louis-_1785_8,474,0.00962,junk,,,,
ia_bim_eighteenth-century_histoire-naturelle-eng_leclerc-georges-louis-_1785_8,475,0.01093,junk,,,,
ia_bim_eighteenth-century_histoire-naturelle-eng_leclerc-georges-louis-_1785_8,476,0.00757,junk,,,,
ia_bim_eighteenth-century_histoire-naturelle-eng_leclerc-georges-louis-_1785_8,477,0.00063,junk,,,,
ia_bim_eighteenth-century_histoire-naturelle-eng_leclerc-georges-louis-_1785_8,478,0.93473,non_junk,non_divine_teleology,0.02752,0.82064,0.15184
ia_bim_eighteenth-century_histoire-naturelle-eng_leclerc-georges-louis-_1785_8,479,0.00245,junk,,,,
ia_bim_eighteenth-century_histoire-naturelle-eng_leclerc-georges-louis-_1785_8,480,0.00502,junk,,,,
ia_bim_eighteenth-century_histoire-naturelle-eng_leclerc-georges-louis-_1785_8,481,0.05899,junk,,,,
ia_bim_eighteenth-century_histoire-naturelle-eng_leclerc-georges-louis-_1785_8,482,0.02548,junk,,,,
ia_bim_eighteenth-century_histoire-naturelle-eng_leclerc-georges-louis-_1785_8,483,0.00017,junk,,,,
ia_bim_eighteenth-century_histoire-naturelle-eng_leclerc-georges-louis-_1785_8,484,0.18174,junk,,,,
ia_bim_eighteenth-century_histoire-naturelle-eng_leclerc-georges-louis-_1785_8,485,0.02756,junk,,,,
ia_bim_eighteenth-century_histoire-naturelle-eng_leclerc-georges-louis-_1785_8,486,0.24359,junk,,,,
ia_bim_eighteenth-century_histoire-naturelle-eng_leclerc-georges-louis-_1785_8,487,0.01463,junk,,,,
ia_bim_eighteenth-century_histoire-naturelle-eng_leclerc-georges-louis-_1785_8,488,0.00267,junk,,,,
ia_bim_eighteenth-century_histoire-naturelle-eng_leclerc-georges-louis-_1785_8,489,0.00901,junk,,,,
ia_bim_eighteenth-century_histoire-naturelle-eng_leclerc-georges-louis-_1785_8,490,0.03613,junk,,,,
ia_bim_eighteenth-century_histoire-naturelle-eng_leclerc-georges-louis-_1785_8,491,0.00292,junk,,,,
ia_bim_eighteenth-century_histoire-naturelle-eng_leclerc-georges-louis-_1785_8,492,0.03811,junk,,,,
ia_bim_eighteenth-century_histoire-naturelle-eng_leclerc-georges-louis-_1785_8,493,0.14209,junk,,,,
ia_bim_eighteenth-century_histoire-naturelle-eng_leclerc-georges-louis-_1785_8,494,0.19313,junk,,,,
ia_bim_eighteenth-century_histoire-naturelle-eng_leclerc-georges-louis-_1785_8,495,0.02286,junk,,,,
ia_bim_eighteenth-century_histoire-naturelle-eng_leclerc-georges-louis-_1785_8,496,0.00343,junk,,,,
ia_bim_eighteenth-century_histoire-naturelle-eng_leclerc-georges-louis-_1785_8,497,7e-05,junk,,,,
ia_bim_eighteenth-century_histoire-naturelle-eng_leclerc-georges-louis-_1785_8,498,0.00046,junk,,,,
ia_bim_eighteenth-century_histoire-naturelle-eng_leclerc-georges-louis-_1785_8,499,7e-05,junk,,,,
ia_bim_eighteenth-century_histoire-naturelle-eng_leclerc-georges-louis-_1785_8,500,0.00534,junk,,,,
ia_bim_eighteenth-century_histoire-naturelle-eng_leclerc-georges-louis-_1785_8,501,0.08232,junk,,,,
ia_bim_eighteenth-century_histoire-naturelle-eng_leclerc-georges-louis-_1785_8,502,0.00045,junk,,,,
ia_bim_eighteenth-century_histoire-naturelle-eng_leclerc-georges-louis-_1785_8,503,0.01037,junk,,,,
ia_bim_eighteenth-century_histoire-naturelle-eng_leclerc-georges-louis-_1785_8,504,0.00058,junk,,,,
ia_bim_eighteenth-century_histoire-naturelle-eng_leclerc-georges-louis-_1785_8,505,0.65159,non_junk,internal_essence,0.00771,0.14685,0.84543
ia_bim_eighteenth-century_histoire-naturelle-eng_leclerc-georges-louis-_1785_8,506,0.03429,junk,,,,
ia_bim_eighteenth-century_histoire-naturelle-eng_leclerc-georges-louis-_1785_8,507,0.00212,junk,,,,
ia_bim_eighteenth-century_histoire-naturelle-eng_leclerc-georges-louis-_1785_8,508,0.00231,junk,,,,
ia_bim_eighteenth-century_histoire-naturelle-eng_leclerc-georges-louis-_1785_8,509,0.09542,junk,,,,
ia_bim_eighteenth-century_histoire-naturelle-eng_leclerc-georges-louis-_1785_8,510,0.02208,junk,,,,
ia_bim_eighteenth-century_histoire-naturelle-eng_leclerc-georges-louis-_1785_8,511,0.00325,junk,,,,
ia_bim_eighteenth-century_histoire-naturelle-eng_leclerc-georges-louis-_1785_8,512,0.01184,junk,,,,
ia_bim_eighteenth-century_histoire-naturelle-eng_leclerc-georges-louis-_1785_8,513,0.0041,junk,,,,
ia_bim_eighteenth-century_histoire-naturelle-eng_leclerc-georges-louis-_1785_8,514,0.00355,junk,,,,
ia_bim_eighteenth-century_histoire-naturelle-eng_leclerc-georges-louis-_1785_8,515,0.00422,junk,,,,
ia_bim_eighteenth-century_histoire-naturelle-eng_leclerc-georges-louis-_1785_8,516,0.12074,junk,,,,
ia_bim_eighteenth-century_histoire-naturelle-eng_leclerc-georges-louis-_1785_8,517,0.24255,junk,,,,
ia_bim_eighteenth-century_histoire-naturelle-eng_leclerc-georges-louis-_1785_8,518,0.00395,junk,,,,
ia_bim_eighteenth-century_histoire-naturelle-eng_leclerc-georges-louis-_1785_8,519,7e-05,junk,,,,
ia_bim_eighteenth-century_histoire-naturelle-eng_leclerc-georges-louis-_1785_8,520,0.0168,junk,,,,
ia_bim_eighteenth-century_histoire-naturelle-eng_leclerc-georges-louis-_1785_8,521,0.01275,junk,,,,
ia_bim_eighteenth-century_histoire-naturelle-eng_leclerc-georges-louis-_1785_8,522,0.00123,junk,,,,
ia_bim_eighteenth-century_histoire-naturelle-eng_leclerc-georges-louis-_1785_8,523,0.00622,junk,,,,
ia_bim_eighteenth-century_histoire-naturelle-eng_leclerc-georges-louis-_1785_8,524,0.0006,junk,,,,
ia_bim_eighteenth-century_histoire-naturelle-eng_leclerc-georges-louis-_1785_8,525,0.00254,junk,,,,
ia_bim_eighteenth-century_histoire-naturelle-eng_leclerc-georges-louis-_1785_8,526,0.00018,junk,,,,
ia_bim_eighteenth-century_histoire-naturelle-eng_leclerc-georges-louis-_1785_8,527,0.00217,junk,,,,
ia_bim_eighteenth-century_histoire-naturelle-eng_leclerc-georges-louis-_1785_8,528,0.00148,junk,,,,
ia_bim_eighteenth-century_histoire-naturelle-eng_leclerc-georges-louis-_1785_8,529,0.03564,junk,,,,
ia_bim_eighteenth-century_histoire-naturelle-eng_leclerc-georges-louis-_1785_8,530,1e-05,junk,,,,
ia_bim_eighteenth-century_histoire-naturelle-eng_leclerc-georges-louis-_1785_8,531,0.04831,junk,,,,
ia_bim_eighteenth-century_histoire-naturelle-eng_leclerc-georges-louis-_1785_8,532,0.00464,junk,,,,
ia_bim_eighteenth-century_histoire-naturelle-eng_leclerc-georges-louis-_1785_8,533,0.00443,junk,,,,
ia_bim_eighteenth-century_histoire-naturelle-eng_leclerc-georges-louis-_1785_8,534,0.94541,non_junk,non_divine_teleology,0.0227,0.91286,0.06444
ia_bim_eighteenth-century_histoire-naturelle-eng_leclerc-georges-louis-_1785_8,535,0.00056,junk,,,,
ia_bim_eighteenth-century_histoire-naturelle-eng_leclerc-georges-louis-_1785_8,536,0.013,junk,,,,
ia_bim_eighteenth-century_histoire-naturelle-eng_leclerc-georges-louis-_1785_8,537,0.0166,junk,,,,
ia_bim_eighteenth-century_histoire-naturelle-eng_leclerc-georges-louis-_1785_8,538,0.16737,junk,,,,
ia_bim_eighteenth-century_histoire-naturelle-eng_leclerc-georges-louis-_1785_8,539,0.0166,junk,,,,
ia_bim_eighteenth-century_histoire-naturelle-eng_leclerc-georges-louis-_1785_8,540,0.00125,junk,,,,
ia_bim_eighteenth-century_histoire-naturelle-eng_leclerc-georges-louis-_1785_8,541,0.07019,junk,,,,
ia_bim_eighteenth-century_histoire-naturelle-eng_leclerc-georges-louis-_1785_8,542,0.00775,junk,,,,
ia_bim_eighteenth-century_histoire-naturelle-eng_leclerc-georges-louis-_1785_8,543,0.01468,junk,,,,
ia_bim_eighteenth-century_histoire-naturelle-eng_leclerc-georges-louis-_1785_8,544,0.56191,non_junk,non_divine_teleology,0.00217,0.9823,0.01553
ia_bim_eighteenth-century_histoire-naturelle-eng_leclerc-georges-louis-_1785_8,545,0.23798,junk,,,,
ia_bim_eighteenth-century_histoire-naturelle-eng_leclerc-georges-louis-_1785_8,546,0.1091,junk,,,,
ia_bim_eighteenth-century_histoire-naturelle-eng_leclerc-georges-louis-_1785_8,547,0.00052,junk,,,,
ia_bim_eighteenth-century_histoire-naturelle-eng_leclerc-georges-louis-_1785_8,548,0.00158,junk,,,,
ia_bim_eighteenth-century_histoire-naturelle-eng_leclerc-georges-louis-_1785_8,549,0.00133,junk,,,,
ia_bim_eighteenth-century_histoire-naturelle-eng_leclerc-georges-louis-_1785_8,550,0.01754,junk,,,,
ia_bim_eighteenth-century_histoire-naturelle-eng_leclerc-georges-louis-_1785_8,551,0.00172,junk,,,,
ia_bim_eighteenth-century_histoire-naturelle-eng_leclerc-georges-louis-_1785_8,552,0.00081,junk,,,,
ia_bim_eighteenth-century_histoire-naturelle-eng_leclerc-georges-louis-_1785_8,553,0.00274,junk,,,,
ia_bim_eighteenth-century_histoire-naturelle-eng_leclerc-georges-louis-_1785_8,554,0.09506,junk,,,,
ia_bim_eighteenth-century_histoire-naturelle-eng_leclerc-georges-louis-_1785_8,555,0.00238,junk,,,,
ia_bim_eighteenth-century_histoire-naturelle-eng_leclerc-georges-louis-_1785_8,556,0.03355,junk,,,,
ia_bim_eighteenth-century_histoire-naturelle-eng_leclerc-georges-louis-_1785_8,557,0.00126,junk,,,,
ia_bim_eighteenth-century_histoire-naturelle-eng_leclerc-georges-louis-_1785_8,558,0.8819,non_junk,internal_essence,0.00277,0.02543,0.9718
ia_bim_eighteenth-century_histoire-naturelle-eng_leclerc-georges-louis-_1785_8,559,0.04218,junk,,,,
ia_bim_eighteenth-century_histoire-naturelle-eng_leclerc-georges-louis-_1785_8,560,0.24699,junk,,,,
ia_bim_eighteenth-century_histoire-naturelle-eng_leclerc-georges-louis-_1785_8,561,0.00417,junk,,,,
ia_bim_eighteenth-century_histoire-naturelle-eng_leclerc-georges-louis-_1785_8,562,0.02434,junk,,,,
ia_bim_eighteenth-century_histoire-naturelle-eng_leclerc-georges-louis-_1785_8,563,0.00399,junk,,,,
ia_bim_eighteenth-century_histoire-naturelle-eng_leclerc-georges-louis-_1785_8,564,0.02397,junk,,,,
ia_bim_eighteenth-century_histoire-naturelle-eng_leclerc-georges-louis-_1785_8,565,0.00333,junk,,,,
ia_bim_eighteenth-century_histoire-naturelle-eng_leclerc-georges-louis-_1785_8,566,0.00239,junk,,,,
ia_bim_eighteenth-century_histoire-naturelle-eng_leclerc-georges-louis-_1785_8,567,0.00534,junk,,,,
ia_bim_eighteenth-century_histoire-naturelle-eng_leclerc-georges-louis-_1785_8,568,0.89788,non_junk,non_divine_teleology,0.0347,0.52596,0.43934
ia_bim_eighteenth-century_histoire-naturelle-eng_leclerc-georges-louis-_1785_8,569,0.00319,junk,,,,
ia_bim_eighteenth-century_histoire-naturelle-eng_leclerc-georges-louis-_1785_8,570,0.0085,junk,,,,
ia_bim_eighteenth-century_histoire-naturelle-eng_leclerc-georges-louis-_1785_8,571,0.0228,junk,,,,
ia_bim_eighteenth-century_histoire-naturelle-eng_leclerc-georges-louis-_1785_8,572,0.1199,junk,,,,
ia_bim_eighteenth-century_histoire-naturelle-eng_leclerc-georges-louis-_1785_8,573,0.01018,junk,,,,
ia_bim_eighteenth-century_histoire-naturelle-eng_leclerc-georges-louis-_1785_8,574,0.00351,junk,,,,
ia_bim_eighteenth-century_histoire-naturelle-eng_leclerc-georges-louis-_1785_8,575,0.56279,non_junk,internal_essence,0.00944,0.27753,0.71304
ia_bim_eighteenth-century_histoire-naturelle-eng_leclerc-georges-louis-_1785_8,576,0.0015,junk,,,,
ia_bim_eighteenth-century_histoire-naturelle-eng_leclerc-georges-louis-_1785_8,577,0.00058,junk,,,,
ia_bim_eighteenth-century_histoire-naturelle-eng_leclerc-georges-louis-_1785_8,578,0.0005,junk,,,,
ia_bim_eighteenth-century_histoire-naturelle-eng_leclerc-georges-louis-_1785_8,579,0.00024,junk,,,,
ia_bim_eighteenth-century_histoire-naturelle-eng_leclerc-georges-louis-_1785_8,580,0.10917,junk,,,,
ia_bim_eighteenth-century_histoire-naturelle-eng_leclerc-georges-louis-_1785_8,581,0.00363,junk,,,,
ia_bim_eighteenth-century_histoire-naturelle-eng_leclerc-georges-louis-_1785_8,582,0.39137,junk,,,,
ia_bim_eighteenth-century_histoire-naturelle-eng_leclerc-georges-louis-_1785_8,583,0.35007,junk,,,,
ia_bim_eighteenth-century_histoire-naturelle-eng_leclerc-georges-louis-_1785_8,584,0.22585,junk,,,,
ia_bim_eighteenth-century_histoire-naturelle-eng_leclerc-georges-louis-_1785_8,585,0.17273,junk,,,,
ia_bim_eighteenth-century_histoire-naturelle-eng_leclerc-georges-louis-_1785_8,586,0.10091,junk,,,,
ia_bim_eighteenth-century_histoire-naturelle-eng_leclerc-georges-louis-_1785_8,587,0.00046,junk,,,,
ia_bim_eighteenth-century_histoire-naturelle-eng_leclerc-georges-louis-_1785_8,588,0.00046,junk,,,,
ia_bim_eighteenth-century_histoire-naturelle-eng_leclerc-georges-louis-_1785_8,589,0.21622,junk,,,,
ia_bim_eighteenth-century_histoire-naturelle-eng_leclerc-georges-louis-_1785_8,590,0.05296,junk,,,,
ia_bim_eighteenth-century_histoire-naturelle-eng_leclerc-georges-louis-_1785_8,591,0.00033,junk,,,,
ia_bim_eighteenth-century_histoire-naturelle-eng_leclerc-georges-louis-_1785_8,592,0.12685,junk,,,,
ia_bim_eighteenth-century_histoire-naturelle-eng_leclerc-georges-louis-_1785_8,593,0.01404,junk,,,,
ia_bim_eighteenth-century_histoire-naturelle-eng_leclerc-georges-louis-_1785_8,594,0.0,junk,,,,
ia_bim_eighteenth-century_histoire-naturelle-eng_leclerc-georges-louis-_1785_8,595,8e-05,junk,,,,
ia_bim_eighteenth-century_histoire-naturelle-eng_leclerc-georges-louis-_1785_8,596,0.00194,junk,,,,
ia_bim_eighteenth-century_histoire-naturelle-eng_leclerc-georges-louis-_1785_8,597,0.00118,junk,,,,
ia_bim_eighteenth-century_histoire-naturelle-eng_leclerc-georges-louis-_1785_8,598,0.04542,junk,,,,
ia_bim_eighteenth-century_histoire-naturelle-eng_leclerc-georges-louis-_1785_8,599,0.02197,junk,,,,
ia_bim_eighteenth-century_histoire-naturelle-eng_leclerc-georges-louis-_1785_8,600,0.00028,junk,,,,
ia_bim_eighteenth-century_histoire-naturelle-eng_leclerc-georges-louis-_1785_8,601,0.00122,junk,,,,
ia_bim_eighteenth-century_histoire-naturelle-eng_leclerc-georges-louis-_1785_8,602,0.00028,junk,,,,
ia_bim_eighteenth-century_histoire-naturelle-eng_leclerc-georges-louis-_1785_8,603,0.0001,junk,,,,
ia_bim_eighteenth-century_histoire-naturelle-eng_leclerc-georges-louis-_1785_8,604,0.00988,junk,,,,
ia_bim_eighteenth-century_histoire-naturelle-eng_leclerc-georges-louis-_1785_8,605,0.00044,junk,,,,
ia_bim_eighteenth-century_histoire-naturelle-eng_leclerc-georges-louis-_1785_8,606,0.04327,junk,,,,
ia_bim_eighteenth-century_histoire-naturelle-eng_leclerc-georges-louis-_1785_8,607,0.10251,junk,,,,
ia_bim_eighteenth-century_histoire-naturelle-eng_leclerc-georges-louis-_1785_8,608,0.06572,junk,,,,
ia_bim_eighteenth-century_histoire-naturelle-eng_leclerc-georges-louis-_1785_8,609,0.01074,junk,,,,
ia_bim_eighteenth-century_histoire-naturelle-eng_leclerc-georges-louis-_1785_8,610,0.0146,junk,,,,
ia_bim_eighteenth-century_histoire-naturelle-eng_leclerc-georges-louis-_1785_8,611,0.04267,junk,,,,
ia_bim_eighteenth-century_histoire-naturelle-eng_leclerc-georges-louis-_1785_8,612,0.14479,junk,,,,
ia_bim_eighteenth-century_histoire-naturelle-eng_leclerc-georges-louis-_1785_8,613,0.00077,junk,,,,
ia_bim_eighteenth-century_histoire-naturelle-eng_leclerc-georges-louis-_1785_8,614,0.0026,junk,,,,
ia_bim_eighteenth-century_histoire-naturelle-eng_leclerc-georges-louis-_1785_8,615,0.00997,junk,,,,
ia_bim_eighteenth-century_histoire-naturelle-eng_leclerc-georges-louis-_1785_8,616,0.99116,non_junk,internal_essence,0.00374,0.08005,0.91621
ia_bim_eighteenth-century_histoire-naturelle-eng_leclerc-georges-louis-_1785_8,617,0.00016,junk,,,,
ia_bim_eighteenth-century_histoire-naturelle-eng_leclerc-georges-louis-_1785_8,618,0.01674,junk,,,,
ia_bim_eighteenth-century_histoire-naturelle-eng_leclerc-georges-louis-_1785_8,619,0.05555,junk,,,,
ia_bim_eighteenth-century_histoire-naturelle-eng_leclerc-georges-louis-_1785_8,620,0.00024,junk,,,,
ia_bim_eighteenth-century_histoire-naturelle-eng_leclerc-georges-louis-_1785_8,621,0.9715,non_junk,non_divine_teleology,0.00704,0.98428,0.00868
ia_bim_eighteenth-century_histoire-naturelle-eng_leclerc-georges-louis-_1785_8,622,0.01983,junk,,,,
ia_bim_eighteenth-century_histoire-naturelle-eng_leclerc-georges-louis-_1785_8,623,0.00018,junk,,,,
ia_bim_eighteenth-century_histoire-naturelle-eng_leclerc-georges-louis-_1785_8,624,0.02711,junk,,,,
ia_bim_eighteenth-century_histoire-naturelle-eng_leclerc-georges-louis-_1785_8,625,0.00142,junk,,,,
ia_bim_eighteenth-century_histoire-naturelle-eng_leclerc-georges-louis-_1785_8,626,0.02064,junk,,,,
ia_bim_eighteenth-century_histoire-naturelle-eng_leclerc-georges-louis-_1785_8,627,0.0003,junk,,,,
ia_bim_eighteenth-century_histoire-naturelle-eng_leclerc-georges-louis-_1785_8,628,0.00143,junk,,,,
ia_bim_eighteenth-century_histoire-naturelle-eng_leclerc-georges-louis-_1785_8,629,0.00041,junk,,,,
ia_bim_eighteenth-century_histoire-naturelle-eng_leclerc-georges-louis-_1785_8,630,6e-05,junk,,,,
ia_bim_eighteenth-century_histoire-naturelle-eng_leclerc-georges-louis-_1785_8,631,0.04414,junk,,,,
ia_bim_eighteenth-century_histoire-naturelle-eng_leclerc-georges-louis-_1785_8,632,0.07968,junk,,,,
ia_bim_eighteenth-century_histoire-naturelle-eng_leclerc-georges-louis-_1785_8,633,0.01246,junk,,,,
ia_bim_eighteenth-century_histoire-naturelle-eng_leclerc-georges-louis-_1785_8,634,0.2582,junk,,,,
ia_bim_eighteenth-century_histoire-naturelle-eng_leclerc-georges-louis-_1785_8,635,0.00033,junk,,,,
ia_bim_eighteenth-century_histoire-naturelle-eng_leclerc-georges-louis-_1785_8,636,0.07201,junk,,,,
ia_bim_eighteenth-century_histoire-naturelle-eng_leclerc-georges-louis-_1785_8,637,0.01172,junk,,,,
ia_bim_eighteenth-century_histoire-naturelle-eng_leclerc-georges-louis-_1785_8,638,0.86358,non_junk,non_divine_teleology,0.00796,0.863,0.12905
ia_bim_eighteenth-century_histoire-naturelle-eng_leclerc-georges-louis-_1785_8,639,0.0273,junk,,,,
ia_bim_eighteenth-century_histoire-naturelle-eng_leclerc-georges-louis-_1785_8,640,0.00029,junk,,,,
ia_bim_eighteenth-century_histoire-naturelle-eng_leclerc-georges-louis-_1785_8,641,0.00179,junk,,,,
ia_bim_eighteenth-century_histoire-naturelle-eng_leclerc-georges-louis-_1785_8,642,0.37368,junk,,,,
ia_bim_eighteenth-century_histoire-naturelle-eng_leclerc-georges-louis-_1785_8,643,0.05766,junk,,,,
ia_bim_eighteenth-century_histoire-naturelle-eng_leclerc-georges-louis-_1785_8,644,0.00327,junk,,,,
ia_bim_eighteenth-century_histoire-naturelle-eng_leclerc-georges-louis-_1785_8,645,0.00287,junk,,,,
ia_bim_eighteenth-century_histoire-naturelle-eng_leclerc-georges-louis-_1785_8,646,0.00535,junk,,,,
ia_bim_eighteenth-century_histoire-naturelle-eng_leclerc-georges-louis-_1785_8,647,0.00057,junk,,,,
ia_bim_eighteenth-century_histoire-naturelle-eng_leclerc-georges-louis-_1785_8,648,0.00253,junk,,,,
ia_bim_eighteenth-century_histoire-naturelle-eng_leclerc-georges-louis-_1785_8,649,0.97721,non_junk,non_divine_teleology,0.02131,0.92405,0.05465
ia_bim_eighteenth-century_histoire-naturelle-eng_leclerc-georges-louis-_1785_8,650,0.54537,non_junk,non_divine_teleology,0.00829,0.79565,0.19606
ia_bim_eighteenth-century_histoire-naturelle-eng_leclerc-georges-louis-_1785_8,651,0.00087,junk,,,,
ia_bim_eighteenth-century_histoire-naturelle-eng_leclerc-georges-louis-_1785_8,652,0.00237,junk,,,,
ia_bim_eighteenth-century_histoire-naturelle-eng_leclerc-georges-louis-_1785_8,653,0.80379,non_junk,non_divine_teleology,0.01021,0.85238,0.13741
ia_bim_eighteenth-century_histoire-naturelle-eng_leclerc-georges-louis-_1785_8,654,0.00065,junk,,,,
ia_bim_eighteenth-century_histoire-naturelle-eng_leclerc-georges-louis-_1785_8,655,0.91808,non_junk,non_divine_teleology,0.00296,0.94998,0.04706
ia_bim_eighteenth-century_histoire-naturelle-eng_leclerc-georges-louis-_1785_8,656,0.0027,junk,,,,
ia_bim_eighteenth-century_histoire-naturelle-eng_leclerc-georges-louis-_1785_8,657,0.00072,junk,,,,
ia_bim_eighteenth-century_histoire-naturelle-eng_leclerc-georges-louis-_1785_8,658,0.00363,junk,,,,
ia_bim_eighteenth-century_histoire-naturelle-eng_leclerc-georges-louis-_1785_8,659,0.00247,junk,,,,
ia_bim_eighteenth-century_histoire-naturelle-eng_leclerc-georges-louis-_1785_8,660,0.01997,junk,,,,
ia_bim_eighteenth-century_histoire-naturelle-eng_leclerc-georges-louis-_1785_8,661,0.0001,junk,,,,
ia_bim_eighteenth-century_histoire-naturelle-eng_leclerc-georges-louis-_1785_8,662,0.00039,junk,,,,
ia_bim_eighteenth-century_histoire-naturelle-eng_leclerc-georges-louis-_1785_8,663,0.00049,junk,,,,
ia_bim_eighteenth-century_histoire-naturelle-eng_leclerc-georges-louis-_1785_8,664,0.35778,junk,,,,
ia_bim_eighteenth-century_histoire-naturelle-eng_leclerc-georges-louis-_1785_8,665,0.05906,junk,,,,
ia_bim_eighteenth-century_histoire-naturelle-eng_leclerc-georges-louis-_1785_8,666,0.28473,junk,,,,
ia_bim_eighteenth-century_histoire-naturelle-eng_leclerc-georges-louis-_1785_8,667,0.14918,junk,,,,
ia_bim_eighteenth-century_histoire-naturelle-eng_leclerc-georges-louis-_1785_8,668,0.01394,junk,,,,
ia_bim_eighteenth-century_histoire-naturelle-eng_leclerc-georges-louis-_1785_8,669,0.01636,junk,,,,
ia_bim_eighteenth-century_histoire-naturelle-eng_leclerc-georges-louis-_1785_8,670,0.03107,junk,,,,
ia_bim_eighteenth-century_histoire-naturelle-eng_leclerc-georges-louis-_1785_8,671,0.01221,junk,,,,
ia_bim_eighteenth-century_histoire-naturelle-eng_leclerc-georges-louis-_1785_8,672,0.2351,junk,,,,
ia_bim_eighteenth-century_histoire-naturelle-eng_leclerc-georges-louis-_1785_8,673,0.93023,non_junk,non_divine_teleology,0.01588,0.92921,0.05491
ia_bim_eighteenth-century_histoire-naturelle-eng_leclerc-georges-louis-_1785_8,674,0.00443,junk,,,,
ia_bim_eighteenth-century_histoire-naturelle-eng_leclerc-georges-louis-_1785_8,675,0.22948,junk,,,,
ia_bim_eighteenth-century_histoire-naturelle-eng_leclerc-georges-louis-_1785_8,676,0.00074,junk,,,,
ia_bim_eighteenth-century_histoire-naturelle-eng_leclerc-georges-louis-_1785_8,677,0.0573,junk,,,,
ia_bim_eighteenth-century_histoire-naturelle-eng_leclerc-georges-louis-_1785_8,678,0.00342,junk,,,,
ia_bim_eighteenth-century_histoire-naturelle-eng_leclerc-georges-louis-_1785_8,679,0.24225,junk,,,,
ia_bim_eighteenth-century_histoire-naturelle-eng_leclerc-georges-louis-_1785_8,680,0.43531,junk,,,,
ia_bim_eighteenth-century_histoire-naturelle-eng_leclerc-georges-louis-_1785_8,681,0.02418,junk,,,,
ia_bim_eighteenth-century_histoire-naturelle-eng_leclerc-georges-louis-_1785_8,682,0.04681,junk,,,,
ia_bim_eighteenth-century_histoire-naturelle-eng_leclerc-georges-louis-_1785_8,683,0.01281,junk,,,,
ia_bim_eighteenth-century_histoire-naturelle-eng_leclerc-georges-louis-_1785_8,684,0.00242,junk,,,,
ia_bim_eighteenth-century_histoire-naturelle-eng_leclerc-georges-louis-_1785_8,685,0.04049,junk,,,,
ia_bim_eighteenth-century_histoire-naturelle-eng_leclerc-georges-louis-_1785_8,686,0.00027,junk,,,,
ia_bim_eighteenth-century_histoire-naturelle-eng_leclerc-georges-louis-_1785_8,687,0.0047,junk,,,,
ia_bim_eighteenth-century_histoire-naturelle-eng_leclerc-georges-louis-_1785_8,688,0.52455,non_junk,non_divine_teleology,0.01316,0.65323,0.33361
ia_bim_eighteenth-century_histoire-naturelle-eng_leclerc-georges-louis-_1785_8,689,0.6747,non_junk,non_divine_teleology,0.01924,0.54992,0.43084
ia_bim_eighteenth-century_histoire-naturelle-eng_leclerc-georges-louis-_1785_8,690,0.01259,junk,,,,
ia_bim_eighteenth-century_histoire-naturelle-eng_leclerc-georges-louis-_1785_8,691,0.00114,junk,,,,
ia_bim_eighteenth-century_histoire-naturelle-eng_leclerc-georges-louis-_1785_8,692,0.01296,junk,,,,
ia_bim_eighteenth-century_histoire-naturelle-eng_leclerc-georges-louis-_1785_8,693,0.00547,junk,,,,
ia_bim_eighteenth-century_histoire-naturelle-eng_leclerc-georges-louis-_1785_8,694,0.00308,junk,,,,
ia_bim_eighteenth-century_histoire-naturelle-eng_leclerc-georges-louis-_1785_8,695,0.00252,junk,,,,
ia_bim_eighteenth-century_histoire-naturelle-eng_leclerc-georges-louis-_1785_8,696,0.00259,junk,,,,
ia_bim_eighteenth-century_histoire-naturelle-eng_leclerc-georges-louis-_1785_8,697,0.00361,junk,,,,
ia_bim_eighteenth-century_histoire-naturelle-eng_leclerc-georges-louis-_1785_8,698,0.98851,non_junk,non_divine_teleology,0.00451,0.9859,0.00959
ia_bim_eighteenth-century_histoire-naturelle-eng_leclerc-georges-louis-_1785_8,699,0.0037,junk,,,,
ia_bim_eighteenth-century_histoire-naturelle-eng_leclerc-georges-louis-_1785_8,700,0.57016,non_junk,non_divine_teleology,0.00452,0.89029,0.10519
ia_bim_eighteenth-century_histoire-naturelle-eng_leclerc-georges-louis-_1785_8,701,0.00242,junk,,,,
ia_bim_eighteenth-century_histoire-naturelle-eng_leclerc-georges-louis-_1785_8,702,0.01947,junk,,,,
ia_bim_eighteenth-century_histoire-naturelle-eng_leclerc-georges-louis-_1785_8,703,0.00287,junk,,,,
ia_bim_eighteenth-century_histoire-naturelle-eng_leclerc-georges-louis-_1785_8,704,0.11612,junk,,,,
ia_bim_eighteenth-century_histoire-naturelle-eng_leclerc-georges-louis-_1785_8,705,0.15743,junk,,,,
ia_bim_eighteenth-century_histoire-naturelle-eng_leclerc-georges-louis-_1785_8,706,0.0154,junk,,,,
ia_bim_eighteenth-century_histoire-naturelle-eng_leclerc-georges-louis-_1785_8,707,0.56312,non_junk,non_divine_teleology,0.00619,0.96565,0.02816
ia_bim_eighteenth-century_histoire-naturelle-eng_leclerc-georges-louis-_1785_8,708,0.00107,junk,,,,
ia_bim_eighteenth-century_histoire-naturelle-eng_leclerc-georges-louis-_1785_8,709,0.00465,junk,,,,
ia_bim_eighteenth-century_histoire-naturelle-eng_leclerc-georges-louis-_1785_8,710,0.0072,junk,,,,
ia_bim_eighteenth-century_histoire-naturelle-eng_leclerc-georges-louis-_1785_8,711,0.01694,junk,,,,
ia_bim_eighteenth-century_histoire-naturelle-eng_leclerc-georges-louis-_1785_8,712,0.00055,junk,,,,
ia_bim_eighteenth-century_histoire-naturelle-eng_leclerc-georges-louis-_1785_8,713,0.0001,junk,,,,
ia_bim_eighteenth-century_histoire-naturelle-eng_leclerc-georges-louis-_1785_8,714,0.002,junk,,,,
ia_bim_eighteenth-century_histoire-naturelle-eng_leclerc-georges-louis-_1785_8,715,0.00178,junk,,,,
ia_bim_eighteenth-century_histoire-naturelle-eng_leclerc-georges-louis-_1785_8,716,0.03467,junk,,,,
ia_bim_eighteenth-century_histoire-naturelle-eng_leclerc-georges-louis-_1785_8,717,0.03467,junk,,,,
ia_bim_eighteenth-century_histoire-naturelle-eng_leclerc-georges-louis-_1785_8,718,0.00126,junk,,,,
ia_bim_eighteenth-century_histoire-naturelle-eng_leclerc-georges-louis-_1785_8,719,0.05363,junk,,,,
ia_bim_eighteenth-century_histoire-naturelle-eng_leclerc-georges-louis-_1785_8,720,0.00127,junk,,,,
ia_bim_eighteenth-century_histoire-naturelle-eng_leclerc-georges-louis-_1785_8,721,0.01548,junk,,,,
ia_bim_eighteenth-century_histoire-naturelle-eng_leclerc-georges-louis-_1785_8,722,0.00204,junk,,,,
ia_bim_eighteenth-century_histoire-naturelle-eng_leclerc-georges-louis-_1785_8,723,0.01942,junk,,,,
ia_bim_eighteenth-century_histoire-naturelle-eng_leclerc-georges-louis-_1785_8,724,0.00011,junk,,,,
ia_bim_eighteenth-century_histoire-naturelle-eng_leclerc-georges-louis-_1785_8,725,0.01255,junk,,,,
ia_bim_eighteenth-century_histoire-naturelle-eng_leclerc-georges-louis-_1785_8,726,0.00021,junk,,,,
ia_bim_eighteenth-century_histoire-naturelle-eng_leclerc-georges-louis-_1785_8,727,0.00061,junk,,,,
ia_bim_eighteenth-century_histoire-naturelle-eng_leclerc-georges-louis-_1785_8,728,0.00294,junk,,,,
ia_bim_eighteenth-century_histoire-naturelle-eng_leclerc-georges-louis-_1785_8,729,0.00035,junk,,,,
ia_bim_eighteenth-century_histoire-naturelle-eng_leclerc-georges-louis-_1785_8,730,0.01593,junk,,,,
ia_bim_eighteenth-century_histoire-naturelle-eng_leclerc-georges-louis-_1785_8,731,0.00061,junk,,,,
ia_bim_eighteenth-century_histoire-naturelle-eng_leclerc-georges-louis-_1785_8,732,0.00017,junk,,,,
ia_bim_eighteenth-century_histoire-naturelle-eng_leclerc-georges-louis-_1785_8,733,0.00095,junk,,,,
ia_bim_eighteenth-century_histoire-naturelle-eng_leclerc-georges-louis-_1785_8,734,0.00073,junk,,,,
ia_bim_eighteenth-century_histoire-naturelle-eng_leclerc-georges-louis-_1785_8,735,0.00012,junk,,,,
ia_bim_eighteenth-century_histoire-naturelle-eng_leclerc-georges-louis-_1785_8,736,0.00143,junk,,,,
ia_bim_eighteenth-century_histoire-naturelle-eng_leclerc-georges-louis-_1785_8,737,0.00311,junk,,,,
ia_bim_eighteenth-century_histoire-naturelle-eng_leclerc-georges-louis-_1785_8,738,0.00021,junk,,,,
ia_bim_eighteenth-century_histoire-naturelle-eng_leclerc-georges-louis-_1785_8,739,0.0007,junk,,,,
ia_bim_eighteenth-century_histoire-naturelle-eng_leclerc-georges-louis-_1785_8,740,6e-05,junk,,,,
ia_bim_eighteenth-century_histoire-naturelle-eng_leclerc-georges-louis-_1785_8,741,0.00326,junk,,,,
ia_bim_eighteenth-century_histoire-naturelle-eng_leclerc-georges-louis-_1785_8,742,0.00269,junk,,,,
ia_bim_eighteenth-century_histoire-naturelle-eng_leclerc-georges-louis-_1785_8,743,0.0016,junk,,,,
ia_bim_eighteenth-century_histoire-naturelle-eng_leclerc-georges-louis-_1785_8,744,2e-05,junk,,,,
ia_bim_eighteenth-century_histoire-naturelle-eng_leclerc-georges-louis-_1785_8,745,0.02266,junk,,,,
ia_bim_eighteenth-century_histoire-naturelle-eng_leclerc-georges-louis-_1785_8,746,0.00028,junk,,,,
ia_bim_eighteenth-century_histoire-naturelle-eng_leclerc-georges-louis-_1785_8,747,0.00015,junk,,,,
ia_bim_eighteenth-century_histoire-naturelle-eng_leclerc-georges-louis-_1785_8,748,0.00024,junk,,,,
ia_bim_eighteenth-century_histoire-naturelle-eng_leclerc-georges-louis-_1785_8,749,0.00628,junk,,,,
ia_bim_eighteenth-century_histoire-naturelle-eng_leclerc-georges-louis-_1785_8,750,0.00024,junk,,,,
ia_bim_eighteenth-century_histoire-naturelle-eng_leclerc-georges-louis-_1785_8,751,0.00018,junk,,,,
ia_bim_eighteenth-century_histoire-naturelle-eng_leclerc-georges-louis-_1785_8,752,0.00076,junk,,,,
ia_bim_eighteenth-century_histoire-naturelle-eng_leclerc-georges-louis-_1785_8,753,0.00464,junk,,,,
ia_bim_eighteenth-century_histoire-naturelle-eng_leclerc-georges-louis-_1785_8,754,0.01325,junk,,,,
ia_bim_eighteenth-century_histoire-naturelle-eng_leclerc-georges-louis-_1785_8,755,0.00275,junk,,,,
ia_bim_eighteenth-century_histoire-naturelle-eng_leclerc-georges-louis-_1785_8,756,3e-05,junk,,,,
ia_bim_eighteenth-century_histoire-naturelle-eng_leclerc-georges-louis-_1785_8,757,0.03467,junk,,,,
ia_bim_eighteenth-century_histoire-naturelle-eng_leclerc-georges-louis-_1785_8,758,0.00039,junk,,,,
ia_bim_eighteenth-century_histoire-naturelle-eng_leclerc-georges-louis-_1785_8,759,0.00158,junk,,,,
ia_bim_eighteenth-century_histoire-naturelle-eng_leclerc-georges-louis-_1785_8,760,0.00014,junk,,,,
ia_bim_eighteenth-century_histoire-naturelle-eng_leclerc-georges-louis-_1785_8,761,0.03467,junk,,,,
ia_bim_eighteenth-century_histoire-naturelle-eng_leclerc-georges-louis-_1785_8,762,0.00688,junk,,,,
ia_bim_eighteenth-century_histoire-naturelle-eng_leclerc-georges-louis-_1785_8,763,0.00297,junk,,,,
ia_bim_eighteenth-century_histoire-naturelle-eng_leclerc-georges-louis-_1785_8,764,4e-05,junk,,,,
ia_bim_eighteenth-century_histoire-naturelle-eng_leclerc-georges-louis-_1785_8,765,0.04002,junk,,,,
ia_bim_eighteenth-century_histoire-naturelle-eng_leclerc-georges-louis-_1785_8,766,0.00041,junk,,,,
ia_bim_eighteenth-century_histoire-naturelle-eng_leclerc-georges-louis-_1785_8,767,0.0002,junk,,,,
ia_bim_eighteenth-century_histoire-naturelle-eng_leclerc-georges-louis-_1785_8,768,0.00472,junk,,,,
ia_bim_eighteenth-century_histoire-naturelle-eng_leclerc-georges-louis-_1785_8,769,0.00055,junk,,,,
ia_bim_eighteenth-century_histoire-naturelle-eng_leclerc-georges-louis-_1785_8,770,0.00539,junk,,,,
ia_bim_eighteenth-century_histoire-naturelle-eng_leclerc-georges-louis-_1785_8,771,0.00539,junk,,,,
ia_bim_eighteenth-century_histoire-naturelle-eng_leclerc-georges-louis-_1785_8,772,0.00952,junk,,,,
ia_bim_eighteenth-century_histoire-naturelle-eng_leclerc-georges-louis-_1785_8,773,0.00151,junk,,,,
ia_bim_eighteenth-century_histoire-naturelle-eng_leclerc-georges-louis-_1785_8,774,0.00078,junk,,,,
ia_bim_eighteenth-century_histoire-naturelle-eng_leclerc-georges-louis-_1785_8,775,0.00171,junk,,,,
ia_bim_eighteenth-century_histoire-naturelle-eng_leclerc-georges-louis-_1785_8,776,0.00446,junk,,,,
ia_bim_eighteenth-century_histoire-naturelle-eng_leclerc-georges-louis-_1785_8,777,0.01392,junk,,,,
ia_bim_eighteenth-century_histoire-naturelle-eng_leclerc-georges-louis-_1785_8,778,0.01715,junk,,,,
ia_bim_eighteenth-century_histoire-naturelle-eng_leclerc-georges-louis-_1785_8,779,0.0073,junk,,,,
ia_bim_eighteenth-century_histoire-naturelle-eng_leclerc-georges-louis-_1785_8,780,0.00051,junk,,,,
ia_bim_eighteenth-century_histoire-naturelle-eng_leclerc-georges-louis-_1785_8,781,0.00127,junk,,,,
ia_bim_eighteenth-century_histoire-naturelle-eng_leclerc-georges-louis-_1785_8,782,0.00315,junk,,,,
ia_bim_eighteenth-century_histoire-naturelle-eng_leclerc-georges-louis-_1785_8,783,0.00366,junk,,,,
ia_bim_eighteenth-century_histoire-naturelle-eng_leclerc-georges-louis-_1785_8,784,0.00306,junk,,,,
ia_bim_eighteenth-century_histoire-naturelle-eng_leclerc-georges-louis-_1785_8,785,0.26487,junk,,,,
ia_bim_eighteenth-century_histoire-naturelle-eng_leclerc-georges-louis-_1785_8,786,0.00296,junk,,,,
ia_bim_eighteenth-century_histoire-naturelle-eng_leclerc-georges-louis-_1785_8,787,0.00059,junk,,,,
ia_bim_eighteenth-century_histoire-naturelle-eng_leclerc-georges-louis-_1785_8,788,0.00174,junk,,,,
ia_bim_eighteenth-century_histoire-naturelle-eng_leclerc-georges-louis-_1785_8,789,0.00396,junk,,,,
ia_bim_eighteenth-century_histoire-naturelle-eng_leclerc-georges-louis-_1785_8,790,0.59805,non_junk,internal_essence,0.00376,0.35661,0.63962
ia_bim_eighteenth-century_histoire-naturelle-eng_leclerc-georges-louis-_1785_8,791,0.02314,junk,,,,
ia_bim_eighteenth-century_histoire-naturelle-eng_leclerc-georges-louis-_1785_8,792,0.00286,junk,,,,
ia_bim_eighteenth-century_histoire-naturelle-eng_leclerc-georges-louis-_1785_8,793,0.00016,junk,,,,
ia_bim_eighteenth-century_histoire-naturelle-eng_leclerc-georges-louis-_1785_8,794,0.00505,junk,,,,
ia_bim_eighteenth-century_histoire-naturelle-eng_leclerc-georges-louis-_1785_8,795,0.00108,junk,,,,
ia_bim_eighteenth-century_histoire-naturelle-eng_leclerc-georges-louis-_1785_8,796,0.27943,junk,,,,
ia_bim_eighteenth-century_histoire-naturelle-eng_leclerc-georges-louis-_1785_8,797,0.00021,junk,,,,
ia_bim_eighteenth-century_histoire-naturelle-eng_leclerc-georges-louis-_1785_8,798,0.00311,junk,,,,
ia_bim_eighteenth-century_histoire-naturelle-eng_leclerc-georges-louis-_1785_8,799,0.00025,junk,,,,
ia_bim_eighteenth-century_histoire-naturelle-eng_leclerc-georges-louis-_1785_8,800,0.00091,junk,,,,
ia_bim_eighteenth-century_histoire-naturelle-eng_leclerc-georges-louis-_1785_8,801,0.04447,junk,,,,
ia_bim_eighteenth-century_histoire-naturelle-eng_leclerc-georges-louis-_1785_8,802,0.00061,junk,,,,
ia_bim_eighteenth-century_histoire-naturelle-eng_leclerc-georges-louis-_1785_8,803,0.0019,junk,,,,
ia_bim_eighteenth-century_histoire-naturelle-eng_leclerc-georges-louis-_1785_8,804,4e-05,junk,,,,
ia_bim_eighteenth-century_histoire-naturelle-eng_leclerc-georges-louis-_1785_8,805,0.00107,junk,,,,
ia_bim_eighteenth-century_histoire-naturelle-eng_leclerc-georges-louis-_1785_8,806,0.00111,junk,,,,
ia_bim_eighteenth-century_histoire-naturelle-eng_leclerc-georges-louis-_1785_8,807,0.03409,junk,,,,
ia_bim_eighteenth-century_histoire-naturelle-eng_leclerc-georges-louis-_1785_8,808,0.0012,junk,,,,
ia_bim_eighteenth-century_histoire-naturelle-eng_leclerc-georges-louis-_1785_8,809,5e-05,junk,,,,
ia_bim_eighteenth-century_histoire-naturelle-eng_leclerc-georges-louis-_1785_8,810,0.00012,junk,,,,
ia_bim_eighteenth-century_histoire-naturelle-eng_leclerc-georges-louis-_1785_8,811,1e-05,junk,,,,
ia_bim_eighteenth-century_histoire-naturelle-eng_leclerc-georges-louis-_1785_8,812,0.12862,junk,,,,
ia_bim_eighteenth-century_histoire-naturelle-eng_leclerc-georges-louis-_1785_8,813,0.0041,junk,,,,
ia_bim_eighteenth-century_histoire-naturelle-eng_leclerc-georges-louis-_1785_8,814,0.00814,junk,,,,
ia_bim_eighteenth-century_histoire-naturelle-eng_leclerc-georges-louis-_1785_8,815,0.07296,junk,,,,
ia_bim_eighteenth-century_histoire-naturelle-eng_leclerc-georges-louis-_1785_8,816,0.71532,non_junk,non_divine_teleology,0.01874,0.89458,0.08668
ia_bim_eighteenth-century_histoire-naturelle-eng_leclerc-georges-louis-_1785_8,817,0.00062,junk,,,,
ia_bim_eighteenth-century_histoire-naturelle-eng_leclerc-georges-louis-_1785_8,818,0.00157,junk,,,,
ia_bim_eighteenth-century_histoire-naturelle-eng_leclerc-georges-louis-_1785_8,819,0.00051,junk,,,,
ia_bim_eighteenth-century_histoire-naturelle-eng_leclerc-georges-louis-_1785_8,820,0.00083,junk,,,,
ia_bim_eighteenth-century_histoire-naturelle-eng_leclerc-georges-louis-_1785_8,821,0.01257,junk,,,,
ia_bim_eighteenth-century_histoire-naturelle-eng_leclerc-georges-louis-_1785_8,822,0.00044,junk,,,,
ia_bim_eighteenth-century_histoire-naturelle-eng_leclerc-georges-louis-_1785_8,823,0.00895,junk,,,,
ia_bim_eighteenth-century_histoire-naturelle-eng_leclerc-georges-louis-_1785_8,824,0.00047,junk,,,,
ia_bim_eighteenth-century_histoire-naturelle-eng_leclerc-georges-louis-_1785_8,825,0.00016,junk,,,,
ia_bim_eighteenth-century_histoire-naturelle-eng_leclerc-georges-louis-_1785_8,826,0.00293,junk,,,,
ia_bim_eighteenth-century_histoire-naturelle-eng_leclerc-georges-louis-_1785_8,827,0.04965,junk,,,,
ia_bim_eighteenth-century_histoire-naturelle-eng_leclerc-georges-louis-_1785_8,828,0.36175,junk,,,,
ia_bim_eighteenth-century_histoire-naturelle-eng_leclerc-georges-louis-_1785_8,829,0.05294,junk,,,,
ia_bim_eighteenth-century_histoire-naturelle-eng_leclerc-georges-louis-_1785_8,830,0.10252,junk,,,,
ia_bim_eighteenth-century_histoire-naturelle-eng_leclerc-georges-louis-_1785_8,831,0.00462,junk,,,,
ia_bim_eighteenth-century_histoire-naturelle-eng_leclerc-georges-louis-_1785_8,832,0.17862,junk,,,,
ia_bim_eighteenth-century_histoire-naturelle-eng_leclerc-georges-louis-_1785_8,833,0.08353,junk,,,,
ia_bim_eighteenth-century_histoire-naturelle-eng_leclerc-georges-louis-_1785_8,834,0.22802,junk,,,,
ia_bim_eighteenth-century_histoire-naturelle-eng_leclerc-georges-louis-_1785_8,835,0.01101,junk,,,,
ia_bim_eighteenth-century_histoire-naturelle-eng_leclerc-georges-louis-_1785_8,836,0.04885,junk,,,,
ia_bim_eighteenth-century_histoire-naturelle-eng_leclerc-georges-louis-_1785_8,837,0.00462,junk,,,,
ia_bim_eighteenth-century_histoire-naturelle-eng_leclerc-georges-louis-_1785_8,838,0.17862,junk,,,,
ia_bim_eighteenth-century_histoire-naturelle-eng_leclerc-georges-louis-_1785_8,839,0.08353,junk,,,,
ia_bim_eighteenth-century_histoire-naturelle-eng_leclerc-georges-louis-_1785_8,840,0.22802,junk,,,,
ia_bim_eighteenth-century_histoire-naturelle-eng_leclerc-georges-louis-_1785_8,841,0.01101,junk,,,,
ia_bim_eighteenth-century_histoire-naturelle-eng_leclerc-georges-louis-_1785_8,842,0.04885,junk,,,,
ia_bim_eighteenth-century_histoire-naturelle-eng_leclerc-georges-louis-_1785_8,843,0.00416,junk,,,,
ia_bim_eighteenth-century_histoire-naturelle-eng_leclerc-georges-louis-_1785_8,844,0.0679,junk,,,,
ia_bim_eighteenth-century_histoire-naturelle-eng_leclerc-georges-louis-_1785_8,845,0.28606,junk,,,,
ia_bim_eighteenth-century_histoire-naturelle-eng_leclerc-georges-louis-_1785_8,846,0.00364,junk,,,,
ia_bim_eighteenth-century_histoire-naturelle-eng_leclerc-georges-louis-_1785_8,847,0.06504,junk,,,,
ia_bim_eighteenth-century_histoire-naturelle-eng_leclerc-georges-louis-_1785_8,848,0.36328,junk,,,,
ia_bim_eighteenth-century_histoire-naturelle-eng_leclerc-georges-louis-_1785_8,849,0.86913,non_junk,non_divine_teleology,0.00096,0.9928,0.00624
ia_bim_eighteenth-century_histoire-naturelle-eng_leclerc-georges-louis-_1785_8,850,0.0048,junk,,,,
ia_bim_eighteenth-century_histoire-naturelle-eng_leclerc-georges-louis-_1785_8,851,0.83138,non_junk,non_divine_teleology,0.00197,0.97062,0.02741
ia_bim_eighteenth-century_histoire-naturelle-eng_leclerc-georges-louis-_1785_8,852,0.00045,junk,,,,
ia_bim_eighteenth-century_histoire-naturelle-eng_leclerc-georges-louis-_1785_8,853,0.11485,junk,,,,
ia_bim_eighteenth-century_histoire-naturelle-eng_leclerc-georges-louis-_1785_8,854,0.00012,junk,,,,
ia_bim_eighteenth-century_histoire-naturelle-eng_leclerc-georges-louis-_1785_8,855,0.0252,junk,,,,
ia_bim_eighteenth-century_histoire-naturelle-eng_leclerc-georges-louis-_1785_8,856,0.00033,junk,,,,
ia_bim_eighteenth-century_histoire-naturelle-eng_leclerc-georges-louis-_1785_8,857,0.00033,junk,,,,
ia_bim_eighteenth-century_histoire-naturelle-eng_leclerc-georges-louis-_1785_8,858,0.09023,junk,,,,
ia_bim_eighteenth-century_histoire-naturelle-eng_leclerc-georges-louis-_1785_8,859,0.00652,junk,,,,
ia_bim_eighteenth-century_histoire-naturelle-eng_leclerc-georges-louis-_1785_8,860,0.00405,junk,,,,
ia_bim_eighteenth-century_histoire-naturelle-eng_leclerc-georges-louis-_1785_8,861,0.00014,junk,,,,
ia_bim_eighteenth-century_histoire-naturelle-eng_leclerc-georges-louis-_1785_8,862,0.00128,junk,,,,
ia_bim_eighteenth-century_histoire-naturelle-eng_leclerc-georges-louis-_1785_8,863,0.00509,junk,,,,
ia_bim_eighteenth-century_histoire-naturelle-eng_leclerc-georges-louis-_1785_8,864,0.00216,junk,,,,
ia_bim_eighteenth-century_histoire-naturelle-eng_leclerc-georges-louis-_1785_8,865,8e-05,junk,,,,
ia_bim_eighteenth-century_histoire-naturelle-eng_leclerc-georges-louis-_1785_8,866,0.00481,junk,,,,
ia_bim_eighteenth-century_histoire-naturelle-eng_leclerc-georges-louis-_1785_8,867,0.00187,junk,,,,
ia_bim_eighteenth-century_histoire-naturelle-eng_leclerc-georges-louis-_1785_8,868,0.01817,junk,,,,
ia_bim_eighteenth-century_histoire-naturelle-eng_leclerc-georges-louis-_1785_8,869,0.00038,junk,,,,
ia_bim_eighteenth-century_histoire-naturelle-eng_leclerc-georges-louis-_1785_8,870,0.00144,junk,,,,
ia_bim_eighteenth-century_histoire-naturelle-eng_leclerc-georges-louis-_1785_8,871,0.00129,junk,,,,
ia_bim_eighteenth-century_histoire-naturelle-eng_leclerc-georges-louis-_1785_8,872,0.52222,non_junk,non_divine_teleology,0.00352,0.975,0.02148
ia_bim_eighteenth-century_histoire-naturelle-eng_leclerc-georges-louis-_1785_8,873,0.00127,junk,,,,
ia_bim_eighteenth-century_histoire-naturelle-eng_leclerc-georges-louis-_1785_8,874,0.00592,junk,,,,
ia_bim_eighteenth-century_histoire-naturelle-eng_leclerc-georges-louis-_1785_8,875,0.00083,junk,,,,
ia_bim_eighteenth-century_histoire-naturelle-eng_leclerc-georges-louis-_1785_8,876,0.00043,junk,,,,
ia_bim_eighteenth-century_histoire-naturelle-eng_leclerc-georges-louis-_1785_8,877,0.00188,junk,,,,
ia_bim_eighteenth-century_histoire-naturelle-eng_leclerc-georges-louis-_1785_8,878,1e-05,junk,,,,
ia_bim_eighteenth-century_histoire-naturelle-eng_leclerc-georges-louis-_1785_8,879,0.00385,junk,,,,
ia_bim_eighteenth-century_histoire-naturelle-eng_leclerc-georges-louis-_1785_8,880,0.25011,junk,,,,
ia_bim_eighteenth-century_histoire-naturelle-eng_leclerc-georges-louis-_1785_8,881,0.00168,junk,,,,
ia_bim_eighteenth-century_histoire-naturelle-eng_leclerc-georges-louis-_1785_8,882,0.01677,junk,,,,
ia_bim_eighteenth-century_histoire-naturelle-eng_leclerc-georges-louis-_1785_8,883,0.00045,junk,,,,
ia_bim_eighteenth-century_histoire-naturelle-eng_leclerc-georges-louis-_1785_8,884,0.00584,junk,,,,
ia_bim_eighteenth-century_histoire-naturelle-eng_leclerc-georges-louis-_1785_8,885,0.00011,junk,,,,
ia_bim_eighteenth-century_histoire-naturelle-eng_leclerc-georges-louis-_1785_8,886,0.04033,junk,,,,
ia_bim_eighteenth-century_histoire-naturelle-eng_leclerc-georges-louis-_1785_8,887,0.00913,junk,,,,
ia_bim_eighteenth-century_histoire-naturelle-eng_leclerc-georges-louis-_1785_8,888,0.00021,junk,,,,
ia_bim_eighteenth-century_histoire-naturelle-eng_leclerc-georges-louis-_1785_8,889,0.00037,junk,,,,
ia_bim_eighteenth-century_histoire-naturelle-eng_leclerc-georges-louis-_1785_8,890,0.00086,junk,,,,
ia_bim_eighteenth-century_histoire-naturelle-eng_leclerc-georges-louis-_1785_8,891,0.00022,junk,,,,
ia_bim_eighteenth-century_histoire-naturelle-eng_leclerc-georges-louis-_1785_8,892,0.01258,junk,,,,
ia_bim_eighteenth-century_histoire-naturelle-eng_leclerc-georges-louis-_1785_8,893,0.07196,junk,,,,
ia_bim_eighteenth-century_histoire-naturelle-eng_leclerc-georges-louis-_1785_8,894,0.0028,junk,,,,
ia_bim_eighteenth-century_histoire-naturelle-eng_leclerc-georges-louis-_1785_8,895,0.00056,junk,,,,
ia_bim_eighteenth-century_histoire-naturelle-eng_leclerc-georges-louis-_1785_8,896,2e-05,junk,,,,
ia_bim_eighteenth-century_histoire-naturelle-eng_leclerc-georges-louis-_1785_8,897,0.00089,junk,,,,
ia_bim_eighteenth-century_histoire-naturelle-eng_leclerc-georges-louis-_1785_8,898,0.00319,junk,,,,
ia_bim_eighteenth-century_histoire-naturelle-eng_leclerc-georges-louis-_1785_8,899,0.15303,junk,,,,
ia_bim_eighteenth-century_histoire-naturelle-eng_leclerc-georges-louis-_1785_8,900,0.00033,junk,,,,
ia_bim_eighteenth-century_histoire-naturelle-eng_leclerc-georges-louis-_1785_8,901,0.06881,junk,,,,
ia_bim_eighteenth-century_histoire-naturelle-eng_leclerc-georges-louis-_1785_8,902,0.00415,junk,,,,
ia_bim_eighteenth-century_histoire-naturelle-eng_leclerc-georges-louis-_1785_8,903,0.00064,junk,,,,
ia_bim_eighteenth-century_histoire-naturelle-eng_leclerc-georges-louis-_1785_8,904,0.0003,junk,,,,
ia_bim_eighteenth-century_histoire-naturelle-eng_leclerc-georges-louis-_1785_8,905,0.00041,junk,,,,
ia_bim_eighteenth-century_histoire-naturelle-eng_leclerc-georges-louis-_1785_8,906,0.00162,junk,,,,
ia_bim_eighteenth-century_histoire-naturelle-eng_leclerc-georges-louis-_1785_8,907,8e-05,junk,,,,
ia_bim_eighteenth-century_histoire-naturelle-eng_leclerc-georges-louis-_1785_8,908,0.00024,junk,,,,
ia_bim_eighteenth-century_histoire-naturelle-eng_leclerc-georges-louis-_1785_8,909,0.0022,junk,,,,
ia_bim_eighteenth-century_histoire-naturelle-eng_leclerc-georges-louis-_1785_8,910,0.00052,junk,,,,
ia_bim_eighteenth-century_histoire-naturelle-eng_leclerc-georges-louis-_1785_8,911,0.01948,junk,,,,
ia_bim_eighteenth-century_histoire-naturelle-eng_leclerc-georges-louis-_1785_8,912,0.00079,junk,,,,
ia_bim_eighteenth-century_histoire-naturelle-eng_leclerc-georges-louis-_1785_8,913,0.01188,junk,,,,
ia_bim_eighteenth-century_histoire-naturelle-eng_leclerc-georges-louis-_1785_8,914,0.86053,non_junk,non_divine_teleology,0.01758,0.83589,0.14653
ia_bim_eighteenth-century_histoire-naturelle-eng_leclerc-georges-louis-_1785_8,915,2e-05,junk,,,,
ia_bim_eighteenth-century_histoire-naturelle-eng_leclerc-georges-louis-_1785_8,916,0.00696,junk,,,,
ia_bim_eighteenth-century_histoire-naturelle-eng_leclerc-georges-louis-_1785_8,917,0.6315,non_junk,non_divine_teleology,0.00294,0.96989,0.02717
ia_bim_eighteenth-century_histoire-naturelle-eng_leclerc-georges-louis-_1785_8,918,0.00376,junk,,,,
ia_bim_eighteenth-century_histoire-naturelle-eng_leclerc-georges-louis-_1785_8,919,0.00747,junk,,,,
ia_bim_eighteenth-century_histoire-naturelle-eng_leclerc-georges-louis-_1785_8,920,0.00139,junk,,,,
ia_bim_eighteenth-century_histoire-naturelle-eng_leclerc-georges-louis-_1785_8,921,0.00368,junk,,,,
ia_bim_eighteenth-century_histoire-naturelle-eng_leclerc-georges-louis-_1785_8,922,0.04216,junk,,,,
ia_bim_eighteenth-century_histoire-naturelle-eng_leclerc-georges-louis-_1785_8,923,0.00402,junk,,,,
ia_bim_eighteenth-century_histoire-naturelle-eng_leclerc-georges-louis-_1785_8,924,0.6315,non_junk,non_divine_teleology,0.00294,0.96989,0.02717
ia_bim_eighteenth-century_histoire-naturelle-eng_leclerc-georges-louis-_1785_8,925,0.00376,junk,,,,
ia_bim_eighteenth-century_histoire-naturelle-eng_leclerc-georges-louis-_1785_8,926,0.00747,junk,,,,
ia_bim_eighteenth-century_histoire-naturelle-eng_leclerc-georges-louis-_1785_8,927,0.00139,junk,,,,
ia_bim_eighteenth-century_histoire-naturelle-eng_leclerc-georges-louis-_1785_8,928,0.00368,junk,,,,
ia_bim_eighteenth-century_histoire-naturelle-eng_leclerc-georges-louis-_1785_8,929,0.04216,junk,,,,
ia_bim_eighteenth-century_histoire-naturelle-eng_leclerc-georges-louis-_1785_8,930,0.00402,junk,,,,
ia_bim_eighteenth-century_histoire-naturelle-eng_leclerc-georges-louis-_1785_8,931,0.00064,junk,,,,
ia_bim_eighteenth-century_histoire-naturelle-eng_leclerc-georges-louis-_1785_8,932,0.00114,junk,,,,
ia_bim_eighteenth-century_histoire-naturelle-eng_leclerc-georges-louis-_1785_8,933,0.00092,junk,,,,
ia_bim_eighteenth-century_histoire-naturelle-eng_leclerc-georges-louis-_1785_8,934,0.00107,junk,,,,
ia_bim_eighteenth-century_histoire-naturelle-eng_leclerc-georges-louis-_1785_8,935,0.04053,junk,,,,
ia_bim_eighteenth-century_histoire-naturelle-eng_leclerc-georges-louis-_1785_8,936,0.00187,junk,,,,
ia_bim_eighteenth-century_histoire-naturelle-eng_leclerc-georges-louis-_1785_8,937,0.00033,junk,,,,
ia_bim_eighteenth-century_histoire-naturelle-eng_leclerc-georges-louis-_1785_8,938,0.31195,junk,,,,
ia_bim_eighteenth-century_histoire-naturelle-eng_leclerc-georges-louis-_1785_8,939,0.09597,junk,,,,
ia_bim_eighteenth-century_histoire-naturelle-eng_leclerc-georges-louis-_1785_8,940,0.0011,junk,,,,
ia_bim_eighteenth-century_histoire-naturelle-eng_leclerc-georges-louis-_1785_8,941,0.36587,junk,,,,
ia_bim_eighteenth-century_histoire-naturelle-eng_leclerc-georges-louis-_1785_8,942,0.0018,junk,,,,
ia_bim_eighteenth-century_histoire-naturelle-eng_leclerc-georges-louis-_1785_8,943,0.00013,junk,,,,
ia_bim_eighteenth-century_histoire-naturelle-eng_leclerc-georges-louis-_1785_8,944,0.00119,junk,,,,
ia_bim_eighteenth-century_histoire-naturelle-eng_leclerc-georges-louis-_1785_8,945,0.00447,junk,,,,
ia_bim_eighteenth-century_histoire-naturelle-eng_leclerc-georges-louis-_1785_8,946,0.02356,junk,,,,
ia_bim_eighteenth-century_histoire-naturelle-eng_leclerc-georges-louis-_1785_8,947,0.00283,junk,,,,
ia_bim_eighteenth-century_histoire-naturelle-eng_leclerc-georges-louis-_1785_8,948,0.00031,junk,,,,
ia_bim_eighteenth-century_histoire-naturelle-eng_leclerc-georges-louis-_1785_8,949,0.00192,junk,,,,
ia_bim_eighteenth-century_histoire-naturelle-eng_leclerc-georges-louis-_1785_8,950,0.00629,junk,,,,
ia_bim_eighteenth-century_histoire-naturelle-eng_leclerc-georges-louis-_1785_8,951,0.0017,junk,,,,
ia_bim_eighteenth-century_histoire-naturelle-eng_leclerc-georges-louis-_1785_8,952,0.01081,junk,,,,
ia_bim_eighteenth-century_histoire-naturelle-eng_leclerc-georges-louis-_1785_8,953,0.02278,junk,,,,
ia_bim_eighteenth-century_histoire-naturelle-eng_leclerc-georges-louis-_1785_8,954,0.00016,junk,,,,
ia_bim_eighteenth-century_histoire-naturelle-eng_leclerc-georges-louis-_1785_8,955,0.00201,junk,,,,
ia_bim_eighteenth-century_histoire-naturelle-eng_leclerc-georges-louis-_1785_8,956,0.02075,junk,,,,
ia_bim_eighteenth-century_histoire-naturelle-eng_leclerc-georges-louis-_1785_8,957,0.00021,junk,,,,
ia_bim_eighteenth-century_histoire-naturelle-eng_leclerc-georges-louis-_1785_8,958,0.00136,junk,,,,
ia_bim_eighteenth-century_histoire-naturelle-eng_leclerc-georges-louis-_1785_8,959,0.67846,non_junk,non_divine_teleology,0.00305,0.99244,0.00451
ia_bim_eighteenth-century_histoire-naturelle-eng_leclerc-georges-louis-_1785_8,960,0.00067,junk,,,,
ia_bim_eighteenth-century_histoire-naturelle-eng_leclerc-georges-louis-_1785_8,961,0.01696,junk,,,,
ia_bim_eighteenth-century_histoire-naturelle-eng_leclerc-georges-louis-_1785_8,962,0.00061,junk,,,,
ia_bim_eighteenth-century_histoire-naturelle-eng_leclerc-georges-louis-_1785_8,963,0.00092,junk,,,,
ia_bim_eighteenth-century_histoire-naturelle-eng_leclerc-georges-louis-_1785_8,964,0.00045,junk,,,,
ia_bim_eighteenth-century_histoire-naturelle-eng_leclerc-georges-louis-_1785_8,965,0.01215,junk,,,,
ia_bim_eighteenth-century_histoire-naturelle-eng_leclerc-georges-louis-_1785_8,966,0.67808,non_junk,non_divine_teleology,0.02503,0.69581,0.27916
ia_bim_eighteenth-century_histoire-naturelle-eng_leclerc-georges-louis-_1785_8,967,0.0342,junk,,,,
ia_bim_eighteenth-century_histoire-naturelle-eng_leclerc-georges-louis-_1785_8,968,6e-05,junk,,,,
ia_bim_eighteenth-century_histoire-naturelle-eng_leclerc-georges-louis-_1785_8,969,0.00146,junk,,,,
ia_bim_eighteenth-century_histoire-naturelle-eng_leclerc-georges-louis-_1785_8,970,0.00098,junk,,,,
ia_bim_eighteenth-century_histoire-naturelle-eng_leclerc-georges-louis-_1785_8,971,0.00202,junk,,,,
ia_bim_eighteenth-century_histoire-naturelle-eng_leclerc-georges-louis-_1785_8,972,0.12028,junk,,,,
ia_bim_eighteenth-century_histoire-naturelle-eng_leclerc-georges-louis-_1785_8,973,0.0002,junk,,,,
ia_bim_eighteenth-century_histoire-naturelle-eng_leclerc-georges-louis-_1785_8,974,0.00126,junk,,,,
ia_bim_eighteenth-century_histoire-naturelle-eng_leclerc-georges-louis-_1785_8,975,0.0006,junk,,,,
ia_bim_eighteenth-century_histoire-naturelle-eng_leclerc-georges-louis-_1785_8,976,0.0008,junk,,,,
ia_bim_eighteenth-century_histoire-naturelle-eng_leclerc-georges-louis-_1785_8,977,0.00031,junk,,,,
ia_bim_eighteenth-century_histoire-naturelle-eng_leclerc-georges-louis-_1785_8,978,0.00069,junk,,,,
ia_bim_eighteenth-century_histoire-naturelle-eng_leclerc-georges-louis-_1785_8,979,0.01312,junk,,,,
ia_bim_eighteenth-century_histoire-naturelle-eng_leclerc-georges-louis-_1785_8,980,0.04668,junk,,,,
ia_bim_eighteenth-century_histoire-naturelle-eng_leclerc-georges-louis-_1785_8,981,0.0003,junk,,,,
ia_bim_eighteenth-century_histoire-naturelle-eng_leclerc-georges-louis-_1785_8,982,5e-05,junk,,,,
ia_bim_eighteenth-century_histoire-naturelle-eng_leclerc-georges-louis-_1785_8,983,0.00131,junk,,,,
ia_bim_eighteenth-century_histoire-naturelle-eng_leclerc-georges-louis-_1785_8,984,0.00015,junk,,,,
ia_bim_eighteenth-century_histoire-naturelle-eng_leclerc-georges-louis-_1785_8,985,0.04671,junk,,,,
ia_bim_eighteenth-century_histoire-naturelle-eng_leclerc-georges-louis-_1785_8,986,0.02153,junk,,,,
ia_bim_eighteenth-century_histoire-naturelle-eng_leclerc-georges-louis-_1785_8,987,0.77452,non_junk,internal_essence,0.00117,0.01052,0.98831
ia_bim_eighteenth-century_histoire-naturelle-eng_leclerc-georges-louis-_1785_8,988,0.0021,junk,,,,
ia_bim_eighteenth-century_histoire-naturelle-eng_leclerc-georges-louis-_1785_8,989,0.00308,junk,,,,
ia_bim_eighteenth-century_histoire-naturelle-eng_leclerc-georges-louis-_1785_8,990,0.00635,junk,,,,
ia_bim_eighteenth-century_histoire-naturelle-eng_leclerc-georges-louis-_1785_8,991,0.00038,junk,,,,
ia_bim_eighteenth-century_histoire-naturelle-eng_leclerc-georges-louis-_1785_8,992,0.00013,junk,,,,
ia_bim_eighteenth-century_histoire-naturelle-eng_leclerc-georges-louis-_1785_8,993,0.00398,junk,,,,
ia_bim_eighteenth-century_histoire-naturelle-eng_leclerc-georges-louis-_1785_8,994,0.00118,junk,,,,
ia_bim_eighteenth-century_histoire-naturelle-eng_leclerc-georges-louis-_1785_8,995,0.07455,junk,,,,
ia_bim_eighteenth-century_histoire-naturelle-eng_leclerc-georges-louis-_1785_8,996,0.00027,junk,,,,
ia_bim_eighteenth-century_histoire-naturelle-eng_leclerc-georges-louis-_1785_8,997,0.01622,junk,,,,
ia_bim_eighteenth-century_histoire-naturelle-eng_leclerc-georges-louis-_1785_8,998,0.01622,junk,,,,
ia_bim_eighteenth-century_histoire-naturelle-eng_leclerc-georges-louis-_1785_8,999,0.00083,junk,,,,
ia_bim_eighteenth-century_histoire-naturelle-eng_leclerc-georges-louis-_1785_8,1000,0.00077,junk,,,,
ia_bim_eighteenth-century_histoire-naturelle-eng_leclerc-georges-louis-_1785_8,1001,0.00084,junk,,,,
ia_bim_eighteenth-century_histoire-naturelle-eng_leclerc-georges-louis-_1785_8,1002,0.00143,junk,,,,
ia_bim_eighteenth-century_histoire-naturelle-eng_leclerc-georges-louis-_1785_8,1003,1e-05,junk,,,,
ia_bim_eighteenth-century_histoire-naturelle-eng_leclerc-georges-louis-_1785_8,1004,0.00248,junk,,,,
ia_bim_eighteenth-century_histoire-naturelle-eng_leclerc-georges-louis-_1785_8,1005,0.00115,junk,,,,
ia_bim_eighteenth-century_histoire-naturelle-eng_leclerc-georges-louis-_1785_8,1006,0.00148,junk,,,,
ia_bim_eighteenth-century_histoire-naturelle-eng_leclerc-georges-louis-_1785_8,1007,0.00341,junk,,,,
ia_bim_eighteenth-century_histoire-naturelle-eng_leclerc-georges-louis-_1785_8,1008,0.00044,junk,,,,
ia_bim_eighteenth-century_histoire-naturelle-eng_leclerc-georges-louis-_1785_8,1009,0.00022,junk,,,,
ia_bim_eighteenth-century_histoire-naturelle-eng_leclerc-georges-louis-_1785_8,1010,0.00044,junk,,,,
ia_bim_eighteenth-century_histoire-naturelle-eng_leclerc-georges-louis-_1785_8,1011,0.00024,junk,,,,
ia_bim_eighteenth-century_histoire-naturelle-eng_leclerc-georges-louis-_1785_8,1012,0.00067,junk,,,,
ia_bim_eighteenth-century_histoire-naturelle-eng_leclerc-georges-louis-_1785_8,1013,0.00126,junk,,,,
ia_bim_eighteenth-century_histoire-naturelle-eng_leclerc-georges-louis-_1785_8,1014,0.00131,junk,,,,
ia_bim_eighteenth-century_histoire-naturelle-eng_leclerc-georges-louis-_1785_8,1015,0.00049,junk,,,,
ia_bim_eighteenth-century_histoire-naturelle-eng_leclerc-georges-louis-_1785_8,1016,0.00023,junk,,,,
ia_bim_eighteenth-century_histoire-naturelle-eng_leclerc-georges-louis-_1785_8,1017,0.00258,junk,,,,
ia_bim_eighteenth-century_histoire-naturelle-eng_leclerc-georges-louis-_1785_8,1018,0.00027,junk,,,,
ia_bim_eighteenth-century_histoire-naturelle-eng_leclerc-georges-louis-_1785_8,1019,0.00374,junk,,,,
ia_bim_eighteenth-century_histoire-naturelle-eng_leclerc-georges-louis-_1785_8,1020,7e-05,junk,,,,
ia_bim_eighteenth-century_histoire-naturelle-eng_leclerc-georges-louis-_1785_8,1021,0.00041,junk,,,,
ia_bim_eighteenth-century_histoire-naturelle-eng_leclerc-georges-louis-_1785_8,1022,0.00119,junk,,,,
ia_bim_eighteenth-century_histoire-naturelle-eng_leclerc-georges-louis-_1785_8,1023,0.36342,junk,,,,
ia_bim_eighteenth-century_histoire-naturelle-eng_leclerc-georges-louis-_1785_8,1024,0.00086,junk,,,,
ia_bim_eighteenth-century_histoire-naturelle-eng_leclerc-georges-louis-_1785_8,1025,0.00102,junk,,,,
ia_bim_eighteenth-century_histoire-naturelle-eng_leclerc-georges-louis-_1785_8,1026,0.01935,junk,,,,
ia_bim_eighteenth-century_histoire-naturelle-eng_leclerc-georges-louis-_1785_8,1027,0.00396,junk,,,,
ia_bim_eighteenth-century_histoire-naturelle-eng_leclerc-georges-louis-_1785_8,1028,0.00107,junk,,,,
ia_bim_eighteenth-century_histoire-naturelle-eng_leclerc-georges-louis-_1785_8,1029,0.00104,junk,,,,
ia_bim_eighteenth-century_histoire-naturelle-eng_leclerc-georges-louis-_1785_8,1030,0.00012,junk,,,,
ia_bim_eighteenth-century_histoire-naturelle-eng_leclerc-georges-louis-_1785_8,1031,0.00026,junk,,,,
ia_bim_eighteenth-century_histoire-naturelle-eng_leclerc-georges-louis-_1785_8,1032,0.00104,junk,,,,
ia_bim_eighteenth-century_histoire-naturelle-eng_leclerc-georges-louis-_1785_8,1033,0.18772,junk,,,,
ia_bim_eighteenth-century_histoire-naturelle-eng_leclerc-georges-louis-_1785_8,1034,8e-05,junk,,,,
ia_bim_eighteenth-century_histoire-naturelle-eng_leclerc-georges-louis-_1785_8,1035,0.00698,junk,,,,
ia_bim_eighteenth-century_histoire-naturelle-eng_leclerc-georges-louis-_1785_8,1036,0.00574,junk,,,,
ia_bim_eighteenth-century_histoire-naturelle-eng_leclerc-georges-louis-_1785_8,1037,0.0092,junk,,,,
ia_bim_eighteenth-century_histoire-naturelle-eng_leclerc-georges-louis-_1785_8,1038,0.02758,junk,,,,
ia_bim_eighteenth-century_histoire-naturelle-eng_leclerc-georges-louis-_1785_8,1039,0.01473,junk,,,,
ia_bim_eighteenth-century_histoire-naturelle-eng_leclerc-georges-louis-_1785_8,1040,0.00015,junk,,,,
ia_bim_eighteenth-century_histoire-naturelle-eng_leclerc-georges-louis-_1785_8,1041,0.00233,junk,,,,
ia_bim_eighteenth-century_histoire-naturelle-eng_leclerc-georges-louis-_1785_8,1042,5e-05,junk,,,,
ia_bim_eighteenth-century_histoire-naturelle-eng_leclerc-georges-louis-_1785_8,1043,0.00438,junk,,,,
ia_bim_eighteenth-century_histoire-naturelle-eng_leclerc-georges-louis-_1785_8,1044,0.00688,junk,,,,
ia_bim_eighteenth-century_histoire-naturelle-eng_leclerc-georges-louis-_1785_8,1045,0.00026,junk,,,,
ia_bim_eighteenth-century_histoire-naturelle-eng_leclerc-georges-louis-_1785_8,1046,0.00034,junk,,,,
ia_bim_eighteenth-century_histoire-naturelle-eng_leclerc-georges-louis-_1785_8,1047,0.00168,junk,,,,
ia_bim_eighteenth-century_histoire-naturelle-eng_leclerc-georges-louis-_1785_8,1048,0.20607,junk,,,,
ia_bim_eighteenth-century_histoire-naturelle-eng_leclerc-georges-louis-_1785_8,1049,0.21808,junk,,,,
ia_bim_eighteenth-century_histoire-naturelle-eng_leclerc-georges-louis-_1785_8,1050,0.00061,junk,,,,
ia_bim_eighteenth-century_histoire-naturelle-eng_leclerc-georges-louis-_1785_8,1051,0.00205,junk,,,,
ia_bim_eighteenth-century_histoire-naturelle-eng_leclerc-georges-louis-_1785_8,1052,0.00029,junk,,,,
ia_bim_eighteenth-century_histoire-naturelle-eng_leclerc-georges-louis-_1785_8,1053,0.01943,junk,,,,
ia_bim_eighteenth-century_histoire-naturelle-eng_leclerc-georges-louis-_1785_8,1054,0.00086,junk,,,,
ia_bim_eighteenth-century_histoire-naturelle-eng_leclerc-georges-louis-_1785_8,1055,0.00011,junk,,,,
ia_bim_eighteenth-century_histoire-naturelle-eng_leclerc-georges-louis-_1785_8,1056,0.00684,junk,,,,
ia_bim_eighteenth-century_histoire-naturelle-eng_leclerc-georges-louis-_1785_8,1057,0.00039,junk,,,,
ia_bim_eighteenth-century_histoire-naturelle-eng_leclerc-georges-louis-_1785_8,1058,8e-05,junk,,,,
ia_bim_eighteenth-century_histoire-naturelle-eng_leclerc-georges-louis-_1785_8,1059,0.86602,non_junk,non_divine_teleology,0.01086,0.89942,0.08972
ia_bim_eighteenth-century_histoire-naturelle-eng_leclerc-georges-louis-_1785_8,1060,0.01192,junk,,,,
ia_bim_eighteenth-century_histoire-naturelle-eng_leclerc-georges-louis-_1785_8,1061,0.00033,junk,,,,
ia_bim_eighteenth-century_histoire-naturelle-eng_leclerc-georges-louis-_1785_8,1062,0.00069,junk,,,,
ia_bim_eighteenth-century_histoire-naturelle-eng_leclerc-georges-louis-_1785_8,1063,0.00802,junk,,,,
ia_bim_eighteenth-century_histoire-naturelle-eng_leclerc-georges-louis-_1785_8,1064,0.00038,junk,,,,
ia_bim_eighteenth-century_histoire-naturelle-eng_leclerc-georges-louis-_1785_8,1065,0.00822,junk,,,,
ia_bim_eighteenth-century_histoire-naturelle-eng_leclerc-georges-louis-_1785_8,1066,0.00026,junk,,,,
ia_bim_eighteenth-century_histoire-naturelle-eng_leclerc-georges-louis-_1785_8,1067,0.00164,junk,,,,
ia_bim_eighteenth-century_histoire-naturelle-eng_leclerc-georges-louis-_1785_8,1068,0.0001,junk,,,,
ia_bim_eighteenth-century_histoire-naturelle-eng_leclerc-georges-louis-_1785_8,1069,0.00346,junk,,,,
ia_bim_eighteenth-century_histoire-naturelle-eng_leclerc-georges-louis-_1785_8,1070,0.00702,junk,,,,
ia_bim_eighteenth-century_histoire-naturelle-eng_leclerc-georges-louis-_1785_8,1071,0.00021,junk,,,,
ia_bim_eighteenth-century_histoire-naturelle-eng_leclerc-georges-louis-_1785_8,1072,0.00026,junk,,,,
ia_bim_eighteenth-century_histoire-naturelle-eng_leclerc-georges-louis-_1785_8,1073,0.17063,junk,,,,
ia_bim_eighteenth-century_histoire-naturelle-eng_leclerc-georges-louis-_1785_8,1074,0.00149,junk,,,,
ia_bim_eighteenth-century_histoire-naturelle-eng_leclerc-georges-louis-_1785_8,1075,0.00157,junk,,,,
ia_bim_eighteenth-century_histoire-naturelle-eng_leclerc-georges-louis-_1785_8,1076,0.0015,junk,,,,
ia_bim_eighteenth-century_histoire-naturelle-eng_leclerc-georges-louis-_1785_8,1077,0.00018,junk,,,,
ia_bim_eighteenth-century_histoire-naturelle-eng_leclerc-georges-louis-_1785_8,1078,0.70684,non_junk,non_divine_teleology,0.00506,0.9793,0.01565
ia_bim_eighteenth-century_histoire-naturelle-eng_leclerc-georges-louis-_1785_8,1079,0.00026,junk,,,,
ia_bim_eighteenth-century_histoire-naturelle-eng_leclerc-georges-louis-_1785_8,1080,3e-05,junk,,,,
ia_bim_eighteenth-century_histoire-naturelle-eng_leclerc-georges-louis-_1785_8,1081,0.00394,junk,,,,
ia_bim_eighteenth-century_histoire-naturelle-eng_leclerc-georges-louis-_1785_8,1082,0.00584,junk,,,,
ia_bim_eighteenth-century_histoire-naturelle-eng_leclerc-georges-louis-_1785_8,1083,0.0004,junk,,,,
ia_bim_eighteenth-century_histoire-naturelle-eng_leclerc-georges-louis-_1785_8,1084,0.0013,junk,,,,
ia_bim_eighteenth-century_histoire-naturelle-eng_leclerc-georges-louis-_1785_8,1085,0.00026,junk,,,,
ia_bim_eighteenth-century_histoire-naturelle-eng_leclerc-georges-louis-_1785_8,1086,0.00129,junk,,,,
ia_bim_eighteenth-century_histoire-naturelle-eng_leclerc-georges-louis-_1785_8,1087,0.00048,junk,,,,
ia_bim_eighteenth-century_histoire-naturelle-eng_leclerc-georges-louis-_1785_8,1088,0.00444,junk,,,,
ia_bim_eighteenth-century_histoire-naturelle-eng_leclerc-georges-louis-_1785_8,1089,0.00044,junk,,,,
ia_bim_eighteenth-century_histoire-naturelle-eng_leclerc-georges-louis-_1785_8,1090,0.00393,junk,,,,
ia_bim_eighteenth-century_histoire-naturelle-eng_leclerc-georges-louis-_1785_8,1091,0.00146,junk,,,,
