uid,sent_id,gate_prob_nonjunk,gate_pred,s2_pred,s2_p_divine_teleology,s2_p_non_divine_teleology,s2_p_internal_essence
ia_bim_eighteenth-century_the-philosophy-of-natura_smellie-william_1791,1,0.0074,junk,,,,
ia_bim_eighteenth-century_the-philosophy-of-natura_smellie-william_1791,3,0.22301,junk,,,,
ia_bim_eighteenth-century_the-philosophy-of-natura_smellie-william_1791,4,0.00332,junk,,,,
ia_bim_eighteenth-century_the-philosophy-of-natura_smellie-william_1791,5,0.00528,junk,,,,
ia_bim_eighteenth-century_the-philosophy-of-natura_smellie-william_1791,7,0.6624,non_junk,non_divine_teleology,0.01361,0.95225,0.03414
ia_bim_eighteenth-century_the-philosophy-of-natura_smellie-william_1791,8,0.01191,junk,,,,
ia_bim_eighteenth-century_the-philosophy-of-natura_smellie-william_1791,11,0.72195,non_junk,internal_essence,0.03881,0.03817,0.92302
ia_bim_eighteenth-century_the-philosophy-of-natura_smellie-william_1791,12,0.00064,junk,,,,
ia_bim_eighteenth-century_the-philosophy-of-natura_smellie-william_1791,13,0.55552,non_junk,non_divine_teleology,0.07244,0.83404,0.09352
ia_bim_eighteenth-century_the-philosophy-of-natura_smellie-william_1791,14,0.97404,non_junk,non_divine_teleology,0.02686,0.90357,0.06957
ia_bim_eighteenth-century_the-philosophy-of-natura_smellie-william_1791,15,0.55967,non_junk,non_divine_teleology,0.01822,0.57851,0.40327
ia_bim_eighteenth-century_the-philosophy-of-natura_smellie-william_1791,16,0.31163,junk,,,,
ia_bim_eighteenth-century_the-philosophy-of-natura_smellie-william_1791,17,0.00329,junk,,,,
ia_bim_eighteenth-century_the-philosophy-of-natura_smellie-william_1791,18,0.48142,junk,,,,
ia_bim_eighteenth-century_the-philosophy-of-natura_smellie-william_1791,19,0.09798,junk,,,,
ia_bim_eighteenth-century_the-philosophy-of-natura_smellie-william_1791,20,0.82243,non_junk,internal_essence,0.01407,0.25747,0.72845
ia_bim_eighteenth-century_the-philosophy-of-natura_smellie-william_1791,21,0.17179,junk,,,,
ia_bim_eighteenth-century_the-philosophy-of-natura_smellie-william_1791,22,0.00286,junk,,,,
ia_bim_eighteenth-century_the-philosophy-of-natura_smellie-william_1791,24,0.04346,junk,,,,
ia_bim_eighteenth-century_the-philosophy-of-natura_smellie-william_1791,25,0.55036,non_junk,non_divine_teleology,0.01656,0.65718,0.32626
ia_bim_eighteenth-century_the-philosophy-of-natura_smellie-william_1791,27,0.93355,non_junk,internal_essence,0.00845,0.30935,0.6822
ia_bim_eighteenth-century_the-philosophy-of-natura_smellie-william_1791,30,0.00244,junk,,,,
ia_bim_eighteenth-century_the-philosophy-of-natura_smellie-william_1791,31,0.13385,junk,,,,
ia_bim_eighteenth-century_the-philosophy-of-natura_smellie-william_1791,32,0.9696,non_junk,internal_essence,0.00771,0.11165,0.88065
ia_bim_eighteenth-century_the-philosophy-of-natura_smellie-william_1791,33,0.01102,junk,,,,
ia_bim_eighteenth-century_the-philosophy-of-natura_smellie-william_1791,35,0.00088,junk,,,,
ia_bim_eighteenth-century_the-philosophy-of-natura_smellie-william_1791,36,0.02492,junk,,,,
ia_bim_eighteenth-century_the-philosophy-of-natura_smellie-william_1791,38,0.01596,junk,,,,
ia_bim_eighteenth-century_the-philosophy-of-natura_smellie-william_1791,39,0.00434,junk,,,,
ia_bim_eighteenth-century_the-philosophy-of-natura_smellie-william_1791,41,0.2969,junk,,,,
ia_bim_eighteenth-century_the-philosophy-of-natura_smellie-william_1791,42,0.81186,non_junk,non_divine_teleology,0.03586,0.80948,0.15466
ia_bim_eighteenth-century_the-philosophy-of-natura_smellie-william_1791,43,0.82974,non_junk,non_divine_teleology,0.05226,0.71915,0.22859
ia_bim_eighteenth-century_the-philosophy-of-natura_smellie-william_1791,45,0.77395,non_junk,internal_essence,0.01719,0.47307,0.50974
ia_bim_eighteenth-century_the-philosophy-of-natura_smellie-william_1791,46,0.92603,non_junk,non_divine_teleology,0.03395,0.63071,0.33534
ia_bim_eighteenth-century_the-philosophy-of-natura_smellie-william_1791,47,0.96597,non_junk,non_divine_teleology,0.00719,0.95966,0.03315
ia_bim_eighteenth-century_the-philosophy-of-natura_smellie-william_1791,48,0.99036,non_junk,internal_essence,0.06375,0.21279,0.72346
ia_bim_eighteenth-century_the-philosophy-of-natura_smellie-william_1791,49,0.77395,non_junk,internal_essence,0.01719,0.47307,0.50974
ia_bim_eighteenth-century_the-philosophy-of-natura_smellie-william_1791,50,0.92603,non_junk,non_divine_teleology,0.03395,0.63071,0.33534
ia_bim_eighteenth-century_the-philosophy-of-natura_smellie-william_1791,51,0.96597,non_junk,non_divine_teleology,0.00719,0.95966,0.03315
ia_bim_eighteenth-century_the-philosophy-of-natura_smellie-william_1791,52,0.00865,junk,,,,
ia_bim_eighteenth-century_the-philosophy-of-natura_smellie-william_1791,53,0.83233,non_junk,internal_essence,0.03158,0.45857,0.50984
ia_bim_eighteenth-century_the-philosophy-of-natura_smellie-william_1791,54,0.24443,junk,,,,
ia_bim_eighteenth-century_the-philosophy-of-natura_smellie-william_1791,55,0.06036,junk,,,,
ia_bim_eighteenth-century_the-philosophy-of-natura_smellie-william_1791,56,0.03649,junk,,,,
ia_bim_eighteenth-century_the-philosophy-of-natura_smellie-william_1791,57,0.75832,non_junk,non_divine_teleology,0.01249,0.91299,0.07452
ia_bim_eighteenth-century_the-philosophy-of-natura_smellie-william_1791,60,0.89017,non_junk,internal_essence,0.00583,0.13474,0.85943
ia_bim_eighteenth-century_the-philosophy-of-natura_smellie-william_1791,62,0.9992,non_junk,non_divine_teleology,0.09926,0.82393,0.07681
ia_bim_eighteenth-century_the-philosophy-of-natura_smellie-william_1791,63,0.7477,non_junk,non_divine_teleology,0.01379,0.67864,0.30757
ia_bim_eighteenth-century_the-philosophy-of-natura_smellie-william_1791,66,0.40958,junk,,,,
ia_bim_eighteenth-century_the-philosophy-of-natura_smellie-william_1791,67,0.00069,junk,,,,
ia_bim_eighteenth-century_the-philosophy-of-natura_smellie-william_1791,68,0.95563,non_junk,internal_essence,0.00882,0.365,0.62618
ia_bim_eighteenth-century_the-philosophy-of-natura_smellie-william_1791,69,0.00092,junk,,,,
ia_bim_eighteenth-century_the-philosophy-of-natura_smellie-william_1791,70,0.04311,junk,,,,
ia_bim_eighteenth-century_the-philosophy-of-natura_smellie-william_1791,71,0.01045,junk,,,,
ia_bim_eighteenth-century_the-philosophy-of-natura_smellie-william_1791,72,0.87605,non_junk,non_divine_teleology,0.00279,0.99627,0.00094
ia_bim_eighteenth-century_the-philosophy-of-natura_smellie-william_1791,73,0.8839,non_junk,non_divine_teleology,0.06271,0.73523,0.20206
ia_bim_eighteenth-century_the-philosophy-of-natura_smellie-william_1791,74,0.90666,non_junk,non_divine_teleology,0.12821,0.77497,0.09681
ia_bim_eighteenth-century_the-philosophy-of-natura_smellie-william_1791,75,0.61815,non_junk,non_divine_teleology,0.00678,0.6523,0.34092
ia_bim_eighteenth-century_the-philosophy-of-natura_smellie-william_1791,76,0.45445,junk,,,,
ia_bim_eighteenth-century_the-philosophy-of-natura_smellie-william_1791,78,0.04714,junk,,,,
ia_bim_eighteenth-century_the-philosophy-of-natura_smellie-william_1791,80,0.83623,non_junk,non_divine_teleology,0.00843,0.90192,0.08965
ia_bim_eighteenth-century_the-philosophy-of-natura_smellie-william_1791,81,0.03109,junk,,,,
ia_bim_eighteenth-century_the-philosophy-of-natura_smellie-william_1791,84,0.94195,non_junk,non_divine_teleology,0.04035,0.60491,0.35473
ia_bim_eighteenth-century_the-philosophy-of-natura_smellie-william_1791,86,0.00097,junk,,,,
ia_bim_eighteenth-century_the-philosophy-of-natura_smellie-william_1791,87,0.99224,non_junk,non_divine_teleology,0.01857,0.90003,0.0814
ia_bim_eighteenth-century_the-philosophy-of-natura_smellie-william_1791,88,0.00109,junk,,,,
ia_bim_eighteenth-century_the-philosophy-of-natura_smellie-william_1791,89,0.47285,junk,,,,
ia_bim_eighteenth-century_the-philosophy-of-natura_smellie-william_1791,92,0.12298,junk,,,,
ia_bim_eighteenth-century_the-philosophy-of-natura_smellie-william_1791,93,0.99313,non_junk,internal_essence,0.00183,0.14752,0.85065
ia_bim_eighteenth-century_the-philosophy-of-natura_smellie-william_1791,94,0.76812,non_junk,internal_essence,0.00839,0.1511,0.8405
ia_bim_eighteenth-century_the-philosophy-of-natura_smellie-william_1791,95,0.00278,junk,,,,
ia_bim_eighteenth-century_the-philosophy-of-natura_smellie-william_1791,96,0.00278,junk,,,,
ia_bim_eighteenth-century_the-philosophy-of-natura_smellie-william_1791,97,0.9603,non_junk,internal_essence,0.02059,0.10679,0.87262
ia_bim_eighteenth-century_the-philosophy-of-natura_smellie-william_1791,98,0.00773,junk,,,,
ia_bim_eighteenth-century_the-philosophy-of-natura_smellie-william_1791,99,0.19247,junk,,,,
ia_bim_eighteenth-century_the-philosophy-of-natura_smellie-william_1791,100,0.00051,junk,,,,
ia_bim_eighteenth-century_the-philosophy-of-natura_smellie-william_1791,101,0.24106,junk,,,,
ia_bim_eighteenth-century_the-philosophy-of-natura_smellie-william_1791,102,0.0018,junk,,,,
ia_bim_eighteenth-century_the-philosophy-of-natura_smellie-william_1791,103,0.93707,non_junk,non_divine_teleology,0.01538,0.90032,0.08429
ia_bim_eighteenth-century_the-philosophy-of-natura_smellie-william_1791,104,0.72533,non_junk,internal_essence,0.00113,0.28073,0.71814
ia_bim_eighteenth-century_the-philosophy-of-natura_smellie-william_1791,105,0.09745,junk,,,,
ia_bim_eighteenth-century_the-philosophy-of-natura_smellie-william_1791,106,0.58103,non_junk,internal_essence,0.048,0.38015,0.57185
ia_bim_eighteenth-century_the-philosophy-of-natura_smellie-william_1791,108,0.65481,non_junk,non_divine_teleology,0.02514,0.86334,0.11152
ia_bim_eighteenth-century_the-philosophy-of-natura_smellie-william_1791,109,0.00217,junk,,,,
ia_bim_eighteenth-century_the-philosophy-of-natura_smellie-william_1791,110,0.00379,junk,,,,
ia_bim_eighteenth-century_the-philosophy-of-natura_smellie-william_1791,111,0.90012,non_junk,non_divine_teleology,0.07669,0.69748,0.22583
ia_bim_eighteenth-century_the-philosophy-of-natura_smellie-william_1791,113,0.01167,junk,,,,
ia_bim_eighteenth-century_the-philosophy-of-natura_smellie-william_1791,114,0.89551,non_junk,internal_essence,0.02523,0.36316,0.61161
ia_bim_eighteenth-century_the-philosophy-of-natura_smellie-william_1791,115,0.0142,junk,,,,
ia_bim_eighteenth-century_the-philosophy-of-natura_smellie-william_1791,117,0.52758,non_junk,non_divine_teleology,0.07326,0.89981,0.02693
ia_bim_eighteenth-century_the-philosophy-of-natura_smellie-william_1791,118,0.25031,junk,,,,
ia_bim_eighteenth-century_the-philosophy-of-natura_smellie-william_1791,121,0.15224,junk,,,,
ia_bim_eighteenth-century_the-philosophy-of-natura_smellie-william_1791,122,0.74156,non_junk,non_divine_teleology,0.01109,0.95775,0.03117
ia_bim_eighteenth-century_the-philosophy-of-natura_smellie-william_1791,123,0.00815,junk,,,,
ia_bim_eighteenth-century_the-philosophy-of-natura_smellie-william_1791,124,0.54621,non_junk,non_divine_teleology,0.01228,0.62218,0.36554
ia_bim_eighteenth-century_the-philosophy-of-natura_smellie-william_1791,125,0.44684,junk,,,,
ia_bim_eighteenth-century_the-philosophy-of-natura_smellie-william_1791,126,0.74809,non_junk,non_divine_teleology,0.00734,0.96318,0.02947
ia_bim_eighteenth-century_the-philosophy-of-natura_smellie-william_1791,128,0.00617,junk,,,,
ia_bim_eighteenth-century_the-philosophy-of-natura_smellie-william_1791,129,0.70572,non_junk,internal_essence,0.05218,0.06185,0.88597
ia_bim_eighteenth-century_the-philosophy-of-natura_smellie-william_1791,130,0.0653,junk,,,,
ia_bim_eighteenth-century_the-philosophy-of-natura_smellie-william_1791,131,0.12033,junk,,,,
ia_bim_eighteenth-century_the-philosophy-of-natura_smellie-william_1791,132,0.65711,non_junk,non_divine_teleology,0.04599,0.73196,0.22205
ia_bim_eighteenth-century_the-philosophy-of-natura_smellie-william_1791,133,0.00086,junk,,,,
ia_bim_eighteenth-century_the-philosophy-of-natura_smellie-william_1791,134,0.28957,junk,,,,
ia_bim_eighteenth-century_the-philosophy-of-natura_smellie-william_1791,135,0.49139,junk,,,,
ia_bim_eighteenth-century_the-philosophy-of-natura_smellie-william_1791,136,0.98666,non_junk,non_divine_teleology,0.0867,0.68055,0.23276
ia_bim_eighteenth-century_the-philosophy-of-natura_smellie-william_1791,137,0.22913,junk,,,,
ia_bim_eighteenth-century_the-philosophy-of-natura_smellie-william_1791,138,0.00294,junk,,,,
ia_bim_eighteenth-century_the-philosophy-of-natura_smellie-william_1791,139,0.00294,junk,,,,
ia_bim_eighteenth-century_the-philosophy-of-natura_smellie-william_1791,140,0.00309,junk,,,,
ia_bim_eighteenth-century_the-philosophy-of-natura_smellie-william_1791,142,0.06572,junk,,,,
ia_bim_eighteenth-century_the-philosophy-of-natura_smellie-william_1791,143,0.00259,junk,,,,
ia_bim_eighteenth-century_the-philosophy-of-natura_smellie-william_1791,144,0.04858,junk,,,,
ia_bim_eighteenth-century_the-philosophy-of-natura_smellie-william_1791,145,0.01127,junk,,,,
ia_bim_eighteenth-century_the-philosophy-of-natura_smellie-william_1791,146,0.92295,non_junk,internal_essence,0.01361,0.0585,0.92789
ia_bim_eighteenth-century_the-philosophy-of-natura_smellie-william_1791,147,0.06317,junk,,,,
ia_bim_eighteenth-century_the-philosophy-of-natura_smellie-william_1791,148,0.21958,junk,,,,
ia_bim_eighteenth-century_the-philosophy-of-natura_smellie-william_1791,149,0.0996,junk,,,,
ia_bim_eighteenth-century_the-philosophy-of-natura_smellie-william_1791,150,0.43652,junk,,,,
ia_bim_eighteenth-century_the-philosophy-of-natura_smellie-william_1791,152,0.85254,non_junk,divine_teleology,0.4994,0.09987,0.40073
ia_bim_eighteenth-century_the-philosophy-of-natura_smellie-william_1791,153,0.06181,junk,,,,
ia_bim_eighteenth-century_the-philosophy-of-natura_smellie-william_1791,154,0.00181,junk,,,,
ia_bim_eighteenth-century_the-philosophy-of-natura_smellie-william_1791,155,0.73574,non_junk,internal_essence,0.24452,0.35258,0.4029
ia_bim_eighteenth-century_the-philosophy-of-natura_smellie-william_1791,156,0.99632,non_junk,non_divine_teleology,0.01896,0.90148,0.07955
ia_bim_eighteenth-century_the-philosophy-of-natura_smellie-william_1791,159,0.861,non_junk,non_divine_teleology,0.23893,0.53143,0.22964
ia_bim_eighteenth-century_the-philosophy-of-natura_smellie-william_1791,160,0.99357,non_junk,non_divine_teleology,0.15877,0.80789,0.03334
ia_bim_eighteenth-century_the-philosophy-of-natura_smellie-william_1791,161,0.64831,non_junk,internal_essence,0.0125,0.47913,0.50837
ia_bim_eighteenth-century_the-philosophy-of-natura_smellie-william_1791,162,0.9988,non_junk,non_divine_teleology,0.01003,0.95379,0.03619
ia_bim_eighteenth-century_the-philosophy-of-natura_smellie-william_1791,163,0.9988,non_junk,non_divine_teleology,0.01003,0.95379,0.03619
ia_bim_eighteenth-century_the-philosophy-of-natura_smellie-william_1791,164,0.9983,non_junk,non_divine_teleology,0.02757,0.91047,0.06196
ia_bim_eighteenth-century_the-philosophy-of-natura_smellie-william_1791,165,0.57114,non_junk,internal_essence,0.12297,0.25642,0.62061
ia_bim_eighteenth-century_the-philosophy-of-natura_smellie-william_1791,166,0.9983,non_junk,non_divine_teleology,0.02757,0.91047,0.06196
ia_bim_eighteenth-century_the-philosophy-of-natura_smellie-william_1791,167,0.60202,non_junk,non_divine_teleology,0.17426,0.51282,0.31292
ia_bim_eighteenth-century_the-philosophy-of-natura_smellie-william_1791,168,0.00203,junk,,,,
ia_bim_eighteenth-century_the-philosophy-of-natura_smellie-william_1791,169,0.94047,non_junk,non_divine_teleology,0.06913,0.84469,0.08617
ia_bim_eighteenth-century_the-philosophy-of-natura_smellie-william_1791,170,0.98874,non_junk,non_divine_teleology,0.1023,0.69014,0.20756
ia_bim_eighteenth-century_the-philosophy-of-natura_smellie-william_1791,172,0.06233,junk,,,,
ia_bim_eighteenth-century_the-philosophy-of-natura_smellie-william_1791,173,0.8007,non_junk,internal_essence,0.05143,0.08976,0.85881
ia_bim_eighteenth-century_the-philosophy-of-natura_smellie-william_1791,174,0.93289,non_junk,non_divine_teleology,0.0426,0.81467,0.14273
ia_bim_eighteenth-century_the-philosophy-of-natura_smellie-william_1791,176,0.02437,junk,,,,
ia_bim_eighteenth-century_the-philosophy-of-natura_smellie-william_1791,177,0.9306,non_junk,non_divine_teleology,0.05353,0.75049,0.19598
ia_bim_eighteenth-century_the-philosophy-of-natura_smellie-william_1791,178,0.00331,junk,,,,
ia_bim_eighteenth-century_the-philosophy-of-natura_smellie-william_1791,179,0.11787,junk,,,,
ia_bim_eighteenth-century_the-philosophy-of-natura_smellie-william_1791,180,0.00173,junk,,,,
ia_bim_eighteenth-century_the-philosophy-of-natura_smellie-william_1791,181,0.90242,non_junk,non_divine_teleology,0.02386,0.57248,0.40365
ia_bim_eighteenth-century_the-philosophy-of-natura_smellie-william_1791,182,0.99726,non_junk,non_divine_teleology,0.02872,0.94364,0.02764
ia_bim_eighteenth-century_the-philosophy-of-natura_smellie-william_1791,184,0.9184,non_junk,non_divine_teleology,0.15828,0.80062,0.0411
ia_bim_eighteenth-century_the-philosophy-of-natura_smellie-william_1791,185,0.00045,junk,,,,
ia_bim_eighteenth-century_the-philosophy-of-natura_smellie-william_1791,186,0.99498,non_junk,non_divine_teleology,0.0058,0.96726,0.02694
ia_bim_eighteenth-century_the-philosophy-of-natura_smellie-william_1791,188,0.15545,junk,,,,
ia_bim_eighteenth-century_the-philosophy-of-natura_smellie-william_1791,189,0.9953,non_junk,non_divine_teleology,0.00644,0.67666,0.31689
ia_bim_eighteenth-century_the-philosophy-of-natura_smellie-william_1791,190,0.93789,non_junk,non_divine_teleology,0.02064,0.6207,0.35866
ia_bim_eighteenth-century_the-philosophy-of-natura_smellie-william_1791,191,0.01447,junk,,,,
ia_bim_eighteenth-century_the-philosophy-of-natura_smellie-william_1791,192,0.34669,junk,,,,
ia_bim_eighteenth-century_the-philosophy-of-natura_smellie-william_1791,193,0.00012,junk,,,,
ia_bim_eighteenth-century_the-philosophy-of-natura_smellie-william_1791,195,0.00524,junk,,,,
ia_bim_eighteenth-century_the-philosophy-of-natura_smellie-william_1791,196,0.00343,junk,,,,
ia_bim_eighteenth-century_the-philosophy-of-natura_smellie-william_1791,197,0.00144,junk,,,,
ia_bim_eighteenth-century_the-philosophy-of-natura_smellie-william_1791,198,0.98492,non_junk,non_divine_teleology,0.01391,0.96284,0.02325
ia_bim_eighteenth-century_the-philosophy-of-natura_smellie-william_1791,199,0.01221,junk,,,,
ia_bim_eighteenth-century_the-philosophy-of-natura_smellie-william_1791,200,0.07161,junk,,,,
ia_bim_eighteenth-century_the-philosophy-of-natura_smellie-william_1791,201,0.92438,non_junk,non_divine_teleology,0.08322,0.66972,0.24706
ia_bim_eighteenth-century_the-philosophy-of-natura_smellie-william_1791,202,0.01258,junk,,,,
ia_bim_eighteenth-century_the-philosophy-of-natura_smellie-william_1791,203,0.00782,junk,,,,
ia_bim_eighteenth-century_the-philosophy-of-natura_smellie-william_1791,205,0.65812,non_junk,non_divine_teleology,0.07521,0.80269,0.1221
ia_bim_eighteenth-century_the-philosophy-of-natura_smellie-william_1791,207,0.00542,junk,,,,
ia_bim_eighteenth-century_the-philosophy-of-natura_smellie-william_1791,208,0.99884,non_junk,non_divine_teleology,0.01564,0.95581,0.02855
ia_bim_eighteenth-century_the-philosophy-of-natura_smellie-william_1791,209,0.94157,non_junk,non_divine_teleology,0.02905,0.9512,0.01975
ia_bim_eighteenth-century_the-philosophy-of-natura_smellie-william_1791,210,0.99977,non_junk,non_divine_teleology,0.01396,0.97111,0.01493
ia_bim_eighteenth-century_the-philosophy-of-natura_smellie-william_1791,212,0.96438,non_junk,non_divine_teleology,0.19536,0.72985,0.07478
ia_bim_eighteenth-century_the-philosophy-of-natura_smellie-william_1791,213,0.97287,non_junk,non_divine_teleology,0.00801,0.9595,0.03249
ia_bim_eighteenth-century_the-philosophy-of-natura_smellie-william_1791,214,0.65549,non_junk,non_divine_teleology,0.00426,0.59972,0.39602
ia_bim_eighteenth-century_the-philosophy-of-natura_smellie-william_1791,216,0.60101,non_junk,internal_essence,0.0052,0.37746,0.61734
ia_bim_eighteenth-century_the-philosophy-of-natura_smellie-william_1791,217,0.0601,junk,,,,
ia_bim_eighteenth-century_the-philosophy-of-natura_smellie-william_1791,218,0.52021,non_junk,non_divine_teleology,0.00962,0.68567,0.30471
ia_bim_eighteenth-century_the-philosophy-of-natura_smellie-william_1791,219,0.152,junk,,,,
ia_bim_eighteenth-century_the-philosophy-of-natura_smellie-william_1791,220,0.18772,junk,,,,
ia_bim_eighteenth-century_the-philosophy-of-natura_smellie-william_1791,221,0.95721,non_junk,non_divine_teleology,0.00862,0.93723,0.05415
ia_bim_eighteenth-century_the-philosophy-of-natura_smellie-william_1791,222,0.52021,non_junk,non_divine_teleology,0.00962,0.68567,0.30471
ia_bim_eighteenth-century_the-philosophy-of-natura_smellie-william_1791,223,0.152,junk,,,,
ia_bim_eighteenth-century_the-philosophy-of-natura_smellie-william_1791,224,0.18772,junk,,,,
ia_bim_eighteenth-century_the-philosophy-of-natura_smellie-william_1791,225,0.95721,non_junk,non_divine_teleology,0.00862,0.93723,0.05415
ia_bim_eighteenth-century_the-philosophy-of-natura_smellie-william_1791,227,0.99999,non_junk,non_divine_teleology,0.0048,0.99336,0.00184
ia_bim_eighteenth-century_the-philosophy-of-natura_smellie-william_1791,228,0.00872,junk,,,,
ia_bim_eighteenth-century_the-philosophy-of-natura_smellie-william_1791,229,0.01118,junk,,,,
ia_bim_eighteenth-century_the-philosophy-of-natura_smellie-william_1791,231,0.9741,non_junk,non_divine_teleology,0.00546,0.95291,0.04163
ia_bim_eighteenth-century_the-philosophy-of-natura_smellie-william_1791,233,0.98424,non_junk,non_divine_teleology,0.00594,0.97403,0.02002
ia_bim_eighteenth-century_the-philosophy-of-natura_smellie-william_1791,234,0.9926,non_junk,non_divine_teleology,0.01118,0.90651,0.08231
ia_bim_eighteenth-century_the-philosophy-of-natura_smellie-william_1791,235,0.26299,junk,,,,
ia_bim_eighteenth-century_the-philosophy-of-natura_smellie-william_1791,237,0.97928,non_junk,non_divine_teleology,0.01517,0.80137,0.18346
ia_bim_eighteenth-century_the-philosophy-of-natura_smellie-william_1791,238,0.72165,non_junk,non_divine_teleology,0.08772,0.80665,0.10564
ia_bim_eighteenth-century_the-philosophy-of-natura_smellie-william_1791,239,0.9884,non_junk,non_divine_teleology,0.01393,0.86385,0.12223
ia_bim_eighteenth-century_the-philosophy-of-natura_smellie-william_1791,240,0.99403,non_junk,non_divine_teleology,0.00586,0.98784,0.0063
ia_bim_eighteenth-century_the-philosophy-of-natura_smellie-william_1791,241,0.99852,non_junk,non_divine_teleology,0.01012,0.97809,0.0118
ia_bim_eighteenth-century_the-philosophy-of-natura_smellie-william_1791,242,0.99647,non_junk,non_divine_teleology,0.01951,0.81881,0.16169
ia_bim_eighteenth-century_the-philosophy-of-natura_smellie-william_1791,243,0.99915,non_junk,non_divine_teleology,0.00925,0.98342,0.00732
ia_bim_eighteenth-century_the-philosophy-of-natura_smellie-william_1791,244,0.68081,non_junk,internal_essence,0.02149,0.41128,0.56723
ia_bim_eighteenth-century_the-philosophy-of-natura_smellie-william_1791,245,0.98098,non_junk,non_divine_teleology,0.00727,0.94434,0.04839
ia_bim_eighteenth-century_the-philosophy-of-natura_smellie-william_1791,246,0.97216,non_junk,non_divine_teleology,0.01253,0.95821,0.02926
ia_bim_eighteenth-century_the-philosophy-of-natura_smellie-william_1791,247,0.6128,non_junk,non_divine_teleology,0.0115,0.97572,0.01278
ia_bim_eighteenth-century_the-philosophy-of-natura_smellie-william_1791,248,0.97168,non_junk,internal_essence,0.00992,0.46178,0.5283
ia_bim_eighteenth-century_the-philosophy-of-natura_smellie-william_1791,250,0.97571,non_junk,internal_essence,0.00561,0.25055,0.74383
ia_bim_eighteenth-century_the-philosophy-of-natura_smellie-william_1791,251,0.94693,non_junk,non_divine_teleology,0.00575,0.59099,0.40326
ia_bim_eighteenth-century_the-philosophy-of-natura_smellie-william_1791,253,0.00252,junk,,,,
ia_bim_eighteenth-century_the-philosophy-of-natura_smellie-william_1791,254,0.57219,non_junk,internal_essence,0.02243,0.25225,0.72531
ia_bim_eighteenth-century_the-philosophy-of-natura_smellie-william_1791,255,0.40155,junk,,,,
ia_bim_eighteenth-century_the-philosophy-of-natura_smellie-william_1791,256,0.84334,non_junk,internal_essence,0.00153,0.02154,0.97693
ia_bim_eighteenth-century_the-philosophy-of-natura_smellie-william_1791,257,0.99797,non_junk,non_divine_teleology,0.00571,0.9829,0.01139
ia_bim_eighteenth-century_the-philosophy-of-natura_smellie-william_1791,258,0.74957,non_junk,non_divine_teleology,0.02845,0.53084,0.44071
ia_bim_eighteenth-century_the-philosophy-of-natura_smellie-william_1791,259,0.94696,non_junk,internal_essence,0.02486,0.25107,0.72407
ia_bim_eighteenth-century_the-philosophy-of-natura_smellie-william_1791,260,0.43764,junk,,,,
ia_bim_eighteenth-century_the-philosophy-of-natura_smellie-william_1791,261,0.2393,junk,,,,
ia_bim_eighteenth-century_the-philosophy-of-natura_smellie-william_1791,263,0.96474,non_junk,internal_essence,0.00266,0.06272,0.93461
ia_bim_eighteenth-century_the-philosophy-of-natura_smellie-william_1791,264,0.98752,non_junk,non_divine_teleology,0.01184,0.94506,0.0431
ia_bim_eighteenth-century_the-philosophy-of-natura_smellie-william_1791,265,0.9729,non_junk,non_divine_teleology,0.0781,0.87138,0.05052
ia_bim_eighteenth-century_the-philosophy-of-natura_smellie-william_1791,266,0.59166,non_junk,internal_essence,0.01861,0.33372,0.64767
ia_bim_eighteenth-century_the-philosophy-of-natura_smellie-william_1791,267,0.66563,non_junk,non_divine_teleology,0.04949,0.57437,0.37614
ia_bim_eighteenth-century_the-philosophy-of-natura_smellie-william_1791,269,0.83894,non_junk,non_divine_teleology,0.03457,0.65947,0.30597
ia_bim_eighteenth-century_the-philosophy-of-natura_smellie-william_1791,272,0.99671,non_junk,non_divine_teleology,0.01191,0.93129,0.0568
ia_bim_eighteenth-century_the-philosophy-of-natura_smellie-william_1791,273,0.99734,non_junk,non_divine_teleology,0.01572,0.92588,0.05839
ia_bim_eighteenth-century_the-philosophy-of-natura_smellie-william_1791,274,0.00566,junk,,,,
ia_bim_eighteenth-century_the-philosophy-of-natura_smellie-william_1791,275,0.00829,junk,,,,
ia_bim_eighteenth-century_the-philosophy-of-natura_smellie-william_1791,276,0.75672,non_junk,internal_essence,0.00998,0.24392,0.7461
ia_bim_eighteenth-century_the-philosophy-of-natura_smellie-william_1791,277,0.01485,junk,,,,
ia_bim_eighteenth-century_the-philosophy-of-natura_smellie-william_1791,278,0.97566,non_junk,non_divine_teleology,0.00349,0.95753,0.03898
ia_bim_eighteenth-century_the-philosophy-of-natura_smellie-william_1791,279,0.83281,non_junk,non_divine_teleology,0.06845,0.63288,0.29867
ia_bim_eighteenth-century_the-philosophy-of-natura_smellie-william_1791,280,0.67729,non_junk,non_divine_teleology,0.00863,0.78337,0.208
ia_bim_eighteenth-century_the-philosophy-of-natura_smellie-william_1791,281,0.99965,non_junk,non_divine_teleology,0.00294,0.98203,0.01503
ia_bim_eighteenth-century_the-philosophy-of-natura_smellie-william_1791,282,0.05978,junk,,,,
ia_bim_eighteenth-century_the-philosophy-of-natura_smellie-william_1791,283,0.00255,junk,,,,
ia_bim_eighteenth-century_the-philosophy-of-natura_smellie-william_1791,285,0.61974,non_junk,non_divine_teleology,0.0196,0.88549,0.09491
ia_bim_eighteenth-century_the-philosophy-of-natura_smellie-william_1791,286,0.69671,non_junk,non_divine_teleology,0.028,0.6205,0.3515
ia_bim_eighteenth-century_the-philosophy-of-natura_smellie-william_1791,287,0.88994,non_junk,non_divine_teleology,0.02854,0.54516,0.4263
ia_bim_eighteenth-century_the-philosophy-of-natura_smellie-william_1791,289,0.26862,junk,,,,
ia_bim_eighteenth-century_the-philosophy-of-natura_smellie-william_1791,290,0.85477,non_junk,internal_essence,0.01244,0.2372,0.75035
ia_bim_eighteenth-century_the-philosophy-of-natura_smellie-william_1791,291,0.01041,junk,,,,
ia_bim_eighteenth-century_the-philosophy-of-natura_smellie-william_1791,292,0.80165,non_junk,non_divine_teleology,0.02442,0.86382,0.11176
ia_bim_eighteenth-century_the-philosophy-of-natura_smellie-william_1791,294,0.38592,junk,,,,
ia_bim_eighteenth-century_the-philosophy-of-natura_smellie-william_1791,295,0.02824,junk,,,,
ia_bim_eighteenth-century_the-philosophy-of-natura_smellie-william_1791,297,0.00015,junk,,,,
ia_bim_eighteenth-century_the-philosophy-of-natura_smellie-william_1791,298,0.09047,junk,,,,
ia_bim_eighteenth-century_the-philosophy-of-natura_smellie-william_1791,299,0.04111,junk,,,,
ia_bim_eighteenth-century_the-philosophy-of-natura_smellie-william_1791,300,0.97692,non_junk,non_divine_teleology,0.00518,0.51395,0.48087
ia_bim_eighteenth-century_the-philosophy-of-natura_smellie-william_1791,301,0.96629,non_junk,non_divine_teleology,0.00486,0.92917,0.06597
ia_bim_eighteenth-century_the-philosophy-of-natura_smellie-william_1791,302,0.00304,junk,,,,
ia_bim_eighteenth-century_the-philosophy-of-natura_smellie-william_1791,303,0.57866,non_junk,non_divine_teleology,0.00298,0.94444,0.05258
ia_bim_eighteenth-century_the-philosophy-of-natura_smellie-william_1791,304,0.97718,non_junk,non_divine_teleology,0.0075,0.75417,0.23833
ia_bim_eighteenth-century_the-philosophy-of-natura_smellie-william_1791,305,0.18767,junk,,,,
ia_bim_eighteenth-century_the-philosophy-of-natura_smellie-william_1791,308,0.04185,junk,,,,
ia_bim_eighteenth-century_the-philosophy-of-natura_smellie-william_1791,309,0.10735,junk,,,,
ia_bim_eighteenth-century_the-philosophy-of-natura_smellie-william_1791,310,0.01952,junk,,,,
ia_bim_eighteenth-century_the-philosophy-of-natura_smellie-william_1791,311,0.64775,non_junk,non_divine_teleology,0.02349,0.93759,0.03891
ia_bim_eighteenth-century_the-philosophy-of-natura_smellie-william_1791,314,0.00369,junk,,,,
ia_bim_eighteenth-century_the-philosophy-of-natura_smellie-william_1791,315,0.99941,non_junk,non_divine_teleology,0.00558,0.98948,0.00493
ia_bim_eighteenth-century_the-philosophy-of-natura_smellie-william_1791,316,0.0131,junk,,,,
ia_bim_eighteenth-century_the-philosophy-of-natura_smellie-william_1791,317,0.99856,non_junk,non_divine_teleology,0.00579,0.98181,0.01239
ia_bim_eighteenth-century_the-philosophy-of-natura_smellie-william_1791,318,0.00369,junk,,,,
ia_bim_eighteenth-century_the-philosophy-of-natura_smellie-william_1791,319,0.99941,non_junk,non_divine_teleology,0.00558,0.98948,0.00493
ia_bim_eighteenth-century_the-philosophy-of-natura_smellie-william_1791,320,0.0131,junk,,,,
ia_bim_eighteenth-century_the-philosophy-of-natura_smellie-william_1791,321,0.99961,non_junk,non_divine_teleology,0.00928,0.97835,0.01237
ia_bim_eighteenth-century_the-philosophy-of-natura_smellie-william_1791,322,0.96993,non_junk,non_divine_teleology,0.10304,0.55447,0.34249
ia_bim_eighteenth-century_the-philosophy-of-natura_smellie-william_1791,323,0.76811,non_junk,internal_essence,0.17566,0.38481,0.43953
ia_bim_eighteenth-century_the-philosophy-of-natura_smellie-william_1791,324,0.68163,non_junk,non_divine_teleology,0.10645,0.80041,0.09314
ia_bim_eighteenth-century_the-philosophy-of-natura_smellie-william_1791,325,0.74166,non_junk,non_divine_teleology,0.04424,0.83323,0.12253
ia_bim_eighteenth-century_the-philosophy-of-natura_smellie-william_1791,326,0.89577,non_junk,non_divine_teleology,0.04873,0.81772,0.13355
ia_bim_eighteenth-century_the-philosophy-of-natura_smellie-william_1791,329,0.02817,junk,,,,
ia_bim_eighteenth-century_the-philosophy-of-natura_smellie-william_1791,331,0.0093,junk,,,,
ia_bim_eighteenth-century_the-philosophy-of-natura_smellie-william_1791,333,0.74626,non_junk,non_divine_teleology,0.04159,0.92048,0.03793
ia_bim_eighteenth-century_the-philosophy-of-natura_smellie-william_1791,334,0.9968,non_junk,non_divine_teleology,0.01177,0.65761,0.33062
ia_bim_eighteenth-century_the-philosophy-of-natura_smellie-william_1791,335,0.25188,junk,,,,
ia_bim_eighteenth-century_the-philosophy-of-natura_smellie-william_1791,336,0.91249,non_junk,non_divine_teleology,0.02278,0.90726,0.06996
ia_bim_eighteenth-century_the-philosophy-of-natura_smellie-william_1791,337,0.30563,junk,,,,
ia_bim_eighteenth-century_the-philosophy-of-natura_smellie-william_1791,338,0.62317,non_junk,non_divine_teleology,0.03713,0.87131,0.09156
ia_bim_eighteenth-century_the-philosophy-of-natura_smellie-william_1791,339,0.85913,non_junk,non_divine_teleology,0.01656,0.74677,0.23667
ia_bim_eighteenth-century_the-philosophy-of-natura_smellie-william_1791,340,0.90388,non_junk,non_divine_teleology,0.00495,0.90895,0.08611
ia_bim_eighteenth-century_the-philosophy-of-natura_smellie-william_1791,341,0.24179,junk,,,,
ia_bim_eighteenth-century_the-philosophy-of-natura_smellie-william_1791,342,0.06456,junk,,,,
ia_bim_eighteenth-century_the-philosophy-of-natura_smellie-william_1791,343,0.2754,junk,,,,
ia_bim_eighteenth-century_the-philosophy-of-natura_smellie-william_1791,344,0.01783,junk,,,,
ia_bim_eighteenth-century_the-philosophy-of-natura_smellie-william_1791,345,0.00059,junk,,,,
ia_bim_eighteenth-century_the-philosophy-of-natura_smellie-william_1791,346,0.07426,junk,,,,
ia_bim_eighteenth-century_the-philosophy-of-natura_smellie-william_1791,347,0.93686,non_junk,non_divine_teleology,0.12283,0.80588,0.07128
ia_bim_eighteenth-century_the-philosophy-of-natura_smellie-william_1791,349,0.93686,non_junk,non_divine_teleology,0.12283,0.80588,0.07128
ia_bim_eighteenth-century_the-philosophy-of-natura_smellie-william_1791,350,0.01722,junk,,,,
ia_bim_eighteenth-century_the-philosophy-of-natura_smellie-william_1791,351,0.00251,junk,,,,
ia_bim_eighteenth-century_the-philosophy-of-natura_smellie-william_1791,352,0.97875,non_junk,non_divine_teleology,0.03119,0.94638,0.02243
ia_bim_eighteenth-century_the-philosophy-of-natura_smellie-william_1791,354,0.40528,junk,,,,
ia_bim_eighteenth-century_the-philosophy-of-natura_smellie-william_1791,355,0.00196,junk,,,,
ia_bim_eighteenth-century_the-philosophy-of-natura_smellie-william_1791,357,0.99734,non_junk,non_divine_teleology,0.41799,0.50237,0.07964
ia_bim_eighteenth-century_the-philosophy-of-natura_smellie-william_1791,358,0.01844,junk,,,,
ia_bim_eighteenth-century_the-philosophy-of-natura_smellie-william_1791,359,0.78326,non_junk,non_divine_teleology,0.39063,0.56606,0.04331
ia_bim_eighteenth-century_the-philosophy-of-natura_smellie-william_1791,360,0.94325,non_junk,non_divine_teleology,0.01128,0.95853,0.03019
ia_bim_eighteenth-century_the-philosophy-of-natura_smellie-william_1791,361,0.99444,non_junk,non_divine_teleology,0.02597,0.90517,0.06887
ia_bim_eighteenth-century_the-philosophy-of-natura_smellie-william_1791,362,0.04465,junk,,,,
ia_bim_eighteenth-century_the-philosophy-of-natura_smellie-william_1791,364,0.45052,junk,,,,
ia_bim_eighteenth-century_the-philosophy-of-natura_smellie-william_1791,366,0.02608,junk,,,,
ia_bim_eighteenth-century_the-philosophy-of-natura_smellie-william_1791,367,0.02203,junk,,,,
ia_bim_eighteenth-century_the-philosophy-of-natura_smellie-william_1791,368,0.81025,non_junk,non_divine_teleology,0.03998,0.79862,0.16139
ia_bim_eighteenth-century_the-philosophy-of-natura_smellie-william_1791,369,0.91669,non_junk,non_divine_teleology,0.00746,0.81524,0.17731
ia_bim_eighteenth-century_the-philosophy-of-natura_smellie-william_1791,371,0.02645,junk,,,,
ia_bim_eighteenth-century_the-philosophy-of-natura_smellie-william_1791,372,0.00362,junk,,,,
ia_bim_eighteenth-century_the-philosophy-of-natura_smellie-william_1791,373,0.00687,junk,,,,
ia_bim_eighteenth-century_the-philosophy-of-natura_smellie-william_1791,374,0.00695,junk,,,,
ia_bim_eighteenth-century_the-philosophy-of-natura_smellie-william_1791,376,0.14704,junk,,,,
ia_bim_eighteenth-century_the-philosophy-of-natura_smellie-william_1791,377,0.3769,junk,,,,
ia_bim_eighteenth-century_the-philosophy-of-natura_smellie-william_1791,378,0.95145,non_junk,non_divine_teleology,0.2602,0.61545,0.12436
ia_bim_eighteenth-century_the-philosophy-of-natura_smellie-william_1791,379,0.11039,junk,,,,
ia_bim_eighteenth-century_the-philosophy-of-natura_smellie-william_1791,380,0.00331,junk,,,,
ia_bim_eighteenth-century_the-philosophy-of-natura_smellie-william_1791,381,0.00331,junk,,,,
ia_bim_eighteenth-century_the-philosophy-of-natura_smellie-william_1791,382,0.00268,junk,,,,
ia_bim_eighteenth-century_the-philosophy-of-natura_smellie-william_1791,383,0.92257,non_junk,non_divine_teleology,0.02724,0.94696,0.0258
ia_bim_eighteenth-century_the-philosophy-of-natura_smellie-william_1791,384,0.38411,junk,,,,
ia_bim_eighteenth-century_the-philosophy-of-natura_smellie-william_1791,385,0.99103,non_junk,non_divine_teleology,0.03426,0.91637,0.04937
ia_bim_eighteenth-century_the-philosophy-of-natura_smellie-william_1791,386,0.64802,non_junk,non_divine_teleology,0.08148,0.84648,0.07204
ia_bim_eighteenth-century_the-philosophy-of-natura_smellie-william_1791,387,0.96578,non_junk,non_divine_teleology,0.03342,0.89943,0.06715
ia_bim_eighteenth-century_the-philosophy-of-natura_smellie-william_1791,388,0.00041,junk,,,,
ia_bim_eighteenth-century_the-philosophy-of-natura_smellie-william_1791,389,0.87897,non_junk,non_divine_teleology,0.02687,0.90228,0.07085
ia_bim_eighteenth-century_the-philosophy-of-natura_smellie-william_1791,390,0.00175,junk,,,,
ia_bim_eighteenth-century_the-philosophy-of-natura_smellie-william_1791,391,0.92147,non_junk,non_divine_teleology,0.0269,0.95242,0.02067
ia_bim_eighteenth-century_the-philosophy-of-natura_smellie-william_1791,393,0.01105,junk,,,,
ia_bim_eighteenth-century_the-philosophy-of-natura_smellie-william_1791,395,0.99786,non_junk,non_divine_teleology,0.00543,0.99061,0.00396
ia_bim_eighteenth-century_the-philosophy-of-natura_smellie-william_1791,396,0.45735,junk,,,,
ia_bim_eighteenth-century_the-philosophy-of-natura_smellie-william_1791,397,0.9882,non_junk,non_divine_teleology,0.01165,0.60456,0.38379
ia_bim_eighteenth-century_the-philosophy-of-natura_smellie-william_1791,400,0.10016,junk,,,,
ia_bim_eighteenth-century_the-philosophy-of-natura_smellie-william_1791,403,0.00137,junk,,,,
ia_bim_eighteenth-century_the-philosophy-of-natura_smellie-william_1791,404,0.01531,junk,,,,
ia_bim_eighteenth-century_the-philosophy-of-natura_smellie-william_1791,405,0.5104,non_junk,non_divine_teleology,0.07369,0.61967,0.30664
ia_bim_eighteenth-century_the-philosophy-of-natura_smellie-william_1791,406,0.50518,non_junk,non_divine_teleology,0.04892,0.75391,0.19717
ia_bim_eighteenth-century_the-philosophy-of-natura_smellie-william_1791,407,0.00413,junk,,,,
ia_bim_eighteenth-century_the-philosophy-of-natura_smellie-william_1791,408,0.48873,junk,,,,
ia_bim_eighteenth-century_the-philosophy-of-natura_smellie-william_1791,409,0.85547,non_junk,non_divine_teleology,0.05908,0.83508,0.10583
ia_bim_eighteenth-century_the-philosophy-of-natura_smellie-william_1791,410,0.07024,junk,,,,
ia_bim_eighteenth-century_the-philosophy-of-natura_smellie-william_1791,411,0.71418,non_junk,non_divine_teleology,0.12511,0.77105,0.10384
ia_bim_eighteenth-century_the-philosophy-of-natura_smellie-william_1791,412,0.03161,junk,,,,
ia_bim_eighteenth-century_the-philosophy-of-natura_smellie-william_1791,413,0.00465,junk,,,,
ia_bim_eighteenth-century_the-philosophy-of-natura_smellie-william_1791,414,0.92816,non_junk,non_divine_teleology,0.1055,0.7761,0.1184
ia_bim_eighteenth-century_the-philosophy-of-natura_smellie-william_1791,416,0.00139,junk,,,,
ia_bim_eighteenth-century_the-philosophy-of-natura_smellie-william_1791,417,0.0007,junk,,,,
ia_bim_eighteenth-century_the-philosophy-of-natura_smellie-william_1791,418,0.04516,junk,,,,
ia_bim_eighteenth-century_the-philosophy-of-natura_smellie-william_1791,420,0.33782,junk,,,,
ia_bim_eighteenth-century_the-philosophy-of-natura_smellie-william_1791,421,0.49433,junk,,,,
ia_bim_eighteenth-century_the-philosophy-of-natura_smellie-william_1791,422,0.66643,non_junk,internal_essence,0.02103,0.46851,0.51046
ia_bim_eighteenth-century_the-philosophy-of-natura_smellie-william_1791,423,0.00194,junk,,,,
ia_bim_eighteenth-century_the-philosophy-of-natura_smellie-william_1791,424,0.08995,junk,,,,
ia_bim_eighteenth-century_the-philosophy-of-natura_smellie-william_1791,425,0.803,non_junk,non_divine_teleology,0.208,0.40607,0.38593
ia_bim_eighteenth-century_the-philosophy-of-natura_smellie-william_1791,428,0.90527,non_junk,internal_essence,0.02914,0.43716,0.5337
ia_bim_eighteenth-century_the-philosophy-of-natura_smellie-william_1791,429,0.47181,junk,,,,
ia_bim_eighteenth-century_the-philosophy-of-natura_smellie-william_1791,430,0.02337,junk,,,,
ia_bim_eighteenth-century_the-philosophy-of-natura_smellie-william_1791,431,0.6942,non_junk,non_divine_teleology,0.08519,0.74756,0.16725
ia_bim_eighteenth-century_the-philosophy-of-natura_smellie-william_1791,433,0.30737,junk,,,,
ia_bim_eighteenth-century_the-philosophy-of-natura_smellie-william_1791,434,0.15574,junk,,,,
ia_bim_eighteenth-century_the-philosophy-of-natura_smellie-william_1791,435,0.58525,non_junk,non_divine_teleology,0.03166,0.91657,0.05177
ia_bim_eighteenth-century_the-philosophy-of-natura_smellie-william_1791,436,0.77894,non_junk,non_divine_teleology,0.04609,0.80809,0.14582
ia_bim_eighteenth-century_the-philosophy-of-natura_smellie-william_1791,437,0.0091,junk,,,,
ia_bim_eighteenth-century_the-philosophy-of-natura_smellie-william_1791,438,0.01087,junk,,,,
ia_bim_eighteenth-century_the-philosophy-of-natura_smellie-william_1791,439,0.02529,junk,,,,
ia_bim_eighteenth-century_the-philosophy-of-natura_smellie-william_1791,441,0.90993,non_junk,non_divine_teleology,0.05834,0.91028,0.03139
ia_bim_eighteenth-century_the-philosophy-of-natura_smellie-william_1791,442,0.91008,non_junk,internal_essence,0.09431,0.29185,0.61384
ia_bim_eighteenth-century_the-philosophy-of-natura_smellie-william_1791,444,0.91008,non_junk,internal_essence,0.09431,0.29185,0.61384
ia_bim_eighteenth-century_the-philosophy-of-natura_smellie-william_1791,445,0.0008,junk,,,,
ia_bim_eighteenth-century_the-philosophy-of-natura_smellie-william_1791,446,0.35442,junk,,,,
ia_bim_eighteenth-century_the-philosophy-of-natura_smellie-william_1791,449,0.04893,junk,,,,
ia_bim_eighteenth-century_the-philosophy-of-natura_smellie-william_1791,450,0.00082,junk,,,,
ia_bim_eighteenth-century_the-philosophy-of-natura_smellie-william_1791,451,0.01941,junk,,,,
ia_bim_eighteenth-century_the-philosophy-of-natura_smellie-william_1791,452,0.36657,junk,,,,
ia_bim_eighteenth-century_the-philosophy-of-natura_smellie-william_1791,453,0.9981,non_junk,non_divine_teleology,0.00689,0.55448,0.43863
ia_bim_eighteenth-century_the-philosophy-of-natura_smellie-william_1791,455,0.08546,junk,,,,
ia_bim_eighteenth-century_the-philosophy-of-natura_smellie-william_1791,456,0.12298,junk,,,,
ia_bim_eighteenth-century_the-philosophy-of-natura_smellie-william_1791,458,0.06615,junk,,,,
ia_bim_eighteenth-century_the-philosophy-of-natura_smellie-william_1791,459,5e-05,junk,,,,
ia_bim_eighteenth-century_the-philosophy-of-natura_smellie-william_1791,460,5e-05,junk,,,,
ia_bim_eighteenth-century_the-philosophy-of-natura_smellie-william_1791,462,0.03567,junk,,,,
ia_bim_eighteenth-century_the-philosophy-of-natura_smellie-william_1791,463,0.09952,junk,,,,
ia_bim_eighteenth-century_the-philosophy-of-natura_smellie-william_1791,464,0.8936,non_junk,non_divine_teleology,0.02441,0.85125,0.12434
ia_bim_eighteenth-century_the-philosophy-of-natura_smellie-william_1791,465,0.37718,junk,,,,
ia_bim_eighteenth-century_the-philosophy-of-natura_smellie-william_1791,466,0.5869,non_junk,non_divine_teleology,0.03234,0.52572,0.44194
ia_bim_eighteenth-century_the-philosophy-of-natura_smellie-william_1791,467,0.00024,junk,,,,
ia_bim_eighteenth-century_the-philosophy-of-natura_smellie-william_1791,468,0.76675,non_junk,non_divine_teleology,0.08139,0.58957,0.32904
ia_bim_eighteenth-century_the-philosophy-of-natura_smellie-william_1791,470,0.30751,junk,,,,
ia_bim_eighteenth-century_the-philosophy-of-natura_smellie-william_1791,471,0.03558,junk,,,,
ia_bim_eighteenth-century_the-philosophy-of-natura_smellie-william_1791,472,0.23488,junk,,,,
ia_bim_eighteenth-century_the-philosophy-of-natura_smellie-william_1791,473,0.25471,junk,,,,
ia_bim_eighteenth-century_the-philosophy-of-natura_smellie-william_1791,474,0.00146,junk,,,,
ia_bim_eighteenth-century_the-philosophy-of-natura_smellie-william_1791,475,0.00991,junk,,,,
ia_bim_eighteenth-century_the-philosophy-of-natura_smellie-william_1791,476,0.24974,junk,,,,
ia_bim_eighteenth-century_the-philosophy-of-natura_smellie-william_1791,477,7e-05,junk,,,,
ia_bim_eighteenth-century_the-philosophy-of-natura_smellie-william_1791,478,0.00998,junk,,,,
ia_bim_eighteenth-century_the-philosophy-of-natura_smellie-william_1791,480,0.55121,non_junk,non_divine_teleology,0.02189,0.87607,0.10204
ia_bim_eighteenth-century_the-philosophy-of-natura_smellie-william_1791,481,0.2003,junk,,,,
ia_bim_eighteenth-century_the-philosophy-of-natura_smellie-william_1791,482,0.95726,non_junk,non_divine_teleology,0.04797,0.7942,0.15783
ia_bim_eighteenth-century_the-philosophy-of-natura_smellie-william_1791,483,0.83533,non_junk,non_divine_teleology,0.08306,0.79472,0.12222
ia_bim_eighteenth-century_the-philosophy-of-natura_smellie-william_1791,485,0.47193,junk,,,,
ia_bim_eighteenth-century_the-philosophy-of-natura_smellie-william_1791,486,0.67382,non_junk,non_divine_teleology,0.04219,0.68462,0.27319
ia_bim_eighteenth-century_the-philosophy-of-natura_smellie-william_1791,487,0.98041,non_junk,non_divine_teleology,0.02787,0.888,0.08413
ia_bim_eighteenth-century_the-philosophy-of-natura_smellie-william_1791,488,0.99579,non_junk,non_divine_teleology,0.01212,0.96366,0.02422
ia_bim_eighteenth-century_the-philosophy-of-natura_smellie-william_1791,490,0.99559,non_junk,non_divine_teleology,0.00764,0.80959,0.18277
ia_bim_eighteenth-century_the-philosophy-of-natura_smellie-william_1791,491,0.83649,non_junk,non_divine_teleology,0.06329,0.79022,0.14649
ia_bim_eighteenth-century_the-philosophy-of-natura_smellie-william_1791,492,0.2144,junk,,,,
ia_bim_eighteenth-century_the-philosophy-of-natura_smellie-william_1791,493,0.00234,junk,,,,
ia_bim_eighteenth-century_the-philosophy-of-natura_smellie-william_1791,494,0.11382,junk,,,,
ia_bim_eighteenth-century_the-philosophy-of-natura_smellie-william_1791,495,0.09551,junk,,,,
ia_bim_eighteenth-century_the-philosophy-of-natura_smellie-william_1791,496,0.02184,junk,,,,
ia_bim_eighteenth-century_the-philosophy-of-natura_smellie-william_1791,497,0.00516,junk,,,,
ia_bim_eighteenth-century_the-philosophy-of-natura_smellie-william_1791,498,0.01717,junk,,,,
ia_bim_eighteenth-century_the-philosophy-of-natura_smellie-william_1791,499,0.94293,non_junk,non_divine_teleology,0.30097,0.62334,0.0757
ia_bim_eighteenth-century_the-philosophy-of-natura_smellie-william_1791,501,0.12524,junk,,,,
ia_bim_eighteenth-century_the-philosophy-of-natura_smellie-william_1791,502,0.01189,junk,,,,
ia_bim_eighteenth-century_the-philosophy-of-natura_smellie-william_1791,503,0.46229,junk,,,,
ia_bim_eighteenth-century_the-philosophy-of-natura_smellie-william_1791,505,0.03196,junk,,,,
ia_bim_eighteenth-century_the-philosophy-of-natura_smellie-william_1791,506,0.61869,non_junk,non_divine_teleology,0.01969,0.88688,0.09344
ia_bim_eighteenth-century_the-philosophy-of-natura_smellie-william_1791,507,0.94494,non_junk,non_divine_teleology,0.0075,0.97324,0.01927
ia_bim_eighteenth-century_the-philosophy-of-natura_smellie-william_1791,508,0.11018,junk,,,,
ia_bim_eighteenth-century_the-philosophy-of-natura_smellie-william_1791,510,0.0861,junk,,,,
ia_bim_eighteenth-century_the-philosophy-of-natura_smellie-william_1791,511,0.73043,non_junk,non_divine_teleology,0.02773,0.906,0.06627
ia_bim_eighteenth-century_the-philosophy-of-natura_smellie-william_1791,512,0.84683,non_junk,non_divine_teleology,0.02687,0.77192,0.20121
ia_bim_eighteenth-century_the-philosophy-of-natura_smellie-william_1791,513,0.01946,junk,,,,
ia_bim_eighteenth-century_the-philosophy-of-natura_smellie-william_1791,517,0.32173,junk,,,,
ia_bim_eighteenth-century_the-philosophy-of-natura_smellie-william_1791,518,0.93721,non_junk,non_divine_teleology,0.11205,0.59795,0.29
ia_bim_eighteenth-century_the-philosophy-of-natura_smellie-william_1791,520,0.94404,non_junk,non_divine_teleology,0.02084,0.94008,0.03908
ia_bim_eighteenth-century_the-philosophy-of-natura_smellie-william_1791,522,0.86937,non_junk,non_divine_teleology,0.01523,0.9665,0.01826
ia_bim_eighteenth-century_the-philosophy-of-natura_smellie-william_1791,523,0.97803,non_junk,non_divine_teleology,0.00173,0.99544,0.00283
ia_bim_eighteenth-century_the-philosophy-of-natura_smellie-william_1791,524,0.99472,non_junk,non_divine_teleology,0.00089,0.99269,0.00642
ia_bim_eighteenth-century_the-philosophy-of-natura_smellie-william_1791,526,1e-05,junk,,,,
ia_bim_eighteenth-century_the-philosophy-of-natura_smellie-william_1791,527,0.00895,junk,,,,
ia_bim_eighteenth-century_the-philosophy-of-natura_smellie-william_1791,528,0.97716,non_junk,non_divine_teleology,0.02106,0.9741,0.00485
ia_bim_eighteenth-century_the-philosophy-of-natura_smellie-william_1791,529,0.05079,junk,,,,
ia_bim_eighteenth-century_the-philosophy-of-natura_smellie-william_1791,530,0.58165,non_junk,non_divine_teleology,0.00878,0.96465,0.02657
ia_bim_eighteenth-century_the-philosophy-of-natura_smellie-william_1791,531,0.04134,junk,,,,
ia_bim_eighteenth-century_the-philosophy-of-natura_smellie-william_1791,533,0.42634,junk,,,,
ia_bim_eighteenth-century_the-philosophy-of-natura_smellie-william_1791,534,0.0793,junk,,,,
ia_bim_eighteenth-century_the-philosophy-of-natura_smellie-william_1791,535,0.00422,junk,,,,
ia_bim_eighteenth-century_the-philosophy-of-natura_smellie-william_1791,537,0.04422,junk,,,,
ia_bim_eighteenth-century_the-philosophy-of-natura_smellie-william_1791,541,0.01612,junk,,,,
ia_bim_eighteenth-century_the-philosophy-of-natura_smellie-william_1791,542,0.24714,junk,,,,
ia_bim_eighteenth-century_the-philosophy-of-natura_smellie-william_1791,546,0.00052,junk,,,,
ia_bim_eighteenth-century_the-philosophy-of-natura_smellie-william_1791,547,0.99023,non_junk,non_divine_teleology,0.03699,0.93012,0.03289
ia_bim_eighteenth-century_the-philosophy-of-natura_smellie-william_1791,548,0.97925,non_junk,non_divine_teleology,0.01365,0.95157,0.03478
ia_bim_eighteenth-century_the-philosophy-of-natura_smellie-william_1791,549,0.14891,junk,,,,
ia_bim_eighteenth-century_the-philosophy-of-natura_smellie-william_1791,550,0.01233,junk,,,,
ia_bim_eighteenth-century_the-philosophy-of-natura_smellie-william_1791,551,0.00055,junk,,,,
ia_bim_eighteenth-century_the-philosophy-of-natura_smellie-william_1791,552,0.00064,junk,,,,
ia_bim_eighteenth-century_the-philosophy-of-natura_smellie-william_1791,553,0.01665,junk,,,,
ia_bim_eighteenth-century_the-philosophy-of-natura_smellie-william_1791,554,0.06171,junk,,,,
ia_bim_eighteenth-century_the-philosophy-of-natura_smellie-william_1791,555,0.10841,junk,,,,
ia_bim_eighteenth-century_the-philosophy-of-natura_smellie-william_1791,556,0.00637,junk,,,,
ia_bim_eighteenth-century_the-philosophy-of-natura_smellie-william_1791,558,0.02739,junk,,,,
ia_bim_eighteenth-century_the-philosophy-of-natura_smellie-william_1791,560,0.00578,junk,,,,
ia_bim_eighteenth-century_the-philosophy-of-natura_smellie-william_1791,561,0.98513,non_junk,internal_essence,0.00383,0.02943,0.96674
ia_bim_eighteenth-century_the-philosophy-of-natura_smellie-william_1791,562,0.01255,junk,,,,
ia_bim_eighteenth-century_the-philosophy-of-natura_smellie-william_1791,563,0.01859,junk,,,,
ia_bim_eighteenth-century_the-philosophy-of-natura_smellie-william_1791,564,0.7184,non_junk,non_divine_teleology,0.38785,0.56105,0.05111
ia_bim_eighteenth-century_the-philosophy-of-natura_smellie-william_1791,565,0.32247,junk,,,,
ia_bim_eighteenth-century_the-philosophy-of-natura_smellie-william_1791,566,0.34276,junk,,,,
ia_bim_eighteenth-century_the-philosophy-of-natura_smellie-william_1791,567,0.14047,junk,,,,
ia_bim_eighteenth-century_the-philosophy-of-natura_smellie-william_1791,568,0.00348,junk,,,,
ia_bim_eighteenth-century_the-philosophy-of-natura_smellie-william_1791,570,0.43409,junk,,,,
ia_bim_eighteenth-century_the-philosophy-of-natura_smellie-william_1791,572,0.06981,junk,,,,
ia_bim_eighteenth-century_the-philosophy-of-natura_smellie-william_1791,574,0.02065,junk,,,,
ia_bim_eighteenth-century_the-philosophy-of-natura_smellie-william_1791,575,0.00066,junk,,,,
ia_bim_eighteenth-century_the-philosophy-of-natura_smellie-william_1791,578,0.00066,junk,,,,
ia_bim_eighteenth-century_the-philosophy-of-natura_smellie-william_1791,579,0.03193,junk,,,,
ia_bim_eighteenth-century_the-philosophy-of-natura_smellie-william_1791,580,0.9267,non_junk,non_divine_teleology,0.00714,0.98409,0.00878
ia_bim_eighteenth-century_the-philosophy-of-natura_smellie-william_1791,581,0.00197,junk,,,,
ia_bim_eighteenth-century_the-philosophy-of-natura_smellie-william_1791,582,4e-05,junk,,,,
ia_bim_eighteenth-century_the-philosophy-of-natura_smellie-william_1791,583,0.01596,junk,,,,
ia_bim_eighteenth-century_the-philosophy-of-natura_smellie-william_1791,584,0.01937,junk,,,,
ia_bim_eighteenth-century_the-philosophy-of-natura_smellie-william_1791,585,0.00681,junk,,,,
ia_bim_eighteenth-century_the-philosophy-of-natura_smellie-william_1791,586,0.05828,junk,,,,
ia_bim_eighteenth-century_the-philosophy-of-natura_smellie-william_1791,588,0.05985,junk,,,,
ia_bim_eighteenth-century_the-philosophy-of-natura_smellie-william_1791,589,0.02882,junk,,,,
ia_bim_eighteenth-century_the-philosophy-of-natura_smellie-william_1791,590,0.00579,junk,,,,
ia_bim_eighteenth-century_the-philosophy-of-natura_smellie-william_1791,591,0.08322,junk,,,,
ia_bim_eighteenth-century_the-philosophy-of-natura_smellie-william_1791,592,0.0263,junk,,,,
ia_bim_eighteenth-century_the-philosophy-of-natura_smellie-william_1791,593,0.00317,junk,,,,
ia_bim_eighteenth-century_the-philosophy-of-natura_smellie-william_1791,594,0.02385,junk,,,,
ia_bim_eighteenth-century_the-philosophy-of-natura_smellie-william_1791,595,0.00035,junk,,,,
ia_bim_eighteenth-century_the-philosophy-of-natura_smellie-william_1791,596,0.05043,junk,,,,
ia_bim_eighteenth-century_the-philosophy-of-natura_smellie-william_1791,597,7e-05,junk,,,,
ia_bim_eighteenth-century_the-philosophy-of-natura_smellie-william_1791,598,0.07646,junk,,,,
ia_bim_eighteenth-century_the-philosophy-of-natura_smellie-william_1791,600,0.07646,junk,,,,
ia_bim_eighteenth-century_the-philosophy-of-natura_smellie-william_1791,601,0.00384,junk,,,,
ia_bim_eighteenth-century_the-philosophy-of-natura_smellie-william_1791,602,0.43334,junk,,,,
ia_bim_eighteenth-century_the-philosophy-of-natura_smellie-william_1791,603,0.00405,junk,,,,
ia_bim_eighteenth-century_the-philosophy-of-natura_smellie-william_1791,605,0.00231,junk,,,,
ia_bim_eighteenth-century_the-philosophy-of-natura_smellie-william_1791,606,0.00016,junk,,,,
ia_bim_eighteenth-century_the-philosophy-of-natura_smellie-william_1791,607,0.06322,junk,,,,
ia_bim_eighteenth-century_the-philosophy-of-natura_smellie-william_1791,608,0.0002,junk,,,,
ia_bim_eighteenth-century_the-philosophy-of-natura_smellie-william_1791,609,0.00231,junk,,,,
ia_bim_eighteenth-century_the-philosophy-of-natura_smellie-william_1791,611,0.06322,junk,,,,
ia_bim_eighteenth-century_the-philosophy-of-natura_smellie-william_1791,612,0.0002,junk,,,,
ia_bim_eighteenth-century_the-philosophy-of-natura_smellie-william_1791,613,0.00015,junk,,,,
ia_bim_eighteenth-century_the-philosophy-of-natura_smellie-william_1791,614,0.00076,junk,,,,
ia_bim_eighteenth-century_the-philosophy-of-natura_smellie-william_1791,616,0.01383,junk,,,,
ia_bim_eighteenth-century_the-philosophy-of-natura_smellie-william_1791,617,0.0054,junk,,,,
ia_bim_eighteenth-century_the-philosophy-of-natura_smellie-william_1791,619,0.15837,junk,,,,
ia_bim_eighteenth-century_the-philosophy-of-natura_smellie-william_1791,621,0.00035,junk,,,,
ia_bim_eighteenth-century_the-philosophy-of-natura_smellie-william_1791,624,0.00828,junk,,,,
ia_bim_eighteenth-century_the-philosophy-of-natura_smellie-william_1791,625,0.00744,junk,,,,
ia_bim_eighteenth-century_the-philosophy-of-natura_smellie-william_1791,626,0.02703,junk,,,,
ia_bim_eighteenth-century_the-philosophy-of-natura_smellie-william_1791,629,0.16608,junk,,,,
ia_bim_eighteenth-century_the-philosophy-of-natura_smellie-william_1791,630,0.31853,junk,,,,
ia_bim_eighteenth-century_the-philosophy-of-natura_smellie-william_1791,631,0.00129,junk,,,,
ia_bim_eighteenth-century_the-philosophy-of-natura_smellie-william_1791,632,0.01465,junk,,,,
ia_bim_eighteenth-century_the-philosophy-of-natura_smellie-william_1791,635,0.00129,junk,,,,
ia_bim_eighteenth-century_the-philosophy-of-natura_smellie-william_1791,638,0.7801,non_junk,non_divine_teleology,0.01816,0.89628,0.08555
ia_bim_eighteenth-century_the-philosophy-of-natura_smellie-william_1791,639,0.39361,junk,,,,
ia_bim_eighteenth-century_the-philosophy-of-natura_smellie-william_1791,640,0.38124,junk,,,,
ia_bim_eighteenth-century_the-philosophy-of-natura_smellie-william_1791,641,0.74584,non_junk,non_divine_teleology,0.00623,0.84672,0.14705
ia_bim_eighteenth-century_the-philosophy-of-natura_smellie-william_1791,642,0.04607,junk,,,,
ia_bim_eighteenth-century_the-philosophy-of-natura_smellie-william_1791,643,0.98835,non_junk,non_divine_teleology,0.1884,0.63521,0.17639
ia_bim_eighteenth-century_the-philosophy-of-natura_smellie-william_1791,644,0.20581,junk,,,,
ia_bim_eighteenth-century_the-philosophy-of-natura_smellie-william_1791,645,0.06362,junk,,,,
ia_bim_eighteenth-century_the-philosophy-of-natura_smellie-william_1791,647,0.46183,junk,,,,
ia_bim_eighteenth-century_the-philosophy-of-natura_smellie-william_1791,648,0.09504,junk,,,,
ia_bim_eighteenth-century_the-philosophy-of-natura_smellie-william_1791,649,0.04214,junk,,,,
ia_bim_eighteenth-century_the-philosophy-of-natura_smellie-william_1791,650,0.97221,non_junk,non_divine_teleology,0.01633,0.74885,0.23482
ia_bim_eighteenth-century_the-philosophy-of-natura_smellie-william_1791,651,0.21409,junk,,,,
ia_bim_eighteenth-century_the-philosophy-of-natura_smellie-william_1791,653,0.28409,junk,,,,
ia_bim_eighteenth-century_the-philosophy-of-natura_smellie-william_1791,654,0.95105,non_junk,non_divine_teleology,0.01784,0.93966,0.0425
ia_bim_eighteenth-century_the-philosophy-of-natura_smellie-william_1791,656,0.9975,non_junk,non_divine_teleology,0.02145,0.93826,0.04029
ia_bim_eighteenth-century_the-philosophy-of-natura_smellie-william_1791,659,0.00055,junk,,,,
ia_bim_eighteenth-century_the-philosophy-of-natura_smellie-william_1791,660,0.1428,junk,,,,
ia_bim_eighteenth-century_the-philosophy-of-natura_smellie-william_1791,661,0.00229,junk,,,,
ia_bim_eighteenth-century_the-philosophy-of-natura_smellie-william_1791,664,0.00078,junk,,,,
ia_bim_eighteenth-century_the-philosophy-of-natura_smellie-william_1791,665,0.00078,junk,,,,
ia_bim_eighteenth-century_the-philosophy-of-natura_smellie-william_1791,666,0.75481,non_junk,non_divine_teleology,0.02638,0.49816,0.47546
ia_bim_eighteenth-century_the-philosophy-of-natura_smellie-william_1791,667,0.02301,junk,,,,
ia_bim_eighteenth-century_the-philosophy-of-natura_smellie-william_1791,668,0.00183,junk,,,,
ia_bim_eighteenth-century_the-philosophy-of-natura_smellie-william_1791,669,0.6511,non_junk,internal_essence,0.02015,0.35276,0.62709
ia_bim_eighteenth-century_the-philosophy-of-natura_smellie-william_1791,670,0.78313,non_junk,non_divine_teleology,0.01532,0.80234,0.18234
ia_bim_eighteenth-century_the-philosophy-of-natura_smellie-william_1791,671,0.03911,junk,,,,
ia_bim_eighteenth-century_the-philosophy-of-natura_smellie-william_1791,673,0.02376,junk,,,,
ia_bim_eighteenth-century_the-philosophy-of-natura_smellie-william_1791,675,0.9347,non_junk,non_divine_teleology,0.00794,0.92767,0.06439
ia_bim_eighteenth-century_the-philosophy-of-natura_smellie-william_1791,676,0.17973,junk,,,,
ia_bim_eighteenth-century_the-philosophy-of-natura_smellie-william_1791,677,2e-05,junk,,,,
ia_bim_eighteenth-century_the-philosophy-of-natura_smellie-william_1791,678,0.00172,junk,,,,
ia_bim_eighteenth-century_the-philosophy-of-natura_smellie-william_1791,679,0.00041,junk,,,,
ia_bim_eighteenth-century_the-philosophy-of-natura_smellie-william_1791,680,0.31683,junk,,,,
ia_bim_eighteenth-century_the-philosophy-of-natura_smellie-william_1791,681,0.0606,junk,,,,
ia_bim_eighteenth-century_the-philosophy-of-natura_smellie-william_1791,682,0.98508,non_junk,non_divine_teleology,0.01689,0.8143,0.16881
ia_bim_eighteenth-century_the-philosophy-of-natura_smellie-william_1791,684,0.938,non_junk,non_divine_teleology,0.01484,0.9404,0.04476
ia_bim_eighteenth-century_the-philosophy-of-natura_smellie-william_1791,685,0.00145,junk,,,,
ia_bim_eighteenth-century_the-philosophy-of-natura_smellie-william_1791,686,0.23154,junk,,,,
ia_bim_eighteenth-century_the-philosophy-of-natura_smellie-william_1791,688,0.00145,junk,,,,
ia_bim_eighteenth-century_the-philosophy-of-natura_smellie-william_1791,689,0.23154,junk,,,,
ia_bim_eighteenth-century_the-philosophy-of-natura_smellie-william_1791,690,0.97134,non_junk,non_divine_teleology,0.00704,0.96892,0.02404
ia_bim_eighteenth-century_the-philosophy-of-natura_smellie-william_1791,692,0.00045,junk,,,,
ia_bim_eighteenth-century_the-philosophy-of-natura_smellie-william_1791,693,0.0163,junk,,,,
ia_bim_eighteenth-century_the-philosophy-of-natura_smellie-william_1791,694,0.00299,junk,,,,
ia_bim_eighteenth-century_the-philosophy-of-natura_smellie-william_1791,695,0.53824,non_junk,internal_essence,0.01832,0.26321,0.71847
ia_bim_eighteenth-century_the-philosophy-of-natura_smellie-william_1791,696,0.00022,junk,,,,
ia_bim_eighteenth-century_the-philosophy-of-natura_smellie-william_1791,697,0.00868,junk,,,,
ia_bim_eighteenth-century_the-philosophy-of-natura_smellie-william_1791,698,0.26798,junk,,,,
ia_bim_eighteenth-century_the-philosophy-of-natura_smellie-william_1791,699,0.79647,non_junk,non_divine_teleology,0.04143,0.61062,0.34794
ia_bim_eighteenth-century_the-philosophy-of-natura_smellie-william_1791,701,0.0006,junk,,,,
ia_bim_eighteenth-century_the-philosophy-of-natura_smellie-william_1791,702,0.96033,non_junk,non_divine_teleology,0.00475,0.79828,0.19697
ia_bim_eighteenth-century_the-philosophy-of-natura_smellie-william_1791,703,0.9137,non_junk,non_divine_teleology,0.02056,0.52295,0.45649
ia_bim_eighteenth-century_the-philosophy-of-natura_smellie-william_1791,704,0.47089,junk,,,,
ia_bim_eighteenth-century_the-philosophy-of-natura_smellie-william_1791,705,0.00021,junk,,,,
ia_bim_eighteenth-century_the-philosophy-of-natura_smellie-william_1791,708,0.03413,junk,,,,
ia_bim_eighteenth-century_the-philosophy-of-natura_smellie-william_1791,709,0.07638,junk,,,,
ia_bim_eighteenth-century_the-philosophy-of-natura_smellie-william_1791,710,0.99662,non_junk,non_divine_teleology,0.10995,0.68151,0.20854
ia_bim_eighteenth-century_the-philosophy-of-natura_smellie-william_1791,711,9e-05,junk,,,,
ia_bim_eighteenth-century_the-philosophy-of-natura_smellie-william_1791,712,0.03413,junk,,,,
ia_bim_eighteenth-century_the-philosophy-of-natura_smellie-william_1791,713,0.07638,junk,,,,
ia_bim_eighteenth-century_the-philosophy-of-natura_smellie-william_1791,715,9e-05,junk,,,,
ia_bim_eighteenth-century_the-philosophy-of-natura_smellie-william_1791,716,0.0056,junk,,,,
ia_bim_eighteenth-century_the-philosophy-of-natura_smellie-william_1791,717,0.00018,junk,,,,
ia_bim_eighteenth-century_the-philosophy-of-natura_smellie-william_1791,718,6e-05,junk,,,,
ia_bim_eighteenth-century_the-philosophy-of-natura_smellie-william_1791,719,0.0056,junk,,,,
ia_bim_eighteenth-century_the-philosophy-of-natura_smellie-william_1791,720,0.00018,junk,,,,
ia_bim_eighteenth-century_the-philosophy-of-natura_smellie-william_1791,721,0.01486,junk,,,,
ia_bim_eighteenth-century_the-philosophy-of-natura_smellie-william_1791,722,0.00169,junk,,,,
ia_bim_eighteenth-century_the-philosophy-of-natura_smellie-william_1791,723,0.02229,junk,,,,
ia_bim_eighteenth-century_the-philosophy-of-natura_smellie-william_1791,724,0.14147,junk,,,,
ia_bim_eighteenth-century_the-philosophy-of-natura_smellie-william_1791,726,0.03357,junk,,,,
ia_bim_eighteenth-century_the-philosophy-of-natura_smellie-william_1791,727,0.95998,non_junk,non_divine_teleology,0.04275,0.94045,0.0168
ia_bim_eighteenth-century_the-philosophy-of-natura_smellie-william_1791,728,0.02377,junk,,,,
ia_bim_eighteenth-century_the-philosophy-of-natura_smellie-william_1791,730,0.06326,junk,,,,
ia_bim_eighteenth-century_the-philosophy-of-natura_smellie-william_1791,731,0.0181,junk,,,,
ia_bim_eighteenth-century_the-philosophy-of-natura_smellie-william_1791,733,0.04598,junk,,,,
ia_bim_eighteenth-century_the-philosophy-of-natura_smellie-william_1791,734,0.00195,junk,,,,
ia_bim_eighteenth-century_the-philosophy-of-natura_smellie-william_1791,735,0.00086,junk,,,,
ia_bim_eighteenth-century_the-philosophy-of-natura_smellie-william_1791,736,0.06531,junk,,,,
ia_bim_eighteenth-century_the-philosophy-of-natura_smellie-william_1791,737,0.96118,non_junk,non_divine_teleology,0.27435,0.62201,0.10364
ia_bim_eighteenth-century_the-philosophy-of-natura_smellie-william_1791,738,0.08039,junk,,,,
ia_bim_eighteenth-century_the-philosophy-of-natura_smellie-william_1791,739,0.96916,non_junk,non_divine_teleology,0.45391,0.45723,0.08887
ia_bim_eighteenth-century_the-philosophy-of-natura_smellie-william_1791,740,0.9752,non_junk,non_divine_teleology,0.07931,0.77516,0.14553
ia_bim_eighteenth-century_the-philosophy-of-natura_smellie-william_1791,742,0.19267,junk,,,,
ia_bim_eighteenth-century_the-philosophy-of-natura_smellie-william_1791,744,0.00093,junk,,,,
ia_bim_eighteenth-century_the-philosophy-of-natura_smellie-william_1791,745,0.99737,non_junk,non_divine_teleology,0.00606,0.98768,0.00627
ia_bim_eighteenth-century_the-philosophy-of-natura_smellie-william_1791,746,0.0042,junk,,,,
ia_bim_eighteenth-century_the-philosophy-of-natura_smellie-william_1791,747,0.01163,junk,,,,
ia_bim_eighteenth-century_the-philosophy-of-natura_smellie-william_1791,748,0.99668,non_junk,non_divine_teleology,0.01621,0.9568,0.02698
ia_bim_eighteenth-century_the-philosophy-of-natura_smellie-william_1791,750,0.00353,junk,,,,
ia_bim_eighteenth-century_the-philosophy-of-natura_smellie-william_1791,752,0.8929,non_junk,non_divine_teleology,0.00703,0.98077,0.01221
ia_bim_eighteenth-century_the-philosophy-of-natura_smellie-william_1791,753,0.02645,junk,,,,
ia_bim_eighteenth-century_the-philosophy-of-natura_smellie-william_1791,755,0.42943,junk,,,,
ia_bim_eighteenth-century_the-philosophy-of-natura_smellie-william_1791,756,0.77706,non_junk,non_divine_teleology,0.02846,0.9517,0.01984
ia_bim_eighteenth-century_the-philosophy-of-natura_smellie-william_1791,757,0.00629,junk,,,,
ia_bim_eighteenth-century_the-philosophy-of-natura_smellie-william_1791,758,0.25016,junk,,,,
ia_bim_eighteenth-century_the-philosophy-of-natura_smellie-william_1791,760,0.01152,junk,,,,
ia_bim_eighteenth-century_the-philosophy-of-natura_smellie-william_1791,762,0.91009,non_junk,non_divine_teleology,0.0049,0.97952,0.01558
ia_bim_eighteenth-century_the-philosophy-of-natura_smellie-william_1791,763,0.92364,non_junk,non_divine_teleology,0.06097,0.80205,0.13698
ia_bim_eighteenth-century_the-philosophy-of-natura_smellie-william_1791,764,0.92364,non_junk,non_divine_teleology,0.06097,0.80205,0.13698
ia_bim_eighteenth-century_the-philosophy-of-natura_smellie-william_1791,765,0.99806,non_junk,non_divine_teleology,0.0288,0.90813,0.06307
ia_bim_eighteenth-century_the-philosophy-of-natura_smellie-william_1791,766,0.72574,non_junk,non_divine_teleology,0.05608,0.82713,0.1168
ia_bim_eighteenth-century_the-philosophy-of-natura_smellie-william_1791,767,0.01176,junk,,,,
ia_bim_eighteenth-century_the-philosophy-of-natura_smellie-william_1791,768,0.48105,junk,,,,
ia_bim_eighteenth-century_the-philosophy-of-natura_smellie-william_1791,769,0.0357,junk,,,,
ia_bim_eighteenth-century_the-philosophy-of-natura_smellie-william_1791,770,0.84899,non_junk,non_divine_teleology,0.01861,0.94794,0.03345
ia_bim_eighteenth-century_the-philosophy-of-natura_smellie-william_1791,772,0.98077,non_junk,non_divine_teleology,0.02829,0.91041,0.06131
ia_bim_eighteenth-century_the-philosophy-of-natura_smellie-william_1791,773,0.38479,junk,,,,
ia_bim_eighteenth-century_the-philosophy-of-natura_smellie-william_1791,774,0.23594,junk,,,,
ia_bim_eighteenth-century_the-philosophy-of-natura_smellie-william_1791,775,0.00014,junk,,,,
ia_bim_eighteenth-century_the-philosophy-of-natura_smellie-william_1791,776,0.20732,junk,,,,
ia_bim_eighteenth-century_the-philosophy-of-natura_smellie-william_1791,777,0.00641,junk,,,,
ia_bim_eighteenth-century_the-philosophy-of-natura_smellie-william_1791,778,0.00347,junk,,,,
ia_bim_eighteenth-century_the-philosophy-of-natura_smellie-william_1791,779,0.52881,non_junk,non_divine_teleology,0.03979,0.94877,0.01144
ia_bim_eighteenth-century_the-philosophy-of-natura_smellie-william_1791,780,0.834,non_junk,non_divine_teleology,0.05484,0.73408,0.21107
ia_bim_eighteenth-century_the-philosophy-of-natura_smellie-william_1791,782,0.93622,non_junk,non_divine_teleology,0.05001,0.90863,0.04136
ia_bim_eighteenth-century_the-philosophy-of-natura_smellie-william_1791,783,0.7007,non_junk,non_divine_teleology,0.1093,0.87052,0.02017
ia_bim_eighteenth-century_the-philosophy-of-natura_smellie-william_1791,785,0.00999,junk,,,,
ia_bim_eighteenth-century_the-philosophy-of-natura_smellie-william_1791,786,0.93045,non_junk,non_divine_teleology,0.07076,0.80002,0.12923
ia_bim_eighteenth-century_the-philosophy-of-natura_smellie-william_1791,787,0.00359,junk,,,,
ia_bim_eighteenth-century_the-philosophy-of-natura_smellie-william_1791,789,0.18478,junk,,,,
ia_bim_eighteenth-century_the-philosophy-of-natura_smellie-william_1791,790,0.63405,non_junk,non_divine_teleology,0.02786,0.6267,0.34544
ia_bim_eighteenth-century_the-philosophy-of-natura_smellie-william_1791,791,0.45094,junk,,,,
ia_bim_eighteenth-century_the-philosophy-of-natura_smellie-william_1791,792,0.18478,junk,,,,
ia_bim_eighteenth-century_the-philosophy-of-natura_smellie-william_1791,793,0.63405,non_junk,non_divine_teleology,0.02786,0.6267,0.34544
ia_bim_eighteenth-century_the-philosophy-of-natura_smellie-william_1791,794,0.45094,junk,,,,
ia_bim_eighteenth-century_the-philosophy-of-natura_smellie-william_1791,795,0.02086,junk,,,,
ia_bim_eighteenth-century_the-philosophy-of-natura_smellie-william_1791,796,0.9832,non_junk,non_divine_teleology,0.0107,0.95733,0.03198
ia_bim_eighteenth-century_the-philosophy-of-natura_smellie-william_1791,797,0.02086,junk,,,,
ia_bim_eighteenth-century_the-philosophy-of-natura_smellie-william_1791,798,0.9832,non_junk,non_divine_teleology,0.0107,0.95733,0.03198
ia_bim_eighteenth-century_the-philosophy-of-natura_smellie-william_1791,799,0.00097,junk,,,,
ia_bim_eighteenth-century_the-philosophy-of-natura_smellie-william_1791,800,0.99417,non_junk,divine_teleology,0.59395,0.3789,0.02714
ia_bim_eighteenth-century_the-philosophy-of-natura_smellie-william_1791,801,0.00981,junk,,,,
ia_bim_eighteenth-century_the-philosophy-of-natura_smellie-william_1791,802,0.02538,junk,,,,
ia_bim_eighteenth-century_the-philosophy-of-natura_smellie-william_1791,804,0.0002,junk,,,,
ia_bim_eighteenth-century_the-philosophy-of-natura_smellie-william_1791,805,0.07152,junk,,,,
ia_bim_eighteenth-century_the-philosophy-of-natura_smellie-william_1791,807,0.93214,non_junk,non_divine_teleology,0.01586,0.9719,0.01225
ia_bim_eighteenth-century_the-philosophy-of-natura_smellie-william_1791,808,0.35814,junk,,,,
ia_bim_eighteenth-century_the-philosophy-of-natura_smellie-william_1791,811,0.78325,non_junk,non_divine_teleology,0.03383,0.95098,0.01519
ia_bim_eighteenth-century_the-philosophy-of-natura_smellie-william_1791,813,0.00257,junk,,,,
ia_bim_eighteenth-century_the-philosophy-of-natura_smellie-william_1791,814,0.00527,junk,,,,
ia_bim_eighteenth-century_the-philosophy-of-natura_smellie-william_1791,815,0.99486,non_junk,non_divine_teleology,0.01486,0.97175,0.01339
ia_bim_eighteenth-century_the-philosophy-of-natura_smellie-william_1791,816,0.99267,non_junk,non_divine_teleology,0.02308,0.90707,0.06985
ia_bim_eighteenth-century_the-philosophy-of-natura_smellie-william_1791,817,0.0183,junk,,,,
ia_bim_eighteenth-century_the-philosophy-of-natura_smellie-william_1791,818,0.14747,junk,,,,
ia_bim_eighteenth-century_the-philosophy-of-natura_smellie-william_1791,819,0.90473,non_junk,non_divine_teleology,0.02986,0.94467,0.02547
ia_bim_eighteenth-century_the-philosophy-of-natura_smellie-william_1791,820,0.90473,non_junk,non_divine_teleology,0.02986,0.94467,0.02547
ia_bim_eighteenth-century_the-philosophy-of-natura_smellie-william_1791,821,0.13842,junk,,,,
ia_bim_eighteenth-century_the-philosophy-of-natura_smellie-william_1791,824,0.00059,junk,,,,
ia_bim_eighteenth-century_the-philosophy-of-natura_smellie-william_1791,825,0.44745,junk,,,,
ia_bim_eighteenth-century_the-philosophy-of-natura_smellie-william_1791,826,0.2189,junk,,,,
ia_bim_eighteenth-century_the-philosophy-of-natura_smellie-william_1791,827,0.11983,junk,,,,
ia_bim_eighteenth-century_the-philosophy-of-natura_smellie-william_1791,828,0.00221,junk,,,,
ia_bim_eighteenth-century_the-philosophy-of-natura_smellie-william_1791,829,0.07956,junk,,,,
ia_bim_eighteenth-century_the-philosophy-of-natura_smellie-william_1791,830,0.10529,junk,,,,
ia_bim_eighteenth-century_the-philosophy-of-natura_smellie-william_1791,831,0.00641,junk,,,,
ia_bim_eighteenth-century_the-philosophy-of-natura_smellie-william_1791,832,0.96731,non_junk,non_divine_teleology,0.04614,0.90907,0.04479
ia_bim_eighteenth-century_the-philosophy-of-natura_smellie-william_1791,833,0.91916,non_junk,non_divine_teleology,0.0419,0.84005,0.11805
ia_bim_eighteenth-century_the-philosophy-of-natura_smellie-william_1791,834,0.17489,junk,,,,
ia_bim_eighteenth-century_the-philosophy-of-natura_smellie-william_1791,835,0.0032,junk,,,,
ia_bim_eighteenth-century_the-philosophy-of-natura_smellie-william_1791,836,0.01272,junk,,,,
ia_bim_eighteenth-century_the-philosophy-of-natura_smellie-william_1791,838,0.04262,junk,,,,
ia_bim_eighteenth-century_the-philosophy-of-natura_smellie-william_1791,839,0.49574,junk,,,,
ia_bim_eighteenth-century_the-philosophy-of-natura_smellie-william_1791,840,0.62265,non_junk,non_divine_teleology,0.046,0.88158,0.07242
ia_bim_eighteenth-century_the-philosophy-of-natura_smellie-william_1791,841,0.95317,non_junk,non_divine_teleology,0.02287,0.95473,0.0224
ia_bim_eighteenth-century_the-philosophy-of-natura_smellie-william_1791,843,0.01935,junk,,,,
ia_bim_eighteenth-century_the-philosophy-of-natura_smellie-william_1791,844,0.21332,junk,,,,
ia_bim_eighteenth-century_the-philosophy-of-natura_smellie-william_1791,845,0.94253,non_junk,non_divine_teleology,0.02818,0.93237,0.03945
ia_bim_eighteenth-century_the-philosophy-of-natura_smellie-william_1791,846,0.02577,junk,,,,
ia_bim_eighteenth-century_the-philosophy-of-natura_smellie-william_1791,847,0.06522,junk,,,,
ia_bim_eighteenth-century_the-philosophy-of-natura_smellie-william_1791,849,0.01411,junk,,,,
ia_bim_eighteenth-century_the-philosophy-of-natura_smellie-william_1791,850,0.00674,junk,,,,
ia_bim_eighteenth-century_the-philosophy-of-natura_smellie-william_1791,853,0.85743,non_junk,non_divine_teleology,0.0337,0.52789,0.43841
ia_bim_eighteenth-century_the-philosophy-of-natura_smellie-william_1791,854,0.96973,non_junk,non_divine_teleology,0.0858,0.88581,0.02839
ia_bim_eighteenth-century_the-philosophy-of-natura_smellie-william_1791,855,0.00076,junk,,,,
ia_bim_eighteenth-century_the-philosophy-of-natura_smellie-william_1791,856,0.0031,junk,,,,
ia_bim_eighteenth-century_the-philosophy-of-natura_smellie-william_1791,857,0.001,junk,,,,
ia_bim_eighteenth-century_the-philosophy-of-natura_smellie-william_1791,860,0.0181,junk,,,,
ia_bim_eighteenth-century_the-philosophy-of-natura_smellie-william_1791,861,0.06309,junk,,,,
ia_bim_eighteenth-century_the-philosophy-of-natura_smellie-william_1791,862,0.16557,junk,,,,
ia_bim_eighteenth-century_the-philosophy-of-natura_smellie-william_1791,863,0.00459,junk,,,,
ia_bim_eighteenth-century_the-philosophy-of-natura_smellie-william_1791,864,0.64026,non_junk,non_divine_teleology,0.21518,0.69227,0.09256
ia_bim_eighteenth-century_the-philosophy-of-natura_smellie-william_1791,865,0.37756,junk,,,,
ia_bim_eighteenth-century_the-philosophy-of-natura_smellie-william_1791,866,0.00156,junk,,,,
ia_bim_eighteenth-century_the-philosophy-of-natura_smellie-william_1791,868,0.11669,junk,,,,
ia_bim_eighteenth-century_the-philosophy-of-natura_smellie-william_1791,869,0.09496,junk,,,,
ia_bim_eighteenth-century_the-philosophy-of-natura_smellie-william_1791,870,0.39842,junk,,,,
ia_bim_eighteenth-century_the-philosophy-of-natura_smellie-william_1791,871,0.48031,junk,,,,
ia_bim_eighteenth-century_the-philosophy-of-natura_smellie-william_1791,875,0.03339,junk,,,,
ia_bim_eighteenth-century_the-philosophy-of-natura_smellie-william_1791,876,0.00505,junk,,,,
ia_bim_eighteenth-century_the-philosophy-of-natura_smellie-william_1791,877,0.0487,junk,,,,
ia_bim_eighteenth-century_the-philosophy-of-natura_smellie-william_1791,878,0.80492,non_junk,non_divine_teleology,0.02992,0.94308,0.027
ia_bim_eighteenth-century_the-philosophy-of-natura_smellie-william_1791,879,0.07213,junk,,,,
ia_bim_eighteenth-century_the-philosophy-of-natura_smellie-william_1791,880,0.78304,non_junk,non_divine_teleology,0.01206,0.84953,0.13841
ia_bim_eighteenth-century_the-philosophy-of-natura_smellie-william_1791,881,0.99618,non_junk,non_divine_teleology,0.01422,0.97541,0.01037
ia_bim_eighteenth-century_the-philosophy-of-natura_smellie-william_1791,882,0.42327,junk,,,,
ia_bim_eighteenth-century_the-philosophy-of-natura_smellie-william_1791,883,0.99618,non_junk,non_divine_teleology,0.01422,0.97541,0.01037
ia_bim_eighteenth-century_the-philosophy-of-natura_smellie-william_1791,884,0.81831,non_junk,non_divine_teleology,0.00746,0.9588,0.03374
ia_bim_eighteenth-century_the-philosophy-of-natura_smellie-william_1791,885,0.91733,non_junk,non_divine_teleology,0.06567,0.89453,0.0398
ia_bim_eighteenth-century_the-philosophy-of-natura_smellie-william_1791,887,0.782,non_junk,non_divine_teleology,0.01673,0.96879,0.01447
ia_bim_eighteenth-century_the-philosophy-of-natura_smellie-william_1791,888,0.48829,junk,,,,
ia_bim_eighteenth-century_the-philosophy-of-natura_smellie-william_1791,889,0.99937,non_junk,non_divine_teleology,0.0033,0.99468,0.00203
ia_bim_eighteenth-century_the-philosophy-of-natura_smellie-william_1791,891,0.10054,junk,,,,
ia_bim_eighteenth-century_the-philosophy-of-natura_smellie-william_1791,892,0.01134,junk,,,,
ia_bim_eighteenth-century_the-philosophy-of-natura_smellie-william_1791,894,0.43394,junk,,,,
ia_bim_eighteenth-century_the-philosophy-of-natura_smellie-william_1791,895,0.46547,junk,,,,
ia_bim_eighteenth-century_the-philosophy-of-natura_smellie-william_1791,896,0.01422,junk,,,,
ia_bim_eighteenth-century_the-philosophy-of-natura_smellie-william_1791,897,0.01478,junk,,,,
ia_bim_eighteenth-century_the-philosophy-of-natura_smellie-william_1791,899,0.01256,junk,,,,
ia_bim_eighteenth-century_the-philosophy-of-natura_smellie-william_1791,900,0.342,junk,,,,
ia_bim_eighteenth-century_the-philosophy-of-natura_smellie-william_1791,901,0.99896,non_junk,non_divine_teleology,0.01169,0.89166,0.09665
ia_bim_eighteenth-century_the-philosophy-of-natura_smellie-william_1791,902,0.59003,non_junk,non_divine_teleology,0.23286,0.70798,0.05917
ia_bim_eighteenth-century_the-philosophy-of-natura_smellie-william_1791,903,0.00863,junk,,,,
ia_bim_eighteenth-century_the-philosophy-of-natura_smellie-william_1791,904,0.00049,junk,,,,
ia_bim_eighteenth-century_the-philosophy-of-natura_smellie-william_1791,906,0.02176,junk,,,,
ia_bim_eighteenth-century_the-philosophy-of-natura_smellie-william_1791,908,0.74548,non_junk,non_divine_teleology,0.02935,0.78127,0.18939
ia_bim_eighteenth-century_the-philosophy-of-natura_smellie-william_1791,910,0.00013,junk,,,,
ia_bim_eighteenth-century_the-philosophy-of-natura_smellie-william_1791,911,0.09099,junk,,,,
ia_bim_eighteenth-century_the-philosophy-of-natura_smellie-william_1791,912,0.94612,non_junk,non_divine_teleology,0.04887,0.8873,0.06383
ia_bim_eighteenth-century_the-philosophy-of-natura_smellie-william_1791,913,0.00869,junk,,,,
ia_bim_eighteenth-century_the-philosophy-of-natura_smellie-william_1791,914,0.12446,junk,,,,
ia_bim_eighteenth-century_the-philosophy-of-natura_smellie-william_1791,915,0.89348,non_junk,non_divine_teleology,0.24557,0.72205,0.03238
ia_bim_eighteenth-century_the-philosophy-of-natura_smellie-william_1791,916,0.28182,junk,,,,
ia_bim_eighteenth-century_the-philosophy-of-natura_smellie-william_1791,917,0.66145,non_junk,non_divine_teleology,0.05025,0.92246,0.02728
ia_bim_eighteenth-century_the-philosophy-of-natura_smellie-william_1791,918,0.00149,junk,,,,
ia_bim_eighteenth-century_the-philosophy-of-natura_smellie-william_1791,919,2e-05,junk,,,,
ia_bim_eighteenth-century_the-philosophy-of-natura_smellie-william_1791,921,0.87005,non_junk,non_divine_teleology,0.01026,0.98362,0.00612
ia_bim_eighteenth-century_the-philosophy-of-natura_smellie-william_1791,922,0.00757,junk,,,,
ia_bim_eighteenth-century_the-philosophy-of-natura_smellie-william_1791,924,0.99506,non_junk,non_divine_teleology,0.01483,0.95612,0.02906
ia_bim_eighteenth-century_the-philosophy-of-natura_smellie-william_1791,925,0.40595,junk,,,,
ia_bim_eighteenth-century_the-philosophy-of-natura_smellie-william_1791,926,0.92126,non_junk,non_divine_teleology,0.06044,0.90793,0.03163
ia_bim_eighteenth-century_the-philosophy-of-natura_smellie-william_1791,927,0.91701,non_junk,non_divine_teleology,0.07507,0.80617,0.11876
ia_bim_eighteenth-century_the-philosophy-of-natura_smellie-william_1791,928,0.41579,junk,,,,
ia_bim_eighteenth-century_the-philosophy-of-natura_smellie-william_1791,929,0.96065,non_junk,non_divine_teleology,0.02062,0.9681,0.01127
ia_bim_eighteenth-century_the-philosophy-of-natura_smellie-william_1791,931,0.40273,junk,,,,
ia_bim_eighteenth-century_the-philosophy-of-natura_smellie-william_1791,932,0.00262,junk,,,,
ia_bim_eighteenth-century_the-philosophy-of-natura_smellie-william_1791,933,0.01888,junk,,,,
ia_bim_eighteenth-century_the-philosophy-of-natura_smellie-william_1791,934,0.3156,junk,,,,
ia_bim_eighteenth-century_the-philosophy-of-natura_smellie-william_1791,935,0.27393,junk,,,,
ia_bim_eighteenth-century_the-philosophy-of-natura_smellie-william_1791,936,0.73885,non_junk,non_divine_teleology,0.03626,0.77759,0.18615
ia_bim_eighteenth-century_the-philosophy-of-natura_smellie-william_1791,938,0.0831,junk,,,,
ia_bim_eighteenth-century_the-philosophy-of-natura_smellie-william_1791,939,0.09522,junk,,,,
ia_bim_eighteenth-century_the-philosophy-of-natura_smellie-william_1791,940,0.03524,junk,,,,
ia_bim_eighteenth-century_the-philosophy-of-natura_smellie-william_1791,941,0.00561,junk,,,,
ia_bim_eighteenth-century_the-philosophy-of-natura_smellie-william_1791,942,0.01884,junk,,,,
ia_bim_eighteenth-century_the-philosophy-of-natura_smellie-william_1791,943,0.00653,junk,,,,
ia_bim_eighteenth-century_the-philosophy-of-natura_smellie-william_1791,944,0.68885,non_junk,non_divine_teleology,0.01503,0.97188,0.01308
ia_bim_eighteenth-century_the-philosophy-of-natura_smellie-william_1791,945,0.08309,junk,,,,
ia_bim_eighteenth-century_the-philosophy-of-natura_smellie-william_1791,946,0.99802,non_junk,non_divine_teleology,0.00509,0.98773,0.00718
ia_bim_eighteenth-century_the-philosophy-of-natura_smellie-william_1791,947,0.74368,non_junk,non_divine_teleology,0.01953,0.95706,0.0234
ia_bim_eighteenth-century_the-philosophy-of-natura_smellie-william_1791,948,0.32782,junk,,,,
ia_bim_eighteenth-century_the-philosophy-of-natura_smellie-william_1791,949,0.83351,non_junk,non_divine_teleology,0.01946,0.95079,0.02976
ia_bim_eighteenth-century_the-philosophy-of-natura_smellie-william_1791,950,0.66638,non_junk,non_divine_teleology,0.00656,0.97671,0.01673
ia_bim_eighteenth-century_the-philosophy-of-natura_smellie-william_1791,953,0.00365,junk,,,,
ia_bim_eighteenth-century_the-philosophy-of-natura_smellie-william_1791,954,0.91836,non_junk,non_divine_teleology,0.00652,0.98543,0.00805
ia_bim_eighteenth-century_the-philosophy-of-natura_smellie-william_1791,956,0.06425,junk,,,,
ia_bim_eighteenth-century_the-philosophy-of-natura_smellie-william_1791,957,0.00044,junk,,,,
ia_bim_eighteenth-century_the-philosophy-of-natura_smellie-william_1791,958,0.00298,junk,,,,
ia_bim_eighteenth-century_the-philosophy-of-natura_smellie-william_1791,960,0.06425,junk,,,,
ia_bim_eighteenth-century_the-philosophy-of-natura_smellie-william_1791,962,0.00298,junk,,,,
ia_bim_eighteenth-century_the-philosophy-of-natura_smellie-william_1791,963,0.00102,junk,,,,
ia_bim_eighteenth-century_the-philosophy-of-natura_smellie-william_1791,964,0.00148,junk,,,,
ia_bim_eighteenth-century_the-philosophy-of-natura_smellie-william_1791,967,0.03679,junk,,,,
ia_bim_eighteenth-century_the-philosophy-of-natura_smellie-william_1791,968,0.58476,non_junk,non_divine_teleology,0.10253,0.531,0.36647
ia_bim_eighteenth-century_the-philosophy-of-natura_smellie-william_1791,969,0.99332,non_junk,non_divine_teleology,0.12728,0.6959,0.17682
ia_bim_eighteenth-century_the-philosophy-of-natura_smellie-william_1791,970,0.96513,non_junk,non_divine_teleology,0.04949,0.87841,0.07211
ia_bim_eighteenth-century_the-philosophy-of-natura_smellie-william_1791,971,0.18588,junk,,,,
ia_bim_eighteenth-century_the-philosophy-of-natura_smellie-william_1791,972,0.01459,junk,,,,
ia_bim_eighteenth-century_the-philosophy-of-natura_smellie-william_1791,973,0.65829,non_junk,non_divine_teleology,0.07471,0.8127,0.11259
ia_bim_eighteenth-century_the-philosophy-of-natura_smellie-william_1791,974,0.00222,junk,,,,
ia_bim_eighteenth-century_the-philosophy-of-natura_smellie-william_1791,976,0.96935,non_junk,non_divine_teleology,0.08773,0.77282,0.13944
ia_bim_eighteenth-century_the-philosophy-of-natura_smellie-william_1791,977,0.23833,junk,,,,
ia_bim_eighteenth-century_the-philosophy-of-natura_smellie-william_1791,979,0.99866,non_junk,non_divine_teleology,0.01495,0.90749,0.07756
ia_bim_eighteenth-century_the-philosophy-of-natura_smellie-william_1791,981,0.9479,non_junk,non_divine_teleology,0.05811,0.77787,0.16402
ia_bim_eighteenth-century_the-philosophy-of-natura_smellie-william_1791,982,0.36488,junk,,,,
ia_bim_eighteenth-century_the-philosophy-of-natura_smellie-william_1791,983,0.63975,non_junk,non_divine_teleology,0.06376,0.83892,0.09732
ia_bim_eighteenth-century_the-philosophy-of-natura_smellie-william_1791,984,0.68759,non_junk,non_divine_teleology,0.04326,0.72986,0.22688
ia_bim_eighteenth-century_the-philosophy-of-natura_smellie-william_1791,985,0.17679,junk,,,,
ia_bim_eighteenth-century_the-philosophy-of-natura_smellie-william_1791,986,0.60973,non_junk,non_divine_teleology,0.01353,0.95413,0.03235
ia_bim_eighteenth-century_the-philosophy-of-natura_smellie-william_1791,987,0.00683,junk,,,,
ia_bim_eighteenth-century_the-philosophy-of-natura_smellie-william_1791,988,0.00096,junk,,,,
ia_bim_eighteenth-century_the-philosophy-of-natura_smellie-william_1791,989,0.07753,junk,,,,
ia_bim_eighteenth-century_the-philosophy-of-natura_smellie-william_1791,991,0.00451,junk,,,,
ia_bim_eighteenth-century_the-philosophy-of-natura_smellie-william_1791,993,0.00096,junk,,,,
ia_bim_eighteenth-century_the-philosophy-of-natura_smellie-william_1791,994,0.07753,junk,,,,
ia_bim_eighteenth-century_the-philosophy-of-natura_smellie-william_1791,996,0.00451,junk,,,,
ia_bim_eighteenth-century_the-philosophy-of-natura_smellie-william_1791,999,0.01844,junk,,,,
ia_bim_eighteenth-century_the-philosophy-of-natura_smellie-william_1791,1000,8e-05,junk,,,,
ia_bim_eighteenth-century_the-philosophy-of-natura_smellie-william_1791,1002,0.74273,non_junk,non_divine_teleology,0.00275,0.50334,0.49391
ia_bim_eighteenth-century_the-philosophy-of-natura_smellie-william_1791,1003,0.01844,junk,,,,
ia_bim_eighteenth-century_the-philosophy-of-natura_smellie-william_1791,1004,8e-05,junk,,,,
ia_bim_eighteenth-century_the-philosophy-of-natura_smellie-william_1791,1006,0.22463,junk,,,,
ia_bim_eighteenth-century_the-philosophy-of-natura_smellie-william_1791,1009,0.01996,junk,,,,
ia_bim_eighteenth-century_the-philosophy-of-natura_smellie-william_1791,1010,0.71628,non_junk,non_divine_teleology,0.03756,0.94974,0.0127
ia_bim_eighteenth-century_the-philosophy-of-natura_smellie-william_1791,1011,0.81577,non_junk,non_divine_teleology,0.01303,0.97474,0.01224
ia_bim_eighteenth-century_the-philosophy-of-natura_smellie-william_1791,1012,0.99423,non_junk,non_divine_teleology,0.0318,0.94578,0.02243
ia_bim_eighteenth-century_the-philosophy-of-natura_smellie-william_1791,1013,0.37679,junk,,,,
ia_bim_eighteenth-century_the-philosophy-of-natura_smellie-william_1791,1014,0.69906,non_junk,non_divine_teleology,0.03798,0.91055,0.05146
ia_bim_eighteenth-century_the-philosophy-of-natura_smellie-william_1791,1015,0.74878,non_junk,non_divine_teleology,0.00395,0.97628,0.01976
ia_bim_eighteenth-century_the-philosophy-of-natura_smellie-william_1791,1016,0.51546,non_junk,non_divine_teleology,0.09593,0.86099,0.04307
ia_bim_eighteenth-century_the-philosophy-of-natura_smellie-william_1791,1018,0.13589,junk,,,,
ia_bim_eighteenth-century_the-philosophy-of-natura_smellie-william_1791,1019,0.00373,junk,,,,
ia_bim_eighteenth-century_the-philosophy-of-natura_smellie-william_1791,1020,0.31297,junk,,,,
ia_bim_eighteenth-century_the-philosophy-of-natura_smellie-william_1791,1021,0.03255,junk,,,,
ia_bim_eighteenth-century_the-philosophy-of-natura_smellie-william_1791,1022,0.00074,junk,,,,
ia_bim_eighteenth-century_the-philosophy-of-natura_smellie-william_1791,1023,0.12534,junk,,,,
ia_bim_eighteenth-century_the-philosophy-of-natura_smellie-william_1791,1024,0.37702,junk,,,,
ia_bim_eighteenth-century_the-philosophy-of-natura_smellie-william_1791,1026,0.14824,junk,,,,
ia_bim_eighteenth-century_the-philosophy-of-natura_smellie-william_1791,1027,0.0077,junk,,,,
ia_bim_eighteenth-century_the-philosophy-of-natura_smellie-william_1791,1028,0.16338,junk,,,,
ia_bim_eighteenth-century_the-philosophy-of-natura_smellie-william_1791,1029,0.00869,junk,,,,
ia_bim_eighteenth-century_the-philosophy-of-natura_smellie-william_1791,1030,4e-05,junk,,,,
ia_bim_eighteenth-century_the-philosophy-of-natura_smellie-william_1791,1031,0.02288,junk,,,,
ia_bim_eighteenth-century_the-philosophy-of-natura_smellie-william_1791,1032,0.00918,junk,,,,
ia_bim_eighteenth-century_the-philosophy-of-natura_smellie-william_1791,1033,4e-05,junk,,,,
ia_bim_eighteenth-century_the-philosophy-of-natura_smellie-william_1791,1034,0.02288,junk,,,,
ia_bim_eighteenth-century_the-philosophy-of-natura_smellie-william_1791,1035,0.02768,junk,,,,
ia_bim_eighteenth-century_the-philosophy-of-natura_smellie-william_1791,1036,0.09627,junk,,,,
ia_bim_eighteenth-century_the-philosophy-of-natura_smellie-william_1791,1037,0.00069,junk,,,,
ia_bim_eighteenth-century_the-philosophy-of-natura_smellie-william_1791,1038,0.01231,junk,,,,
ia_bim_eighteenth-century_the-philosophy-of-natura_smellie-william_1791,1039,0.00149,junk,,,,
ia_bim_eighteenth-century_the-philosophy-of-natura_smellie-william_1791,1041,0.47275,junk,,,,
ia_bim_eighteenth-century_the-philosophy-of-natura_smellie-william_1791,1042,0.01899,junk,,,,
ia_bim_eighteenth-century_the-philosophy-of-natura_smellie-william_1791,1043,0.04945,junk,,,,
ia_bim_eighteenth-century_the-philosophy-of-natura_smellie-william_1791,1044,0.91139,non_junk,non_divine_teleology,0.04136,0.92289,0.03575
ia_bim_eighteenth-century_the-philosophy-of-natura_smellie-william_1791,1045,0.96897,non_junk,non_divine_teleology,0.08051,0.85796,0.06153
ia_bim_eighteenth-century_the-philosophy-of-natura_smellie-william_1791,1046,0.01414,junk,,,,
ia_bim_eighteenth-century_the-philosophy-of-natura_smellie-william_1791,1047,0.05306,junk,,,,
ia_bim_eighteenth-century_the-philosophy-of-natura_smellie-william_1791,1048,0.00051,junk,,,,
ia_bim_eighteenth-century_the-philosophy-of-natura_smellie-william_1791,1049,0.04231,junk,,,,
ia_bim_eighteenth-century_the-philosophy-of-natura_smellie-william_1791,1050,0.92546,non_junk,non_divine_teleology,0.00746,0.98251,0.01003
ia_bim_eighteenth-century_the-philosophy-of-natura_smellie-william_1791,1051,0.04292,junk,,,,
ia_bim_eighteenth-century_the-philosophy-of-natura_smellie-william_1791,1052,0.8092,non_junk,non_divine_teleology,0.01673,0.95507,0.0282
ia_bim_eighteenth-century_the-philosophy-of-natura_smellie-william_1791,1053,0.13602,junk,,,,
ia_bim_eighteenth-century_the-philosophy-of-natura_smellie-william_1791,1054,0.00282,junk,,,,
ia_bim_eighteenth-century_the-philosophy-of-natura_smellie-william_1791,1057,0.82158,non_junk,non_divine_teleology,0.00617,0.98521,0.00862
ia_bim_eighteenth-century_the-philosophy-of-natura_smellie-william_1791,1058,0.77179,non_junk,non_divine_teleology,0.03731,0.95233,0.01036
ia_bim_eighteenth-century_the-philosophy-of-natura_smellie-william_1791,1059,0.00011,junk,,,,
ia_bim_eighteenth-century_the-philosophy-of-natura_smellie-william_1791,1060,0.51049,non_junk,non_divine_teleology,0.02088,0.96338,0.01574
ia_bim_eighteenth-century_the-philosophy-of-natura_smellie-william_1791,1061,0.00081,junk,,,,
ia_bim_eighteenth-century_the-philosophy-of-natura_smellie-william_1791,1062,0.01747,junk,,,,
ia_bim_eighteenth-century_the-philosophy-of-natura_smellie-william_1791,1063,0.00238,junk,,,,
ia_bim_eighteenth-century_the-philosophy-of-natura_smellie-william_1791,1064,0.00175,junk,,,,
ia_bim_eighteenth-century_the-philosophy-of-natura_smellie-william_1791,1065,0.07971,junk,,,,
ia_bim_eighteenth-century_the-philosophy-of-natura_smellie-william_1791,1066,0.01098,junk,,,,
ia_bim_eighteenth-century_the-philosophy-of-natura_smellie-william_1791,1067,0.02771,junk,,,,
ia_bim_eighteenth-century_the-philosophy-of-natura_smellie-william_1791,1069,0.53976,non_junk,non_divine_teleology,0.07365,0.86863,0.05772
ia_bim_eighteenth-century_the-philosophy-of-natura_smellie-william_1791,1070,0.98426,non_junk,non_divine_teleology,0.06616,0.92593,0.00792
ia_bim_eighteenth-century_the-philosophy-of-natura_smellie-william_1791,1071,0.96104,non_junk,non_divine_teleology,0.12507,0.86961,0.00532
ia_bim_eighteenth-century_the-philosophy-of-natura_smellie-william_1791,1072,0.63509,non_junk,non_divine_teleology,0.04509,0.91993,0.03499
ia_bim_eighteenth-century_the-philosophy-of-natura_smellie-william_1791,1074,0.00153,junk,,,,
ia_bim_eighteenth-century_the-philosophy-of-natura_smellie-william_1791,1075,0.0176,junk,,,,
ia_bim_eighteenth-century_the-philosophy-of-natura_smellie-william_1791,1076,0.35017,junk,,,,
ia_bim_eighteenth-century_the-philosophy-of-natura_smellie-william_1791,1077,0.56267,non_junk,non_divine_teleology,0.00617,0.93721,0.05663
ia_bim_eighteenth-century_the-philosophy-of-natura_smellie-william_1791,1078,0.06939,junk,,,,
ia_bim_eighteenth-century_the-philosophy-of-natura_smellie-william_1791,1080,0.0052,junk,,,,
ia_bim_eighteenth-century_the-philosophy-of-natura_smellie-william_1791,1081,0.0101,junk,,,,
ia_bim_eighteenth-century_the-philosophy-of-natura_smellie-william_1791,1082,0.69429,non_junk,non_divine_teleology,0.05432,0.86942,0.07626
ia_bim_eighteenth-century_the-philosophy-of-natura_smellie-william_1791,1084,0.30403,junk,,,,
ia_bim_eighteenth-century_the-philosophy-of-natura_smellie-william_1791,1085,0.0052,junk,,,,
ia_bim_eighteenth-century_the-philosophy-of-natura_smellie-william_1791,1086,0.0101,junk,,,,
ia_bim_eighteenth-century_the-philosophy-of-natura_smellie-william_1791,1087,0.69429,non_junk,non_divine_teleology,0.05432,0.86942,0.07626
ia_bim_eighteenth-century_the-philosophy-of-natura_smellie-william_1791,1088,0.30842,junk,,,,
ia_bim_eighteenth-century_the-philosophy-of-natura_smellie-william_1791,1092,0.00753,junk,,,,
ia_bim_eighteenth-century_the-philosophy-of-natura_smellie-william_1791,1093,0.83583,non_junk,non_divine_teleology,0.02475,0.95461,0.02063
ia_bim_eighteenth-century_the-philosophy-of-natura_smellie-william_1791,1094,0.99462,non_junk,non_divine_teleology,0.00764,0.98618,0.00618
ia_bim_eighteenth-century_the-philosophy-of-natura_smellie-william_1791,1095,0.08492,junk,,,,
ia_bim_eighteenth-century_the-philosophy-of-natura_smellie-william_1791,1096,0.01929,junk,,,,
ia_bim_eighteenth-century_the-philosophy-of-natura_smellie-william_1791,1098,0.00334,junk,,,,
ia_bim_eighteenth-century_the-philosophy-of-natura_smellie-william_1791,1099,0.2384,junk,,,,
ia_bim_eighteenth-century_the-philosophy-of-natura_smellie-william_1791,1100,0.83583,non_junk,non_divine_teleology,0.02475,0.95461,0.02063
ia_bim_eighteenth-century_the-philosophy-of-natura_smellie-william_1791,1101,0.99462,non_junk,non_divine_teleology,0.00764,0.98618,0.00618
ia_bim_eighteenth-century_the-philosophy-of-natura_smellie-william_1791,1102,0.08492,junk,,,,
ia_bim_eighteenth-century_the-philosophy-of-natura_smellie-william_1791,1103,0.01929,junk,,,,
ia_bim_eighteenth-century_the-philosophy-of-natura_smellie-william_1791,1104,0.97588,non_junk,non_divine_teleology,0.02141,0.97429,0.0043
ia_bim_eighteenth-century_the-philosophy-of-natura_smellie-william_1791,1105,0.00334,junk,,,,
ia_bim_eighteenth-century_the-philosophy-of-natura_smellie-william_1791,1106,0.2384,junk,,,,
ia_bim_eighteenth-century_the-philosophy-of-natura_smellie-william_1791,1108,0.73665,non_junk,non_divine_teleology,0.0155,0.79732,0.18718
ia_bim_eighteenth-century_the-philosophy-of-natura_smellie-william_1791,1109,0.10584,junk,,,,
ia_bim_eighteenth-century_the-philosophy-of-natura_smellie-william_1791,1112,0.83968,non_junk,non_divine_teleology,0.00921,0.93278,0.05801
ia_bim_eighteenth-century_the-philosophy-of-natura_smellie-william_1791,1113,0.16911,junk,,,,
ia_bim_eighteenth-century_the-philosophy-of-natura_smellie-william_1791,1115,0.00072,junk,,,,
ia_bim_eighteenth-century_the-philosophy-of-natura_smellie-william_1791,1116,0.00561,junk,,,,
ia_bim_eighteenth-century_the-philosophy-of-natura_smellie-william_1791,1117,0.45293,junk,,,,
ia_bim_eighteenth-century_the-philosophy-of-natura_smellie-william_1791,1119,0.02505,junk,,,,
ia_bim_eighteenth-century_the-philosophy-of-natura_smellie-william_1791,1120,0.00072,junk,,,,
ia_bim_eighteenth-century_the-philosophy-of-natura_smellie-william_1791,1121,0.00561,junk,,,,
ia_bim_eighteenth-century_the-philosophy-of-natura_smellie-william_1791,1123,0.02965,junk,,,,
ia_bim_eighteenth-century_the-philosophy-of-natura_smellie-william_1791,1124,0.16172,junk,,,,
ia_bim_eighteenth-century_the-philosophy-of-natura_smellie-william_1791,1126,0.48552,junk,,,,
ia_bim_eighteenth-century_the-philosophy-of-natura_smellie-william_1791,1127,0.00369,junk,,,,
ia_bim_eighteenth-century_the-philosophy-of-natura_smellie-william_1791,1128,0.50451,non_junk,non_divine_teleology,0.14826,0.70794,0.1438
ia_bim_eighteenth-century_the-philosophy-of-natura_smellie-william_1791,1130,0.22688,junk,,,,
ia_bim_eighteenth-century_the-philosophy-of-natura_smellie-william_1791,1131,0.08949,junk,,,,
ia_bim_eighteenth-century_the-philosophy-of-natura_smellie-william_1791,1132,0.00825,junk,,,,
ia_bim_eighteenth-century_the-philosophy-of-natura_smellie-william_1791,1133,0.14142,junk,,,,
ia_bim_eighteenth-century_the-philosophy-of-natura_smellie-william_1791,1134,0.21886,junk,,,,
ia_bim_eighteenth-century_the-philosophy-of-natura_smellie-william_1791,1135,0.77368,non_junk,non_divine_teleology,0.07529,0.83509,0.08962
ia_bim_eighteenth-century_the-philosophy-of-natura_smellie-william_1791,1136,0.02039,junk,,,,
ia_bim_eighteenth-century_the-philosophy-of-natura_smellie-william_1791,1137,0.42587,junk,,,,
ia_bim_eighteenth-century_the-philosophy-of-natura_smellie-william_1791,1138,0.00086,junk,,,,
ia_bim_eighteenth-century_the-philosophy-of-natura_smellie-william_1791,1139,0.00947,junk,,,,
ia_bim_eighteenth-century_the-philosophy-of-natura_smellie-william_1791,1141,0.97718,non_junk,non_divine_teleology,0.01015,0.96764,0.02221
ia_bim_eighteenth-century_the-philosophy-of-natura_smellie-william_1791,1142,0.01632,junk,,,,
ia_bim_eighteenth-century_the-philosophy-of-natura_smellie-william_1791,1143,0.81853,non_junk,non_divine_teleology,0.00743,0.80042,0.19215
ia_bim_eighteenth-century_the-philosophy-of-natura_smellie-william_1791,1144,0.27923,junk,,,,
ia_bim_eighteenth-century_the-philosophy-of-natura_smellie-william_1791,1145,0.91573,non_junk,non_divine_teleology,0.0154,0.86515,0.11945
ia_bim_eighteenth-century_the-philosophy-of-natura_smellie-william_1791,1148,0.04282,junk,,,,
ia_bim_eighteenth-century_the-philosophy-of-natura_smellie-william_1791,1149,0.00061,junk,,,,
ia_bim_eighteenth-century_the-philosophy-of-natura_smellie-william_1791,1150,0.00102,junk,,,,
ia_bim_eighteenth-century_the-philosophy-of-natura_smellie-william_1791,1151,0.65766,non_junk,non_divine_teleology,0.01197,0.76349,0.22454
ia_bim_eighteenth-century_the-philosophy-of-natura_smellie-william_1791,1152,0.08653,junk,,,,
ia_bim_eighteenth-century_the-philosophy-of-natura_smellie-william_1791,1153,0.01409,junk,,,,
ia_bim_eighteenth-century_the-philosophy-of-natura_smellie-william_1791,1154,0.00086,junk,,,,
ia_bim_eighteenth-century_the-philosophy-of-natura_smellie-william_1791,1155,0.01503,junk,,,,
ia_bim_eighteenth-century_the-philosophy-of-natura_smellie-william_1791,1156,0.78544,non_junk,non_divine_teleology,0.00504,0.90998,0.08498
ia_bim_eighteenth-century_the-philosophy-of-natura_smellie-william_1791,1157,0.2243,junk,,,,
ia_bim_eighteenth-century_the-philosophy-of-natura_smellie-william_1791,1158,0.00047,junk,,,,
ia_bim_eighteenth-century_the-philosophy-of-natura_smellie-william_1791,1159,4e-05,junk,,,,
ia_bim_eighteenth-century_the-philosophy-of-natura_smellie-william_1791,1160,4e-05,junk,,,,
ia_bim_eighteenth-century_the-philosophy-of-natura_smellie-william_1791,1161,0.00078,junk,,,,
ia_bim_eighteenth-century_the-philosophy-of-natura_smellie-william_1791,1162,0.00092,junk,,,,
ia_bim_eighteenth-century_the-philosophy-of-natura_smellie-william_1791,1163,0.00262,junk,,,,
ia_bim_eighteenth-century_the-philosophy-of-natura_smellie-william_1791,1164,0.00064,junk,,,,
ia_bim_eighteenth-century_the-philosophy-of-natura_smellie-william_1791,1166,0.91892,non_junk,non_divine_teleology,0.03329,0.75892,0.20779
ia_bim_eighteenth-century_the-philosophy-of-natura_smellie-william_1791,1167,0.00422,junk,,,,
ia_bim_eighteenth-century_the-philosophy-of-natura_smellie-william_1791,1168,0.00477,junk,,,,
ia_bim_eighteenth-century_the-philosophy-of-natura_smellie-william_1791,1169,0.16403,junk,,,,
ia_bim_eighteenth-century_the-philosophy-of-natura_smellie-william_1791,1171,0.00123,junk,,,,
ia_bim_eighteenth-century_the-philosophy-of-natura_smellie-william_1791,1172,0.00422,junk,,,,
ia_bim_eighteenth-century_the-philosophy-of-natura_smellie-william_1791,1174,0.16403,junk,,,,
ia_bim_eighteenth-century_the-philosophy-of-natura_smellie-william_1791,1175,7e-05,junk,,,,
ia_bim_eighteenth-century_the-philosophy-of-natura_smellie-william_1791,1176,0.00123,junk,,,,
ia_bim_eighteenth-century_the-philosophy-of-natura_smellie-william_1791,1178,0.00015,junk,,,,
ia_bim_eighteenth-century_the-philosophy-of-natura_smellie-william_1791,1179,0.00018,junk,,,,
ia_bim_eighteenth-century_the-philosophy-of-natura_smellie-william_1791,1180,0.00612,junk,,,,
ia_bim_eighteenth-century_the-philosophy-of-natura_smellie-william_1791,1181,0.00106,junk,,,,
ia_bim_eighteenth-century_the-philosophy-of-natura_smellie-william_1791,1183,0.00013,junk,,,,
ia_bim_eighteenth-century_the-philosophy-of-natura_smellie-william_1791,1186,0.01285,junk,,,,
ia_bim_eighteenth-century_the-philosophy-of-natura_smellie-william_1791,1187,0.0024,junk,,,,
ia_bim_eighteenth-century_the-philosophy-of-natura_smellie-william_1791,1188,0.00019,junk,,,,
ia_bim_eighteenth-century_the-philosophy-of-natura_smellie-william_1791,1189,0.99851,non_junk,non_divine_teleology,0.00302,0.98161,0.01537
ia_bim_eighteenth-century_the-philosophy-of-natura_smellie-william_1791,1190,0.03274,junk,,,,
ia_bim_eighteenth-century_the-philosophy-of-natura_smellie-william_1791,1191,0.01572,junk,,,,
ia_bim_eighteenth-century_the-philosophy-of-natura_smellie-william_1791,1193,0.01154,junk,,,,
ia_bim_eighteenth-century_the-philosophy-of-natura_smellie-william_1791,1194,0.00777,junk,,,,
ia_bim_eighteenth-century_the-philosophy-of-natura_smellie-william_1791,1195,0.76092,non_junk,non_divine_teleology,0.01003,0.98441,0.00556
ia_bim_eighteenth-century_the-philosophy-of-natura_smellie-william_1791,1196,0.3723,junk,,,,
ia_bim_eighteenth-century_the-philosophy-of-natura_smellie-william_1791,1197,0.04857,junk,,,,
ia_bim_eighteenth-century_the-philosophy-of-natura_smellie-william_1791,1198,0.95242,non_junk,non_divine_teleology,0.00814,0.98487,0.00698
ia_bim_eighteenth-century_the-philosophy-of-natura_smellie-william_1791,1199,0.65001,non_junk,non_divine_teleology,0.00953,0.94461,0.04585
ia_bim_eighteenth-century_the-philosophy-of-natura_smellie-william_1791,1200,0.01886,junk,,,,
ia_bim_eighteenth-century_the-philosophy-of-natura_smellie-william_1791,1201,0.66744,non_junk,non_divine_teleology,0.01268,0.94826,0.03906
ia_bim_eighteenth-century_the-philosophy-of-natura_smellie-william_1791,1202,0.55895,non_junk,non_divine_teleology,0.00685,0.98817,0.00497
ia_bim_eighteenth-century_the-philosophy-of-natura_smellie-william_1791,1204,0.51716,non_junk,non_divine_teleology,0.00377,0.98997,0.00626
ia_bim_eighteenth-century_the-philosophy-of-natura_smellie-william_1791,1205,0.55721,non_junk,non_divine_teleology,0.01033,0.98545,0.00422
ia_bim_eighteenth-century_the-philosophy-of-natura_smellie-william_1791,1206,0.99759,non_junk,non_divine_teleology,0.00458,0.99412,0.0013
ia_bim_eighteenth-century_the-philosophy-of-natura_smellie-william_1791,1208,0.00059,junk,,,,
ia_bim_eighteenth-century_the-philosophy-of-natura_smellie-william_1791,1209,0.01088,junk,,,,
ia_bim_eighteenth-century_the-philosophy-of-natura_smellie-william_1791,1210,0.0029,junk,,,,
ia_bim_eighteenth-century_the-philosophy-of-natura_smellie-william_1791,1211,0.32324,junk,,,,
ia_bim_eighteenth-century_the-philosophy-of-natura_smellie-william_1791,1212,0.00567,junk,,,,
ia_bim_eighteenth-century_the-philosophy-of-natura_smellie-william_1791,1214,0.053,junk,,,,
ia_bim_eighteenth-century_the-philosophy-of-natura_smellie-william_1791,1215,0.60927,non_junk,non_divine_teleology,0.01614,0.94419,0.03967
ia_bim_eighteenth-century_the-philosophy-of-natura_smellie-william_1791,1216,0.72269,non_junk,non_divine_teleology,0.00415,0.96437,0.03149
ia_bim_eighteenth-century_the-philosophy-of-natura_smellie-william_1791,1217,0.51443,non_junk,non_divine_teleology,0.01419,0.94139,0.04442
ia_bim_eighteenth-century_the-philosophy-of-natura_smellie-william_1791,1218,9e-05,junk,,,,
ia_bim_eighteenth-century_the-philosophy-of-natura_smellie-william_1791,1220,9e-05,junk,,,,
ia_bim_eighteenth-century_the-philosophy-of-natura_smellie-william_1791,1221,0.0001,junk,,,,
ia_bim_eighteenth-century_the-philosophy-of-natura_smellie-william_1791,1222,0.00012,junk,,,,
ia_bim_eighteenth-century_the-philosophy-of-natura_smellie-william_1791,1223,0.00011,junk,,,,
ia_bim_eighteenth-century_the-philosophy-of-natura_smellie-william_1791,1224,0.70338,non_junk,non_divine_teleology,0.0037,0.97137,0.02492
ia_bim_eighteenth-century_the-philosophy-of-natura_smellie-william_1791,1225,4e-05,junk,,,,
ia_bim_eighteenth-century_the-philosophy-of-natura_smellie-william_1791,1227,0.07718,junk,,,,
ia_bim_eighteenth-century_the-philosophy-of-natura_smellie-william_1791,1228,0.00199,junk,,,,
ia_bim_eighteenth-century_the-philosophy-of-natura_smellie-william_1791,1231,0.3129,junk,,,,
ia_bim_eighteenth-century_the-philosophy-of-natura_smellie-william_1791,1232,0.77688,non_junk,non_divine_teleology,0.01636,0.89829,0.08535
ia_bim_eighteenth-century_the-philosophy-of-natura_smellie-william_1791,1233,0.06525,junk,,,,
ia_bim_eighteenth-century_the-philosophy-of-natura_smellie-william_1791,1234,0.01209,junk,,,,
ia_bim_eighteenth-century_the-philosophy-of-natura_smellie-william_1791,1235,0.70548,non_junk,non_divine_teleology,0.03309,0.7997,0.1672
ia_bim_eighteenth-century_the-philosophy-of-natura_smellie-william_1791,1236,0.00212,junk,,,,
ia_bim_eighteenth-century_the-philosophy-of-natura_smellie-william_1791,1237,0.07398,junk,,,,
ia_bim_eighteenth-century_the-philosophy-of-natura_smellie-william_1791,1239,0.00656,junk,,,,
ia_bim_eighteenth-century_the-philosophy-of-natura_smellie-william_1791,1241,0.10709,junk,,,,
ia_bim_eighteenth-century_the-philosophy-of-natura_smellie-william_1791,1242,8e-05,junk,,,,
ia_bim_eighteenth-century_the-philosophy-of-natura_smellie-william_1791,1243,0.00344,junk,,,,
ia_bim_eighteenth-century_the-philosophy-of-natura_smellie-william_1791,1244,0.00287,junk,,,,
ia_bim_eighteenth-century_the-philosophy-of-natura_smellie-william_1791,1245,0.00348,junk,,,,
ia_bim_eighteenth-century_the-philosophy-of-natura_smellie-william_1791,1246,0.20845,junk,,,,
ia_bim_eighteenth-century_the-philosophy-of-natura_smellie-william_1791,1247,0.00775,junk,,,,
ia_bim_eighteenth-century_the-philosophy-of-natura_smellie-william_1791,1248,0.00211,junk,,,,
ia_bim_eighteenth-century_the-philosophy-of-natura_smellie-william_1791,1249,0.02733,junk,,,,
ia_bim_eighteenth-century_the-philosophy-of-natura_smellie-william_1791,1250,0.05387,junk,,,,
ia_bim_eighteenth-century_the-philosophy-of-natura_smellie-william_1791,1251,0.0087,junk,,,,
ia_bim_eighteenth-century_the-philosophy-of-natura_smellie-william_1791,1253,0.05387,junk,,,,
ia_bim_eighteenth-century_the-philosophy-of-natura_smellie-william_1791,1254,0.0087,junk,,,,
ia_bim_eighteenth-century_the-philosophy-of-natura_smellie-william_1791,1255,0.0008,junk,,,,
ia_bim_eighteenth-century_the-philosophy-of-natura_smellie-william_1791,1256,0.00867,junk,,,,
ia_bim_eighteenth-century_the-philosophy-of-natura_smellie-william_1791,1257,0.00867,junk,,,,
ia_bim_eighteenth-century_the-philosophy-of-natura_smellie-william_1791,1258,0.08223,junk,,,,
ia_bim_eighteenth-century_the-philosophy-of-natura_smellie-william_1791,1259,0.23574,junk,,,,
ia_bim_eighteenth-century_the-philosophy-of-natura_smellie-william_1791,1260,0.00316,junk,,,,
ia_bim_eighteenth-century_the-philosophy-of-natura_smellie-william_1791,1261,0.0131,junk,,,,
ia_bim_eighteenth-century_the-philosophy-of-natura_smellie-william_1791,1262,0.00075,junk,,,,
ia_bim_eighteenth-century_the-philosophy-of-natura_smellie-william_1791,1264,0.34255,junk,,,,
ia_bim_eighteenth-century_the-philosophy-of-natura_smellie-william_1791,1265,0.0002,junk,,,,
ia_bim_eighteenth-century_the-philosophy-of-natura_smellie-william_1791,1266,0.05568,junk,,,,
ia_bim_eighteenth-century_the-philosophy-of-natura_smellie-william_1791,1267,0.00051,junk,,,,
ia_bim_eighteenth-century_the-philosophy-of-natura_smellie-william_1791,1268,0.03095,junk,,,,
ia_bim_eighteenth-century_the-philosophy-of-natura_smellie-william_1791,1269,0.00039,junk,,,,
ia_bim_eighteenth-century_the-philosophy-of-natura_smellie-william_1791,1270,0.00225,junk,,,,
ia_bim_eighteenth-century_the-philosophy-of-natura_smellie-william_1791,1271,0.00048,junk,,,,
ia_bim_eighteenth-century_the-philosophy-of-natura_smellie-william_1791,1272,0.00033,junk,,,,
ia_bim_eighteenth-century_the-philosophy-of-natura_smellie-william_1791,1273,0.00019,junk,,,,
ia_bim_eighteenth-century_the-philosophy-of-natura_smellie-william_1791,1277,0.02901,junk,,,,
ia_bim_eighteenth-century_the-philosophy-of-natura_smellie-william_1791,1278,0.09078,junk,,,,
ia_bim_eighteenth-century_the-philosophy-of-natura_smellie-william_1791,1279,0.00237,junk,,,,
ia_bim_eighteenth-century_the-philosophy-of-natura_smellie-william_1791,1280,0.00047,junk,,,,
ia_bim_eighteenth-century_the-philosophy-of-natura_smellie-william_1791,1281,0.77397,non_junk,divine_teleology,0.90078,0.07017,0.02905
ia_bim_eighteenth-century_the-philosophy-of-natura_smellie-william_1791,1282,0.05717,junk,,,,
ia_bim_eighteenth-century_the-philosophy-of-natura_smellie-william_1791,1283,0.30864,junk,,,,
ia_bim_eighteenth-century_the-philosophy-of-natura_smellie-william_1791,1284,0.00138,junk,,,,
ia_bim_eighteenth-century_the-philosophy-of-natura_smellie-william_1791,1285,0.17147,junk,,,,
ia_bim_eighteenth-century_the-philosophy-of-natura_smellie-william_1791,1286,0.00136,junk,,,,
ia_bim_eighteenth-century_the-philosophy-of-natura_smellie-william_1791,1287,0.00124,junk,,,,
ia_bim_eighteenth-century_the-philosophy-of-natura_smellie-william_1791,1288,0.0027,junk,,,,
ia_bim_eighteenth-century_the-philosophy-of-natura_smellie-william_1791,1290,0.14223,junk,,,,
ia_bim_eighteenth-century_the-philosophy-of-natura_smellie-william_1791,1292,0.79991,non_junk,internal_essence,0.02276,0.17443,0.80281
ia_bim_eighteenth-century_the-philosophy-of-natura_smellie-william_1791,1293,0.973,non_junk,internal_essence,0.02924,0.30913,0.66162
ia_bim_eighteenth-century_the-philosophy-of-natura_smellie-william_1791,1294,0.99175,non_junk,non_divine_teleology,0.01307,0.53252,0.4544
ia_bim_eighteenth-century_the-philosophy-of-natura_smellie-william_1791,1295,0.99243,non_junk,internal_essence,0.02867,0.27621,0.69512
ia_bim_eighteenth-century_the-philosophy-of-natura_smellie-william_1791,1296,0.021,junk,,,,
ia_bim_eighteenth-century_the-philosophy-of-natura_smellie-william_1791,1297,0.37232,junk,,,,
ia_bim_eighteenth-century_the-philosophy-of-natura_smellie-william_1791,1298,0.00409,junk,,,,
ia_bim_eighteenth-century_the-philosophy-of-natura_smellie-william_1791,1299,0.00605,junk,,,,
ia_bim_eighteenth-century_the-philosophy-of-natura_smellie-william_1791,1301,0.06047,junk,,,,
ia_bim_eighteenth-century_the-philosophy-of-natura_smellie-william_1791,1302,0.00535,junk,,,,
ia_bim_eighteenth-century_the-philosophy-of-natura_smellie-william_1791,1305,0.1161,junk,,,,
ia_bim_eighteenth-century_the-philosophy-of-natura_smellie-william_1791,1306,0.10749,junk,,,,
ia_bim_eighteenth-century_the-philosophy-of-natura_smellie-william_1791,1307,0.17539,junk,,,,
ia_bim_eighteenth-century_the-philosophy-of-natura_smellie-william_1791,1308,0.00886,junk,,,,
ia_bim_eighteenth-century_the-philosophy-of-natura_smellie-william_1791,1309,0.01336,junk,,,,
ia_bim_eighteenth-century_the-philosophy-of-natura_smellie-william_1791,1310,0.63299,non_junk,internal_essence,0.03637,0.41161,0.55201
ia_bim_eighteenth-century_the-philosophy-of-natura_smellie-william_1791,1311,0.00084,junk,,,,
ia_bim_eighteenth-century_the-philosophy-of-natura_smellie-william_1791,1312,0.16502,junk,,,,
ia_bim_eighteenth-century_the-philosophy-of-natura_smellie-william_1791,1313,0.00102,junk,,,,
ia_bim_eighteenth-century_the-philosophy-of-natura_smellie-william_1791,1314,0.00071,junk,,,,
ia_bim_eighteenth-century_the-philosophy-of-natura_smellie-william_1791,1315,0.10088,junk,,,,
ia_bim_eighteenth-century_the-philosophy-of-natura_smellie-william_1791,1316,0.02276,junk,,,,
ia_bim_eighteenth-century_the-philosophy-of-natura_smellie-william_1791,1317,0.00077,junk,,,,
ia_bim_eighteenth-century_the-philosophy-of-natura_smellie-william_1791,1318,0.11872,junk,,,,
ia_bim_eighteenth-century_the-philosophy-of-natura_smellie-william_1791,1319,0.00694,junk,,,,
ia_bim_eighteenth-century_the-philosophy-of-natura_smellie-william_1791,1320,0.00324,junk,,,,
ia_bim_eighteenth-century_the-philosophy-of-natura_smellie-william_1791,1323,0.03262,junk,,,,
ia_bim_eighteenth-century_the-philosophy-of-natura_smellie-william_1791,1324,0.04567,junk,,,,
ia_bim_eighteenth-century_the-philosophy-of-natura_smellie-william_1791,1325,0.00159,junk,,,,
ia_bim_eighteenth-century_the-philosophy-of-natura_smellie-william_1791,1327,0.02088,junk,,,,
ia_bim_eighteenth-century_the-philosophy-of-natura_smellie-william_1791,1328,0.00128,junk,,,,
ia_bim_eighteenth-century_the-philosophy-of-natura_smellie-william_1791,1329,0.03805,junk,,,,
ia_bim_eighteenth-century_the-philosophy-of-natura_smellie-william_1791,1330,0.99533,non_junk,non_divine_teleology,0.00978,0.9773,0.01292
ia_bim_eighteenth-century_the-philosophy-of-natura_smellie-william_1791,1331,0.18456,junk,,,,
ia_bim_eighteenth-century_the-philosophy-of-natura_smellie-william_1791,1332,0.0053,junk,,,,
ia_bim_eighteenth-century_the-philosophy-of-natura_smellie-william_1791,1334,0.90804,non_junk,non_divine_teleology,0.0137,0.97225,0.01405
ia_bim_eighteenth-century_the-philosophy-of-natura_smellie-william_1791,1335,0.0074,junk,,,,
ia_bim_eighteenth-century_the-philosophy-of-natura_smellie-william_1791,1336,0.00793,junk,,,,
ia_bim_eighteenth-century_the-philosophy-of-natura_smellie-william_1791,1337,0.03211,junk,,,,
ia_bim_eighteenth-century_the-philosophy-of-natura_smellie-william_1791,1338,0.00067,junk,,,,
ia_bim_eighteenth-century_the-philosophy-of-natura_smellie-william_1791,1339,0.00348,junk,,,,
ia_bim_eighteenth-century_the-philosophy-of-natura_smellie-william_1791,1340,0.0018,junk,,,,
ia_bim_eighteenth-century_the-philosophy-of-natura_smellie-william_1791,1341,0.02005,junk,,,,
ia_bim_eighteenth-century_the-philosophy-of-natura_smellie-william_1791,1342,0.00082,junk,,,,
ia_bim_eighteenth-century_the-philosophy-of-natura_smellie-william_1791,1344,0.03017,junk,,,,
ia_bim_eighteenth-century_the-philosophy-of-natura_smellie-william_1791,1345,0.00243,junk,,,,
ia_bim_eighteenth-century_the-philosophy-of-natura_smellie-william_1791,1346,0.33196,junk,,,,
ia_bim_eighteenth-century_the-philosophy-of-natura_smellie-william_1791,1347,0.00474,junk,,,,
ia_bim_eighteenth-century_the-philosophy-of-natura_smellie-william_1791,1349,0.00213,junk,,,,
ia_bim_eighteenth-century_the-philosophy-of-natura_smellie-william_1791,1350,0.01976,junk,,,,
ia_bim_eighteenth-century_the-philosophy-of-natura_smellie-william_1791,1351,0.00279,junk,,,,
ia_bim_eighteenth-century_the-philosophy-of-natura_smellie-william_1791,1352,0.04868,junk,,,,
ia_bim_eighteenth-century_the-philosophy-of-natura_smellie-william_1791,1353,0.06316,junk,,,,
ia_bim_eighteenth-century_the-philosophy-of-natura_smellie-william_1791,1354,0.00132,junk,,,,
ia_bim_eighteenth-century_the-philosophy-of-natura_smellie-william_1791,1355,5e-05,junk,,,,
ia_bim_eighteenth-century_the-philosophy-of-natura_smellie-william_1791,1356,0.00377,junk,,,,
ia_bim_eighteenth-century_the-philosophy-of-natura_smellie-william_1791,1357,0.01114,junk,,,,
ia_bim_eighteenth-century_the-philosophy-of-natura_smellie-william_1791,1359,0.0029,junk,,,,
ia_bim_eighteenth-century_the-philosophy-of-natura_smellie-william_1791,1360,0.0064,junk,,,,
ia_bim_eighteenth-century_the-philosophy-of-natura_smellie-william_1791,1361,0.01697,junk,,,,
ia_bim_eighteenth-century_the-philosophy-of-natura_smellie-william_1791,1363,0.01053,junk,,,,
ia_bim_eighteenth-century_the-philosophy-of-natura_smellie-william_1791,1364,0.20201,junk,,,,
ia_bim_eighteenth-century_the-philosophy-of-natura_smellie-william_1791,1365,0.79512,non_junk,non_divine_teleology,0.01568,0.97489,0.00943
ia_bim_eighteenth-century_the-philosophy-of-natura_smellie-william_1791,1369,0.01367,junk,,,,
ia_bim_eighteenth-century_the-philosophy-of-natura_smellie-william_1791,1370,0.01053,junk,,,,
ia_bim_eighteenth-century_the-philosophy-of-natura_smellie-william_1791,1371,0.20201,junk,,,,
ia_bim_eighteenth-century_the-philosophy-of-natura_smellie-william_1791,1372,0.79512,non_junk,non_divine_teleology,0.01568,0.97489,0.00943
ia_bim_eighteenth-century_the-philosophy-of-natura_smellie-william_1791,1373,0.00866,junk,,,,
ia_bim_eighteenth-century_the-philosophy-of-natura_smellie-william_1791,1374,0.00562,junk,,,,
ia_bim_eighteenth-century_the-philosophy-of-natura_smellie-william_1791,1377,0.00396,junk,,,,
ia_bim_eighteenth-century_the-philosophy-of-natura_smellie-william_1791,1378,0.7254,non_junk,non_divine_teleology,0.02229,0.84631,0.13139
ia_bim_eighteenth-century_the-philosophy-of-natura_smellie-william_1791,1379,0.0047,junk,,,,
ia_bim_eighteenth-century_the-philosophy-of-natura_smellie-william_1791,1381,0.98535,non_junk,non_divine_teleology,0.00535,0.951,0.04366
ia_bim_eighteenth-century_the-philosophy-of-natura_smellie-william_1791,1382,0.00138,junk,,,,
ia_bim_eighteenth-century_the-philosophy-of-natura_smellie-william_1791,1383,0.01001,junk,,,,
ia_bim_eighteenth-century_the-philosophy-of-natura_smellie-william_1791,1384,0.25238,junk,,,,
ia_bim_eighteenth-century_the-philosophy-of-natura_smellie-william_1791,1385,0.00376,junk,,,,
ia_bim_eighteenth-century_the-philosophy-of-natura_smellie-william_1791,1386,0.0042,junk,,,,
ia_bim_eighteenth-century_the-philosophy-of-natura_smellie-william_1791,1387,0.05373,junk,,,,
ia_bim_eighteenth-century_the-philosophy-of-natura_smellie-william_1791,1388,0.00335,junk,,,,
ia_bim_eighteenth-century_the-philosophy-of-natura_smellie-william_1791,1391,0.03237,junk,,,,
ia_bim_eighteenth-century_the-philosophy-of-natura_smellie-william_1791,1392,0.00098,junk,,,,
ia_bim_eighteenth-century_the-philosophy-of-natura_smellie-william_1791,1393,0.21103,junk,,,,
ia_bim_eighteenth-century_the-philosophy-of-natura_smellie-william_1791,1394,0.00476,junk,,,,
ia_bim_eighteenth-century_the-philosophy-of-natura_smellie-william_1791,1395,0.00503,junk,,,,
ia_bim_eighteenth-century_the-philosophy-of-natura_smellie-william_1791,1396,0.0007,junk,,,,
ia_bim_eighteenth-century_the-philosophy-of-natura_smellie-william_1791,1397,0.06406,junk,,,,
ia_bim_eighteenth-century_the-philosophy-of-natura_smellie-william_1791,1398,0.78023,non_junk,internal_essence,0.00747,0.40063,0.5919
ia_bim_eighteenth-century_the-philosophy-of-natura_smellie-william_1791,1399,0.03302,junk,,,,
ia_bim_eighteenth-century_the-philosophy-of-natura_smellie-william_1791,1403,0.05133,junk,,,,
ia_bim_eighteenth-century_the-philosophy-of-natura_smellie-william_1791,1404,0.01033,junk,,,,
ia_bim_eighteenth-century_the-philosophy-of-natura_smellie-william_1791,1405,0.00514,junk,,,,
ia_bim_eighteenth-century_the-philosophy-of-natura_smellie-william_1791,1406,0.00256,junk,,,,
ia_bim_eighteenth-century_the-philosophy-of-natura_smellie-william_1791,1407,0.00683,junk,,,,
ia_bim_eighteenth-century_the-philosophy-of-natura_smellie-william_1791,1408,0.00289,junk,,,,
ia_bim_eighteenth-century_the-philosophy-of-natura_smellie-william_1791,1409,0.07734,junk,,,,
ia_bim_eighteenth-century_the-philosophy-of-natura_smellie-william_1791,1410,0.00313,junk,,,,
ia_bim_eighteenth-century_the-philosophy-of-natura_smellie-william_1791,1411,0.34846,junk,,,,
ia_bim_eighteenth-century_the-philosophy-of-natura_smellie-william_1791,1412,0.00029,junk,,,,
ia_bim_eighteenth-century_the-philosophy-of-natura_smellie-william_1791,1413,0.00043,junk,,,,
ia_bim_eighteenth-century_the-philosophy-of-natura_smellie-william_1791,1414,0.00026,junk,,,,
ia_bim_eighteenth-century_the-philosophy-of-natura_smellie-william_1791,1415,0.83932,non_junk,internal_essence,0.03565,0.08295,0.8814
ia_bim_eighteenth-century_the-philosophy-of-natura_smellie-william_1791,1416,0.00828,junk,,,,
ia_bim_eighteenth-century_the-philosophy-of-natura_smellie-william_1791,1417,0.02427,junk,,,,
ia_bim_eighteenth-century_the-philosophy-of-natura_smellie-william_1791,1419,0.05868,junk,,,,
ia_bim_eighteenth-century_the-philosophy-of-natura_smellie-william_1791,1420,0.00071,junk,,,,
ia_bim_eighteenth-century_the-philosophy-of-natura_smellie-william_1791,1421,0.0016,junk,,,,
ia_bim_eighteenth-century_the-philosophy-of-natura_smellie-william_1791,1422,0.0127,junk,,,,
ia_bim_eighteenth-century_the-philosophy-of-natura_smellie-william_1791,1423,0.21263,junk,,,,
ia_bim_eighteenth-century_the-philosophy-of-natura_smellie-william_1791,1424,0.18892,junk,,,,
ia_bim_eighteenth-century_the-philosophy-of-natura_smellie-william_1791,1425,0.31364,junk,,,,
ia_bim_eighteenth-century_the-philosophy-of-natura_smellie-william_1791,1427,0.00058,junk,,,,
ia_bim_eighteenth-century_the-philosophy-of-natura_smellie-william_1791,1428,0.00959,junk,,,,
ia_bim_eighteenth-century_the-philosophy-of-natura_smellie-william_1791,1430,0.0161,junk,,,,
ia_bim_eighteenth-century_the-philosophy-of-natura_smellie-william_1791,1433,0.68446,non_junk,internal_essence,0.00532,0.49646,0.49822
ia_bim_eighteenth-century_the-philosophy-of-natura_smellie-william_1791,1434,0.03624,junk,,,,
ia_bim_eighteenth-century_the-philosophy-of-natura_smellie-william_1791,1435,3e-05,junk,,,,
ia_bim_eighteenth-century_the-philosophy-of-natura_smellie-william_1791,1436,0.00188,junk,,,,
ia_bim_eighteenth-century_the-philosophy-of-natura_smellie-william_1791,1437,0.00456,junk,,,,
ia_bim_eighteenth-century_the-philosophy-of-natura_smellie-william_1791,1438,0.00084,junk,,,,
ia_bim_eighteenth-century_the-philosophy-of-natura_smellie-william_1791,1439,0.02851,junk,,,,
ia_bim_eighteenth-century_the-philosophy-of-natura_smellie-william_1791,1442,0.02551,junk,,,,
ia_bim_eighteenth-century_the-philosophy-of-natura_smellie-william_1791,1443,0.00031,junk,,,,
ia_bim_eighteenth-century_the-philosophy-of-natura_smellie-william_1791,1445,8e-05,junk,,,,
ia_bim_eighteenth-century_the-philosophy-of-natura_smellie-william_1791,1446,0.00536,junk,,,,
ia_bim_eighteenth-century_the-philosophy-of-natura_smellie-william_1791,1447,0.00116,junk,,,,
ia_bim_eighteenth-century_the-philosophy-of-natura_smellie-william_1791,1448,0.00127,junk,,,,
ia_bim_eighteenth-century_the-philosophy-of-natura_smellie-william_1791,1449,0.08155,junk,,,,
ia_bim_eighteenth-century_the-philosophy-of-natura_smellie-william_1791,1450,0.08155,junk,,,,
ia_bim_eighteenth-century_the-philosophy-of-natura_smellie-william_1791,1451,0.00586,junk,,,,
ia_bim_eighteenth-century_the-philosophy-of-natura_smellie-william_1791,1452,0.00362,junk,,,,
ia_bim_eighteenth-century_the-philosophy-of-natura_smellie-william_1791,1454,0.00392,junk,,,,
ia_bim_eighteenth-century_the-philosophy-of-natura_smellie-william_1791,1456,0.28931,junk,,,,
ia_bim_eighteenth-century_the-philosophy-of-natura_smellie-william_1791,1457,0.05528,junk,,,,
ia_bim_eighteenth-century_the-philosophy-of-natura_smellie-william_1791,1458,0.76602,non_junk,non_divine_teleology,0.00061,0.9603,0.0391
ia_bim_eighteenth-century_the-philosophy-of-natura_smellie-william_1791,1459,0.00026,junk,,,,
ia_bim_eighteenth-century_the-philosophy-of-natura_smellie-william_1791,1460,0.00101,junk,,,,
ia_bim_eighteenth-century_the-philosophy-of-natura_smellie-william_1791,1461,0.01606,junk,,,,
ia_bim_eighteenth-century_the-philosophy-of-natura_smellie-william_1791,1462,0.0224,junk,,,,
ia_bim_eighteenth-century_the-philosophy-of-natura_smellie-william_1791,1463,0.12001,junk,,,,
ia_bim_eighteenth-century_the-philosophy-of-natura_smellie-william_1791,1464,0.88785,non_junk,non_divine_teleology,0.00309,0.98049,0.01642
ia_bim_eighteenth-century_the-philosophy-of-natura_smellie-william_1791,1465,0.00057,junk,,,,
ia_bim_eighteenth-century_the-philosophy-of-natura_smellie-william_1791,1467,0.00492,junk,,,,
ia_bim_eighteenth-century_the-philosophy-of-natura_smellie-william_1791,1469,0.00718,junk,,,,
ia_bim_eighteenth-century_the-philosophy-of-natura_smellie-william_1791,1470,0.00057,junk,,,,
ia_bim_eighteenth-century_the-philosophy-of-natura_smellie-william_1791,1472,5e-05,junk,,,,
ia_bim_eighteenth-century_the-philosophy-of-natura_smellie-william_1791,1474,0.00182,junk,,,,
ia_bim_eighteenth-century_the-philosophy-of-natura_smellie-william_1791,1475,0.00099,junk,,,,
ia_bim_eighteenth-century_the-philosophy-of-natura_smellie-william_1791,1476,0.00239,junk,,,,
ia_bim_eighteenth-century_the-philosophy-of-natura_smellie-william_1791,1477,0.04812,junk,,,,
ia_bim_eighteenth-century_the-philosophy-of-natura_smellie-william_1791,1479,0.00127,junk,,,,
ia_bim_eighteenth-century_the-philosophy-of-natura_smellie-william_1791,1481,0.00244,junk,,,,
ia_bim_eighteenth-century_the-philosophy-of-natura_smellie-william_1791,1482,0.00636,junk,,,,
ia_bim_eighteenth-century_the-philosophy-of-natura_smellie-william_1791,1483,0.00397,junk,,,,
ia_bim_eighteenth-century_the-philosophy-of-natura_smellie-william_1791,1484,0.01033,junk,,,,
ia_bim_eighteenth-century_the-philosophy-of-natura_smellie-william_1791,1485,0.00336,junk,,,,
ia_bim_eighteenth-century_the-philosophy-of-natura_smellie-william_1791,1486,0.00742,junk,,,,
ia_bim_eighteenth-century_the-philosophy-of-natura_smellie-william_1791,1487,0.00689,junk,,,,
ia_bim_eighteenth-century_the-philosophy-of-natura_smellie-william_1791,1488,0.09261,junk,,,,
ia_bim_eighteenth-century_the-philosophy-of-natura_smellie-william_1791,1490,0.00078,junk,,,,
ia_bim_eighteenth-century_the-philosophy-of-natura_smellie-william_1791,1491,0.01002,junk,,,,
ia_bim_eighteenth-century_the-philosophy-of-natura_smellie-william_1791,1495,0.05952,junk,,,,
ia_bim_eighteenth-century_the-philosophy-of-natura_smellie-william_1791,1496,0.2978,junk,,,,
ia_bim_eighteenth-century_the-philosophy-of-natura_smellie-william_1791,1497,0.01092,junk,,,,
ia_bim_eighteenth-century_the-philosophy-of-natura_smellie-william_1791,1498,0.01453,junk,,,,
ia_bim_eighteenth-century_the-philosophy-of-natura_smellie-william_1791,1499,0.68361,non_junk,non_divine_teleology,0.026,0.58596,0.38804
ia_bim_eighteenth-century_the-philosophy-of-natura_smellie-william_1791,1500,0.00044,junk,,,,
ia_bim_eighteenth-century_the-philosophy-of-natura_smellie-william_1791,1501,0.10627,junk,,,,
