uid,sent_id,gate_prob_nonjunk,gate_pred,s2_pred,s2_p_divine_teleology,s2_p_non_divine_teleology,s2_p_internal_essence
ia_bim_eighteenth-century_arctic-zoology-arctic_pennant-thomas_1784_2,1,0.00103,junk,,,,
ia_bim_eighteenth-century_arctic-zoology-arctic_pennant-thomas_1784_2,4,0.007,junk,,,,
ia_bim_eighteenth-century_arctic-zoology-arctic_pennant-thomas_1784_2,5,0.00011,junk,,,,
ia_bim_eighteenth-century_arctic-zoology-arctic_pennant-thomas_1784_2,7,0.00157,junk,,,,
ia_bim_eighteenth-century_arctic-zoology-arctic_pennant-thomas_1784_2,8,0.05118,junk,,,,
ia_bim_eighteenth-century_arctic-zoology-arctic_pennant-thomas_1784_2,9,0.00603,junk,,,,
ia_bim_eighteenth-century_arctic-zoology-arctic_pennant-thomas_1784_2,10,0.00014,junk,,,,
ia_bim_eighteenth-century_arctic-zoology-arctic_pennant-thomas_1784_2,11,0.10054,junk,,,,
ia_bim_eighteenth-century_arctic-zoology-arctic_pennant-thomas_1784_2,12,0.10489,junk,,,,
ia_bim_eighteenth-century_arctic-zoology-arctic_pennant-thomas_1784_2,13,0.22099,junk,,,,
ia_bim_eighteenth-century_arctic-zoology-arctic_pennant-thomas_1784_2,14,0.9115,non_junk,divine_teleology,0.96945,0.03011,0.00045
ia_bim_eighteenth-century_arctic-zoology-arctic_pennant-thomas_1784_2,15,0.02078,junk,,,,
ia_bim_eighteenth-century_arctic-zoology-arctic_pennant-thomas_1784_2,16,0.00113,junk,,,,
ia_bim_eighteenth-century_arctic-zoology-arctic_pennant-thomas_1784_2,18,0.00365,junk,,,,
ia_bim_eighteenth-century_arctic-zoology-arctic_pennant-thomas_1784_2,19,0.00036,junk,,,,
ia_bim_eighteenth-century_arctic-zoology-arctic_pennant-thomas_1784_2,20,0.78528,non_junk,non_divine_teleology,0.01687,0.96873,0.0144
ia_bim_eighteenth-century_arctic-zoology-arctic_pennant-thomas_1784_2,21,0.0013,junk,,,,
ia_bim_eighteenth-century_arctic-zoology-arctic_pennant-thomas_1784_2,22,0.00934,junk,,,,
ia_bim_eighteenth-century_arctic-zoology-arctic_pennant-thomas_1784_2,25,0.35885,junk,,,,
ia_bim_eighteenth-century_arctic-zoology-arctic_pennant-thomas_1784_2,27,0.00013,junk,,,,
ia_bim_eighteenth-century_arctic-zoology-arctic_pennant-thomas_1784_2,28,0.00033,junk,,,,
ia_bim_eighteenth-century_arctic-zoology-arctic_pennant-thomas_1784_2,29,0.47528,junk,,,,
ia_bim_eighteenth-century_arctic-zoology-arctic_pennant-thomas_1784_2,30,0.01353,junk,,,,
ia_bim_eighteenth-century_arctic-zoology-arctic_pennant-thomas_1784_2,31,0.01,junk,,,,
ia_bim_eighteenth-century_arctic-zoology-arctic_pennant-thomas_1784_2,32,0.00595,junk,,,,
ia_bim_eighteenth-century_arctic-zoology-arctic_pennant-thomas_1784_2,33,0.01354,junk,,,,
ia_bim_eighteenth-century_arctic-zoology-arctic_pennant-thomas_1784_2,34,0.00571,junk,,,,
ia_bim_eighteenth-century_arctic-zoology-arctic_pennant-thomas_1784_2,35,0.00087,junk,,,,
ia_bim_eighteenth-century_arctic-zoology-arctic_pennant-thomas_1784_2,36,0.00084,junk,,,,
ia_bim_eighteenth-century_arctic-zoology-arctic_pennant-thomas_1784_2,38,0.00944,junk,,,,
ia_bim_eighteenth-century_arctic-zoology-arctic_pennant-thomas_1784_2,39,0.00512,junk,,,,
ia_bim_eighteenth-century_arctic-zoology-arctic_pennant-thomas_1784_2,40,0.00013,junk,,,,
ia_bim_eighteenth-century_arctic-zoology-arctic_pennant-thomas_1784_2,43,0.00285,junk,,,,
ia_bim_eighteenth-century_arctic-zoology-arctic_pennant-thomas_1784_2,44,0.00342,junk,,,,
ia_bim_eighteenth-century_arctic-zoology-arctic_pennant-thomas_1784_2,45,0.00065,junk,,,,
ia_bim_eighteenth-century_arctic-zoology-arctic_pennant-thomas_1784_2,46,0.20692,junk,,,,
ia_bim_eighteenth-century_arctic-zoology-arctic_pennant-thomas_1784_2,47,0.00054,junk,,,,
ia_bim_eighteenth-century_arctic-zoology-arctic_pennant-thomas_1784_2,48,0.00151,junk,,,,
ia_bim_eighteenth-century_arctic-zoology-arctic_pennant-thomas_1784_2,49,0.1561,junk,,,,
ia_bim_eighteenth-century_arctic-zoology-arctic_pennant-thomas_1784_2,50,0.12187,junk,,,,
ia_bim_eighteenth-century_arctic-zoology-arctic_pennant-thomas_1784_2,51,0.03383,junk,,,,
ia_bim_eighteenth-century_arctic-zoology-arctic_pennant-thomas_1784_2,52,0.03535,junk,,,,
ia_bim_eighteenth-century_arctic-zoology-arctic_pennant-thomas_1784_2,53,0.00372,junk,,,,
ia_bim_eighteenth-century_arctic-zoology-arctic_pennant-thomas_1784_2,54,0.0019,junk,,,,
ia_bim_eighteenth-century_arctic-zoology-arctic_pennant-thomas_1784_2,55,0.02159,junk,,,,
ia_bim_eighteenth-century_arctic-zoology-arctic_pennant-thomas_1784_2,56,0.2124,junk,,,,
ia_bim_eighteenth-century_arctic-zoology-arctic_pennant-thomas_1784_2,57,0.00233,junk,,,,
ia_bim_eighteenth-century_arctic-zoology-arctic_pennant-thomas_1784_2,58,0.00549,junk,,,,
ia_bim_eighteenth-century_arctic-zoology-arctic_pennant-thomas_1784_2,59,0.00067,junk,,,,
ia_bim_eighteenth-century_arctic-zoology-arctic_pennant-thomas_1784_2,60,0.02514,junk,,,,
ia_bim_eighteenth-century_arctic-zoology-arctic_pennant-thomas_1784_2,63,0.01197,junk,,,,
ia_bim_eighteenth-century_arctic-zoology-arctic_pennant-thomas_1784_2,64,0.29286,junk,,,,
ia_bim_eighteenth-century_arctic-zoology-arctic_pennant-thomas_1784_2,65,0.00157,junk,,,,
ia_bim_eighteenth-century_arctic-zoology-arctic_pennant-thomas_1784_2,66,0.00239,junk,,,,
ia_bim_eighteenth-century_arctic-zoology-arctic_pennant-thomas_1784_2,67,0.00481,junk,,,,
ia_bim_eighteenth-century_arctic-zoology-arctic_pennant-thomas_1784_2,68,0.00092,junk,,,,
ia_bim_eighteenth-century_arctic-zoology-arctic_pennant-thomas_1784_2,69,0.00481,junk,,,,
ia_bim_eighteenth-century_arctic-zoology-arctic_pennant-thomas_1784_2,70,0.02361,junk,,,,
ia_bim_eighteenth-century_arctic-zoology-arctic_pennant-thomas_1784_2,71,0.13068,junk,,,,
ia_bim_eighteenth-century_arctic-zoology-arctic_pennant-thomas_1784_2,72,0.0022,junk,,,,
ia_bim_eighteenth-century_arctic-zoology-arctic_pennant-thomas_1784_2,73,0.73653,non_junk,non_divine_teleology,0.00754,0.97748,0.01498
ia_bim_eighteenth-century_arctic-zoology-arctic_pennant-thomas_1784_2,74,0.00028,junk,,,,
ia_bim_eighteenth-century_arctic-zoology-arctic_pennant-thomas_1784_2,75,0.00023,junk,,,,
ia_bim_eighteenth-century_arctic-zoology-arctic_pennant-thomas_1784_2,76,0.0001,junk,,,,
ia_bim_eighteenth-century_arctic-zoology-arctic_pennant-thomas_1784_2,77,0.09296,junk,,,,
ia_bim_eighteenth-century_arctic-zoology-arctic_pennant-thomas_1784_2,78,0.98581,non_junk,non_divine_teleology,0.00111,0.99661,0.00228
ia_bim_eighteenth-century_arctic-zoology-arctic_pennant-thomas_1784_2,79,0.00089,junk,,,,
ia_bim_eighteenth-century_arctic-zoology-arctic_pennant-thomas_1784_2,80,0.00043,junk,,,,
ia_bim_eighteenth-century_arctic-zoology-arctic_pennant-thomas_1784_2,81,2e-05,junk,,,,
ia_bim_eighteenth-century_arctic-zoology-arctic_pennant-thomas_1784_2,83,0.22947,junk,,,,
ia_bim_eighteenth-century_arctic-zoology-arctic_pennant-thomas_1784_2,84,0.02101,junk,,,,
ia_bim_eighteenth-century_arctic-zoology-arctic_pennant-thomas_1784_2,86,0.03174,junk,,,,
ia_bim_eighteenth-century_arctic-zoology-arctic_pennant-thomas_1784_2,87,0.00062,junk,,,,
ia_bim_eighteenth-century_arctic-zoology-arctic_pennant-thomas_1784_2,88,0.00319,junk,,,,
ia_bim_eighteenth-century_arctic-zoology-arctic_pennant-thomas_1784_2,90,0.00086,junk,,,,
ia_bim_eighteenth-century_arctic-zoology-arctic_pennant-thomas_1784_2,91,0.01675,junk,,,,
ia_bim_eighteenth-century_arctic-zoology-arctic_pennant-thomas_1784_2,92,0.00164,junk,,,,
ia_bim_eighteenth-century_arctic-zoology-arctic_pennant-thomas_1784_2,93,0.00063,junk,,,,
ia_bim_eighteenth-century_arctic-zoology-arctic_pennant-thomas_1784_2,94,0.00653,junk,,,,
ia_bim_eighteenth-century_arctic-zoology-arctic_pennant-thomas_1784_2,95,0.00294,junk,,,,
ia_bim_eighteenth-century_arctic-zoology-arctic_pennant-thomas_1784_2,96,0.07601,junk,,,,
ia_bim_eighteenth-century_arctic-zoology-arctic_pennant-thomas_1784_2,97,0.50388,non_junk,non_divine_teleology,0.0036,0.98344,0.01296
ia_bim_eighteenth-century_arctic-zoology-arctic_pennant-thomas_1784_2,98,0.06198,junk,,,,
ia_bim_eighteenth-century_arctic-zoology-arctic_pennant-thomas_1784_2,99,0.00114,junk,,,,
ia_bim_eighteenth-century_arctic-zoology-arctic_pennant-thomas_1784_2,100,0.00114,junk,,,,
ia_bim_eighteenth-century_arctic-zoology-arctic_pennant-thomas_1784_2,101,0.00221,junk,,,,
ia_bim_eighteenth-century_arctic-zoology-arctic_pennant-thomas_1784_2,102,0.00159,junk,,,,
ia_bim_eighteenth-century_arctic-zoology-arctic_pennant-thomas_1784_2,103,0.04947,junk,,,,
ia_bim_eighteenth-century_arctic-zoology-arctic_pennant-thomas_1784_2,104,0.05446,junk,,,,
ia_bim_eighteenth-century_arctic-zoology-arctic_pennant-thomas_1784_2,105,0.0068,junk,,,,
ia_bim_eighteenth-century_arctic-zoology-arctic_pennant-thomas_1784_2,106,0.00377,junk,,,,
ia_bim_eighteenth-century_arctic-zoology-arctic_pennant-thomas_1784_2,107,0.62896,non_junk,non_divine_teleology,0.00734,0.9855,0.00716
ia_bim_eighteenth-century_arctic-zoology-arctic_pennant-thomas_1784_2,108,0.10257,junk,,,,
ia_bim_eighteenth-century_arctic-zoology-arctic_pennant-thomas_1784_2,109,0.04546,junk,,,,
ia_bim_eighteenth-century_arctic-zoology-arctic_pennant-thomas_1784_2,112,0.19148,junk,,,,
ia_bim_eighteenth-century_arctic-zoology-arctic_pennant-thomas_1784_2,113,0.00023,junk,,,,
ia_bim_eighteenth-century_arctic-zoology-arctic_pennant-thomas_1784_2,114,0.05782,junk,,,,
ia_bim_eighteenth-century_arctic-zoology-arctic_pennant-thomas_1784_2,115,0.63557,non_junk,non_divine_teleology,0.00189,0.994,0.0041
ia_bim_eighteenth-century_arctic-zoology-arctic_pennant-thomas_1784_2,116,0.00054,junk,,,,
ia_bim_eighteenth-century_arctic-zoology-arctic_pennant-thomas_1784_2,117,0.00142,junk,,,,
ia_bim_eighteenth-century_arctic-zoology-arctic_pennant-thomas_1784_2,118,0.00105,junk,,,,
ia_bim_eighteenth-century_arctic-zoology-arctic_pennant-thomas_1784_2,119,0.00607,junk,,,,
ia_bim_eighteenth-century_arctic-zoology-arctic_pennant-thomas_1784_2,120,0.0641,junk,,,,
ia_bim_eighteenth-century_arctic-zoology-arctic_pennant-thomas_1784_2,121,0.01415,junk,,,,
ia_bim_eighteenth-century_arctic-zoology-arctic_pennant-thomas_1784_2,122,0.00122,junk,,,,
ia_bim_eighteenth-century_arctic-zoology-arctic_pennant-thomas_1784_2,123,0.00069,junk,,,,
ia_bim_eighteenth-century_arctic-zoology-arctic_pennant-thomas_1784_2,124,0.00254,junk,,,,
ia_bim_eighteenth-century_arctic-zoology-arctic_pennant-thomas_1784_2,125,0.00043,junk,,,,
ia_bim_eighteenth-century_arctic-zoology-arctic_pennant-thomas_1784_2,126,6e-05,junk,,,,
ia_bim_eighteenth-century_arctic-zoology-arctic_pennant-thomas_1784_2,127,0.32116,junk,,,,
ia_bim_eighteenth-century_arctic-zoology-arctic_pennant-thomas_1784_2,128,0.00071,junk,,,,
ia_bim_eighteenth-century_arctic-zoology-arctic_pennant-thomas_1784_2,130,0.00098,junk,,,,
ia_bim_eighteenth-century_arctic-zoology-arctic_pennant-thomas_1784_2,131,0.00019,junk,,,,
ia_bim_eighteenth-century_arctic-zoology-arctic_pennant-thomas_1784_2,132,0.00759,junk,,,,
ia_bim_eighteenth-century_arctic-zoology-arctic_pennant-thomas_1784_2,133,0.00076,junk,,,,
ia_bim_eighteenth-century_arctic-zoology-arctic_pennant-thomas_1784_2,134,0.05483,junk,,,,
ia_bim_eighteenth-century_arctic-zoology-arctic_pennant-thomas_1784_2,135,0.04185,junk,,,,
ia_bim_eighteenth-century_arctic-zoology-arctic_pennant-thomas_1784_2,136,0.00472,junk,,,,
ia_bim_eighteenth-century_arctic-zoology-arctic_pennant-thomas_1784_2,137,9e-05,junk,,,,
ia_bim_eighteenth-century_arctic-zoology-arctic_pennant-thomas_1784_2,139,0.00042,junk,,,,
ia_bim_eighteenth-century_arctic-zoology-arctic_pennant-thomas_1784_2,140,0.00098,junk,,,,
ia_bim_eighteenth-century_arctic-zoology-arctic_pennant-thomas_1784_2,141,0.00133,junk,,,,
ia_bim_eighteenth-century_arctic-zoology-arctic_pennant-thomas_1784_2,143,0.39831,junk,,,,
ia_bim_eighteenth-century_arctic-zoology-arctic_pennant-thomas_1784_2,144,0.00736,junk,,,,
ia_bim_eighteenth-century_arctic-zoology-arctic_pennant-thomas_1784_2,146,0.00546,junk,,,,
ia_bim_eighteenth-century_arctic-zoology-arctic_pennant-thomas_1784_2,147,0.00054,junk,,,,
ia_bim_eighteenth-century_arctic-zoology-arctic_pennant-thomas_1784_2,148,0.00468,junk,,,,
ia_bim_eighteenth-century_arctic-zoology-arctic_pennant-thomas_1784_2,149,0.00249,junk,,,,
ia_bim_eighteenth-century_arctic-zoology-arctic_pennant-thomas_1784_2,150,0.00603,junk,,,,
ia_bim_eighteenth-century_arctic-zoology-arctic_pennant-thomas_1784_2,151,0.00365,junk,,,,
ia_bim_eighteenth-century_arctic-zoology-arctic_pennant-thomas_1784_2,152,0.00428,junk,,,,
ia_bim_eighteenth-century_arctic-zoology-arctic_pennant-thomas_1784_2,154,0.00137,junk,,,,
ia_bim_eighteenth-century_arctic-zoology-arctic_pennant-thomas_1784_2,155,0.04192,junk,,,,
ia_bim_eighteenth-century_arctic-zoology-arctic_pennant-thomas_1784_2,156,6e-05,junk,,,,
ia_bim_eighteenth-century_arctic-zoology-arctic_pennant-thomas_1784_2,157,0.00284,junk,,,,
ia_bim_eighteenth-century_arctic-zoology-arctic_pennant-thomas_1784_2,158,0.00657,junk,,,,
ia_bim_eighteenth-century_arctic-zoology-arctic_pennant-thomas_1784_2,159,0.02716,junk,,,,
ia_bim_eighteenth-century_arctic-zoology-arctic_pennant-thomas_1784_2,160,0.00343,junk,,,,
ia_bim_eighteenth-century_arctic-zoology-arctic_pennant-thomas_1784_2,161,0.00038,junk,,,,
ia_bim_eighteenth-century_arctic-zoology-arctic_pennant-thomas_1784_2,162,0.02769,junk,,,,
ia_bim_eighteenth-century_arctic-zoology-arctic_pennant-thomas_1784_2,163,0.00014,junk,,,,
ia_bim_eighteenth-century_arctic-zoology-arctic_pennant-thomas_1784_2,164,0.0007,junk,,,,
ia_bim_eighteenth-century_arctic-zoology-arctic_pennant-thomas_1784_2,166,0.03672,junk,,,,
ia_bim_eighteenth-century_arctic-zoology-arctic_pennant-thomas_1784_2,167,0.00021,junk,,,,
ia_bim_eighteenth-century_arctic-zoology-arctic_pennant-thomas_1784_2,169,0.00133,junk,,,,
ia_bim_eighteenth-century_arctic-zoology-arctic_pennant-thomas_1784_2,170,3e-05,junk,,,,
ia_bim_eighteenth-century_arctic-zoology-arctic_pennant-thomas_1784_2,171,0.04442,junk,,,,
ia_bim_eighteenth-century_arctic-zoology-arctic_pennant-thomas_1784_2,173,0.00515,junk,,,,
ia_bim_eighteenth-century_arctic-zoology-arctic_pennant-thomas_1784_2,174,0.0218,junk,,,,
ia_bim_eighteenth-century_arctic-zoology-arctic_pennant-thomas_1784_2,175,0.00037,junk,,,,
ia_bim_eighteenth-century_arctic-zoology-arctic_pennant-thomas_1784_2,176,0.00188,junk,,,,
ia_bim_eighteenth-century_arctic-zoology-arctic_pennant-thomas_1784_2,177,0.0006,junk,,,,
ia_bim_eighteenth-century_arctic-zoology-arctic_pennant-thomas_1784_2,178,0.0265,junk,,,,
ia_bim_eighteenth-century_arctic-zoology-arctic_pennant-thomas_1784_2,179,0.00725,junk,,,,
ia_bim_eighteenth-century_arctic-zoology-arctic_pennant-thomas_1784_2,180,0.00092,junk,,,,
ia_bim_eighteenth-century_arctic-zoology-arctic_pennant-thomas_1784_2,181,6e-05,junk,,,,
ia_bim_eighteenth-century_arctic-zoology-arctic_pennant-thomas_1784_2,182,0.02491,junk,,,,
ia_bim_eighteenth-century_arctic-zoology-arctic_pennant-thomas_1784_2,184,0.00141,junk,,,,
ia_bim_eighteenth-century_arctic-zoology-arctic_pennant-thomas_1784_2,185,0.01537,junk,,,,
ia_bim_eighteenth-century_arctic-zoology-arctic_pennant-thomas_1784_2,186,0.00044,junk,,,,
ia_bim_eighteenth-century_arctic-zoology-arctic_pennant-thomas_1784_2,187,0.00028,junk,,,,
ia_bim_eighteenth-century_arctic-zoology-arctic_pennant-thomas_1784_2,188,0.00278,junk,,,,
ia_bim_eighteenth-century_arctic-zoology-arctic_pennant-thomas_1784_2,189,0.00032,junk,,,,
ia_bim_eighteenth-century_arctic-zoology-arctic_pennant-thomas_1784_2,190,0.0001,junk,,,,
ia_bim_eighteenth-century_arctic-zoology-arctic_pennant-thomas_1784_2,191,0.00029,junk,,,,
ia_bim_eighteenth-century_arctic-zoology-arctic_pennant-thomas_1784_2,193,0.00332,junk,,,,
ia_bim_eighteenth-century_arctic-zoology-arctic_pennant-thomas_1784_2,195,0.00155,junk,,,,
ia_bim_eighteenth-century_arctic-zoology-arctic_pennant-thomas_1784_2,196,0.01459,junk,,,,
ia_bim_eighteenth-century_arctic-zoology-arctic_pennant-thomas_1784_2,197,0.0013,junk,,,,
ia_bim_eighteenth-century_arctic-zoology-arctic_pennant-thomas_1784_2,199,0.00115,junk,,,,
ia_bim_eighteenth-century_arctic-zoology-arctic_pennant-thomas_1784_2,200,0.01504,junk,,,,
ia_bim_eighteenth-century_arctic-zoology-arctic_pennant-thomas_1784_2,201,0.01515,junk,,,,
ia_bim_eighteenth-century_arctic-zoology-arctic_pennant-thomas_1784_2,204,0.00265,junk,,,,
ia_bim_eighteenth-century_arctic-zoology-arctic_pennant-thomas_1784_2,207,0.28088,junk,,,,
ia_bim_eighteenth-century_arctic-zoology-arctic_pennant-thomas_1784_2,208,0.00106,junk,,,,
ia_bim_eighteenth-century_arctic-zoology-arctic_pennant-thomas_1784_2,209,0.00036,junk,,,,
ia_bim_eighteenth-century_arctic-zoology-arctic_pennant-thomas_1784_2,210,0.51389,non_junk,non_divine_teleology,0.00171,0.99346,0.00483
ia_bim_eighteenth-century_arctic-zoology-arctic_pennant-thomas_1784_2,211,0.03349,junk,,,,
ia_bim_eighteenth-century_arctic-zoology-arctic_pennant-thomas_1784_2,212,0.00204,junk,,,,
ia_bim_eighteenth-century_arctic-zoology-arctic_pennant-thomas_1784_2,214,0.00024,junk,,,,
ia_bim_eighteenth-century_arctic-zoology-arctic_pennant-thomas_1784_2,215,0.00451,junk,,,,
ia_bim_eighteenth-century_arctic-zoology-arctic_pennant-thomas_1784_2,216,0.00175,junk,,,,
ia_bim_eighteenth-century_arctic-zoology-arctic_pennant-thomas_1784_2,217,0.0003,junk,,,,
ia_bim_eighteenth-century_arctic-zoology-arctic_pennant-thomas_1784_2,218,0.01437,junk,,,,
ia_bim_eighteenth-century_arctic-zoology-arctic_pennant-thomas_1784_2,219,0.00593,junk,,,,
ia_bim_eighteenth-century_arctic-zoology-arctic_pennant-thomas_1784_2,220,0.08682,junk,,,,
ia_bim_eighteenth-century_arctic-zoology-arctic_pennant-thomas_1784_2,221,0.0015,junk,,,,
ia_bim_eighteenth-century_arctic-zoology-arctic_pennant-thomas_1784_2,222,0.11009,junk,,,,
ia_bim_eighteenth-century_arctic-zoology-arctic_pennant-thomas_1784_2,223,0.04031,junk,,,,
ia_bim_eighteenth-century_arctic-zoology-arctic_pennant-thomas_1784_2,224,0.00071,junk,,,,
ia_bim_eighteenth-century_arctic-zoology-arctic_pennant-thomas_1784_2,225,0.00068,junk,,,,
ia_bim_eighteenth-century_arctic-zoology-arctic_pennant-thomas_1784_2,227,0.0055,junk,,,,
ia_bim_eighteenth-century_arctic-zoology-arctic_pennant-thomas_1784_2,228,0.00261,junk,,,,
ia_bim_eighteenth-century_arctic-zoology-arctic_pennant-thomas_1784_2,229,0.02498,junk,,,,
ia_bim_eighteenth-century_arctic-zoology-arctic_pennant-thomas_1784_2,230,0.03941,junk,,,,
ia_bim_eighteenth-century_arctic-zoology-arctic_pennant-thomas_1784_2,232,0.00016,junk,,,,
ia_bim_eighteenth-century_arctic-zoology-arctic_pennant-thomas_1784_2,233,0.01069,junk,,,,
ia_bim_eighteenth-century_arctic-zoology-arctic_pennant-thomas_1784_2,234,0.00015,junk,,,,
ia_bim_eighteenth-century_arctic-zoology-arctic_pennant-thomas_1784_2,235,0.01178,junk,,,,
ia_bim_eighteenth-century_arctic-zoology-arctic_pennant-thomas_1784_2,238,0.05572,junk,,,,
ia_bim_eighteenth-century_arctic-zoology-arctic_pennant-thomas_1784_2,239,0.00089,junk,,,,
ia_bim_eighteenth-century_arctic-zoology-arctic_pennant-thomas_1784_2,240,7e-05,junk,,,,
ia_bim_eighteenth-century_arctic-zoology-arctic_pennant-thomas_1784_2,241,0.00667,junk,,,,
ia_bim_eighteenth-century_arctic-zoology-arctic_pennant-thomas_1784_2,242,7e-05,junk,,,,
ia_bim_eighteenth-century_arctic-zoology-arctic_pennant-thomas_1784_2,243,9e-05,junk,,,,
ia_bim_eighteenth-century_arctic-zoology-arctic_pennant-thomas_1784_2,244,0.00895,junk,,,,
ia_bim_eighteenth-century_arctic-zoology-arctic_pennant-thomas_1784_2,245,0.00429,junk,,,,
ia_bim_eighteenth-century_arctic-zoology-arctic_pennant-thomas_1784_2,246,0.79642,non_junk,divine_teleology,0.92312,0.0758,0.00108
ia_bim_eighteenth-century_arctic-zoology-arctic_pennant-thomas_1784_2,247,0.00526,junk,,,,
ia_bim_eighteenth-century_arctic-zoology-arctic_pennant-thomas_1784_2,249,0.00265,junk,,,,
ia_bim_eighteenth-century_arctic-zoology-arctic_pennant-thomas_1784_2,250,0.1082,junk,,,,
ia_bim_eighteenth-century_arctic-zoology-arctic_pennant-thomas_1784_2,251,0.00661,junk,,,,
ia_bim_eighteenth-century_arctic-zoology-arctic_pennant-thomas_1784_2,252,0.01857,junk,,,,
ia_bim_eighteenth-century_arctic-zoology-arctic_pennant-thomas_1784_2,253,0.00273,junk,,,,
ia_bim_eighteenth-century_arctic-zoology-arctic_pennant-thomas_1784_2,254,5e-05,junk,,,,
ia_bim_eighteenth-century_arctic-zoology-arctic_pennant-thomas_1784_2,255,0.00185,junk,,,,
ia_bim_eighteenth-century_arctic-zoology-arctic_pennant-thomas_1784_2,256,0.00819,junk,,,,
ia_bim_eighteenth-century_arctic-zoology-arctic_pennant-thomas_1784_2,257,0.01562,junk,,,,
ia_bim_eighteenth-century_arctic-zoology-arctic_pennant-thomas_1784_2,259,0.00441,junk,,,,
ia_bim_eighteenth-century_arctic-zoology-arctic_pennant-thomas_1784_2,260,0.00124,junk,,,,
ia_bim_eighteenth-century_arctic-zoology-arctic_pennant-thomas_1784_2,261,0.00013,junk,,,,
ia_bim_eighteenth-century_arctic-zoology-arctic_pennant-thomas_1784_2,262,0.00292,junk,,,,
ia_bim_eighteenth-century_arctic-zoology-arctic_pennant-thomas_1784_2,263,0.00021,junk,,,,
ia_bim_eighteenth-century_arctic-zoology-arctic_pennant-thomas_1784_2,264,0.00087,junk,,,,
ia_bim_eighteenth-century_arctic-zoology-arctic_pennant-thomas_1784_2,265,0.01723,junk,,,,
ia_bim_eighteenth-century_arctic-zoology-arctic_pennant-thomas_1784_2,266,0.00573,junk,,,,
ia_bim_eighteenth-century_arctic-zoology-arctic_pennant-thomas_1784_2,267,0.00079,junk,,,,
ia_bim_eighteenth-century_arctic-zoology-arctic_pennant-thomas_1784_2,269,7e-05,junk,,,,
ia_bim_eighteenth-century_arctic-zoology-arctic_pennant-thomas_1784_2,270,0.03627,junk,,,,
ia_bim_eighteenth-century_arctic-zoology-arctic_pennant-thomas_1784_2,271,0.00598,junk,,,,
ia_bim_eighteenth-century_arctic-zoology-arctic_pennant-thomas_1784_2,272,0.008,junk,,,,
ia_bim_eighteenth-century_arctic-zoology-arctic_pennant-thomas_1784_2,273,0.86711,non_junk,non_divine_teleology,0.00637,0.97537,0.01826
ia_bim_eighteenth-century_arctic-zoology-arctic_pennant-thomas_1784_2,274,0.57073,non_junk,non_divine_teleology,0.0019,0.93661,0.06149
ia_bim_eighteenth-century_arctic-zoology-arctic_pennant-thomas_1784_2,275,0.10197,junk,,,,
ia_bim_eighteenth-century_arctic-zoology-arctic_pennant-thomas_1784_2,276,3e-05,junk,,,,
ia_bim_eighteenth-century_arctic-zoology-arctic_pennant-thomas_1784_2,277,0.00249,junk,,,,
ia_bim_eighteenth-century_arctic-zoology-arctic_pennant-thomas_1784_2,279,0.18917,junk,,,,
ia_bim_eighteenth-century_arctic-zoology-arctic_pennant-thomas_1784_2,281,0.00083,junk,,,,
ia_bim_eighteenth-century_arctic-zoology-arctic_pennant-thomas_1784_2,283,0.00547,junk,,,,
ia_bim_eighteenth-century_arctic-zoology-arctic_pennant-thomas_1784_2,284,0.00048,junk,,,,
ia_bim_eighteenth-century_arctic-zoology-arctic_pennant-thomas_1784_2,285,0.0019,junk,,,,
ia_bim_eighteenth-century_arctic-zoology-arctic_pennant-thomas_1784_2,286,0.00561,junk,,,,
ia_bim_eighteenth-century_arctic-zoology-arctic_pennant-thomas_1784_2,287,0.00057,junk,,,,
ia_bim_eighteenth-century_arctic-zoology-arctic_pennant-thomas_1784_2,288,0.06091,junk,,,,
ia_bim_eighteenth-century_arctic-zoology-arctic_pennant-thomas_1784_2,289,9e-05,junk,,,,
ia_bim_eighteenth-century_arctic-zoology-arctic_pennant-thomas_1784_2,290,0.39146,junk,,,,
ia_bim_eighteenth-century_arctic-zoology-arctic_pennant-thomas_1784_2,291,0.97977,non_junk,non_divine_teleology,0.02158,0.96602,0.0124
ia_bim_eighteenth-century_arctic-zoology-arctic_pennant-thomas_1784_2,292,0.24307,junk,,,,
ia_bim_eighteenth-century_arctic-zoology-arctic_pennant-thomas_1784_2,293,0.00548,junk,,,,
ia_bim_eighteenth-century_arctic-zoology-arctic_pennant-thomas_1784_2,294,0.00108,junk,,,,
ia_bim_eighteenth-century_arctic-zoology-arctic_pennant-thomas_1784_2,295,0.0873,junk,,,,
ia_bim_eighteenth-century_arctic-zoology-arctic_pennant-thomas_1784_2,296,6e-05,junk,,,,
ia_bim_eighteenth-century_arctic-zoology-arctic_pennant-thomas_1784_2,297,0.01114,junk,,,,
ia_bim_eighteenth-century_arctic-zoology-arctic_pennant-thomas_1784_2,298,0.0024,junk,,,,
ia_bim_eighteenth-century_arctic-zoology-arctic_pennant-thomas_1784_2,299,0.00196,junk,,,,
ia_bim_eighteenth-century_arctic-zoology-arctic_pennant-thomas_1784_2,300,0.01154,junk,,,,
ia_bim_eighteenth-century_arctic-zoology-arctic_pennant-thomas_1784_2,302,0.00055,junk,,,,
ia_bim_eighteenth-century_arctic-zoology-arctic_pennant-thomas_1784_2,303,0.18048,junk,,,,
ia_bim_eighteenth-century_arctic-zoology-arctic_pennant-thomas_1784_2,304,0.00239,junk,,,,
ia_bim_eighteenth-century_arctic-zoology-arctic_pennant-thomas_1784_2,305,0.00016,junk,,,,
ia_bim_eighteenth-century_arctic-zoology-arctic_pennant-thomas_1784_2,306,0.00082,junk,,,,
ia_bim_eighteenth-century_arctic-zoology-arctic_pennant-thomas_1784_2,307,0.00017,junk,,,,
ia_bim_eighteenth-century_arctic-zoology-arctic_pennant-thomas_1784_2,309,0.00177,junk,,,,
ia_bim_eighteenth-century_arctic-zoology-arctic_pennant-thomas_1784_2,310,0.01283,junk,,,,
ia_bim_eighteenth-century_arctic-zoology-arctic_pennant-thomas_1784_2,311,0.00056,junk,,,,
ia_bim_eighteenth-century_arctic-zoology-arctic_pennant-thomas_1784_2,312,0.00397,junk,,,,
ia_bim_eighteenth-century_arctic-zoology-arctic_pennant-thomas_1784_2,313,0.0002,junk,,,,
ia_bim_eighteenth-century_arctic-zoology-arctic_pennant-thomas_1784_2,314,0.00296,junk,,,,
ia_bim_eighteenth-century_arctic-zoology-arctic_pennant-thomas_1784_2,316,0.00329,junk,,,,
ia_bim_eighteenth-century_arctic-zoology-arctic_pennant-thomas_1784_2,317,0.00329,junk,,,,
ia_bim_eighteenth-century_arctic-zoology-arctic_pennant-thomas_1784_2,318,0.17449,junk,,,,
ia_bim_eighteenth-century_arctic-zoology-arctic_pennant-thomas_1784_2,319,0.00045,junk,,,,
ia_bim_eighteenth-century_arctic-zoology-arctic_pennant-thomas_1784_2,320,0.00571,junk,,,,
ia_bim_eighteenth-century_arctic-zoology-arctic_pennant-thomas_1784_2,321,0.00182,junk,,,,
ia_bim_eighteenth-century_arctic-zoology-arctic_pennant-thomas_1784_2,322,0.00156,junk,,,,
ia_bim_eighteenth-century_arctic-zoology-arctic_pennant-thomas_1784_2,323,0.00354,junk,,,,
ia_bim_eighteenth-century_arctic-zoology-arctic_pennant-thomas_1784_2,324,9e-05,junk,,,,
ia_bim_eighteenth-century_arctic-zoology-arctic_pennant-thomas_1784_2,326,0.00524,junk,,,,
ia_bim_eighteenth-century_arctic-zoology-arctic_pennant-thomas_1784_2,327,0.0286,junk,,,,
ia_bim_eighteenth-century_arctic-zoology-arctic_pennant-thomas_1784_2,328,0.00073,junk,,,,
ia_bim_eighteenth-century_arctic-zoology-arctic_pennant-thomas_1784_2,329,0.00207,junk,,,,
ia_bim_eighteenth-century_arctic-zoology-arctic_pennant-thomas_1784_2,330,0.00204,junk,,,,
ia_bim_eighteenth-century_arctic-zoology-arctic_pennant-thomas_1784_2,331,0.02588,junk,,,,
ia_bim_eighteenth-century_arctic-zoology-arctic_pennant-thomas_1784_2,332,0.00013,junk,,,,
ia_bim_eighteenth-century_arctic-zoology-arctic_pennant-thomas_1784_2,333,0.00236,junk,,,,
ia_bim_eighteenth-century_arctic-zoology-arctic_pennant-thomas_1784_2,334,0.00364,junk,,,,
ia_bim_eighteenth-century_arctic-zoology-arctic_pennant-thomas_1784_2,335,0.17771,junk,,,,
ia_bim_eighteenth-century_arctic-zoology-arctic_pennant-thomas_1784_2,336,0.00047,junk,,,,
ia_bim_eighteenth-century_arctic-zoology-arctic_pennant-thomas_1784_2,339,0.00254,junk,,,,
ia_bim_eighteenth-century_arctic-zoology-arctic_pennant-thomas_1784_2,340,0.00058,junk,,,,
ia_bim_eighteenth-century_arctic-zoology-arctic_pennant-thomas_1784_2,341,0.00034,junk,,,,
ia_bim_eighteenth-century_arctic-zoology-arctic_pennant-thomas_1784_2,342,0.03003,junk,,,,
ia_bim_eighteenth-century_arctic-zoology-arctic_pennant-thomas_1784_2,344,0.00015,junk,,,,
ia_bim_eighteenth-century_arctic-zoology-arctic_pennant-thomas_1784_2,345,0.00249,junk,,,,
ia_bim_eighteenth-century_arctic-zoology-arctic_pennant-thomas_1784_2,346,0.06418,junk,,,,
ia_bim_eighteenth-century_arctic-zoology-arctic_pennant-thomas_1784_2,347,0.05238,junk,,,,
ia_bim_eighteenth-century_arctic-zoology-arctic_pennant-thomas_1784_2,348,0.00112,junk,,,,
ia_bim_eighteenth-century_arctic-zoology-arctic_pennant-thomas_1784_2,349,0.00386,junk,,,,
ia_bim_eighteenth-century_arctic-zoology-arctic_pennant-thomas_1784_2,351,0.11201,junk,,,,
ia_bim_eighteenth-century_arctic-zoology-arctic_pennant-thomas_1784_2,352,0.00084,junk,,,,
ia_bim_eighteenth-century_arctic-zoology-arctic_pennant-thomas_1784_2,353,5e-05,junk,,,,
ia_bim_eighteenth-century_arctic-zoology-arctic_pennant-thomas_1784_2,354,0.0002,junk,,,,
ia_bim_eighteenth-century_arctic-zoology-arctic_pennant-thomas_1784_2,355,0.01935,junk,,,,
ia_bim_eighteenth-century_arctic-zoology-arctic_pennant-thomas_1784_2,356,0.00012,junk,,,,
ia_bim_eighteenth-century_arctic-zoology-arctic_pennant-thomas_1784_2,357,0.87652,non_junk,non_divine_teleology,0.00284,0.98941,0.00775
ia_bim_eighteenth-century_arctic-zoology-arctic_pennant-thomas_1784_2,358,0.00081,junk,,,,
ia_bim_eighteenth-century_arctic-zoology-arctic_pennant-thomas_1784_2,359,0.15754,junk,,,,
ia_bim_eighteenth-century_arctic-zoology-arctic_pennant-thomas_1784_2,360,0.00266,junk,,,,
ia_bim_eighteenth-century_arctic-zoology-arctic_pennant-thomas_1784_2,361,0.00735,junk,,,,
ia_bim_eighteenth-century_arctic-zoology-arctic_pennant-thomas_1784_2,362,0.3716,junk,,,,
ia_bim_eighteenth-century_arctic-zoology-arctic_pennant-thomas_1784_2,363,0.0232,junk,,,,
ia_bim_eighteenth-century_arctic-zoology-arctic_pennant-thomas_1784_2,364,0.0016,junk,,,,
ia_bim_eighteenth-century_arctic-zoology-arctic_pennant-thomas_1784_2,365,0.00177,junk,,,,
ia_bim_eighteenth-century_arctic-zoology-arctic_pennant-thomas_1784_2,366,0.00128,junk,,,,
ia_bim_eighteenth-century_arctic-zoology-arctic_pennant-thomas_1784_2,368,0.1468,junk,,,,
ia_bim_eighteenth-century_arctic-zoology-arctic_pennant-thomas_1784_2,370,0.00171,junk,,,,
ia_bim_eighteenth-century_arctic-zoology-arctic_pennant-thomas_1784_2,371,0.00109,junk,,,,
ia_bim_eighteenth-century_arctic-zoology-arctic_pennant-thomas_1784_2,372,0.55029,non_junk,non_divine_teleology,0.0121,0.49899,0.48891
ia_bim_eighteenth-century_arctic-zoology-arctic_pennant-thomas_1784_2,373,0.00503,junk,,,,
ia_bim_eighteenth-century_arctic-zoology-arctic_pennant-thomas_1784_2,375,0.33497,junk,,,,
ia_bim_eighteenth-century_arctic-zoology-arctic_pennant-thomas_1784_2,376,0.02575,junk,,,,
ia_bim_eighteenth-century_arctic-zoology-arctic_pennant-thomas_1784_2,377,0.02723,junk,,,,
ia_bim_eighteenth-century_arctic-zoology-arctic_pennant-thomas_1784_2,378,0.00132,junk,,,,
ia_bim_eighteenth-century_arctic-zoology-arctic_pennant-thomas_1784_2,381,0.0028,junk,,,,
ia_bim_eighteenth-century_arctic-zoology-arctic_pennant-thomas_1784_2,383,0.00021,junk,,,,
ia_bim_eighteenth-century_arctic-zoology-arctic_pennant-thomas_1784_2,384,0.01863,junk,,,,
ia_bim_eighteenth-century_arctic-zoology-arctic_pennant-thomas_1784_2,386,0.00024,junk,,,,
ia_bim_eighteenth-century_arctic-zoology-arctic_pennant-thomas_1784_2,387,0.00079,junk,,,,
ia_bim_eighteenth-century_arctic-zoology-arctic_pennant-thomas_1784_2,388,0.00054,junk,,,,
ia_bim_eighteenth-century_arctic-zoology-arctic_pennant-thomas_1784_2,389,0.00016,junk,,,,
ia_bim_eighteenth-century_arctic-zoology-arctic_pennant-thomas_1784_2,390,0.00189,junk,,,,
ia_bim_eighteenth-century_arctic-zoology-arctic_pennant-thomas_1784_2,391,0.00276,junk,,,,
ia_bim_eighteenth-century_arctic-zoology-arctic_pennant-thomas_1784_2,392,0.00025,junk,,,,
ia_bim_eighteenth-century_arctic-zoology-arctic_pennant-thomas_1784_2,393,0.00842,junk,,,,
ia_bim_eighteenth-century_arctic-zoology-arctic_pennant-thomas_1784_2,394,0.00203,junk,,,,
ia_bim_eighteenth-century_arctic-zoology-arctic_pennant-thomas_1784_2,395,0.00045,junk,,,,
ia_bim_eighteenth-century_arctic-zoology-arctic_pennant-thomas_1784_2,396,0.00532,junk,,,,
ia_bim_eighteenth-century_arctic-zoology-arctic_pennant-thomas_1784_2,397,0.08831,junk,,,,
ia_bim_eighteenth-century_arctic-zoology-arctic_pennant-thomas_1784_2,399,0.01549,junk,,,,
ia_bim_eighteenth-century_arctic-zoology-arctic_pennant-thomas_1784_2,400,0.00209,junk,,,,
ia_bim_eighteenth-century_arctic-zoology-arctic_pennant-thomas_1784_2,401,0.00058,junk,,,,
ia_bim_eighteenth-century_arctic-zoology-arctic_pennant-thomas_1784_2,402,0.00139,junk,,,,
ia_bim_eighteenth-century_arctic-zoology-arctic_pennant-thomas_1784_2,403,0.0189,junk,,,,
ia_bim_eighteenth-century_arctic-zoology-arctic_pennant-thomas_1784_2,404,0.00116,junk,,,,
ia_bim_eighteenth-century_arctic-zoology-arctic_pennant-thomas_1784_2,406,0.00042,junk,,,,
ia_bim_eighteenth-century_arctic-zoology-arctic_pennant-thomas_1784_2,407,0.02057,junk,,,,
ia_bim_eighteenth-century_arctic-zoology-arctic_pennant-thomas_1784_2,408,0.00357,junk,,,,
ia_bim_eighteenth-century_arctic-zoology-arctic_pennant-thomas_1784_2,409,0.0003,junk,,,,
ia_bim_eighteenth-century_arctic-zoology-arctic_pennant-thomas_1784_2,411,0.28921,junk,,,,
ia_bim_eighteenth-century_arctic-zoology-arctic_pennant-thomas_1784_2,412,0.00022,junk,,,,
ia_bim_eighteenth-century_arctic-zoology-arctic_pennant-thomas_1784_2,413,0.00828,junk,,,,
ia_bim_eighteenth-century_arctic-zoology-arctic_pennant-thomas_1784_2,414,0.78321,non_junk,non_divine_teleology,0.01446,0.89575,0.08978
ia_bim_eighteenth-century_arctic-zoology-arctic_pennant-thomas_1784_2,415,0.01086,junk,,,,
ia_bim_eighteenth-century_arctic-zoology-arctic_pennant-thomas_1784_2,416,0.00256,junk,,,,
ia_bim_eighteenth-century_arctic-zoology-arctic_pennant-thomas_1784_2,417,0.00203,junk,,,,
ia_bim_eighteenth-century_arctic-zoology-arctic_pennant-thomas_1784_2,418,0.9107,non_junk,non_divine_teleology,0.01388,0.88279,0.10333
ia_bim_eighteenth-century_arctic-zoology-arctic_pennant-thomas_1784_2,419,0.27804,junk,,,,
ia_bim_eighteenth-century_arctic-zoology-arctic_pennant-thomas_1784_2,420,0.45926,junk,,,,
ia_bim_eighteenth-century_arctic-zoology-arctic_pennant-thomas_1784_2,422,0.03143,junk,,,,
ia_bim_eighteenth-century_arctic-zoology-arctic_pennant-thomas_1784_2,423,0.83002,non_junk,non_divine_teleology,0.00175,0.99161,0.00664
ia_bim_eighteenth-century_arctic-zoology-arctic_pennant-thomas_1784_2,424,0.01634,junk,,,,
ia_bim_eighteenth-century_arctic-zoology-arctic_pennant-thomas_1784_2,426,0.00482,junk,,,,
ia_bim_eighteenth-century_arctic-zoology-arctic_pennant-thomas_1784_2,427,0.97147,non_junk,divine_teleology,0.67809,0.30596,0.01595
ia_bim_eighteenth-century_arctic-zoology-arctic_pennant-thomas_1784_2,431,0.99836,non_junk,divine_teleology,0.97246,0.02745,9e-05
ia_bim_eighteenth-century_arctic-zoology-arctic_pennant-thomas_1784_2,432,0.00974,junk,,,,
ia_bim_eighteenth-century_arctic-zoology-arctic_pennant-thomas_1784_2,433,0.0007,junk,,,,
ia_bim_eighteenth-century_arctic-zoology-arctic_pennant-thomas_1784_2,436,0.00137,junk,,,,
ia_bim_eighteenth-century_arctic-zoology-arctic_pennant-thomas_1784_2,437,0.00011,junk,,,,
ia_bim_eighteenth-century_arctic-zoology-arctic_pennant-thomas_1784_2,438,0.00634,junk,,,,
ia_bim_eighteenth-century_arctic-zoology-arctic_pennant-thomas_1784_2,439,0.11785,junk,,,,
ia_bim_eighteenth-century_arctic-zoology-arctic_pennant-thomas_1784_2,440,4e-05,junk,,,,
ia_bim_eighteenth-century_arctic-zoology-arctic_pennant-thomas_1784_2,441,0.00162,junk,,,,
ia_bim_eighteenth-century_arctic-zoology-arctic_pennant-thomas_1784_2,442,0.00209,junk,,,,
ia_bim_eighteenth-century_arctic-zoology-arctic_pennant-thomas_1784_2,443,0.28499,junk,,,,
ia_bim_eighteenth-century_arctic-zoology-arctic_pennant-thomas_1784_2,444,0.00093,junk,,,,
ia_bim_eighteenth-century_arctic-zoology-arctic_pennant-thomas_1784_2,445,0.00034,junk,,,,
ia_bim_eighteenth-century_arctic-zoology-arctic_pennant-thomas_1784_2,446,0.0027,junk,,,,
ia_bim_eighteenth-century_arctic-zoology-arctic_pennant-thomas_1784_2,448,0.02495,junk,,,,
ia_bim_eighteenth-century_arctic-zoology-arctic_pennant-thomas_1784_2,449,0.03365,junk,,,,
ia_bim_eighteenth-century_arctic-zoology-arctic_pennant-thomas_1784_2,450,0.00065,junk,,,,
ia_bim_eighteenth-century_arctic-zoology-arctic_pennant-thomas_1784_2,451,0.00138,junk,,,,
ia_bim_eighteenth-century_arctic-zoology-arctic_pennant-thomas_1784_2,452,0.00031,junk,,,,
ia_bim_eighteenth-century_arctic-zoology-arctic_pennant-thomas_1784_2,453,0.00589,junk,,,,
ia_bim_eighteenth-century_arctic-zoology-arctic_pennant-thomas_1784_2,454,0.00118,junk,,,,
ia_bim_eighteenth-century_arctic-zoology-arctic_pennant-thomas_1784_2,455,0.00117,junk,,,,
ia_bim_eighteenth-century_arctic-zoology-arctic_pennant-thomas_1784_2,456,0.00159,junk,,,,
ia_bim_eighteenth-century_arctic-zoology-arctic_pennant-thomas_1784_2,457,0.00064,junk,,,,
ia_bim_eighteenth-century_arctic-zoology-arctic_pennant-thomas_1784_2,459,0.02016,junk,,,,
ia_bim_eighteenth-century_arctic-zoology-arctic_pennant-thomas_1784_2,460,0.00025,junk,,,,
ia_bim_eighteenth-century_arctic-zoology-arctic_pennant-thomas_1784_2,461,0.00391,junk,,,,
ia_bim_eighteenth-century_arctic-zoology-arctic_pennant-thomas_1784_2,462,0.04734,junk,,,,
ia_bim_eighteenth-century_arctic-zoology-arctic_pennant-thomas_1784_2,463,0.00015,junk,,,,
ia_bim_eighteenth-century_arctic-zoology-arctic_pennant-thomas_1784_2,464,0.00058,junk,,,,
ia_bim_eighteenth-century_arctic-zoology-arctic_pennant-thomas_1784_2,465,0.01258,junk,,,,
ia_bim_eighteenth-century_arctic-zoology-arctic_pennant-thomas_1784_2,466,0.00633,junk,,,,
ia_bim_eighteenth-century_arctic-zoology-arctic_pennant-thomas_1784_2,467,0.0037,junk,,,,
ia_bim_eighteenth-century_arctic-zoology-arctic_pennant-thomas_1784_2,468,0.00345,junk,,,,
ia_bim_eighteenth-century_arctic-zoology-arctic_pennant-thomas_1784_2,469,1e-05,junk,,,,
ia_bim_eighteenth-century_arctic-zoology-arctic_pennant-thomas_1784_2,470,0.00191,junk,,,,
ia_bim_eighteenth-century_arctic-zoology-arctic_pennant-thomas_1784_2,471,0.0027,junk,,,,
ia_bim_eighteenth-century_arctic-zoology-arctic_pennant-thomas_1784_2,472,0.03951,junk,,,,
ia_bim_eighteenth-century_arctic-zoology-arctic_pennant-thomas_1784_2,474,7e-05,junk,,,,
ia_bim_eighteenth-century_arctic-zoology-arctic_pennant-thomas_1784_2,475,0.99337,non_junk,non_divine_teleology,0.00416,0.98839,0.00745
ia_bim_eighteenth-century_arctic-zoology-arctic_pennant-thomas_1784_2,476,0.01278,junk,,,,
ia_bim_eighteenth-century_arctic-zoology-arctic_pennant-thomas_1784_2,477,0.0094,junk,,,,
ia_bim_eighteenth-century_arctic-zoology-arctic_pennant-thomas_1784_2,478,0.00059,junk,,,,
ia_bim_eighteenth-century_arctic-zoology-arctic_pennant-thomas_1784_2,479,0.00025,junk,,,,
ia_bim_eighteenth-century_arctic-zoology-arctic_pennant-thomas_1784_2,480,6e-05,junk,,,,
ia_bim_eighteenth-century_arctic-zoology-arctic_pennant-thomas_1784_2,481,0.00016,junk,,,,
ia_bim_eighteenth-century_arctic-zoology-arctic_pennant-thomas_1784_2,482,1e-05,junk,,,,
ia_bim_eighteenth-century_arctic-zoology-arctic_pennant-thomas_1784_2,483,0.00781,junk,,,,
ia_bim_eighteenth-century_arctic-zoology-arctic_pennant-thomas_1784_2,484,0.43453,junk,,,,
ia_bim_eighteenth-century_arctic-zoology-arctic_pennant-thomas_1784_2,485,0.01206,junk,,,,
ia_bim_eighteenth-century_arctic-zoology-arctic_pennant-thomas_1784_2,486,0.43453,junk,,,,
ia_bim_eighteenth-century_arctic-zoology-arctic_pennant-thomas_1784_2,487,0.00409,junk,,,,
ia_bim_eighteenth-century_arctic-zoology-arctic_pennant-thomas_1784_2,488,0.00426,junk,,,,
ia_bim_eighteenth-century_arctic-zoology-arctic_pennant-thomas_1784_2,489,1e-05,junk,,,,
ia_bim_eighteenth-century_arctic-zoology-arctic_pennant-thomas_1784_2,490,2e-05,junk,,,,
ia_bim_eighteenth-century_arctic-zoology-arctic_pennant-thomas_1784_2,491,0.0008,junk,,,,
ia_bim_eighteenth-century_arctic-zoology-arctic_pennant-thomas_1784_2,492,0.00076,junk,,,,
ia_bim_eighteenth-century_arctic-zoology-arctic_pennant-thomas_1784_2,494,0.00037,junk,,,,
ia_bim_eighteenth-century_arctic-zoology-arctic_pennant-thomas_1784_2,495,0.29597,junk,,,,
ia_bim_eighteenth-century_arctic-zoology-arctic_pennant-thomas_1784_2,496,0.01236,junk,,,,
ia_bim_eighteenth-century_arctic-zoology-arctic_pennant-thomas_1784_2,497,0.01211,junk,,,,
ia_bim_eighteenth-century_arctic-zoology-arctic_pennant-thomas_1784_2,498,0.00155,junk,,,,
ia_bim_eighteenth-century_arctic-zoology-arctic_pennant-thomas_1784_2,499,4e-05,junk,,,,
ia_bim_eighteenth-century_arctic-zoology-arctic_pennant-thomas_1784_2,500,0.0017,junk,,,,
ia_bim_eighteenth-century_arctic-zoology-arctic_pennant-thomas_1784_2,501,0.89487,non_junk,non_divine_teleology,0.00071,0.99418,0.00512
ia_bim_eighteenth-century_arctic-zoology-arctic_pennant-thomas_1784_2,502,0.00596,junk,,,,
ia_bim_eighteenth-century_arctic-zoology-arctic_pennant-thomas_1784_2,503,0.00073,junk,,,,
ia_bim_eighteenth-century_arctic-zoology-arctic_pennant-thomas_1784_2,504,0.00019,junk,,,,
ia_bim_eighteenth-century_arctic-zoology-arctic_pennant-thomas_1784_2,505,0.00068,junk,,,,
ia_bim_eighteenth-century_arctic-zoology-arctic_pennant-thomas_1784_2,506,0.07481,junk,,,,
ia_bim_eighteenth-century_arctic-zoology-arctic_pennant-thomas_1784_2,508,0.00182,junk,,,,
ia_bim_eighteenth-century_arctic-zoology-arctic_pennant-thomas_1784_2,509,0.08449,junk,,,,
ia_bim_eighteenth-century_arctic-zoology-arctic_pennant-thomas_1784_2,510,0.00033,junk,,,,
ia_bim_eighteenth-century_arctic-zoology-arctic_pennant-thomas_1784_2,511,0.03106,junk,,,,
ia_bim_eighteenth-century_arctic-zoology-arctic_pennant-thomas_1784_2,512,0.00026,junk,,,,
ia_bim_eighteenth-century_arctic-zoology-arctic_pennant-thomas_1784_2,514,0.0228,junk,,,,
ia_bim_eighteenth-century_arctic-zoology-arctic_pennant-thomas_1784_2,515,0.01366,junk,,,,
ia_bim_eighteenth-century_arctic-zoology-arctic_pennant-thomas_1784_2,516,0.05584,junk,,,,
ia_bim_eighteenth-century_arctic-zoology-arctic_pennant-thomas_1784_2,517,0.0388,junk,,,,
ia_bim_eighteenth-century_arctic-zoology-arctic_pennant-thomas_1784_2,518,0.14074,junk,,,,
ia_bim_eighteenth-century_arctic-zoology-arctic_pennant-thomas_1784_2,520,0.00049,junk,,,,
ia_bim_eighteenth-century_arctic-zoology-arctic_pennant-thomas_1784_2,521,0.01256,junk,,,,
ia_bim_eighteenth-century_arctic-zoology-arctic_pennant-thomas_1784_2,522,0.00048,junk,,,,
ia_bim_eighteenth-century_arctic-zoology-arctic_pennant-thomas_1784_2,523,0.01461,junk,,,,
ia_bim_eighteenth-century_arctic-zoology-arctic_pennant-thomas_1784_2,524,0.63725,non_junk,non_divine_teleology,0.00394,0.96925,0.02681
ia_bim_eighteenth-century_arctic-zoology-arctic_pennant-thomas_1784_2,525,0.00039,junk,,,,
ia_bim_eighteenth-century_arctic-zoology-arctic_pennant-thomas_1784_2,526,0.00036,junk,,,,
ia_bim_eighteenth-century_arctic-zoology-arctic_pennant-thomas_1784_2,527,0.01501,junk,,,,
ia_bim_eighteenth-century_arctic-zoology-arctic_pennant-thomas_1784_2,528,0.00054,junk,,,,
ia_bim_eighteenth-century_arctic-zoology-arctic_pennant-thomas_1784_2,529,0.00098,junk,,,,
ia_bim_eighteenth-century_arctic-zoology-arctic_pennant-thomas_1784_2,530,0.00015,junk,,,,
ia_bim_eighteenth-century_arctic-zoology-arctic_pennant-thomas_1784_2,531,0.00509,junk,,,,
ia_bim_eighteenth-century_arctic-zoology-arctic_pennant-thomas_1784_2,532,0.00029,junk,,,,
ia_bim_eighteenth-century_arctic-zoology-arctic_pennant-thomas_1784_2,533,0.00466,junk,,,,
ia_bim_eighteenth-century_arctic-zoology-arctic_pennant-thomas_1784_2,534,0.00466,junk,,,,
ia_bim_eighteenth-century_arctic-zoology-arctic_pennant-thomas_1784_2,535,0.00689,junk,,,,
ia_bim_eighteenth-century_arctic-zoology-arctic_pennant-thomas_1784_2,536,0.00657,junk,,,,
ia_bim_eighteenth-century_arctic-zoology-arctic_pennant-thomas_1784_2,539,0.00023,junk,,,,
ia_bim_eighteenth-century_arctic-zoology-arctic_pennant-thomas_1784_2,540,0.00011,junk,,,,
ia_bim_eighteenth-century_arctic-zoology-arctic_pennant-thomas_1784_2,541,0.0002,junk,,,,
ia_bim_eighteenth-century_arctic-zoology-arctic_pennant-thomas_1784_2,542,9e-05,junk,,,,
ia_bim_eighteenth-century_arctic-zoology-arctic_pennant-thomas_1784_2,543,0.00343,junk,,,,
ia_bim_eighteenth-century_arctic-zoology-arctic_pennant-thomas_1784_2,544,0.00025,junk,,,,
ia_bim_eighteenth-century_arctic-zoology-arctic_pennant-thomas_1784_2,545,0.00077,junk,,,,
ia_bim_eighteenth-century_arctic-zoology-arctic_pennant-thomas_1784_2,546,0.00036,junk,,,,
ia_bim_eighteenth-century_arctic-zoology-arctic_pennant-thomas_1784_2,547,0.00039,junk,,,,
ia_bim_eighteenth-century_arctic-zoology-arctic_pennant-thomas_1784_2,549,0.00045,junk,,,,
ia_bim_eighteenth-century_arctic-zoology-arctic_pennant-thomas_1784_2,550,0.00136,junk,,,,
ia_bim_eighteenth-century_arctic-zoology-arctic_pennant-thomas_1784_2,551,0.00013,junk,,,,
ia_bim_eighteenth-century_arctic-zoology-arctic_pennant-thomas_1784_2,552,0.00535,junk,,,,
ia_bim_eighteenth-century_arctic-zoology-arctic_pennant-thomas_1784_2,553,0.00361,junk,,,,
ia_bim_eighteenth-century_arctic-zoology-arctic_pennant-thomas_1784_2,554,0.00208,junk,,,,
ia_bim_eighteenth-century_arctic-zoology-arctic_pennant-thomas_1784_2,557,0.01068,junk,,,,
ia_bim_eighteenth-century_arctic-zoology-arctic_pennant-thomas_1784_2,558,0.02321,junk,,,,
ia_bim_eighteenth-century_arctic-zoology-arctic_pennant-thomas_1784_2,559,0.00117,junk,,,,
ia_bim_eighteenth-century_arctic-zoology-arctic_pennant-thomas_1784_2,560,0.0006,junk,,,,
ia_bim_eighteenth-century_arctic-zoology-arctic_pennant-thomas_1784_2,561,0.07876,junk,,,,
ia_bim_eighteenth-century_arctic-zoology-arctic_pennant-thomas_1784_2,562,0.00142,junk,,,,
ia_bim_eighteenth-century_arctic-zoology-arctic_pennant-thomas_1784_2,564,0.0012,junk,,,,
ia_bim_eighteenth-century_arctic-zoology-arctic_pennant-thomas_1784_2,565,0.0023,junk,,,,
ia_bim_eighteenth-century_arctic-zoology-arctic_pennant-thomas_1784_2,566,7e-05,junk,,,,
ia_bim_eighteenth-century_arctic-zoology-arctic_pennant-thomas_1784_2,567,0.00327,junk,,,,
ia_bim_eighteenth-century_arctic-zoology-arctic_pennant-thomas_1784_2,569,0.00033,junk,,,,
ia_bim_eighteenth-century_arctic-zoology-arctic_pennant-thomas_1784_2,571,0.00135,junk,,,,
ia_bim_eighteenth-century_arctic-zoology-arctic_pennant-thomas_1784_2,572,0.04935,junk,,,,
ia_bim_eighteenth-century_arctic-zoology-arctic_pennant-thomas_1784_2,573,0.00059,junk,,,,
ia_bim_eighteenth-century_arctic-zoology-arctic_pennant-thomas_1784_2,574,0.15213,junk,,,,
ia_bim_eighteenth-century_arctic-zoology-arctic_pennant-thomas_1784_2,575,0.00026,junk,,,,
ia_bim_eighteenth-century_arctic-zoology-arctic_pennant-thomas_1784_2,576,0.00036,junk,,,,
ia_bim_eighteenth-century_arctic-zoology-arctic_pennant-thomas_1784_2,577,0.00079,junk,,,,
ia_bim_eighteenth-century_arctic-zoology-arctic_pennant-thomas_1784_2,578,0.00478,junk,,,,
ia_bim_eighteenth-century_arctic-zoology-arctic_pennant-thomas_1784_2,579,0.00346,junk,,,,
ia_bim_eighteenth-century_arctic-zoology-arctic_pennant-thomas_1784_2,580,0.00294,junk,,,,
ia_bim_eighteenth-century_arctic-zoology-arctic_pennant-thomas_1784_2,582,5e-05,junk,,,,
ia_bim_eighteenth-century_arctic-zoology-arctic_pennant-thomas_1784_2,583,0.00022,junk,,,,
ia_bim_eighteenth-century_arctic-zoology-arctic_pennant-thomas_1784_2,584,3e-05,junk,,,,
ia_bim_eighteenth-century_arctic-zoology-arctic_pennant-thomas_1784_2,585,8e-05,junk,,,,
ia_bim_eighteenth-century_arctic-zoology-arctic_pennant-thomas_1784_2,586,0.00018,junk,,,,
ia_bim_eighteenth-century_arctic-zoology-arctic_pennant-thomas_1784_2,587,0.18943,junk,,,,
ia_bim_eighteenth-century_arctic-zoology-arctic_pennant-thomas_1784_2,589,0.00042,junk,,,,
ia_bim_eighteenth-century_arctic-zoology-arctic_pennant-thomas_1784_2,590,0.01772,junk,,,,
ia_bim_eighteenth-century_arctic-zoology-arctic_pennant-thomas_1784_2,591,0.01313,junk,,,,
ia_bim_eighteenth-century_arctic-zoology-arctic_pennant-thomas_1784_2,592,0.00058,junk,,,,
ia_bim_eighteenth-century_arctic-zoology-arctic_pennant-thomas_1784_2,593,0.00277,junk,,,,
ia_bim_eighteenth-century_arctic-zoology-arctic_pennant-thomas_1784_2,594,0.03169,junk,,,,
ia_bim_eighteenth-century_arctic-zoology-arctic_pennant-thomas_1784_2,595,0.00951,junk,,,,
ia_bim_eighteenth-century_arctic-zoology-arctic_pennant-thomas_1784_2,596,0.27795,junk,,,,
ia_bim_eighteenth-century_arctic-zoology-arctic_pennant-thomas_1784_2,597,0.23075,junk,,,,
ia_bim_eighteenth-century_arctic-zoology-arctic_pennant-thomas_1784_2,599,0.00075,junk,,,,
ia_bim_eighteenth-century_arctic-zoology-arctic_pennant-thomas_1784_2,600,0.00094,junk,,,,
ia_bim_eighteenth-century_arctic-zoology-arctic_pennant-thomas_1784_2,601,0.00094,junk,,,,
ia_bim_eighteenth-century_arctic-zoology-arctic_pennant-thomas_1784_2,602,0.00315,junk,,,,
ia_bim_eighteenth-century_arctic-zoology-arctic_pennant-thomas_1784_2,603,3e-05,junk,,,,
ia_bim_eighteenth-century_arctic-zoology-arctic_pennant-thomas_1784_2,604,0.00651,junk,,,,
ia_bim_eighteenth-century_arctic-zoology-arctic_pennant-thomas_1784_2,606,0.00029,junk,,,,
ia_bim_eighteenth-century_arctic-zoology-arctic_pennant-thomas_1784_2,607,0.00028,junk,,,,
ia_bim_eighteenth-century_arctic-zoology-arctic_pennant-thomas_1784_2,608,0.0009,junk,,,,
ia_bim_eighteenth-century_arctic-zoology-arctic_pennant-thomas_1784_2,609,0.00124,junk,,,,
ia_bim_eighteenth-century_arctic-zoology-arctic_pennant-thomas_1784_2,610,0.00189,junk,,,,
ia_bim_eighteenth-century_arctic-zoology-arctic_pennant-thomas_1784_2,611,0.00224,junk,,,,
ia_bim_eighteenth-century_arctic-zoology-arctic_pennant-thomas_1784_2,612,0.00017,junk,,,,
ia_bim_eighteenth-century_arctic-zoology-arctic_pennant-thomas_1784_2,613,0.00889,junk,,,,
ia_bim_eighteenth-century_arctic-zoology-arctic_pennant-thomas_1784_2,614,0.00029,junk,,,,
ia_bim_eighteenth-century_arctic-zoology-arctic_pennant-thomas_1784_2,615,0.00042,junk,,,,
ia_bim_eighteenth-century_arctic-zoology-arctic_pennant-thomas_1784_2,616,0.00029,junk,,,,
ia_bim_eighteenth-century_arctic-zoology-arctic_pennant-thomas_1784_2,618,0.00072,junk,,,,
ia_bim_eighteenth-century_arctic-zoology-arctic_pennant-thomas_1784_2,619,0.00014,junk,,,,
ia_bim_eighteenth-century_arctic-zoology-arctic_pennant-thomas_1784_2,620,0.00636,junk,,,,
ia_bim_eighteenth-century_arctic-zoology-arctic_pennant-thomas_1784_2,621,0.00011,junk,,,,
ia_bim_eighteenth-century_arctic-zoology-arctic_pennant-thomas_1784_2,622,0.00032,junk,,,,
ia_bim_eighteenth-century_arctic-zoology-arctic_pennant-thomas_1784_2,623,0.00951,junk,,,,
ia_bim_eighteenth-century_arctic-zoology-arctic_pennant-thomas_1784_2,625,0.01049,junk,,,,
ia_bim_eighteenth-century_arctic-zoology-arctic_pennant-thomas_1784_2,626,0.00243,junk,,,,
ia_bim_eighteenth-century_arctic-zoology-arctic_pennant-thomas_1784_2,627,0.0047,junk,,,,
ia_bim_eighteenth-century_arctic-zoology-arctic_pennant-thomas_1784_2,628,0.00053,junk,,,,
ia_bim_eighteenth-century_arctic-zoology-arctic_pennant-thomas_1784_2,629,9e-05,junk,,,,
ia_bim_eighteenth-century_arctic-zoology-arctic_pennant-thomas_1784_2,630,0.00017,junk,,,,
ia_bim_eighteenth-century_arctic-zoology-arctic_pennant-thomas_1784_2,632,0.00062,junk,,,,
ia_bim_eighteenth-century_arctic-zoology-arctic_pennant-thomas_1784_2,633,0.00062,junk,,,,
ia_bim_eighteenth-century_arctic-zoology-arctic_pennant-thomas_1784_2,634,0.04811,junk,,,,
ia_bim_eighteenth-century_arctic-zoology-arctic_pennant-thomas_1784_2,635,0.00034,junk,,,,
ia_bim_eighteenth-century_arctic-zoology-arctic_pennant-thomas_1784_2,636,0.00234,junk,,,,
ia_bim_eighteenth-century_arctic-zoology-arctic_pennant-thomas_1784_2,637,0.00234,junk,,,,
ia_bim_eighteenth-century_arctic-zoology-arctic_pennant-thomas_1784_2,638,0.00617,junk,,,,
ia_bim_eighteenth-century_arctic-zoology-arctic_pennant-thomas_1784_2,639,0.58593,non_junk,non_divine_teleology,0.0068,0.96833,0.02486
ia_bim_eighteenth-century_arctic-zoology-arctic_pennant-thomas_1784_2,640,0.01166,junk,,,,
ia_bim_eighteenth-century_arctic-zoology-arctic_pennant-thomas_1784_2,643,0.01295,junk,,,,
ia_bim_eighteenth-century_arctic-zoology-arctic_pennant-thomas_1784_2,644,0.00089,junk,,,,
ia_bim_eighteenth-century_arctic-zoology-arctic_pennant-thomas_1784_2,645,0.13248,junk,,,,
ia_bim_eighteenth-century_arctic-zoology-arctic_pennant-thomas_1784_2,646,0.00099,junk,,,,
ia_bim_eighteenth-century_arctic-zoology-arctic_pennant-thomas_1784_2,647,0.01224,junk,,,,
ia_bim_eighteenth-century_arctic-zoology-arctic_pennant-thomas_1784_2,648,0.00501,junk,,,,
ia_bim_eighteenth-century_arctic-zoology-arctic_pennant-thomas_1784_2,649,0.00293,junk,,,,
ia_bim_eighteenth-century_arctic-zoology-arctic_pennant-thomas_1784_2,650,0.00188,junk,,,,
ia_bim_eighteenth-century_arctic-zoology-arctic_pennant-thomas_1784_2,651,4e-05,junk,,,,
ia_bim_eighteenth-century_arctic-zoology-arctic_pennant-thomas_1784_2,652,0.00204,junk,,,,
ia_bim_eighteenth-century_arctic-zoology-arctic_pennant-thomas_1784_2,653,2e-05,junk,,,,
ia_bim_eighteenth-century_arctic-zoology-arctic_pennant-thomas_1784_2,654,0.00024,junk,,,,
ia_bim_eighteenth-century_arctic-zoology-arctic_pennant-thomas_1784_2,656,0.00163,junk,,,,
ia_bim_eighteenth-century_arctic-zoology-arctic_pennant-thomas_1784_2,657,0.00097,junk,,,,
ia_bim_eighteenth-century_arctic-zoology-arctic_pennant-thomas_1784_2,658,0.00033,junk,,,,
ia_bim_eighteenth-century_arctic-zoology-arctic_pennant-thomas_1784_2,659,0.02771,junk,,,,
ia_bim_eighteenth-century_arctic-zoology-arctic_pennant-thomas_1784_2,660,0.02771,junk,,,,
ia_bim_eighteenth-century_arctic-zoology-arctic_pennant-thomas_1784_2,665,0.00049,junk,,,,
ia_bim_eighteenth-century_arctic-zoology-arctic_pennant-thomas_1784_2,666,0.00196,junk,,,,
ia_bim_eighteenth-century_arctic-zoology-arctic_pennant-thomas_1784_2,667,0.00287,junk,,,,
ia_bim_eighteenth-century_arctic-zoology-arctic_pennant-thomas_1784_2,668,0.00058,junk,,,,
ia_bim_eighteenth-century_arctic-zoology-arctic_pennant-thomas_1784_2,669,0.00083,junk,,,,
ia_bim_eighteenth-century_arctic-zoology-arctic_pennant-thomas_1784_2,670,0.00083,junk,,,,
ia_bim_eighteenth-century_arctic-zoology-arctic_pennant-thomas_1784_2,671,0.00149,junk,,,,
ia_bim_eighteenth-century_arctic-zoology-arctic_pennant-thomas_1784_2,672,0.00076,junk,,,,
ia_bim_eighteenth-century_arctic-zoology-arctic_pennant-thomas_1784_2,673,0.01632,junk,,,,
ia_bim_eighteenth-century_arctic-zoology-arctic_pennant-thomas_1784_2,674,0.00042,junk,,,,
ia_bim_eighteenth-century_arctic-zoology-arctic_pennant-thomas_1784_2,675,0.02846,junk,,,,
ia_bim_eighteenth-century_arctic-zoology-arctic_pennant-thomas_1784_2,676,0.0001,junk,,,,
ia_bim_eighteenth-century_arctic-zoology-arctic_pennant-thomas_1784_2,677,0.00013,junk,,,,
ia_bim_eighteenth-century_arctic-zoology-arctic_pennant-thomas_1784_2,678,0.0003,junk,,,,
ia_bim_eighteenth-century_arctic-zoology-arctic_pennant-thomas_1784_2,682,0.00142,junk,,,,
ia_bim_eighteenth-century_arctic-zoology-arctic_pennant-thomas_1784_2,683,9e-05,junk,,,,
ia_bim_eighteenth-century_arctic-zoology-arctic_pennant-thomas_1784_2,684,0.00699,junk,,,,
ia_bim_eighteenth-century_arctic-zoology-arctic_pennant-thomas_1784_2,685,0.00011,junk,,,,
ia_bim_eighteenth-century_arctic-zoology-arctic_pennant-thomas_1784_2,686,5e-05,junk,,,,
ia_bim_eighteenth-century_arctic-zoology-arctic_pennant-thomas_1784_2,687,3e-05,junk,,,,
ia_bim_eighteenth-century_arctic-zoology-arctic_pennant-thomas_1784_2,689,0.00019,junk,,,,
ia_bim_eighteenth-century_arctic-zoology-arctic_pennant-thomas_1784_2,690,0.07357,junk,,,,
ia_bim_eighteenth-century_arctic-zoology-arctic_pennant-thomas_1784_2,691,0.0001,junk,,,,
ia_bim_eighteenth-century_arctic-zoology-arctic_pennant-thomas_1784_2,692,0.00378,junk,,,,
ia_bim_eighteenth-century_arctic-zoology-arctic_pennant-thomas_1784_2,693,0.00253,junk,,,,
ia_bim_eighteenth-century_arctic-zoology-arctic_pennant-thomas_1784_2,694,0.25402,junk,,,,
ia_bim_eighteenth-century_arctic-zoology-arctic_pennant-thomas_1784_2,695,0.00082,junk,,,,
ia_bim_eighteenth-century_arctic-zoology-arctic_pennant-thomas_1784_2,696,0.00037,junk,,,,
ia_bim_eighteenth-century_arctic-zoology-arctic_pennant-thomas_1784_2,698,0.00114,junk,,,,
ia_bim_eighteenth-century_arctic-zoology-arctic_pennant-thomas_1784_2,699,0.04199,junk,,,,
ia_bim_eighteenth-century_arctic-zoology-arctic_pennant-thomas_1784_2,700,0.00765,junk,,,,
ia_bim_eighteenth-century_arctic-zoology-arctic_pennant-thomas_1784_2,701,6e-05,junk,,,,
ia_bim_eighteenth-century_arctic-zoology-arctic_pennant-thomas_1784_2,702,6e-05,junk,,,,
ia_bim_eighteenth-century_arctic-zoology-arctic_pennant-thomas_1784_2,703,0.00281,junk,,,,
ia_bim_eighteenth-century_arctic-zoology-arctic_pennant-thomas_1784_2,704,0.00078,junk,,,,
ia_bim_eighteenth-century_arctic-zoology-arctic_pennant-thomas_1784_2,705,0.00341,junk,,,,
ia_bim_eighteenth-century_arctic-zoology-arctic_pennant-thomas_1784_2,706,0.00115,junk,,,,
ia_bim_eighteenth-century_arctic-zoology-arctic_pennant-thomas_1784_2,707,0.07076,junk,,,,
ia_bim_eighteenth-century_arctic-zoology-arctic_pennant-thomas_1784_2,708,0.00052,junk,,,,
ia_bim_eighteenth-century_arctic-zoology-arctic_pennant-thomas_1784_2,709,0.00085,junk,,,,
ia_bim_eighteenth-century_arctic-zoology-arctic_pennant-thomas_1784_2,710,0.00119,junk,,,,
ia_bim_eighteenth-century_arctic-zoology-arctic_pennant-thomas_1784_2,712,0.00306,junk,,,,
ia_bim_eighteenth-century_arctic-zoology-arctic_pennant-thomas_1784_2,713,0.00036,junk,,,,
ia_bim_eighteenth-century_arctic-zoology-arctic_pennant-thomas_1784_2,715,0.07355,junk,,,,
ia_bim_eighteenth-century_arctic-zoology-arctic_pennant-thomas_1784_2,716,0.00788,junk,,,,
ia_bim_eighteenth-century_arctic-zoology-arctic_pennant-thomas_1784_2,718,0.00013,junk,,,,
ia_bim_eighteenth-century_arctic-zoology-arctic_pennant-thomas_1784_2,719,0.00075,junk,,,,
ia_bim_eighteenth-century_arctic-zoology-arctic_pennant-thomas_1784_2,720,0.00864,junk,,,,
ia_bim_eighteenth-century_arctic-zoology-arctic_pennant-thomas_1784_2,721,0.00836,junk,,,,
ia_bim_eighteenth-century_arctic-zoology-arctic_pennant-thomas_1784_2,722,0.01187,junk,,,,
ia_bim_eighteenth-century_arctic-zoology-arctic_pennant-thomas_1784_2,724,0.05402,junk,,,,
ia_bim_eighteenth-century_arctic-zoology-arctic_pennant-thomas_1784_2,726,0.34858,junk,,,,
ia_bim_eighteenth-century_arctic-zoology-arctic_pennant-thomas_1784_2,727,0.00119,junk,,,,
ia_bim_eighteenth-century_arctic-zoology-arctic_pennant-thomas_1784_2,728,0.00126,junk,,,,
ia_bim_eighteenth-century_arctic-zoology-arctic_pennant-thomas_1784_2,729,0.01924,junk,,,,
ia_bim_eighteenth-century_arctic-zoology-arctic_pennant-thomas_1784_2,730,0.00011,junk,,,,
ia_bim_eighteenth-century_arctic-zoology-arctic_pennant-thomas_1784_2,731,0.00041,junk,,,,
ia_bim_eighteenth-century_arctic-zoology-arctic_pennant-thomas_1784_2,732,0.00083,junk,,,,
ia_bim_eighteenth-century_arctic-zoology-arctic_pennant-thomas_1784_2,733,0.00018,junk,,,,
ia_bim_eighteenth-century_arctic-zoology-arctic_pennant-thomas_1784_2,734,0.01434,junk,,,,
ia_bim_eighteenth-century_arctic-zoology-arctic_pennant-thomas_1784_2,735,0.0057,junk,,,,
ia_bim_eighteenth-century_arctic-zoology-arctic_pennant-thomas_1784_2,736,0.00158,junk,,,,
ia_bim_eighteenth-century_arctic-zoology-arctic_pennant-thomas_1784_2,737,0.0009,junk,,,,
ia_bim_eighteenth-century_arctic-zoology-arctic_pennant-thomas_1784_2,738,0.00053,junk,,,,
ia_bim_eighteenth-century_arctic-zoology-arctic_pennant-thomas_1784_2,740,0.00053,junk,,,,
ia_bim_eighteenth-century_arctic-zoology-arctic_pennant-thomas_1784_2,741,0.04323,junk,,,,
ia_bim_eighteenth-century_arctic-zoology-arctic_pennant-thomas_1784_2,742,0.87656,non_junk,non_divine_teleology,0.00688,0.98262,0.0105
ia_bim_eighteenth-century_arctic-zoology-arctic_pennant-thomas_1784_2,743,0.00164,junk,,,,
ia_bim_eighteenth-century_arctic-zoology-arctic_pennant-thomas_1784_2,745,0.0001,junk,,,,
ia_bim_eighteenth-century_arctic-zoology-arctic_pennant-thomas_1784_2,746,0.00067,junk,,,,
ia_bim_eighteenth-century_arctic-zoology-arctic_pennant-thomas_1784_2,747,0.01541,junk,,,,
ia_bim_eighteenth-century_arctic-zoology-arctic_pennant-thomas_1784_2,749,0.03553,junk,,,,
ia_bim_eighteenth-century_arctic-zoology-arctic_pennant-thomas_1784_2,751,0.00023,junk,,,,
ia_bim_eighteenth-century_arctic-zoology-arctic_pennant-thomas_1784_2,752,0.00318,junk,,,,
ia_bim_eighteenth-century_arctic-zoology-arctic_pennant-thomas_1784_2,753,0.03194,junk,,,,
ia_bim_eighteenth-century_arctic-zoology-arctic_pennant-thomas_1784_2,754,0.0033,junk,,,,
ia_bim_eighteenth-century_arctic-zoology-arctic_pennant-thomas_1784_2,755,0.00088,junk,,,,
ia_bim_eighteenth-century_arctic-zoology-arctic_pennant-thomas_1784_2,756,0.00174,junk,,,,
ia_bim_eighteenth-century_arctic-zoology-arctic_pennant-thomas_1784_2,757,0.00023,junk,,,,
ia_bim_eighteenth-century_arctic-zoology-arctic_pennant-thomas_1784_2,759,0.00072,junk,,,,
ia_bim_eighteenth-century_arctic-zoology-arctic_pennant-thomas_1784_2,760,0.00045,junk,,,,
ia_bim_eighteenth-century_arctic-zoology-arctic_pennant-thomas_1784_2,761,0.00161,junk,,,,
ia_bim_eighteenth-century_arctic-zoology-arctic_pennant-thomas_1784_2,762,0.00824,junk,,,,
ia_bim_eighteenth-century_arctic-zoology-arctic_pennant-thomas_1784_2,763,0.03377,junk,,,,
ia_bim_eighteenth-century_arctic-zoology-arctic_pennant-thomas_1784_2,765,0.02122,junk,,,,
ia_bim_eighteenth-century_arctic-zoology-arctic_pennant-thomas_1784_2,766,0.00215,junk,,,,
ia_bim_eighteenth-century_arctic-zoology-arctic_pennant-thomas_1784_2,767,0.02357,junk,,,,
ia_bim_eighteenth-century_arctic-zoology-arctic_pennant-thomas_1784_2,768,0.00217,junk,,,,
ia_bim_eighteenth-century_arctic-zoology-arctic_pennant-thomas_1784_2,770,0.00122,junk,,,,
ia_bim_eighteenth-century_arctic-zoology-arctic_pennant-thomas_1784_2,771,0.00041,junk,,,,
ia_bim_eighteenth-century_arctic-zoology-arctic_pennant-thomas_1784_2,772,0.00034,junk,,,,
ia_bim_eighteenth-century_arctic-zoology-arctic_pennant-thomas_1784_2,773,0.00195,junk,,,,
ia_bim_eighteenth-century_arctic-zoology-arctic_pennant-thomas_1784_2,774,0.00011,junk,,,,
ia_bim_eighteenth-century_arctic-zoology-arctic_pennant-thomas_1784_2,775,0.00251,junk,,,,
ia_bim_eighteenth-century_arctic-zoology-arctic_pennant-thomas_1784_2,776,0.00021,junk,,,,
ia_bim_eighteenth-century_arctic-zoology-arctic_pennant-thomas_1784_2,777,0.00034,junk,,,,
ia_bim_eighteenth-century_arctic-zoology-arctic_pennant-thomas_1784_2,778,0.00075,junk,,,,
ia_bim_eighteenth-century_arctic-zoology-arctic_pennant-thomas_1784_2,779,0.00066,junk,,,,
ia_bim_eighteenth-century_arctic-zoology-arctic_pennant-thomas_1784_2,780,0.00164,junk,,,,
ia_bim_eighteenth-century_arctic-zoology-arctic_pennant-thomas_1784_2,781,0.00688,junk,,,,
ia_bim_eighteenth-century_arctic-zoology-arctic_pennant-thomas_1784_2,782,0.00055,junk,,,,
ia_bim_eighteenth-century_arctic-zoology-arctic_pennant-thomas_1784_2,783,0.00073,junk,,,,
ia_bim_eighteenth-century_arctic-zoology-arctic_pennant-thomas_1784_2,784,0.02357,junk,,,,
ia_bim_eighteenth-century_arctic-zoology-arctic_pennant-thomas_1784_2,785,0.00031,junk,,,,
ia_bim_eighteenth-century_arctic-zoology-arctic_pennant-thomas_1784_2,786,0.00141,junk,,,,
ia_bim_eighteenth-century_arctic-zoology-arctic_pennant-thomas_1784_2,787,0.0011,junk,,,,
ia_bim_eighteenth-century_arctic-zoology-arctic_pennant-thomas_1784_2,788,0.00387,junk,,,,
ia_bim_eighteenth-century_arctic-zoology-arctic_pennant-thomas_1784_2,789,0.25919,junk,,,,
ia_bim_eighteenth-century_arctic-zoology-arctic_pennant-thomas_1784_2,791,0.15536,junk,,,,
ia_bim_eighteenth-century_arctic-zoology-arctic_pennant-thomas_1784_2,792,0.00325,junk,,,,
ia_bim_eighteenth-century_arctic-zoology-arctic_pennant-thomas_1784_2,793,0.0006,junk,,,,
ia_bim_eighteenth-century_arctic-zoology-arctic_pennant-thomas_1784_2,794,0.0056,junk,,,,
ia_bim_eighteenth-century_arctic-zoology-arctic_pennant-thomas_1784_2,796,0.00022,junk,,,,
ia_bim_eighteenth-century_arctic-zoology-arctic_pennant-thomas_1784_2,797,0.00063,junk,,,,
ia_bim_eighteenth-century_arctic-zoology-arctic_pennant-thomas_1784_2,798,0.00378,junk,,,,
ia_bim_eighteenth-century_arctic-zoology-arctic_pennant-thomas_1784_2,799,0.00021,junk,,,,
ia_bim_eighteenth-century_arctic-zoology-arctic_pennant-thomas_1784_2,800,0.00627,junk,,,,
ia_bim_eighteenth-century_arctic-zoology-arctic_pennant-thomas_1784_2,801,0.0003,junk,,,,
ia_bim_eighteenth-century_arctic-zoology-arctic_pennant-thomas_1784_2,802,0.0007,junk,,,,
ia_bim_eighteenth-century_arctic-zoology-arctic_pennant-thomas_1784_2,803,0.00162,junk,,,,
ia_bim_eighteenth-century_arctic-zoology-arctic_pennant-thomas_1784_2,804,0.01212,junk,,,,
ia_bim_eighteenth-century_arctic-zoology-arctic_pennant-thomas_1784_2,805,0.00042,junk,,,,
ia_bim_eighteenth-century_arctic-zoology-arctic_pennant-thomas_1784_2,806,0.00492,junk,,,,
ia_bim_eighteenth-century_arctic-zoology-arctic_pennant-thomas_1784_2,807,0.10326,junk,,,,
ia_bim_eighteenth-century_arctic-zoology-arctic_pennant-thomas_1784_2,808,0.04512,junk,,,,
ia_bim_eighteenth-century_arctic-zoology-arctic_pennant-thomas_1784_2,809,0.0009,junk,,,,
ia_bim_eighteenth-century_arctic-zoology-arctic_pennant-thomas_1784_2,811,0.00714,junk,,,,
ia_bim_eighteenth-century_arctic-zoology-arctic_pennant-thomas_1784_2,812,0.00137,junk,,,,
ia_bim_eighteenth-century_arctic-zoology-arctic_pennant-thomas_1784_2,813,0.00667,junk,,,,
ia_bim_eighteenth-century_arctic-zoology-arctic_pennant-thomas_1784_2,814,0.0012,junk,,,,
ia_bim_eighteenth-century_arctic-zoology-arctic_pennant-thomas_1784_2,815,0.00136,junk,,,,
ia_bim_eighteenth-century_arctic-zoology-arctic_pennant-thomas_1784_2,816,0.0001,junk,,,,
ia_bim_eighteenth-century_arctic-zoology-arctic_pennant-thomas_1784_2,817,0.0001,junk,,,,
ia_bim_eighteenth-century_arctic-zoology-arctic_pennant-thomas_1784_2,818,0.00168,junk,,,,
ia_bim_eighteenth-century_arctic-zoology-arctic_pennant-thomas_1784_2,819,0.0054,junk,,,,
ia_bim_eighteenth-century_arctic-zoology-arctic_pennant-thomas_1784_2,820,0.00025,junk,,,,
ia_bim_eighteenth-century_arctic-zoology-arctic_pennant-thomas_1784_2,821,0.00592,junk,,,,
ia_bim_eighteenth-century_arctic-zoology-arctic_pennant-thomas_1784_2,822,0.00356,junk,,,,
ia_bim_eighteenth-century_arctic-zoology-arctic_pennant-thomas_1784_2,823,0.00026,junk,,,,
ia_bim_eighteenth-century_arctic-zoology-arctic_pennant-thomas_1784_2,824,0.0013,junk,,,,
ia_bim_eighteenth-century_arctic-zoology-arctic_pennant-thomas_1784_2,825,0.00021,junk,,,,
ia_bim_eighteenth-century_arctic-zoology-arctic_pennant-thomas_1784_2,826,0.0006,junk,,,,
ia_bim_eighteenth-century_arctic-zoology-arctic_pennant-thomas_1784_2,827,0.00045,junk,,,,
ia_bim_eighteenth-century_arctic-zoology-arctic_pennant-thomas_1784_2,829,0.02732,junk,,,,
ia_bim_eighteenth-century_arctic-zoology-arctic_pennant-thomas_1784_2,830,0.60039,non_junk,non_divine_teleology,0.0037,0.96754,0.02876
ia_bim_eighteenth-century_arctic-zoology-arctic_pennant-thomas_1784_2,831,0.00117,junk,,,,
ia_bim_eighteenth-century_arctic-zoology-arctic_pennant-thomas_1784_2,832,0.0116,junk,,,,
ia_bim_eighteenth-century_arctic-zoology-arctic_pennant-thomas_1784_2,833,0.00194,junk,,,,
ia_bim_eighteenth-century_arctic-zoology-arctic_pennant-thomas_1784_2,834,0.00016,junk,,,,
ia_bim_eighteenth-century_arctic-zoology-arctic_pennant-thomas_1784_2,835,0.00016,junk,,,,
ia_bim_eighteenth-century_arctic-zoology-arctic_pennant-thomas_1784_2,837,0.00029,junk,,,,
ia_bim_eighteenth-century_arctic-zoology-arctic_pennant-thomas_1784_2,838,0.00205,junk,,,,
ia_bim_eighteenth-century_arctic-zoology-arctic_pennant-thomas_1784_2,839,0.00185,junk,,,,
ia_bim_eighteenth-century_arctic-zoology-arctic_pennant-thomas_1784_2,840,0.00018,junk,,,,
ia_bim_eighteenth-century_arctic-zoology-arctic_pennant-thomas_1784_2,842,0.00041,junk,,,,
ia_bim_eighteenth-century_arctic-zoology-arctic_pennant-thomas_1784_2,843,0.00142,junk,,,,
ia_bim_eighteenth-century_arctic-zoology-arctic_pennant-thomas_1784_2,844,0.07521,junk,,,,
ia_bim_eighteenth-century_arctic-zoology-arctic_pennant-thomas_1784_2,846,0.00036,junk,,,,
ia_bim_eighteenth-century_arctic-zoology-arctic_pennant-thomas_1784_2,848,0.0012,junk,,,,
ia_bim_eighteenth-century_arctic-zoology-arctic_pennant-thomas_1784_2,849,0.00051,junk,,,,
ia_bim_eighteenth-century_arctic-zoology-arctic_pennant-thomas_1784_2,850,0.00096,junk,,,,
ia_bim_eighteenth-century_arctic-zoology-arctic_pennant-thomas_1784_2,851,0.00075,junk,,,,
ia_bim_eighteenth-century_arctic-zoology-arctic_pennant-thomas_1784_2,852,0.00276,junk,,,,
ia_bim_eighteenth-century_arctic-zoology-arctic_pennant-thomas_1784_2,853,0.00053,junk,,,,
ia_bim_eighteenth-century_arctic-zoology-arctic_pennant-thomas_1784_2,854,0.00703,junk,,,,
ia_bim_eighteenth-century_arctic-zoology-arctic_pennant-thomas_1784_2,855,0.00053,junk,,,,
ia_bim_eighteenth-century_arctic-zoology-arctic_pennant-thomas_1784_2,857,0.11125,junk,,,,
ia_bim_eighteenth-century_arctic-zoology-arctic_pennant-thomas_1784_2,858,0.001,junk,,,,
ia_bim_eighteenth-century_arctic-zoology-arctic_pennant-thomas_1784_2,859,0.00127,junk,,,,
ia_bim_eighteenth-century_arctic-zoology-arctic_pennant-thomas_1784_2,860,0.00374,junk,,,,
ia_bim_eighteenth-century_arctic-zoology-arctic_pennant-thomas_1784_2,861,0.00103,junk,,,,
ia_bim_eighteenth-century_arctic-zoology-arctic_pennant-thomas_1784_2,863,0.00034,junk,,,,
ia_bim_eighteenth-century_arctic-zoology-arctic_pennant-thomas_1784_2,864,0.05208,junk,,,,
ia_bim_eighteenth-century_arctic-zoology-arctic_pennant-thomas_1784_2,865,0.00151,junk,,,,
ia_bim_eighteenth-century_arctic-zoology-arctic_pennant-thomas_1784_2,867,0.16097,junk,,,,
ia_bim_eighteenth-century_arctic-zoology-arctic_pennant-thomas_1784_2,868,0.00382,junk,,,,
ia_bim_eighteenth-century_arctic-zoology-arctic_pennant-thomas_1784_2,869,0.00633,junk,,,,
ia_bim_eighteenth-century_arctic-zoology-arctic_pennant-thomas_1784_2,870,0.8481,non_junk,non_divine_teleology,0.00193,0.97055,0.02753
ia_bim_eighteenth-century_arctic-zoology-arctic_pennant-thomas_1784_2,871,0.97504,non_junk,non_divine_teleology,0.01825,0.96837,0.01338
ia_bim_eighteenth-century_arctic-zoology-arctic_pennant-thomas_1784_2,872,0.00759,junk,,,,
ia_bim_eighteenth-century_arctic-zoology-arctic_pennant-thomas_1784_2,873,0.00015,junk,,,,
ia_bim_eighteenth-century_arctic-zoology-arctic_pennant-thomas_1784_2,874,0.42265,junk,,,,
ia_bim_eighteenth-century_arctic-zoology-arctic_pennant-thomas_1784_2,875,0.00141,junk,,,,
ia_bim_eighteenth-century_arctic-zoology-arctic_pennant-thomas_1784_2,876,0.0062,junk,,,,
ia_bim_eighteenth-century_arctic-zoology-arctic_pennant-thomas_1784_2,877,0.07933,junk,,,,
ia_bim_eighteenth-century_arctic-zoology-arctic_pennant-thomas_1784_2,878,0.00973,junk,,,,
ia_bim_eighteenth-century_arctic-zoology-arctic_pennant-thomas_1784_2,879,0.04045,junk,,,,
ia_bim_eighteenth-century_arctic-zoology-arctic_pennant-thomas_1784_2,880,0.04045,junk,,,,
ia_bim_eighteenth-century_arctic-zoology-arctic_pennant-thomas_1784_2,881,0.2213,junk,,,,
ia_bim_eighteenth-century_arctic-zoology-arctic_pennant-thomas_1784_2,882,0.00065,junk,,,,
ia_bim_eighteenth-century_arctic-zoology-arctic_pennant-thomas_1784_2,883,0.02627,junk,,,,
ia_bim_eighteenth-century_arctic-zoology-arctic_pennant-thomas_1784_2,884,0.001,junk,,,,
ia_bim_eighteenth-century_arctic-zoology-arctic_pennant-thomas_1784_2,885,0.02902,junk,,,,
ia_bim_eighteenth-century_arctic-zoology-arctic_pennant-thomas_1784_2,886,0.00122,junk,,,,
ia_bim_eighteenth-century_arctic-zoology-arctic_pennant-thomas_1784_2,889,0.17945,junk,,,,
ia_bim_eighteenth-century_arctic-zoology-arctic_pennant-thomas_1784_2,890,0.02695,junk,,,,
ia_bim_eighteenth-century_arctic-zoology-arctic_pennant-thomas_1784_2,891,0.00833,junk,,,,
ia_bim_eighteenth-century_arctic-zoology-arctic_pennant-thomas_1784_2,892,0.00175,junk,,,,
ia_bim_eighteenth-century_arctic-zoology-arctic_pennant-thomas_1784_2,893,0.00065,junk,,,,
ia_bim_eighteenth-century_arctic-zoology-arctic_pennant-thomas_1784_2,894,0.00038,junk,,,,
ia_bim_eighteenth-century_arctic-zoology-arctic_pennant-thomas_1784_2,895,0.0006,junk,,,,
ia_bim_eighteenth-century_arctic-zoology-arctic_pennant-thomas_1784_2,896,0.00028,junk,,,,
ia_bim_eighteenth-century_arctic-zoology-arctic_pennant-thomas_1784_2,897,0.00189,junk,,,,
ia_bim_eighteenth-century_arctic-zoology-arctic_pennant-thomas_1784_2,898,8e-05,junk,,,,
ia_bim_eighteenth-century_arctic-zoology-arctic_pennant-thomas_1784_2,899,0.00051,junk,,,,
ia_bim_eighteenth-century_arctic-zoology-arctic_pennant-thomas_1784_2,900,0.04184,junk,,,,
ia_bim_eighteenth-century_arctic-zoology-arctic_pennant-thomas_1784_2,901,0.44094,junk,,,,
ia_bim_eighteenth-century_arctic-zoology-arctic_pennant-thomas_1784_2,902,0.00115,junk,,,,
ia_bim_eighteenth-century_arctic-zoology-arctic_pennant-thomas_1784_2,903,0.00166,junk,,,,
ia_bim_eighteenth-century_arctic-zoology-arctic_pennant-thomas_1784_2,904,0.00022,junk,,,,
ia_bim_eighteenth-century_arctic-zoology-arctic_pennant-thomas_1784_2,905,0.00776,junk,,,,
ia_bim_eighteenth-century_arctic-zoology-arctic_pennant-thomas_1784_2,906,0.00913,junk,,,,
ia_bim_eighteenth-century_arctic-zoology-arctic_pennant-thomas_1784_2,907,0.00282,junk,,,,
ia_bim_eighteenth-century_arctic-zoology-arctic_pennant-thomas_1784_2,908,0.00524,junk,,,,
ia_bim_eighteenth-century_arctic-zoology-arctic_pennant-thomas_1784_2,909,0.00898,junk,,,,
ia_bim_eighteenth-century_arctic-zoology-arctic_pennant-thomas_1784_2,910,0.03407,junk,,,,
ia_bim_eighteenth-century_arctic-zoology-arctic_pennant-thomas_1784_2,911,0.98656,non_junk,non_divine_teleology,0.00233,0.99276,0.0049
ia_bim_eighteenth-century_arctic-zoology-arctic_pennant-thomas_1784_2,912,0.00296,junk,,,,
ia_bim_eighteenth-century_arctic-zoology-arctic_pennant-thomas_1784_2,913,0.00047,junk,,,,
ia_bim_eighteenth-century_arctic-zoology-arctic_pennant-thomas_1784_2,914,0.00263,junk,,,,
ia_bim_eighteenth-century_arctic-zoology-arctic_pennant-thomas_1784_2,916,6e-05,junk,,,,
ia_bim_eighteenth-century_arctic-zoology-arctic_pennant-thomas_1784_2,917,0.01697,junk,,,,
ia_bim_eighteenth-century_arctic-zoology-arctic_pennant-thomas_1784_2,918,0.03709,junk,,,,
ia_bim_eighteenth-century_arctic-zoology-arctic_pennant-thomas_1784_2,919,0.00912,junk,,,,
ia_bim_eighteenth-century_arctic-zoology-arctic_pennant-thomas_1784_2,921,0.00141,junk,,,,
ia_bim_eighteenth-century_arctic-zoology-arctic_pennant-thomas_1784_2,922,0.0001,junk,,,,
ia_bim_eighteenth-century_arctic-zoology-arctic_pennant-thomas_1784_2,923,0.01722,junk,,,,
ia_bim_eighteenth-century_arctic-zoology-arctic_pennant-thomas_1784_2,924,0.00025,junk,,,,
ia_bim_eighteenth-century_arctic-zoology-arctic_pennant-thomas_1784_2,925,0.00056,junk,,,,
ia_bim_eighteenth-century_arctic-zoology-arctic_pennant-thomas_1784_2,927,0.00178,junk,,,,
ia_bim_eighteenth-century_arctic-zoology-arctic_pennant-thomas_1784_2,928,0.01404,junk,,,,
ia_bim_eighteenth-century_arctic-zoology-arctic_pennant-thomas_1784_2,930,0.00064,junk,,,,
ia_bim_eighteenth-century_arctic-zoology-arctic_pennant-thomas_1784_2,931,0.00351,junk,,,,
ia_bim_eighteenth-century_arctic-zoology-arctic_pennant-thomas_1784_2,932,0.00019,junk,,,,
ia_bim_eighteenth-century_arctic-zoology-arctic_pennant-thomas_1784_2,933,0.79388,non_junk,non_divine_teleology,0.00615,0.98595,0.0079
ia_bim_eighteenth-century_arctic-zoology-arctic_pennant-thomas_1784_2,934,0.00438,junk,,,,
ia_bim_eighteenth-century_arctic-zoology-arctic_pennant-thomas_1784_2,935,0.01106,junk,,,,
ia_bim_eighteenth-century_arctic-zoology-arctic_pennant-thomas_1784_2,936,0.00061,junk,,,,
ia_bim_eighteenth-century_arctic-zoology-arctic_pennant-thomas_1784_2,937,0.00083,junk,,,,
ia_bim_eighteenth-century_arctic-zoology-arctic_pennant-thomas_1784_2,938,0.06259,junk,,,,
ia_bim_eighteenth-century_arctic-zoology-arctic_pennant-thomas_1784_2,940,0.04271,junk,,,,
ia_bim_eighteenth-century_arctic-zoology-arctic_pennant-thomas_1784_2,941,0.00661,junk,,,,
ia_bim_eighteenth-century_arctic-zoology-arctic_pennant-thomas_1784_2,942,0.00134,junk,,,,
ia_bim_eighteenth-century_arctic-zoology-arctic_pennant-thomas_1784_2,943,0.00141,junk,,,,
ia_bim_eighteenth-century_arctic-zoology-arctic_pennant-thomas_1784_2,944,0.01464,junk,,,,
ia_bim_eighteenth-century_arctic-zoology-arctic_pennant-thomas_1784_2,945,0.00197,junk,,,,
ia_bim_eighteenth-century_arctic-zoology-arctic_pennant-thomas_1784_2,946,0.0037,junk,,,,
ia_bim_eighteenth-century_arctic-zoology-arctic_pennant-thomas_1784_2,947,0.02339,junk,,,,
ia_bim_eighteenth-century_arctic-zoology-arctic_pennant-thomas_1784_2,948,0.02761,junk,,,,
ia_bim_eighteenth-century_arctic-zoology-arctic_pennant-thomas_1784_2,949,0.00676,junk,,,,
ia_bim_eighteenth-century_arctic-zoology-arctic_pennant-thomas_1784_2,950,0.00103,junk,,,,
ia_bim_eighteenth-century_arctic-zoology-arctic_pennant-thomas_1784_2,951,0.00047,junk,,,,
ia_bim_eighteenth-century_arctic-zoology-arctic_pennant-thomas_1784_2,952,0.00014,junk,,,,
ia_bim_eighteenth-century_arctic-zoology-arctic_pennant-thomas_1784_2,953,0.00021,junk,,,,
ia_bim_eighteenth-century_arctic-zoology-arctic_pennant-thomas_1784_2,954,0.00012,junk,,,,
ia_bim_eighteenth-century_arctic-zoology-arctic_pennant-thomas_1784_2,955,0.00167,junk,,,,
ia_bim_eighteenth-century_arctic-zoology-arctic_pennant-thomas_1784_2,956,0.00886,junk,,,,
ia_bim_eighteenth-century_arctic-zoology-arctic_pennant-thomas_1784_2,959,0.08129,junk,,,,
ia_bim_eighteenth-century_arctic-zoology-arctic_pennant-thomas_1784_2,960,0.00058,junk,,,,
ia_bim_eighteenth-century_arctic-zoology-arctic_pennant-thomas_1784_2,961,0.02057,junk,,,,
ia_bim_eighteenth-century_arctic-zoology-arctic_pennant-thomas_1784_2,962,0.01169,junk,,,,
ia_bim_eighteenth-century_arctic-zoology-arctic_pennant-thomas_1784_2,963,0.00857,junk,,,,
ia_bim_eighteenth-century_arctic-zoology-arctic_pennant-thomas_1784_2,964,0.00404,junk,,,,
ia_bim_eighteenth-century_arctic-zoology-arctic_pennant-thomas_1784_2,965,0.01071,junk,,,,
ia_bim_eighteenth-century_arctic-zoology-arctic_pennant-thomas_1784_2,966,0.0025,junk,,,,
ia_bim_eighteenth-century_arctic-zoology-arctic_pennant-thomas_1784_2,967,0.00493,junk,,,,
ia_bim_eighteenth-century_arctic-zoology-arctic_pennant-thomas_1784_2,968,0.00049,junk,,,,
ia_bim_eighteenth-century_arctic-zoology-arctic_pennant-thomas_1784_2,969,0.00749,junk,,,,
ia_bim_eighteenth-century_arctic-zoology-arctic_pennant-thomas_1784_2,970,0.00126,junk,,,,
ia_bim_eighteenth-century_arctic-zoology-arctic_pennant-thomas_1784_2,971,0.00054,junk,,,,
ia_bim_eighteenth-century_arctic-zoology-arctic_pennant-thomas_1784_2,974,0.00109,junk,,,,
ia_bim_eighteenth-century_arctic-zoology-arctic_pennant-thomas_1784_2,975,0.00043,junk,,,,
ia_bim_eighteenth-century_arctic-zoology-arctic_pennant-thomas_1784_2,976,0.0008,junk,,,,
ia_bim_eighteenth-century_arctic-zoology-arctic_pennant-thomas_1784_2,977,0.00593,junk,,,,
ia_bim_eighteenth-century_arctic-zoology-arctic_pennant-thomas_1784_2,978,0.00013,junk,,,,
ia_bim_eighteenth-century_arctic-zoology-arctic_pennant-thomas_1784_2,979,0.00108,junk,,,,
ia_bim_eighteenth-century_arctic-zoology-arctic_pennant-thomas_1784_2,980,0.00489,junk,,,,
ia_bim_eighteenth-century_arctic-zoology-arctic_pennant-thomas_1784_2,981,0.00246,junk,,,,
ia_bim_eighteenth-century_arctic-zoology-arctic_pennant-thomas_1784_2,983,0.00185,junk,,,,
ia_bim_eighteenth-century_arctic-zoology-arctic_pennant-thomas_1784_2,984,0.00432,junk,,,,
ia_bim_eighteenth-century_arctic-zoology-arctic_pennant-thomas_1784_2,986,0.00549,junk,,,,
ia_bim_eighteenth-century_arctic-zoology-arctic_pennant-thomas_1784_2,987,5e-05,junk,,,,
ia_bim_eighteenth-century_arctic-zoology-arctic_pennant-thomas_1784_2,988,0.00085,junk,,,,
ia_bim_eighteenth-century_arctic-zoology-arctic_pennant-thomas_1784_2,989,0.01359,junk,,,,
ia_bim_eighteenth-century_arctic-zoology-arctic_pennant-thomas_1784_2,990,0.00532,junk,,,,
ia_bim_eighteenth-century_arctic-zoology-arctic_pennant-thomas_1784_2,991,0.00063,junk,,,,
ia_bim_eighteenth-century_arctic-zoology-arctic_pennant-thomas_1784_2,992,0.00018,junk,,,,
ia_bim_eighteenth-century_arctic-zoology-arctic_pennant-thomas_1784_2,993,3e-05,junk,,,,
ia_bim_eighteenth-century_arctic-zoology-arctic_pennant-thomas_1784_2,994,0.00154,junk,,,,
ia_bim_eighteenth-century_arctic-zoology-arctic_pennant-thomas_1784_2,995,0.01395,junk,,,,
ia_bim_eighteenth-century_arctic-zoology-arctic_pennant-thomas_1784_2,996,0.00033,junk,,,,
ia_bim_eighteenth-century_arctic-zoology-arctic_pennant-thomas_1784_2,998,0.00013,junk,,,,
ia_bim_eighteenth-century_arctic-zoology-arctic_pennant-thomas_1784_2,1000,0.0757,junk,,,,
ia_bim_eighteenth-century_arctic-zoology-arctic_pennant-thomas_1784_2,1002,0.06078,junk,,,,
ia_bim_eighteenth-century_arctic-zoology-arctic_pennant-thomas_1784_2,1003,3e-05,junk,,,,
ia_bim_eighteenth-century_arctic-zoology-arctic_pennant-thomas_1784_2,1004,0.00086,junk,,,,
ia_bim_eighteenth-century_arctic-zoology-arctic_pennant-thomas_1784_2,1005,0.00227,junk,,,,
ia_bim_eighteenth-century_arctic-zoology-arctic_pennant-thomas_1784_2,1006,0.00014,junk,,,,
ia_bim_eighteenth-century_arctic-zoology-arctic_pennant-thomas_1784_2,1007,0.00296,junk,,,,
ia_bim_eighteenth-century_arctic-zoology-arctic_pennant-thomas_1784_2,1008,0.00034,junk,,,,
ia_bim_eighteenth-century_arctic-zoology-arctic_pennant-thomas_1784_2,1009,0.00196,junk,,,,
ia_bim_eighteenth-century_arctic-zoology-arctic_pennant-thomas_1784_2,1010,0.02257,junk,,,,
ia_bim_eighteenth-century_arctic-zoology-arctic_pennant-thomas_1784_2,1011,0.00085,junk,,,,
ia_bim_eighteenth-century_arctic-zoology-arctic_pennant-thomas_1784_2,1012,0.01826,junk,,,,
ia_bim_eighteenth-century_arctic-zoology-arctic_pennant-thomas_1784_2,1013,0.00153,junk,,,,
ia_bim_eighteenth-century_arctic-zoology-arctic_pennant-thomas_1784_2,1014,0.0003,junk,,,,
ia_bim_eighteenth-century_arctic-zoology-arctic_pennant-thomas_1784_2,1015,0.00725,junk,,,,
ia_bim_eighteenth-century_arctic-zoology-arctic_pennant-thomas_1784_2,1016,0.00448,junk,,,,
ia_bim_eighteenth-century_arctic-zoology-arctic_pennant-thomas_1784_2,1017,0.00154,junk,,,,
ia_bim_eighteenth-century_arctic-zoology-arctic_pennant-thomas_1784_2,1018,0.00163,junk,,,,
ia_bim_eighteenth-century_arctic-zoology-arctic_pennant-thomas_1784_2,1019,0.00039,junk,,,,
ia_bim_eighteenth-century_arctic-zoology-arctic_pennant-thomas_1784_2,1020,0.00135,junk,,,,
ia_bim_eighteenth-century_arctic-zoology-arctic_pennant-thomas_1784_2,1022,0.00105,junk,,,,
ia_bim_eighteenth-century_arctic-zoology-arctic_pennant-thomas_1784_2,1023,0.00079,junk,,,,
ia_bim_eighteenth-century_arctic-zoology-arctic_pennant-thomas_1784_2,1024,0.00031,junk,,,,
ia_bim_eighteenth-century_arctic-zoology-arctic_pennant-thomas_1784_2,1025,0.07048,junk,,,,
ia_bim_eighteenth-century_arctic-zoology-arctic_pennant-thomas_1784_2,1026,0.04098,junk,,,,
ia_bim_eighteenth-century_arctic-zoology-arctic_pennant-thomas_1784_2,1027,0.00983,junk,,,,
ia_bim_eighteenth-century_arctic-zoology-arctic_pennant-thomas_1784_2,1028,0.00561,junk,,,,
ia_bim_eighteenth-century_arctic-zoology-arctic_pennant-thomas_1784_2,1029,0.00238,junk,,,,
ia_bim_eighteenth-century_arctic-zoology-arctic_pennant-thomas_1784_2,1030,0.00106,junk,,,,
ia_bim_eighteenth-century_arctic-zoology-arctic_pennant-thomas_1784_2,1031,0.0022,junk,,,,
ia_bim_eighteenth-century_arctic-zoology-arctic_pennant-thomas_1784_2,1033,0.00014,junk,,,,
ia_bim_eighteenth-century_arctic-zoology-arctic_pennant-thomas_1784_2,1034,0.00071,junk,,,,
ia_bim_eighteenth-century_arctic-zoology-arctic_pennant-thomas_1784_2,1036,0.04734,junk,,,,
ia_bim_eighteenth-century_arctic-zoology-arctic_pennant-thomas_1784_2,1037,0.0005,junk,,,,
ia_bim_eighteenth-century_arctic-zoology-arctic_pennant-thomas_1784_2,1038,0.00407,junk,,,,
ia_bim_eighteenth-century_arctic-zoology-arctic_pennant-thomas_1784_2,1039,0.04734,junk,,,,
ia_bim_eighteenth-century_arctic-zoology-arctic_pennant-thomas_1784_2,1040,0.00082,junk,,,,
ia_bim_eighteenth-century_arctic-zoology-arctic_pennant-thomas_1784_2,1041,0.00082,junk,,,,
ia_bim_eighteenth-century_arctic-zoology-arctic_pennant-thomas_1784_2,1044,8e-05,junk,,,,
ia_bim_eighteenth-century_arctic-zoology-arctic_pennant-thomas_1784_2,1045,0.00094,junk,,,,
ia_bim_eighteenth-century_arctic-zoology-arctic_pennant-thomas_1784_2,1046,0.40539,junk,,,,
ia_bim_eighteenth-century_arctic-zoology-arctic_pennant-thomas_1784_2,1047,0.00494,junk,,,,
ia_bim_eighteenth-century_arctic-zoology-arctic_pennant-thomas_1784_2,1048,0.00164,junk,,,,
ia_bim_eighteenth-century_arctic-zoology-arctic_pennant-thomas_1784_2,1049,0.00074,junk,,,,
ia_bim_eighteenth-century_arctic-zoology-arctic_pennant-thomas_1784_2,1050,0.29803,junk,,,,
ia_bim_eighteenth-century_arctic-zoology-arctic_pennant-thomas_1784_2,1051,0.00842,junk,,,,
ia_bim_eighteenth-century_arctic-zoology-arctic_pennant-thomas_1784_2,1052,0.00044,junk,,,,
ia_bim_eighteenth-century_arctic-zoology-arctic_pennant-thomas_1784_2,1054,0.00027,junk,,,,
ia_bim_eighteenth-century_arctic-zoology-arctic_pennant-thomas_1784_2,1055,0.00268,junk,,,,
ia_bim_eighteenth-century_arctic-zoology-arctic_pennant-thomas_1784_2,1056,0.00049,junk,,,,
ia_bim_eighteenth-century_arctic-zoology-arctic_pennant-thomas_1784_2,1057,0.00049,junk,,,,
ia_bim_eighteenth-century_arctic-zoology-arctic_pennant-thomas_1784_2,1058,0.02707,junk,,,,
ia_bim_eighteenth-century_arctic-zoology-arctic_pennant-thomas_1784_2,1059,0.00014,junk,,,,
ia_bim_eighteenth-century_arctic-zoology-arctic_pennant-thomas_1784_2,1061,0.00077,junk,,,,
ia_bim_eighteenth-century_arctic-zoology-arctic_pennant-thomas_1784_2,1062,0.00273,junk,,,,
ia_bim_eighteenth-century_arctic-zoology-arctic_pennant-thomas_1784_2,1064,5e-05,junk,,,,
ia_bim_eighteenth-century_arctic-zoology-arctic_pennant-thomas_1784_2,1065,0.00025,junk,,,,
ia_bim_eighteenth-century_arctic-zoology-arctic_pennant-thomas_1784_2,1066,0.04918,junk,,,,
ia_bim_eighteenth-century_arctic-zoology-arctic_pennant-thomas_1784_2,1067,0.00228,junk,,,,
ia_bim_eighteenth-century_arctic-zoology-arctic_pennant-thomas_1784_2,1068,0.00474,junk,,,,
ia_bim_eighteenth-century_arctic-zoology-arctic_pennant-thomas_1784_2,1069,0.06726,junk,,,,
ia_bim_eighteenth-century_arctic-zoology-arctic_pennant-thomas_1784_2,1070,0.00152,junk,,,,
ia_bim_eighteenth-century_arctic-zoology-arctic_pennant-thomas_1784_2,1071,0.00054,junk,,,,
ia_bim_eighteenth-century_arctic-zoology-arctic_pennant-thomas_1784_2,1072,0.0012,junk,,,,
ia_bim_eighteenth-century_arctic-zoology-arctic_pennant-thomas_1784_2,1073,0.00127,junk,,,,
ia_bim_eighteenth-century_arctic-zoology-arctic_pennant-thomas_1784_2,1075,0.00054,junk,,,,
ia_bim_eighteenth-century_arctic-zoology-arctic_pennant-thomas_1784_2,1077,0.19407,junk,,,,
ia_bim_eighteenth-century_arctic-zoology-arctic_pennant-thomas_1784_2,1079,0.05927,junk,,,,
ia_bim_eighteenth-century_arctic-zoology-arctic_pennant-thomas_1784_2,1080,0.00041,junk,,,,
ia_bim_eighteenth-century_arctic-zoology-arctic_pennant-thomas_1784_2,1081,0.02243,junk,,,,
ia_bim_eighteenth-century_arctic-zoology-arctic_pennant-thomas_1784_2,1082,0.69393,non_junk,non_divine_teleology,0.00518,0.98151,0.0133
ia_bim_eighteenth-century_arctic-zoology-arctic_pennant-thomas_1784_2,1083,0.99476,non_junk,non_divine_teleology,0.00681,0.97901,0.01418
ia_bim_eighteenth-century_arctic-zoology-arctic_pennant-thomas_1784_2,1084,0.06712,junk,,,,
ia_bim_eighteenth-century_arctic-zoology-arctic_pennant-thomas_1784_2,1085,0.00525,junk,,,,
ia_bim_eighteenth-century_arctic-zoology-arctic_pennant-thomas_1784_2,1086,0.01856,junk,,,,
ia_bim_eighteenth-century_arctic-zoology-arctic_pennant-thomas_1784_2,1087,0.00559,junk,,,,
ia_bim_eighteenth-century_arctic-zoology-arctic_pennant-thomas_1784_2,1088,0.01851,junk,,,,
ia_bim_eighteenth-century_arctic-zoology-arctic_pennant-thomas_1784_2,1089,0.95406,non_junk,non_divine_teleology,0.00507,0.94645,0.04847
ia_bim_eighteenth-century_arctic-zoology-arctic_pennant-thomas_1784_2,1090,0.00296,junk,,,,
ia_bim_eighteenth-century_arctic-zoology-arctic_pennant-thomas_1784_2,1091,0.00125,junk,,,,
ia_bim_eighteenth-century_arctic-zoology-arctic_pennant-thomas_1784_2,1092,0.00576,junk,,,,
ia_bim_eighteenth-century_arctic-zoology-arctic_pennant-thomas_1784_2,1093,0.00691,junk,,,,
ia_bim_eighteenth-century_arctic-zoology-arctic_pennant-thomas_1784_2,1094,0.00109,junk,,,,
ia_bim_eighteenth-century_arctic-zoology-arctic_pennant-thomas_1784_2,1095,5e-05,junk,,,,
ia_bim_eighteenth-century_arctic-zoology-arctic_pennant-thomas_1784_2,1096,0.00548,junk,,,,
ia_bim_eighteenth-century_arctic-zoology-arctic_pennant-thomas_1784_2,1097,0.00548,junk,,,,
ia_bim_eighteenth-century_arctic-zoology-arctic_pennant-thomas_1784_2,1098,0.0876,junk,,,,
ia_bim_eighteenth-century_arctic-zoology-arctic_pennant-thomas_1784_2,1099,0.01501,junk,,,,
ia_bim_eighteenth-century_arctic-zoology-arctic_pennant-thomas_1784_2,1100,0.00128,junk,,,,
ia_bim_eighteenth-century_arctic-zoology-arctic_pennant-thomas_1784_2,1101,9e-05,junk,,,,
ia_bim_eighteenth-century_arctic-zoology-arctic_pennant-thomas_1784_2,1102,0.00228,junk,,,,
ia_bim_eighteenth-century_arctic-zoology-arctic_pennant-thomas_1784_2,1103,0.00183,junk,,,,
ia_bim_eighteenth-century_arctic-zoology-arctic_pennant-thomas_1784_2,1104,0.00339,junk,,,,
ia_bim_eighteenth-century_arctic-zoology-arctic_pennant-thomas_1784_2,1105,0.0048,junk,,,,
ia_bim_eighteenth-century_arctic-zoology-arctic_pennant-thomas_1784_2,1106,0.00519,junk,,,,
ia_bim_eighteenth-century_arctic-zoology-arctic_pennant-thomas_1784_2,1107,0.00783,junk,,,,
ia_bim_eighteenth-century_arctic-zoology-arctic_pennant-thomas_1784_2,1108,0.04644,junk,,,,
ia_bim_eighteenth-century_arctic-zoology-arctic_pennant-thomas_1784_2,1109,0.01686,junk,,,,
ia_bim_eighteenth-century_arctic-zoology-arctic_pennant-thomas_1784_2,1111,0.72625,non_junk,non_divine_teleology,0.00525,0.99027,0.00448
ia_bim_eighteenth-century_arctic-zoology-arctic_pennant-thomas_1784_2,1112,0.0088,junk,,,,
ia_bim_eighteenth-century_arctic-zoology-arctic_pennant-thomas_1784_2,1113,0.00187,junk,,,,
ia_bim_eighteenth-century_arctic-zoology-arctic_pennant-thomas_1784_2,1114,0.00168,junk,,,,
ia_bim_eighteenth-century_arctic-zoology-arctic_pennant-thomas_1784_2,1115,0.00896,junk,,,,
ia_bim_eighteenth-century_arctic-zoology-arctic_pennant-thomas_1784_2,1116,0.00045,junk,,,,
ia_bim_eighteenth-century_arctic-zoology-arctic_pennant-thomas_1784_2,1117,0.09911,junk,,,,
ia_bim_eighteenth-century_arctic-zoology-arctic_pennant-thomas_1784_2,1118,0.00048,junk,,,,
ia_bim_eighteenth-century_arctic-zoology-arctic_pennant-thomas_1784_2,1119,0.02378,junk,,,,
ia_bim_eighteenth-century_arctic-zoology-arctic_pennant-thomas_1784_2,1120,0.0024,junk,,,,
ia_bim_eighteenth-century_arctic-zoology-arctic_pennant-thomas_1784_2,1121,0.00348,junk,,,,
ia_bim_eighteenth-century_arctic-zoology-arctic_pennant-thomas_1784_2,1122,0.00037,junk,,,,
ia_bim_eighteenth-century_arctic-zoology-arctic_pennant-thomas_1784_2,1123,0.00078,junk,,,,
ia_bim_eighteenth-century_arctic-zoology-arctic_pennant-thomas_1784_2,1124,0.00058,junk,,,,
ia_bim_eighteenth-century_arctic-zoology-arctic_pennant-thomas_1784_2,1125,0.00551,junk,,,,
ia_bim_eighteenth-century_arctic-zoology-arctic_pennant-thomas_1784_2,1126,0.00637,junk,,,,
ia_bim_eighteenth-century_arctic-zoology-arctic_pennant-thomas_1784_2,1127,0.00097,junk,,,,
ia_bim_eighteenth-century_arctic-zoology-arctic_pennant-thomas_1784_2,1128,0.00023,junk,,,,
ia_bim_eighteenth-century_arctic-zoology-arctic_pennant-thomas_1784_2,1129,0.00117,junk,,,,
ia_bim_eighteenth-century_arctic-zoology-arctic_pennant-thomas_1784_2,1130,0.00146,junk,,,,
ia_bim_eighteenth-century_arctic-zoology-arctic_pennant-thomas_1784_2,1131,0.00108,junk,,,,
ia_bim_eighteenth-century_arctic-zoology-arctic_pennant-thomas_1784_2,1133,0.00107,junk,,,,
ia_bim_eighteenth-century_arctic-zoology-arctic_pennant-thomas_1784_2,1135,0.00971,junk,,,,
ia_bim_eighteenth-century_arctic-zoology-arctic_pennant-thomas_1784_2,1136,0.05551,junk,,,,
ia_bim_eighteenth-century_arctic-zoology-arctic_pennant-thomas_1784_2,1138,0.99181,non_junk,non_divine_teleology,0.00156,0.99316,0.00528
ia_bim_eighteenth-century_arctic-zoology-arctic_pennant-thomas_1784_2,1139,0.00087,junk,,,,
ia_bim_eighteenth-century_arctic-zoology-arctic_pennant-thomas_1784_2,1140,0.07313,junk,,,,
ia_bim_eighteenth-century_arctic-zoology-arctic_pennant-thomas_1784_2,1141,0.0002,junk,,,,
ia_bim_eighteenth-century_arctic-zoology-arctic_pennant-thomas_1784_2,1142,0.0001,junk,,,,
ia_bim_eighteenth-century_arctic-zoology-arctic_pennant-thomas_1784_2,1143,0.00057,junk,,,,
ia_bim_eighteenth-century_arctic-zoology-arctic_pennant-thomas_1784_2,1144,0.00113,junk,,,,
ia_bim_eighteenth-century_arctic-zoology-arctic_pennant-thomas_1784_2,1145,0.00043,junk,,,,
ia_bim_eighteenth-century_arctic-zoology-arctic_pennant-thomas_1784_2,1148,0.00058,junk,,,,
ia_bim_eighteenth-century_arctic-zoology-arctic_pennant-thomas_1784_2,1149,0.00238,junk,,,,
ia_bim_eighteenth-century_arctic-zoology-arctic_pennant-thomas_1784_2,1150,0.05294,junk,,,,
ia_bim_eighteenth-century_arctic-zoology-arctic_pennant-thomas_1784_2,1153,0.00015,junk,,,,
ia_bim_eighteenth-century_arctic-zoology-arctic_pennant-thomas_1784_2,1154,0.09644,junk,,,,
ia_bim_eighteenth-century_arctic-zoology-arctic_pennant-thomas_1784_2,1155,0.00098,junk,,,,
ia_bim_eighteenth-century_arctic-zoology-arctic_pennant-thomas_1784_2,1156,0.00084,junk,,,,
ia_bim_eighteenth-century_arctic-zoology-arctic_pennant-thomas_1784_2,1157,0.00385,junk,,,,
ia_bim_eighteenth-century_arctic-zoology-arctic_pennant-thomas_1784_2,1159,0.00037,junk,,,,
ia_bim_eighteenth-century_arctic-zoology-arctic_pennant-thomas_1784_2,1160,0.0018,junk,,,,
ia_bim_eighteenth-century_arctic-zoology-arctic_pennant-thomas_1784_2,1161,0.00044,junk,,,,
ia_bim_eighteenth-century_arctic-zoology-arctic_pennant-thomas_1784_2,1162,0.00054,junk,,,,
ia_bim_eighteenth-century_arctic-zoology-arctic_pennant-thomas_1784_2,1163,0.00038,junk,,,,
ia_bim_eighteenth-century_arctic-zoology-arctic_pennant-thomas_1784_2,1164,0.00094,junk,,,,
ia_bim_eighteenth-century_arctic-zoology-arctic_pennant-thomas_1784_2,1165,0.0008,junk,,,,
ia_bim_eighteenth-century_arctic-zoology-arctic_pennant-thomas_1784_2,1166,0.01776,junk,,,,
ia_bim_eighteenth-century_arctic-zoology-arctic_pennant-thomas_1784_2,1168,0.00456,junk,,,,
ia_bim_eighteenth-century_arctic-zoology-arctic_pennant-thomas_1784_2,1169,0.00418,junk,,,,
ia_bim_eighteenth-century_arctic-zoology-arctic_pennant-thomas_1784_2,1171,0.05751,junk,,,,
ia_bim_eighteenth-century_arctic-zoology-arctic_pennant-thomas_1784_2,1172,0.01303,junk,,,,
ia_bim_eighteenth-century_arctic-zoology-arctic_pennant-thomas_1784_2,1174,0.00459,junk,,,,
ia_bim_eighteenth-century_arctic-zoology-arctic_pennant-thomas_1784_2,1175,0.00121,junk,,,,
ia_bim_eighteenth-century_arctic-zoology-arctic_pennant-thomas_1784_2,1177,0.00095,junk,,,,
ia_bim_eighteenth-century_arctic-zoology-arctic_pennant-thomas_1784_2,1178,0.00986,junk,,,,
ia_bim_eighteenth-century_arctic-zoology-arctic_pennant-thomas_1784_2,1179,0.00676,junk,,,,
ia_bim_eighteenth-century_arctic-zoology-arctic_pennant-thomas_1784_2,1180,0.14778,junk,,,,
ia_bim_eighteenth-century_arctic-zoology-arctic_pennant-thomas_1784_2,1181,0.99644,non_junk,non_divine_teleology,0.00152,0.99684,0.00164
ia_bim_eighteenth-century_arctic-zoology-arctic_pennant-thomas_1784_2,1183,0.00107,junk,,,,
ia_bim_eighteenth-century_arctic-zoology-arctic_pennant-thomas_1784_2,1184,0.00396,junk,,,,
ia_bim_eighteenth-century_arctic-zoology-arctic_pennant-thomas_1784_2,1185,0.00215,junk,,,,
ia_bim_eighteenth-century_arctic-zoology-arctic_pennant-thomas_1784_2,1187,0.02081,junk,,,,
ia_bim_eighteenth-century_arctic-zoology-arctic_pennant-thomas_1784_2,1188,0.00229,junk,,,,
ia_bim_eighteenth-century_arctic-zoology-arctic_pennant-thomas_1784_2,1189,0.00058,junk,,,,
ia_bim_eighteenth-century_arctic-zoology-arctic_pennant-thomas_1784_2,1190,0.00236,junk,,,,
ia_bim_eighteenth-century_arctic-zoology-arctic_pennant-thomas_1784_2,1191,0.00073,junk,,,,
ia_bim_eighteenth-century_arctic-zoology-arctic_pennant-thomas_1784_2,1192,0.18965,junk,,,,
ia_bim_eighteenth-century_arctic-zoology-arctic_pennant-thomas_1784_2,1193,0.00118,junk,,,,
ia_bim_eighteenth-century_arctic-zoology-arctic_pennant-thomas_1784_2,1195,0.00145,junk,,,,
ia_bim_eighteenth-century_arctic-zoology-arctic_pennant-thomas_1784_2,1196,0.02845,junk,,,,
ia_bim_eighteenth-century_arctic-zoology-arctic_pennant-thomas_1784_2,1197,0.00086,junk,,,,
ia_bim_eighteenth-century_arctic-zoology-arctic_pennant-thomas_1784_2,1198,0.00191,junk,,,,
ia_bim_eighteenth-century_arctic-zoology-arctic_pennant-thomas_1784_2,1199,0.01428,junk,,,,
ia_bim_eighteenth-century_arctic-zoology-arctic_pennant-thomas_1784_2,1200,0.0064,junk,,,,
ia_bim_eighteenth-century_arctic-zoology-arctic_pennant-thomas_1784_2,1202,0.00044,junk,,,,
ia_bim_eighteenth-century_arctic-zoology-arctic_pennant-thomas_1784_2,1203,0.00493,junk,,,,
ia_bim_eighteenth-century_arctic-zoology-arctic_pennant-thomas_1784_2,1204,0.07248,junk,,,,
ia_bim_eighteenth-century_arctic-zoology-arctic_pennant-thomas_1784_2,1205,0.86348,non_junk,non_divine_teleology,0.00283,0.9883,0.00887
ia_bim_eighteenth-century_arctic-zoology-arctic_pennant-thomas_1784_2,1206,0.00272,junk,,,,
ia_bim_eighteenth-century_arctic-zoology-arctic_pennant-thomas_1784_2,1207,0.00069,junk,,,,
ia_bim_eighteenth-century_arctic-zoology-arctic_pennant-thomas_1784_2,1208,0.01581,junk,,,,
ia_bim_eighteenth-century_arctic-zoology-arctic_pennant-thomas_1784_2,1209,0.00155,junk,,,,
ia_bim_eighteenth-century_arctic-zoology-arctic_pennant-thomas_1784_2,1211,0.00016,junk,,,,
ia_bim_eighteenth-century_arctic-zoology-arctic_pennant-thomas_1784_2,1212,0.00229,junk,,,,
ia_bim_eighteenth-century_arctic-zoology-arctic_pennant-thomas_1784_2,1213,0.00015,junk,,,,
ia_bim_eighteenth-century_arctic-zoology-arctic_pennant-thomas_1784_2,1214,0.00079,junk,,,,
ia_bim_eighteenth-century_arctic-zoology-arctic_pennant-thomas_1784_2,1215,0.00672,junk,,,,
ia_bim_eighteenth-century_arctic-zoology-arctic_pennant-thomas_1784_2,1216,0.01998,junk,,,,
ia_bim_eighteenth-century_arctic-zoology-arctic_pennant-thomas_1784_2,1217,0.01974,junk,,,,
ia_bim_eighteenth-century_arctic-zoology-arctic_pennant-thomas_1784_2,1218,0.01694,junk,,,,
ia_bim_eighteenth-century_arctic-zoology-arctic_pennant-thomas_1784_2,1219,0.00103,junk,,,,
ia_bim_eighteenth-century_arctic-zoology-arctic_pennant-thomas_1784_2,1220,0.09475,junk,,,,
ia_bim_eighteenth-century_arctic-zoology-arctic_pennant-thomas_1784_2,1221,0.00097,junk,,,,
ia_bim_eighteenth-century_arctic-zoology-arctic_pennant-thomas_1784_2,1222,0.0001,junk,,,,
ia_bim_eighteenth-century_arctic-zoology-arctic_pennant-thomas_1784_2,1223,0.0064,junk,,,,
ia_bim_eighteenth-century_arctic-zoology-arctic_pennant-thomas_1784_2,1224,0.00516,junk,,,,
ia_bim_eighteenth-century_arctic-zoology-arctic_pennant-thomas_1784_2,1225,7e-05,junk,,,,
ia_bim_eighteenth-century_arctic-zoology-arctic_pennant-thomas_1784_2,1226,0.03845,junk,,,,
ia_bim_eighteenth-century_arctic-zoology-arctic_pennant-thomas_1784_2,1227,0.00261,junk,,,,
ia_bim_eighteenth-century_arctic-zoology-arctic_pennant-thomas_1784_2,1228,0.00222,junk,,,,
ia_bim_eighteenth-century_arctic-zoology-arctic_pennant-thomas_1784_2,1229,0.0033,junk,,,,
ia_bim_eighteenth-century_arctic-zoology-arctic_pennant-thomas_1784_2,1230,0.00078,junk,,,,
ia_bim_eighteenth-century_arctic-zoology-arctic_pennant-thomas_1784_2,1232,3e-05,junk,,,,
ia_bim_eighteenth-century_arctic-zoology-arctic_pennant-thomas_1784_2,1233,0.00093,junk,,,,
ia_bim_eighteenth-century_arctic-zoology-arctic_pennant-thomas_1784_2,1235,0.0198,junk,,,,
ia_bim_eighteenth-century_arctic-zoology-arctic_pennant-thomas_1784_2,1236,0.09541,junk,,,,
ia_bim_eighteenth-century_arctic-zoology-arctic_pennant-thomas_1784_2,1237,0.17387,junk,,,,
ia_bim_eighteenth-century_arctic-zoology-arctic_pennant-thomas_1784_2,1238,0.58855,non_junk,non_divine_teleology,0.03553,0.93496,0.02951
ia_bim_eighteenth-century_arctic-zoology-arctic_pennant-thomas_1784_2,1239,0.0019,junk,,,,
ia_bim_eighteenth-century_arctic-zoology-arctic_pennant-thomas_1784_2,1240,0.00353,junk,,,,
ia_bim_eighteenth-century_arctic-zoology-arctic_pennant-thomas_1784_2,1241,9e-05,junk,,,,
ia_bim_eighteenth-century_arctic-zoology-arctic_pennant-thomas_1784_2,1243,0.00311,junk,,,,
ia_bim_eighteenth-century_arctic-zoology-arctic_pennant-thomas_1784_2,1244,0.01688,junk,,,,
ia_bim_eighteenth-century_arctic-zoology-arctic_pennant-thomas_1784_2,1245,0.01001,junk,,,,
ia_bim_eighteenth-century_arctic-zoology-arctic_pennant-thomas_1784_2,1246,0.00132,junk,,,,
ia_bim_eighteenth-century_arctic-zoology-arctic_pennant-thomas_1784_2,1247,0.00111,junk,,,,
ia_bim_eighteenth-century_arctic-zoology-arctic_pennant-thomas_1784_2,1248,0.0103,junk,,,,
ia_bim_eighteenth-century_arctic-zoology-arctic_pennant-thomas_1784_2,1249,0.0243,junk,,,,
ia_bim_eighteenth-century_arctic-zoology-arctic_pennant-thomas_1784_2,1250,0.15715,junk,,,,
ia_bim_eighteenth-century_arctic-zoology-arctic_pennant-thomas_1784_2,1252,0.00211,junk,,,,
ia_bim_eighteenth-century_arctic-zoology-arctic_pennant-thomas_1784_2,1253,0.00213,junk,,,,
ia_bim_eighteenth-century_arctic-zoology-arctic_pennant-thomas_1784_2,1254,0.00019,junk,,,,
ia_bim_eighteenth-century_arctic-zoology-arctic_pennant-thomas_1784_2,1255,0.00323,junk,,,,
ia_bim_eighteenth-century_arctic-zoology-arctic_pennant-thomas_1784_2,1256,0.00055,junk,,,,
ia_bim_eighteenth-century_arctic-zoology-arctic_pennant-thomas_1784_2,1257,0.02719,junk,,,,
ia_bim_eighteenth-century_arctic-zoology-arctic_pennant-thomas_1784_2,1258,0.0118,junk,,,,
ia_bim_eighteenth-century_arctic-zoology-arctic_pennant-thomas_1784_2,1259,0.00104,junk,,,,
ia_bim_eighteenth-century_arctic-zoology-arctic_pennant-thomas_1784_2,1260,0.0038,junk,,,,
ia_bim_eighteenth-century_arctic-zoology-arctic_pennant-thomas_1784_2,1261,0.01006,junk,,,,
ia_bim_eighteenth-century_arctic-zoology-arctic_pennant-thomas_1784_2,1262,0.00038,junk,,,,
ia_bim_eighteenth-century_arctic-zoology-arctic_pennant-thomas_1784_2,1263,0.00667,junk,,,,
ia_bim_eighteenth-century_arctic-zoology-arctic_pennant-thomas_1784_2,1265,0.00047,junk,,,,
ia_bim_eighteenth-century_arctic-zoology-arctic_pennant-thomas_1784_2,1267,0.00268,junk,,,,
ia_bim_eighteenth-century_arctic-zoology-arctic_pennant-thomas_1784_2,1268,0.00457,junk,,,,
ia_bim_eighteenth-century_arctic-zoology-arctic_pennant-thomas_1784_2,1269,0.00067,junk,,,,
ia_bim_eighteenth-century_arctic-zoology-arctic_pennant-thomas_1784_2,1271,0.00781,junk,,,,
ia_bim_eighteenth-century_arctic-zoology-arctic_pennant-thomas_1784_2,1272,0.00019,junk,,,,
ia_bim_eighteenth-century_arctic-zoology-arctic_pennant-thomas_1784_2,1273,0.01262,junk,,,,
ia_bim_eighteenth-century_arctic-zoology-arctic_pennant-thomas_1784_2,1274,0.0008,junk,,,,
ia_bim_eighteenth-century_arctic-zoology-arctic_pennant-thomas_1784_2,1275,0.00254,junk,,,,
ia_bim_eighteenth-century_arctic-zoology-arctic_pennant-thomas_1784_2,1276,0.00013,junk,,,,
ia_bim_eighteenth-century_arctic-zoology-arctic_pennant-thomas_1784_2,1277,0.00044,junk,,,,
ia_bim_eighteenth-century_arctic-zoology-arctic_pennant-thomas_1784_2,1278,0.02289,junk,,,,
ia_bim_eighteenth-century_arctic-zoology-arctic_pennant-thomas_1784_2,1279,0.00086,junk,,,,
ia_bim_eighteenth-century_arctic-zoology-arctic_pennant-thomas_1784_2,1280,0.00172,junk,,,,
ia_bim_eighteenth-century_arctic-zoology-arctic_pennant-thomas_1784_2,1281,0.00024,junk,,,,
ia_bim_eighteenth-century_arctic-zoology-arctic_pennant-thomas_1784_2,1282,0.00299,junk,,,,
ia_bim_eighteenth-century_arctic-zoology-arctic_pennant-thomas_1784_2,1283,0.00182,junk,,,,
ia_bim_eighteenth-century_arctic-zoology-arctic_pennant-thomas_1784_2,1284,0.00175,junk,,,,
ia_bim_eighteenth-century_arctic-zoology-arctic_pennant-thomas_1784_2,1285,0.00138,junk,,,,
ia_bim_eighteenth-century_arctic-zoology-arctic_pennant-thomas_1784_2,1287,0.0103,junk,,,,
ia_bim_eighteenth-century_arctic-zoology-arctic_pennant-thomas_1784_2,1288,9e-05,junk,,,,
ia_bim_eighteenth-century_arctic-zoology-arctic_pennant-thomas_1784_2,1289,0.01815,junk,,,,
ia_bim_eighteenth-century_arctic-zoology-arctic_pennant-thomas_1784_2,1290,4e-05,junk,,,,
ia_bim_eighteenth-century_arctic-zoology-arctic_pennant-thomas_1784_2,1291,0.01245,junk,,,,
ia_bim_eighteenth-century_arctic-zoology-arctic_pennant-thomas_1784_2,1292,0.00086,junk,,,,
ia_bim_eighteenth-century_arctic-zoology-arctic_pennant-thomas_1784_2,1293,0.00122,junk,,,,
ia_bim_eighteenth-century_arctic-zoology-arctic_pennant-thomas_1784_2,1294,0.05504,junk,,,,
ia_bim_eighteenth-century_arctic-zoology-arctic_pennant-thomas_1784_2,1295,0.00556,junk,,,,
ia_bim_eighteenth-century_arctic-zoology-arctic_pennant-thomas_1784_2,1296,0.00069,junk,,,,
ia_bim_eighteenth-century_arctic-zoology-arctic_pennant-thomas_1784_2,1297,0.00299,junk,,,,
ia_bim_eighteenth-century_arctic-zoology-arctic_pennant-thomas_1784_2,1299,0.00075,junk,,,,
ia_bim_eighteenth-century_arctic-zoology-arctic_pennant-thomas_1784_2,1300,0.61218,non_junk,non_divine_teleology,0.0064,0.9737,0.0199
ia_bim_eighteenth-century_arctic-zoology-arctic_pennant-thomas_1784_2,1301,0.00359,junk,,,,
ia_bim_eighteenth-century_arctic-zoology-arctic_pennant-thomas_1784_2,1302,0.00757,junk,,,,
ia_bim_eighteenth-century_arctic-zoology-arctic_pennant-thomas_1784_2,1303,0.06307,junk,,,,
ia_bim_eighteenth-century_arctic-zoology-arctic_pennant-thomas_1784_2,1304,0.00207,junk,,,,
ia_bim_eighteenth-century_arctic-zoology-arctic_pennant-thomas_1784_2,1306,0.00215,junk,,,,
ia_bim_eighteenth-century_arctic-zoology-arctic_pennant-thomas_1784_2,1307,0.01764,junk,,,,
ia_bim_eighteenth-century_arctic-zoology-arctic_pennant-thomas_1784_2,1308,0.03031,junk,,,,
ia_bim_eighteenth-century_arctic-zoology-arctic_pennant-thomas_1784_2,1309,0.00077,junk,,,,
ia_bim_eighteenth-century_arctic-zoology-arctic_pennant-thomas_1784_2,1311,0.00114,junk,,,,
ia_bim_eighteenth-century_arctic-zoology-arctic_pennant-thomas_1784_2,1312,0.00043,junk,,,,
ia_bim_eighteenth-century_arctic-zoology-arctic_pennant-thomas_1784_2,1313,0.15288,junk,,,,
ia_bim_eighteenth-century_arctic-zoology-arctic_pennant-thomas_1784_2,1315,0.00705,junk,,,,
ia_bim_eighteenth-century_arctic-zoology-arctic_pennant-thomas_1784_2,1316,0.00013,junk,,,,
ia_bim_eighteenth-century_arctic-zoology-arctic_pennant-thomas_1784_2,1317,0.00028,junk,,,,
ia_bim_eighteenth-century_arctic-zoology-arctic_pennant-thomas_1784_2,1318,0.00476,junk,,,,
ia_bim_eighteenth-century_arctic-zoology-arctic_pennant-thomas_1784_2,1319,0.0001,junk,,,,
ia_bim_eighteenth-century_arctic-zoology-arctic_pennant-thomas_1784_2,1320,0.00503,junk,,,,
ia_bim_eighteenth-century_arctic-zoology-arctic_pennant-thomas_1784_2,1321,0.01343,junk,,,,
ia_bim_eighteenth-century_arctic-zoology-arctic_pennant-thomas_1784_2,1322,0.00038,junk,,,,
ia_bim_eighteenth-century_arctic-zoology-arctic_pennant-thomas_1784_2,1323,0.00614,junk,,,,
ia_bim_eighteenth-century_arctic-zoology-arctic_pennant-thomas_1784_2,1324,0.00707,junk,,,,
ia_bim_eighteenth-century_arctic-zoology-arctic_pennant-thomas_1784_2,1325,0.00354,junk,,,,
ia_bim_eighteenth-century_arctic-zoology-arctic_pennant-thomas_1784_2,1326,0.00039,junk,,,,
ia_bim_eighteenth-century_arctic-zoology-arctic_pennant-thomas_1784_2,1327,0.00028,junk,,,,
ia_bim_eighteenth-century_arctic-zoology-arctic_pennant-thomas_1784_2,1328,0.00981,junk,,,,
ia_bim_eighteenth-century_arctic-zoology-arctic_pennant-thomas_1784_2,1329,0.01103,junk,,,,
ia_bim_eighteenth-century_arctic-zoology-arctic_pennant-thomas_1784_2,1331,0.0011,junk,,,,
ia_bim_eighteenth-century_arctic-zoology-arctic_pennant-thomas_1784_2,1332,0.00045,junk,,,,
ia_bim_eighteenth-century_arctic-zoology-arctic_pennant-thomas_1784_2,1333,0.00351,junk,,,,
ia_bim_eighteenth-century_arctic-zoology-arctic_pennant-thomas_1784_2,1334,0.00091,junk,,,,
ia_bim_eighteenth-century_arctic-zoology-arctic_pennant-thomas_1784_2,1335,0.00034,junk,,,,
ia_bim_eighteenth-century_arctic-zoology-arctic_pennant-thomas_1784_2,1337,0.01042,junk,,,,
ia_bim_eighteenth-century_arctic-zoology-arctic_pennant-thomas_1784_2,1338,0.0177,junk,,,,
ia_bim_eighteenth-century_arctic-zoology-arctic_pennant-thomas_1784_2,1339,0.00028,junk,,,,
ia_bim_eighteenth-century_arctic-zoology-arctic_pennant-thomas_1784_2,1340,0.001,junk,,,,
ia_bim_eighteenth-century_arctic-zoology-arctic_pennant-thomas_1784_2,1341,0.00072,junk,,,,
ia_bim_eighteenth-century_arctic-zoology-arctic_pennant-thomas_1784_2,1342,0.09281,junk,,,,
ia_bim_eighteenth-century_arctic-zoology-arctic_pennant-thomas_1784_2,1343,0.46963,junk,,,,
ia_bim_eighteenth-century_arctic-zoology-arctic_pennant-thomas_1784_2,1344,0.64595,non_junk,non_divine_teleology,0.00253,0.99333,0.00414
ia_bim_eighteenth-century_arctic-zoology-arctic_pennant-thomas_1784_2,1345,0.64197,non_junk,non_divine_teleology,0.00876,0.98456,0.00668
ia_bim_eighteenth-century_arctic-zoology-arctic_pennant-thomas_1784_2,1346,0.00032,junk,,,,
ia_bim_eighteenth-century_arctic-zoology-arctic_pennant-thomas_1784_2,1347,0.01366,junk,,,,
ia_bim_eighteenth-century_arctic-zoology-arctic_pennant-thomas_1784_2,1349,0.00236,junk,,,,
ia_bim_eighteenth-century_arctic-zoology-arctic_pennant-thomas_1784_2,1350,0.01149,junk,,,,
ia_bim_eighteenth-century_arctic-zoology-arctic_pennant-thomas_1784_2,1352,0.27451,junk,,,,
ia_bim_eighteenth-century_arctic-zoology-arctic_pennant-thomas_1784_2,1354,7e-05,junk,,,,
ia_bim_eighteenth-century_arctic-zoology-arctic_pennant-thomas_1784_2,1355,0.00056,junk,,,,
ia_bim_eighteenth-century_arctic-zoology-arctic_pennant-thomas_1784_2,1356,0.0126,junk,,,,
ia_bim_eighteenth-century_arctic-zoology-arctic_pennant-thomas_1784_2,1357,0.04318,junk,,,,
ia_bim_eighteenth-century_arctic-zoology-arctic_pennant-thomas_1784_2,1358,0.00173,junk,,,,
ia_bim_eighteenth-century_arctic-zoology-arctic_pennant-thomas_1784_2,1359,0.02752,junk,,,,
ia_bim_eighteenth-century_arctic-zoology-arctic_pennant-thomas_1784_2,1360,0.00168,junk,,,,
ia_bim_eighteenth-century_arctic-zoology-arctic_pennant-thomas_1784_2,1361,0.29841,junk,,,,
ia_bim_eighteenth-century_arctic-zoology-arctic_pennant-thomas_1784_2,1362,0.01422,junk,,,,
ia_bim_eighteenth-century_arctic-zoology-arctic_pennant-thomas_1784_2,1363,0.01329,junk,,,,
ia_bim_eighteenth-century_arctic-zoology-arctic_pennant-thomas_1784_2,1364,0.00272,junk,,,,
ia_bim_eighteenth-century_arctic-zoology-arctic_pennant-thomas_1784_2,1365,0.00073,junk,,,,
ia_bim_eighteenth-century_arctic-zoology-arctic_pennant-thomas_1784_2,1366,0.04263,junk,,,,
ia_bim_eighteenth-century_arctic-zoology-arctic_pennant-thomas_1784_2,1367,0.00267,junk,,,,
ia_bim_eighteenth-century_arctic-zoology-arctic_pennant-thomas_1784_2,1368,0.01099,junk,,,,
ia_bim_eighteenth-century_arctic-zoology-arctic_pennant-thomas_1784_2,1369,0.00531,junk,,,,
ia_bim_eighteenth-century_arctic-zoology-arctic_pennant-thomas_1784_2,1370,0.00033,junk,,,,
ia_bim_eighteenth-century_arctic-zoology-arctic_pennant-thomas_1784_2,1371,0.1088,junk,,,,
ia_bim_eighteenth-century_arctic-zoology-arctic_pennant-thomas_1784_2,1372,0.00029,junk,,,,
ia_bim_eighteenth-century_arctic-zoology-arctic_pennant-thomas_1784_2,1374,0.00162,junk,,,,
ia_bim_eighteenth-century_arctic-zoology-arctic_pennant-thomas_1784_2,1375,0.02669,junk,,,,
ia_bim_eighteenth-century_arctic-zoology-arctic_pennant-thomas_1784_2,1376,0.01079,junk,,,,
ia_bim_eighteenth-century_arctic-zoology-arctic_pennant-thomas_1784_2,1377,0.00058,junk,,,,
ia_bim_eighteenth-century_arctic-zoology-arctic_pennant-thomas_1784_2,1378,0.00013,junk,,,,
ia_bim_eighteenth-century_arctic-zoology-arctic_pennant-thomas_1784_2,1379,9e-05,junk,,,,
ia_bim_eighteenth-century_arctic-zoology-arctic_pennant-thomas_1784_2,1380,0.00028,junk,,,,
ia_bim_eighteenth-century_arctic-zoology-arctic_pennant-thomas_1784_2,1381,0.0001,junk,,,,
ia_bim_eighteenth-century_arctic-zoology-arctic_pennant-thomas_1784_2,1382,0.00053,junk,,,,
ia_bim_eighteenth-century_arctic-zoology-arctic_pennant-thomas_1784_2,1383,0.00123,junk,,,,
ia_bim_eighteenth-century_arctic-zoology-arctic_pennant-thomas_1784_2,1384,0.00044,junk,,,,
ia_bim_eighteenth-century_arctic-zoology-arctic_pennant-thomas_1784_2,1385,0.00703,junk,,,,
ia_bim_eighteenth-century_arctic-zoology-arctic_pennant-thomas_1784_2,1387,0.00026,junk,,,,
ia_bim_eighteenth-century_arctic-zoology-arctic_pennant-thomas_1784_2,1388,4e-05,junk,,,,
ia_bim_eighteenth-century_arctic-zoology-arctic_pennant-thomas_1784_2,1389,0.00038,junk,,,,
ia_bim_eighteenth-century_arctic-zoology-arctic_pennant-thomas_1784_2,1390,0.00083,junk,,,,
