uid,sent_id,gate_prob_nonjunk,gate_pred,s2_pred,s2_p_divine_teleology,s2_p_non_divine_teleology,s2_p_internal_essence
ia_bim_eighteenth-century_histoire-naturelle-eng_le-clerc-georges-louis-_1791_2,1,0.00076,junk,,,,
ia_bim_eighteenth-century_histoire-naturelle-eng_le-clerc-georges-louis-_1791_2,2,0.00527,junk,,,,
ia_bim_eighteenth-century_histoire-naturelle-eng_le-clerc-georges-louis-_1791_2,3,0.02358,junk,,,,
ia_bim_eighteenth-century_histoire-naturelle-eng_le-clerc-georges-louis-_1791_2,5,0.09109,junk,,,,
ia_bim_eighteenth-century_histoire-naturelle-eng_le-clerc-georges-louis-_1791_2,6,0.03057,junk,,,,
ia_bim_eighteenth-century_histoire-naturelle-eng_le-clerc-georges-louis-_1791_2,7,0.0255,junk,,,,
ia_bim_eighteenth-century_histoire-naturelle-eng_le-clerc-georges-louis-_1791_2,8,0.8838,non_junk,non_divine_teleology,0.01142,0.94135,0.04723
ia_bim_eighteenth-century_histoire-naturelle-eng_le-clerc-georges-louis-_1791_2,9,0.35702,junk,,,,
ia_bim_eighteenth-century_histoire-naturelle-eng_le-clerc-georges-louis-_1791_2,10,0.17647,junk,,,,
ia_bim_eighteenth-century_histoire-naturelle-eng_le-clerc-georges-louis-_1791_2,11,0.29601,junk,,,,
ia_bim_eighteenth-century_histoire-naturelle-eng_le-clerc-georges-louis-_1791_2,12,0.79894,non_junk,non_divine_teleology,0.00641,0.97373,0.01986
ia_bim_eighteenth-century_histoire-naturelle-eng_le-clerc-georges-louis-_1791_2,13,0.01193,junk,,,,
ia_bim_eighteenth-century_histoire-naturelle-eng_le-clerc-georges-louis-_1791_2,15,0.22521,junk,,,,
ia_bim_eighteenth-century_histoire-naturelle-eng_le-clerc-georges-louis-_1791_2,16,0.21367,junk,,,,
ia_bim_eighteenth-century_histoire-naturelle-eng_le-clerc-georges-louis-_1791_2,18,0.00238,junk,,,,
ia_bim_eighteenth-century_histoire-naturelle-eng_le-clerc-georges-louis-_1791_2,19,0.00357,junk,,,,
ia_bim_eighteenth-century_histoire-naturelle-eng_le-clerc-georges-louis-_1791_2,20,0.97681,non_junk,non_divine_teleology,0.00551,0.98848,0.006
ia_bim_eighteenth-century_histoire-naturelle-eng_le-clerc-georges-louis-_1791_2,21,0.16968,junk,,,,
ia_bim_eighteenth-century_histoire-naturelle-eng_le-clerc-georges-louis-_1791_2,22,0.86349,non_junk,non_divine_teleology,0.02028,0.85344,0.12628
ia_bim_eighteenth-century_histoire-naturelle-eng_le-clerc-georges-louis-_1791_2,23,0.99089,non_junk,non_divine_teleology,0.02896,0.94001,0.03102
ia_bim_eighteenth-century_histoire-naturelle-eng_le-clerc-georges-louis-_1791_2,24,0.0044,junk,,,,
ia_bim_eighteenth-century_histoire-naturelle-eng_le-clerc-georges-louis-_1791_2,25,0.05652,junk,,,,
ia_bim_eighteenth-century_histoire-naturelle-eng_le-clerc-georges-louis-_1791_2,26,0.00044,junk,,,,
ia_bim_eighteenth-century_histoire-naturelle-eng_le-clerc-georges-louis-_1791_2,27,0.05652,junk,,,,
ia_bim_eighteenth-century_histoire-naturelle-eng_le-clerc-georges-louis-_1791_2,28,0.17098,junk,,,,
ia_bim_eighteenth-century_histoire-naturelle-eng_le-clerc-georges-louis-_1791_2,29,0.0022,junk,,,,
ia_bim_eighteenth-century_histoire-naturelle-eng_le-clerc-georges-louis-_1791_2,30,0.20297,junk,,,,
ia_bim_eighteenth-century_histoire-naturelle-eng_le-clerc-georges-louis-_1791_2,31,0.00284,junk,,,,
ia_bim_eighteenth-century_histoire-naturelle-eng_le-clerc-georges-louis-_1791_2,32,0.01062,junk,,,,
ia_bim_eighteenth-century_histoire-naturelle-eng_le-clerc-georges-louis-_1791_2,33,0.34918,junk,,,,
ia_bim_eighteenth-century_histoire-naturelle-eng_le-clerc-georges-louis-_1791_2,34,0.00031,junk,,,,
ia_bim_eighteenth-century_histoire-naturelle-eng_le-clerc-georges-louis-_1791_2,35,0.34918,junk,,,,
ia_bim_eighteenth-century_histoire-naturelle-eng_le-clerc-georges-louis-_1791_2,36,0.01917,junk,,,,
ia_bim_eighteenth-century_histoire-naturelle-eng_le-clerc-georges-louis-_1791_2,37,0.04393,junk,,,,
ia_bim_eighteenth-century_histoire-naturelle-eng_le-clerc-georges-louis-_1791_2,38,0.27737,junk,,,,
ia_bim_eighteenth-century_histoire-naturelle-eng_le-clerc-georges-louis-_1791_2,39,0.36689,junk,,,,
ia_bim_eighteenth-century_histoire-naturelle-eng_le-clerc-georges-louis-_1791_2,40,0.05124,junk,,,,
ia_bim_eighteenth-century_histoire-naturelle-eng_le-clerc-georges-louis-_1791_2,41,0.00042,junk,,,,
ia_bim_eighteenth-century_histoire-naturelle-eng_le-clerc-georges-louis-_1791_2,42,0.21142,junk,,,,
ia_bim_eighteenth-century_histoire-naturelle-eng_le-clerc-georges-louis-_1791_2,43,0.9509,non_junk,non_divine_teleology,0.00442,0.54363,0.45194
ia_bim_eighteenth-century_histoire-naturelle-eng_le-clerc-georges-louis-_1791_2,45,0.09985,junk,,,,
ia_bim_eighteenth-century_histoire-naturelle-eng_le-clerc-georges-louis-_1791_2,46,0.09796,junk,,,,
ia_bim_eighteenth-century_histoire-naturelle-eng_le-clerc-georges-louis-_1791_2,47,0.02105,junk,,,,
ia_bim_eighteenth-century_histoire-naturelle-eng_le-clerc-georges-louis-_1791_2,48,0.00595,junk,,,,
ia_bim_eighteenth-century_histoire-naturelle-eng_le-clerc-georges-louis-_1791_2,49,0.98798,non_junk,non_divine_teleology,0.04663,0.81021,0.14316
ia_bim_eighteenth-century_histoire-naturelle-eng_le-clerc-georges-louis-_1791_2,50,0.98465,non_junk,non_divine_teleology,0.00876,0.60465,0.38659
ia_bim_eighteenth-century_histoire-naturelle-eng_le-clerc-georges-louis-_1791_2,51,0.99353,non_junk,non_divine_teleology,0.00962,0.96856,0.02182
ia_bim_eighteenth-century_histoire-naturelle-eng_le-clerc-georges-louis-_1791_2,52,0.53574,non_junk,internal_essence,0.00897,0.39686,0.59417
ia_bim_eighteenth-century_histoire-naturelle-eng_le-clerc-georges-louis-_1791_2,53,0.03353,junk,,,,
ia_bim_eighteenth-century_histoire-naturelle-eng_le-clerc-georges-louis-_1791_2,54,0.01549,junk,,,,
ia_bim_eighteenth-century_histoire-naturelle-eng_le-clerc-georges-louis-_1791_2,55,0.05958,junk,,,,
ia_bim_eighteenth-century_histoire-naturelle-eng_le-clerc-georges-louis-_1791_2,56,0.00858,junk,,,,
ia_bim_eighteenth-century_histoire-naturelle-eng_le-clerc-georges-louis-_1791_2,57,0.00433,junk,,,,
ia_bim_eighteenth-century_histoire-naturelle-eng_le-clerc-georges-louis-_1791_2,58,0.00149,junk,,,,
ia_bim_eighteenth-century_histoire-naturelle-eng_le-clerc-georges-louis-_1791_2,59,0.00059,junk,,,,
ia_bim_eighteenth-century_histoire-naturelle-eng_le-clerc-georges-louis-_1791_2,60,0.00084,junk,,,,
ia_bim_eighteenth-century_histoire-naturelle-eng_le-clerc-georges-louis-_1791_2,61,0.02146,junk,,,,
ia_bim_eighteenth-century_histoire-naturelle-eng_le-clerc-georges-louis-_1791_2,62,0.51003,non_junk,non_divine_teleology,0.00097,0.93175,0.06728
ia_bim_eighteenth-century_histoire-naturelle-eng_le-clerc-georges-louis-_1791_2,63,0.01209,junk,,,,
ia_bim_eighteenth-century_histoire-naturelle-eng_le-clerc-georges-louis-_1791_2,64,0.00059,junk,,,,
ia_bim_eighteenth-century_histoire-naturelle-eng_le-clerc-georges-louis-_1791_2,65,0.00084,junk,,,,
ia_bim_eighteenth-century_histoire-naturelle-eng_le-clerc-georges-louis-_1791_2,67,0.51003,non_junk,non_divine_teleology,0.00097,0.93175,0.06728
ia_bim_eighteenth-century_histoire-naturelle-eng_le-clerc-georges-louis-_1791_2,68,0.01209,junk,,,,
ia_bim_eighteenth-century_histoire-naturelle-eng_le-clerc-georges-louis-_1791_2,69,0.30176,junk,,,,
ia_bim_eighteenth-century_histoire-naturelle-eng_le-clerc-georges-louis-_1791_2,70,0.12501,junk,,,,
ia_bim_eighteenth-century_histoire-naturelle-eng_le-clerc-georges-louis-_1791_2,71,0.00723,junk,,,,
ia_bim_eighteenth-century_histoire-naturelle-eng_le-clerc-georges-louis-_1791_2,72,0.11567,junk,,,,
ia_bim_eighteenth-century_histoire-naturelle-eng_le-clerc-georges-louis-_1791_2,73,0.7851,non_junk,non_divine_teleology,0.0142,0.82647,0.15933
ia_bim_eighteenth-century_histoire-naturelle-eng_le-clerc-georges-louis-_1791_2,74,0.40812,junk,,,,
ia_bim_eighteenth-century_histoire-naturelle-eng_le-clerc-georges-louis-_1791_2,75,0.0076,junk,,,,
ia_bim_eighteenth-century_histoire-naturelle-eng_le-clerc-georges-louis-_1791_2,76,0.88237,non_junk,non_divine_teleology,0.0134,0.80478,0.18183
ia_bim_eighteenth-century_histoire-naturelle-eng_le-clerc-georges-louis-_1791_2,77,0.40812,junk,,,,
ia_bim_eighteenth-century_histoire-naturelle-eng_le-clerc-georges-louis-_1791_2,78,0.03104,junk,,,,
ia_bim_eighteenth-century_histoire-naturelle-eng_le-clerc-georges-louis-_1791_2,79,0.00021,junk,,,,
ia_bim_eighteenth-century_histoire-naturelle-eng_le-clerc-georges-louis-_1791_2,80,0.243,junk,,,,
ia_bim_eighteenth-century_histoire-naturelle-eng_le-clerc-georges-louis-_1791_2,81,0.00384,junk,,,,
ia_bim_eighteenth-century_histoire-naturelle-eng_le-clerc-georges-louis-_1791_2,82,0.0751,junk,,,,
ia_bim_eighteenth-century_histoire-naturelle-eng_le-clerc-georges-louis-_1791_2,83,0.01033,junk,,,,
ia_bim_eighteenth-century_histoire-naturelle-eng_le-clerc-georges-louis-_1791_2,84,0.24019,junk,,,,
ia_bim_eighteenth-century_histoire-naturelle-eng_le-clerc-georges-louis-_1791_2,85,0.77682,non_junk,non_divine_teleology,0.00441,0.97934,0.01625
ia_bim_eighteenth-century_histoire-naturelle-eng_le-clerc-georges-louis-_1791_2,86,0.00825,junk,,,,
ia_bim_eighteenth-century_histoire-naturelle-eng_le-clerc-georges-louis-_1791_2,87,0.85849,non_junk,non_divine_teleology,0.02552,0.73835,0.23613
ia_bim_eighteenth-century_histoire-naturelle-eng_le-clerc-georges-louis-_1791_2,88,0.97559,non_junk,non_divine_teleology,0.00206,0.99282,0.00512
ia_bim_eighteenth-century_histoire-naturelle-eng_le-clerc-georges-louis-_1791_2,89,0.25472,junk,,,,
ia_bim_eighteenth-century_histoire-naturelle-eng_le-clerc-georges-louis-_1791_2,90,0.92825,non_junk,non_divine_teleology,0.0063,0.96869,0.02501
ia_bim_eighteenth-century_histoire-naturelle-eng_le-clerc-georges-louis-_1791_2,91,0.00911,junk,,,,
ia_bim_eighteenth-century_histoire-naturelle-eng_le-clerc-georges-louis-_1791_2,92,0.0016,junk,,,,
ia_bim_eighteenth-century_histoire-naturelle-eng_le-clerc-georges-louis-_1791_2,93,0.99843,non_junk,non_divine_teleology,0.00702,0.98432,0.00866
ia_bim_eighteenth-century_histoire-naturelle-eng_le-clerc-georges-louis-_1791_2,94,0.12597,junk,,,,
ia_bim_eighteenth-century_histoire-naturelle-eng_le-clerc-georges-louis-_1791_2,95,0.04687,junk,,,,
ia_bim_eighteenth-century_histoire-naturelle-eng_le-clerc-georges-louis-_1791_2,96,0.00237,junk,,,,
ia_bim_eighteenth-century_histoire-naturelle-eng_le-clerc-georges-louis-_1791_2,97,0.00641,junk,,,,
ia_bim_eighteenth-century_histoire-naturelle-eng_le-clerc-georges-louis-_1791_2,98,0.0273,junk,,,,
ia_bim_eighteenth-century_histoire-naturelle-eng_le-clerc-georges-louis-_1791_2,99,0.00942,junk,,,,
ia_bim_eighteenth-century_histoire-naturelle-eng_le-clerc-georges-louis-_1791_2,100,0.00031,junk,,,,
ia_bim_eighteenth-century_histoire-naturelle-eng_le-clerc-georges-louis-_1791_2,101,0.01971,junk,,,,
ia_bim_eighteenth-century_histoire-naturelle-eng_le-clerc-georges-louis-_1791_2,102,0.00029,junk,,,,
ia_bim_eighteenth-century_histoire-naturelle-eng_le-clerc-georges-louis-_1791_2,103,0.00165,junk,,,,
ia_bim_eighteenth-century_histoire-naturelle-eng_le-clerc-georges-louis-_1791_2,104,0.02282,junk,,,,
ia_bim_eighteenth-century_histoire-naturelle-eng_le-clerc-georges-louis-_1791_2,105,0.27622,junk,,,,
ia_bim_eighteenth-century_histoire-naturelle-eng_le-clerc-georges-louis-_1791_2,106,0.03604,junk,,,,
ia_bim_eighteenth-century_histoire-naturelle-eng_le-clerc-georges-louis-_1791_2,107,0.22106,junk,,,,
ia_bim_eighteenth-century_histoire-naturelle-eng_le-clerc-georges-louis-_1791_2,108,0.07224,junk,,,,
ia_bim_eighteenth-century_histoire-naturelle-eng_le-clerc-georges-louis-_1791_2,109,0.00283,junk,,,,
ia_bim_eighteenth-century_histoire-naturelle-eng_le-clerc-georges-louis-_1791_2,110,0.01108,junk,,,,
ia_bim_eighteenth-century_histoire-naturelle-eng_le-clerc-georges-louis-_1791_2,111,0.07402,junk,,,,
ia_bim_eighteenth-century_histoire-naturelle-eng_le-clerc-georges-louis-_1791_2,112,0.07402,junk,,,,
ia_bim_eighteenth-century_histoire-naturelle-eng_le-clerc-georges-louis-_1791_2,113,0.00096,junk,,,,
ia_bim_eighteenth-century_histoire-naturelle-eng_le-clerc-georges-louis-_1791_2,114,0.09275,junk,,,,
ia_bim_eighteenth-century_histoire-naturelle-eng_le-clerc-georges-louis-_1791_2,115,0.06463,junk,,,,
ia_bim_eighteenth-century_histoire-naturelle-eng_le-clerc-georges-louis-_1791_2,116,0.00164,junk,,,,
ia_bim_eighteenth-century_histoire-naturelle-eng_le-clerc-georges-louis-_1791_2,117,8e-05,junk,,,,
ia_bim_eighteenth-century_histoire-naturelle-eng_le-clerc-georges-louis-_1791_2,118,0.00257,junk,,,,
ia_bim_eighteenth-century_histoire-naturelle-eng_le-clerc-georges-louis-_1791_2,119,0.2692,junk,,,,
ia_bim_eighteenth-century_histoire-naturelle-eng_le-clerc-georges-louis-_1791_2,121,0.00026,junk,,,,
ia_bim_eighteenth-century_histoire-naturelle-eng_le-clerc-georges-louis-_1791_2,122,0.04935,junk,,,,
ia_bim_eighteenth-century_histoire-naturelle-eng_le-clerc-georges-louis-_1791_2,123,0.20125,junk,,,,
ia_bim_eighteenth-century_histoire-naturelle-eng_le-clerc-georges-louis-_1791_2,124,0.00716,junk,,,,
ia_bim_eighteenth-century_histoire-naturelle-eng_le-clerc-georges-louis-_1791_2,125,0.20125,junk,,,,
ia_bim_eighteenth-century_histoire-naturelle-eng_le-clerc-georges-louis-_1791_2,126,0.02631,junk,,,,
ia_bim_eighteenth-century_histoire-naturelle-eng_le-clerc-georges-louis-_1791_2,127,0.02655,junk,,,,
ia_bim_eighteenth-century_histoire-naturelle-eng_le-clerc-georges-louis-_1791_2,128,0.00591,junk,,,,
ia_bim_eighteenth-century_histoire-naturelle-eng_le-clerc-georges-louis-_1791_2,129,0.03886,junk,,,,
ia_bim_eighteenth-century_histoire-naturelle-eng_le-clerc-georges-louis-_1791_2,130,0.01608,junk,,,,
ia_bim_eighteenth-century_histoire-naturelle-eng_le-clerc-georges-louis-_1791_2,131,0.00221,junk,,,,
ia_bim_eighteenth-century_histoire-naturelle-eng_le-clerc-georges-louis-_1791_2,132,0.00026,junk,,,,
ia_bim_eighteenth-century_histoire-naturelle-eng_le-clerc-georges-louis-_1791_2,133,0.18953,junk,,,,
ia_bim_eighteenth-century_histoire-naturelle-eng_le-clerc-georges-louis-_1791_2,134,0.00481,junk,,,,
ia_bim_eighteenth-century_histoire-naturelle-eng_le-clerc-georges-louis-_1791_2,135,0.07073,junk,,,,
ia_bim_eighteenth-century_histoire-naturelle-eng_le-clerc-georges-louis-_1791_2,136,0.00144,junk,,,,
ia_bim_eighteenth-century_histoire-naturelle-eng_le-clerc-georges-louis-_1791_2,137,0.03555,junk,,,,
ia_bim_eighteenth-century_histoire-naturelle-eng_le-clerc-georges-louis-_1791_2,138,0.20131,junk,,,,
ia_bim_eighteenth-century_histoire-naturelle-eng_le-clerc-georges-louis-_1791_2,139,0.00089,junk,,,,
ia_bim_eighteenth-century_histoire-naturelle-eng_le-clerc-georges-louis-_1791_2,140,0.00012,junk,,,,
ia_bim_eighteenth-century_histoire-naturelle-eng_le-clerc-georges-louis-_1791_2,141,0.00347,junk,,,,
ia_bim_eighteenth-century_histoire-naturelle-eng_le-clerc-georges-louis-_1791_2,142,0.00493,junk,,,,
ia_bim_eighteenth-century_histoire-naturelle-eng_le-clerc-georges-louis-_1791_2,143,0.22825,junk,,,,
ia_bim_eighteenth-century_histoire-naturelle-eng_le-clerc-georges-louis-_1791_2,144,0.04473,junk,,,,
ia_bim_eighteenth-century_histoire-naturelle-eng_le-clerc-georges-louis-_1791_2,145,0.99947,non_junk,non_divine_teleology,0.00148,0.99386,0.00466
ia_bim_eighteenth-century_histoire-naturelle-eng_le-clerc-georges-louis-_1791_2,146,0.99928,non_junk,non_divine_teleology,0.00419,0.96506,0.03075
ia_bim_eighteenth-century_histoire-naturelle-eng_le-clerc-georges-louis-_1791_2,147,0.24123,junk,,,,
ia_bim_eighteenth-century_histoire-naturelle-eng_le-clerc-georges-louis-_1791_2,148,0.14142,junk,,,,
ia_bim_eighteenth-century_histoire-naturelle-eng_le-clerc-georges-louis-_1791_2,149,0.64757,non_junk,non_divine_teleology,0.05847,0.50861,0.43292
ia_bim_eighteenth-century_histoire-naturelle-eng_le-clerc-georges-louis-_1791_2,150,0.00011,junk,,,,
ia_bim_eighteenth-century_histoire-naturelle-eng_le-clerc-georges-louis-_1791_2,151,0.40769,junk,,,,
ia_bim_eighteenth-century_histoire-naturelle-eng_le-clerc-georges-louis-_1791_2,152,0.00347,junk,,,,
ia_bim_eighteenth-century_histoire-naturelle-eng_le-clerc-georges-louis-_1791_2,153,0.64757,non_junk,non_divine_teleology,0.05847,0.50861,0.43292
ia_bim_eighteenth-century_histoire-naturelle-eng_le-clerc-georges-louis-_1791_2,154,0.00011,junk,,,,
ia_bim_eighteenth-century_histoire-naturelle-eng_le-clerc-georges-louis-_1791_2,155,0.40769,junk,,,,
ia_bim_eighteenth-century_histoire-naturelle-eng_le-clerc-georges-louis-_1791_2,156,0.00185,junk,,,,
ia_bim_eighteenth-century_histoire-naturelle-eng_le-clerc-georges-louis-_1791_2,157,0.31078,junk,,,,
ia_bim_eighteenth-century_histoire-naturelle-eng_le-clerc-georges-louis-_1791_2,158,0.99611,non_junk,internal_essence,0.00093,0.02581,0.97326
ia_bim_eighteenth-century_histoire-naturelle-eng_le-clerc-georges-louis-_1791_2,159,0.99186,non_junk,internal_essence,0.0011,0.02623,0.97267
ia_bim_eighteenth-century_histoire-naturelle-eng_le-clerc-georges-louis-_1791_2,160,0.77089,non_junk,non_divine_teleology,0.00207,0.97915,0.01878
ia_bim_eighteenth-century_histoire-naturelle-eng_le-clerc-georges-louis-_1791_2,161,0.78651,non_junk,non_divine_teleology,0.00058,0.98765,0.01177
ia_bim_eighteenth-century_histoire-naturelle-eng_le-clerc-georges-louis-_1791_2,162,0.00763,junk,,,,
ia_bim_eighteenth-century_histoire-naturelle-eng_le-clerc-georges-louis-_1791_2,163,0.06119,junk,,,,
ia_bim_eighteenth-century_histoire-naturelle-eng_le-clerc-georges-louis-_1791_2,164,0.00206,junk,,,,
ia_bim_eighteenth-century_histoire-naturelle-eng_le-clerc-georges-louis-_1791_2,165,0.01255,junk,,,,
ia_bim_eighteenth-century_histoire-naturelle-eng_le-clerc-georges-louis-_1791_2,166,0.93975,non_junk,non_divine_teleology,0.00377,0.89004,0.10619
ia_bim_eighteenth-century_histoire-naturelle-eng_le-clerc-georges-louis-_1791_2,167,0.95591,non_junk,non_divine_teleology,0.00653,0.95454,0.03893
ia_bim_eighteenth-century_histoire-naturelle-eng_le-clerc-georges-louis-_1791_2,168,0.00545,junk,,,,
ia_bim_eighteenth-century_histoire-naturelle-eng_le-clerc-georges-louis-_1791_2,169,0.1885,junk,,,,
ia_bim_eighteenth-century_histoire-naturelle-eng_le-clerc-georges-louis-_1791_2,170,0.01456,junk,,,,
ia_bim_eighteenth-century_histoire-naturelle-eng_le-clerc-georges-louis-_1791_2,171,0.10287,junk,,,,
ia_bim_eighteenth-century_histoire-naturelle-eng_le-clerc-georges-louis-_1791_2,172,0.04343,junk,,,,
ia_bim_eighteenth-century_histoire-naturelle-eng_le-clerc-georges-louis-_1791_2,173,4e-05,junk,,,,
ia_bim_eighteenth-century_histoire-naturelle-eng_le-clerc-georges-louis-_1791_2,174,0.00015,junk,,,,
ia_bim_eighteenth-century_histoire-naturelle-eng_le-clerc-georges-louis-_1791_2,175,0.4619,junk,,,,
ia_bim_eighteenth-century_histoire-naturelle-eng_le-clerc-georges-louis-_1791_2,176,0.04682,junk,,,,
ia_bim_eighteenth-century_histoire-naturelle-eng_le-clerc-georges-louis-_1791_2,177,0.4619,junk,,,,
ia_bim_eighteenth-century_histoire-naturelle-eng_le-clerc-georges-louis-_1791_2,178,0.01879,junk,,,,
ia_bim_eighteenth-century_histoire-naturelle-eng_le-clerc-georges-louis-_1791_2,179,0.2554,junk,,,,
ia_bim_eighteenth-century_histoire-naturelle-eng_le-clerc-georges-louis-_1791_2,180,0.82491,non_junk,non_divine_teleology,0.00276,0.98449,0.01275
ia_bim_eighteenth-century_histoire-naturelle-eng_le-clerc-georges-louis-_1791_2,181,0.19654,junk,,,,
ia_bim_eighteenth-century_histoire-naturelle-eng_le-clerc-georges-louis-_1791_2,182,0.02961,junk,,,,
ia_bim_eighteenth-century_histoire-naturelle-eng_le-clerc-georges-louis-_1791_2,183,0.27568,junk,,,,
ia_bim_eighteenth-century_histoire-naturelle-eng_le-clerc-georges-louis-_1791_2,184,0.00954,junk,,,,
ia_bim_eighteenth-century_histoire-naturelle-eng_le-clerc-georges-louis-_1791_2,185,0.18808,junk,,,,
ia_bim_eighteenth-century_histoire-naturelle-eng_le-clerc-georges-louis-_1791_2,186,0.53763,non_junk,internal_essence,0.00222,0.0841,0.91368
ia_bim_eighteenth-century_histoire-naturelle-eng_le-clerc-georges-louis-_1791_2,187,0.11626,junk,,,,
ia_bim_eighteenth-century_histoire-naturelle-eng_le-clerc-georges-louis-_1791_2,188,0.43147,junk,,,,
ia_bim_eighteenth-century_histoire-naturelle-eng_le-clerc-georges-louis-_1791_2,189,0.08738,junk,,,,
ia_bim_eighteenth-century_histoire-naturelle-eng_le-clerc-georges-louis-_1791_2,190,0.01259,junk,,,,
ia_bim_eighteenth-century_histoire-naturelle-eng_le-clerc-georges-louis-_1791_2,191,0.00483,junk,,,,
ia_bim_eighteenth-century_histoire-naturelle-eng_le-clerc-georges-louis-_1791_2,192,0.98985,non_junk,non_divine_teleology,0.00135,0.5401,0.45855
ia_bim_eighteenth-century_histoire-naturelle-eng_le-clerc-georges-louis-_1791_2,193,0.16598,junk,,,,
ia_bim_eighteenth-century_histoire-naturelle-eng_le-clerc-georges-louis-_1791_2,194,0.33289,junk,,,,
ia_bim_eighteenth-century_histoire-naturelle-eng_le-clerc-georges-louis-_1791_2,195,0.00249,junk,,,,
ia_bim_eighteenth-century_histoire-naturelle-eng_le-clerc-georges-louis-_1791_2,196,0.08288,junk,,,,
ia_bim_eighteenth-century_histoire-naturelle-eng_le-clerc-georges-louis-_1791_2,198,0.81289,non_junk,non_divine_teleology,0.00869,0.91747,0.07384
ia_bim_eighteenth-century_histoire-naturelle-eng_le-clerc-georges-louis-_1791_2,199,0.00429,junk,,,,
ia_bim_eighteenth-century_histoire-naturelle-eng_le-clerc-georges-louis-_1791_2,200,0.92989,non_junk,non_divine_teleology,0.00382,0.85584,0.14034
ia_bim_eighteenth-century_histoire-naturelle-eng_le-clerc-georges-louis-_1791_2,201,0.00034,junk,,,,
ia_bim_eighteenth-century_histoire-naturelle-eng_le-clerc-georges-louis-_1791_2,202,0.00059,junk,,,,
ia_bim_eighteenth-century_histoire-naturelle-eng_le-clerc-georges-louis-_1791_2,203,0.00275,junk,,,,
ia_bim_eighteenth-century_histoire-naturelle-eng_le-clerc-georges-louis-_1791_2,204,0.0059,junk,,,,
ia_bim_eighteenth-century_histoire-naturelle-eng_le-clerc-georges-louis-_1791_2,205,0.00108,junk,,,,
ia_bim_eighteenth-century_histoire-naturelle-eng_le-clerc-georges-louis-_1791_2,206,0.00036,junk,,,,
ia_bim_eighteenth-century_histoire-naturelle-eng_le-clerc-georges-louis-_1791_2,207,0.01401,junk,,,,
ia_bim_eighteenth-century_histoire-naturelle-eng_le-clerc-georges-louis-_1791_2,209,0.01273,junk,,,,
ia_bim_eighteenth-century_histoire-naturelle-eng_le-clerc-georges-louis-_1791_2,210,0.98257,non_junk,non_divine_teleology,0.00447,0.81721,0.17832
ia_bim_eighteenth-century_histoire-naturelle-eng_le-clerc-georges-louis-_1791_2,211,0.99993,non_junk,non_divine_teleology,0.00085,0.98127,0.01788
ia_bim_eighteenth-century_histoire-naturelle-eng_le-clerc-georges-louis-_1791_2,212,0.00865,junk,,,,
ia_bim_eighteenth-century_histoire-naturelle-eng_le-clerc-georges-louis-_1791_2,213,0.99993,non_junk,non_divine_teleology,0.00085,0.98127,0.01788
ia_bim_eighteenth-century_histoire-naturelle-eng_le-clerc-georges-louis-_1791_2,214,0.76415,non_junk,non_divine_teleology,0.01206,0.92115,0.06679
ia_bim_eighteenth-century_histoire-naturelle-eng_le-clerc-georges-louis-_1791_2,215,0.00462,junk,,,,
ia_bim_eighteenth-century_histoire-naturelle-eng_le-clerc-georges-louis-_1791_2,216,0.0041,junk,,,,
ia_bim_eighteenth-century_histoire-naturelle-eng_le-clerc-georges-louis-_1791_2,217,0.00137,junk,,,,
ia_bim_eighteenth-century_histoire-naturelle-eng_le-clerc-georges-louis-_1791_2,218,0.00434,junk,,,,
ia_bim_eighteenth-century_histoire-naturelle-eng_le-clerc-georges-louis-_1791_2,219,0.59953,non_junk,internal_essence,0.00223,0.13379,0.86398
ia_bim_eighteenth-century_histoire-naturelle-eng_le-clerc-georges-louis-_1791_2,220,0.14358,junk,,,,
ia_bim_eighteenth-century_histoire-naturelle-eng_le-clerc-georges-louis-_1791_2,221,0.00669,junk,,,,
ia_bim_eighteenth-century_histoire-naturelle-eng_le-clerc-georges-louis-_1791_2,222,0.55838,non_junk,non_divine_teleology,0.0453,0.92554,0.02916
ia_bim_eighteenth-century_histoire-naturelle-eng_le-clerc-georges-louis-_1791_2,223,0.29224,junk,,,,
ia_bim_eighteenth-century_histoire-naturelle-eng_le-clerc-georges-louis-_1791_2,224,0.55838,non_junk,non_divine_teleology,0.0453,0.92554,0.02916
ia_bim_eighteenth-century_histoire-naturelle-eng_le-clerc-georges-louis-_1791_2,225,0.08628,junk,,,,
ia_bim_eighteenth-century_histoire-naturelle-eng_le-clerc-georges-louis-_1791_2,226,0.02169,junk,,,,
ia_bim_eighteenth-century_histoire-naturelle-eng_le-clerc-georges-louis-_1791_2,227,0.00051,junk,,,,
ia_bim_eighteenth-century_histoire-naturelle-eng_le-clerc-georges-louis-_1791_2,228,0.02169,junk,,,,
ia_bim_eighteenth-century_histoire-naturelle-eng_le-clerc-georges-louis-_1791_2,229,0.10857,junk,,,,
ia_bim_eighteenth-century_histoire-naturelle-eng_le-clerc-georges-louis-_1791_2,230,0.12865,junk,,,,
ia_bim_eighteenth-century_histoire-naturelle-eng_le-clerc-georges-louis-_1791_2,231,0.00372,junk,,,,
ia_bim_eighteenth-century_histoire-naturelle-eng_le-clerc-georges-louis-_1791_2,232,0.37228,junk,,,,
ia_bim_eighteenth-century_histoire-naturelle-eng_le-clerc-georges-louis-_1791_2,233,0.12268,junk,,,,
ia_bim_eighteenth-century_histoire-naturelle-eng_le-clerc-georges-louis-_1791_2,234,0.00397,junk,,,,
ia_bim_eighteenth-century_histoire-naturelle-eng_le-clerc-georges-louis-_1791_2,235,0.00016,junk,,,,
ia_bim_eighteenth-century_histoire-naturelle-eng_le-clerc-georges-louis-_1791_2,236,3e-05,junk,,,,
ia_bim_eighteenth-century_histoire-naturelle-eng_le-clerc-georges-louis-_1791_2,237,0.00173,junk,,,,
ia_bim_eighteenth-century_histoire-naturelle-eng_le-clerc-georges-louis-_1791_2,238,0.9986,non_junk,non_divine_teleology,0.00159,0.99616,0.00225
ia_bim_eighteenth-century_histoire-naturelle-eng_le-clerc-georges-louis-_1791_2,239,0.0001,junk,,,,
ia_bim_eighteenth-century_histoire-naturelle-eng_le-clerc-georges-louis-_1791_2,240,0.94014,non_junk,non_divine_teleology,0.00116,0.99066,0.00818
ia_bim_eighteenth-century_histoire-naturelle-eng_le-clerc-georges-louis-_1791_2,241,0.00077,junk,,,,
ia_bim_eighteenth-century_histoire-naturelle-eng_le-clerc-georges-louis-_1791_2,242,0.00144,junk,,,,
ia_bim_eighteenth-century_histoire-naturelle-eng_le-clerc-georges-louis-_1791_2,243,0.95004,non_junk,non_divine_teleology,0.00815,0.62796,0.36389
ia_bim_eighteenth-century_histoire-naturelle-eng_le-clerc-georges-louis-_1791_2,244,0.43855,junk,,,,
ia_bim_eighteenth-century_histoire-naturelle-eng_le-clerc-georges-louis-_1791_2,245,0.04289,junk,,,,
ia_bim_eighteenth-century_histoire-naturelle-eng_le-clerc-georges-louis-_1791_2,246,0.01057,junk,,,,
ia_bim_eighteenth-century_histoire-naturelle-eng_le-clerc-georges-louis-_1791_2,247,0.8719,non_junk,non_divine_teleology,0.02546,0.90307,0.07147
ia_bim_eighteenth-century_histoire-naturelle-eng_le-clerc-georges-louis-_1791_2,248,0.23934,junk,,,,
ia_bim_eighteenth-century_histoire-naturelle-eng_le-clerc-georges-louis-_1791_2,250,0.01551,junk,,,,
ia_bim_eighteenth-century_histoire-naturelle-eng_le-clerc-georges-louis-_1791_2,251,0.00265,junk,,,,
ia_bim_eighteenth-century_histoire-naturelle-eng_le-clerc-georges-louis-_1791_2,252,0.76793,non_junk,non_divine_teleology,0.01683,0.92028,0.06289
ia_bim_eighteenth-century_histoire-naturelle-eng_le-clerc-georges-louis-_1791_2,253,0.11783,junk,,,,
ia_bim_eighteenth-century_histoire-naturelle-eng_le-clerc-georges-louis-_1791_2,254,0.00497,junk,,,,
ia_bim_eighteenth-century_histoire-naturelle-eng_le-clerc-georges-louis-_1791_2,255,0.00352,junk,,,,
ia_bim_eighteenth-century_histoire-naturelle-eng_le-clerc-georges-louis-_1791_2,257,0.00743,junk,,,,
ia_bim_eighteenth-century_histoire-naturelle-eng_le-clerc-georges-louis-_1791_2,258,0.36356,junk,,,,
ia_bim_eighteenth-century_histoire-naturelle-eng_le-clerc-georges-louis-_1791_2,259,0.011,junk,,,,
ia_bim_eighteenth-century_histoire-naturelle-eng_le-clerc-georges-louis-_1791_2,260,0.47846,junk,,,,
ia_bim_eighteenth-century_histoire-naturelle-eng_le-clerc-georges-louis-_1791_2,261,0.16086,junk,,,,
ia_bim_eighteenth-century_histoire-naturelle-eng_le-clerc-georges-louis-_1791_2,263,0.02179,junk,,,,
ia_bim_eighteenth-century_histoire-naturelle-eng_le-clerc-georges-louis-_1791_2,264,0.0278,junk,,,,
ia_bim_eighteenth-century_histoire-naturelle-eng_le-clerc-georges-louis-_1791_2,265,0.1251,junk,,,,
ia_bim_eighteenth-century_histoire-naturelle-eng_le-clerc-georges-louis-_1791_2,266,0.00397,junk,,,,
ia_bim_eighteenth-century_histoire-naturelle-eng_le-clerc-georges-louis-_1791_2,267,0.46306,junk,,,,
ia_bim_eighteenth-century_histoire-naturelle-eng_le-clerc-georges-louis-_1791_2,268,0.36282,junk,,,,
ia_bim_eighteenth-century_histoire-naturelle-eng_le-clerc-georges-louis-_1791_2,269,0.03777,junk,,,,
ia_bim_eighteenth-century_histoire-naturelle-eng_le-clerc-georges-louis-_1791_2,270,0.16887,junk,,,,
ia_bim_eighteenth-century_histoire-naturelle-eng_le-clerc-georges-louis-_1791_2,271,0.00038,junk,,,,
ia_bim_eighteenth-century_histoire-naturelle-eng_le-clerc-georges-louis-_1791_2,272,0.88352,non_junk,non_divine_teleology,0.00525,0.80313,0.19162
ia_bim_eighteenth-century_histoire-naturelle-eng_le-clerc-georges-louis-_1791_2,273,0.11788,junk,,,,
ia_bim_eighteenth-century_histoire-naturelle-eng_le-clerc-georges-louis-_1791_2,274,0.89234,non_junk,non_divine_teleology,0.00623,0.97358,0.02019
ia_bim_eighteenth-century_histoire-naturelle-eng_le-clerc-georges-louis-_1791_2,275,0.14541,junk,,,,
ia_bim_eighteenth-century_histoire-naturelle-eng_le-clerc-georges-louis-_1791_2,276,0.01587,junk,,,,
ia_bim_eighteenth-century_histoire-naturelle-eng_le-clerc-georges-louis-_1791_2,277,0.40424,junk,,,,
ia_bim_eighteenth-century_histoire-naturelle-eng_le-clerc-georges-louis-_1791_2,278,0.05752,junk,,,,
ia_bim_eighteenth-century_histoire-naturelle-eng_le-clerc-georges-louis-_1791_2,279,0.80314,non_junk,non_divine_teleology,0.01505,0.96639,0.01856
ia_bim_eighteenth-century_histoire-naturelle-eng_le-clerc-georges-louis-_1791_2,280,0.09874,junk,,,,
ia_bim_eighteenth-century_histoire-naturelle-eng_le-clerc-georges-louis-_1791_2,281,0.56182,non_junk,non_divine_teleology,0.01265,0.98113,0.00622
ia_bim_eighteenth-century_histoire-naturelle-eng_le-clerc-georges-louis-_1791_2,282,0.06073,junk,,,,
ia_bim_eighteenth-century_histoire-naturelle-eng_le-clerc-georges-louis-_1791_2,283,0.06073,junk,,,,
ia_bim_eighteenth-century_histoire-naturelle-eng_le-clerc-georges-louis-_1791_2,284,0.71083,non_junk,non_divine_teleology,0.0099,0.83628,0.15382
ia_bim_eighteenth-century_histoire-naturelle-eng_le-clerc-georges-louis-_1791_2,285,0.34273,junk,,,,
ia_bim_eighteenth-century_histoire-naturelle-eng_le-clerc-georges-louis-_1791_2,286,0.71083,non_junk,non_divine_teleology,0.0099,0.83628,0.15382
ia_bim_eighteenth-century_histoire-naturelle-eng_le-clerc-georges-louis-_1791_2,287,0.82266,non_junk,non_divine_teleology,0.01803,0.96037,0.0216
ia_bim_eighteenth-century_histoire-naturelle-eng_le-clerc-georges-louis-_1791_2,288,0.03101,junk,,,,
ia_bim_eighteenth-century_histoire-naturelle-eng_le-clerc-georges-louis-_1791_2,289,0.00017,junk,,,,
ia_bim_eighteenth-century_histoire-naturelle-eng_le-clerc-georges-louis-_1791_2,290,0.07813,junk,,,,
ia_bim_eighteenth-century_histoire-naturelle-eng_le-clerc-georges-louis-_1791_2,291,0.45449,junk,,,,
ia_bim_eighteenth-century_histoire-naturelle-eng_le-clerc-georges-louis-_1791_2,292,0.78713,non_junk,non_divine_teleology,0.01566,0.97093,0.01341
ia_bim_eighteenth-century_histoire-naturelle-eng_le-clerc-georges-louis-_1791_2,293,0.94855,non_junk,non_divine_teleology,0.00576,0.98743,0.00681
ia_bim_eighteenth-century_histoire-naturelle-eng_le-clerc-georges-louis-_1791_2,294,0.00322,junk,,,,
ia_bim_eighteenth-century_histoire-naturelle-eng_le-clerc-georges-louis-_1791_2,295,0.37345,junk,,,,
ia_bim_eighteenth-century_histoire-naturelle-eng_le-clerc-georges-louis-_1791_2,297,0.93638,non_junk,non_divine_teleology,0.00514,0.9859,0.00896
ia_bim_eighteenth-century_histoire-naturelle-eng_le-clerc-georges-louis-_1791_2,298,0.23193,junk,,,,
ia_bim_eighteenth-century_histoire-naturelle-eng_le-clerc-georges-louis-_1791_2,299,0.65516,non_junk,non_divine_teleology,0.00282,0.86647,0.13071
ia_bim_eighteenth-century_histoire-naturelle-eng_le-clerc-georges-louis-_1791_2,300,0.03228,junk,,,,
ia_bim_eighteenth-century_histoire-naturelle-eng_le-clerc-georges-louis-_1791_2,301,0.0001,junk,,,,
ia_bim_eighteenth-century_histoire-naturelle-eng_le-clerc-georges-louis-_1791_2,302,0.04969,junk,,,,
ia_bim_eighteenth-century_histoire-naturelle-eng_le-clerc-georges-louis-_1791_2,303,0.06632,junk,,,,
ia_bim_eighteenth-century_histoire-naturelle-eng_le-clerc-georges-louis-_1791_2,304,0.0865,junk,,,,
ia_bim_eighteenth-century_histoire-naturelle-eng_le-clerc-georges-louis-_1791_2,306,0.68902,non_junk,non_divine_teleology,0.01527,0.90761,0.07712
ia_bim_eighteenth-century_histoire-naturelle-eng_le-clerc-georges-louis-_1791_2,307,0.16516,junk,,,,
ia_bim_eighteenth-century_histoire-naturelle-eng_le-clerc-georges-louis-_1791_2,309,0.99925,non_junk,non_divine_teleology,0.00536,0.9347,0.05994
ia_bim_eighteenth-century_histoire-naturelle-eng_le-clerc-georges-louis-_1791_2,310,0.99989,non_junk,non_divine_teleology,0.0022,0.98999,0.00782
ia_bim_eighteenth-century_histoire-naturelle-eng_le-clerc-georges-louis-_1791_2,311,0.00819,junk,,,,
ia_bim_eighteenth-century_histoire-naturelle-eng_le-clerc-georges-louis-_1791_2,312,0.90905,non_junk,non_divine_teleology,0.00828,0.80844,0.18328
ia_bim_eighteenth-century_histoire-naturelle-eng_le-clerc-georges-louis-_1791_2,313,0.00039,junk,,,,
ia_bim_eighteenth-century_histoire-naturelle-eng_le-clerc-georges-louis-_1791_2,314,0.02791,junk,,,,
ia_bim_eighteenth-century_histoire-naturelle-eng_le-clerc-georges-louis-_1791_2,315,0.00193,junk,,,,
ia_bim_eighteenth-century_histoire-naturelle-eng_le-clerc-georges-louis-_1791_2,316,0.99271,non_junk,non_divine_teleology,0.00483,0.97403,0.02114
ia_bim_eighteenth-century_histoire-naturelle-eng_le-clerc-georges-louis-_1791_2,317,0.00039,junk,,,,
ia_bim_eighteenth-century_histoire-naturelle-eng_le-clerc-georges-louis-_1791_2,318,0.02791,junk,,,,
ia_bim_eighteenth-century_histoire-naturelle-eng_le-clerc-georges-louis-_1791_2,319,0.00193,junk,,,,
ia_bim_eighteenth-century_histoire-naturelle-eng_le-clerc-georges-louis-_1791_2,320,0.9991,non_junk,non_divine_teleology,0.00362,0.98721,0.00917
ia_bim_eighteenth-century_histoire-naturelle-eng_le-clerc-georges-louis-_1791_2,321,0.94126,non_junk,non_divine_teleology,0.0089,0.96261,0.02849
ia_bim_eighteenth-century_histoire-naturelle-eng_le-clerc-georges-louis-_1791_2,322,0.00964,junk,,,,
ia_bim_eighteenth-century_histoire-naturelle-eng_le-clerc-georges-louis-_1791_2,323,0.05153,junk,,,,
ia_bim_eighteenth-century_histoire-naturelle-eng_le-clerc-georges-louis-_1791_2,324,0.98481,non_junk,non_divine_teleology,0.0075,0.9898,0.0027
ia_bim_eighteenth-century_histoire-naturelle-eng_le-clerc-georges-louis-_1791_2,325,0.98484,non_junk,non_divine_teleology,0.00546,0.99123,0.00331
ia_bim_eighteenth-century_histoire-naturelle-eng_le-clerc-georges-louis-_1791_2,326,0.73914,non_junk,non_divine_teleology,0.0428,0.94356,0.01365
ia_bim_eighteenth-century_histoire-naturelle-eng_le-clerc-georges-louis-_1791_2,327,0.70055,non_junk,non_divine_teleology,0.01309,0.89448,0.09243
ia_bim_eighteenth-century_histoire-naturelle-eng_le-clerc-georges-louis-_1791_2,328,0.00086,junk,,,,
ia_bim_eighteenth-century_histoire-naturelle-eng_le-clerc-georges-louis-_1791_2,329,0.52395,non_junk,non_divine_teleology,0.00998,0.98433,0.00569
ia_bim_eighteenth-century_histoire-naturelle-eng_le-clerc-georges-louis-_1791_2,330,0.09011,junk,,,,
ia_bim_eighteenth-century_histoire-naturelle-eng_le-clerc-georges-louis-_1791_2,331,0.59052,non_junk,non_divine_teleology,0.02288,0.88768,0.08943
ia_bim_eighteenth-century_histoire-naturelle-eng_le-clerc-georges-louis-_1791_2,332,0.00543,junk,,,,
ia_bim_eighteenth-century_histoire-naturelle-eng_le-clerc-georges-louis-_1791_2,334,0.00543,junk,,,,
ia_bim_eighteenth-century_histoire-naturelle-eng_le-clerc-georges-louis-_1791_2,335,0.3609,junk,,,,
ia_bim_eighteenth-century_histoire-naturelle-eng_le-clerc-georges-louis-_1791_2,336,0.41117,junk,,,,
ia_bim_eighteenth-century_histoire-naturelle-eng_le-clerc-georges-louis-_1791_2,337,0.11328,junk,,,,
ia_bim_eighteenth-century_histoire-naturelle-eng_le-clerc-georges-louis-_1791_2,338,0.41117,junk,,,,
ia_bim_eighteenth-century_histoire-naturelle-eng_le-clerc-georges-louis-_1791_2,339,0.85858,non_junk,non_divine_teleology,0.00326,0.9804,0.01635
ia_bim_eighteenth-century_histoire-naturelle-eng_le-clerc-georges-louis-_1791_2,340,0.04798,junk,,,,
ia_bim_eighteenth-century_histoire-naturelle-eng_le-clerc-georges-louis-_1791_2,341,0.00691,junk,,,,
ia_bim_eighteenth-century_histoire-naturelle-eng_le-clerc-georges-louis-_1791_2,342,0.00448,junk,,,,
ia_bim_eighteenth-century_histoire-naturelle-eng_le-clerc-georges-louis-_1791_2,343,0.00475,junk,,,,
ia_bim_eighteenth-century_histoire-naturelle-eng_le-clerc-georges-louis-_1791_2,344,0.56813,non_junk,non_divine_teleology,0.01655,0.96508,0.01838
ia_bim_eighteenth-century_histoire-naturelle-eng_le-clerc-georges-louis-_1791_2,345,0.86801,non_junk,non_divine_teleology,0.00718,0.98202,0.01081
ia_bim_eighteenth-century_histoire-naturelle-eng_le-clerc-georges-louis-_1791_2,346,0.01475,junk,,,,
ia_bim_eighteenth-century_histoire-naturelle-eng_le-clerc-georges-louis-_1791_2,347,0.09968,junk,,,,
ia_bim_eighteenth-century_histoire-naturelle-eng_le-clerc-georges-louis-_1791_2,349,0.37144,junk,,,,
ia_bim_eighteenth-century_histoire-naturelle-eng_le-clerc-georges-louis-_1791_2,350,0.00027,junk,,,,
ia_bim_eighteenth-century_histoire-naturelle-eng_le-clerc-georges-louis-_1791_2,352,0.00253,junk,,,,
ia_bim_eighteenth-century_histoire-naturelle-eng_le-clerc-georges-louis-_1791_2,353,0.00117,junk,,,,
ia_bim_eighteenth-century_histoire-naturelle-eng_le-clerc-georges-louis-_1791_2,354,5e-05,junk,,,,
ia_bim_eighteenth-century_histoire-naturelle-eng_le-clerc-georges-louis-_1791_2,355,0.00016,junk,,,,
ia_bim_eighteenth-century_histoire-naturelle-eng_le-clerc-georges-louis-_1791_2,356,0.00156,junk,,,,
ia_bim_eighteenth-century_histoire-naturelle-eng_le-clerc-georges-louis-_1791_2,357,0.01263,junk,,,,
ia_bim_eighteenth-century_histoire-naturelle-eng_le-clerc-georges-louis-_1791_2,358,0.0001,junk,,,,
ia_bim_eighteenth-century_histoire-naturelle-eng_le-clerc-georges-louis-_1791_2,359,0.45886,junk,,,,
ia_bim_eighteenth-century_histoire-naturelle-eng_le-clerc-georges-louis-_1791_2,360,0.00073,junk,,,,
ia_bim_eighteenth-century_histoire-naturelle-eng_le-clerc-georges-louis-_1791_2,361,0.02769,junk,,,,
ia_bim_eighteenth-century_histoire-naturelle-eng_le-clerc-georges-louis-_1791_2,362,0.00082,junk,,,,
ia_bim_eighteenth-century_histoire-naturelle-eng_le-clerc-georges-louis-_1791_2,363,0.17258,junk,,,,
ia_bim_eighteenth-century_histoire-naturelle-eng_le-clerc-georges-louis-_1791_2,364,0.00168,junk,,,,
ia_bim_eighteenth-century_histoire-naturelle-eng_le-clerc-georges-louis-_1791_2,365,0.00167,junk,,,,
ia_bim_eighteenth-century_histoire-naturelle-eng_le-clerc-georges-louis-_1791_2,366,0.00017,junk,,,,
ia_bim_eighteenth-century_histoire-naturelle-eng_le-clerc-georges-louis-_1791_2,367,0.98796,non_junk,non_divine_teleology,0.00382,0.95623,0.03995
ia_bim_eighteenth-century_histoire-naturelle-eng_le-clerc-georges-louis-_1791_2,368,0.00039,junk,,,,
ia_bim_eighteenth-century_histoire-naturelle-eng_le-clerc-georges-louis-_1791_2,369,0.00017,junk,,,,
ia_bim_eighteenth-century_histoire-naturelle-eng_le-clerc-georges-louis-_1791_2,370,0.98796,non_junk,non_divine_teleology,0.00382,0.95623,0.03995
ia_bim_eighteenth-century_histoire-naturelle-eng_le-clerc-georges-louis-_1791_2,371,0.00039,junk,,,,
ia_bim_eighteenth-century_histoire-naturelle-eng_le-clerc-georges-louis-_1791_2,372,0.03504,junk,,,,
ia_bim_eighteenth-century_histoire-naturelle-eng_le-clerc-georges-louis-_1791_2,373,0.00285,junk,,,,
ia_bim_eighteenth-century_histoire-naturelle-eng_le-clerc-georges-louis-_1791_2,374,0.06319,junk,,,,
ia_bim_eighteenth-century_histoire-naturelle-eng_le-clerc-georges-louis-_1791_2,375,0.74919,non_junk,non_divine_teleology,0.01037,0.93132,0.05831
ia_bim_eighteenth-century_histoire-naturelle-eng_le-clerc-georges-louis-_1791_2,376,0.90591,non_junk,non_divine_teleology,0.01977,0.92053,0.0597
ia_bim_eighteenth-century_histoire-naturelle-eng_le-clerc-georges-louis-_1791_2,377,0.02102,junk,,,,
ia_bim_eighteenth-century_histoire-naturelle-eng_le-clerc-georges-louis-_1791_2,378,0.22898,junk,,,,
ia_bim_eighteenth-century_histoire-naturelle-eng_le-clerc-georges-louis-_1791_2,379,0.00079,junk,,,,
ia_bim_eighteenth-century_histoire-naturelle-eng_le-clerc-georges-louis-_1791_2,380,0.15147,junk,,,,
ia_bim_eighteenth-century_histoire-naturelle-eng_le-clerc-georges-louis-_1791_2,381,0.00577,junk,,,,
ia_bim_eighteenth-century_histoire-naturelle-eng_le-clerc-georges-louis-_1791_2,382,0.13009,junk,,,,
ia_bim_eighteenth-century_histoire-naturelle-eng_le-clerc-georges-louis-_1791_2,383,0.9176,non_junk,non_divine_teleology,0.01183,0.96534,0.02283
ia_bim_eighteenth-century_histoire-naturelle-eng_le-clerc-georges-louis-_1791_2,384,0.00109,junk,,,,
ia_bim_eighteenth-century_histoire-naturelle-eng_le-clerc-georges-louis-_1791_2,385,0.00054,junk,,,,
ia_bim_eighteenth-century_histoire-naturelle-eng_le-clerc-georges-louis-_1791_2,386,0.00024,junk,,,,
ia_bim_eighteenth-century_histoire-naturelle-eng_le-clerc-georges-louis-_1791_2,387,0.08299,junk,,,,
ia_bim_eighteenth-century_histoire-naturelle-eng_le-clerc-georges-louis-_1791_2,388,0.00015,junk,,,,
ia_bim_eighteenth-century_histoire-naturelle-eng_le-clerc-georges-louis-_1791_2,389,0.85405,non_junk,non_divine_teleology,0.00139,0.9964,0.0022
ia_bim_eighteenth-century_histoire-naturelle-eng_le-clerc-georges-louis-_1791_2,390,0.00163,junk,,,,
ia_bim_eighteenth-century_histoire-naturelle-eng_le-clerc-georges-louis-_1791_2,391,0.00649,junk,,,,
ia_bim_eighteenth-century_histoire-naturelle-eng_le-clerc-georges-louis-_1791_2,392,0.01771,junk,,,,
ia_bim_eighteenth-century_histoire-naturelle-eng_le-clerc-georges-louis-_1791_2,393,0.85293,non_junk,non_divine_teleology,0.00841,0.98764,0.00395
ia_bim_eighteenth-century_histoire-naturelle-eng_le-clerc-georges-louis-_1791_2,394,0.78297,non_junk,non_divine_teleology,0.0103,0.97602,0.01368
ia_bim_eighteenth-century_histoire-naturelle-eng_le-clerc-georges-louis-_1791_2,395,0.00163,junk,,,,
ia_bim_eighteenth-century_histoire-naturelle-eng_le-clerc-georges-louis-_1791_2,396,0.00649,junk,,,,
ia_bim_eighteenth-century_histoire-naturelle-eng_le-clerc-georges-louis-_1791_2,397,0.01771,junk,,,,
ia_bim_eighteenth-century_histoire-naturelle-eng_le-clerc-georges-louis-_1791_2,398,0.85293,non_junk,non_divine_teleology,0.00841,0.98764,0.00395
ia_bim_eighteenth-century_histoire-naturelle-eng_le-clerc-georges-louis-_1791_2,399,0.91453,non_junk,non_divine_teleology,0.00998,0.97455,0.01548
ia_bim_eighteenth-century_histoire-naturelle-eng_le-clerc-georges-louis-_1791_2,400,0.00086,junk,,,,
ia_bim_eighteenth-century_histoire-naturelle-eng_le-clerc-georges-louis-_1791_2,401,0.00049,junk,,,,
ia_bim_eighteenth-century_histoire-naturelle-eng_le-clerc-georges-louis-_1791_2,402,0.01718,junk,,,,
ia_bim_eighteenth-century_histoire-naturelle-eng_le-clerc-georges-louis-_1791_2,403,0.00476,junk,,,,
ia_bim_eighteenth-century_histoire-naturelle-eng_le-clerc-georges-louis-_1791_2,404,0.0002,junk,,,,
ia_bim_eighteenth-century_histoire-naturelle-eng_le-clerc-georges-louis-_1791_2,405,0.5396,non_junk,non_divine_teleology,0.00556,0.81709,0.17735
ia_bim_eighteenth-century_histoire-naturelle-eng_le-clerc-georges-louis-_1791_2,406,0.92307,non_junk,non_divine_teleology,0.01425,0.91505,0.0707
ia_bim_eighteenth-century_histoire-naturelle-eng_le-clerc-georges-louis-_1791_2,407,0.0004,junk,,,,
ia_bim_eighteenth-century_histoire-naturelle-eng_le-clerc-georges-louis-_1791_2,409,0.12795,junk,,,,
ia_bim_eighteenth-century_histoire-naturelle-eng_le-clerc-georges-louis-_1791_2,410,0.00271,junk,,,,
ia_bim_eighteenth-century_histoire-naturelle-eng_le-clerc-georges-louis-_1791_2,411,0.0004,junk,,,,
ia_bim_eighteenth-century_histoire-naturelle-eng_le-clerc-georges-louis-_1791_2,412,0.00019,junk,,,,
ia_bim_eighteenth-century_histoire-naturelle-eng_le-clerc-georges-louis-_1791_2,413,0.12795,junk,,,,
ia_bim_eighteenth-century_histoire-naturelle-eng_le-clerc-georges-louis-_1791_2,414,0.99837,non_junk,non_divine_teleology,0.01643,0.97449,0.00908
ia_bim_eighteenth-century_histoire-naturelle-eng_le-clerc-georges-louis-_1791_2,415,0.01877,junk,,,,
ia_bim_eighteenth-century_histoire-naturelle-eng_le-clerc-georges-louis-_1791_2,416,0.74216,non_junk,non_divine_teleology,0.02765,0.94879,0.02357
ia_bim_eighteenth-century_histoire-naturelle-eng_le-clerc-georges-louis-_1791_2,417,0.27282,junk,,,,
ia_bim_eighteenth-century_histoire-naturelle-eng_le-clerc-georges-louis-_1791_2,418,0.37334,junk,,,,
ia_bim_eighteenth-century_histoire-naturelle-eng_le-clerc-georges-louis-_1791_2,419,0.31508,junk,,,,
ia_bim_eighteenth-century_histoire-naturelle-eng_le-clerc-georges-louis-_1791_2,420,0.72614,non_junk,non_divine_teleology,0.00745,0.98278,0.00977
ia_bim_eighteenth-century_histoire-naturelle-eng_le-clerc-georges-louis-_1791_2,421,0.0093,junk,,,,
ia_bim_eighteenth-century_histoire-naturelle-eng_le-clerc-georges-louis-_1791_2,422,0.31508,junk,,,,
ia_bim_eighteenth-century_histoire-naturelle-eng_le-clerc-georges-louis-_1791_2,423,0.97766,non_junk,non_divine_teleology,0.00822,0.96813,0.02365
ia_bim_eighteenth-century_histoire-naturelle-eng_le-clerc-georges-louis-_1791_2,424,0.58449,non_junk,internal_essence,0.00675,0.48958,0.50367
ia_bim_eighteenth-century_histoire-naturelle-eng_le-clerc-georges-louis-_1791_2,425,0.78757,non_junk,non_divine_teleology,0.0043,0.95232,0.04338
ia_bim_eighteenth-century_histoire-naturelle-eng_le-clerc-georges-louis-_1791_2,426,0.07481,junk,,,,
ia_bim_eighteenth-century_histoire-naturelle-eng_le-clerc-georges-louis-_1791_2,427,0.00026,junk,,,,
ia_bim_eighteenth-century_histoire-naturelle-eng_le-clerc-georges-louis-_1791_2,428,0.00485,junk,,,,
ia_bim_eighteenth-century_histoire-naturelle-eng_le-clerc-georges-louis-_1791_2,429,0.0011,junk,,,,
ia_bim_eighteenth-century_histoire-naturelle-eng_le-clerc-georges-louis-_1791_2,430,0.06226,junk,,,,
ia_bim_eighteenth-century_histoire-naturelle-eng_le-clerc-georges-louis-_1791_2,431,0.00217,junk,,,,
ia_bim_eighteenth-century_histoire-naturelle-eng_le-clerc-georges-louis-_1791_2,432,0.00125,junk,,,,
ia_bim_eighteenth-century_histoire-naturelle-eng_le-clerc-georges-louis-_1791_2,433,0.99973,non_junk,non_divine_teleology,0.0026,0.9925,0.0049
ia_bim_eighteenth-century_histoire-naturelle-eng_le-clerc-georges-louis-_1791_2,434,0.9991,non_junk,non_divine_teleology,0.00185,0.99024,0.00791
ia_bim_eighteenth-century_histoire-naturelle-eng_le-clerc-georges-louis-_1791_2,435,0.00173,junk,,,,
ia_bim_eighteenth-century_histoire-naturelle-eng_le-clerc-georges-louis-_1791_2,436,0.00173,junk,,,,
ia_bim_eighteenth-century_histoire-naturelle-eng_le-clerc-georges-louis-_1791_2,437,0.99854,non_junk,non_divine_teleology,0.00612,0.99107,0.00281
ia_bim_eighteenth-century_histoire-naturelle-eng_le-clerc-georges-louis-_1791_2,438,0.86531,non_junk,non_divine_teleology,0.00804,0.98393,0.00803
ia_bim_eighteenth-century_histoire-naturelle-eng_le-clerc-georges-louis-_1791_2,439,0.47027,junk,,,,
ia_bim_eighteenth-century_histoire-naturelle-eng_le-clerc-georges-louis-_1791_2,440,0.99519,non_junk,non_divine_teleology,0.00244,0.99375,0.00381
ia_bim_eighteenth-century_histoire-naturelle-eng_le-clerc-georges-louis-_1791_2,441,0.05108,junk,,,,
ia_bim_eighteenth-century_histoire-naturelle-eng_le-clerc-georges-louis-_1791_2,442,0.99782,non_junk,non_divine_teleology,0.00444,0.99302,0.00254
ia_bim_eighteenth-century_histoire-naturelle-eng_le-clerc-georges-louis-_1791_2,443,0.19216,junk,,,,
ia_bim_eighteenth-century_histoire-naturelle-eng_le-clerc-georges-louis-_1791_2,444,0.02477,junk,,,,
ia_bim_eighteenth-century_histoire-naturelle-eng_le-clerc-georges-louis-_1791_2,445,0.19216,junk,,,,
ia_bim_eighteenth-century_histoire-naturelle-eng_le-clerc-georges-louis-_1791_2,446,0.92531,non_junk,non_divine_teleology,0.01919,0.96951,0.0113
ia_bim_eighteenth-century_histoire-naturelle-eng_le-clerc-georges-louis-_1791_2,447,0.00881,junk,,,,
ia_bim_eighteenth-century_histoire-naturelle-eng_le-clerc-georges-louis-_1791_2,448,0.83938,non_junk,non_divine_teleology,0.01941,0.97108,0.00951
ia_bim_eighteenth-century_histoire-naturelle-eng_le-clerc-georges-louis-_1791_2,449,0.001,junk,,,,
ia_bim_eighteenth-century_histoire-naturelle-eng_le-clerc-georges-louis-_1791_2,450,0.01542,junk,,,,
ia_bim_eighteenth-century_histoire-naturelle-eng_le-clerc-georges-louis-_1791_2,451,0.01823,junk,,,,
ia_bim_eighteenth-century_histoire-naturelle-eng_le-clerc-georges-louis-_1791_2,452,0.02753,junk,,,,
ia_bim_eighteenth-century_histoire-naturelle-eng_le-clerc-georges-louis-_1791_2,453,0.0007,junk,,,,
ia_bim_eighteenth-century_histoire-naturelle-eng_le-clerc-georges-louis-_1791_2,454,0.00332,junk,,,,
ia_bim_eighteenth-century_histoire-naturelle-eng_le-clerc-georges-louis-_1791_2,455,0.00477,junk,,,,
ia_bim_eighteenth-century_histoire-naturelle-eng_le-clerc-georges-louis-_1791_2,456,0.00786,junk,,,,
ia_bim_eighteenth-century_histoire-naturelle-eng_le-clerc-georges-louis-_1791_2,457,0.73487,non_junk,non_divine_teleology,0.0018,0.99139,0.00681
ia_bim_eighteenth-century_histoire-naturelle-eng_le-clerc-georges-louis-_1791_2,458,0.30549,junk,,,,
ia_bim_eighteenth-century_histoire-naturelle-eng_le-clerc-georges-louis-_1791_2,459,0.16072,junk,,,,
ia_bim_eighteenth-century_histoire-naturelle-eng_le-clerc-georges-louis-_1791_2,460,0.41244,junk,,,,
ia_bim_eighteenth-century_histoire-naturelle-eng_le-clerc-georges-louis-_1791_2,461,0.00138,junk,,,,
ia_bim_eighteenth-century_histoire-naturelle-eng_le-clerc-georges-louis-_1791_2,462,0.94774,non_junk,non_divine_teleology,0.01036,0.97012,0.01953
ia_bim_eighteenth-century_histoire-naturelle-eng_le-clerc-georges-louis-_1791_2,463,0.72141,non_junk,non_divine_teleology,0.03773,0.92411,0.03816
ia_bim_eighteenth-century_histoire-naturelle-eng_le-clerc-georges-louis-_1791_2,464,0.04965,junk,,,,
ia_bim_eighteenth-century_histoire-naturelle-eng_le-clerc-georges-louis-_1791_2,465,0.43395,junk,,,,
ia_bim_eighteenth-century_histoire-naturelle-eng_le-clerc-georges-louis-_1791_2,466,0.0987,junk,,,,
ia_bim_eighteenth-century_histoire-naturelle-eng_le-clerc-georges-louis-_1791_2,467,0.13119,junk,,,,
ia_bim_eighteenth-century_histoire-naturelle-eng_le-clerc-georges-louis-_1791_2,468,0.00258,junk,,,,
ia_bim_eighteenth-century_histoire-naturelle-eng_le-clerc-georges-louis-_1791_2,470,0.99436,non_junk,non_divine_teleology,0.00727,0.76693,0.2258
ia_bim_eighteenth-century_histoire-naturelle-eng_le-clerc-georges-louis-_1791_2,471,0.76595,non_junk,non_divine_teleology,0.00369,0.97662,0.0197
ia_bim_eighteenth-century_histoire-naturelle-eng_le-clerc-georges-louis-_1791_2,472,0.87507,non_junk,non_divine_teleology,0.00198,0.98973,0.00829
ia_bim_eighteenth-century_histoire-naturelle-eng_le-clerc-georges-louis-_1791_2,473,0.05168,junk,,,,
ia_bim_eighteenth-century_histoire-naturelle-eng_le-clerc-georges-louis-_1791_2,474,0.00133,junk,,,,
ia_bim_eighteenth-century_histoire-naturelle-eng_le-clerc-georges-louis-_1791_2,475,0.01604,junk,,,,
ia_bim_eighteenth-century_histoire-naturelle-eng_le-clerc-georges-louis-_1791_2,476,0.07466,junk,,,,
ia_bim_eighteenth-century_histoire-naturelle-eng_le-clerc-georges-louis-_1791_2,477,0.82538,non_junk,non_divine_teleology,0.01124,0.82774,0.16102
ia_bim_eighteenth-century_histoire-naturelle-eng_le-clerc-georges-louis-_1791_2,478,0.62024,non_junk,non_divine_teleology,0.00365,0.90911,0.08724
ia_bim_eighteenth-century_histoire-naturelle-eng_le-clerc-georges-louis-_1791_2,480,0.98427,non_junk,non_divine_teleology,0.00355,0.99097,0.00549
ia_bim_eighteenth-century_histoire-naturelle-eng_le-clerc-georges-louis-_1791_2,482,0.06854,junk,,,,
ia_bim_eighteenth-century_histoire-naturelle-eng_le-clerc-georges-louis-_1791_2,483,0.16534,junk,,,,
ia_bim_eighteenth-century_histoire-naturelle-eng_le-clerc-georges-louis-_1791_2,484,0.00423,junk,,,,
ia_bim_eighteenth-century_histoire-naturelle-eng_le-clerc-georges-louis-_1791_2,485,0.36264,junk,,,,
ia_bim_eighteenth-century_histoire-naturelle-eng_le-clerc-georges-louis-_1791_2,486,0.0017,junk,,,,
ia_bim_eighteenth-century_histoire-naturelle-eng_le-clerc-georges-louis-_1791_2,487,0.0574,junk,,,,
ia_bim_eighteenth-century_histoire-naturelle-eng_le-clerc-georges-louis-_1791_2,488,0.05804,junk,,,,
ia_bim_eighteenth-century_histoire-naturelle-eng_le-clerc-georges-louis-_1791_2,490,0.00126,junk,,,,
ia_bim_eighteenth-century_histoire-naturelle-eng_le-clerc-georges-louis-_1791_2,491,0.64258,non_junk,non_divine_teleology,0.00873,0.96469,0.02658
ia_bim_eighteenth-century_histoire-naturelle-eng_le-clerc-georges-louis-_1791_2,492,0.53975,non_junk,non_divine_teleology,0.00338,0.81264,0.18398
ia_bim_eighteenth-century_histoire-naturelle-eng_le-clerc-georges-louis-_1791_2,493,0.02281,junk,,,,
ia_bim_eighteenth-century_histoire-naturelle-eng_le-clerc-georges-louis-_1791_2,494,0.53975,non_junk,non_divine_teleology,0.00338,0.81264,0.18398
ia_bim_eighteenth-century_histoire-naturelle-eng_le-clerc-georges-louis-_1791_2,495,0.02281,junk,,,,
ia_bim_eighteenth-century_histoire-naturelle-eng_le-clerc-georges-louis-_1791_2,496,0.45661,junk,,,,
ia_bim_eighteenth-century_histoire-naturelle-eng_le-clerc-georges-louis-_1791_2,497,0.00282,junk,,,,
ia_bim_eighteenth-century_histoire-naturelle-eng_le-clerc-georges-louis-_1791_2,498,0.27792,junk,,,,
ia_bim_eighteenth-century_histoire-naturelle-eng_le-clerc-georges-louis-_1791_2,499,0.08062,junk,,,,
ia_bim_eighteenth-century_histoire-naturelle-eng_le-clerc-georges-louis-_1791_2,500,0.00361,junk,,,,
ia_bim_eighteenth-century_histoire-naturelle-eng_le-clerc-georges-louis-_1791_2,501,0.01145,junk,,,,
ia_bim_eighteenth-century_histoire-naturelle-eng_le-clerc-georges-louis-_1791_2,503,0.19566,junk,,,,
ia_bim_eighteenth-century_histoire-naturelle-eng_le-clerc-georges-louis-_1791_2,504,0.00421,junk,,,,
ia_bim_eighteenth-century_histoire-naturelle-eng_le-clerc-georges-louis-_1791_2,505,0.00148,junk,,,,
ia_bim_eighteenth-century_histoire-naturelle-eng_le-clerc-georges-louis-_1791_2,506,0.0001,junk,,,,
ia_bim_eighteenth-century_histoire-naturelle-eng_le-clerc-georges-louis-_1791_2,507,7e-05,junk,,,,
ia_bim_eighteenth-century_histoire-naturelle-eng_le-clerc-georges-louis-_1791_2,508,0.03007,junk,,,,
ia_bim_eighteenth-century_histoire-naturelle-eng_le-clerc-georges-louis-_1791_2,509,0.10933,junk,,,,
ia_bim_eighteenth-century_histoire-naturelle-eng_le-clerc-georges-louis-_1791_2,510,0.42458,junk,,,,
ia_bim_eighteenth-century_histoire-naturelle-eng_le-clerc-georges-louis-_1791_2,511,0.29396,junk,,,,
ia_bim_eighteenth-century_histoire-naturelle-eng_le-clerc-georges-louis-_1791_2,512,0.18319,junk,,,,
ia_bim_eighteenth-century_histoire-naturelle-eng_le-clerc-georges-louis-_1791_2,513,0.11071,junk,,,,
ia_bim_eighteenth-century_histoire-naturelle-eng_le-clerc-georges-louis-_1791_2,514,0.02651,junk,,,,
ia_bim_eighteenth-century_histoire-naturelle-eng_le-clerc-georges-louis-_1791_2,515,0.05482,junk,,,,
ia_bim_eighteenth-century_histoire-naturelle-eng_le-clerc-georges-louis-_1791_2,516,0.00251,junk,,,,
ia_bim_eighteenth-century_histoire-naturelle-eng_le-clerc-georges-louis-_1791_2,517,0.05904,junk,,,,
ia_bim_eighteenth-century_histoire-naturelle-eng_le-clerc-georges-louis-_1791_2,518,0.99947,non_junk,non_divine_teleology,0.00504,0.98914,0.00582
ia_bim_eighteenth-century_histoire-naturelle-eng_le-clerc-georges-louis-_1791_2,519,0.98972,non_junk,non_divine_teleology,0.00758,0.9794,0.01302
ia_bim_eighteenth-century_histoire-naturelle-eng_le-clerc-georges-louis-_1791_2,520,0.03182,junk,,,,
ia_bim_eighteenth-century_histoire-naturelle-eng_le-clerc-georges-louis-_1791_2,521,0.31257,junk,,,,
ia_bim_eighteenth-century_histoire-naturelle-eng_le-clerc-georges-louis-_1791_2,523,0.19214,junk,,,,
ia_bim_eighteenth-century_histoire-naturelle-eng_le-clerc-georges-louis-_1791_2,525,0.119,junk,,,,
ia_bim_eighteenth-century_histoire-naturelle-eng_le-clerc-georges-louis-_1791_2,526,0.00622,junk,,,,
ia_bim_eighteenth-century_histoire-naturelle-eng_le-clerc-georges-louis-_1791_2,527,0.00398,junk,,,,
ia_bim_eighteenth-century_histoire-naturelle-eng_le-clerc-georges-louis-_1791_2,528,0.98292,non_junk,non_divine_teleology,0.00159,0.9733,0.02511
ia_bim_eighteenth-century_histoire-naturelle-eng_le-clerc-georges-louis-_1791_2,529,0.4198,junk,,,,
ia_bim_eighteenth-century_histoire-naturelle-eng_le-clerc-georges-louis-_1791_2,530,0.0083,junk,,,,
ia_bim_eighteenth-century_histoire-naturelle-eng_le-clerc-georges-louis-_1791_2,531,0.00155,junk,,,,
ia_bim_eighteenth-century_histoire-naturelle-eng_le-clerc-georges-louis-_1791_2,532,0.00124,junk,,,,
ia_bim_eighteenth-century_histoire-naturelle-eng_le-clerc-georges-louis-_1791_2,533,6e-05,junk,,,,
ia_bim_eighteenth-century_histoire-naturelle-eng_le-clerc-georges-louis-_1791_2,534,0.00978,junk,,,,
ia_bim_eighteenth-century_histoire-naturelle-eng_le-clerc-georges-louis-_1791_2,535,6e-05,junk,,,,
ia_bim_eighteenth-century_histoire-naturelle-eng_le-clerc-georges-louis-_1791_2,536,0.03461,junk,,,,
ia_bim_eighteenth-century_histoire-naturelle-eng_le-clerc-georges-louis-_1791_2,537,0.00186,junk,,,,
ia_bim_eighteenth-century_histoire-naturelle-eng_le-clerc-georges-louis-_1791_2,538,0.00236,junk,,,,
ia_bim_eighteenth-century_histoire-naturelle-eng_le-clerc-georges-louis-_1791_2,539,0.00236,junk,,,,
ia_bim_eighteenth-century_histoire-naturelle-eng_le-clerc-georges-louis-_1791_2,540,0.2594,junk,,,,
ia_bim_eighteenth-century_histoire-naturelle-eng_le-clerc-georges-louis-_1791_2,541,0.032,junk,,,,
ia_bim_eighteenth-century_histoire-naturelle-eng_le-clerc-georges-louis-_1791_2,542,0.00176,junk,,,,
ia_bim_eighteenth-century_histoire-naturelle-eng_le-clerc-georges-louis-_1791_2,543,0.00836,junk,,,,
ia_bim_eighteenth-century_histoire-naturelle-eng_le-clerc-georges-louis-_1791_2,544,0.05056,junk,,,,
ia_bim_eighteenth-century_histoire-naturelle-eng_le-clerc-georges-louis-_1791_2,545,0.00216,junk,,,,
ia_bim_eighteenth-century_histoire-naturelle-eng_le-clerc-georges-louis-_1791_2,546,0.01285,junk,,,,
ia_bim_eighteenth-century_histoire-naturelle-eng_le-clerc-georges-louis-_1791_2,547,0.01525,junk,,,,
ia_bim_eighteenth-century_histoire-naturelle-eng_le-clerc-georges-louis-_1791_2,548,0.01124,junk,,,,
ia_bim_eighteenth-century_histoire-naturelle-eng_le-clerc-georges-louis-_1791_2,549,0.0004,junk,,,,
ia_bim_eighteenth-century_histoire-naturelle-eng_le-clerc-georges-louis-_1791_2,550,0.00142,junk,,,,
ia_bim_eighteenth-century_histoire-naturelle-eng_le-clerc-georges-louis-_1791_2,551,0.05514,junk,,,,
ia_bim_eighteenth-century_histoire-naturelle-eng_le-clerc-georges-louis-_1791_2,552,0.03043,junk,,,,
ia_bim_eighteenth-century_histoire-naturelle-eng_le-clerc-georges-louis-_1791_2,553,0.78962,non_junk,non_divine_teleology,0.04726,0.74096,0.21178
ia_bim_eighteenth-century_histoire-naturelle-eng_le-clerc-georges-louis-_1791_2,554,0.03859,junk,,,,
ia_bim_eighteenth-century_histoire-naturelle-eng_le-clerc-georges-louis-_1791_2,555,0.01062,junk,,,,
ia_bim_eighteenth-century_histoire-naturelle-eng_le-clerc-georges-louis-_1791_2,556,0.59943,non_junk,non_divine_teleology,0.03633,0.82136,0.14231
ia_bim_eighteenth-century_histoire-naturelle-eng_le-clerc-georges-louis-_1791_2,557,0.03859,junk,,,,
ia_bim_eighteenth-century_histoire-naturelle-eng_le-clerc-georges-louis-_1791_2,558,0.01062,junk,,,,
ia_bim_eighteenth-century_histoire-naturelle-eng_le-clerc-georges-louis-_1791_2,559,0.19147,junk,,,,
ia_bim_eighteenth-century_histoire-naturelle-eng_le-clerc-georges-louis-_1791_2,560,0.72593,non_junk,non_divine_teleology,0.02778,0.93067,0.04155
ia_bim_eighteenth-century_histoire-naturelle-eng_le-clerc-georges-louis-_1791_2,561,0.2603,junk,,,,
ia_bim_eighteenth-century_histoire-naturelle-eng_le-clerc-georges-louis-_1791_2,562,0.96495,non_junk,non_divine_teleology,0.01545,0.96927,0.01527
ia_bim_eighteenth-century_histoire-naturelle-eng_le-clerc-georges-louis-_1791_2,563,0.00952,junk,,,,
ia_bim_eighteenth-century_histoire-naturelle-eng_le-clerc-georges-louis-_1791_2,564,0.00218,junk,,,,
ia_bim_eighteenth-century_histoire-naturelle-eng_le-clerc-georges-louis-_1791_2,565,0.04273,junk,,,,
ia_bim_eighteenth-century_histoire-naturelle-eng_le-clerc-georges-louis-_1791_2,566,0.0052,junk,,,,
ia_bim_eighteenth-century_histoire-naturelle-eng_le-clerc-georges-louis-_1791_2,567,0.00029,junk,,,,
ia_bim_eighteenth-century_histoire-naturelle-eng_le-clerc-georges-louis-_1791_2,568,0.0002,junk,,,,
ia_bim_eighteenth-century_histoire-naturelle-eng_le-clerc-georges-louis-_1791_2,569,0.00185,junk,,,,
ia_bim_eighteenth-century_histoire-naturelle-eng_le-clerc-georges-louis-_1791_2,570,0.32967,junk,,,,
ia_bim_eighteenth-century_histoire-naturelle-eng_le-clerc-georges-louis-_1791_2,571,0.09028,junk,,,,
ia_bim_eighteenth-century_histoire-naturelle-eng_le-clerc-georges-louis-_1791_2,572,0.0016,junk,,,,
ia_bim_eighteenth-century_histoire-naturelle-eng_le-clerc-georges-louis-_1791_2,573,0.00017,junk,,,,
ia_bim_eighteenth-century_histoire-naturelle-eng_le-clerc-georges-louis-_1791_2,574,0.94322,non_junk,non_divine_teleology,0.00361,0.95349,0.0429
ia_bim_eighteenth-century_histoire-naturelle-eng_le-clerc-georges-louis-_1791_2,575,0.03632,junk,,,,
ia_bim_eighteenth-century_histoire-naturelle-eng_le-clerc-georges-louis-_1791_2,576,0.53812,non_junk,non_divine_teleology,0.0014,0.97437,0.02424
ia_bim_eighteenth-century_histoire-naturelle-eng_le-clerc-georges-louis-_1791_2,577,0.03225,junk,,,,
ia_bim_eighteenth-century_histoire-naturelle-eng_le-clerc-georges-louis-_1791_2,578,0.00095,junk,,,,
ia_bim_eighteenth-century_histoire-naturelle-eng_le-clerc-georges-louis-_1791_2,579,0.00082,junk,,,,
ia_bim_eighteenth-century_histoire-naturelle-eng_le-clerc-georges-louis-_1791_2,580,0.93807,non_junk,non_divine_teleology,0.01076,0.9678,0.02144
ia_bim_eighteenth-century_histoire-naturelle-eng_le-clerc-georges-louis-_1791_2,581,0.00029,junk,,,,
ia_bim_eighteenth-century_histoire-naturelle-eng_le-clerc-georges-louis-_1791_2,582,0.92841,non_junk,non_divine_teleology,0.01936,0.97309,0.00756
ia_bim_eighteenth-century_histoire-naturelle-eng_le-clerc-georges-louis-_1791_2,583,0.00043,junk,,,,
ia_bim_eighteenth-century_histoire-naturelle-eng_le-clerc-georges-louis-_1791_2,584,0.00029,junk,,,,
ia_bim_eighteenth-century_histoire-naturelle-eng_le-clerc-georges-louis-_1791_2,585,0.92841,non_junk,non_divine_teleology,0.01936,0.97309,0.00756
ia_bim_eighteenth-century_histoire-naturelle-eng_le-clerc-georges-louis-_1791_2,586,0.00043,junk,,,,
ia_bim_eighteenth-century_histoire-naturelle-eng_le-clerc-georges-louis-_1791_2,587,0.01913,junk,,,,
ia_bim_eighteenth-century_histoire-naturelle-eng_le-clerc-georges-louis-_1791_2,588,0.01913,junk,,,,
ia_bim_eighteenth-century_histoire-naturelle-eng_le-clerc-georges-louis-_1791_2,589,0.01802,junk,,,,
ia_bim_eighteenth-century_histoire-naturelle-eng_le-clerc-georges-louis-_1791_2,590,0.05208,junk,,,,
ia_bim_eighteenth-century_histoire-naturelle-eng_le-clerc-georges-louis-_1791_2,591,0.36652,junk,,,,
ia_bim_eighteenth-century_histoire-naturelle-eng_le-clerc-georges-louis-_1791_2,592,0.00025,junk,,,,
ia_bim_eighteenth-century_histoire-naturelle-eng_le-clerc-georges-louis-_1791_2,593,0.37186,junk,,,,
ia_bim_eighteenth-century_histoire-naturelle-eng_le-clerc-georges-louis-_1791_2,594,0.94462,non_junk,non_divine_teleology,0.00541,0.97997,0.01463
ia_bim_eighteenth-century_histoire-naturelle-eng_le-clerc-georges-louis-_1791_2,595,0.99788,non_junk,non_divine_teleology,0.00938,0.96095,0.02967
ia_bim_eighteenth-century_histoire-naturelle-eng_le-clerc-georges-louis-_1791_2,596,0.00359,junk,,,,
ia_bim_eighteenth-century_histoire-naturelle-eng_le-clerc-georges-louis-_1791_2,598,0.87672,non_junk,non_divine_teleology,0.00696,0.96554,0.0275
ia_bim_eighteenth-century_histoire-naturelle-eng_le-clerc-georges-louis-_1791_2,599,0.38446,junk,,,,
ia_bim_eighteenth-century_histoire-naturelle-eng_le-clerc-georges-louis-_1791_2,600,0.03485,junk,,,,
ia_bim_eighteenth-century_histoire-naturelle-eng_le-clerc-georges-louis-_1791_2,601,0.33031,junk,,,,
ia_bim_eighteenth-century_histoire-naturelle-eng_le-clerc-georges-louis-_1791_2,602,0.9632,non_junk,non_divine_teleology,0.0143,0.88799,0.09771
ia_bim_eighteenth-century_histoire-naturelle-eng_le-clerc-georges-louis-_1791_2,603,0.13602,junk,,,,
ia_bim_eighteenth-century_histoire-naturelle-eng_le-clerc-georges-louis-_1791_2,604,0.931,non_junk,non_divine_teleology,0.00453,0.97489,0.02058
ia_bim_eighteenth-century_histoire-naturelle-eng_le-clerc-georges-louis-_1791_2,605,0.13602,junk,,,,
ia_bim_eighteenth-century_histoire-naturelle-eng_le-clerc-georges-louis-_1791_2,606,0.19916,junk,,,,
ia_bim_eighteenth-century_histoire-naturelle-eng_le-clerc-georges-louis-_1791_2,607,0.85314,non_junk,non_divine_teleology,0.01155,0.63267,0.35578
ia_bim_eighteenth-century_histoire-naturelle-eng_le-clerc-georges-louis-_1791_2,608,0.11214,junk,,,,
ia_bim_eighteenth-century_histoire-naturelle-eng_le-clerc-georges-louis-_1791_2,609,0.99797,non_junk,non_divine_teleology,0.00209,0.99294,0.00497
ia_bim_eighteenth-century_histoire-naturelle-eng_le-clerc-georges-louis-_1791_2,610,0.04173,junk,,,,
ia_bim_eighteenth-century_histoire-naturelle-eng_le-clerc-georges-louis-_1791_2,611,0.14298,junk,,,,
ia_bim_eighteenth-century_histoire-naturelle-eng_le-clerc-georges-louis-_1791_2,613,0.00275,junk,,,,
ia_bim_eighteenth-century_histoire-naturelle-eng_le-clerc-georges-louis-_1791_2,614,0.00275,junk,,,,
ia_bim_eighteenth-century_histoire-naturelle-eng_le-clerc-georges-louis-_1791_2,616,0.0001,junk,,,,
ia_bim_eighteenth-century_histoire-naturelle-eng_le-clerc-georges-louis-_1791_2,617,0.09378,junk,,,,
ia_bim_eighteenth-century_histoire-naturelle-eng_le-clerc-georges-louis-_1791_2,618,0.00218,junk,,,,
ia_bim_eighteenth-century_histoire-naturelle-eng_le-clerc-georges-louis-_1791_2,620,0.00049,junk,,,,
ia_bim_eighteenth-century_histoire-naturelle-eng_le-clerc-georges-louis-_1791_2,621,0.25982,junk,,,,
ia_bim_eighteenth-century_histoire-naturelle-eng_le-clerc-georges-louis-_1791_2,622,0.14372,junk,,,,
ia_bim_eighteenth-century_histoire-naturelle-eng_le-clerc-georges-louis-_1791_2,623,0.99785,non_junk,non_divine_teleology,0.01338,0.94644,0.04018
ia_bim_eighteenth-century_histoire-naturelle-eng_le-clerc-georges-louis-_1791_2,624,0.01683,junk,,,,
ia_bim_eighteenth-century_histoire-naturelle-eng_le-clerc-georges-louis-_1791_2,625,0.93806,non_junk,non_divine_teleology,0.01433,0.98066,0.00501
ia_bim_eighteenth-century_histoire-naturelle-eng_le-clerc-georges-louis-_1791_2,626,0.98483,non_junk,non_divine_teleology,0.00386,0.98437,0.01177
ia_bim_eighteenth-century_histoire-naturelle-eng_le-clerc-georges-louis-_1791_2,628,0.0521,junk,,,,
ia_bim_eighteenth-century_histoire-naturelle-eng_le-clerc-georges-louis-_1791_2,629,0.95157,non_junk,non_divine_teleology,0.00387,0.98463,0.01149
ia_bim_eighteenth-century_histoire-naturelle-eng_le-clerc-georges-louis-_1791_2,630,0.44134,junk,,,,
ia_bim_eighteenth-century_histoire-naturelle-eng_le-clerc-georges-louis-_1791_2,631,0.98322,non_junk,non_divine_teleology,0.00517,0.94285,0.05198
ia_bim_eighteenth-century_histoire-naturelle-eng_le-clerc-georges-louis-_1791_2,632,0.00974,junk,,,,
ia_bim_eighteenth-century_histoire-naturelle-eng_le-clerc-georges-louis-_1791_2,633,0.15029,junk,,,,
ia_bim_eighteenth-century_histoire-naturelle-eng_le-clerc-georges-louis-_1791_2,634,0.37635,junk,,,,
ia_bim_eighteenth-century_histoire-naturelle-eng_le-clerc-georges-louis-_1791_2,635,0.97131,non_junk,non_divine_teleology,0.01471,0.97662,0.00867
ia_bim_eighteenth-century_histoire-naturelle-eng_le-clerc-georges-louis-_1791_2,636,0.14298,junk,,,,
ia_bim_eighteenth-century_histoire-naturelle-eng_le-clerc-georges-louis-_1791_2,637,0.92522,non_junk,non_divine_teleology,0.00325,0.94555,0.05121
ia_bim_eighteenth-century_histoire-naturelle-eng_le-clerc-georges-louis-_1791_2,638,0.65558,non_junk,non_divine_teleology,0.01389,0.97825,0.00786
ia_bim_eighteenth-century_histoire-naturelle-eng_le-clerc-georges-louis-_1791_2,639,0.98726,non_junk,non_divine_teleology,0.00388,0.98818,0.00794
ia_bim_eighteenth-century_histoire-naturelle-eng_le-clerc-georges-louis-_1791_2,640,0.99862,non_junk,non_divine_teleology,0.00689,0.9749,0.0182
ia_bim_eighteenth-century_histoire-naturelle-eng_le-clerc-georges-louis-_1791_2,641,0.38738,junk,,,,
ia_bim_eighteenth-century_histoire-naturelle-eng_le-clerc-georges-louis-_1791_2,642,0.99701,non_junk,non_divine_teleology,0.00907,0.95673,0.0342
ia_bim_eighteenth-century_histoire-naturelle-eng_le-clerc-georges-louis-_1791_2,643,0.01623,junk,,,,
ia_bim_eighteenth-century_histoire-naturelle-eng_le-clerc-georges-louis-_1791_2,644,0.00023,junk,,,,
ia_bim_eighteenth-century_histoire-naturelle-eng_le-clerc-georges-louis-_1791_2,645,0.00094,junk,,,,
ia_bim_eighteenth-century_histoire-naturelle-eng_le-clerc-georges-louis-_1791_2,646,2e-05,junk,,,,
ia_bim_eighteenth-century_histoire-naturelle-eng_le-clerc-georges-louis-_1791_2,647,0.00019,junk,,,,
ia_bim_eighteenth-century_histoire-naturelle-eng_le-clerc-georges-louis-_1791_2,648,0.04061,junk,,,,
ia_bim_eighteenth-century_histoire-naturelle-eng_le-clerc-georges-louis-_1791_2,649,0.0084,junk,,,,
ia_bim_eighteenth-century_histoire-naturelle-eng_le-clerc-georges-louis-_1791_2,650,0.07234,junk,,,,
ia_bim_eighteenth-century_histoire-naturelle-eng_le-clerc-georges-louis-_1791_2,651,0.00041,junk,,,,
ia_bim_eighteenth-century_histoire-naturelle-eng_le-clerc-georges-louis-_1791_2,652,0.06594,junk,,,,
ia_bim_eighteenth-century_histoire-naturelle-eng_le-clerc-georges-louis-_1791_2,653,0.0717,junk,,,,
ia_bim_eighteenth-century_histoire-naturelle-eng_le-clerc-georges-louis-_1791_2,654,0.90773,non_junk,non_divine_teleology,0.00554,0.97342,0.02104
ia_bim_eighteenth-century_histoire-naturelle-eng_le-clerc-georges-louis-_1791_2,655,0.54841,non_junk,non_divine_teleology,0.0199,0.93941,0.04069
ia_bim_eighteenth-century_histoire-naturelle-eng_le-clerc-georges-louis-_1791_2,656,0.90773,non_junk,non_divine_teleology,0.00554,0.97342,0.02104
ia_bim_eighteenth-century_histoire-naturelle-eng_le-clerc-georges-louis-_1791_2,657,0.52835,non_junk,non_divine_teleology,0.01939,0.91244,0.06817
ia_bim_eighteenth-century_histoire-naturelle-eng_le-clerc-georges-louis-_1791_2,658,0.22948,junk,,,,
ia_bim_eighteenth-century_histoire-naturelle-eng_le-clerc-georges-louis-_1791_2,659,0.00246,junk,,,,
ia_bim_eighteenth-century_histoire-naturelle-eng_le-clerc-georges-louis-_1791_2,660,0.00494,junk,,,,
ia_bim_eighteenth-century_histoire-naturelle-eng_le-clerc-georges-louis-_1791_2,661,0.07446,junk,,,,
ia_bim_eighteenth-century_histoire-naturelle-eng_le-clerc-georges-louis-_1791_2,662,0.45143,junk,,,,
ia_bim_eighteenth-century_histoire-naturelle-eng_le-clerc-georges-louis-_1791_2,663,0.00638,junk,,,,
ia_bim_eighteenth-century_histoire-naturelle-eng_le-clerc-georges-louis-_1791_2,664,0.00772,junk,,,,
ia_bim_eighteenth-century_histoire-naturelle-eng_le-clerc-georges-louis-_1791_2,665,0.96063,non_junk,non_divine_teleology,0.00306,0.91506,0.08187
ia_bim_eighteenth-century_histoire-naturelle-eng_le-clerc-georges-louis-_1791_2,666,0.0133,junk,,,,
ia_bim_eighteenth-century_histoire-naturelle-eng_le-clerc-georges-louis-_1791_2,667,0.10838,junk,,,,
ia_bim_eighteenth-century_histoire-naturelle-eng_le-clerc-georges-louis-_1791_2,668,0.02727,junk,,,,
ia_bim_eighteenth-century_histoire-naturelle-eng_le-clerc-georges-louis-_1791_2,669,0.09017,junk,,,,
ia_bim_eighteenth-century_histoire-naturelle-eng_le-clerc-georges-louis-_1791_2,670,0.02727,junk,,,,
ia_bim_eighteenth-century_histoire-naturelle-eng_le-clerc-georges-louis-_1791_2,671,0.43271,junk,,,,
ia_bim_eighteenth-century_histoire-naturelle-eng_le-clerc-georges-louis-_1791_2,672,0.82951,non_junk,non_divine_teleology,0.03327,0.81037,0.15636
ia_bim_eighteenth-century_histoire-naturelle-eng_le-clerc-georges-louis-_1791_2,673,0.43271,junk,,,,
ia_bim_eighteenth-century_histoire-naturelle-eng_le-clerc-georges-louis-_1791_2,674,0.74803,non_junk,non_divine_teleology,0.01316,0.9686,0.01824
ia_bim_eighteenth-century_histoire-naturelle-eng_le-clerc-georges-louis-_1791_2,675,0.5174,non_junk,non_divine_teleology,0.00531,0.96633,0.02836
ia_bim_eighteenth-century_histoire-naturelle-eng_le-clerc-georges-louis-_1791_2,676,0.47301,junk,,,,
ia_bim_eighteenth-century_histoire-naturelle-eng_le-clerc-georges-louis-_1791_2,677,0.00317,junk,,,,
ia_bim_eighteenth-century_histoire-naturelle-eng_le-clerc-georges-louis-_1791_2,678,0.00317,junk,,,,
ia_bim_eighteenth-century_histoire-naturelle-eng_le-clerc-georges-louis-_1791_2,679,0.3662,junk,,,,
ia_bim_eighteenth-century_histoire-naturelle-eng_le-clerc-georges-louis-_1791_2,680,0.35541,junk,,,,
ia_bim_eighteenth-century_histoire-naturelle-eng_le-clerc-georges-louis-_1791_2,681,0.83522,non_junk,non_divine_teleology,0.01085,0.97841,0.01075
ia_bim_eighteenth-century_histoire-naturelle-eng_le-clerc-georges-louis-_1791_2,682,0.00077,junk,,,,
ia_bim_eighteenth-century_histoire-naturelle-eng_le-clerc-georges-louis-_1791_2,683,0.0011,junk,,,,
ia_bim_eighteenth-century_histoire-naturelle-eng_le-clerc-georges-louis-_1791_2,684,0.00341,junk,,,,
ia_bim_eighteenth-century_histoire-naturelle-eng_le-clerc-georges-louis-_1791_2,685,0.81982,non_junk,non_divine_teleology,0.00611,0.98594,0.00795
ia_bim_eighteenth-century_histoire-naturelle-eng_le-clerc-georges-louis-_1791_2,686,0.00029,junk,,,,
ia_bim_eighteenth-century_histoire-naturelle-eng_le-clerc-georges-louis-_1791_2,687,0.27975,junk,,,,
ia_bim_eighteenth-century_histoire-naturelle-eng_le-clerc-georges-louis-_1791_2,688,0.00272,junk,,,,
ia_bim_eighteenth-century_histoire-naturelle-eng_le-clerc-georges-louis-_1791_2,689,0.0002,junk,,,,
ia_bim_eighteenth-century_histoire-naturelle-eng_le-clerc-georges-louis-_1791_2,690,0.0002,junk,,,,
ia_bim_eighteenth-century_histoire-naturelle-eng_le-clerc-georges-louis-_1791_2,692,0.60835,non_junk,non_divine_teleology,0.00973,0.98114,0.00913
ia_bim_eighteenth-century_histoire-naturelle-eng_le-clerc-georges-louis-_1791_2,693,0.00036,junk,,,,
ia_bim_eighteenth-century_histoire-naturelle-eng_le-clerc-georges-louis-_1791_2,694,0.01065,junk,,,,
ia_bim_eighteenth-century_histoire-naturelle-eng_le-clerc-georges-louis-_1791_2,696,0.00293,junk,,,,
ia_bim_eighteenth-century_histoire-naturelle-eng_le-clerc-georges-louis-_1791_2,698,0.00102,junk,,,,
ia_bim_eighteenth-century_histoire-naturelle-eng_le-clerc-georges-louis-_1791_2,699,0.92587,non_junk,non_divine_teleology,0.03169,0.89886,0.06945
ia_bim_eighteenth-century_histoire-naturelle-eng_le-clerc-georges-louis-_1791_2,701,0.99873,non_junk,non_divine_teleology,0.00411,0.96376,0.03213
ia_bim_eighteenth-century_histoire-naturelle-eng_le-clerc-georges-louis-_1791_2,702,0.99847,non_junk,non_divine_teleology,0.0098,0.8202,0.16999
ia_bim_eighteenth-century_histoire-naturelle-eng_le-clerc-georges-louis-_1791_2,703,0.13342,junk,,,,
ia_bim_eighteenth-century_histoire-naturelle-eng_le-clerc-georges-louis-_1791_2,704,0.40349,junk,,,,
ia_bim_eighteenth-century_histoire-naturelle-eng_le-clerc-georges-louis-_1791_2,705,0.05412,junk,,,,
ia_bim_eighteenth-century_histoire-naturelle-eng_le-clerc-georges-louis-_1791_2,707,0.82414,non_junk,non_divine_teleology,0.00908,0.53454,0.45638
ia_bim_eighteenth-century_histoire-naturelle-eng_le-clerc-georges-louis-_1791_2,708,0.01181,junk,,,,
ia_bim_eighteenth-century_histoire-naturelle-eng_le-clerc-georges-louis-_1791_2,709,0.00778,junk,,,,
ia_bim_eighteenth-century_histoire-naturelle-eng_le-clerc-georges-louis-_1791_2,710,0.00182,junk,,,,
ia_bim_eighteenth-century_histoire-naturelle-eng_le-clerc-georges-louis-_1791_2,711,0.90591,non_junk,non_divine_teleology,0.00181,0.99618,0.00201
ia_bim_eighteenth-century_histoire-naturelle-eng_le-clerc-georges-louis-_1791_2,712,0.81254,non_junk,non_divine_teleology,0.01686,0.95289,0.03025
ia_bim_eighteenth-century_histoire-naturelle-eng_le-clerc-georges-louis-_1791_2,713,0.2528,junk,,,,
ia_bim_eighteenth-century_histoire-naturelle-eng_le-clerc-georges-louis-_1791_2,714,0.00205,junk,,,,
ia_bim_eighteenth-century_histoire-naturelle-eng_le-clerc-georges-louis-_1791_2,715,0.15971,junk,,,,
ia_bim_eighteenth-century_histoire-naturelle-eng_le-clerc-georges-louis-_1791_2,716,0.64681,non_junk,non_divine_teleology,0.03179,0.92739,0.04082
ia_bim_eighteenth-century_histoire-naturelle-eng_le-clerc-georges-louis-_1791_2,717,0.00033,junk,,,,
ia_bim_eighteenth-century_histoire-naturelle-eng_le-clerc-georges-louis-_1791_2,718,0.09587,junk,,,,
ia_bim_eighteenth-century_histoire-naturelle-eng_le-clerc-georges-louis-_1791_2,719,0.02222,junk,,,,
ia_bim_eighteenth-century_histoire-naturelle-eng_le-clerc-georges-louis-_1791_2,720,0.03245,junk,,,,
ia_bim_eighteenth-century_histoire-naturelle-eng_le-clerc-georges-louis-_1791_2,721,0.03045,junk,,,,
ia_bim_eighteenth-century_histoire-naturelle-eng_le-clerc-georges-louis-_1791_2,723,0.06958,junk,,,,
ia_bim_eighteenth-century_histoire-naturelle-eng_le-clerc-georges-louis-_1791_2,724,0.00157,junk,,,,
ia_bim_eighteenth-century_histoire-naturelle-eng_le-clerc-georges-louis-_1791_2,725,0.00789,junk,,,,
ia_bim_eighteenth-century_histoire-naturelle-eng_le-clerc-georges-louis-_1791_2,726,0.62134,non_junk,internal_essence,0.00229,0.09054,0.90717
ia_bim_eighteenth-century_histoire-naturelle-eng_le-clerc-georges-louis-_1791_2,727,0.02148,junk,,,,
ia_bim_eighteenth-century_histoire-naturelle-eng_le-clerc-georges-louis-_1791_2,728,0.00018,junk,,,,
ia_bim_eighteenth-century_histoire-naturelle-eng_le-clerc-georges-louis-_1791_2,729,0.05718,junk,,,,
ia_bim_eighteenth-century_histoire-naturelle-eng_le-clerc-georges-louis-_1791_2,730,0.85409,non_junk,non_divine_teleology,0.01175,0.92003,0.06822
ia_bim_eighteenth-century_histoire-naturelle-eng_le-clerc-georges-louis-_1791_2,731,0.94828,non_junk,non_divine_teleology,0.01713,0.8504,0.13248
ia_bim_eighteenth-century_histoire-naturelle-eng_le-clerc-georges-louis-_1791_2,732,0.00168,junk,,,,
ia_bim_eighteenth-century_histoire-naturelle-eng_le-clerc-georges-louis-_1791_2,733,0.11225,junk,,,,
ia_bim_eighteenth-century_histoire-naturelle-eng_le-clerc-georges-louis-_1791_2,734,0.70079,non_junk,non_divine_teleology,0.03798,0.6789,0.28312
ia_bim_eighteenth-century_histoire-naturelle-eng_le-clerc-georges-louis-_1791_2,735,0.34552,junk,,,,
ia_bim_eighteenth-century_histoire-naturelle-eng_le-clerc-georges-louis-_1791_2,736,0.79957,non_junk,non_divine_teleology,0.00855,0.88335,0.1081
ia_bim_eighteenth-century_histoire-naturelle-eng_le-clerc-georges-louis-_1791_2,737,0.13739,junk,,,,
ia_bim_eighteenth-century_histoire-naturelle-eng_le-clerc-georges-louis-_1791_2,738,0.00251,junk,,,,
ia_bim_eighteenth-century_histoire-naturelle-eng_le-clerc-georges-louis-_1791_2,739,0.03928,junk,,,,
ia_bim_eighteenth-century_histoire-naturelle-eng_le-clerc-georges-louis-_1791_2,740,0.8975,non_junk,internal_essence,0.00933,0.10152,0.88915
ia_bim_eighteenth-century_histoire-naturelle-eng_le-clerc-georges-louis-_1791_2,742,0.08216,junk,,,,
ia_bim_eighteenth-century_histoire-naturelle-eng_le-clerc-georges-louis-_1791_2,743,0.00017,junk,,,,
ia_bim_eighteenth-century_histoire-naturelle-eng_le-clerc-georges-louis-_1791_2,744,0.62513,non_junk,non_divine_teleology,0.02619,0.94142,0.03239
ia_bim_eighteenth-century_histoire-naturelle-eng_le-clerc-georges-louis-_1791_2,745,0.95206,non_junk,non_divine_teleology,0.01208,0.95308,0.03484
ia_bim_eighteenth-century_histoire-naturelle-eng_le-clerc-georges-louis-_1791_2,746,0.18378,junk,,,,
ia_bim_eighteenth-century_histoire-naturelle-eng_le-clerc-georges-louis-_1791_2,747,0.00035,junk,,,,
ia_bim_eighteenth-century_histoire-naturelle-eng_le-clerc-georges-louis-_1791_2,748,0.00013,junk,,,,
ia_bim_eighteenth-century_histoire-naturelle-eng_le-clerc-georges-louis-_1791_2,749,0.00013,junk,,,,
ia_bim_eighteenth-century_histoire-naturelle-eng_le-clerc-georges-louis-_1791_2,750,0.01153,junk,,,,
ia_bim_eighteenth-century_histoire-naturelle-eng_le-clerc-georges-louis-_1791_2,751,0.02192,junk,,,,
ia_bim_eighteenth-century_histoire-naturelle-eng_le-clerc-georges-louis-_1791_2,752,0.77847,non_junk,non_divine_teleology,0.02595,0.92904,0.04501
ia_bim_eighteenth-century_histoire-naturelle-eng_le-clerc-georges-louis-_1791_2,753,0.00468,junk,,,,
ia_bim_eighteenth-century_histoire-naturelle-eng_le-clerc-georges-louis-_1791_2,754,0.02149,junk,,,,
ia_bim_eighteenth-century_histoire-naturelle-eng_le-clerc-georges-louis-_1791_2,755,0.02192,junk,,,,
ia_bim_eighteenth-century_histoire-naturelle-eng_le-clerc-georges-louis-_1791_2,756,0.77847,non_junk,non_divine_teleology,0.02595,0.92904,0.04501
ia_bim_eighteenth-century_histoire-naturelle-eng_le-clerc-georges-louis-_1791_2,757,0.00468,junk,,,,
ia_bim_eighteenth-century_histoire-naturelle-eng_le-clerc-georges-louis-_1791_2,758,0.02149,junk,,,,
ia_bim_eighteenth-century_histoire-naturelle-eng_le-clerc-georges-louis-_1791_2,759,0.24805,junk,,,,
ia_bim_eighteenth-century_histoire-naturelle-eng_le-clerc-georges-louis-_1791_2,760,0.03323,junk,,,,
ia_bim_eighteenth-century_histoire-naturelle-eng_le-clerc-georges-louis-_1791_2,761,0.57904,non_junk,non_divine_teleology,0.02795,0.95013,0.02192
ia_bim_eighteenth-century_histoire-naturelle-eng_le-clerc-georges-louis-_1791_2,763,0.01043,junk,,,,
ia_bim_eighteenth-century_histoire-naturelle-eng_le-clerc-georges-louis-_1791_2,764,0.37666,junk,,,,
ia_bim_eighteenth-century_histoire-naturelle-eng_le-clerc-georges-louis-_1791_2,765,0.9891,non_junk,internal_essence,0.0003,0.01619,0.98351
ia_bim_eighteenth-century_histoire-naturelle-eng_le-clerc-georges-louis-_1791_2,766,0.00022,junk,,,,
ia_bim_eighteenth-century_histoire-naturelle-eng_le-clerc-georges-louis-_1791_2,767,0.99461,non_junk,non_divine_teleology,0.03775,0.81434,0.1479
ia_bim_eighteenth-century_histoire-naturelle-eng_le-clerc-georges-louis-_1791_2,769,0.10501,junk,,,,
ia_bim_eighteenth-century_histoire-naturelle-eng_le-clerc-georges-louis-_1791_2,770,0.28925,junk,,,,
ia_bim_eighteenth-century_histoire-naturelle-eng_le-clerc-georges-louis-_1791_2,771,0.00103,junk,,,,
ia_bim_eighteenth-century_histoire-naturelle-eng_le-clerc-georges-louis-_1791_2,772,0.00369,junk,,,,
ia_bim_eighteenth-century_histoire-naturelle-eng_le-clerc-georges-louis-_1791_2,773,0.0002,junk,,,,
ia_bim_eighteenth-century_histoire-naturelle-eng_le-clerc-georges-louis-_1791_2,774,0.01886,junk,,,,
ia_bim_eighteenth-century_histoire-naturelle-eng_le-clerc-georges-louis-_1791_2,775,0.00308,junk,,,,
ia_bim_eighteenth-century_histoire-naturelle-eng_le-clerc-georges-louis-_1791_2,776,0.00217,junk,,,,
ia_bim_eighteenth-century_histoire-naturelle-eng_le-clerc-georges-louis-_1791_2,777,0.00308,junk,,,,
ia_bim_eighteenth-century_histoire-naturelle-eng_le-clerc-georges-louis-_1791_2,778,0.00168,junk,,,,
ia_bim_eighteenth-century_histoire-naturelle-eng_le-clerc-georges-louis-_1791_2,779,0.94678,non_junk,non_divine_teleology,0.02174,0.90246,0.0758
ia_bim_eighteenth-century_histoire-naturelle-eng_le-clerc-georges-louis-_1791_2,781,0.05311,junk,,,,
ia_bim_eighteenth-century_histoire-naturelle-eng_le-clerc-georges-louis-_1791_2,782,0.00105,junk,,,,
ia_bim_eighteenth-century_histoire-naturelle-eng_le-clerc-georges-louis-_1791_2,783,0.00437,junk,,,,
ia_bim_eighteenth-century_histoire-naturelle-eng_le-clerc-georges-louis-_1791_2,784,0.0026,junk,,,,
ia_bim_eighteenth-century_histoire-naturelle-eng_le-clerc-georges-louis-_1791_2,785,0.00064,junk,,,,
ia_bim_eighteenth-century_histoire-naturelle-eng_le-clerc-georges-louis-_1791_2,786,0.14707,junk,,,,
ia_bim_eighteenth-century_histoire-naturelle-eng_le-clerc-georges-louis-_1791_2,787,0.18334,junk,,,,
ia_bim_eighteenth-century_histoire-naturelle-eng_le-clerc-georges-louis-_1791_2,788,0.00108,junk,,,,
ia_bim_eighteenth-century_histoire-naturelle-eng_le-clerc-georges-louis-_1791_2,789,0.98718,non_junk,non_divine_teleology,0.00432,0.95017,0.04551
ia_bim_eighteenth-century_histoire-naturelle-eng_le-clerc-georges-louis-_1791_2,790,0.24108,junk,,,,
ia_bim_eighteenth-century_histoire-naturelle-eng_le-clerc-georges-louis-_1791_2,791,0.00037,junk,,,,
ia_bim_eighteenth-century_histoire-naturelle-eng_le-clerc-georges-louis-_1791_2,792,0.04609,junk,,,,
ia_bim_eighteenth-century_histoire-naturelle-eng_le-clerc-georges-louis-_1791_2,793,0.00073,junk,,,,
ia_bim_eighteenth-century_histoire-naturelle-eng_le-clerc-georges-louis-_1791_2,794,0.01017,junk,,,,
ia_bim_eighteenth-century_histoire-naturelle-eng_le-clerc-georges-louis-_1791_2,795,0.10966,junk,,,,
ia_bim_eighteenth-century_histoire-naturelle-eng_le-clerc-georges-louis-_1791_2,796,0.47011,junk,,,,
ia_bim_eighteenth-century_histoire-naturelle-eng_le-clerc-georges-louis-_1791_2,798,0.00465,junk,,,,
ia_bim_eighteenth-century_histoire-naturelle-eng_le-clerc-georges-louis-_1791_2,799,0.00231,junk,,,,
ia_bim_eighteenth-century_histoire-naturelle-eng_le-clerc-georges-louis-_1791_2,800,0.02821,junk,,,,
ia_bim_eighteenth-century_histoire-naturelle-eng_le-clerc-georges-louis-_1791_2,801,0.00166,junk,,,,
ia_bim_eighteenth-century_histoire-naturelle-eng_le-clerc-georges-louis-_1791_2,802,0.00312,junk,,,,
ia_bim_eighteenth-century_histoire-naturelle-eng_le-clerc-georges-louis-_1791_2,803,0.03747,junk,,,,
ia_bim_eighteenth-century_histoire-naturelle-eng_le-clerc-georges-louis-_1791_2,804,0.04646,junk,,,,
ia_bim_eighteenth-century_histoire-naturelle-eng_le-clerc-georges-louis-_1791_2,805,0.01331,junk,,,,
ia_bim_eighteenth-century_histoire-naturelle-eng_le-clerc-georges-louis-_1791_2,806,0.08548,junk,,,,
ia_bim_eighteenth-century_histoire-naturelle-eng_le-clerc-georges-louis-_1791_2,807,0.00069,junk,,,,
ia_bim_eighteenth-century_histoire-naturelle-eng_le-clerc-georges-louis-_1791_2,808,0.99886,non_junk,non_divine_teleology,0.00717,0.99022,0.00261
ia_bim_eighteenth-century_histoire-naturelle-eng_le-clerc-georges-louis-_1791_2,809,0.11436,junk,,,,
ia_bim_eighteenth-century_histoire-naturelle-eng_le-clerc-georges-louis-_1791_2,810,0.0052,junk,,,,
ia_bim_eighteenth-century_histoire-naturelle-eng_le-clerc-georges-louis-_1791_2,811,0.04423,junk,,,,
ia_bim_eighteenth-century_histoire-naturelle-eng_le-clerc-georges-louis-_1791_2,812,0.00238,junk,,,,
ia_bim_eighteenth-century_histoire-naturelle-eng_le-clerc-georges-louis-_1791_2,813,0.01228,junk,,,,
ia_bim_eighteenth-century_histoire-naturelle-eng_le-clerc-georges-louis-_1791_2,814,0.00543,junk,,,,
ia_bim_eighteenth-century_histoire-naturelle-eng_le-clerc-georges-louis-_1791_2,815,0.18816,junk,,,,
ia_bim_eighteenth-century_histoire-naturelle-eng_le-clerc-georges-louis-_1791_2,816,0.0021,junk,,,,
ia_bim_eighteenth-century_histoire-naturelle-eng_le-clerc-georges-louis-_1791_2,817,0.90985,non_junk,non_divine_teleology,0.00904,0.89878,0.09218
ia_bim_eighteenth-century_histoire-naturelle-eng_le-clerc-georges-louis-_1791_2,818,0.00855,junk,,,,
ia_bim_eighteenth-century_histoire-naturelle-eng_le-clerc-georges-louis-_1791_2,819,0.67392,non_junk,non_divine_teleology,0.01981,0.80592,0.17427
ia_bim_eighteenth-century_histoire-naturelle-eng_le-clerc-georges-louis-_1791_2,820,0.99431,non_junk,non_divine_teleology,0.0123,0.83205,0.15566
ia_bim_eighteenth-century_histoire-naturelle-eng_le-clerc-georges-louis-_1791_2,821,0.00277,junk,,,,
ia_bim_eighteenth-century_histoire-naturelle-eng_le-clerc-georges-louis-_1791_2,822,0.99932,non_junk,internal_essence,0.01509,0.3199,0.66501
ia_bim_eighteenth-century_histoire-naturelle-eng_le-clerc-georges-louis-_1791_2,823,0.03641,junk,,,,
ia_bim_eighteenth-century_histoire-naturelle-eng_le-clerc-georges-louis-_1791_2,824,0.1058,junk,,,,
ia_bim_eighteenth-century_histoire-naturelle-eng_le-clerc-georges-louis-_1791_2,825,0.41147,junk,,,,
ia_bim_eighteenth-century_histoire-naturelle-eng_le-clerc-georges-louis-_1791_2,826,0.12194,junk,,,,
ia_bim_eighteenth-century_histoire-naturelle-eng_le-clerc-georges-louis-_1791_2,827,0.84976,non_junk,non_divine_teleology,0.00391,0.87449,0.1216
ia_bim_eighteenth-century_histoire-naturelle-eng_le-clerc-georges-louis-_1791_2,828,0.64581,non_junk,internal_essence,0.00224,0.3668,0.63097
ia_bim_eighteenth-century_histoire-naturelle-eng_le-clerc-georges-louis-_1791_2,829,0.80538,non_junk,non_divine_teleology,0.00428,0.56766,0.42806
ia_bim_eighteenth-century_histoire-naturelle-eng_le-clerc-georges-louis-_1791_2,830,0.8669,non_junk,internal_essence,0.00081,0.08141,0.91777
ia_bim_eighteenth-century_histoire-naturelle-eng_le-clerc-georges-louis-_1791_2,831,0.11043,junk,,,,
ia_bim_eighteenth-century_histoire-naturelle-eng_le-clerc-georges-louis-_1791_2,832,0.59798,non_junk,internal_essence,0.00272,0.42882,0.56846
ia_bim_eighteenth-century_histoire-naturelle-eng_le-clerc-georges-louis-_1791_2,833,0.18464,junk,,,,
ia_bim_eighteenth-century_histoire-naturelle-eng_le-clerc-georges-louis-_1791_2,834,0.12397,junk,,,,
ia_bim_eighteenth-century_histoire-naturelle-eng_le-clerc-georges-louis-_1791_2,835,0.6605,non_junk,internal_essence,0.00284,0.13523,0.86193
ia_bim_eighteenth-century_histoire-naturelle-eng_le-clerc-georges-louis-_1791_2,836,0.72705,non_junk,internal_essence,0.00291,0.20265,0.79444
ia_bim_eighteenth-century_histoire-naturelle-eng_le-clerc-georges-louis-_1791_2,837,0.03291,junk,,,,
ia_bim_eighteenth-century_histoire-naturelle-eng_le-clerc-georges-louis-_1791_2,838,0.22494,junk,,,,
ia_bim_eighteenth-century_histoire-naturelle-eng_le-clerc-georges-louis-_1791_2,839,0.19491,junk,,,,
ia_bim_eighteenth-century_histoire-naturelle-eng_le-clerc-georges-louis-_1791_2,840,0.32062,junk,,,,
ia_bim_eighteenth-century_histoire-naturelle-eng_le-clerc-georges-louis-_1791_2,841,0.39783,junk,,,,
ia_bim_eighteenth-century_histoire-naturelle-eng_le-clerc-georges-louis-_1791_2,842,0.09312,junk,,,,
ia_bim_eighteenth-century_histoire-naturelle-eng_le-clerc-georges-louis-_1791_2,843,0.10573,junk,,,,
ia_bim_eighteenth-century_histoire-naturelle-eng_le-clerc-georges-louis-_1791_2,844,0.24908,junk,,,,
ia_bim_eighteenth-century_histoire-naturelle-eng_le-clerc-georges-louis-_1791_2,845,0.6721,non_junk,internal_essence,0.00141,0.05902,0.93956
ia_bim_eighteenth-century_histoire-naturelle-eng_le-clerc-georges-louis-_1791_2,846,0.48024,junk,,,,
ia_bim_eighteenth-century_histoire-naturelle-eng_le-clerc-georges-louis-_1791_2,847,0.31199,junk,,,,
ia_bim_eighteenth-century_histoire-naturelle-eng_le-clerc-georges-louis-_1791_2,848,0.44753,junk,,,,
ia_bim_eighteenth-century_histoire-naturelle-eng_le-clerc-georges-louis-_1791_2,849,0.63394,non_junk,internal_essence,0.00474,0.09132,0.90394
ia_bim_eighteenth-century_histoire-naturelle-eng_le-clerc-georges-louis-_1791_2,850,0.23067,junk,,,,
ia_bim_eighteenth-century_histoire-naturelle-eng_le-clerc-georges-louis-_1791_2,851,0.2303,junk,,,,
ia_bim_eighteenth-century_histoire-naturelle-eng_le-clerc-georges-louis-_1791_2,852,0.77397,non_junk,internal_essence,0.00266,0.24315,0.75419
ia_bim_eighteenth-century_histoire-naturelle-eng_le-clerc-georges-louis-_1791_2,853,0.07988,junk,,,,
ia_bim_eighteenth-century_histoire-naturelle-eng_le-clerc-georges-louis-_1791_2,854,0.10793,junk,,,,
ia_bim_eighteenth-century_histoire-naturelle-eng_le-clerc-georges-louis-_1791_2,855,0.66991,non_junk,internal_essence,0.0018,0.04716,0.95104
ia_bim_eighteenth-century_histoire-naturelle-eng_le-clerc-georges-louis-_1791_2,856,0.1979,junk,,,,
ia_bim_eighteenth-century_histoire-naturelle-eng_le-clerc-georges-louis-_1791_2,857,0.04131,junk,,,,
ia_bim_eighteenth-century_histoire-naturelle-eng_le-clerc-georges-louis-_1791_2,858,0.04131,junk,,,,
ia_bim_eighteenth-century_histoire-naturelle-eng_le-clerc-georges-louis-_1791_2,859,0.54991,non_junk,internal_essence,0.00231,0.06112,0.93656
ia_bim_eighteenth-century_histoire-naturelle-eng_le-clerc-georges-louis-_1791_2,860,0.61129,non_junk,internal_essence,0.00161,0.08799,0.9104
ia_bim_eighteenth-century_histoire-naturelle-eng_le-clerc-georges-louis-_1791_2,861,0.37343,junk,,,,
ia_bim_eighteenth-century_histoire-naturelle-eng_le-clerc-georges-louis-_1791_2,862,0.38049,junk,,,,
ia_bim_eighteenth-century_histoire-naturelle-eng_le-clerc-georges-louis-_1791_2,863,0.12101,junk,,,,
ia_bim_eighteenth-century_histoire-naturelle-eng_le-clerc-georges-louis-_1791_2,864,0.27857,junk,,,,
ia_bim_eighteenth-century_histoire-naturelle-eng_le-clerc-georges-louis-_1791_2,865,0.01535,junk,,,,
ia_bim_eighteenth-century_histoire-naturelle-eng_le-clerc-georges-louis-_1791_2,866,0.18421,junk,,,,
ia_bim_eighteenth-century_histoire-naturelle-eng_le-clerc-georges-louis-_1791_2,867,0.26626,junk,,,,
ia_bim_eighteenth-century_histoire-naturelle-eng_le-clerc-georges-louis-_1791_2,868,0.75296,non_junk,internal_essence,0.00051,0.02526,0.97423
ia_bim_eighteenth-century_histoire-naturelle-eng_le-clerc-georges-louis-_1791_2,869,0.96347,non_junk,internal_essence,0.0123,0.13911,0.84859
ia_bim_eighteenth-century_histoire-naturelle-eng_le-clerc-georges-louis-_1791_2,870,0.01983,junk,,,,
ia_bim_eighteenth-century_histoire-naturelle-eng_le-clerc-georges-louis-_1791_2,871,0.98846,non_junk,non_divine_teleology,0.00611,0.92839,0.0655
ia_bim_eighteenth-century_histoire-naturelle-eng_le-clerc-georges-louis-_1791_2,872,0.9914,non_junk,non_divine_teleology,0.0175,0.86013,0.12238
ia_bim_eighteenth-century_histoire-naturelle-eng_le-clerc-georges-louis-_1791_2,873,0.00157,junk,,,,
ia_bim_eighteenth-century_histoire-naturelle-eng_le-clerc-georges-louis-_1791_2,874,0.02298,junk,,,,
ia_bim_eighteenth-century_histoire-naturelle-eng_le-clerc-georges-louis-_1791_2,875,0.20772,junk,,,,
ia_bim_eighteenth-century_histoire-naturelle-eng_le-clerc-georges-louis-_1791_2,876,0.00045,junk,,,,
ia_bim_eighteenth-century_histoire-naturelle-eng_le-clerc-georges-louis-_1791_2,877,0.00031,junk,,,,
ia_bim_eighteenth-century_histoire-naturelle-eng_le-clerc-georges-louis-_1791_2,878,0.03622,junk,,,,
ia_bim_eighteenth-century_histoire-naturelle-eng_le-clerc-georges-louis-_1791_2,879,0.00342,junk,,,,
ia_bim_eighteenth-century_histoire-naturelle-eng_le-clerc-georges-louis-_1791_2,880,0.15639,junk,,,,
ia_bim_eighteenth-century_histoire-naturelle-eng_le-clerc-georges-louis-_1791_2,881,0.00342,junk,,,,
ia_bim_eighteenth-century_histoire-naturelle-eng_le-clerc-georges-louis-_1791_2,882,0.00078,junk,,,,
ia_bim_eighteenth-century_histoire-naturelle-eng_le-clerc-georges-louis-_1791_2,883,0.00175,junk,,,,
ia_bim_eighteenth-century_histoire-naturelle-eng_le-clerc-georges-louis-_1791_2,884,0.00054,junk,,,,
ia_bim_eighteenth-century_histoire-naturelle-eng_le-clerc-georges-louis-_1791_2,885,0.02046,junk,,,,
ia_bim_eighteenth-century_histoire-naturelle-eng_le-clerc-georges-louis-_1791_2,886,0.71742,non_junk,non_divine_teleology,0.01439,0.97476,0.01085
ia_bim_eighteenth-century_histoire-naturelle-eng_le-clerc-georges-louis-_1791_2,887,0.01215,junk,,,,
ia_bim_eighteenth-century_histoire-naturelle-eng_le-clerc-georges-louis-_1791_2,888,0.07673,junk,,,,
ia_bim_eighteenth-century_histoire-naturelle-eng_le-clerc-georges-louis-_1791_2,889,0.0084,junk,,,,
ia_bim_eighteenth-century_histoire-naturelle-eng_le-clerc-georges-louis-_1791_2,890,0.0037,junk,,,,
ia_bim_eighteenth-century_histoire-naturelle-eng_le-clerc-georges-louis-_1791_2,891,0.00061,junk,,,,
ia_bim_eighteenth-century_histoire-naturelle-eng_le-clerc-georges-louis-_1791_2,892,0.1507,junk,,,,
ia_bim_eighteenth-century_histoire-naturelle-eng_le-clerc-georges-louis-_1791_2,893,0.00025,junk,,,,
ia_bim_eighteenth-century_histoire-naturelle-eng_le-clerc-georges-louis-_1791_2,894,0.79054,non_junk,non_divine_teleology,0.01285,0.9796,0.00755
ia_bim_eighteenth-century_histoire-naturelle-eng_le-clerc-georges-louis-_1791_2,895,0.36133,junk,,,,
ia_bim_eighteenth-century_histoire-naturelle-eng_le-clerc-georges-louis-_1791_2,896,0.00025,junk,,,,
ia_bim_eighteenth-century_histoire-naturelle-eng_le-clerc-georges-louis-_1791_2,897,0.79054,non_junk,non_divine_teleology,0.01285,0.9796,0.00755
ia_bim_eighteenth-century_histoire-naturelle-eng_le-clerc-georges-louis-_1791_2,898,0.53485,non_junk,non_divine_teleology,0.00258,0.73961,0.25781
ia_bim_eighteenth-century_histoire-naturelle-eng_le-clerc-georges-louis-_1791_2,899,0.74796,non_junk,non_divine_teleology,0.01475,0.97023,0.01502
ia_bim_eighteenth-century_histoire-naturelle-eng_le-clerc-georges-louis-_1791_2,901,0.00822,junk,,,,
ia_bim_eighteenth-century_histoire-naturelle-eng_le-clerc-georges-louis-_1791_2,902,0.03341,junk,,,,
ia_bim_eighteenth-century_histoire-naturelle-eng_le-clerc-georges-louis-_1791_2,903,0.05771,junk,,,,
ia_bim_eighteenth-century_histoire-naturelle-eng_le-clerc-georges-louis-_1791_2,904,0.00506,junk,,,,
ia_bim_eighteenth-century_histoire-naturelle-eng_le-clerc-georges-louis-_1791_2,905,0.30169,junk,,,,
ia_bim_eighteenth-century_histoire-naturelle-eng_le-clerc-georges-louis-_1791_2,906,0.00672,junk,,,,
ia_bim_eighteenth-century_histoire-naturelle-eng_le-clerc-georges-louis-_1791_2,907,0.00011,junk,,,,
ia_bim_eighteenth-century_histoire-naturelle-eng_le-clerc-georges-louis-_1791_2,908,0.00027,junk,,,,
ia_bim_eighteenth-century_histoire-naturelle-eng_le-clerc-georges-louis-_1791_2,909,0.10751,junk,,,,
ia_bim_eighteenth-century_histoire-naturelle-eng_le-clerc-georges-louis-_1791_2,910,0.00269,junk,,,,
ia_bim_eighteenth-century_histoire-naturelle-eng_le-clerc-georges-louis-_1791_2,911,0.11561,junk,,,,
ia_bim_eighteenth-century_histoire-naturelle-eng_le-clerc-georges-louis-_1791_2,912,0.99929,non_junk,non_divine_teleology,0.01944,0.83888,0.14168
ia_bim_eighteenth-century_histoire-naturelle-eng_le-clerc-georges-louis-_1791_2,913,0.85275,non_junk,non_divine_teleology,0.00745,0.955,0.03755
ia_bim_eighteenth-century_histoire-naturelle-eng_le-clerc-georges-louis-_1791_2,914,0.56741,non_junk,non_divine_teleology,0.03728,0.81773,0.14499
ia_bim_eighteenth-century_histoire-naturelle-eng_le-clerc-georges-louis-_1791_2,915,0.8528,non_junk,non_divine_teleology,0.01144,0.5755,0.41306
ia_bim_eighteenth-century_histoire-naturelle-eng_le-clerc-georges-louis-_1791_2,916,0.99976,non_junk,non_divine_teleology,0.01008,0.97998,0.00994
ia_bim_eighteenth-century_histoire-naturelle-eng_le-clerc-georges-louis-_1791_2,917,0.94707,non_junk,non_divine_teleology,0.0137,0.77925,0.20705
ia_bim_eighteenth-century_histoire-naturelle-eng_le-clerc-georges-louis-_1791_2,918,0.8528,non_junk,non_divine_teleology,0.01144,0.5755,0.41306
ia_bim_eighteenth-century_histoire-naturelle-eng_le-clerc-georges-louis-_1791_2,919,0.99976,non_junk,non_divine_teleology,0.01008,0.97998,0.00994
ia_bim_eighteenth-century_histoire-naturelle-eng_le-clerc-georges-louis-_1791_2,920,0.99739,non_junk,non_divine_teleology,0.00825,0.92798,0.06376
ia_bim_eighteenth-century_histoire-naturelle-eng_le-clerc-georges-louis-_1791_2,921,0.99808,non_junk,non_divine_teleology,0.00598,0.9805,0.01352
ia_bim_eighteenth-century_histoire-naturelle-eng_le-clerc-georges-louis-_1791_2,923,0.99808,non_junk,non_divine_teleology,0.00598,0.9805,0.01352
ia_bim_eighteenth-century_histoire-naturelle-eng_le-clerc-georges-louis-_1791_2,924,0.9788,non_junk,non_divine_teleology,0.01785,0.97082,0.01133
ia_bim_eighteenth-century_histoire-naturelle-eng_le-clerc-georges-louis-_1791_2,925,0.00052,junk,,,,
ia_bim_eighteenth-century_histoire-naturelle-eng_le-clerc-georges-louis-_1791_2,926,0.00381,junk,,,,
ia_bim_eighteenth-century_histoire-naturelle-eng_le-clerc-georges-louis-_1791_2,927,0.00052,junk,,,,
ia_bim_eighteenth-century_histoire-naturelle-eng_le-clerc-georges-louis-_1791_2,928,0.0558,junk,,,,
ia_bim_eighteenth-century_histoire-naturelle-eng_le-clerc-georges-louis-_1791_2,929,0.68598,non_junk,non_divine_teleology,0.01015,0.94466,0.0452
ia_bim_eighteenth-century_histoire-naturelle-eng_le-clerc-georges-louis-_1791_2,930,0.0179,junk,,,,
ia_bim_eighteenth-century_histoire-naturelle-eng_le-clerc-georges-louis-_1791_2,931,0.00113,junk,,,,
ia_bim_eighteenth-century_histoire-naturelle-eng_le-clerc-georges-louis-_1791_2,932,0.68598,non_junk,non_divine_teleology,0.01015,0.94466,0.0452
ia_bim_eighteenth-century_histoire-naturelle-eng_le-clerc-georges-louis-_1791_2,934,0.04657,junk,,,,
ia_bim_eighteenth-century_histoire-naturelle-eng_le-clerc-georges-louis-_1791_2,935,0.00678,junk,,,,
ia_bim_eighteenth-century_histoire-naturelle-eng_le-clerc-georges-louis-_1791_2,936,0.00106,junk,,,,
ia_bim_eighteenth-century_histoire-naturelle-eng_le-clerc-georges-louis-_1791_2,937,0.86394,non_junk,non_divine_teleology,0.00704,0.90133,0.09163
ia_bim_eighteenth-century_histoire-naturelle-eng_le-clerc-georges-louis-_1791_2,938,0.00027,junk,,,,
ia_bim_eighteenth-century_histoire-naturelle-eng_le-clerc-georges-louis-_1791_2,939,0.02659,junk,,,,
ia_bim_eighteenth-century_histoire-naturelle-eng_le-clerc-georges-louis-_1791_2,940,0.00809,junk,,,,
ia_bim_eighteenth-century_histoire-naturelle-eng_le-clerc-georges-louis-_1791_2,941,0.96174,non_junk,non_divine_teleology,0.00891,0.9842,0.00689
ia_bim_eighteenth-century_histoire-naturelle-eng_le-clerc-georges-louis-_1791_2,942,0.00027,junk,,,,
ia_bim_eighteenth-century_histoire-naturelle-eng_le-clerc-georges-louis-_1791_2,943,0.02659,junk,,,,
ia_bim_eighteenth-century_histoire-naturelle-eng_le-clerc-georges-louis-_1791_2,944,0.00809,junk,,,,
ia_bim_eighteenth-century_histoire-naturelle-eng_le-clerc-georges-louis-_1791_2,945,0.96174,non_junk,non_divine_teleology,0.00891,0.9842,0.00689
ia_bim_eighteenth-century_histoire-naturelle-eng_le-clerc-georges-louis-_1791_2,946,0.015,junk,,,,
ia_bim_eighteenth-century_histoire-naturelle-eng_le-clerc-georges-louis-_1791_2,947,0.015,junk,,,,
ia_bim_eighteenth-century_histoire-naturelle-eng_le-clerc-georges-louis-_1791_2,948,0.0416,junk,,,,
ia_bim_eighteenth-century_histoire-naturelle-eng_le-clerc-georges-louis-_1791_2,949,0.99939,non_junk,non_divine_teleology,0.01334,0.97259,0.01407
ia_bim_eighteenth-century_histoire-naturelle-eng_le-clerc-georges-louis-_1791_2,950,0.00169,junk,,,,
ia_bim_eighteenth-century_histoire-naturelle-eng_le-clerc-georges-louis-_1791_2,951,0.01039,junk,,,,
ia_bim_eighteenth-century_histoire-naturelle-eng_le-clerc-georges-louis-_1791_2,952,0.00988,junk,,,,
ia_bim_eighteenth-century_histoire-naturelle-eng_le-clerc-georges-louis-_1791_2,953,0.00305,junk,,,,
ia_bim_eighteenth-century_histoire-naturelle-eng_le-clerc-georges-louis-_1791_2,954,0.0005,junk,,,,
ia_bim_eighteenth-century_histoire-naturelle-eng_le-clerc-georges-louis-_1791_2,955,0.00305,junk,,,,
ia_bim_eighteenth-century_histoire-naturelle-eng_le-clerc-georges-louis-_1791_2,956,0.95658,non_junk,non_divine_teleology,0.03081,0.95115,0.01804
ia_bim_eighteenth-century_histoire-naturelle-eng_le-clerc-georges-louis-_1791_2,957,0.99093,non_junk,non_divine_teleology,0.06233,0.82252,0.11514
ia_bim_eighteenth-century_histoire-naturelle-eng_le-clerc-georges-louis-_1791_2,958,0.95313,non_junk,non_divine_teleology,0.07406,0.91368,0.01226
ia_bim_eighteenth-century_histoire-naturelle-eng_le-clerc-georges-louis-_1791_2,960,0.84661,non_junk,non_divine_teleology,0.01314,0.96892,0.01794
ia_bim_eighteenth-century_histoire-naturelle-eng_le-clerc-georges-louis-_1791_2,961,0.04299,junk,,,,
ia_bim_eighteenth-century_histoire-naturelle-eng_le-clerc-georges-louis-_1791_2,963,0.00782,junk,,,,
ia_bim_eighteenth-century_histoire-naturelle-eng_le-clerc-georges-louis-_1791_2,964,0.99944,non_junk,non_divine_teleology,0.02277,0.95033,0.02691
ia_bim_eighteenth-century_histoire-naturelle-eng_le-clerc-georges-louis-_1791_2,966,0.72231,non_junk,non_divine_teleology,0.01998,0.94829,0.03173
ia_bim_eighteenth-century_histoire-naturelle-eng_le-clerc-georges-louis-_1791_2,967,0.9116,non_junk,non_divine_teleology,0.00573,0.55674,0.43754
ia_bim_eighteenth-century_histoire-naturelle-eng_le-clerc-georges-louis-_1791_2,968,0.00493,junk,,,,
ia_bim_eighteenth-century_histoire-naturelle-eng_le-clerc-georges-louis-_1791_2,970,0.90995,non_junk,non_divine_teleology,0.00698,0.9172,0.07583
ia_bim_eighteenth-century_histoire-naturelle-eng_le-clerc-georges-louis-_1791_2,971,0.0254,junk,,,,
ia_bim_eighteenth-century_histoire-naturelle-eng_le-clerc-georges-louis-_1791_2,972,0.17559,junk,,,,
ia_bim_eighteenth-century_histoire-naturelle-eng_le-clerc-georges-louis-_1791_2,974,0.97072,non_junk,non_divine_teleology,0.05609,0.91401,0.0299
ia_bim_eighteenth-century_histoire-naturelle-eng_le-clerc-georges-louis-_1791_2,975,0.00372,junk,,,,
ia_bim_eighteenth-century_histoire-naturelle-eng_le-clerc-georges-louis-_1791_2,976,0.00402,junk,,,,
ia_bim_eighteenth-century_histoire-naturelle-eng_le-clerc-georges-louis-_1791_2,978,0.00186,junk,,,,
ia_bim_eighteenth-century_histoire-naturelle-eng_le-clerc-georges-louis-_1791_2,979,0.00041,junk,,,,
ia_bim_eighteenth-century_histoire-naturelle-eng_le-clerc-georges-louis-_1791_2,980,0.00513,junk,,,,
ia_bim_eighteenth-century_histoire-naturelle-eng_le-clerc-georges-louis-_1791_2,981,0.00296,junk,,,,
ia_bim_eighteenth-century_histoire-naturelle-eng_le-clerc-georges-louis-_1791_2,982,0.33579,junk,,,,
ia_bim_eighteenth-century_histoire-naturelle-eng_le-clerc-georges-louis-_1791_2,983,0.04738,junk,,,,
ia_bim_eighteenth-century_histoire-naturelle-eng_le-clerc-georges-louis-_1791_2,984,0.61447,non_junk,non_divine_teleology,0.00923,0.97616,0.0146
ia_bim_eighteenth-century_histoire-naturelle-eng_le-clerc-georges-louis-_1791_2,985,0.01791,junk,,,,
ia_bim_eighteenth-century_histoire-naturelle-eng_le-clerc-georges-louis-_1791_2,986,0.99772,non_junk,non_divine_teleology,0.01278,0.85336,0.13386
ia_bim_eighteenth-century_histoire-naturelle-eng_le-clerc-georges-louis-_1791_2,987,0.24633,junk,,,,
ia_bim_eighteenth-century_histoire-naturelle-eng_le-clerc-georges-louis-_1791_2,988,0.99213,non_junk,non_divine_teleology,0.00937,0.94715,0.04348
ia_bim_eighteenth-century_histoire-naturelle-eng_le-clerc-georges-louis-_1791_2,989,0.00036,junk,,,,
ia_bim_eighteenth-century_histoire-naturelle-eng_le-clerc-georges-louis-_1791_2,990,0.99842,non_junk,non_divine_teleology,0.00762,0.8768,0.11557
ia_bim_eighteenth-century_histoire-naturelle-eng_le-clerc-georges-louis-_1791_2,991,0.16421,junk,,,,
ia_bim_eighteenth-century_histoire-naturelle-eng_le-clerc-georges-louis-_1791_2,992,0.32333,junk,,,,
ia_bim_eighteenth-century_histoire-naturelle-eng_le-clerc-georges-louis-_1791_2,993,0.00017,junk,,,,
ia_bim_eighteenth-century_histoire-naturelle-eng_le-clerc-georges-louis-_1791_2,995,0.98783,non_junk,non_divine_teleology,0.03234,0.85956,0.1081
ia_bim_eighteenth-century_histoire-naturelle-eng_le-clerc-georges-louis-_1791_2,998,0.99684,non_junk,non_divine_teleology,0.00898,0.98176,0.00926
ia_bim_eighteenth-century_histoire-naturelle-eng_le-clerc-georges-louis-_1791_2,999,0.95115,non_junk,non_divine_teleology,0.01687,0.97177,0.01136
ia_bim_eighteenth-century_histoire-naturelle-eng_le-clerc-georges-louis-_1791_2,1000,0.60074,non_junk,non_divine_teleology,0.02417,0.85177,0.12407
ia_bim_eighteenth-century_histoire-naturelle-eng_le-clerc-georges-louis-_1791_2,1001,0.98995,non_junk,non_divine_teleology,0.00286,0.94764,0.0495
ia_bim_eighteenth-century_histoire-naturelle-eng_le-clerc-georges-louis-_1791_2,1002,0.00143,junk,,,,
ia_bim_eighteenth-century_histoire-naturelle-eng_le-clerc-georges-louis-_1791_2,1003,0.89902,non_junk,non_divine_teleology,0.0146,0.92008,0.06531
ia_bim_eighteenth-century_histoire-naturelle-eng_le-clerc-georges-louis-_1791_2,1004,0.5141,non_junk,internal_essence,0.00228,0.16267,0.83505
ia_bim_eighteenth-century_histoire-naturelle-eng_le-clerc-georges-louis-_1791_2,1005,0.36718,junk,,,,
ia_bim_eighteenth-century_histoire-naturelle-eng_le-clerc-georges-louis-_1791_2,1006,0.10154,junk,,,,
ia_bim_eighteenth-century_histoire-naturelle-eng_le-clerc-georges-louis-_1791_2,1007,0.01097,junk,,,,
ia_bim_eighteenth-century_histoire-naturelle-eng_le-clerc-georges-louis-_1791_2,1008,0.92062,non_junk,non_divine_teleology,0.01903,0.90033,0.08064
ia_bim_eighteenth-century_histoire-naturelle-eng_le-clerc-georges-louis-_1791_2,1009,0.00216,junk,,,,
ia_bim_eighteenth-century_histoire-naturelle-eng_le-clerc-georges-louis-_1791_2,1010,0.99568,non_junk,non_divine_teleology,0.00471,0.99339,0.0019
ia_bim_eighteenth-century_histoire-naturelle-eng_le-clerc-georges-louis-_1791_2,1011,0.55704,non_junk,internal_essence,0.00917,0.2606,0.73023
ia_bim_eighteenth-century_histoire-naturelle-eng_le-clerc-georges-louis-_1791_2,1012,0.99988,non_junk,non_divine_teleology,0.01122,0.94014,0.04865
ia_bim_eighteenth-century_histoire-naturelle-eng_le-clerc-georges-louis-_1791_2,1013,0.98672,non_junk,non_divine_teleology,0.01136,0.85688,0.13176
ia_bim_eighteenth-century_histoire-naturelle-eng_le-clerc-georges-louis-_1791_2,1014,0.36634,junk,,,,
ia_bim_eighteenth-century_histoire-naturelle-eng_le-clerc-georges-louis-_1791_2,1015,0.17553,junk,,,,
ia_bim_eighteenth-century_histoire-naturelle-eng_le-clerc-georges-louis-_1791_2,1016,0.9451,non_junk,non_divine_teleology,0.02856,0.86282,0.10862
ia_bim_eighteenth-century_histoire-naturelle-eng_le-clerc-georges-louis-_1791_2,1017,0.99928,non_junk,non_divine_teleology,0.03037,0.86945,0.10018
ia_bim_eighteenth-century_histoire-naturelle-eng_le-clerc-georges-louis-_1791_2,1018,0.99761,non_junk,non_divine_teleology,0.0118,0.96899,0.01921
ia_bim_eighteenth-century_histoire-naturelle-eng_le-clerc-georges-louis-_1791_2,1019,0.69365,non_junk,non_divine_teleology,0.0479,0.88747,0.06463
ia_bim_eighteenth-century_histoire-naturelle-eng_le-clerc-georges-louis-_1791_2,1020,0.99761,non_junk,non_divine_teleology,0.0118,0.96899,0.01921
ia_bim_eighteenth-century_histoire-naturelle-eng_le-clerc-georges-louis-_1791_2,1021,0.0192,junk,,,,
ia_bim_eighteenth-century_histoire-naturelle-eng_le-clerc-georges-louis-_1791_2,1022,0.03203,junk,,,,
ia_bim_eighteenth-century_histoire-naturelle-eng_le-clerc-georges-louis-_1791_2,1023,0.02564,junk,,,,
ia_bim_eighteenth-century_histoire-naturelle-eng_le-clerc-georges-louis-_1791_2,1024,0.99707,non_junk,non_divine_teleology,0.01946,0.93693,0.04361
ia_bim_eighteenth-century_histoire-naturelle-eng_le-clerc-georges-louis-_1791_2,1025,0.9273,non_junk,non_divine_teleology,0.01484,0.84904,0.13612
ia_bim_eighteenth-century_histoire-naturelle-eng_le-clerc-georges-louis-_1791_2,1026,0.00446,junk,,,,
ia_bim_eighteenth-century_histoire-naturelle-eng_le-clerc-georges-louis-_1791_2,1027,9e-05,junk,,,,
ia_bim_eighteenth-century_histoire-naturelle-eng_le-clerc-georges-louis-_1791_2,1028,0.01409,junk,,,,
ia_bim_eighteenth-century_histoire-naturelle-eng_le-clerc-georges-louis-_1791_2,1029,0.45262,junk,,,,
ia_bim_eighteenth-century_histoire-naturelle-eng_le-clerc-georges-louis-_1791_2,1031,0.82499,non_junk,non_divine_teleology,0.00419,0.94892,0.04688
ia_bim_eighteenth-century_histoire-naturelle-eng_le-clerc-georges-louis-_1791_2,1032,0.99945,non_junk,non_divine_teleology,0.00529,0.98666,0.00805
ia_bim_eighteenth-century_histoire-naturelle-eng_le-clerc-georges-louis-_1791_2,1033,0.9876,non_junk,non_divine_teleology,0.00586,0.96376,0.03037
ia_bim_eighteenth-century_histoire-naturelle-eng_le-clerc-georges-louis-_1791_2,1034,0.56963,non_junk,internal_essence,0.01104,0.25283,0.73613
ia_bim_eighteenth-century_histoire-naturelle-eng_le-clerc-georges-louis-_1791_2,1035,0.56963,non_junk,internal_essence,0.01104,0.25283,0.73613
ia_bim_eighteenth-century_histoire-naturelle-eng_le-clerc-georges-louis-_1791_2,1036,0.11403,junk,,,,
ia_bim_eighteenth-century_histoire-naturelle-eng_le-clerc-georges-louis-_1791_2,1037,0.16863,junk,,,,
ia_bim_eighteenth-century_histoire-naturelle-eng_le-clerc-georges-louis-_1791_2,1038,0.03325,junk,,,,
ia_bim_eighteenth-century_histoire-naturelle-eng_le-clerc-georges-louis-_1791_2,1039,0.01593,junk,,,,
ia_bim_eighteenth-century_histoire-naturelle-eng_le-clerc-georges-louis-_1791_2,1040,0.03325,junk,,,,
ia_bim_eighteenth-century_histoire-naturelle-eng_le-clerc-georges-louis-_1791_2,1041,0.04938,junk,,,,
ia_bim_eighteenth-century_histoire-naturelle-eng_le-clerc-georges-louis-_1791_2,1042,0.45698,junk,,,,
ia_bim_eighteenth-century_histoire-naturelle-eng_le-clerc-georges-louis-_1791_2,1043,0.78632,non_junk,non_divine_teleology,0.0119,0.93742,0.05068
ia_bim_eighteenth-century_histoire-naturelle-eng_le-clerc-georges-louis-_1791_2,1044,0.61113,non_junk,non_divine_teleology,0.00868,0.58626,0.40506
ia_bim_eighteenth-century_histoire-naturelle-eng_le-clerc-georges-louis-_1791_2,1045,0.99963,non_junk,non_divine_teleology,0.00452,0.98868,0.0068
ia_bim_eighteenth-century_histoire-naturelle-eng_le-clerc-georges-louis-_1791_2,1046,0.99217,non_junk,non_divine_teleology,0.00852,0.98852,0.00297
ia_bim_eighteenth-century_histoire-naturelle-eng_le-clerc-georges-louis-_1791_2,1047,0.08546,junk,,,,
ia_bim_eighteenth-century_histoire-naturelle-eng_le-clerc-georges-louis-_1791_2,1048,0.21385,junk,,,,
ia_bim_eighteenth-century_histoire-naturelle-eng_le-clerc-georges-louis-_1791_2,1049,0.99217,non_junk,non_divine_teleology,0.00852,0.98852,0.00297
ia_bim_eighteenth-century_histoire-naturelle-eng_le-clerc-georges-louis-_1791_2,1050,0.08546,junk,,,,
ia_bim_eighteenth-century_histoire-naturelle-eng_le-clerc-georges-louis-_1791_2,1051,0.21385,junk,,,,
ia_bim_eighteenth-century_histoire-naturelle-eng_le-clerc-georges-louis-_1791_2,1052,0.97796,non_junk,internal_essence,0.01142,0.46961,0.51897
ia_bim_eighteenth-century_histoire-naturelle-eng_le-clerc-georges-louis-_1791_2,1053,0.23901,junk,,,,
ia_bim_eighteenth-century_histoire-naturelle-eng_le-clerc-georges-louis-_1791_2,1054,0.03321,junk,,,,
ia_bim_eighteenth-century_histoire-naturelle-eng_le-clerc-georges-louis-_1791_2,1055,0.23901,junk,,,,
ia_bim_eighteenth-century_histoire-naturelle-eng_le-clerc-georges-louis-_1791_2,1056,0.03321,junk,,,,
ia_bim_eighteenth-century_histoire-naturelle-eng_le-clerc-georges-louis-_1791_2,1057,0.12165,junk,,,,
ia_bim_eighteenth-century_histoire-naturelle-eng_le-clerc-georges-louis-_1791_2,1058,0.97125,non_junk,non_divine_teleology,0.04862,0.87631,0.07507
ia_bim_eighteenth-century_histoire-naturelle-eng_le-clerc-georges-louis-_1791_2,1059,0.12165,junk,,,,
ia_bim_eighteenth-century_histoire-naturelle-eng_le-clerc-georges-louis-_1791_2,1060,0.99907,non_junk,non_divine_teleology,0.03011,0.92584,0.04405
ia_bim_eighteenth-century_histoire-naturelle-eng_le-clerc-georges-louis-_1791_2,1061,0.80832,non_junk,non_divine_teleology,0.00397,0.60706,0.38898
ia_bim_eighteenth-century_histoire-naturelle-eng_le-clerc-georges-louis-_1791_2,1062,0.87906,non_junk,non_divine_teleology,0.00475,0.77931,0.21594
ia_bim_eighteenth-century_histoire-naturelle-eng_le-clerc-georges-louis-_1791_2,1063,0.00038,junk,,,,
ia_bim_eighteenth-century_histoire-naturelle-eng_le-clerc-georges-louis-_1791_2,1064,0.5848,non_junk,internal_essence,0.00616,0.24038,0.75346
ia_bim_eighteenth-century_histoire-naturelle-eng_le-clerc-georges-louis-_1791_2,1065,0.95724,non_junk,non_divine_teleology,0.00952,0.70196,0.28852
ia_bim_eighteenth-century_histoire-naturelle-eng_le-clerc-georges-louis-_1791_2,1067,0.89386,non_junk,non_divine_teleology,0.05269,0.67347,0.27384
ia_bim_eighteenth-century_histoire-naturelle-eng_le-clerc-georges-louis-_1791_2,1068,0.05008,junk,,,,
ia_bim_eighteenth-century_histoire-naturelle-eng_le-clerc-georges-louis-_1791_2,1069,0.00017,junk,,,,
ia_bim_eighteenth-century_histoire-naturelle-eng_le-clerc-georges-louis-_1791_2,1070,0.8487,non_junk,non_divine_teleology,0.00515,0.97979,0.01506
ia_bim_eighteenth-century_histoire-naturelle-eng_le-clerc-georges-louis-_1791_2,1071,0.96434,non_junk,non_divine_teleology,0.00539,0.8731,0.12151
ia_bim_eighteenth-century_histoire-naturelle-eng_le-clerc-georges-louis-_1791_2,1072,0.00021,junk,,,,
ia_bim_eighteenth-century_histoire-naturelle-eng_le-clerc-georges-louis-_1791_2,1073,0.03263,junk,,,,
ia_bim_eighteenth-century_histoire-naturelle-eng_le-clerc-georges-louis-_1791_2,1074,0.00326,junk,,,,
ia_bim_eighteenth-century_histoire-naturelle-eng_le-clerc-georges-louis-_1791_2,1075,0.04607,junk,,,,
ia_bim_eighteenth-century_histoire-naturelle-eng_le-clerc-georges-louis-_1791_2,1076,0.00126,junk,,,,
ia_bim_eighteenth-century_histoire-naturelle-eng_le-clerc-georges-louis-_1791_2,1077,0.34523,junk,,,,
ia_bim_eighteenth-century_histoire-naturelle-eng_le-clerc-georges-louis-_1791_2,1078,0.2909,junk,,,,
ia_bim_eighteenth-century_histoire-naturelle-eng_le-clerc-georges-louis-_1791_2,1079,0.3965,junk,,,,
ia_bim_eighteenth-century_histoire-naturelle-eng_le-clerc-georges-louis-_1791_2,1080,0.03463,junk,,,,
ia_bim_eighteenth-century_histoire-naturelle-eng_le-clerc-georges-louis-_1791_2,1081,0.01752,junk,,,,
ia_bim_eighteenth-century_histoire-naturelle-eng_le-clerc-georges-louis-_1791_2,1082,0.00386,junk,,,,
ia_bim_eighteenth-century_histoire-naturelle-eng_le-clerc-georges-louis-_1791_2,1083,0.00012,junk,,,,
ia_bim_eighteenth-century_histoire-naturelle-eng_le-clerc-georges-louis-_1791_2,1084,0.0015,junk,,,,
ia_bim_eighteenth-century_histoire-naturelle-eng_le-clerc-georges-louis-_1791_2,1085,0.00039,junk,,,,
ia_bim_eighteenth-century_histoire-naturelle-eng_le-clerc-georges-louis-_1791_2,1086,0.00027,junk,,,,
ia_bim_eighteenth-century_histoire-naturelle-eng_le-clerc-georges-louis-_1791_2,1087,0.0015,junk,,,,
ia_bim_eighteenth-century_histoire-naturelle-eng_le-clerc-georges-louis-_1791_2,1088,0.00039,junk,,,,
ia_bim_eighteenth-century_histoire-naturelle-eng_le-clerc-georges-louis-_1791_2,1089,0.37182,junk,,,,
ia_bim_eighteenth-century_histoire-naturelle-eng_le-clerc-georges-louis-_1791_2,1090,0.00128,junk,,,,
ia_bim_eighteenth-century_histoire-naturelle-eng_le-clerc-georges-louis-_1791_2,1091,0.00481,junk,,,,
ia_bim_eighteenth-century_histoire-naturelle-eng_le-clerc-georges-louis-_1791_2,1092,0.37182,junk,,,,
ia_bim_eighteenth-century_histoire-naturelle-eng_le-clerc-georges-louis-_1791_2,1094,0.04342,junk,,,,
ia_bim_eighteenth-century_histoire-naturelle-eng_le-clerc-georges-louis-_1791_2,1095,0.37413,junk,,,,
ia_bim_eighteenth-century_histoire-naturelle-eng_le-clerc-georges-louis-_1791_2,1096,0.09457,junk,,,,
ia_bim_eighteenth-century_histoire-naturelle-eng_le-clerc-georges-louis-_1791_2,1097,0.0017,junk,,,,
ia_bim_eighteenth-century_histoire-naturelle-eng_le-clerc-georges-louis-_1791_2,1098,0.01967,junk,,,,
ia_bim_eighteenth-century_histoire-naturelle-eng_le-clerc-georges-louis-_1791_2,1099,0.01854,junk,,,,
ia_bim_eighteenth-century_histoire-naturelle-eng_le-clerc-georges-louis-_1791_2,1100,0.97765,non_junk,non_divine_teleology,0.02115,0.66516,0.31369
ia_bim_eighteenth-century_histoire-naturelle-eng_le-clerc-georges-louis-_1791_2,1101,0.10392,junk,,,,
ia_bim_eighteenth-century_histoire-naturelle-eng_le-clerc-georges-louis-_1791_2,1102,0.00871,junk,,,,
ia_bim_eighteenth-century_histoire-naturelle-eng_le-clerc-georges-louis-_1791_2,1104,0.95415,non_junk,non_divine_teleology,0.04322,0.79485,0.16193
ia_bim_eighteenth-century_histoire-naturelle-eng_le-clerc-georges-louis-_1791_2,1105,0.00119,junk,,,,
ia_bim_eighteenth-century_histoire-naturelle-eng_le-clerc-georges-louis-_1791_2,1106,0.02849,junk,,,,
ia_bim_eighteenth-century_histoire-naturelle-eng_le-clerc-georges-louis-_1791_2,1107,0.00254,junk,,,,
ia_bim_eighteenth-century_histoire-naturelle-eng_le-clerc-georges-louis-_1791_2,1108,0.11375,junk,,,,
ia_bim_eighteenth-century_histoire-naturelle-eng_le-clerc-georges-louis-_1791_2,1109,0.16055,junk,,,,
ia_bim_eighteenth-century_histoire-naturelle-eng_le-clerc-georges-louis-_1791_2,1110,0.55495,non_junk,internal_essence,0.01261,0.40619,0.58119
ia_bim_eighteenth-century_histoire-naturelle-eng_le-clerc-georges-louis-_1791_2,1111,0.99329,non_junk,non_divine_teleology,0.06414,0.85064,0.08523
ia_bim_eighteenth-century_histoire-naturelle-eng_le-clerc-georges-louis-_1791_2,1112,0.03308,junk,,,,
ia_bim_eighteenth-century_histoire-naturelle-eng_le-clerc-georges-louis-_1791_2,1113,0.16055,junk,,,,
ia_bim_eighteenth-century_histoire-naturelle-eng_le-clerc-georges-louis-_1791_2,1114,0.55495,non_junk,internal_essence,0.01261,0.40619,0.58119
ia_bim_eighteenth-century_histoire-naturelle-eng_le-clerc-georges-louis-_1791_2,1115,0.99329,non_junk,non_divine_teleology,0.06414,0.85064,0.08523
ia_bim_eighteenth-century_histoire-naturelle-eng_le-clerc-georges-louis-_1791_2,1116,0.02808,junk,,,,
ia_bim_eighteenth-century_histoire-naturelle-eng_le-clerc-georges-louis-_1791_2,1117,0.38803,junk,,,,
ia_bim_eighteenth-century_histoire-naturelle-eng_le-clerc-georges-louis-_1791_2,1118,0.19247,junk,,,,
ia_bim_eighteenth-century_histoire-naturelle-eng_le-clerc-georges-louis-_1791_2,1119,0.04306,junk,,,,
ia_bim_eighteenth-century_histoire-naturelle-eng_le-clerc-georges-louis-_1791_2,1120,0.00809,junk,,,,
ia_bim_eighteenth-century_histoire-naturelle-eng_le-clerc-georges-louis-_1791_2,1121,0.10597,junk,,,,
ia_bim_eighteenth-century_histoire-naturelle-eng_le-clerc-georges-louis-_1791_2,1122,0.25954,junk,,,,
ia_bim_eighteenth-century_histoire-naturelle-eng_le-clerc-georges-louis-_1791_2,1123,0.005,junk,,,,
ia_bim_eighteenth-century_histoire-naturelle-eng_le-clerc-georges-louis-_1791_2,1124,0.00036,junk,,,,
ia_bim_eighteenth-century_histoire-naturelle-eng_le-clerc-georges-louis-_1791_2,1125,0.005,junk,,,,
ia_bim_eighteenth-century_histoire-naturelle-eng_le-clerc-georges-louis-_1791_2,1126,0.0005,junk,,,,
ia_bim_eighteenth-century_histoire-naturelle-eng_le-clerc-georges-louis-_1791_2,1127,0.01222,junk,,,,
ia_bim_eighteenth-century_histoire-naturelle-eng_le-clerc-georges-louis-_1791_2,1128,0.0005,junk,,,,
ia_bim_eighteenth-century_histoire-naturelle-eng_le-clerc-georges-louis-_1791_2,1129,0.99168,non_junk,non_divine_teleology,0.00626,0.87618,0.11757
ia_bim_eighteenth-century_histoire-naturelle-eng_le-clerc-georges-louis-_1791_2,1130,0.0006,junk,,,,
ia_bim_eighteenth-century_histoire-naturelle-eng_le-clerc-georges-louis-_1791_2,1131,0.00233,junk,,,,
ia_bim_eighteenth-century_histoire-naturelle-eng_le-clerc-georges-louis-_1791_2,1132,0.97053,non_junk,non_divine_teleology,0.0134,0.88033,0.10626
ia_bim_eighteenth-century_histoire-naturelle-eng_le-clerc-georges-louis-_1791_2,1133,0.49915,junk,,,,
ia_bim_eighteenth-century_histoire-naturelle-eng_le-clerc-georges-louis-_1791_2,1134,0.00863,junk,,,,
ia_bim_eighteenth-century_histoire-naturelle-eng_le-clerc-georges-louis-_1791_2,1135,0.02072,junk,,,,
ia_bim_eighteenth-century_histoire-naturelle-eng_le-clerc-georges-louis-_1791_2,1136,0.01682,junk,,,,
ia_bim_eighteenth-century_histoire-naturelle-eng_le-clerc-georges-louis-_1791_2,1137,0.0191,junk,,,,
ia_bim_eighteenth-century_histoire-naturelle-eng_le-clerc-georges-louis-_1791_2,1138,0.42876,junk,,,,
ia_bim_eighteenth-century_histoire-naturelle-eng_le-clerc-georges-louis-_1791_2,1139,0.27503,junk,,,,
ia_bim_eighteenth-century_histoire-naturelle-eng_le-clerc-georges-louis-_1791_2,1140,0.0191,junk,,,,
ia_bim_eighteenth-century_histoire-naturelle-eng_le-clerc-georges-louis-_1791_2,1141,0.42876,junk,,,,
ia_bim_eighteenth-century_histoire-naturelle-eng_le-clerc-georges-louis-_1791_2,1142,0.32389,junk,,,,
ia_bim_eighteenth-century_histoire-naturelle-eng_le-clerc-georges-louis-_1791_2,1143,0.03288,junk,,,,
ia_bim_eighteenth-century_histoire-naturelle-eng_le-clerc-georges-louis-_1791_2,1145,0.02043,junk,,,,
ia_bim_eighteenth-century_histoire-naturelle-eng_le-clerc-georges-louis-_1791_2,1146,0.00041,junk,,,,
ia_bim_eighteenth-century_histoire-naturelle-eng_le-clerc-georges-louis-_1791_2,1147,9e-05,junk,,,,
ia_bim_eighteenth-century_histoire-naturelle-eng_le-clerc-georges-louis-_1791_2,1148,0.14647,junk,,,,
ia_bim_eighteenth-century_histoire-naturelle-eng_le-clerc-georges-louis-_1791_2,1149,0.33878,junk,,,,
ia_bim_eighteenth-century_histoire-naturelle-eng_le-clerc-georges-louis-_1791_2,1150,0.14647,junk,,,,
ia_bim_eighteenth-century_histoire-naturelle-eng_le-clerc-georges-louis-_1791_2,1151,0.33878,junk,,,,
ia_bim_eighteenth-century_histoire-naturelle-eng_le-clerc-georges-louis-_1791_2,1153,0.00552,junk,,,,
ia_bim_eighteenth-century_histoire-naturelle-eng_le-clerc-georges-louis-_1791_2,1154,0.00266,junk,,,,
ia_bim_eighteenth-century_histoire-naturelle-eng_le-clerc-georges-louis-_1791_2,1155,0.01735,junk,,,,
ia_bim_eighteenth-century_histoire-naturelle-eng_le-clerc-georges-louis-_1791_2,1156,0.07358,junk,,,,
ia_bim_eighteenth-century_histoire-naturelle-eng_le-clerc-georges-louis-_1791_2,1157,0.01735,junk,,,,
ia_bim_eighteenth-century_histoire-naturelle-eng_le-clerc-georges-louis-_1791_2,1158,0.19024,junk,,,,
ia_bim_eighteenth-century_histoire-naturelle-eng_le-clerc-georges-louis-_1791_2,1159,0.99253,non_junk,non_divine_teleology,0.00767,0.94162,0.05071
ia_bim_eighteenth-century_histoire-naturelle-eng_le-clerc-georges-louis-_1791_2,1160,0.00098,junk,,,,
ia_bim_eighteenth-century_histoire-naturelle-eng_le-clerc-georges-louis-_1791_2,1161,0.99905,non_junk,non_divine_teleology,0.02232,0.90152,0.07616
ia_bim_eighteenth-century_histoire-naturelle-eng_le-clerc-georges-louis-_1791_2,1162,0.00046,junk,,,,
ia_bim_eighteenth-century_histoire-naturelle-eng_le-clerc-georges-louis-_1791_2,1163,0.00043,junk,,,,
ia_bim_eighteenth-century_histoire-naturelle-eng_le-clerc-georges-louis-_1791_2,1164,0.00041,junk,,,,
ia_bim_eighteenth-century_histoire-naturelle-eng_le-clerc-georges-louis-_1791_2,1166,0.0025,junk,,,,
ia_bim_eighteenth-century_histoire-naturelle-eng_le-clerc-georges-louis-_1791_2,1167,0.01069,junk,,,,
ia_bim_eighteenth-century_histoire-naturelle-eng_le-clerc-georges-louis-_1791_2,1168,0.16884,junk,,,,
ia_bim_eighteenth-century_histoire-naturelle-eng_le-clerc-georges-louis-_1791_2,1170,0.00248,junk,,,,
ia_bim_eighteenth-century_histoire-naturelle-eng_le-clerc-georges-louis-_1791_2,1171,0.02612,junk,,,,
ia_bim_eighteenth-century_histoire-naturelle-eng_le-clerc-georges-louis-_1791_2,1172,0.05334,junk,,,,
ia_bim_eighteenth-century_histoire-naturelle-eng_le-clerc-georges-louis-_1791_2,1173,0.09256,junk,,,,
ia_bim_eighteenth-century_histoire-naturelle-eng_le-clerc-georges-louis-_1791_2,1174,0.0367,junk,,,,
ia_bim_eighteenth-century_histoire-naturelle-eng_le-clerc-georges-louis-_1791_2,1175,0.53823,non_junk,internal_essence,0.00202,0.1046,0.89338
ia_bim_eighteenth-century_histoire-naturelle-eng_le-clerc-georges-louis-_1791_2,1176,0.12707,junk,,,,
ia_bim_eighteenth-century_histoire-naturelle-eng_le-clerc-georges-louis-_1791_2,1177,0.07386,junk,,,,
ia_bim_eighteenth-century_histoire-naturelle-eng_le-clerc-georges-louis-_1791_2,1178,0.15109,junk,,,,
ia_bim_eighteenth-century_histoire-naturelle-eng_le-clerc-georges-louis-_1791_2,1179,0.24064,junk,,,,
ia_bim_eighteenth-century_histoire-naturelle-eng_le-clerc-georges-louis-_1791_2,1180,0.01163,junk,,,,
ia_bim_eighteenth-century_histoire-naturelle-eng_le-clerc-georges-louis-_1791_2,1181,0.15656,junk,,,,
ia_bim_eighteenth-century_histoire-naturelle-eng_le-clerc-georges-louis-_1791_2,1182,0.05561,junk,,,,
ia_bim_eighteenth-century_histoire-naturelle-eng_le-clerc-georges-louis-_1791_2,1184,0.14661,junk,,,,
ia_bim_eighteenth-century_histoire-naturelle-eng_le-clerc-georges-louis-_1791_2,1185,0.99941,non_junk,non_divine_teleology,0.0042,0.98296,0.01285
ia_bim_eighteenth-century_histoire-naturelle-eng_le-clerc-georges-louis-_1791_2,1186,0.00315,junk,,,,
ia_bim_eighteenth-century_histoire-naturelle-eng_le-clerc-georges-louis-_1791_2,1187,0.00013,junk,,,,
ia_bim_eighteenth-century_histoire-naturelle-eng_le-clerc-georges-louis-_1791_2,1188,0.81063,non_junk,divine_teleology,0.99485,0.00491,0.00024
ia_bim_eighteenth-century_histoire-naturelle-eng_le-clerc-georges-louis-_1791_2,1189,0.11823,junk,,,,
ia_bim_eighteenth-century_histoire-naturelle-eng_le-clerc-georges-louis-_1791_2,1190,0.00683,junk,,,,
ia_bim_eighteenth-century_histoire-naturelle-eng_le-clerc-georges-louis-_1791_2,1191,0.27484,junk,,,,
ia_bim_eighteenth-century_histoire-naturelle-eng_le-clerc-georges-louis-_1791_2,1192,0.00595,junk,,,,
ia_bim_eighteenth-century_histoire-naturelle-eng_le-clerc-georges-louis-_1791_2,1193,0.02355,junk,,,,
ia_bim_eighteenth-century_histoire-naturelle-eng_le-clerc-georges-louis-_1791_2,1194,0.99948,non_junk,non_divine_teleology,0.00973,0.94241,0.04786
ia_bim_eighteenth-century_histoire-naturelle-eng_le-clerc-georges-louis-_1791_2,1195,0.14202,junk,,,,
ia_bim_eighteenth-century_histoire-naturelle-eng_le-clerc-georges-louis-_1791_2,1196,0.00215,junk,,,,
ia_bim_eighteenth-century_histoire-naturelle-eng_le-clerc-georges-louis-_1791_2,1197,0.01241,junk,,,,
ia_bim_eighteenth-century_histoire-naturelle-eng_le-clerc-georges-louis-_1791_2,1198,0.00215,junk,,,,
ia_bim_eighteenth-century_histoire-naturelle-eng_le-clerc-georges-louis-_1791_2,1199,0.0108,junk,,,,
ia_bim_eighteenth-century_histoire-naturelle-eng_le-clerc-georges-louis-_1791_2,1200,0.02196,junk,,,,
ia_bim_eighteenth-century_histoire-naturelle-eng_le-clerc-georges-louis-_1791_2,1201,0.00566,junk,,,,
ia_bim_eighteenth-century_histoire-naturelle-eng_le-clerc-georges-louis-_1791_2,1202,0.02196,junk,,,,
ia_bim_eighteenth-century_histoire-naturelle-eng_le-clerc-georges-louis-_1791_2,1203,0.00301,junk,,,,
ia_bim_eighteenth-century_histoire-naturelle-eng_le-clerc-georges-louis-_1791_2,1204,0.01708,junk,,,,
ia_bim_eighteenth-century_histoire-naturelle-eng_le-clerc-georges-louis-_1791_2,1205,0.02193,junk,,,,
ia_bim_eighteenth-century_histoire-naturelle-eng_le-clerc-georges-louis-_1791_2,1206,0.99774,non_junk,non_divine_teleology,0.02747,0.76765,0.20488
ia_bim_eighteenth-century_histoire-naturelle-eng_le-clerc-georges-louis-_1791_2,1207,0.03165,junk,,,,
ia_bim_eighteenth-century_histoire-naturelle-eng_le-clerc-georges-louis-_1791_2,1208,0.98443,non_junk,non_divine_teleology,0.00983,0.97802,0.01216
ia_bim_eighteenth-century_histoire-naturelle-eng_le-clerc-georges-louis-_1791_2,1210,0.96065,non_junk,non_divine_teleology,0.00576,0.97711,0.01712
ia_bim_eighteenth-century_histoire-naturelle-eng_le-clerc-georges-louis-_1791_2,1211,0.00326,junk,,,,
ia_bim_eighteenth-century_histoire-naturelle-eng_le-clerc-georges-louis-_1791_2,1212,0.06151,junk,,,,
ia_bim_eighteenth-century_histoire-naturelle-eng_le-clerc-georges-louis-_1791_2,1213,0.00182,junk,,,,
ia_bim_eighteenth-century_histoire-naturelle-eng_le-clerc-georges-louis-_1791_2,1215,0.0148,junk,,,,
ia_bim_eighteenth-century_histoire-naturelle-eng_le-clerc-georges-louis-_1791_2,1216,0.00032,junk,,,,
ia_bim_eighteenth-century_histoire-naturelle-eng_le-clerc-georges-louis-_1791_2,1217,0.00489,junk,,,,
ia_bim_eighteenth-century_histoire-naturelle-eng_le-clerc-georges-louis-_1791_2,1218,0.00036,junk,,,,
ia_bim_eighteenth-century_histoire-naturelle-eng_le-clerc-georges-louis-_1791_2,1219,0.12898,junk,,,,
ia_bim_eighteenth-century_histoire-naturelle-eng_le-clerc-georges-louis-_1791_2,1220,0.18772,junk,,,,
ia_bim_eighteenth-century_histoire-naturelle-eng_le-clerc-georges-louis-_1791_2,1221,0.00956,junk,,,,
ia_bim_eighteenth-century_histoire-naturelle-eng_le-clerc-georges-louis-_1791_2,1222,0.0021,junk,,,,
ia_bim_eighteenth-century_histoire-naturelle-eng_le-clerc-georges-louis-_1791_2,1223,0.00275,junk,,,,
ia_bim_eighteenth-century_histoire-naturelle-eng_le-clerc-georges-louis-_1791_2,1225,0.06664,junk,,,,
ia_bim_eighteenth-century_histoire-naturelle-eng_le-clerc-georges-louis-_1791_2,1226,0.00018,junk,,,,
ia_bim_eighteenth-century_histoire-naturelle-eng_le-clerc-georges-louis-_1791_2,1227,0.255,junk,,,,
ia_bim_eighteenth-century_histoire-naturelle-eng_le-clerc-georges-louis-_1791_2,1228,0.00051,junk,,,,
ia_bim_eighteenth-century_histoire-naturelle-eng_le-clerc-georges-louis-_1791_2,1229,0.18656,junk,,,,
ia_bim_eighteenth-century_histoire-naturelle-eng_le-clerc-georges-louis-_1791_2,1230,0.04478,junk,,,,
ia_bim_eighteenth-century_histoire-naturelle-eng_le-clerc-georges-louis-_1791_2,1231,0.0903,junk,,,,
ia_bim_eighteenth-century_histoire-naturelle-eng_le-clerc-georges-louis-_1791_2,1232,0.00465,junk,,,,
ia_bim_eighteenth-century_histoire-naturelle-eng_le-clerc-georges-louis-_1791_2,1233,0.68224,non_junk,internal_essence,0.04044,0.38536,0.57419
ia_bim_eighteenth-century_histoire-naturelle-eng_le-clerc-georges-louis-_1791_2,1234,0.64203,non_junk,non_divine_teleology,0.02941,0.86649,0.1041
ia_bim_eighteenth-century_histoire-naturelle-eng_le-clerc-georges-louis-_1791_2,1235,0.51868,non_junk,non_divine_teleology,0.02498,0.85741,0.11761
ia_bim_eighteenth-century_histoire-naturelle-eng_le-clerc-georges-louis-_1791_2,1236,0.19116,junk,,,,
ia_bim_eighteenth-century_histoire-naturelle-eng_le-clerc-georges-louis-_1791_2,1238,0.19116,junk,,,,
ia_bim_eighteenth-century_histoire-naturelle-eng_le-clerc-georges-louis-_1791_2,1239,0.02572,junk,,,,
ia_bim_eighteenth-century_histoire-naturelle-eng_le-clerc-georges-louis-_1791_2,1241,0.35219,junk,,,,
ia_bim_eighteenth-century_histoire-naturelle-eng_le-clerc-georges-louis-_1791_2,1242,0.72413,non_junk,non_divine_teleology,0.01603,0.67073,0.31324
ia_bim_eighteenth-century_histoire-naturelle-eng_le-clerc-georges-louis-_1791_2,1243,0.68852,non_junk,non_divine_teleology,0.01473,0.8363,0.14897
ia_bim_eighteenth-century_histoire-naturelle-eng_le-clerc-georges-louis-_1791_2,1244,0.00282,junk,,,,
ia_bim_eighteenth-century_histoire-naturelle-eng_le-clerc-georges-louis-_1791_2,1246,0.00103,junk,,,,
ia_bim_eighteenth-century_histoire-naturelle-eng_le-clerc-georges-louis-_1791_2,1247,0.95854,non_junk,internal_essence,0.03495,0.27954,0.68551
ia_bim_eighteenth-century_histoire-naturelle-eng_le-clerc-georges-louis-_1791_2,1248,0.87926,non_junk,non_divine_teleology,0.0299,0.56501,0.40508
ia_bim_eighteenth-century_histoire-naturelle-eng_le-clerc-georges-louis-_1791_2,1249,0.00078,junk,,,,
ia_bim_eighteenth-century_histoire-naturelle-eng_le-clerc-georges-louis-_1791_2,1251,0.97374,non_junk,non_divine_teleology,0.0618,0.85982,0.07838
ia_bim_eighteenth-century_histoire-naturelle-eng_le-clerc-georges-louis-_1791_2,1252,0.98457,non_junk,internal_essence,0.01169,0.41897,0.56934
ia_bim_eighteenth-century_histoire-naturelle-eng_le-clerc-georges-louis-_1791_2,1253,0.96579,non_junk,internal_essence,0.00716,0.35006,0.64278
ia_bim_eighteenth-century_histoire-naturelle-eng_le-clerc-georges-louis-_1791_2,1254,0.27864,junk,,,,
ia_bim_eighteenth-century_histoire-naturelle-eng_le-clerc-georges-louis-_1791_2,1255,0.00512,junk,,,,
ia_bim_eighteenth-century_histoire-naturelle-eng_le-clerc-georges-louis-_1791_2,1256,0.00087,junk,,,,
ia_bim_eighteenth-century_histoire-naturelle-eng_le-clerc-georges-louis-_1791_2,1257,0.00205,junk,,,,
ia_bim_eighteenth-century_histoire-naturelle-eng_le-clerc-georges-louis-_1791_2,1258,0.00032,junk,,,,
ia_bim_eighteenth-century_histoire-naturelle-eng_le-clerc-georges-louis-_1791_2,1260,0.08624,junk,,,,
ia_bim_eighteenth-century_histoire-naturelle-eng_le-clerc-georges-louis-_1791_2,1261,0.00556,junk,,,,
ia_bim_eighteenth-century_histoire-naturelle-eng_le-clerc-georges-louis-_1791_2,1262,0.00804,junk,,,,
ia_bim_eighteenth-century_histoire-naturelle-eng_le-clerc-georges-louis-_1791_2,1263,0.00044,junk,,,,
ia_bim_eighteenth-century_histoire-naturelle-eng_le-clerc-georges-louis-_1791_2,1264,0.00082,junk,,,,
ia_bim_eighteenth-century_histoire-naturelle-eng_le-clerc-georges-louis-_1791_2,1265,0.00027,junk,,,,
ia_bim_eighteenth-century_histoire-naturelle-eng_le-clerc-georges-louis-_1791_2,1266,0.00016,junk,,,,
ia_bim_eighteenth-century_histoire-naturelle-eng_le-clerc-georges-louis-_1791_2,1267,0.00258,junk,,,,
ia_bim_eighteenth-century_histoire-naturelle-eng_le-clerc-georges-louis-_1791_2,1268,0.00276,junk,,,,
ia_bim_eighteenth-century_histoire-naturelle-eng_le-clerc-georges-louis-_1791_2,1269,0.00113,junk,,,,
ia_bim_eighteenth-century_histoire-naturelle-eng_le-clerc-georges-louis-_1791_2,1270,0.00276,junk,,,,
