uid,sent_id,gate_prob_nonjunk,gate_pred,s2_pred,s2_p_divine_teleology,s2_p_non_divine_teleology,s2_p_internal_essence
ia_bim_eighteenth-century_naturgeschichte-fr-kin_raff-georg-christian_1796_2,1,0.00036,junk,,,,
ia_bim_eighteenth-century_naturgeschichte-fr-kin_raff-georg-christian_1796_2,2,0.01197,junk,,,,
ia_bim_eighteenth-century_naturgeschichte-fr-kin_raff-georg-christian_1796_2,3,0.06469,junk,,,,
ia_bim_eighteenth-century_naturgeschichte-fr-kin_raff-georg-christian_1796_2,4,0.00237,junk,,,,
ia_bim_eighteenth-century_naturgeschichte-fr-kin_raff-georg-christian_1796_2,5,0.00199,junk,,,,
ia_bim_eighteenth-century_naturgeschichte-fr-kin_raff-georg-christian_1796_2,6,0.05146,junk,,,,
ia_bim_eighteenth-century_naturgeschichte-fr-kin_raff-georg-christian_1796_2,7,0.00396,junk,,,,
ia_bim_eighteenth-century_naturgeschichte-fr-kin_raff-georg-christian_1796_2,8,0.20668,junk,,,,
ia_bim_eighteenth-century_naturgeschichte-fr-kin_raff-georg-christian_1796_2,9,0.0006,junk,,,,
ia_bim_eighteenth-century_naturgeschichte-fr-kin_raff-georg-christian_1796_2,10,0.0006,junk,,,,
ia_bim_eighteenth-century_naturgeschichte-fr-kin_raff-georg-christian_1796_2,11,0.02171,junk,,,,
ia_bim_eighteenth-century_naturgeschichte-fr-kin_raff-georg-christian_1796_2,12,0.9993,non_junk,non_divine_teleology,0.02183,0.96948,0.00869
ia_bim_eighteenth-century_naturgeschichte-fr-kin_raff-georg-christian_1796_2,13,0.00985,junk,,,,
ia_bim_eighteenth-century_naturgeschichte-fr-kin_raff-georg-christian_1796_2,14,0.94933,non_junk,non_divine_teleology,0.00523,0.98943,0.00534
ia_bim_eighteenth-century_naturgeschichte-fr-kin_raff-georg-christian_1796_2,15,0.00046,junk,,,,
ia_bim_eighteenth-century_naturgeschichte-fr-kin_raff-georg-christian_1796_2,16,0.95504,non_junk,non_divine_teleology,0.09034,0.86018,0.04948
ia_bim_eighteenth-century_naturgeschichte-fr-kin_raff-georg-christian_1796_2,17,0.99654,non_junk,divine_teleology,0.98776,0.01193,0.0003
ia_bim_eighteenth-century_naturgeschichte-fr-kin_raff-georg-christian_1796_2,18,0.99319,non_junk,non_divine_teleology,0.01559,0.97127,0.01314
ia_bim_eighteenth-century_naturgeschichte-fr-kin_raff-georg-christian_1796_2,19,0.99807,non_junk,non_divine_teleology,0.00305,0.98606,0.01089
ia_bim_eighteenth-century_naturgeschichte-fr-kin_raff-georg-christian_1796_2,20,0.63924,non_junk,non_divine_teleology,0.00249,0.97724,0.02027
ia_bim_eighteenth-century_naturgeschichte-fr-kin_raff-georg-christian_1796_2,21,0.02096,junk,,,,
ia_bim_eighteenth-century_naturgeschichte-fr-kin_raff-georg-christian_1796_2,22,0.00067,junk,,,,
ia_bim_eighteenth-century_naturgeschichte-fr-kin_raff-georg-christian_1796_2,23,0.00074,junk,,,,
ia_bim_eighteenth-century_naturgeschichte-fr-kin_raff-georg-christian_1796_2,24,0.0015,junk,,,,
ia_bim_eighteenth-century_naturgeschichte-fr-kin_raff-georg-christian_1796_2,25,0.0076,junk,,,,
ia_bim_eighteenth-century_naturgeschichte-fr-kin_raff-georg-christian_1796_2,26,0.9673,non_junk,non_divine_teleology,0.03058,0.9525,0.01692
ia_bim_eighteenth-century_naturgeschichte-fr-kin_raff-georg-christian_1796_2,27,0.047,junk,,,,
ia_bim_eighteenth-century_naturgeschichte-fr-kin_raff-georg-christian_1796_2,28,0.02342,junk,,,,
ia_bim_eighteenth-century_naturgeschichte-fr-kin_raff-georg-christian_1796_2,29,0.07457,junk,,,,
ia_bim_eighteenth-century_naturgeschichte-fr-kin_raff-georg-christian_1796_2,30,0.99002,non_junk,non_divine_teleology,0.37259,0.57739,0.05002
ia_bim_eighteenth-century_naturgeschichte-fr-kin_raff-georg-christian_1796_2,31,0.05285,junk,,,,
ia_bim_eighteenth-century_naturgeschichte-fr-kin_raff-georg-christian_1796_2,32,0.00014,junk,,,,
ia_bim_eighteenth-century_naturgeschichte-fr-kin_raff-georg-christian_1796_2,33,0.00475,junk,,,,
ia_bim_eighteenth-century_naturgeschichte-fr-kin_raff-georg-christian_1796_2,34,0.99755,non_junk,non_divine_teleology,0.00747,0.96426,0.02827
ia_bim_eighteenth-century_naturgeschichte-fr-kin_raff-georg-christian_1796_2,35,0.00213,junk,,,,
ia_bim_eighteenth-century_naturgeschichte-fr-kin_raff-georg-christian_1796_2,36,0.26638,junk,,,,
ia_bim_eighteenth-century_naturgeschichte-fr-kin_raff-georg-christian_1796_2,37,0.00362,junk,,,,
ia_bim_eighteenth-century_naturgeschichte-fr-kin_raff-georg-christian_1796_2,38,0.44589,junk,,,,
ia_bim_eighteenth-century_naturgeschichte-fr-kin_raff-georg-christian_1796_2,39,0.00055,junk,,,,
ia_bim_eighteenth-century_naturgeschichte-fr-kin_raff-georg-christian_1796_2,40,0.34622,junk,,,,
ia_bim_eighteenth-century_naturgeschichte-fr-kin_raff-georg-christian_1796_2,41,0.851,non_junk,non_divine_teleology,0.01164,0.95493,0.03344
ia_bim_eighteenth-century_naturgeschichte-fr-kin_raff-georg-christian_1796_2,42,0.05949,junk,,,,
ia_bim_eighteenth-century_naturgeschichte-fr-kin_raff-georg-christian_1796_2,43,0.50368,non_junk,non_divine_teleology,0.08354,0.89268,0.02378
ia_bim_eighteenth-century_naturgeschichte-fr-kin_raff-georg-christian_1796_2,44,0.00586,junk,,,,
ia_bim_eighteenth-century_naturgeschichte-fr-kin_raff-georg-christian_1796_2,45,0.03034,junk,,,,
ia_bim_eighteenth-century_naturgeschichte-fr-kin_raff-georg-christian_1796_2,46,0.00045,junk,,,,
ia_bim_eighteenth-century_naturgeschichte-fr-kin_raff-georg-christian_1796_2,47,0.18309,junk,,,,
ia_bim_eighteenth-century_naturgeschichte-fr-kin_raff-georg-christian_1796_2,48,0.00097,junk,,,,
ia_bim_eighteenth-century_naturgeschichte-fr-kin_raff-georg-christian_1796_2,49,0.97404,non_junk,non_divine_teleology,0.00825,0.98229,0.00947
ia_bim_eighteenth-century_naturgeschichte-fr-kin_raff-georg-christian_1796_2,50,0.01204,junk,,,,
ia_bim_eighteenth-century_naturgeschichte-fr-kin_raff-georg-christian_1796_2,51,0.59869,non_junk,non_divine_teleology,0.01095,0.88742,0.10163
ia_bim_eighteenth-century_naturgeschichte-fr-kin_raff-georg-christian_1796_2,52,0.09077,junk,,,,
ia_bim_eighteenth-century_naturgeschichte-fr-kin_raff-georg-christian_1796_2,53,0.00086,junk,,,,
ia_bim_eighteenth-century_naturgeschichte-fr-kin_raff-georg-christian_1796_2,54,0.0572,junk,,,,
ia_bim_eighteenth-century_naturgeschichte-fr-kin_raff-georg-christian_1796_2,55,0.00118,junk,,,,
ia_bim_eighteenth-century_naturgeschichte-fr-kin_raff-georg-christian_1796_2,56,0.00634,junk,,,,
ia_bim_eighteenth-century_naturgeschichte-fr-kin_raff-georg-christian_1796_2,57,0.35553,junk,,,,
ia_bim_eighteenth-century_naturgeschichte-fr-kin_raff-georg-christian_1796_2,58,0.17214,junk,,,,
ia_bim_eighteenth-century_naturgeschichte-fr-kin_raff-georg-christian_1796_2,59,0.01955,junk,,,,
ia_bim_eighteenth-century_naturgeschichte-fr-kin_raff-georg-christian_1796_2,60,0.00642,junk,,,,
ia_bim_eighteenth-century_naturgeschichte-fr-kin_raff-georg-christian_1796_2,61,0.00057,junk,,,,
ia_bim_eighteenth-century_naturgeschichte-fr-kin_raff-georg-christian_1796_2,62,0.00039,junk,,,,
ia_bim_eighteenth-century_naturgeschichte-fr-kin_raff-georg-christian_1796_2,63,0.00199,junk,,,,
ia_bim_eighteenth-century_naturgeschichte-fr-kin_raff-georg-christian_1796_2,64,0.00175,junk,,,,
ia_bim_eighteenth-century_naturgeschichte-fr-kin_raff-georg-christian_1796_2,65,0.10897,junk,,,,
ia_bim_eighteenth-century_naturgeschichte-fr-kin_raff-georg-christian_1796_2,67,0.00033,junk,,,,
ia_bim_eighteenth-century_naturgeschichte-fr-kin_raff-georg-christian_1796_2,68,0.21309,junk,,,,
ia_bim_eighteenth-century_naturgeschichte-fr-kin_raff-georg-christian_1796_2,69,0.00173,junk,,,,
ia_bim_eighteenth-century_naturgeschichte-fr-kin_raff-georg-christian_1796_2,70,0.00809,junk,,,,
ia_bim_eighteenth-century_naturgeschichte-fr-kin_raff-georg-christian_1796_2,71,0.00245,junk,,,,
ia_bim_eighteenth-century_naturgeschichte-fr-kin_raff-georg-christian_1796_2,72,0.0034,junk,,,,
ia_bim_eighteenth-century_naturgeschichte-fr-kin_raff-georg-christian_1796_2,73,0.12403,junk,,,,
ia_bim_eighteenth-century_naturgeschichte-fr-kin_raff-georg-christian_1796_2,74,0.63144,non_junk,divine_teleology,0.99256,0.00714,0.0003
ia_bim_eighteenth-century_naturgeschichte-fr-kin_raff-georg-christian_1796_2,75,0.60239,non_junk,non_divine_teleology,0.00113,0.97746,0.02141
ia_bim_eighteenth-century_naturgeschichte-fr-kin_raff-georg-christian_1796_2,76,0.95672,non_junk,non_divine_teleology,0.00661,0.98889,0.00449
ia_bim_eighteenth-century_naturgeschichte-fr-kin_raff-georg-christian_1796_2,77,0.05617,junk,,,,
ia_bim_eighteenth-century_naturgeschichte-fr-kin_raff-georg-christian_1796_2,78,0.00155,junk,,,,
ia_bim_eighteenth-century_naturgeschichte-fr-kin_raff-georg-christian_1796_2,79,0.00082,junk,,,,
ia_bim_eighteenth-century_naturgeschichte-fr-kin_raff-georg-christian_1796_2,80,0.00295,junk,,,,
ia_bim_eighteenth-century_naturgeschichte-fr-kin_raff-georg-christian_1796_2,81,0.00295,junk,,,,
ia_bim_eighteenth-century_naturgeschichte-fr-kin_raff-georg-christian_1796_2,82,0.94875,non_junk,non_divine_teleology,0.05465,0.92387,0.02148
ia_bim_eighteenth-century_naturgeschichte-fr-kin_raff-georg-christian_1796_2,83,0.00614,junk,,,,
ia_bim_eighteenth-century_naturgeschichte-fr-kin_raff-georg-christian_1796_2,84,0.96022,non_junk,non_divine_teleology,0.02652,0.93761,0.03586
ia_bim_eighteenth-century_naturgeschichte-fr-kin_raff-georg-christian_1796_2,85,0.87157,non_junk,non_divine_teleology,0.00486,0.96798,0.02716
ia_bim_eighteenth-century_naturgeschichte-fr-kin_raff-georg-christian_1796_2,86,0.25324,junk,,,,
ia_bim_eighteenth-century_naturgeschichte-fr-kin_raff-georg-christian_1796_2,87,0.01677,junk,,,,
ia_bim_eighteenth-century_naturgeschichte-fr-kin_raff-georg-christian_1796_2,88,0.00886,junk,,,,
ia_bim_eighteenth-century_naturgeschichte-fr-kin_raff-georg-christian_1796_2,89,0.21703,junk,,,,
ia_bim_eighteenth-century_naturgeschichte-fr-kin_raff-georg-christian_1796_2,90,0.00924,junk,,,,
ia_bim_eighteenth-century_naturgeschichte-fr-kin_raff-georg-christian_1796_2,91,0.00058,junk,,,,
ia_bim_eighteenth-century_naturgeschichte-fr-kin_raff-georg-christian_1796_2,92,0.99381,non_junk,non_divine_teleology,0.00654,0.98694,0.00653
ia_bim_eighteenth-century_naturgeschichte-fr-kin_raff-georg-christian_1796_2,93,0.30937,junk,,,,
ia_bim_eighteenth-century_naturgeschichte-fr-kin_raff-georg-christian_1796_2,94,0.00016,junk,,,,
ia_bim_eighteenth-century_naturgeschichte-fr-kin_raff-georg-christian_1796_2,95,0.001,junk,,,,
ia_bim_eighteenth-century_naturgeschichte-fr-kin_raff-georg-christian_1796_2,96,0.00014,junk,,,,
ia_bim_eighteenth-century_naturgeschichte-fr-kin_raff-georg-christian_1796_2,97,0.34813,junk,,,,
ia_bim_eighteenth-century_naturgeschichte-fr-kin_raff-georg-christian_1796_2,98,0.05922,junk,,,,
ia_bim_eighteenth-century_naturgeschichte-fr-kin_raff-georg-christian_1796_2,99,0.08217,junk,,,,
ia_bim_eighteenth-century_naturgeschichte-fr-kin_raff-georg-christian_1796_2,100,0.11684,junk,,,,
ia_bim_eighteenth-century_naturgeschichte-fr-kin_raff-georg-christian_1796_2,101,0.93259,non_junk,non_divine_teleology,0.00973,0.9777,0.01257
ia_bim_eighteenth-century_naturgeschichte-fr-kin_raff-georg-christian_1796_2,102,0.04271,junk,,,,
ia_bim_eighteenth-century_naturgeschichte-fr-kin_raff-georg-christian_1796_2,103,0.01478,junk,,,,
ia_bim_eighteenth-century_naturgeschichte-fr-kin_raff-georg-christian_1796_2,104,0.00028,junk,,,,
ia_bim_eighteenth-century_naturgeschichte-fr-kin_raff-georg-christian_1796_2,105,0.99286,non_junk,non_divine_teleology,0.00331,0.98414,0.01255
ia_bim_eighteenth-century_naturgeschichte-fr-kin_raff-georg-christian_1796_2,106,0.63593,non_junk,non_divine_teleology,0.00156,0.8802,0.11824
ia_bim_eighteenth-century_naturgeschichte-fr-kin_raff-georg-christian_1796_2,107,0.00196,junk,,,,
ia_bim_eighteenth-century_naturgeschichte-fr-kin_raff-georg-christian_1796_2,108,0.1891,junk,,,,
ia_bim_eighteenth-century_naturgeschichte-fr-kin_raff-georg-christian_1796_2,109,0.0041,junk,,,,
ia_bim_eighteenth-century_naturgeschichte-fr-kin_raff-georg-christian_1796_2,110,0.15238,junk,,,,
ia_bim_eighteenth-century_naturgeschichte-fr-kin_raff-georg-christian_1796_2,111,0.32468,junk,,,,
ia_bim_eighteenth-century_naturgeschichte-fr-kin_raff-georg-christian_1796_2,112,0.08226,junk,,,,
ia_bim_eighteenth-century_naturgeschichte-fr-kin_raff-georg-christian_1796_2,113,0.00056,junk,,,,
ia_bim_eighteenth-century_naturgeschichte-fr-kin_raff-georg-christian_1796_2,114,0.03849,junk,,,,
ia_bim_eighteenth-century_naturgeschichte-fr-kin_raff-georg-christian_1796_2,115,0.00341,junk,,,,
ia_bim_eighteenth-century_naturgeschichte-fr-kin_raff-georg-christian_1796_2,116,0.60866,non_junk,non_divine_teleology,0.00837,0.98399,0.00764
ia_bim_eighteenth-century_naturgeschichte-fr-kin_raff-georg-christian_1796_2,117,0.01662,junk,,,,
ia_bim_eighteenth-century_naturgeschichte-fr-kin_raff-georg-christian_1796_2,118,0.83355,non_junk,non_divine_teleology,0.01955,0.93765,0.04279
ia_bim_eighteenth-century_naturgeschichte-fr-kin_raff-georg-christian_1796_2,119,0.00359,junk,,,,
ia_bim_eighteenth-century_naturgeschichte-fr-kin_raff-georg-christian_1796_2,120,0.21134,junk,,,,
ia_bim_eighteenth-century_naturgeschichte-fr-kin_raff-georg-christian_1796_2,121,0.55739,non_junk,non_divine_teleology,0.00238,0.9867,0.01092
ia_bim_eighteenth-century_naturgeschichte-fr-kin_raff-georg-christian_1796_2,122,0.0431,junk,,,,
ia_bim_eighteenth-century_naturgeschichte-fr-kin_raff-georg-christian_1796_2,123,0.4043,junk,,,,
ia_bim_eighteenth-century_naturgeschichte-fr-kin_raff-georg-christian_1796_2,124,0.11658,junk,,,,
ia_bim_eighteenth-century_naturgeschichte-fr-kin_raff-georg-christian_1796_2,125,0.05303,junk,,,,
ia_bim_eighteenth-century_naturgeschichte-fr-kin_raff-georg-christian_1796_2,126,0.07436,junk,,,,
ia_bim_eighteenth-century_naturgeschichte-fr-kin_raff-georg-christian_1796_2,127,0.00041,junk,,,,
ia_bim_eighteenth-century_naturgeschichte-fr-kin_raff-georg-christian_1796_2,128,0.14051,junk,,,,
ia_bim_eighteenth-century_naturgeschichte-fr-kin_raff-georg-christian_1796_2,129,0.0135,junk,,,,
ia_bim_eighteenth-century_naturgeschichte-fr-kin_raff-georg-christian_1796_2,130,0.20378,junk,,,,
ia_bim_eighteenth-century_naturgeschichte-fr-kin_raff-georg-christian_1796_2,131,0.00262,junk,,,,
ia_bim_eighteenth-century_naturgeschichte-fr-kin_raff-georg-christian_1796_2,132,0.02553,junk,,,,
ia_bim_eighteenth-century_naturgeschichte-fr-kin_raff-georg-christian_1796_2,133,0.32121,junk,,,,
ia_bim_eighteenth-century_naturgeschichte-fr-kin_raff-georg-christian_1796_2,134,0.00546,junk,,,,
ia_bim_eighteenth-century_naturgeschichte-fr-kin_raff-georg-christian_1796_2,135,0.00127,junk,,,,
ia_bim_eighteenth-century_naturgeschichte-fr-kin_raff-georg-christian_1796_2,136,0.79901,non_junk,non_divine_teleology,0.02186,0.97203,0.00611
ia_bim_eighteenth-century_naturgeschichte-fr-kin_raff-georg-christian_1796_2,137,0.00336,junk,,,,
ia_bim_eighteenth-century_naturgeschichte-fr-kin_raff-georg-christian_1796_2,138,0.24542,junk,,,,
ia_bim_eighteenth-century_naturgeschichte-fr-kin_raff-georg-christian_1796_2,139,0.93287,non_junk,non_divine_teleology,0.02559,0.89461,0.0798
ia_bim_eighteenth-century_naturgeschichte-fr-kin_raff-georg-christian_1796_2,140,0.15362,junk,,,,
ia_bim_eighteenth-century_naturgeschichte-fr-kin_raff-georg-christian_1796_2,141,0.42676,junk,,,,
ia_bim_eighteenth-century_naturgeschichte-fr-kin_raff-georg-christian_1796_2,142,0.99319,non_junk,non_divine_teleology,0.01117,0.97258,0.01625
ia_bim_eighteenth-century_naturgeschichte-fr-kin_raff-georg-christian_1796_2,143,0.00267,junk,,,,
ia_bim_eighteenth-century_naturgeschichte-fr-kin_raff-georg-christian_1796_2,144,0.90278,non_junk,non_divine_teleology,0.03973,0.92273,0.03754
ia_bim_eighteenth-century_naturgeschichte-fr-kin_raff-georg-christian_1796_2,145,0.00246,junk,,,,
ia_bim_eighteenth-century_naturgeschichte-fr-kin_raff-georg-christian_1796_2,146,0.01771,junk,,,,
ia_bim_eighteenth-century_naturgeschichte-fr-kin_raff-georg-christian_1796_2,147,0.003,junk,,,,
ia_bim_eighteenth-century_naturgeschichte-fr-kin_raff-georg-christian_1796_2,148,0.01578,junk,,,,
ia_bim_eighteenth-century_naturgeschichte-fr-kin_raff-georg-christian_1796_2,149,0.00398,junk,,,,
ia_bim_eighteenth-century_naturgeschichte-fr-kin_raff-georg-christian_1796_2,150,0.0115,junk,,,,
ia_bim_eighteenth-century_naturgeschichte-fr-kin_raff-georg-christian_1796_2,151,0.04237,junk,,,,
ia_bim_eighteenth-century_naturgeschichte-fr-kin_raff-georg-christian_1796_2,152,0.00024,junk,,,,
ia_bim_eighteenth-century_naturgeschichte-fr-kin_raff-georg-christian_1796_2,153,0.49237,junk,,,,
ia_bim_eighteenth-century_naturgeschichte-fr-kin_raff-georg-christian_1796_2,154,0.00024,junk,,,,
ia_bim_eighteenth-century_naturgeschichte-fr-kin_raff-georg-christian_1796_2,155,0.49237,junk,,,,
ia_bim_eighteenth-century_naturgeschichte-fr-kin_raff-georg-christian_1796_2,156,0.90163,non_junk,non_divine_teleology,0.00079,0.99678,0.00243
ia_bim_eighteenth-century_naturgeschichte-fr-kin_raff-georg-christian_1796_2,157,0.00019,junk,,,,
ia_bim_eighteenth-century_naturgeschichte-fr-kin_raff-georg-christian_1796_2,158,0.00177,junk,,,,
ia_bim_eighteenth-century_naturgeschichte-fr-kin_raff-georg-christian_1796_2,159,0.23746,junk,,,,
ia_bim_eighteenth-century_naturgeschichte-fr-kin_raff-georg-christian_1796_2,160,0.00016,junk,,,,
ia_bim_eighteenth-century_naturgeschichte-fr-kin_raff-georg-christian_1796_2,161,0.00218,junk,,,,
ia_bim_eighteenth-century_naturgeschichte-fr-kin_raff-georg-christian_1796_2,162,0.00022,junk,,,,
ia_bim_eighteenth-century_naturgeschichte-fr-kin_raff-georg-christian_1796_2,163,0.05834,junk,,,,
ia_bim_eighteenth-century_naturgeschichte-fr-kin_raff-georg-christian_1796_2,164,0.01129,junk,,,,
ia_bim_eighteenth-century_naturgeschichte-fr-kin_raff-georg-christian_1796_2,165,0.78753,non_junk,non_divine_teleology,0.00865,0.98915,0.0022
ia_bim_eighteenth-century_naturgeschichte-fr-kin_raff-georg-christian_1796_2,166,0.01346,junk,,,,
ia_bim_eighteenth-century_naturgeschichte-fr-kin_raff-georg-christian_1796_2,167,0.39692,junk,,,,
ia_bim_eighteenth-century_naturgeschichte-fr-kin_raff-georg-christian_1796_2,168,0.0023,junk,,,,
ia_bim_eighteenth-century_naturgeschichte-fr-kin_raff-georg-christian_1796_2,169,0.00643,junk,,,,
ia_bim_eighteenth-century_naturgeschichte-fr-kin_raff-georg-christian_1796_2,170,0.00453,junk,,,,
ia_bim_eighteenth-century_naturgeschichte-fr-kin_raff-georg-christian_1796_2,171,0.00859,junk,,,,
ia_bim_eighteenth-century_naturgeschichte-fr-kin_raff-georg-christian_1796_2,172,0.52816,non_junk,non_divine_teleology,0.01327,0.9642,0.02253
ia_bim_eighteenth-century_naturgeschichte-fr-kin_raff-georg-christian_1796_2,173,0.00256,junk,,,,
ia_bim_eighteenth-century_naturgeschichte-fr-kin_raff-georg-christian_1796_2,174,0.00719,junk,,,,
ia_bim_eighteenth-century_naturgeschichte-fr-kin_raff-georg-christian_1796_2,175,0.93992,non_junk,non_divine_teleology,0.01371,0.97861,0.00768
ia_bim_eighteenth-century_naturgeschichte-fr-kin_raff-georg-christian_1796_2,176,0.00303,junk,,,,
ia_bim_eighteenth-century_naturgeschichte-fr-kin_raff-georg-christian_1796_2,177,0.04087,junk,,,,
ia_bim_eighteenth-century_naturgeschichte-fr-kin_raff-georg-christian_1796_2,178,0.04087,junk,,,,
ia_bim_eighteenth-century_naturgeschichte-fr-kin_raff-georg-christian_1796_2,179,0.34968,junk,,,,
ia_bim_eighteenth-century_naturgeschichte-fr-kin_raff-georg-christian_1796_2,180,0.01047,junk,,,,
ia_bim_eighteenth-century_naturgeschichte-fr-kin_raff-georg-christian_1796_2,181,0.01275,junk,,,,
ia_bim_eighteenth-century_naturgeschichte-fr-kin_raff-georg-christian_1796_2,182,0.01275,junk,,,,
ia_bim_eighteenth-century_naturgeschichte-fr-kin_raff-georg-christian_1796_2,183,0.5463,non_junk,non_divine_teleology,0.00299,0.97362,0.02339
ia_bim_eighteenth-century_naturgeschichte-fr-kin_raff-georg-christian_1796_2,184,0.0056,junk,,,,
ia_bim_eighteenth-century_naturgeschichte-fr-kin_raff-georg-christian_1796_2,185,0.00123,junk,,,,
ia_bim_eighteenth-century_naturgeschichte-fr-kin_raff-georg-christian_1796_2,186,0.00034,junk,,,,
ia_bim_eighteenth-century_naturgeschichte-fr-kin_raff-georg-christian_1796_2,187,9e-05,junk,,,,
ia_bim_eighteenth-century_naturgeschichte-fr-kin_raff-georg-christian_1796_2,188,0.09699,junk,,,,
ia_bim_eighteenth-century_naturgeschichte-fr-kin_raff-georg-christian_1796_2,189,0.1152,junk,,,,
ia_bim_eighteenth-century_naturgeschichte-fr-kin_raff-georg-christian_1796_2,190,0.02432,junk,,,,
ia_bim_eighteenth-century_naturgeschichte-fr-kin_raff-georg-christian_1796_2,191,0.10589,junk,,,,
ia_bim_eighteenth-century_naturgeschichte-fr-kin_raff-georg-christian_1796_2,192,0.944,non_junk,non_divine_teleology,0.00186,0.97671,0.02144
ia_bim_eighteenth-century_naturgeschichte-fr-kin_raff-georg-christian_1796_2,193,0.65207,non_junk,non_divine_teleology,0.00326,0.95015,0.04659
ia_bim_eighteenth-century_naturgeschichte-fr-kin_raff-georg-christian_1796_2,194,0.99058,non_junk,non_divine_teleology,0.00193,0.99261,0.00546
ia_bim_eighteenth-century_naturgeschichte-fr-kin_raff-georg-christian_1796_2,195,0.43234,junk,,,,
ia_bim_eighteenth-century_naturgeschichte-fr-kin_raff-georg-christian_1796_2,196,0.15111,junk,,,,
ia_bim_eighteenth-century_naturgeschichte-fr-kin_raff-georg-christian_1796_2,197,0.00467,junk,,,,
ia_bim_eighteenth-century_naturgeschichte-fr-kin_raff-georg-christian_1796_2,198,0.00222,junk,,,,
ia_bim_eighteenth-century_naturgeschichte-fr-kin_raff-georg-christian_1796_2,199,0.91217,non_junk,non_divine_teleology,0.00898,0.97775,0.01328
ia_bim_eighteenth-century_naturgeschichte-fr-kin_raff-georg-christian_1796_2,200,0.01706,junk,,,,
ia_bim_eighteenth-century_naturgeschichte-fr-kin_raff-georg-christian_1796_2,201,0.00013,junk,,,,
ia_bim_eighteenth-century_naturgeschichte-fr-kin_raff-georg-christian_1796_2,202,0.0013,junk,,,,
ia_bim_eighteenth-century_naturgeschichte-fr-kin_raff-georg-christian_1796_2,203,0.00591,junk,,,,
ia_bim_eighteenth-century_naturgeschichte-fr-kin_raff-georg-christian_1796_2,204,0.80198,non_junk,non_divine_teleology,0.00671,0.8526,0.14069
ia_bim_eighteenth-century_naturgeschichte-fr-kin_raff-georg-christian_1796_2,205,0.0327,junk,,,,
ia_bim_eighteenth-century_naturgeschichte-fr-kin_raff-georg-christian_1796_2,206,0.00148,junk,,,,
ia_bim_eighteenth-century_naturgeschichte-fr-kin_raff-georg-christian_1796_2,207,0.00473,junk,,,,
ia_bim_eighteenth-century_naturgeschichte-fr-kin_raff-georg-christian_1796_2,208,0.89253,non_junk,non_divine_teleology,0.00327,0.96442,0.03232
ia_bim_eighteenth-century_naturgeschichte-fr-kin_raff-georg-christian_1796_2,209,0.00108,junk,,,,
ia_bim_eighteenth-century_naturgeschichte-fr-kin_raff-georg-christian_1796_2,210,0.00107,junk,,,,
ia_bim_eighteenth-century_naturgeschichte-fr-kin_raff-georg-christian_1796_2,211,0.15395,junk,,,,
ia_bim_eighteenth-century_naturgeschichte-fr-kin_raff-georg-christian_1796_2,212,0.15395,junk,,,,
ia_bim_eighteenth-century_naturgeschichte-fr-kin_raff-georg-christian_1796_2,213,0.0045,junk,,,,
ia_bim_eighteenth-century_naturgeschichte-fr-kin_raff-georg-christian_1796_2,214,0.00734,junk,,,,
ia_bim_eighteenth-century_naturgeschichte-fr-kin_raff-georg-christian_1796_2,215,0.0008,junk,,,,
ia_bim_eighteenth-century_naturgeschichte-fr-kin_raff-georg-christian_1796_2,216,0.99572,non_junk,internal_essence,0.00105,0.04983,0.94912
ia_bim_eighteenth-century_naturgeschichte-fr-kin_raff-georg-christian_1796_2,217,0.99495,non_junk,non_divine_teleology,0.00467,0.9856,0.00973
ia_bim_eighteenth-century_naturgeschichte-fr-kin_raff-georg-christian_1796_2,218,0.00496,junk,,,,
ia_bim_eighteenth-century_naturgeschichte-fr-kin_raff-georg-christian_1796_2,219,0.24236,junk,,,,
ia_bim_eighteenth-century_naturgeschichte-fr-kin_raff-georg-christian_1796_2,220,0.19146,junk,,,,
ia_bim_eighteenth-century_naturgeschichte-fr-kin_raff-georg-christian_1796_2,221,0.22925,junk,,,,
ia_bim_eighteenth-century_naturgeschichte-fr-kin_raff-georg-christian_1796_2,222,0.27834,junk,,,,
ia_bim_eighteenth-century_naturgeschichte-fr-kin_raff-georg-christian_1796_2,223,0.83565,non_junk,non_divine_teleology,0.01238,0.95219,0.03543
ia_bim_eighteenth-century_naturgeschichte-fr-kin_raff-georg-christian_1796_2,224,0.0098,junk,,,,
ia_bim_eighteenth-century_naturgeschichte-fr-kin_raff-georg-christian_1796_2,225,0.00232,junk,,,,
ia_bim_eighteenth-century_naturgeschichte-fr-kin_raff-georg-christian_1796_2,226,0.00232,junk,,,,
ia_bim_eighteenth-century_naturgeschichte-fr-kin_raff-georg-christian_1796_2,227,0.00105,junk,,,,
ia_bim_eighteenth-century_naturgeschichte-fr-kin_raff-georg-christian_1796_2,228,0.02654,junk,,,,
ia_bim_eighteenth-century_naturgeschichte-fr-kin_raff-georg-christian_1796_2,229,0.01061,junk,,,,
ia_bim_eighteenth-century_naturgeschichte-fr-kin_raff-georg-christian_1796_2,230,0.00094,junk,,,,
ia_bim_eighteenth-century_naturgeschichte-fr-kin_raff-georg-christian_1796_2,231,0.01842,junk,,,,
ia_bim_eighteenth-century_naturgeschichte-fr-kin_raff-georg-christian_1796_2,232,0.17746,junk,,,,
ia_bim_eighteenth-century_naturgeschichte-fr-kin_raff-georg-christian_1796_2,233,0.75379,non_junk,non_divine_teleology,0.00706,0.92823,0.06471
ia_bim_eighteenth-century_naturgeschichte-fr-kin_raff-georg-christian_1796_2,234,0.88571,non_junk,non_divine_teleology,0.00458,0.98931,0.00611
ia_bim_eighteenth-century_naturgeschichte-fr-kin_raff-georg-christian_1796_2,235,0.00057,junk,,,,
ia_bim_eighteenth-century_naturgeschichte-fr-kin_raff-georg-christian_1796_2,236,0.64717,non_junk,non_divine_teleology,0.01355,0.97586,0.01059
ia_bim_eighteenth-century_naturgeschichte-fr-kin_raff-georg-christian_1796_2,237,0.00492,junk,,,,
ia_bim_eighteenth-century_naturgeschichte-fr-kin_raff-georg-christian_1796_2,238,0.00047,junk,,,,
ia_bim_eighteenth-century_naturgeschichte-fr-kin_raff-georg-christian_1796_2,239,0.18203,junk,,,,
ia_bim_eighteenth-century_naturgeschichte-fr-kin_raff-georg-christian_1796_2,240,0.9677,non_junk,non_divine_teleology,0.01228,0.97721,0.01052
ia_bim_eighteenth-century_naturgeschichte-fr-kin_raff-georg-christian_1796_2,241,0.02652,junk,,,,
ia_bim_eighteenth-century_naturgeschichte-fr-kin_raff-georg-christian_1796_2,242,0.01953,junk,,,,
ia_bim_eighteenth-century_naturgeschichte-fr-kin_raff-georg-christian_1796_2,243,0.87413,non_junk,non_divine_teleology,0.04892,0.88673,0.06434
ia_bim_eighteenth-century_naturgeschichte-fr-kin_raff-georg-christian_1796_2,244,0.99708,non_junk,non_divine_teleology,0.00358,0.98778,0.00865
ia_bim_eighteenth-century_naturgeschichte-fr-kin_raff-georg-christian_1796_2,245,0.91486,non_junk,non_divine_teleology,0.01324,0.96062,0.02614
ia_bim_eighteenth-century_naturgeschichte-fr-kin_raff-georg-christian_1796_2,246,0.00128,junk,,,,
ia_bim_eighteenth-century_naturgeschichte-fr-kin_raff-georg-christian_1796_2,247,0.01487,junk,,,,
ia_bim_eighteenth-century_naturgeschichte-fr-kin_raff-georg-christian_1796_2,248,0.00022,junk,,,,
ia_bim_eighteenth-century_naturgeschichte-fr-kin_raff-georg-christian_1796_2,249,0.90764,non_junk,non_divine_teleology,0.00863,0.96373,0.02764
ia_bim_eighteenth-century_naturgeschichte-fr-kin_raff-georg-christian_1796_2,250,0.00447,junk,,,,
ia_bim_eighteenth-century_naturgeschichte-fr-kin_raff-georg-christian_1796_2,251,0.21388,junk,,,,
ia_bim_eighteenth-century_naturgeschichte-fr-kin_raff-georg-christian_1796_2,252,0.40598,junk,,,,
ia_bim_eighteenth-century_naturgeschichte-fr-kin_raff-georg-christian_1796_2,253,0.89659,non_junk,non_divine_teleology,0.02391,0.96005,0.01603
ia_bim_eighteenth-century_naturgeschichte-fr-kin_raff-georg-christian_1796_2,254,0.00033,junk,,,,
ia_bim_eighteenth-century_naturgeschichte-fr-kin_raff-georg-christian_1796_2,255,0.00184,junk,,,,
ia_bim_eighteenth-century_naturgeschichte-fr-kin_raff-georg-christian_1796_2,256,0.05537,junk,,,,
ia_bim_eighteenth-century_naturgeschichte-fr-kin_raff-georg-christian_1796_2,257,0.74185,non_junk,non_divine_teleology,0.00629,0.98696,0.00675
ia_bim_eighteenth-century_naturgeschichte-fr-kin_raff-georg-christian_1796_2,258,0.50415,non_junk,non_divine_teleology,0.00202,0.98348,0.01451
ia_bim_eighteenth-century_naturgeschichte-fr-kin_raff-georg-christian_1796_2,259,0.01063,junk,,,,
ia_bim_eighteenth-century_naturgeschichte-fr-kin_raff-georg-christian_1796_2,260,0.39074,junk,,,,
ia_bim_eighteenth-century_naturgeschichte-fr-kin_raff-georg-christian_1796_2,261,0.00304,junk,,,,
ia_bim_eighteenth-century_naturgeschichte-fr-kin_raff-georg-christian_1796_2,262,0.46056,junk,,,,
ia_bim_eighteenth-century_naturgeschichte-fr-kin_raff-georg-christian_1796_2,263,0.56423,non_junk,non_divine_teleology,0.00387,0.97131,0.02483
ia_bim_eighteenth-century_naturgeschichte-fr-kin_raff-georg-christian_1796_2,264,0.02162,junk,,,,
ia_bim_eighteenth-century_naturgeschichte-fr-kin_raff-georg-christian_1796_2,265,0.00021,junk,,,,
ia_bim_eighteenth-century_naturgeschichte-fr-kin_raff-georg-christian_1796_2,266,0.00139,junk,,,,
ia_bim_eighteenth-century_naturgeschichte-fr-kin_raff-georg-christian_1796_2,267,0.02329,junk,,,,
ia_bim_eighteenth-century_naturgeschichte-fr-kin_raff-georg-christian_1796_2,268,0.00308,junk,,,,
ia_bim_eighteenth-century_naturgeschichte-fr-kin_raff-georg-christian_1796_2,269,0.01462,junk,,,,
ia_bim_eighteenth-century_naturgeschichte-fr-kin_raff-georg-christian_1796_2,270,0.00814,junk,,,,
ia_bim_eighteenth-century_naturgeschichte-fr-kin_raff-georg-christian_1796_2,271,0.92653,non_junk,non_divine_teleology,0.01604,0.96488,0.01908
ia_bim_eighteenth-century_naturgeschichte-fr-kin_raff-georg-christian_1796_2,272,0.00492,junk,,,,
ia_bim_eighteenth-century_naturgeschichte-fr-kin_raff-georg-christian_1796_2,273,0.02733,junk,,,,
ia_bim_eighteenth-century_naturgeschichte-fr-kin_raff-georg-christian_1796_2,274,0.29214,junk,,,,
ia_bim_eighteenth-century_naturgeschichte-fr-kin_raff-georg-christian_1796_2,275,0.01376,junk,,,,
ia_bim_eighteenth-century_naturgeschichte-fr-kin_raff-georg-christian_1796_2,276,0.01141,junk,,,,
ia_bim_eighteenth-century_naturgeschichte-fr-kin_raff-georg-christian_1796_2,277,0.99325,non_junk,non_divine_teleology,0.00605,0.97899,0.01496
ia_bim_eighteenth-century_naturgeschichte-fr-kin_raff-georg-christian_1796_2,278,0.99621,non_junk,non_divine_teleology,0.01258,0.95454,0.03288
ia_bim_eighteenth-century_naturgeschichte-fr-kin_raff-georg-christian_1796_2,279,0.04828,junk,,,,
ia_bim_eighteenth-century_naturgeschichte-fr-kin_raff-georg-christian_1796_2,280,0.02725,junk,,,,
ia_bim_eighteenth-century_naturgeschichte-fr-kin_raff-georg-christian_1796_2,281,0.02346,junk,,,,
ia_bim_eighteenth-century_naturgeschichte-fr-kin_raff-georg-christian_1796_2,282,0.52171,non_junk,non_divine_teleology,0.00823,0.96976,0.02201
ia_bim_eighteenth-century_naturgeschichte-fr-kin_raff-georg-christian_1796_2,283,4e-05,junk,,,,
ia_bim_eighteenth-century_naturgeschichte-fr-kin_raff-georg-christian_1796_2,284,0.46921,junk,,,,
ia_bim_eighteenth-century_naturgeschichte-fr-kin_raff-georg-christian_1796_2,285,0.72213,non_junk,non_divine_teleology,0.01356,0.88289,0.10355
ia_bim_eighteenth-century_naturgeschichte-fr-kin_raff-georg-christian_1796_2,286,0.02966,junk,,,,
ia_bim_eighteenth-century_naturgeschichte-fr-kin_raff-georg-christian_1796_2,287,0.00177,junk,,,,
ia_bim_eighteenth-century_naturgeschichte-fr-kin_raff-georg-christian_1796_2,288,0.01657,junk,,,,
ia_bim_eighteenth-century_naturgeschichte-fr-kin_raff-georg-christian_1796_2,289,3e-05,junk,,,,
ia_bim_eighteenth-century_naturgeschichte-fr-kin_raff-georg-christian_1796_2,290,0.89159,non_junk,non_divine_teleology,0.00544,0.97939,0.01518
ia_bim_eighteenth-century_naturgeschichte-fr-kin_raff-georg-christian_1796_2,291,0.5863,non_junk,non_divine_teleology,0.00602,0.87183,0.12215
ia_bim_eighteenth-century_naturgeschichte-fr-kin_raff-georg-christian_1796_2,292,0.07902,junk,,,,
ia_bim_eighteenth-century_naturgeschichte-fr-kin_raff-georg-christian_1796_2,293,0.02311,junk,,,,
ia_bim_eighteenth-century_naturgeschichte-fr-kin_raff-georg-christian_1796_2,294,0.07816,junk,,,,
ia_bim_eighteenth-century_naturgeschichte-fr-kin_raff-georg-christian_1796_2,295,0.12585,junk,,,,
ia_bim_eighteenth-century_naturgeschichte-fr-kin_raff-georg-christian_1796_2,296,0.00186,junk,,,,
ia_bim_eighteenth-century_naturgeschichte-fr-kin_raff-georg-christian_1796_2,297,0.00135,junk,,,,
ia_bim_eighteenth-century_naturgeschichte-fr-kin_raff-georg-christian_1796_2,298,0.31731,junk,,,,
ia_bim_eighteenth-century_naturgeschichte-fr-kin_raff-georg-christian_1796_2,300,0.06651,junk,,,,
ia_bim_eighteenth-century_naturgeschichte-fr-kin_raff-georg-christian_1796_2,301,0.00078,junk,,,,
ia_bim_eighteenth-century_naturgeschichte-fr-kin_raff-georg-christian_1796_2,302,0.70479,non_junk,non_divine_teleology,0.01756,0.95191,0.03053
ia_bim_eighteenth-century_naturgeschichte-fr-kin_raff-georg-christian_1796_2,303,0.68913,non_junk,non_divine_teleology,0.02269,0.95492,0.02239
ia_bim_eighteenth-century_naturgeschichte-fr-kin_raff-georg-christian_1796_2,304,0.00866,junk,,,,
ia_bim_eighteenth-century_naturgeschichte-fr-kin_raff-georg-christian_1796_2,305,0.00382,junk,,,,
ia_bim_eighteenth-century_naturgeschichte-fr-kin_raff-georg-christian_1796_2,306,0.22471,junk,,,,
ia_bim_eighteenth-century_naturgeschichte-fr-kin_raff-georg-christian_1796_2,307,0.00516,junk,,,,
ia_bim_eighteenth-century_naturgeschichte-fr-kin_raff-georg-christian_1796_2,308,0.08268,junk,,,,
ia_bim_eighteenth-century_naturgeschichte-fr-kin_raff-georg-christian_1796_2,309,0.01724,junk,,,,
ia_bim_eighteenth-century_naturgeschichte-fr-kin_raff-georg-christian_1796_2,310,0.0014,junk,,,,
ia_bim_eighteenth-century_naturgeschichte-fr-kin_raff-georg-christian_1796_2,311,0.0026,junk,,,,
ia_bim_eighteenth-century_naturgeschichte-fr-kin_raff-georg-christian_1796_2,312,0.12193,junk,,,,
ia_bim_eighteenth-century_naturgeschichte-fr-kin_raff-georg-christian_1796_2,313,0.00859,junk,,,,
ia_bim_eighteenth-century_naturgeschichte-fr-kin_raff-georg-christian_1796_2,314,0.00209,junk,,,,
ia_bim_eighteenth-century_naturgeschichte-fr-kin_raff-georg-christian_1796_2,315,0.04644,junk,,,,
ia_bim_eighteenth-century_naturgeschichte-fr-kin_raff-georg-christian_1796_2,316,0.68833,non_junk,non_divine_teleology,0.00457,0.96796,0.02747
ia_bim_eighteenth-century_naturgeschichte-fr-kin_raff-georg-christian_1796_2,317,0.50964,non_junk,non_divine_teleology,0.00489,0.96155,0.03356
ia_bim_eighteenth-century_naturgeschichte-fr-kin_raff-georg-christian_1796_2,318,0.00284,junk,,,,
ia_bim_eighteenth-century_naturgeschichte-fr-kin_raff-georg-christian_1796_2,319,0.00201,junk,,,,
ia_bim_eighteenth-century_naturgeschichte-fr-kin_raff-georg-christian_1796_2,320,0.99105,non_junk,non_divine_teleology,0.0166,0.95298,0.03042
ia_bim_eighteenth-century_naturgeschichte-fr-kin_raff-georg-christian_1796_2,321,0.01597,junk,,,,
ia_bim_eighteenth-century_naturgeschichte-fr-kin_raff-georg-christian_1796_2,322,0.01053,junk,,,,
ia_bim_eighteenth-century_naturgeschichte-fr-kin_raff-georg-christian_1796_2,323,0.17981,junk,,,,
ia_bim_eighteenth-century_naturgeschichte-fr-kin_raff-georg-christian_1796_2,324,0.09404,junk,,,,
ia_bim_eighteenth-century_naturgeschichte-fr-kin_raff-georg-christian_1796_2,325,0.09879,junk,,,,
ia_bim_eighteenth-century_naturgeschichte-fr-kin_raff-georg-christian_1796_2,326,0.07405,junk,,,,
ia_bim_eighteenth-century_naturgeschichte-fr-kin_raff-georg-christian_1796_2,327,0.57213,non_junk,non_divine_teleology,0.05301,0.8921,0.05489
ia_bim_eighteenth-century_naturgeschichte-fr-kin_raff-georg-christian_1796_2,328,0.20079,junk,,,,
ia_bim_eighteenth-century_naturgeschichte-fr-kin_raff-georg-christian_1796_2,329,0.03786,junk,,,,
ia_bim_eighteenth-century_naturgeschichte-fr-kin_raff-georg-christian_1796_2,330,0.00211,junk,,,,
ia_bim_eighteenth-century_naturgeschichte-fr-kin_raff-georg-christian_1796_2,331,0.00193,junk,,,,
ia_bim_eighteenth-century_naturgeschichte-fr-kin_raff-georg-christian_1796_2,332,0.13713,junk,,,,
ia_bim_eighteenth-century_naturgeschichte-fr-kin_raff-georg-christian_1796_2,333,0.14571,junk,,,,
ia_bim_eighteenth-century_naturgeschichte-fr-kin_raff-georg-christian_1796_2,334,0.00114,junk,,,,
ia_bim_eighteenth-century_naturgeschichte-fr-kin_raff-georg-christian_1796_2,335,0.49777,junk,,,,
ia_bim_eighteenth-century_naturgeschichte-fr-kin_raff-georg-christian_1796_2,336,0.20311,junk,,,,
ia_bim_eighteenth-century_naturgeschichte-fr-kin_raff-georg-christian_1796_2,337,0.01456,junk,,,,
ia_bim_eighteenth-century_naturgeschichte-fr-kin_raff-georg-christian_1796_2,338,0.71735,non_junk,non_divine_teleology,0.00158,0.97986,0.01856
ia_bim_eighteenth-century_naturgeschichte-fr-kin_raff-georg-christian_1796_2,339,0.04764,junk,,,,
ia_bim_eighteenth-century_naturgeschichte-fr-kin_raff-georg-christian_1796_2,340,0.98998,non_junk,non_divine_teleology,0.00771,0.98627,0.00602
ia_bim_eighteenth-century_naturgeschichte-fr-kin_raff-georg-christian_1796_2,341,0.98876,non_junk,non_divine_teleology,0.00572,0.93954,0.05474
ia_bim_eighteenth-century_naturgeschichte-fr-kin_raff-georg-christian_1796_2,342,0.00036,junk,,,,
ia_bim_eighteenth-century_naturgeschichte-fr-kin_raff-georg-christian_1796_2,343,0.16951,junk,,,,
ia_bim_eighteenth-century_naturgeschichte-fr-kin_raff-georg-christian_1796_2,344,0.00649,junk,,,,
ia_bim_eighteenth-century_naturgeschichte-fr-kin_raff-georg-christian_1796_2,345,0.03717,junk,,,,
ia_bim_eighteenth-century_naturgeschichte-fr-kin_raff-georg-christian_1796_2,346,0.00335,junk,,,,
ia_bim_eighteenth-century_naturgeschichte-fr-kin_raff-georg-christian_1796_2,347,0.86042,non_junk,non_divine_teleology,0.02758,0.95239,0.02003
ia_bim_eighteenth-century_naturgeschichte-fr-kin_raff-georg-christian_1796_2,348,0.00132,junk,,,,
ia_bim_eighteenth-century_naturgeschichte-fr-kin_raff-georg-christian_1796_2,349,0.00492,junk,,,,
ia_bim_eighteenth-century_naturgeschichte-fr-kin_raff-georg-christian_1796_2,350,0.00231,junk,,,,
ia_bim_eighteenth-century_naturgeschichte-fr-kin_raff-georg-christian_1796_2,351,0.01473,junk,,,,
ia_bim_eighteenth-century_naturgeschichte-fr-kin_raff-georg-christian_1796_2,352,0.01065,junk,,,,
ia_bim_eighteenth-century_naturgeschichte-fr-kin_raff-georg-christian_1796_2,353,0.73092,non_junk,non_divine_teleology,0.00923,0.86065,0.13012
ia_bim_eighteenth-century_naturgeschichte-fr-kin_raff-georg-christian_1796_2,354,0.13402,junk,,,,
ia_bim_eighteenth-century_naturgeschichte-fr-kin_raff-georg-christian_1796_2,355,0.00223,junk,,,,
ia_bim_eighteenth-century_naturgeschichte-fr-kin_raff-georg-christian_1796_2,356,0.00188,junk,,,,
ia_bim_eighteenth-century_naturgeschichte-fr-kin_raff-georg-christian_1796_2,357,0.00827,junk,,,,
ia_bim_eighteenth-century_naturgeschichte-fr-kin_raff-georg-christian_1796_2,358,0.95323,non_junk,non_divine_teleology,0.00373,0.89892,0.09735
ia_bim_eighteenth-century_naturgeschichte-fr-kin_raff-georg-christian_1796_2,359,0.82298,non_junk,non_divine_teleology,0.03375,0.90771,0.05854
ia_bim_eighteenth-century_naturgeschichte-fr-kin_raff-georg-christian_1796_2,360,0.00079,junk,,,,
ia_bim_eighteenth-century_naturgeschichte-fr-kin_raff-georg-christian_1796_2,361,0.00833,junk,,,,
ia_bim_eighteenth-century_naturgeschichte-fr-kin_raff-georg-christian_1796_2,362,0.00428,junk,,,,
ia_bim_eighteenth-century_naturgeschichte-fr-kin_raff-georg-christian_1796_2,363,0.00428,junk,,,,
ia_bim_eighteenth-century_naturgeschichte-fr-kin_raff-georg-christian_1796_2,364,0.0384,junk,,,,
ia_bim_eighteenth-century_naturgeschichte-fr-kin_raff-georg-christian_1796_2,365,0.51985,non_junk,non_divine_teleology,0.25057,0.74212,0.00731
ia_bim_eighteenth-century_naturgeschichte-fr-kin_raff-georg-christian_1796_2,366,0.02008,junk,,,,
ia_bim_eighteenth-century_naturgeschichte-fr-kin_raff-georg-christian_1796_2,367,0.06188,junk,,,,
ia_bim_eighteenth-century_naturgeschichte-fr-kin_raff-georg-christian_1796_2,368,0.10638,junk,,,,
ia_bim_eighteenth-century_naturgeschichte-fr-kin_raff-georg-christian_1796_2,369,0.00079,junk,,,,
ia_bim_eighteenth-century_naturgeschichte-fr-kin_raff-georg-christian_1796_2,370,0.00571,junk,,,,
ia_bim_eighteenth-century_naturgeschichte-fr-kin_raff-georg-christian_1796_2,371,0.62835,non_junk,non_divine_teleology,0.00776,0.98261,0.00963
ia_bim_eighteenth-century_naturgeschichte-fr-kin_raff-georg-christian_1796_2,372,0.93518,non_junk,non_divine_teleology,0.00254,0.98821,0.00925
ia_bim_eighteenth-century_naturgeschichte-fr-kin_raff-georg-christian_1796_2,373,0.00432,junk,,,,
ia_bim_eighteenth-century_naturgeschichte-fr-kin_raff-georg-christian_1796_2,374,0.94931,non_junk,non_divine_teleology,0.00658,0.98144,0.01199
ia_bim_eighteenth-century_naturgeschichte-fr-kin_raff-georg-christian_1796_2,375,0.04207,junk,,,,
ia_bim_eighteenth-century_naturgeschichte-fr-kin_raff-georg-christian_1796_2,376,0.01253,junk,,,,
ia_bim_eighteenth-century_naturgeschichte-fr-kin_raff-georg-christian_1796_2,377,0.22372,junk,,,,
ia_bim_eighteenth-century_naturgeschichte-fr-kin_raff-georg-christian_1796_2,378,0.03925,junk,,,,
ia_bim_eighteenth-century_naturgeschichte-fr-kin_raff-georg-christian_1796_2,379,0.00155,junk,,,,
ia_bim_eighteenth-century_naturgeschichte-fr-kin_raff-georg-christian_1796_2,380,0.4464,junk,,,,
ia_bim_eighteenth-century_naturgeschichte-fr-kin_raff-georg-christian_1796_2,381,0.02397,junk,,,,
ia_bim_eighteenth-century_naturgeschichte-fr-kin_raff-georg-christian_1796_2,383,0.00451,junk,,,,
ia_bim_eighteenth-century_naturgeschichte-fr-kin_raff-georg-christian_1796_2,384,0.00209,junk,,,,
ia_bim_eighteenth-century_naturgeschichte-fr-kin_raff-georg-christian_1796_2,385,0.01473,junk,,,,
ia_bim_eighteenth-century_naturgeschichte-fr-kin_raff-georg-christian_1796_2,386,0.01956,junk,,,,
ia_bim_eighteenth-century_naturgeschichte-fr-kin_raff-georg-christian_1796_2,387,0.00416,junk,,,,
ia_bim_eighteenth-century_naturgeschichte-fr-kin_raff-georg-christian_1796_2,388,0.0021,junk,,,,
ia_bim_eighteenth-century_naturgeschichte-fr-kin_raff-georg-christian_1796_2,389,0.00033,junk,,,,
ia_bim_eighteenth-century_naturgeschichte-fr-kin_raff-georg-christian_1796_2,390,0.00033,junk,,,,
ia_bim_eighteenth-century_naturgeschichte-fr-kin_raff-georg-christian_1796_2,391,0.95146,non_junk,non_divine_teleology,0.01858,0.8588,0.12262
ia_bim_eighteenth-century_naturgeschichte-fr-kin_raff-georg-christian_1796_2,392,0.03535,junk,,,,
ia_bim_eighteenth-century_naturgeschichte-fr-kin_raff-georg-christian_1796_2,393,0.18624,junk,,,,
ia_bim_eighteenth-century_naturgeschichte-fr-kin_raff-georg-christian_1796_2,394,0.00236,junk,,,,
ia_bim_eighteenth-century_naturgeschichte-fr-kin_raff-georg-christian_1796_2,395,0.22703,junk,,,,
ia_bim_eighteenth-century_naturgeschichte-fr-kin_raff-georg-christian_1796_2,396,0.01405,junk,,,,
ia_bim_eighteenth-century_naturgeschichte-fr-kin_raff-georg-christian_1796_2,397,0.1001,junk,,,,
ia_bim_eighteenth-century_naturgeschichte-fr-kin_raff-georg-christian_1796_2,398,0.1001,junk,,,,
ia_bim_eighteenth-century_naturgeschichte-fr-kin_raff-georg-christian_1796_2,399,0.0685,junk,,,,
ia_bim_eighteenth-century_naturgeschichte-fr-kin_raff-georg-christian_1796_2,400,0.13306,junk,,,,
ia_bim_eighteenth-century_naturgeschichte-fr-kin_raff-georg-christian_1796_2,401,0.01686,junk,,,,
ia_bim_eighteenth-century_naturgeschichte-fr-kin_raff-georg-christian_1796_2,402,0.60897,non_junk,internal_essence,0.00051,0.07272,0.92677
ia_bim_eighteenth-century_naturgeschichte-fr-kin_raff-georg-christian_1796_2,403,0.00953,junk,,,,
ia_bim_eighteenth-century_naturgeschichte-fr-kin_raff-georg-christian_1796_2,404,0.00072,junk,,,,
ia_bim_eighteenth-century_naturgeschichte-fr-kin_raff-georg-christian_1796_2,405,0.8557,non_junk,divine_teleology,0.99943,0.00054,2e-05
ia_bim_eighteenth-century_naturgeschichte-fr-kin_raff-georg-christian_1796_2,406,0.99012,non_junk,non_divine_teleology,0.00913,0.9289,0.06197
ia_bim_eighteenth-century_naturgeschichte-fr-kin_raff-georg-christian_1796_2,407,0.82015,non_junk,non_divine_teleology,0.03388,0.90723,0.0589
ia_bim_eighteenth-century_naturgeschichte-fr-kin_raff-georg-christian_1796_2,408,0.03215,junk,,,,
ia_bim_eighteenth-century_naturgeschichte-fr-kin_raff-georg-christian_1796_2,409,0.99922,non_junk,divine_teleology,0.98158,0.0168,0.00163
ia_bim_eighteenth-century_naturgeschichte-fr-kin_raff-georg-christian_1796_2,410,0.0116,junk,,,,
ia_bim_eighteenth-century_naturgeschichte-fr-kin_raff-georg-christian_1796_2,411,0.99552,non_junk,non_divine_teleology,0.00283,0.96933,0.02784
ia_bim_eighteenth-century_naturgeschichte-fr-kin_raff-georg-christian_1796_2,412,0.99505,non_junk,non_divine_teleology,0.01192,0.92346,0.06462
ia_bim_eighteenth-century_naturgeschichte-fr-kin_raff-georg-christian_1796_2,413,0.0017,junk,,,,
ia_bim_eighteenth-century_naturgeschichte-fr-kin_raff-georg-christian_1796_2,414,0.12731,junk,,,,
ia_bim_eighteenth-century_naturgeschichte-fr-kin_raff-georg-christian_1796_2,415,0.95178,non_junk,non_divine_teleology,0.00263,0.97748,0.01988
ia_bim_eighteenth-century_naturgeschichte-fr-kin_raff-georg-christian_1796_2,416,0.01144,junk,,,,
ia_bim_eighteenth-century_naturgeschichte-fr-kin_raff-georg-christian_1796_2,417,0.10014,junk,,,,
ia_bim_eighteenth-century_naturgeschichte-fr-kin_raff-georg-christian_1796_2,418,0.64066,non_junk,non_divine_teleology,0.00614,0.76658,0.22728
ia_bim_eighteenth-century_naturgeschichte-fr-kin_raff-georg-christian_1796_2,419,0.03949,junk,,,,
ia_bim_eighteenth-century_naturgeschichte-fr-kin_raff-georg-christian_1796_2,420,0.98667,non_junk,non_divine_teleology,0.0177,0.91557,0.06673
ia_bim_eighteenth-century_naturgeschichte-fr-kin_raff-georg-christian_1796_2,421,0.97636,non_junk,internal_essence,0.00923,0.46653,0.52424
ia_bim_eighteenth-century_naturgeschichte-fr-kin_raff-georg-christian_1796_2,422,0.05099,junk,,,,
ia_bim_eighteenth-century_naturgeschichte-fr-kin_raff-georg-christian_1796_2,423,0.95936,non_junk,divine_teleology,0.97054,0.02104,0.00841
ia_bim_eighteenth-century_naturgeschichte-fr-kin_raff-georg-christian_1796_2,424,0.15523,junk,,,,
ia_bim_eighteenth-century_naturgeschichte-fr-kin_raff-georg-christian_1796_2,425,0.46907,junk,,,,
ia_bim_eighteenth-century_naturgeschichte-fr-kin_raff-georg-christian_1796_2,426,0.0273,junk,,,,
ia_bim_eighteenth-century_naturgeschichte-fr-kin_raff-georg-christian_1796_2,427,0.19832,junk,,,,
ia_bim_eighteenth-century_naturgeschichte-fr-kin_raff-georg-christian_1796_2,428,0.06104,junk,,,,
ia_bim_eighteenth-century_naturgeschichte-fr-kin_raff-georg-christian_1796_2,429,0.00746,junk,,,,
ia_bim_eighteenth-century_naturgeschichte-fr-kin_raff-georg-christian_1796_2,430,0.00634,junk,,,,
ia_bim_eighteenth-century_naturgeschichte-fr-kin_raff-georg-christian_1796_2,431,0.0922,junk,,,,
ia_bim_eighteenth-century_naturgeschichte-fr-kin_raff-georg-christian_1796_2,432,0.39038,junk,,,,
ia_bim_eighteenth-century_naturgeschichte-fr-kin_raff-georg-christian_1796_2,433,0.02992,junk,,,,
ia_bim_eighteenth-century_naturgeschichte-fr-kin_raff-georg-christian_1796_2,434,0.72511,non_junk,divine_teleology,0.84376,0.13584,0.02039
ia_bim_eighteenth-century_naturgeschichte-fr-kin_raff-georg-christian_1796_2,435,0.22918,junk,,,,
ia_bim_eighteenth-century_naturgeschichte-fr-kin_raff-georg-christian_1796_2,437,0.0494,junk,,,,
ia_bim_eighteenth-century_naturgeschichte-fr-kin_raff-georg-christian_1796_2,438,0.02225,junk,,,,
ia_bim_eighteenth-century_naturgeschichte-fr-kin_raff-georg-christian_1796_2,439,0.00031,junk,,,,
ia_bim_eighteenth-century_naturgeschichte-fr-kin_raff-georg-christian_1796_2,440,0.97454,non_junk,non_divine_teleology,0.04604,0.74211,0.21185
ia_bim_eighteenth-century_naturgeschichte-fr-kin_raff-georg-christian_1796_2,441,0.24714,junk,,,,
ia_bim_eighteenth-century_naturgeschichte-fr-kin_raff-georg-christian_1796_2,442,0.0177,junk,,,,
ia_bim_eighteenth-century_naturgeschichte-fr-kin_raff-georg-christian_1796_2,443,0.97542,non_junk,non_divine_teleology,0.01239,0.95774,0.02987
ia_bim_eighteenth-century_naturgeschichte-fr-kin_raff-georg-christian_1796_2,444,0.04992,junk,,,,
ia_bim_eighteenth-century_naturgeschichte-fr-kin_raff-georg-christian_1796_2,445,0.04992,junk,,,,
ia_bim_eighteenth-century_naturgeschichte-fr-kin_raff-georg-christian_1796_2,446,0.63408,non_junk,divine_teleology,0.94596,0.05261,0.00143
ia_bim_eighteenth-century_naturgeschichte-fr-kin_raff-georg-christian_1796_2,447,0.01743,junk,,,,
ia_bim_eighteenth-century_naturgeschichte-fr-kin_raff-georg-christian_1796_2,448,0.05126,junk,,,,
ia_bim_eighteenth-century_naturgeschichte-fr-kin_raff-georg-christian_1796_2,449,0.25837,junk,,,,
ia_bim_eighteenth-century_naturgeschichte-fr-kin_raff-georg-christian_1796_2,450,0.88774,non_junk,non_divine_teleology,0.00684,0.9822,0.01097
ia_bim_eighteenth-century_naturgeschichte-fr-kin_raff-georg-christian_1796_2,451,0.95966,non_junk,non_divine_teleology,0.00823,0.97589,0.01588
ia_bim_eighteenth-century_naturgeschichte-fr-kin_raff-georg-christian_1796_2,452,0.97707,non_junk,non_divine_teleology,0.01529,0.94013,0.04459
ia_bim_eighteenth-century_naturgeschichte-fr-kin_raff-georg-christian_1796_2,453,0.00822,junk,,,,
ia_bim_eighteenth-century_naturgeschichte-fr-kin_raff-georg-christian_1796_2,454,0.02259,junk,,,,
ia_bim_eighteenth-century_naturgeschichte-fr-kin_raff-georg-christian_1796_2,455,0.00078,junk,,,,
ia_bim_eighteenth-century_naturgeschichte-fr-kin_raff-georg-christian_1796_2,456,0.09102,junk,,,,
ia_bim_eighteenth-century_naturgeschichte-fr-kin_raff-georg-christian_1796_2,457,0.15939,junk,,,,
ia_bim_eighteenth-century_naturgeschichte-fr-kin_raff-georg-christian_1796_2,458,0.0006,junk,,,,
ia_bim_eighteenth-century_naturgeschichte-fr-kin_raff-georg-christian_1796_2,459,0.00178,junk,,,,
ia_bim_eighteenth-century_naturgeschichte-fr-kin_raff-georg-christian_1796_2,460,0.01311,junk,,,,
ia_bim_eighteenth-century_naturgeschichte-fr-kin_raff-georg-christian_1796_2,461,0.278,junk,,,,
ia_bim_eighteenth-century_naturgeschichte-fr-kin_raff-georg-christian_1796_2,462,0.00286,junk,,,,
ia_bim_eighteenth-century_naturgeschichte-fr-kin_raff-georg-christian_1796_2,463,0.73665,non_junk,non_divine_teleology,0.01493,0.94028,0.04479
ia_bim_eighteenth-century_naturgeschichte-fr-kin_raff-georg-christian_1796_2,464,0.00445,junk,,,,
ia_bim_eighteenth-century_naturgeschichte-fr-kin_raff-georg-christian_1796_2,465,0.25315,junk,,,,
ia_bim_eighteenth-century_naturgeschichte-fr-kin_raff-georg-christian_1796_2,466,0.38056,junk,,,,
ia_bim_eighteenth-century_naturgeschichte-fr-kin_raff-georg-christian_1796_2,467,0.02692,junk,,,,
ia_bim_eighteenth-century_naturgeschichte-fr-kin_raff-georg-christian_1796_2,468,0.02563,junk,,,,
ia_bim_eighteenth-century_naturgeschichte-fr-kin_raff-georg-christian_1796_2,469,0.14582,junk,,,,
ia_bim_eighteenth-century_naturgeschichte-fr-kin_raff-georg-christian_1796_2,470,0.99065,non_junk,non_divine_teleology,0.00237,0.9956,0.00203
ia_bim_eighteenth-century_naturgeschichte-fr-kin_raff-georg-christian_1796_2,471,0.03853,junk,,,,
ia_bim_eighteenth-century_naturgeschichte-fr-kin_raff-georg-christian_1796_2,472,0.97885,non_junk,non_divine_teleology,0.03509,0.95048,0.01443
ia_bim_eighteenth-century_naturgeschichte-fr-kin_raff-georg-christian_1796_2,473,0.95023,non_junk,non_divine_teleology,0.03577,0.9073,0.05692
ia_bim_eighteenth-century_naturgeschichte-fr-kin_raff-georg-christian_1796_2,474,5e-05,junk,,,,
ia_bim_eighteenth-century_naturgeschichte-fr-kin_raff-georg-christian_1796_2,475,0.00021,junk,,,,
ia_bim_eighteenth-century_naturgeschichte-fr-kin_raff-georg-christian_1796_2,476,0.09158,junk,,,,
ia_bim_eighteenth-century_naturgeschichte-fr-kin_raff-georg-christian_1796_2,477,0.00089,junk,,,,
ia_bim_eighteenth-century_naturgeschichte-fr-kin_raff-georg-christian_1796_2,478,0.42574,junk,,,,
ia_bim_eighteenth-century_naturgeschichte-fr-kin_raff-georg-christian_1796_2,479,0.01096,junk,,,,
ia_bim_eighteenth-century_naturgeschichte-fr-kin_raff-georg-christian_1796_2,480,0.04178,junk,,,,
ia_bim_eighteenth-century_naturgeschichte-fr-kin_raff-georg-christian_1796_2,481,0.12458,junk,,,,
ia_bim_eighteenth-century_naturgeschichte-fr-kin_raff-georg-christian_1796_2,482,0.04857,junk,,,,
ia_bim_eighteenth-century_naturgeschichte-fr-kin_raff-georg-christian_1796_2,483,0.04943,junk,,,,
ia_bim_eighteenth-century_naturgeschichte-fr-kin_raff-georg-christian_1796_2,484,0.00283,junk,,,,
ia_bim_eighteenth-century_naturgeschichte-fr-kin_raff-georg-christian_1796_2,485,0.02596,junk,,,,
ia_bim_eighteenth-century_naturgeschichte-fr-kin_raff-georg-christian_1796_2,486,0.07945,junk,,,,
ia_bim_eighteenth-century_naturgeschichte-fr-kin_raff-georg-christian_1796_2,487,0.03559,junk,,,,
ia_bim_eighteenth-century_naturgeschichte-fr-kin_raff-georg-christian_1796_2,488,0.00492,junk,,,,
ia_bim_eighteenth-century_naturgeschichte-fr-kin_raff-georg-christian_1796_2,489,0.00122,junk,,,,
ia_bim_eighteenth-century_naturgeschichte-fr-kin_raff-georg-christian_1796_2,490,0.04334,junk,,,,
ia_bim_eighteenth-century_naturgeschichte-fr-kin_raff-georg-christian_1796_2,491,0.00276,junk,,,,
ia_bim_eighteenth-century_naturgeschichte-fr-kin_raff-georg-christian_1796_2,492,0.57704,non_junk,non_divine_teleology,0.03306,0.94852,0.01842
ia_bim_eighteenth-century_naturgeschichte-fr-kin_raff-georg-christian_1796_2,493,0.08133,junk,,,,
ia_bim_eighteenth-century_naturgeschichte-fr-kin_raff-georg-christian_1796_2,494,0.10179,junk,,,,
ia_bim_eighteenth-century_naturgeschichte-fr-kin_raff-georg-christian_1796_2,495,0.9423,non_junk,non_divine_teleology,0.01136,0.97753,0.01111
ia_bim_eighteenth-century_naturgeschichte-fr-kin_raff-georg-christian_1796_2,496,0.05303,junk,,,,
ia_bim_eighteenth-century_naturgeschichte-fr-kin_raff-georg-christian_1796_2,497,0.00011,junk,,,,
ia_bim_eighteenth-century_naturgeschichte-fr-kin_raff-georg-christian_1796_2,498,0.00371,junk,,,,
ia_bim_eighteenth-century_naturgeschichte-fr-kin_raff-georg-christian_1796_2,499,0.48016,junk,,,,
ia_bim_eighteenth-century_naturgeschichte-fr-kin_raff-georg-christian_1796_2,500,0.00085,junk,,,,
ia_bim_eighteenth-century_naturgeschichte-fr-kin_raff-georg-christian_1796_2,501,0.00749,junk,,,,
ia_bim_eighteenth-century_naturgeschichte-fr-kin_raff-georg-christian_1796_2,502,0.00749,junk,,,,
ia_bim_eighteenth-century_naturgeschichte-fr-kin_raff-georg-christian_1796_2,503,0.36346,junk,,,,
ia_bim_eighteenth-century_naturgeschichte-fr-kin_raff-georg-christian_1796_2,504,0.00973,junk,,,,
ia_bim_eighteenth-century_naturgeschichte-fr-kin_raff-georg-christian_1796_2,505,0.00146,junk,,,,
ia_bim_eighteenth-century_naturgeschichte-fr-kin_raff-georg-christian_1796_2,506,0.00146,junk,,,,
ia_bim_eighteenth-century_naturgeschichte-fr-kin_raff-georg-christian_1796_2,507,0.06285,junk,,,,
ia_bim_eighteenth-century_naturgeschichte-fr-kin_raff-georg-christian_1796_2,508,0.10215,junk,,,,
ia_bim_eighteenth-century_naturgeschichte-fr-kin_raff-georg-christian_1796_2,509,0.20931,junk,,,,
ia_bim_eighteenth-century_naturgeschichte-fr-kin_raff-georg-christian_1796_2,510,0.08137,junk,,,,
ia_bim_eighteenth-century_naturgeschichte-fr-kin_raff-georg-christian_1796_2,511,0.00208,junk,,,,
ia_bim_eighteenth-century_naturgeschichte-fr-kin_raff-georg-christian_1796_2,512,0.24358,junk,,,,
ia_bim_eighteenth-century_naturgeschichte-fr-kin_raff-georg-christian_1796_2,513,0.48822,junk,,,,
ia_bim_eighteenth-century_naturgeschichte-fr-kin_raff-georg-christian_1796_2,514,0.15763,junk,,,,
ia_bim_eighteenth-century_naturgeschichte-fr-kin_raff-georg-christian_1796_2,515,0.02425,junk,,,,
ia_bim_eighteenth-century_naturgeschichte-fr-kin_raff-georg-christian_1796_2,516,4e-05,junk,,,,
ia_bim_eighteenth-century_naturgeschichte-fr-kin_raff-georg-christian_1796_2,517,0.86517,non_junk,non_divine_teleology,0.00586,0.96308,0.03106
ia_bim_eighteenth-century_naturgeschichte-fr-kin_raff-georg-christian_1796_2,518,0.70924,non_junk,non_divine_teleology,0.00133,0.98534,0.01333
ia_bim_eighteenth-century_naturgeschichte-fr-kin_raff-georg-christian_1796_2,519,0.9517,non_junk,non_divine_teleology,0.01312,0.87572,0.11116
ia_bim_eighteenth-century_naturgeschichte-fr-kin_raff-georg-christian_1796_2,520,0.75155,non_junk,non_divine_teleology,0.00581,0.9733,0.02088
ia_bim_eighteenth-century_naturgeschichte-fr-kin_raff-georg-christian_1796_2,521,0.00054,junk,,,,
ia_bim_eighteenth-century_naturgeschichte-fr-kin_raff-georg-christian_1796_2,522,0.76587,non_junk,non_divine_teleology,0.01983,0.95527,0.0249
ia_bim_eighteenth-century_naturgeschichte-fr-kin_raff-georg-christian_1796_2,523,0.5148,non_junk,non_divine_teleology,0.00993,0.96227,0.0278
ia_bim_eighteenth-century_naturgeschichte-fr-kin_raff-georg-christian_1796_2,524,0.99977,non_junk,non_divine_teleology,0.00142,0.998,0.00057
ia_bim_eighteenth-century_naturgeschichte-fr-kin_raff-georg-christian_1796_2,525,0.36254,junk,,,,
ia_bim_eighteenth-century_naturgeschichte-fr-kin_raff-georg-christian_1796_2,526,0.01684,junk,,,,
ia_bim_eighteenth-century_naturgeschichte-fr-kin_raff-georg-christian_1796_2,527,0.98857,non_junk,non_divine_teleology,0.00707,0.96136,0.03157
ia_bim_eighteenth-century_naturgeschichte-fr-kin_raff-georg-christian_1796_2,528,0.01819,junk,,,,
ia_bim_eighteenth-century_naturgeschichte-fr-kin_raff-georg-christian_1796_2,529,0.82201,non_junk,non_divine_teleology,0.00969,0.97941,0.01089
ia_bim_eighteenth-century_naturgeschichte-fr-kin_raff-georg-christian_1796_2,530,0.00611,junk,,,,
ia_bim_eighteenth-century_naturgeschichte-fr-kin_raff-georg-christian_1796_2,531,0.98787,non_junk,non_divine_teleology,0.0092,0.92047,0.07033
ia_bim_eighteenth-century_naturgeschichte-fr-kin_raff-georg-christian_1796_2,532,0.00115,junk,,,,
ia_bim_eighteenth-century_naturgeschichte-fr-kin_raff-georg-christian_1796_2,533,0.02201,junk,,,,
ia_bim_eighteenth-century_naturgeschichte-fr-kin_raff-georg-christian_1796_2,534,0.94948,non_junk,non_divine_teleology,0.0192,0.91127,0.06952
ia_bim_eighteenth-century_naturgeschichte-fr-kin_raff-georg-christian_1796_2,535,0.29999,junk,,,,
ia_bim_eighteenth-century_naturgeschichte-fr-kin_raff-georg-christian_1796_2,536,0.35234,junk,,,,
ia_bim_eighteenth-century_naturgeschichte-fr-kin_raff-georg-christian_1796_2,537,0.11876,junk,,,,
ia_bim_eighteenth-century_naturgeschichte-fr-kin_raff-georg-christian_1796_2,538,0.79913,non_junk,non_divine_teleology,0.02299,0.95255,0.02445
ia_bim_eighteenth-century_naturgeschichte-fr-kin_raff-georg-christian_1796_2,539,0.8967,non_junk,non_divine_teleology,0.0069,0.95482,0.03827
ia_bim_eighteenth-century_naturgeschichte-fr-kin_raff-georg-christian_1796_2,540,0.07713,junk,,,,
ia_bim_eighteenth-century_naturgeschichte-fr-kin_raff-georg-christian_1796_2,541,0.18181,junk,,,,
ia_bim_eighteenth-century_naturgeschichte-fr-kin_raff-georg-christian_1796_2,542,0.05163,junk,,,,
ia_bim_eighteenth-century_naturgeschichte-fr-kin_raff-georg-christian_1796_2,543,0.0065,junk,,,,
ia_bim_eighteenth-century_naturgeschichte-fr-kin_raff-georg-christian_1796_2,544,0.32895,junk,,,,
ia_bim_eighteenth-century_naturgeschichte-fr-kin_raff-georg-christian_1796_2,545,0.937,non_junk,non_divine_teleology,0.01499,0.97417,0.01084
ia_bim_eighteenth-century_naturgeschichte-fr-kin_raff-georg-christian_1796_2,546,0.02905,junk,,,,
ia_bim_eighteenth-century_naturgeschichte-fr-kin_raff-georg-christian_1796_2,547,0.02905,junk,,,,
ia_bim_eighteenth-century_naturgeschichte-fr-kin_raff-georg-christian_1796_2,548,0.57406,non_junk,non_divine_teleology,0.04044,0.93853,0.02103
ia_bim_eighteenth-century_naturgeschichte-fr-kin_raff-georg-christian_1796_2,549,0.0004,junk,,,,
ia_bim_eighteenth-century_naturgeschichte-fr-kin_raff-georg-christian_1796_2,551,0.00277,junk,,,,
ia_bim_eighteenth-century_naturgeschichte-fr-kin_raff-georg-christian_1796_2,552,0.35932,junk,,,,
ia_bim_eighteenth-century_naturgeschichte-fr-kin_raff-georg-christian_1796_2,553,0.42233,junk,,,,
ia_bim_eighteenth-century_naturgeschichte-fr-kin_raff-georg-christian_1796_2,554,0.35932,junk,,,,
ia_bim_eighteenth-century_naturgeschichte-fr-kin_raff-georg-christian_1796_2,555,0.42233,junk,,,,
ia_bim_eighteenth-century_naturgeschichte-fr-kin_raff-georg-christian_1796_2,556,0.21396,junk,,,,
ia_bim_eighteenth-century_naturgeschichte-fr-kin_raff-georg-christian_1796_2,557,0.7202,non_junk,non_divine_teleology,0.00484,0.9925,0.00266
ia_bim_eighteenth-century_naturgeschichte-fr-kin_raff-georg-christian_1796_2,558,0.25682,junk,,,,
ia_bim_eighteenth-century_naturgeschichte-fr-kin_raff-georg-christian_1796_2,559,0.05411,junk,,,,
ia_bim_eighteenth-century_naturgeschichte-fr-kin_raff-georg-christian_1796_2,560,0.0585,junk,,,,
ia_bim_eighteenth-century_naturgeschichte-fr-kin_raff-georg-christian_1796_2,561,0.00209,junk,,,,
ia_bim_eighteenth-century_naturgeschichte-fr-kin_raff-georg-christian_1796_2,562,0.74874,non_junk,non_divine_teleology,0.0624,0.50556,0.43204
ia_bim_eighteenth-century_naturgeschichte-fr-kin_raff-georg-christian_1796_2,563,0.00181,junk,,,,
ia_bim_eighteenth-century_naturgeschichte-fr-kin_raff-georg-christian_1796_2,564,0.43511,junk,,,,
ia_bim_eighteenth-century_naturgeschichte-fr-kin_raff-georg-christian_1796_2,565,0.24408,junk,,,,
ia_bim_eighteenth-century_naturgeschichte-fr-kin_raff-georg-christian_1796_2,566,0.99836,non_junk,non_divine_teleology,0.00437,0.99156,0.00407
ia_bim_eighteenth-century_naturgeschichte-fr-kin_raff-georg-christian_1796_2,567,0.13497,junk,,,,
ia_bim_eighteenth-century_naturgeschichte-fr-kin_raff-georg-christian_1796_2,568,0.03505,junk,,,,
ia_bim_eighteenth-century_naturgeschichte-fr-kin_raff-georg-christian_1796_2,569,0.00057,junk,,,,
ia_bim_eighteenth-century_naturgeschichte-fr-kin_raff-georg-christian_1796_2,570,0.03505,junk,,,,
ia_bim_eighteenth-century_naturgeschichte-fr-kin_raff-georg-christian_1796_2,571,0.15764,junk,,,,
ia_bim_eighteenth-century_naturgeschichte-fr-kin_raff-georg-christian_1796_2,572,0.77995,non_junk,non_divine_teleology,0.03177,0.8806,0.08763
ia_bim_eighteenth-century_naturgeschichte-fr-kin_raff-georg-christian_1796_2,573,0.38543,junk,,,,
ia_bim_eighteenth-century_naturgeschichte-fr-kin_raff-georg-christian_1796_2,574,0.88912,non_junk,non_divine_teleology,0.00583,0.97839,0.01579
ia_bim_eighteenth-century_naturgeschichte-fr-kin_raff-georg-christian_1796_2,575,0.83487,non_junk,non_divine_teleology,0.02069,0.96795,0.01136
ia_bim_eighteenth-century_naturgeschichte-fr-kin_raff-georg-christian_1796_2,576,0.63726,non_junk,non_divine_teleology,0.02139,0.97099,0.00763
ia_bim_eighteenth-century_naturgeschichte-fr-kin_raff-georg-christian_1796_2,577,0.00388,junk,,,,
ia_bim_eighteenth-century_naturgeschichte-fr-kin_raff-georg-christian_1796_2,578,0.00033,junk,,,,
ia_bim_eighteenth-century_naturgeschichte-fr-kin_raff-georg-christian_1796_2,579,0.00297,junk,,,,
ia_bim_eighteenth-century_naturgeschichte-fr-kin_raff-georg-christian_1796_2,580,0.00378,junk,,,,
ia_bim_eighteenth-century_naturgeschichte-fr-kin_raff-georg-christian_1796_2,581,0.09935,junk,,,,
ia_bim_eighteenth-century_naturgeschichte-fr-kin_raff-georg-christian_1796_2,582,0.17949,junk,,,,
ia_bim_eighteenth-century_naturgeschichte-fr-kin_raff-georg-christian_1796_2,583,0.00713,junk,,,,
ia_bim_eighteenth-century_naturgeschichte-fr-kin_raff-georg-christian_1796_2,584,0.01669,junk,,,,
ia_bim_eighteenth-century_naturgeschichte-fr-kin_raff-georg-christian_1796_2,585,0.19847,junk,,,,
ia_bim_eighteenth-century_naturgeschichte-fr-kin_raff-georg-christian_1796_2,586,0.80312,non_junk,non_divine_teleology,0.03266,0.92906,0.03827
ia_bim_eighteenth-century_naturgeschichte-fr-kin_raff-georg-christian_1796_2,587,0.87141,non_junk,non_divine_teleology,0.00216,0.98239,0.01544
ia_bim_eighteenth-century_naturgeschichte-fr-kin_raff-georg-christian_1796_2,588,0.09522,junk,,,,
ia_bim_eighteenth-century_naturgeschichte-fr-kin_raff-georg-christian_1796_2,589,0.01061,junk,,,,
ia_bim_eighteenth-century_naturgeschichte-fr-kin_raff-georg-christian_1796_2,590,0.94908,non_junk,non_divine_teleology,0.00583,0.97444,0.01973
ia_bim_eighteenth-century_naturgeschichte-fr-kin_raff-georg-christian_1796_2,591,0.00408,junk,,,,
ia_bim_eighteenth-century_naturgeschichte-fr-kin_raff-georg-christian_1796_2,592,0.64298,non_junk,non_divine_teleology,0.00637,0.94515,0.04848
ia_bim_eighteenth-century_naturgeschichte-fr-kin_raff-georg-christian_1796_2,593,0.85703,non_junk,non_divine_teleology,0.00221,0.99027,0.00752
ia_bim_eighteenth-century_naturgeschichte-fr-kin_raff-georg-christian_1796_2,594,0.0172,junk,,,,
ia_bim_eighteenth-century_naturgeschichte-fr-kin_raff-georg-christian_1796_2,595,0.08538,junk,,,,
ia_bim_eighteenth-century_naturgeschichte-fr-kin_raff-georg-christian_1796_2,596,0.38697,junk,,,,
ia_bim_eighteenth-century_naturgeschichte-fr-kin_raff-georg-christian_1796_2,597,0.04367,junk,,,,
ia_bim_eighteenth-century_naturgeschichte-fr-kin_raff-georg-christian_1796_2,598,0.16114,junk,,,,
ia_bim_eighteenth-century_naturgeschichte-fr-kin_raff-georg-christian_1796_2,599,0.00219,junk,,,,
ia_bim_eighteenth-century_naturgeschichte-fr-kin_raff-georg-christian_1796_2,600,0.00192,junk,,,,
ia_bim_eighteenth-century_naturgeschichte-fr-kin_raff-georg-christian_1796_2,601,0.00058,junk,,,,
ia_bim_eighteenth-century_naturgeschichte-fr-kin_raff-georg-christian_1796_2,602,0.07929,junk,,,,
ia_bim_eighteenth-century_naturgeschichte-fr-kin_raff-georg-christian_1796_2,603,0.01332,junk,,,,
ia_bim_eighteenth-century_naturgeschichte-fr-kin_raff-georg-christian_1796_2,604,0.01851,junk,,,,
ia_bim_eighteenth-century_naturgeschichte-fr-kin_raff-georg-christian_1796_2,605,0.20737,junk,,,,
ia_bim_eighteenth-century_naturgeschichte-fr-kin_raff-georg-christian_1796_2,606,0.33817,junk,,,,
ia_bim_eighteenth-century_naturgeschichte-fr-kin_raff-georg-christian_1796_2,607,0.81515,non_junk,non_divine_teleology,0.1465,0.8444,0.0091
ia_bim_eighteenth-century_naturgeschichte-fr-kin_raff-georg-christian_1796_2,608,0.08433,junk,,,,
ia_bim_eighteenth-century_naturgeschichte-fr-kin_raff-georg-christian_1796_2,609,0.46498,junk,,,,
ia_bim_eighteenth-century_naturgeschichte-fr-kin_raff-georg-christian_1796_2,610,0.00054,junk,,,,
ia_bim_eighteenth-century_naturgeschichte-fr-kin_raff-georg-christian_1796_2,611,0.10921,junk,,,,
ia_bim_eighteenth-century_naturgeschichte-fr-kin_raff-georg-christian_1796_2,612,0.00135,junk,,,,
ia_bim_eighteenth-century_naturgeschichte-fr-kin_raff-georg-christian_1796_2,613,0.00045,junk,,,,
ia_bim_eighteenth-century_naturgeschichte-fr-kin_raff-georg-christian_1796_2,614,0.00128,junk,,,,
ia_bim_eighteenth-century_naturgeschichte-fr-kin_raff-georg-christian_1796_2,615,0.02125,junk,,,,
ia_bim_eighteenth-century_naturgeschichte-fr-kin_raff-georg-christian_1796_2,616,0.00254,junk,,,,
ia_bim_eighteenth-century_naturgeschichte-fr-kin_raff-georg-christian_1796_2,617,0.00159,junk,,,,
ia_bim_eighteenth-century_naturgeschichte-fr-kin_raff-georg-christian_1796_2,618,0.00201,junk,,,,
ia_bim_eighteenth-century_naturgeschichte-fr-kin_raff-georg-christian_1796_2,619,0.0018,junk,,,,
ia_bim_eighteenth-century_naturgeschichte-fr-kin_raff-georg-christian_1796_2,620,0.01061,junk,,,,
ia_bim_eighteenth-century_naturgeschichte-fr-kin_raff-georg-christian_1796_2,621,0.01191,junk,,,,
ia_bim_eighteenth-century_naturgeschichte-fr-kin_raff-georg-christian_1796_2,622,0.01514,junk,,,,
ia_bim_eighteenth-century_naturgeschichte-fr-kin_raff-georg-christian_1796_2,623,0.01057,junk,,,,
ia_bim_eighteenth-century_naturgeschichte-fr-kin_raff-georg-christian_1796_2,624,0.00149,junk,,,,
ia_bim_eighteenth-century_naturgeschichte-fr-kin_raff-georg-christian_1796_2,625,0.00079,junk,,,,
ia_bim_eighteenth-century_naturgeschichte-fr-kin_raff-georg-christian_1796_2,626,0.3916,junk,,,,
ia_bim_eighteenth-century_naturgeschichte-fr-kin_raff-georg-christian_1796_2,627,0.08105,junk,,,,
ia_bim_eighteenth-century_naturgeschichte-fr-kin_raff-georg-christian_1796_2,628,0.00279,junk,,,,
ia_bim_eighteenth-century_naturgeschichte-fr-kin_raff-georg-christian_1796_2,629,0.00033,junk,,,,
ia_bim_eighteenth-century_naturgeschichte-fr-kin_raff-georg-christian_1796_2,630,0.00585,junk,,,,
ia_bim_eighteenth-century_naturgeschichte-fr-kin_raff-georg-christian_1796_2,631,0.03144,junk,,,,
ia_bim_eighteenth-century_naturgeschichte-fr-kin_raff-georg-christian_1796_2,632,0.00086,junk,,,,
ia_bim_eighteenth-century_naturgeschichte-fr-kin_raff-georg-christian_1796_2,633,0.01758,junk,,,,
ia_bim_eighteenth-century_naturgeschichte-fr-kin_raff-georg-christian_1796_2,634,7e-05,junk,,,,
ia_bim_eighteenth-century_naturgeschichte-fr-kin_raff-georg-christian_1796_2,635,0.22016,junk,,,,
ia_bim_eighteenth-century_naturgeschichte-fr-kin_raff-georg-christian_1796_2,636,0.07675,junk,,,,
ia_bim_eighteenth-century_naturgeschichte-fr-kin_raff-georg-christian_1796_2,637,0.00733,junk,,,,
ia_bim_eighteenth-century_naturgeschichte-fr-kin_raff-georg-christian_1796_2,638,0.0321,junk,,,,
ia_bim_eighteenth-century_naturgeschichte-fr-kin_raff-georg-christian_1796_2,639,0.00245,junk,,,,
ia_bim_eighteenth-century_naturgeschichte-fr-kin_raff-georg-christian_1796_2,640,0.21193,junk,,,,
ia_bim_eighteenth-century_naturgeschichte-fr-kin_raff-georg-christian_1796_2,641,1e-05,junk,,,,
ia_bim_eighteenth-century_naturgeschichte-fr-kin_raff-georg-christian_1796_2,642,0.00051,junk,,,,
ia_bim_eighteenth-century_naturgeschichte-fr-kin_raff-georg-christian_1796_2,643,0.56326,non_junk,non_divine_teleology,0.0347,0.94562,0.01968
ia_bim_eighteenth-century_naturgeschichte-fr-kin_raff-georg-christian_1796_2,644,0.79118,non_junk,non_divine_teleology,0.03312,0.93808,0.0288
ia_bim_eighteenth-century_naturgeschichte-fr-kin_raff-georg-christian_1796_2,645,0.48827,junk,,,,
ia_bim_eighteenth-century_naturgeschichte-fr-kin_raff-georg-christian_1796_2,646,0.78642,non_junk,non_divine_teleology,0.01369,0.9085,0.07781
ia_bim_eighteenth-century_naturgeschichte-fr-kin_raff-georg-christian_1796_2,647,0.82757,non_junk,non_divine_teleology,0.0543,0.94092,0.00478
ia_bim_eighteenth-century_naturgeschichte-fr-kin_raff-georg-christian_1796_2,648,0.28623,junk,,,,
ia_bim_eighteenth-century_naturgeschichte-fr-kin_raff-georg-christian_1796_2,649,0.00179,junk,,,,
ia_bim_eighteenth-century_naturgeschichte-fr-kin_raff-georg-christian_1796_2,650,0.00104,junk,,,,
ia_bim_eighteenth-century_naturgeschichte-fr-kin_raff-georg-christian_1796_2,651,0.0727,junk,,,,
ia_bim_eighteenth-century_naturgeschichte-fr-kin_raff-georg-christian_1796_2,652,0.00642,junk,,,,
ia_bim_eighteenth-century_naturgeschichte-fr-kin_raff-georg-christian_1796_2,653,0.02793,junk,,,,
ia_bim_eighteenth-century_naturgeschichte-fr-kin_raff-georg-christian_1796_2,654,0.0297,junk,,,,
ia_bim_eighteenth-century_naturgeschichte-fr-kin_raff-georg-christian_1796_2,655,0.00176,junk,,,,
ia_bim_eighteenth-century_naturgeschichte-fr-kin_raff-georg-christian_1796_2,656,0.00232,junk,,,,
ia_bim_eighteenth-century_naturgeschichte-fr-kin_raff-georg-christian_1796_2,657,0.00057,junk,,,,
ia_bim_eighteenth-century_naturgeschichte-fr-kin_raff-georg-christian_1796_2,658,0.00731,junk,,,,
ia_bim_eighteenth-century_naturgeschichte-fr-kin_raff-georg-christian_1796_2,659,0.00747,junk,,,,
ia_bim_eighteenth-century_naturgeschichte-fr-kin_raff-georg-christian_1796_2,660,0.26435,junk,,,,
ia_bim_eighteenth-century_naturgeschichte-fr-kin_raff-georg-christian_1796_2,661,0.00171,junk,,,,
ia_bim_eighteenth-century_naturgeschichte-fr-kin_raff-georg-christian_1796_2,662,0.99689,non_junk,non_divine_teleology,0.02186,0.88152,0.09662
ia_bim_eighteenth-century_naturgeschichte-fr-kin_raff-georg-christian_1796_2,663,0.99743,non_junk,non_divine_teleology,0.01513,0.97746,0.00742
ia_bim_eighteenth-century_naturgeschichte-fr-kin_raff-georg-christian_1796_2,664,0.80434,non_junk,non_divine_teleology,0.00945,0.84628,0.14428
ia_bim_eighteenth-century_naturgeschichte-fr-kin_raff-georg-christian_1796_2,665,0.0125,junk,,,,
ia_bim_eighteenth-century_naturgeschichte-fr-kin_raff-georg-christian_1796_2,666,0.0125,junk,,,,
ia_bim_eighteenth-century_naturgeschichte-fr-kin_raff-georg-christian_1796_2,667,0.10114,junk,,,,
ia_bim_eighteenth-century_naturgeschichte-fr-kin_raff-georg-christian_1796_2,668,0.0087,junk,,,,
ia_bim_eighteenth-century_naturgeschichte-fr-kin_raff-georg-christian_1796_2,669,0.0025,junk,,,,
ia_bim_eighteenth-century_naturgeschichte-fr-kin_raff-georg-christian_1796_2,670,0.00156,junk,,,,
ia_bim_eighteenth-century_naturgeschichte-fr-kin_raff-georg-christian_1796_2,671,0.08908,junk,,,,
ia_bim_eighteenth-century_naturgeschichte-fr-kin_raff-georg-christian_1796_2,672,0.86279,non_junk,non_divine_teleology,0.00637,0.92213,0.0715
ia_bim_eighteenth-century_naturgeschichte-fr-kin_raff-georg-christian_1796_2,673,0.91047,non_junk,non_divine_teleology,0.00268,0.94832,0.049
ia_bim_eighteenth-century_naturgeschichte-fr-kin_raff-georg-christian_1796_2,674,0.19997,junk,,,,
ia_bim_eighteenth-century_naturgeschichte-fr-kin_raff-georg-christian_1796_2,675,0.02328,junk,,,,
ia_bim_eighteenth-century_naturgeschichte-fr-kin_raff-georg-christian_1796_2,676,0.01005,junk,,,,
ia_bim_eighteenth-century_naturgeschichte-fr-kin_raff-georg-christian_1796_2,677,0.01153,junk,,,,
ia_bim_eighteenth-century_naturgeschichte-fr-kin_raff-georg-christian_1796_2,678,0.91478,non_junk,non_divine_teleology,0.03031,0.96351,0.00617
ia_bim_eighteenth-century_naturgeschichte-fr-kin_raff-georg-christian_1796_2,679,0.71441,non_junk,non_divine_teleology,0.00655,0.97635,0.0171
ia_bim_eighteenth-century_naturgeschichte-fr-kin_raff-georg-christian_1796_2,680,0.00064,junk,,,,
ia_bim_eighteenth-century_naturgeschichte-fr-kin_raff-georg-christian_1796_2,681,0.00974,junk,,,,
ia_bim_eighteenth-century_naturgeschichte-fr-kin_raff-georg-christian_1796_2,682,0.01305,junk,,,,
ia_bim_eighteenth-century_naturgeschichte-fr-kin_raff-georg-christian_1796_2,683,0.11854,junk,,,,
ia_bim_eighteenth-century_naturgeschichte-fr-kin_raff-georg-christian_1796_2,684,0.00339,junk,,,,
ia_bim_eighteenth-century_naturgeschichte-fr-kin_raff-georg-christian_1796_2,685,0.01595,junk,,,,
ia_bim_eighteenth-century_naturgeschichte-fr-kin_raff-georg-christian_1796_2,686,0.00034,junk,,,,
ia_bim_eighteenth-century_naturgeschichte-fr-kin_raff-georg-christian_1796_2,687,0.01511,junk,,,,
ia_bim_eighteenth-century_naturgeschichte-fr-kin_raff-georg-christian_1796_2,688,0.00025,junk,,,,
ia_bim_eighteenth-century_naturgeschichte-fr-kin_raff-georg-christian_1796_2,689,0.01546,junk,,,,
ia_bim_eighteenth-century_naturgeschichte-fr-kin_raff-georg-christian_1796_2,690,0.22333,junk,,,,
ia_bim_eighteenth-century_naturgeschichte-fr-kin_raff-georg-christian_1796_2,691,0.22971,junk,,,,
ia_bim_eighteenth-century_naturgeschichte-fr-kin_raff-georg-christian_1796_2,692,0.05008,junk,,,,
ia_bim_eighteenth-century_naturgeschichte-fr-kin_raff-georg-christian_1796_2,693,0.00252,junk,,,,
ia_bim_eighteenth-century_naturgeschichte-fr-kin_raff-georg-christian_1796_2,694,0.68758,non_junk,non_divine_teleology,0.0308,0.96284,0.00636
ia_bim_eighteenth-century_naturgeschichte-fr-kin_raff-georg-christian_1796_2,695,0.00323,junk,,,,
ia_bim_eighteenth-century_naturgeschichte-fr-kin_raff-georg-christian_1796_2,696,0.02151,junk,,,,
ia_bim_eighteenth-century_naturgeschichte-fr-kin_raff-georg-christian_1796_2,697,0.34482,junk,,,,
ia_bim_eighteenth-century_naturgeschichte-fr-kin_raff-georg-christian_1796_2,698,0.00084,junk,,,,
ia_bim_eighteenth-century_naturgeschichte-fr-kin_raff-georg-christian_1796_2,699,2e-05,junk,,,,
ia_bim_eighteenth-century_naturgeschichte-fr-kin_raff-georg-christian_1796_2,700,0.01496,junk,,,,
ia_bim_eighteenth-century_naturgeschichte-fr-kin_raff-georg-christian_1796_2,701,0.00244,junk,,,,
ia_bim_eighteenth-century_naturgeschichte-fr-kin_raff-georg-christian_1796_2,702,0.09112,junk,,,,
ia_bim_eighteenth-century_naturgeschichte-fr-kin_raff-georg-christian_1796_2,703,0.02436,junk,,,,
ia_bim_eighteenth-century_naturgeschichte-fr-kin_raff-georg-christian_1796_2,704,0.02575,junk,,,,
ia_bim_eighteenth-century_naturgeschichte-fr-kin_raff-georg-christian_1796_2,705,0.01017,junk,,,,
ia_bim_eighteenth-century_naturgeschichte-fr-kin_raff-georg-christian_1796_2,706,0.15127,junk,,,,
ia_bim_eighteenth-century_naturgeschichte-fr-kin_raff-georg-christian_1796_2,707,0.06535,junk,,,,
ia_bim_eighteenth-century_naturgeschichte-fr-kin_raff-georg-christian_1796_2,708,0.35674,junk,,,,
ia_bim_eighteenth-century_naturgeschichte-fr-kin_raff-georg-christian_1796_2,709,0.1547,junk,,,,
ia_bim_eighteenth-century_naturgeschichte-fr-kin_raff-georg-christian_1796_2,710,0.50511,non_junk,non_divine_teleology,0.02331,0.93087,0.04582
ia_bim_eighteenth-century_naturgeschichte-fr-kin_raff-georg-christian_1796_2,711,0.00182,junk,,,,
ia_bim_eighteenth-century_naturgeschichte-fr-kin_raff-georg-christian_1796_2,712,0.01229,junk,,,,
ia_bim_eighteenth-century_naturgeschichte-fr-kin_raff-georg-christian_1796_2,713,0.90125,non_junk,non_divine_teleology,0.00775,0.98289,0.00937
ia_bim_eighteenth-century_naturgeschichte-fr-kin_raff-georg-christian_1796_2,714,0.17609,junk,,,,
ia_bim_eighteenth-century_naturgeschichte-fr-kin_raff-georg-christian_1796_2,715,0.45926,junk,,,,
ia_bim_eighteenth-century_naturgeschichte-fr-kin_raff-georg-christian_1796_2,716,0.04971,junk,,,,
ia_bim_eighteenth-century_naturgeschichte-fr-kin_raff-georg-christian_1796_2,717,0.00094,junk,,,,
ia_bim_eighteenth-century_naturgeschichte-fr-kin_raff-georg-christian_1796_2,718,0.63237,non_junk,non_divine_teleology,0.00259,0.77136,0.22604
ia_bim_eighteenth-century_naturgeschichte-fr-kin_raff-georg-christian_1796_2,719,0.00191,junk,,,,
ia_bim_eighteenth-century_naturgeschichte-fr-kin_raff-georg-christian_1796_2,720,0.59284,non_junk,non_divine_teleology,0.01114,0.92369,0.06518
ia_bim_eighteenth-century_naturgeschichte-fr-kin_raff-georg-christian_1796_2,721,0.02187,junk,,,,
ia_bim_eighteenth-century_naturgeschichte-fr-kin_raff-georg-christian_1796_2,722,0.00042,junk,,,,
ia_bim_eighteenth-century_naturgeschichte-fr-kin_raff-georg-christian_1796_2,723,0.00826,junk,,,,
ia_bim_eighteenth-century_naturgeschichte-fr-kin_raff-georg-christian_1796_2,724,0.15768,junk,,,,
ia_bim_eighteenth-century_naturgeschichte-fr-kin_raff-georg-christian_1796_2,725,0.0022,junk,,,,
ia_bim_eighteenth-century_naturgeschichte-fr-kin_raff-georg-christian_1796_2,726,0.06004,junk,,,,
ia_bim_eighteenth-century_naturgeschichte-fr-kin_raff-georg-christian_1796_2,727,0.27926,junk,,,,
ia_bim_eighteenth-century_naturgeschichte-fr-kin_raff-georg-christian_1796_2,728,0.15958,junk,,,,
ia_bim_eighteenth-century_naturgeschichte-fr-kin_raff-georg-christian_1796_2,729,0.03769,junk,,,,
ia_bim_eighteenth-century_naturgeschichte-fr-kin_raff-georg-christian_1796_2,730,0.00729,junk,,,,
ia_bim_eighteenth-century_naturgeschichte-fr-kin_raff-georg-christian_1796_2,731,0.17116,junk,,,,
ia_bim_eighteenth-century_naturgeschichte-fr-kin_raff-georg-christian_1796_2,732,0.31376,junk,,,,
ia_bim_eighteenth-century_naturgeschichte-fr-kin_raff-georg-christian_1796_2,733,0.04743,junk,,,,
ia_bim_eighteenth-century_naturgeschichte-fr-kin_raff-georg-christian_1796_2,734,0.07509,junk,,,,
ia_bim_eighteenth-century_naturgeschichte-fr-kin_raff-georg-christian_1796_2,735,0.28189,junk,,,,
ia_bim_eighteenth-century_naturgeschichte-fr-kin_raff-georg-christian_1796_2,736,0.89271,non_junk,non_divine_teleology,0.00805,0.97996,0.01199
ia_bim_eighteenth-century_naturgeschichte-fr-kin_raff-georg-christian_1796_2,737,0.05288,junk,,,,
ia_bim_eighteenth-century_naturgeschichte-fr-kin_raff-georg-christian_1796_2,738,0.05288,junk,,,,
ia_bim_eighteenth-century_naturgeschichte-fr-kin_raff-georg-christian_1796_2,739,0.57906,non_junk,non_divine_teleology,0.03528,0.91736,0.04736
ia_bim_eighteenth-century_naturgeschichte-fr-kin_raff-georg-christian_1796_2,740,0.13502,junk,,,,
ia_bim_eighteenth-century_naturgeschichte-fr-kin_raff-georg-christian_1796_2,741,0.85344,non_junk,non_divine_teleology,0.02207,0.89497,0.08296
ia_bim_eighteenth-century_naturgeschichte-fr-kin_raff-georg-christian_1796_2,742,0.03854,junk,,,,
ia_bim_eighteenth-century_naturgeschichte-fr-kin_raff-georg-christian_1796_2,743,0.00289,junk,,,,
ia_bim_eighteenth-century_naturgeschichte-fr-kin_raff-georg-christian_1796_2,744,0.16016,junk,,,,
ia_bim_eighteenth-century_naturgeschichte-fr-kin_raff-georg-christian_1796_2,745,0.02792,junk,,,,
ia_bim_eighteenth-century_naturgeschichte-fr-kin_raff-georg-christian_1796_2,746,0.00112,junk,,,,
ia_bim_eighteenth-century_naturgeschichte-fr-kin_raff-georg-christian_1796_2,747,0.00202,junk,,,,
ia_bim_eighteenth-century_naturgeschichte-fr-kin_raff-georg-christian_1796_2,748,0.26019,junk,,,,
ia_bim_eighteenth-century_naturgeschichte-fr-kin_raff-georg-christian_1796_2,749,0.89571,non_junk,non_divine_teleology,0.01037,0.94555,0.04409
ia_bim_eighteenth-century_naturgeschichte-fr-kin_raff-georg-christian_1796_2,750,0.93589,non_junk,non_divine_teleology,0.07857,0.88481,0.03662
ia_bim_eighteenth-century_naturgeschichte-fr-kin_raff-georg-christian_1796_2,751,0.10119,junk,,,,
ia_bim_eighteenth-century_naturgeschichte-fr-kin_raff-georg-christian_1796_2,752,0.89972,non_junk,non_divine_teleology,0.00858,0.97457,0.01684
ia_bim_eighteenth-century_naturgeschichte-fr-kin_raff-georg-christian_1796_2,753,0.02211,junk,,,,
ia_bim_eighteenth-century_naturgeschichte-fr-kin_raff-georg-christian_1796_2,754,0.97699,non_junk,non_divine_teleology,0.0086,0.98633,0.00507
ia_bim_eighteenth-century_naturgeschichte-fr-kin_raff-georg-christian_1796_2,755,0.85732,non_junk,non_divine_teleology,0.03516,0.95366,0.01118
ia_bim_eighteenth-century_naturgeschichte-fr-kin_raff-georg-christian_1796_2,756,0.05836,junk,,,,
ia_bim_eighteenth-century_naturgeschichte-fr-kin_raff-georg-christian_1796_2,757,0.03775,junk,,,,
ia_bim_eighteenth-century_naturgeschichte-fr-kin_raff-georg-christian_1796_2,758,0.00076,junk,,,,
ia_bim_eighteenth-century_naturgeschichte-fr-kin_raff-georg-christian_1796_2,759,0.99351,non_junk,non_divine_teleology,0.0043,0.97804,0.01766
ia_bim_eighteenth-century_naturgeschichte-fr-kin_raff-georg-christian_1796_2,760,0.04828,junk,,,,
ia_bim_eighteenth-century_naturgeschichte-fr-kin_raff-georg-christian_1796_2,761,0.57044,non_junk,non_divine_teleology,0.01133,0.94311,0.04555
ia_bim_eighteenth-century_naturgeschichte-fr-kin_raff-georg-christian_1796_2,762,0.33346,junk,,,,
ia_bim_eighteenth-century_naturgeschichte-fr-kin_raff-georg-christian_1796_2,763,0.31535,junk,,,,
ia_bim_eighteenth-century_naturgeschichte-fr-kin_raff-georg-christian_1796_2,764,0.97803,non_junk,non_divine_teleology,0.01412,0.93324,0.05265
ia_bim_eighteenth-century_naturgeschichte-fr-kin_raff-georg-christian_1796_2,765,0.04972,junk,,,,
ia_bim_eighteenth-century_naturgeschichte-fr-kin_raff-georg-christian_1796_2,766,0.94289,non_junk,non_divine_teleology,0.00169,0.99345,0.00486
ia_bim_eighteenth-century_naturgeschichte-fr-kin_raff-georg-christian_1796_2,767,0.99821,non_junk,non_divine_teleology,0.00613,0.99292,0.00095
ia_bim_eighteenth-century_naturgeschichte-fr-kin_raff-georg-christian_1796_2,768,0.55763,non_junk,non_divine_teleology,0.04379,0.94191,0.0143
ia_bim_eighteenth-century_naturgeschichte-fr-kin_raff-georg-christian_1796_2,769,0.88735,non_junk,non_divine_teleology,0.02263,0.9302,0.04717
ia_bim_eighteenth-century_naturgeschichte-fr-kin_raff-georg-christian_1796_2,770,0.96781,non_junk,non_divine_teleology,0.00399,0.98169,0.01431
ia_bim_eighteenth-century_naturgeschichte-fr-kin_raff-georg-christian_1796_2,771,0.00053,junk,,,,
ia_bim_eighteenth-century_naturgeschichte-fr-kin_raff-georg-christian_1796_2,772,0.40186,junk,,,,
ia_bim_eighteenth-century_naturgeschichte-fr-kin_raff-georg-christian_1796_2,773,0.01792,junk,,,,
ia_bim_eighteenth-century_naturgeschichte-fr-kin_raff-georg-christian_1796_2,774,0.76055,non_junk,non_divine_teleology,0.01096,0.96905,0.01999
ia_bim_eighteenth-century_naturgeschichte-fr-kin_raff-georg-christian_1796_2,775,0.01039,junk,,,,
ia_bim_eighteenth-century_naturgeschichte-fr-kin_raff-georg-christian_1796_2,776,0.26484,junk,,,,
ia_bim_eighteenth-century_naturgeschichte-fr-kin_raff-georg-christian_1796_2,777,0.00242,junk,,,,
ia_bim_eighteenth-century_naturgeschichte-fr-kin_raff-georg-christian_1796_2,778,0.00872,junk,,,,
ia_bim_eighteenth-century_naturgeschichte-fr-kin_raff-georg-christian_1796_2,779,0.04637,junk,,,,
ia_bim_eighteenth-century_naturgeschichte-fr-kin_raff-georg-christian_1796_2,780,0.01634,junk,,,,
ia_bim_eighteenth-century_naturgeschichte-fr-kin_raff-georg-christian_1796_2,781,0.24925,junk,,,,
ia_bim_eighteenth-century_naturgeschichte-fr-kin_raff-georg-christian_1796_2,782,0.16468,junk,,,,
ia_bim_eighteenth-century_naturgeschichte-fr-kin_raff-georg-christian_1796_2,783,0.00149,junk,,,,
ia_bim_eighteenth-century_naturgeschichte-fr-kin_raff-georg-christian_1796_2,784,0.003,junk,,,,
ia_bim_eighteenth-century_naturgeschichte-fr-kin_raff-georg-christian_1796_2,785,0.03062,junk,,,,
ia_bim_eighteenth-century_naturgeschichte-fr-kin_raff-georg-christian_1796_2,786,0.01256,junk,,,,
ia_bim_eighteenth-century_naturgeschichte-fr-kin_raff-georg-christian_1796_2,787,0.0184,junk,,,,
ia_bim_eighteenth-century_naturgeschichte-fr-kin_raff-georg-christian_1796_2,788,0.41856,junk,,,,
ia_bim_eighteenth-century_naturgeschichte-fr-kin_raff-georg-christian_1796_2,789,0.31136,junk,,,,
ia_bim_eighteenth-century_naturgeschichte-fr-kin_raff-georg-christian_1796_2,790,0.98016,non_junk,non_divine_teleology,0.01939,0.94184,0.03877
ia_bim_eighteenth-century_naturgeschichte-fr-kin_raff-georg-christian_1796_2,791,0.91473,non_junk,non_divine_teleology,0.03145,0.93538,0.03317
ia_bim_eighteenth-century_naturgeschichte-fr-kin_raff-georg-christian_1796_2,792,0.00976,junk,,,,
ia_bim_eighteenth-century_naturgeschichte-fr-kin_raff-georg-christian_1796_2,793,0.01029,junk,,,,
ia_bim_eighteenth-century_naturgeschichte-fr-kin_raff-georg-christian_1796_2,794,0.40855,junk,,,,
ia_bim_eighteenth-century_naturgeschichte-fr-kin_raff-georg-christian_1796_2,795,0.99585,non_junk,non_divine_teleology,0.01052,0.9851,0.00437
ia_bim_eighteenth-century_naturgeschichte-fr-kin_raff-georg-christian_1796_2,796,0.97742,non_junk,non_divine_teleology,0.04211,0.93469,0.0232
ia_bim_eighteenth-century_naturgeschichte-fr-kin_raff-georg-christian_1796_2,797,0.26684,junk,,,,
ia_bim_eighteenth-century_naturgeschichte-fr-kin_raff-georg-christian_1796_2,798,0.0324,junk,,,,
ia_bim_eighteenth-century_naturgeschichte-fr-kin_raff-georg-christian_1796_2,799,0.00228,junk,,,,
ia_bim_eighteenth-century_naturgeschichte-fr-kin_raff-georg-christian_1796_2,800,0.08206,junk,,,,
ia_bim_eighteenth-century_naturgeschichte-fr-kin_raff-georg-christian_1796_2,801,0.37509,junk,,,,
ia_bim_eighteenth-century_naturgeschichte-fr-kin_raff-georg-christian_1796_2,802,0.27095,junk,,,,
ia_bim_eighteenth-century_naturgeschichte-fr-kin_raff-georg-christian_1796_2,803,0.26273,junk,,,,
ia_bim_eighteenth-century_naturgeschichte-fr-kin_raff-georg-christian_1796_2,804,0.08281,junk,,,,
ia_bim_eighteenth-century_naturgeschichte-fr-kin_raff-georg-christian_1796_2,805,0.15345,junk,,,,
ia_bim_eighteenth-century_naturgeschichte-fr-kin_raff-georg-christian_1796_2,806,0.17915,junk,,,,
ia_bim_eighteenth-century_naturgeschichte-fr-kin_raff-georg-christian_1796_2,807,0.00392,junk,,,,
ia_bim_eighteenth-century_naturgeschichte-fr-kin_raff-georg-christian_1796_2,808,0.01802,junk,,,,
ia_bim_eighteenth-century_naturgeschichte-fr-kin_raff-georg-christian_1796_2,809,0.92224,non_junk,non_divine_teleology,0.00916,0.98402,0.00682
ia_bim_eighteenth-century_naturgeschichte-fr-kin_raff-georg-christian_1796_2,810,0.04824,junk,,,,
ia_bim_eighteenth-century_naturgeschichte-fr-kin_raff-georg-christian_1796_2,811,0.01516,junk,,,,
ia_bim_eighteenth-century_naturgeschichte-fr-kin_raff-georg-christian_1796_2,812,0.99308,non_junk,non_divine_teleology,0.00729,0.97391,0.0188
ia_bim_eighteenth-century_naturgeschichte-fr-kin_raff-georg-christian_1796_2,813,0.63266,non_junk,non_divine_teleology,0.00309,0.90833,0.08858
ia_bim_eighteenth-century_naturgeschichte-fr-kin_raff-georg-christian_1796_2,814,0.01038,junk,,,,
ia_bim_eighteenth-century_naturgeschichte-fr-kin_raff-georg-christian_1796_2,815,0.01206,junk,,,,
ia_bim_eighteenth-century_naturgeschichte-fr-kin_raff-georg-christian_1796_2,816,0.02,junk,,,,
ia_bim_eighteenth-century_naturgeschichte-fr-kin_raff-georg-christian_1796_2,817,0.00241,junk,,,,
ia_bim_eighteenth-century_naturgeschichte-fr-kin_raff-georg-christian_1796_2,818,0.02363,junk,,,,
ia_bim_eighteenth-century_naturgeschichte-fr-kin_raff-georg-christian_1796_2,819,0.04867,junk,,,,
ia_bim_eighteenth-century_naturgeschichte-fr-kin_raff-georg-christian_1796_2,820,0.28503,junk,,,,
ia_bim_eighteenth-century_naturgeschichte-fr-kin_raff-georg-christian_1796_2,821,0.00206,junk,,,,
ia_bim_eighteenth-century_naturgeschichte-fr-kin_raff-georg-christian_1796_2,822,0.08277,junk,,,,
ia_bim_eighteenth-century_naturgeschichte-fr-kin_raff-georg-christian_1796_2,823,0.0094,junk,,,,
ia_bim_eighteenth-century_naturgeschichte-fr-kin_raff-georg-christian_1796_2,824,0.03728,junk,,,,
ia_bim_eighteenth-century_naturgeschichte-fr-kin_raff-georg-christian_1796_2,825,0.20172,junk,,,,
ia_bim_eighteenth-century_naturgeschichte-fr-kin_raff-georg-christian_1796_2,826,0.00118,junk,,,,
ia_bim_eighteenth-century_naturgeschichte-fr-kin_raff-georg-christian_1796_2,827,0.00233,junk,,,,
ia_bim_eighteenth-century_naturgeschichte-fr-kin_raff-georg-christian_1796_2,828,0.0911,junk,,,,
ia_bim_eighteenth-century_naturgeschichte-fr-kin_raff-georg-christian_1796_2,829,0.01601,junk,,,,
ia_bim_eighteenth-century_naturgeschichte-fr-kin_raff-georg-christian_1796_2,830,0.00184,junk,,,,
ia_bim_eighteenth-century_naturgeschichte-fr-kin_raff-georg-christian_1796_2,831,0.00081,junk,,,,
ia_bim_eighteenth-century_naturgeschichte-fr-kin_raff-georg-christian_1796_2,832,0.02579,junk,,,,
ia_bim_eighteenth-century_naturgeschichte-fr-kin_raff-georg-christian_1796_2,833,0.00708,junk,,,,
ia_bim_eighteenth-century_naturgeschichte-fr-kin_raff-georg-christian_1796_2,834,0.02958,junk,,,,
ia_bim_eighteenth-century_naturgeschichte-fr-kin_raff-georg-christian_1796_2,835,0.17512,junk,,,,
ia_bim_eighteenth-century_naturgeschichte-fr-kin_raff-georg-christian_1796_2,836,0.04715,junk,,,,
ia_bim_eighteenth-century_naturgeschichte-fr-kin_raff-georg-christian_1796_2,837,0.00022,junk,,,,
ia_bim_eighteenth-century_naturgeschichte-fr-kin_raff-georg-christian_1796_2,838,0.00022,junk,,,,
ia_bim_eighteenth-century_naturgeschichte-fr-kin_raff-georg-christian_1796_2,839,0.17722,junk,,,,
ia_bim_eighteenth-century_naturgeschichte-fr-kin_raff-georg-christian_1796_2,840,0.01389,junk,,,,
ia_bim_eighteenth-century_naturgeschichte-fr-kin_raff-georg-christian_1796_2,841,0.01324,junk,,,,
ia_bim_eighteenth-century_naturgeschichte-fr-kin_raff-georg-christian_1796_2,842,0.20275,junk,,,,
ia_bim_eighteenth-century_naturgeschichte-fr-kin_raff-georg-christian_1796_2,843,0.7088,non_junk,non_divine_teleology,0.01819,0.79817,0.18364
ia_bim_eighteenth-century_naturgeschichte-fr-kin_raff-georg-christian_1796_2,844,0.01346,junk,,,,
ia_bim_eighteenth-century_naturgeschichte-fr-kin_raff-georg-christian_1796_2,845,0.00138,junk,,,,
ia_bim_eighteenth-century_naturgeschichte-fr-kin_raff-georg-christian_1796_2,846,0.02186,junk,,,,
ia_bim_eighteenth-century_naturgeschichte-fr-kin_raff-georg-christian_1796_2,847,0.00412,junk,,,,
ia_bim_eighteenth-century_naturgeschichte-fr-kin_raff-georg-christian_1796_2,848,0.00084,junk,,,,
ia_bim_eighteenth-century_naturgeschichte-fr-kin_raff-georg-christian_1796_2,849,0.92731,non_junk,non_divine_teleology,0.02143,0.90233,0.07624
ia_bim_eighteenth-century_naturgeschichte-fr-kin_raff-georg-christian_1796_2,850,0.00437,junk,,,,
ia_bim_eighteenth-century_naturgeschichte-fr-kin_raff-georg-christian_1796_2,851,0.99969,non_junk,non_divine_teleology,0.03149,0.94931,0.01921
ia_bim_eighteenth-century_naturgeschichte-fr-kin_raff-georg-christian_1796_2,852,0.48124,junk,,,,
ia_bim_eighteenth-century_naturgeschichte-fr-kin_raff-georg-christian_1796_2,853,0.48183,junk,,,,
ia_bim_eighteenth-century_naturgeschichte-fr-kin_raff-georg-christian_1796_2,854,0.00078,junk,,,,
ia_bim_eighteenth-century_naturgeschichte-fr-kin_raff-georg-christian_1796_2,855,0.01533,junk,,,,
ia_bim_eighteenth-century_naturgeschichte-fr-kin_raff-georg-christian_1796_2,856,0.00108,junk,,,,
ia_bim_eighteenth-century_naturgeschichte-fr-kin_raff-georg-christian_1796_2,857,0.00232,junk,,,,
ia_bim_eighteenth-century_naturgeschichte-fr-kin_raff-georg-christian_1796_2,858,0.00041,junk,,,,
ia_bim_eighteenth-century_naturgeschichte-fr-kin_raff-georg-christian_1796_2,859,0.97574,non_junk,internal_essence,0.00205,0.05321,0.94474
ia_bim_eighteenth-century_naturgeschichte-fr-kin_raff-georg-christian_1796_2,860,0.92277,non_junk,non_divine_teleology,0.00828,0.98836,0.00336
ia_bim_eighteenth-century_naturgeschichte-fr-kin_raff-georg-christian_1796_2,861,0.00086,junk,,,,
ia_bim_eighteenth-century_naturgeschichte-fr-kin_raff-georg-christian_1796_2,862,0.29664,junk,,,,
ia_bim_eighteenth-century_naturgeschichte-fr-kin_raff-georg-christian_1796_2,863,0.22119,junk,,,,
ia_bim_eighteenth-century_naturgeschichte-fr-kin_raff-georg-christian_1796_2,864,0.18042,junk,,,,
ia_bim_eighteenth-century_naturgeschichte-fr-kin_raff-georg-christian_1796_2,865,0.00146,junk,,,,
ia_bim_eighteenth-century_naturgeschichte-fr-kin_raff-georg-christian_1796_2,866,0.95423,non_junk,non_divine_teleology,0.01757,0.94997,0.03246
ia_bim_eighteenth-century_naturgeschichte-fr-kin_raff-georg-christian_1796_2,867,0.65961,non_junk,non_divine_teleology,0.00861,0.96005,0.03134
ia_bim_eighteenth-century_naturgeschichte-fr-kin_raff-georg-christian_1796_2,868,0.58685,non_junk,non_divine_teleology,0.04093,0.82752,0.13154
ia_bim_eighteenth-century_naturgeschichte-fr-kin_raff-georg-christian_1796_2,869,0.0001,junk,,,,
ia_bim_eighteenth-century_naturgeschichte-fr-kin_raff-georg-christian_1796_2,870,0.99641,non_junk,non_divine_teleology,0.00311,0.97856,0.01833
ia_bim_eighteenth-century_naturgeschichte-fr-kin_raff-georg-christian_1796_2,871,0.06924,junk,,,,
ia_bim_eighteenth-century_naturgeschichte-fr-kin_raff-georg-christian_1796_2,872,0.94761,non_junk,non_divine_teleology,0.00685,0.60976,0.38339
ia_bim_eighteenth-century_naturgeschichte-fr-kin_raff-georg-christian_1796_2,873,0.30857,junk,,,,
ia_bim_eighteenth-century_naturgeschichte-fr-kin_raff-georg-christian_1796_2,874,0.02381,junk,,,,
ia_bim_eighteenth-century_naturgeschichte-fr-kin_raff-georg-christian_1796_2,875,0.97411,non_junk,non_divine_teleology,0.00963,0.94095,0.04942
ia_bim_eighteenth-century_naturgeschichte-fr-kin_raff-georg-christian_1796_2,876,0.00251,junk,,,,
ia_bim_eighteenth-century_naturgeschichte-fr-kin_raff-georg-christian_1796_2,877,0.02969,junk,,,,
ia_bim_eighteenth-century_naturgeschichte-fr-kin_raff-georg-christian_1796_2,878,0.45412,junk,,,,
ia_bim_eighteenth-century_naturgeschichte-fr-kin_raff-georg-christian_1796_2,879,0.29614,junk,,,,
ia_bim_eighteenth-century_naturgeschichte-fr-kin_raff-georg-christian_1796_2,880,0.2212,junk,,,,
ia_bim_eighteenth-century_naturgeschichte-fr-kin_raff-georg-christian_1796_2,881,0.01749,junk,,,,
ia_bim_eighteenth-century_naturgeschichte-fr-kin_raff-georg-christian_1796_2,882,0.93285,non_junk,non_divine_teleology,0.02455,0.95971,0.01574
ia_bim_eighteenth-century_naturgeschichte-fr-kin_raff-georg-christian_1796_2,883,0.86941,non_junk,non_divine_teleology,0.01236,0.95251,0.03513
ia_bim_eighteenth-century_naturgeschichte-fr-kin_raff-georg-christian_1796_2,884,0.08553,junk,,,,
ia_bim_eighteenth-century_naturgeschichte-fr-kin_raff-georg-christian_1796_2,885,0.29887,junk,,,,
ia_bim_eighteenth-century_naturgeschichte-fr-kin_raff-georg-christian_1796_2,886,0.04071,junk,,,,
ia_bim_eighteenth-century_naturgeschichte-fr-kin_raff-georg-christian_1796_2,887,0.13406,junk,,,,
ia_bim_eighteenth-century_naturgeschichte-fr-kin_raff-georg-christian_1796_2,888,0.99553,non_junk,non_divine_teleology,0.00885,0.97604,0.01511
ia_bim_eighteenth-century_naturgeschichte-fr-kin_raff-georg-christian_1796_2,889,0.56508,non_junk,non_divine_teleology,0.00233,0.6475,0.35017
ia_bim_eighteenth-century_naturgeschichte-fr-kin_raff-georg-christian_1796_2,890,0.99869,non_junk,non_divine_teleology,0.00625,0.98718,0.00656
ia_bim_eighteenth-century_naturgeschichte-fr-kin_raff-georg-christian_1796_2,891,0.02164,junk,,,,
ia_bim_eighteenth-century_naturgeschichte-fr-kin_raff-georg-christian_1796_2,892,0.08077,junk,,,,
ia_bim_eighteenth-century_naturgeschichte-fr-kin_raff-georg-christian_1796_2,893,0.59563,non_junk,non_divine_teleology,0.02367,0.95125,0.02508
ia_bim_eighteenth-century_naturgeschichte-fr-kin_raff-georg-christian_1796_2,894,0.41094,junk,,,,
ia_bim_eighteenth-century_naturgeschichte-fr-kin_raff-georg-christian_1796_2,895,0.03954,junk,,,,
ia_bim_eighteenth-century_naturgeschichte-fr-kin_raff-georg-christian_1796_2,896,0.07133,junk,,,,
ia_bim_eighteenth-century_naturgeschichte-fr-kin_raff-georg-christian_1796_2,897,0.69607,non_junk,non_divine_teleology,0.00571,0.98116,0.01313
ia_bim_eighteenth-century_naturgeschichte-fr-kin_raff-georg-christian_1796_2,898,0.43632,junk,,,,
ia_bim_eighteenth-century_naturgeschichte-fr-kin_raff-georg-christian_1796_2,899,0.00709,junk,,,,
ia_bim_eighteenth-century_naturgeschichte-fr-kin_raff-georg-christian_1796_2,900,0.00857,junk,,,,
ia_bim_eighteenth-century_naturgeschichte-fr-kin_raff-georg-christian_1796_2,901,0.94968,non_junk,non_divine_teleology,0.0044,0.97056,0.02505
ia_bim_eighteenth-century_naturgeschichte-fr-kin_raff-georg-christian_1796_2,902,0.00173,junk,,,,
ia_bim_eighteenth-century_naturgeschichte-fr-kin_raff-georg-christian_1796_2,903,0.99357,non_junk,non_divine_teleology,0.01072,0.93178,0.0575
ia_bim_eighteenth-century_naturgeschichte-fr-kin_raff-georg-christian_1796_2,904,0.31243,junk,,,,
ia_bim_eighteenth-century_naturgeschichte-fr-kin_raff-georg-christian_1796_2,905,0.01621,junk,,,,
ia_bim_eighteenth-century_naturgeschichte-fr-kin_raff-georg-christian_1796_2,906,0.01621,junk,,,,
ia_bim_eighteenth-century_naturgeschichte-fr-kin_raff-georg-christian_1796_2,907,0.12074,junk,,,,
ia_bim_eighteenth-century_naturgeschichte-fr-kin_raff-georg-christian_1796_2,908,0.01094,junk,,,,
ia_bim_eighteenth-century_naturgeschichte-fr-kin_raff-georg-christian_1796_2,909,0.00281,junk,,,,
ia_bim_eighteenth-century_naturgeschichte-fr-kin_raff-georg-christian_1796_2,910,5e-05,junk,,,,
ia_bim_eighteenth-century_naturgeschichte-fr-kin_raff-georg-christian_1796_2,911,0.06981,junk,,,,
ia_bim_eighteenth-century_naturgeschichte-fr-kin_raff-georg-christian_1796_2,912,0.03532,junk,,,,
ia_bim_eighteenth-century_naturgeschichte-fr-kin_raff-georg-christian_1796_2,913,0.18451,junk,,,,
ia_bim_eighteenth-century_naturgeschichte-fr-kin_raff-georg-christian_1796_2,914,0.01236,junk,,,,
ia_bim_eighteenth-century_naturgeschichte-fr-kin_raff-georg-christian_1796_2,915,0.96984,non_junk,non_divine_teleology,0.02049,0.96856,0.01096
ia_bim_eighteenth-century_naturgeschichte-fr-kin_raff-georg-christian_1796_2,916,0.19617,junk,,,,
ia_bim_eighteenth-century_naturgeschichte-fr-kin_raff-georg-christian_1796_2,917,0.16685,junk,,,,
ia_bim_eighteenth-century_naturgeschichte-fr-kin_raff-georg-christian_1796_2,918,0.04096,junk,,,,
ia_bim_eighteenth-century_naturgeschichte-fr-kin_raff-georg-christian_1796_2,919,0.038,junk,,,,
ia_bim_eighteenth-century_naturgeschichte-fr-kin_raff-georg-christian_1796_2,920,0.06801,junk,,,,
ia_bim_eighteenth-century_naturgeschichte-fr-kin_raff-georg-christian_1796_2,921,0.15742,junk,,,,
ia_bim_eighteenth-century_naturgeschichte-fr-kin_raff-georg-christian_1796_2,922,0.02685,junk,,,,
ia_bim_eighteenth-century_naturgeschichte-fr-kin_raff-georg-christian_1796_2,923,0.00532,junk,,,,
ia_bim_eighteenth-century_naturgeschichte-fr-kin_raff-georg-christian_1796_2,924,0.00035,junk,,,,
ia_bim_eighteenth-century_naturgeschichte-fr-kin_raff-georg-christian_1796_2,925,0.04139,junk,,,,
ia_bim_eighteenth-century_naturgeschichte-fr-kin_raff-georg-christian_1796_2,926,0.02402,junk,,,,
ia_bim_eighteenth-century_naturgeschichte-fr-kin_raff-georg-christian_1796_2,927,0.06171,junk,,,,
ia_bim_eighteenth-century_naturgeschichte-fr-kin_raff-georg-christian_1796_2,928,0.00699,junk,,,,
ia_bim_eighteenth-century_naturgeschichte-fr-kin_raff-georg-christian_1796_2,929,0.0689,junk,,,,
ia_bim_eighteenth-century_naturgeschichte-fr-kin_raff-georg-christian_1796_2,930,0.01091,junk,,,,
ia_bim_eighteenth-century_naturgeschichte-fr-kin_raff-georg-christian_1796_2,931,0.00094,junk,,,,
ia_bim_eighteenth-century_naturgeschichte-fr-kin_raff-georg-christian_1796_2,932,0.0004,junk,,,,
ia_bim_eighteenth-century_naturgeschichte-fr-kin_raff-georg-christian_1796_2,933,0.00123,junk,,,,
ia_bim_eighteenth-century_naturgeschichte-fr-kin_raff-georg-christian_1796_2,934,0.00323,junk,,,,
ia_bim_eighteenth-century_naturgeschichte-fr-kin_raff-georg-christian_1796_2,935,0.00433,junk,,,,
ia_bim_eighteenth-century_naturgeschichte-fr-kin_raff-georg-christian_1796_2,936,0.0003,junk,,,,
ia_bim_eighteenth-century_naturgeschichte-fr-kin_raff-georg-christian_1796_2,937,0.00048,junk,,,,
ia_bim_eighteenth-century_naturgeschichte-fr-kin_raff-georg-christian_1796_2,938,0.00712,junk,,,,
ia_bim_eighteenth-century_naturgeschichte-fr-kin_raff-georg-christian_1796_2,939,0.1803,junk,,,,
ia_bim_eighteenth-century_naturgeschichte-fr-kin_raff-georg-christian_1796_2,940,0.48063,junk,,,,
ia_bim_eighteenth-century_naturgeschichte-fr-kin_raff-georg-christian_1796_2,941,0.14377,junk,,,,
ia_bim_eighteenth-century_naturgeschichte-fr-kin_raff-georg-christian_1796_2,942,0.73698,non_junk,non_divine_teleology,0.0166,0.95115,0.03225
ia_bim_eighteenth-century_naturgeschichte-fr-kin_raff-georg-christian_1796_2,943,0.00853,junk,,,,
ia_bim_eighteenth-century_naturgeschichte-fr-kin_raff-georg-christian_1796_2,944,0.06995,junk,,,,
ia_bim_eighteenth-century_naturgeschichte-fr-kin_raff-georg-christian_1796_2,945,0.33858,junk,,,,
ia_bim_eighteenth-century_naturgeschichte-fr-kin_raff-georg-christian_1796_2,946,0.04311,junk,,,,
ia_bim_eighteenth-century_naturgeschichte-fr-kin_raff-georg-christian_1796_2,947,0.00387,junk,,,,
ia_bim_eighteenth-century_naturgeschichte-fr-kin_raff-georg-christian_1796_2,948,0.44293,junk,,,,
ia_bim_eighteenth-century_naturgeschichte-fr-kin_raff-georg-christian_1796_2,949,0.00193,junk,,,,
ia_bim_eighteenth-century_naturgeschichte-fr-kin_raff-georg-christian_1796_2,950,0.02058,junk,,,,
ia_bim_eighteenth-century_naturgeschichte-fr-kin_raff-georg-christian_1796_2,951,0.00072,junk,,,,
ia_bim_eighteenth-century_naturgeschichte-fr-kin_raff-georg-christian_1796_2,952,6e-05,junk,,,,
ia_bim_eighteenth-century_naturgeschichte-fr-kin_raff-georg-christian_1796_2,953,0.0023,junk,,,,
ia_bim_eighteenth-century_naturgeschichte-fr-kin_raff-georg-christian_1796_2,954,0.05525,junk,,,,
ia_bim_eighteenth-century_naturgeschichte-fr-kin_raff-georg-christian_1796_2,956,0.03728,junk,,,,
ia_bim_eighteenth-century_naturgeschichte-fr-kin_raff-georg-christian_1796_2,957,0.0008,junk,,,,
ia_bim_eighteenth-century_naturgeschichte-fr-kin_raff-georg-christian_1796_2,958,0.99562,non_junk,non_divine_teleology,0.00587,0.96384,0.03029
ia_bim_eighteenth-century_naturgeschichte-fr-kin_raff-georg-christian_1796_2,959,0.04219,junk,,,,
ia_bim_eighteenth-century_naturgeschichte-fr-kin_raff-georg-christian_1796_2,960,0.06054,junk,,,,
ia_bim_eighteenth-century_naturgeschichte-fr-kin_raff-georg-christian_1796_2,961,0.11312,junk,,,,
ia_bim_eighteenth-century_naturgeschichte-fr-kin_raff-georg-christian_1796_2,962,0.00041,junk,,,,
ia_bim_eighteenth-century_naturgeschichte-fr-kin_raff-georg-christian_1796_2,963,0.00717,junk,,,,
ia_bim_eighteenth-century_naturgeschichte-fr-kin_raff-georg-christian_1796_2,964,0.18028,junk,,,,
ia_bim_eighteenth-century_naturgeschichte-fr-kin_raff-georg-christian_1796_2,965,0.83092,non_junk,non_divine_teleology,0.01381,0.97142,0.01477
ia_bim_eighteenth-century_naturgeschichte-fr-kin_raff-georg-christian_1796_2,966,0.00343,junk,,,,
ia_bim_eighteenth-century_naturgeschichte-fr-kin_raff-georg-christian_1796_2,967,0.00623,junk,,,,
ia_bim_eighteenth-century_naturgeschichte-fr-kin_raff-georg-christian_1796_2,968,0.95842,non_junk,non_divine_teleology,0.01594,0.90316,0.08089
ia_bim_eighteenth-century_naturgeschichte-fr-kin_raff-georg-christian_1796_2,969,0.01218,junk,,,,
ia_bim_eighteenth-century_naturgeschichte-fr-kin_raff-georg-christian_1796_2,970,0.57835,non_junk,non_divine_teleology,0.11811,0.81516,0.06674
ia_bim_eighteenth-century_naturgeschichte-fr-kin_raff-georg-christian_1796_2,971,0.93617,non_junk,non_divine_teleology,0.01299,0.80884,0.17817
ia_bim_eighteenth-century_naturgeschichte-fr-kin_raff-georg-christian_1796_2,972,0.00614,junk,,,,
ia_bim_eighteenth-century_naturgeschichte-fr-kin_raff-georg-christian_1796_2,973,0.56427,non_junk,non_divine_teleology,0.04439,0.90382,0.05179
ia_bim_eighteenth-century_naturgeschichte-fr-kin_raff-georg-christian_1796_2,974,0.27186,junk,,,,
ia_bim_eighteenth-century_naturgeschichte-fr-kin_raff-georg-christian_1796_2,975,0.05116,junk,,,,
ia_bim_eighteenth-century_naturgeschichte-fr-kin_raff-georg-christian_1796_2,976,0.04571,junk,,,,
ia_bim_eighteenth-century_naturgeschichte-fr-kin_raff-georg-christian_1796_2,977,0.80359,non_junk,non_divine_teleology,0.05242,0.89679,0.05079
ia_bim_eighteenth-century_naturgeschichte-fr-kin_raff-georg-christian_1796_2,978,0.20338,junk,,,,
ia_bim_eighteenth-century_naturgeschichte-fr-kin_raff-georg-christian_1796_2,979,0.99795,non_junk,non_divine_teleology,0.00638,0.99005,0.00357
ia_bim_eighteenth-century_naturgeschichte-fr-kin_raff-georg-christian_1796_2,980,0.92104,non_junk,non_divine_teleology,0.02719,0.95195,0.02086
ia_bim_eighteenth-century_naturgeschichte-fr-kin_raff-georg-christian_1796_2,981,0.26885,junk,,,,
ia_bim_eighteenth-century_naturgeschichte-fr-kin_raff-georg-christian_1796_2,982,0.44221,junk,,,,
ia_bim_eighteenth-century_naturgeschichte-fr-kin_raff-georg-christian_1796_2,983,0.9988,non_junk,non_divine_teleology,0.00696,0.97847,0.01456
ia_bim_eighteenth-century_naturgeschichte-fr-kin_raff-georg-christian_1796_2,984,0.15218,junk,,,,
ia_bim_eighteenth-century_naturgeschichte-fr-kin_raff-georg-christian_1796_2,985,0.00491,junk,,,,
ia_bim_eighteenth-century_naturgeschichte-fr-kin_raff-georg-christian_1796_2,986,0.01223,junk,,,,
ia_bim_eighteenth-century_naturgeschichte-fr-kin_raff-georg-christian_1796_2,987,0.93723,non_junk,non_divine_teleology,0.02202,0.94084,0.03714
ia_bim_eighteenth-century_naturgeschichte-fr-kin_raff-georg-christian_1796_2,988,0.29902,junk,,,,
ia_bim_eighteenth-century_naturgeschichte-fr-kin_raff-georg-christian_1796_2,989,0.08731,junk,,,,
ia_bim_eighteenth-century_naturgeschichte-fr-kin_raff-georg-christian_1796_2,990,0.34905,junk,,,,
ia_bim_eighteenth-century_naturgeschichte-fr-kin_raff-georg-christian_1796_2,991,0.00052,junk,,,,
ia_bim_eighteenth-century_naturgeschichte-fr-kin_raff-georg-christian_1796_2,992,0.96077,non_junk,non_divine_teleology,0.04308,0.60741,0.34951
ia_bim_eighteenth-century_naturgeschichte-fr-kin_raff-georg-christian_1796_2,993,0.71025,non_junk,non_divine_teleology,0.02223,0.93249,0.04529
ia_bim_eighteenth-century_naturgeschichte-fr-kin_raff-georg-christian_1796_2,994,0.45654,junk,,,,
ia_bim_eighteenth-century_naturgeschichte-fr-kin_raff-georg-christian_1796_2,995,0.05743,junk,,,,
ia_bim_eighteenth-century_naturgeschichte-fr-kin_raff-georg-christian_1796_2,996,0.37812,junk,,,,
ia_bim_eighteenth-century_naturgeschichte-fr-kin_raff-georg-christian_1796_2,997,0.56246,non_junk,non_divine_teleology,0.00855,0.7845,0.20695
ia_bim_eighteenth-century_naturgeschichte-fr-kin_raff-georg-christian_1796_2,998,0.01809,junk,,,,
ia_bim_eighteenth-century_naturgeschichte-fr-kin_raff-georg-christian_1796_2,999,0.02666,junk,,,,
ia_bim_eighteenth-century_naturgeschichte-fr-kin_raff-georg-christian_1796_2,1000,0.01944,junk,,,,
ia_bim_eighteenth-century_naturgeschichte-fr-kin_raff-georg-christian_1796_2,1001,0.04083,junk,,,,
ia_bim_eighteenth-century_naturgeschichte-fr-kin_raff-georg-christian_1796_2,1002,0.0017,junk,,,,
ia_bim_eighteenth-century_naturgeschichte-fr-kin_raff-georg-christian_1796_2,1003,0.41703,junk,,,,
ia_bim_eighteenth-century_naturgeschichte-fr-kin_raff-georg-christian_1796_2,1004,0.51614,non_junk,non_divine_teleology,0.0486,0.69456,0.25684
ia_bim_eighteenth-century_naturgeschichte-fr-kin_raff-georg-christian_1796_2,1005,0.0116,junk,,,,
ia_bim_eighteenth-century_naturgeschichte-fr-kin_raff-georg-christian_1796_2,1006,0.1886,junk,,,,
ia_bim_eighteenth-century_naturgeschichte-fr-kin_raff-georg-christian_1796_2,1007,0.96441,non_junk,non_divine_teleology,0.00941,0.98317,0.00742
ia_bim_eighteenth-century_naturgeschichte-fr-kin_raff-georg-christian_1796_2,1008,0.99223,non_junk,non_divine_teleology,0.00388,0.98132,0.0148
ia_bim_eighteenth-century_naturgeschichte-fr-kin_raff-georg-christian_1796_2,1009,0.92154,non_junk,non_divine_teleology,0.00316,0.95382,0.04302
ia_bim_eighteenth-century_naturgeschichte-fr-kin_raff-georg-christian_1796_2,1010,0.03331,junk,,,,
ia_bim_eighteenth-century_naturgeschichte-fr-kin_raff-georg-christian_1796_2,1011,0.01171,junk,,,,
ia_bim_eighteenth-century_naturgeschichte-fr-kin_raff-georg-christian_1796_2,1012,0.91499,non_junk,non_divine_teleology,0.02383,0.49677,0.47939
ia_bim_eighteenth-century_naturgeschichte-fr-kin_raff-georg-christian_1796_2,1013,0.00348,junk,,,,
ia_bim_eighteenth-century_naturgeschichte-fr-kin_raff-georg-christian_1796_2,1014,0.00069,junk,,,,
ia_bim_eighteenth-century_naturgeschichte-fr-kin_raff-georg-christian_1796_2,1015,0.32017,junk,,,,
ia_bim_eighteenth-century_naturgeschichte-fr-kin_raff-georg-christian_1796_2,1016,0.00127,junk,,,,
ia_bim_eighteenth-century_naturgeschichte-fr-kin_raff-georg-christian_1796_2,1017,0.02132,junk,,,,
ia_bim_eighteenth-century_naturgeschichte-fr-kin_raff-georg-christian_1796_2,1018,0.97058,non_junk,non_divine_teleology,0.01479,0.97227,0.01295
ia_bim_eighteenth-century_naturgeschichte-fr-kin_raff-georg-christian_1796_2,1019,0.99406,non_junk,non_divine_teleology,0.00831,0.97164,0.02005
ia_bim_eighteenth-century_naturgeschichte-fr-kin_raff-georg-christian_1796_2,1020,0.98914,non_junk,non_divine_teleology,0.00346,0.99155,0.00499
ia_bim_eighteenth-century_naturgeschichte-fr-kin_raff-georg-christian_1796_2,1021,0.9957,non_junk,non_divine_teleology,0.01036,0.98057,0.00907
ia_bim_eighteenth-century_naturgeschichte-fr-kin_raff-georg-christian_1796_2,1023,0.0005,junk,,,,
ia_bim_eighteenth-century_naturgeschichte-fr-kin_raff-georg-christian_1796_2,1024,0.00098,junk,,,,
ia_bim_eighteenth-century_naturgeschichte-fr-kin_raff-georg-christian_1796_2,1025,0.00246,junk,,,,
ia_bim_eighteenth-century_naturgeschichte-fr-kin_raff-georg-christian_1796_2,1026,0.00171,junk,,,,
ia_bim_eighteenth-century_naturgeschichte-fr-kin_raff-georg-christian_1796_2,1027,0.00072,junk,,,,
ia_bim_eighteenth-century_naturgeschichte-fr-kin_raff-georg-christian_1796_2,1028,0.02447,junk,,,,
ia_bim_eighteenth-century_naturgeschichte-fr-kin_raff-georg-christian_1796_2,1029,0.00054,junk,,,,
ia_bim_eighteenth-century_naturgeschichte-fr-kin_raff-georg-christian_1796_2,1030,0.01371,junk,,,,
ia_bim_eighteenth-century_naturgeschichte-fr-kin_raff-georg-christian_1796_2,1031,0.00473,junk,,,,
ia_bim_eighteenth-century_naturgeschichte-fr-kin_raff-georg-christian_1796_2,1032,0.00473,junk,,,,
ia_bim_eighteenth-century_naturgeschichte-fr-kin_raff-georg-christian_1796_2,1033,0.00032,junk,,,,
ia_bim_eighteenth-century_naturgeschichte-fr-kin_raff-georg-christian_1796_2,1034,0.00027,junk,,,,
ia_bim_eighteenth-century_naturgeschichte-fr-kin_raff-georg-christian_1796_2,1035,0.00566,junk,,,,
ia_bim_eighteenth-century_naturgeschichte-fr-kin_raff-georg-christian_1796_2,1036,0.001,junk,,,,
ia_bim_eighteenth-century_naturgeschichte-fr-kin_raff-georg-christian_1796_2,1037,0.00085,junk,,,,
ia_bim_eighteenth-century_naturgeschichte-fr-kin_raff-georg-christian_1796_2,1038,0.00162,junk,,,,
ia_bim_eighteenth-century_naturgeschichte-fr-kin_raff-georg-christian_1796_2,1039,0.00051,junk,,,,
ia_bim_eighteenth-century_naturgeschichte-fr-kin_raff-georg-christian_1796_2,1040,0.0005,junk,,,,
ia_bim_eighteenth-century_naturgeschichte-fr-kin_raff-georg-christian_1796_2,1041,0.00023,junk,,,,
ia_bim_eighteenth-century_naturgeschichte-fr-kin_raff-georg-christian_1796_2,1042,0.00519,junk,,,,
ia_bim_eighteenth-century_naturgeschichte-fr-kin_raff-georg-christian_1796_2,1043,0.02481,junk,,,,
ia_bim_eighteenth-century_naturgeschichte-fr-kin_raff-georg-christian_1796_2,1044,0.802,non_junk,non_divine_teleology,0.00933,0.96382,0.02685
ia_bim_eighteenth-century_naturgeschichte-fr-kin_raff-georg-christian_1796_2,1045,0.00397,junk,,,,
ia_bim_eighteenth-century_naturgeschichte-fr-kin_raff-georg-christian_1796_2,1046,0.00356,junk,,,,
ia_bim_eighteenth-century_naturgeschichte-fr-kin_raff-georg-christian_1796_2,1047,6e-05,junk,,,,
ia_bim_eighteenth-century_naturgeschichte-fr-kin_raff-georg-christian_1796_2,1048,0.1029,junk,,,,
ia_bim_eighteenth-century_naturgeschichte-fr-kin_raff-georg-christian_1796_2,1049,0.96089,non_junk,non_divine_teleology,0.01068,0.92762,0.0617
ia_bim_eighteenth-century_naturgeschichte-fr-kin_raff-georg-christian_1796_2,1050,0.02111,junk,,,,
ia_bim_eighteenth-century_naturgeschichte-fr-kin_raff-georg-christian_1796_2,1051,0.99732,non_junk,non_divine_teleology,0.00546,0.98339,0.01115
ia_bim_eighteenth-century_naturgeschichte-fr-kin_raff-georg-christian_1796_2,1052,0.35259,junk,,,,
ia_bim_eighteenth-century_naturgeschichte-fr-kin_raff-georg-christian_1796_2,1053,0.04306,junk,,,,
ia_bim_eighteenth-century_naturgeschichte-fr-kin_raff-georg-christian_1796_2,1054,0.90356,non_junk,non_divine_teleology,0.00766,0.9216,0.07074
ia_bim_eighteenth-century_naturgeschichte-fr-kin_raff-georg-christian_1796_2,1055,0.9674,non_junk,non_divine_teleology,0.00837,0.92437,0.06726
ia_bim_eighteenth-century_naturgeschichte-fr-kin_raff-georg-christian_1796_2,1056,0.39061,junk,,,,
ia_bim_eighteenth-century_naturgeschichte-fr-kin_raff-georg-christian_1796_2,1057,0.0003,junk,,,,
ia_bim_eighteenth-century_naturgeschichte-fr-kin_raff-georg-christian_1796_2,1058,0.99871,non_junk,non_divine_teleology,0.00401,0.99339,0.0026
ia_bim_eighteenth-century_naturgeschichte-fr-kin_raff-georg-christian_1796_2,1059,0.12115,junk,,,,
ia_bim_eighteenth-century_naturgeschichte-fr-kin_raff-georg-christian_1796_2,1060,0.00313,junk,,,,
ia_bim_eighteenth-century_naturgeschichte-fr-kin_raff-georg-christian_1796_2,1061,0.27729,junk,,,,
ia_bim_eighteenth-century_naturgeschichte-fr-kin_raff-georg-christian_1796_2,1062,0.73083,non_junk,non_divine_teleology,0.07455,0.8501,0.07535
ia_bim_eighteenth-century_naturgeschichte-fr-kin_raff-georg-christian_1796_2,1063,0.00011,junk,,,,
ia_bim_eighteenth-century_naturgeschichte-fr-kin_raff-georg-christian_1796_2,1064,0.90006,non_junk,non_divine_teleology,0.00713,0.85889,0.13398
ia_bim_eighteenth-century_naturgeschichte-fr-kin_raff-georg-christian_1796_2,1065,0.02258,junk,,,,
ia_bim_eighteenth-century_naturgeschichte-fr-kin_raff-georg-christian_1796_2,1066,0.06278,junk,,,,
ia_bim_eighteenth-century_naturgeschichte-fr-kin_raff-georg-christian_1796_2,1067,0.00054,junk,,,,
ia_bim_eighteenth-century_naturgeschichte-fr-kin_raff-georg-christian_1796_2,1068,0.42035,junk,,,,
ia_bim_eighteenth-century_naturgeschichte-fr-kin_raff-georg-christian_1796_2,1069,0.02234,junk,,,,
ia_bim_eighteenth-century_naturgeschichte-fr-kin_raff-georg-christian_1796_2,1070,0.89392,non_junk,non_divine_teleology,0.01058,0.94595,0.04347
ia_bim_eighteenth-century_naturgeschichte-fr-kin_raff-georg-christian_1796_2,1071,0.00391,junk,,,,
ia_bim_eighteenth-century_naturgeschichte-fr-kin_raff-georg-christian_1796_2,1072,0.0039,junk,,,,
ia_bim_eighteenth-century_naturgeschichte-fr-kin_raff-georg-christian_1796_2,1073,0.00145,junk,,,,
ia_bim_eighteenth-century_naturgeschichte-fr-kin_raff-georg-christian_1796_2,1074,0.10062,junk,,,,
ia_bim_eighteenth-century_naturgeschichte-fr-kin_raff-georg-christian_1796_2,1075,0.9985,non_junk,non_divine_teleology,0.00273,0.98613,0.01114
ia_bim_eighteenth-century_naturgeschichte-fr-kin_raff-georg-christian_1796_2,1076,0.00255,junk,,,,
ia_bim_eighteenth-century_naturgeschichte-fr-kin_raff-georg-christian_1796_2,1077,0.26889,junk,,,,
ia_bim_eighteenth-century_naturgeschichte-fr-kin_raff-georg-christian_1796_2,1078,0.51721,non_junk,internal_essence,0.00307,0.02679,0.97014
ia_bim_eighteenth-century_naturgeschichte-fr-kin_raff-georg-christian_1796_2,1079,0.75185,non_junk,internal_essence,0.00306,0.04304,0.9539
ia_bim_eighteenth-century_naturgeschichte-fr-kin_raff-georg-christian_1796_2,1080,0.71996,non_junk,internal_essence,0.00152,0.07327,0.92521
ia_bim_eighteenth-century_naturgeschichte-fr-kin_raff-georg-christian_1796_2,1081,0.34268,junk,,,,
ia_bim_eighteenth-century_naturgeschichte-fr-kin_raff-georg-christian_1796_2,1082,0.68801,non_junk,internal_essence,0.00337,0.1105,0.88613
ia_bim_eighteenth-century_naturgeschichte-fr-kin_raff-georg-christian_1796_2,1083,0.90544,non_junk,non_divine_teleology,0.04136,0.54967,0.40896
ia_bim_eighteenth-century_naturgeschichte-fr-kin_raff-georg-christian_1796_2,1084,0.18714,junk,,,,
ia_bim_eighteenth-century_naturgeschichte-fr-kin_raff-georg-christian_1796_2,1085,0.00045,junk,,,,
ia_bim_eighteenth-century_naturgeschichte-fr-kin_raff-georg-christian_1796_2,1086,0.0991,junk,,,,
ia_bim_eighteenth-century_naturgeschichte-fr-kin_raff-georg-christian_1796_2,1087,0.0433,junk,,,,
ia_bim_eighteenth-century_naturgeschichte-fr-kin_raff-georg-christian_1796_2,1088,0.25314,junk,,,,
ia_bim_eighteenth-century_naturgeschichte-fr-kin_raff-georg-christian_1796_2,1089,0.00539,junk,,,,
ia_bim_eighteenth-century_naturgeschichte-fr-kin_raff-georg-christian_1796_2,1090,0.00178,junk,,,,
ia_bim_eighteenth-century_naturgeschichte-fr-kin_raff-georg-christian_1796_2,1091,0.00214,junk,,,,
ia_bim_eighteenth-century_naturgeschichte-fr-kin_raff-georg-christian_1796_2,1092,0.00496,junk,,,,
ia_bim_eighteenth-century_naturgeschichte-fr-kin_raff-georg-christian_1796_2,1093,0.85329,non_junk,non_divine_teleology,0.03561,0.86181,0.10258
ia_bim_eighteenth-century_naturgeschichte-fr-kin_raff-georg-christian_1796_2,1094,0.03145,junk,,,,
ia_bim_eighteenth-century_naturgeschichte-fr-kin_raff-georg-christian_1796_2,1095,0.01235,junk,,,,
ia_bim_eighteenth-century_naturgeschichte-fr-kin_raff-georg-christian_1796_2,1096,0.18712,junk,,,,
ia_bim_eighteenth-century_naturgeschichte-fr-kin_raff-georg-christian_1796_2,1097,0.0609,junk,,,,
ia_bim_eighteenth-century_naturgeschichte-fr-kin_raff-georg-christian_1796_2,1098,0.45495,junk,,,,
ia_bim_eighteenth-century_naturgeschichte-fr-kin_raff-georg-christian_1796_2,1099,0.0042,junk,,,,
ia_bim_eighteenth-century_naturgeschichte-fr-kin_raff-georg-christian_1796_2,1100,0.18742,junk,,,,
ia_bim_eighteenth-century_naturgeschichte-fr-kin_raff-georg-christian_1796_2,1101,0.44678,junk,,,,
ia_bim_eighteenth-century_naturgeschichte-fr-kin_raff-georg-christian_1796_2,1102,0.01906,junk,,,,
ia_bim_eighteenth-century_naturgeschichte-fr-kin_raff-georg-christian_1796_2,1103,0.15894,junk,,,,
ia_bim_eighteenth-century_naturgeschichte-fr-kin_raff-georg-christian_1796_2,1104,0.94703,non_junk,non_divine_teleology,0.01087,0.91527,0.07386
ia_bim_eighteenth-century_naturgeschichte-fr-kin_raff-georg-christian_1796_2,1105,0.0121,junk,,,,
ia_bim_eighteenth-century_naturgeschichte-fr-kin_raff-georg-christian_1796_2,1106,0.43019,junk,,,,
ia_bim_eighteenth-century_naturgeschichte-fr-kin_raff-georg-christian_1796_2,1107,0.00096,junk,,,,
ia_bim_eighteenth-century_naturgeschichte-fr-kin_raff-georg-christian_1796_2,1108,0.15774,junk,,,,
ia_bim_eighteenth-century_naturgeschichte-fr-kin_raff-georg-christian_1796_2,1109,0.9015,non_junk,non_divine_teleology,0.00458,0.98734,0.00809
ia_bim_eighteenth-century_naturgeschichte-fr-kin_raff-georg-christian_1796_2,1110,0.52054,non_junk,internal_essence,0.00164,0.03091,0.96745
ia_bim_eighteenth-century_naturgeschichte-fr-kin_raff-georg-christian_1796_2,1111,0.01399,junk,,,,
ia_bim_eighteenth-century_naturgeschichte-fr-kin_raff-georg-christian_1796_2,1112,0.00302,junk,,,,
ia_bim_eighteenth-century_naturgeschichte-fr-kin_raff-georg-christian_1796_2,1113,0.00761,junk,,,,
ia_bim_eighteenth-century_naturgeschichte-fr-kin_raff-georg-christian_1796_2,1115,0.99902,non_junk,non_divine_teleology,0.00132,0.99487,0.00381
ia_bim_eighteenth-century_naturgeschichte-fr-kin_raff-georg-christian_1796_2,1116,0.00984,junk,,,,
ia_bim_eighteenth-century_naturgeschichte-fr-kin_raff-georg-christian_1796_2,1117,0.99955,non_junk,non_divine_teleology,0.00707,0.99076,0.00217
ia_bim_eighteenth-century_naturgeschichte-fr-kin_raff-georg-christian_1796_2,1118,0.04823,junk,,,,
ia_bim_eighteenth-century_naturgeschichte-fr-kin_raff-georg-christian_1796_2,1119,0.0012,junk,,,,
ia_bim_eighteenth-century_naturgeschichte-fr-kin_raff-georg-christian_1796_2,1120,0.01038,junk,,,,
ia_bim_eighteenth-century_naturgeschichte-fr-kin_raff-georg-christian_1796_2,1121,0.7142,non_junk,non_divine_teleology,0.00391,0.98847,0.00762
ia_bim_eighteenth-century_naturgeschichte-fr-kin_raff-georg-christian_1796_2,1122,0.86068,non_junk,internal_essence,0.00197,0.04236,0.95567
ia_bim_eighteenth-century_naturgeschichte-fr-kin_raff-georg-christian_1796_2,1123,0.93634,non_junk,divine_teleology,0.98059,0.00425,0.01516
ia_bim_eighteenth-century_naturgeschichte-fr-kin_raff-georg-christian_1796_2,1124,0.49014,junk,,,,
ia_bim_eighteenth-century_naturgeschichte-fr-kin_raff-georg-christian_1796_2,1125,0.00555,junk,,,,
ia_bim_eighteenth-century_naturgeschichte-fr-kin_raff-georg-christian_1796_2,1126,0.44485,junk,,,,
ia_bim_eighteenth-century_naturgeschichte-fr-kin_raff-georg-christian_1796_2,1127,0.42631,junk,,,,
ia_bim_eighteenth-century_naturgeschichte-fr-kin_raff-georg-christian_1796_2,1128,0.86658,non_junk,non_divine_teleology,0.12184,0.83853,0.03963
ia_bim_eighteenth-century_naturgeschichte-fr-kin_raff-georg-christian_1796_2,1129,0.00196,junk,,,,
ia_bim_eighteenth-century_naturgeschichte-fr-kin_raff-georg-christian_1796_2,1130,0.00104,junk,,,,
ia_bim_eighteenth-century_naturgeschichte-fr-kin_raff-georg-christian_1796_2,1131,0.44801,junk,,,,
ia_bim_eighteenth-century_naturgeschichte-fr-kin_raff-georg-christian_1796_2,1132,0.0587,junk,,,,
ia_bim_eighteenth-century_naturgeschichte-fr-kin_raff-georg-christian_1796_2,1133,0.00212,junk,,,,
ia_bim_eighteenth-century_naturgeschichte-fr-kin_raff-georg-christian_1796_2,1134,0.25218,junk,,,,
ia_bim_eighteenth-century_naturgeschichte-fr-kin_raff-georg-christian_1796_2,1135,0.04621,junk,,,,
ia_bim_eighteenth-century_naturgeschichte-fr-kin_raff-georg-christian_1796_2,1136,0.13146,junk,,,,
ia_bim_eighteenth-century_naturgeschichte-fr-kin_raff-georg-christian_1796_2,1137,0.0884,junk,,,,
ia_bim_eighteenth-century_naturgeschichte-fr-kin_raff-georg-christian_1796_2,1138,0.00068,junk,,,,
ia_bim_eighteenth-century_naturgeschichte-fr-kin_raff-georg-christian_1796_2,1139,0.00841,junk,,,,
ia_bim_eighteenth-century_naturgeschichte-fr-kin_raff-georg-christian_1796_2,1140,0.00012,junk,,,,
ia_bim_eighteenth-century_naturgeschichte-fr-kin_raff-georg-christian_1796_2,1142,0.00567,junk,,,,
ia_bim_eighteenth-century_naturgeschichte-fr-kin_raff-georg-christian_1796_2,1143,0.00154,junk,,,,
ia_bim_eighteenth-century_naturgeschichte-fr-kin_raff-georg-christian_1796_2,1144,0.00017,junk,,,,
ia_bim_eighteenth-century_naturgeschichte-fr-kin_raff-georg-christian_1796_2,1145,0.00142,junk,,,,
ia_bim_eighteenth-century_naturgeschichte-fr-kin_raff-georg-christian_1796_2,1146,0.00265,junk,,,,
ia_bim_eighteenth-century_naturgeschichte-fr-kin_raff-georg-christian_1796_2,1147,0.00427,junk,,,,
ia_bim_eighteenth-century_naturgeschichte-fr-kin_raff-georg-christian_1796_2,1148,0.48199,junk,,,,
ia_bim_eighteenth-century_naturgeschichte-fr-kin_raff-georg-christian_1796_2,1149,0.00544,junk,,,,
ia_bim_eighteenth-century_naturgeschichte-fr-kin_raff-georg-christian_1796_2,1150,0.00185,junk,,,,
ia_bim_eighteenth-century_naturgeschichte-fr-kin_raff-georg-christian_1796_2,1151,0.00038,junk,,,,
ia_bim_eighteenth-century_naturgeschichte-fr-kin_raff-georg-christian_1796_2,1153,0.00051,junk,,,,
ia_bim_eighteenth-century_naturgeschichte-fr-kin_raff-georg-christian_1796_2,1154,0.04401,junk,,,,
ia_bim_eighteenth-century_naturgeschichte-fr-kin_raff-georg-christian_1796_2,1155,0.04641,junk,,,,
ia_bim_eighteenth-century_naturgeschichte-fr-kin_raff-georg-christian_1796_2,1156,0.00699,junk,,,,
ia_bim_eighteenth-century_naturgeschichte-fr-kin_raff-georg-christian_1796_2,1157,0.38494,junk,,,,
ia_bim_eighteenth-century_naturgeschichte-fr-kin_raff-georg-christian_1796_2,1158,0.98029,non_junk,divine_teleology,0.99459,0.0024,0.00301
ia_bim_eighteenth-century_naturgeschichte-fr-kin_raff-georg-christian_1796_2,1159,0.99909,non_junk,non_divine_teleology,0.00644,0.96676,0.0268
ia_bim_eighteenth-century_naturgeschichte-fr-kin_raff-georg-christian_1796_2,1160,0.02982,junk,,,,
ia_bim_eighteenth-century_naturgeschichte-fr-kin_raff-georg-christian_1796_2,1161,0.73991,non_junk,non_divine_teleology,0.02601,0.95177,0.02222
ia_bim_eighteenth-century_naturgeschichte-fr-kin_raff-georg-christian_1796_2,1162,0.12726,junk,,,,
ia_bim_eighteenth-century_naturgeschichte-fr-kin_raff-georg-christian_1796_2,1163,0.76802,non_junk,internal_essence,0.00395,0.14131,0.85474
ia_bim_eighteenth-century_naturgeschichte-fr-kin_raff-georg-christian_1796_2,1164,0.0028,junk,,,,
ia_bim_eighteenth-century_naturgeschichte-fr-kin_raff-georg-christian_1796_2,1165,0.99614,non_junk,divine_teleology,0.98943,0.00909,0.00148
ia_bim_eighteenth-century_naturgeschichte-fr-kin_raff-georg-christian_1796_2,1166,0.15034,junk,,,,
ia_bim_eighteenth-century_naturgeschichte-fr-kin_raff-georg-christian_1796_2,1167,0.00605,junk,,,,
ia_bim_eighteenth-century_naturgeschichte-fr-kin_raff-georg-christian_1796_2,1168,0.93972,non_junk,non_divine_teleology,0.00753,0.98604,0.00643
ia_bim_eighteenth-century_naturgeschichte-fr-kin_raff-georg-christian_1796_2,1169,0.92491,non_junk,non_divine_teleology,0.0054,0.95071,0.04389
ia_bim_eighteenth-century_naturgeschichte-fr-kin_raff-georg-christian_1796_2,1170,0.02481,junk,,,,
ia_bim_eighteenth-century_naturgeschichte-fr-kin_raff-georg-christian_1796_2,1171,0.00043,junk,,,,
ia_bim_eighteenth-century_naturgeschichte-fr-kin_raff-georg-christian_1796_2,1172,0.00109,junk,,,,
ia_bim_eighteenth-century_naturgeschichte-fr-kin_raff-georg-christian_1796_2,1173,0.00698,junk,,,,
ia_bim_eighteenth-century_naturgeschichte-fr-kin_raff-georg-christian_1796_2,1174,0.0012,junk,,,,
ia_bim_eighteenth-century_naturgeschichte-fr-kin_raff-georg-christian_1796_2,1175,0.00341,junk,,,,
ia_bim_eighteenth-century_naturgeschichte-fr-kin_raff-georg-christian_1796_2,1176,0.00225,junk,,,,
ia_bim_eighteenth-century_naturgeschichte-fr-kin_raff-georg-christian_1796_2,1177,0.03351,junk,,,,
ia_bim_eighteenth-century_naturgeschichte-fr-kin_raff-georg-christian_1796_2,1178,0.00031,junk,,,,
ia_bim_eighteenth-century_naturgeschichte-fr-kin_raff-georg-christian_1796_2,1179,0.54509,non_junk,internal_essence,0.01135,0.19317,0.79548
ia_bim_eighteenth-century_naturgeschichte-fr-kin_raff-georg-christian_1796_2,1180,0.00636,junk,,,,
ia_bim_eighteenth-century_naturgeschichte-fr-kin_raff-georg-christian_1796_2,1181,0.69327,non_junk,non_divine_teleology,0.0102,0.97842,0.01139
ia_bim_eighteenth-century_naturgeschichte-fr-kin_raff-georg-christian_1796_2,1182,0.0341,junk,,,,
ia_bim_eighteenth-century_naturgeschichte-fr-kin_raff-georg-christian_1796_2,1183,0.0341,junk,,,,
ia_bim_eighteenth-century_naturgeschichte-fr-kin_raff-georg-christian_1796_2,1184,0.09401,junk,,,,
ia_bim_eighteenth-century_naturgeschichte-fr-kin_raff-georg-christian_1796_2,1185,0.00383,junk,,,,
ia_bim_eighteenth-century_naturgeschichte-fr-kin_raff-georg-christian_1796_2,1186,0.88779,non_junk,internal_essence,0.01302,0.12518,0.86179
ia_bim_eighteenth-century_naturgeschichte-fr-kin_raff-georg-christian_1796_2,1187,0.00053,junk,,,,
ia_bim_eighteenth-century_naturgeschichte-fr-kin_raff-georg-christian_1796_2,1188,0.00207,junk,,,,
ia_bim_eighteenth-century_naturgeschichte-fr-kin_raff-georg-christian_1796_2,1189,0.02592,junk,,,,
ia_bim_eighteenth-century_naturgeschichte-fr-kin_raff-georg-christian_1796_2,1190,0.02225,junk,,,,
ia_bim_eighteenth-century_naturgeschichte-fr-kin_raff-georg-christian_1796_2,1191,0.00042,junk,,,,
ia_bim_eighteenth-century_naturgeschichte-fr-kin_raff-georg-christian_1796_2,1192,0.00413,junk,,,,
ia_bim_eighteenth-century_naturgeschichte-fr-kin_raff-georg-christian_1796_2,1193,0.00889,junk,,,,
ia_bim_eighteenth-century_naturgeschichte-fr-kin_raff-georg-christian_1796_2,1194,0.00037,junk,,,,
ia_bim_eighteenth-century_naturgeschichte-fr-kin_raff-georg-christian_1796_2,1195,0.01936,junk,,,,
ia_bim_eighteenth-century_naturgeschichte-fr-kin_raff-georg-christian_1796_2,1196,0.00037,junk,,,,
ia_bim_eighteenth-century_naturgeschichte-fr-kin_raff-georg-christian_1796_2,1197,0.00266,junk,,,,
ia_bim_eighteenth-century_naturgeschichte-fr-kin_raff-georg-christian_1796_2,1198,0.00233,junk,,,,
ia_bim_eighteenth-century_naturgeschichte-fr-kin_raff-georg-christian_1796_2,1199,0.00233,junk,,,,
ia_bim_eighteenth-century_naturgeschichte-fr-kin_raff-georg-christian_1796_2,1200,0.00076,junk,,,,
ia_bim_eighteenth-century_naturgeschichte-fr-kin_raff-georg-christian_1796_2,1201,0.00657,junk,,,,
ia_bim_eighteenth-century_naturgeschichte-fr-kin_raff-georg-christian_1796_2,1202,0.00392,junk,,,,
ia_bim_eighteenth-century_naturgeschichte-fr-kin_raff-georg-christian_1796_2,1203,0.00136,junk,,,,
ia_bim_eighteenth-century_naturgeschichte-fr-kin_raff-georg-christian_1796_2,1204,0.51841,non_junk,non_divine_teleology,0.00797,0.90621,0.08581
ia_bim_eighteenth-century_naturgeschichte-fr-kin_raff-georg-christian_1796_2,1205,0.0003,junk,,,,
ia_bim_eighteenth-century_naturgeschichte-fr-kin_raff-georg-christian_1796_2,1206,0.08439,junk,,,,
ia_bim_eighteenth-century_naturgeschichte-fr-kin_raff-georg-christian_1796_2,1207,0.05968,junk,,,,
ia_bim_eighteenth-century_naturgeschichte-fr-kin_raff-georg-christian_1796_2,1208,0.01868,junk,,,,
ia_bim_eighteenth-century_naturgeschichte-fr-kin_raff-georg-christian_1796_2,1209,0.02228,junk,,,,
ia_bim_eighteenth-century_naturgeschichte-fr-kin_raff-georg-christian_1796_2,1210,0.00938,junk,,,,
