uid,sent_id,gate_prob_nonjunk,gate_pred,s2_pred,s2_p_divine_teleology,s2_p_non_divine_teleology,s2_p_internal_essence
ia_bim_eighteenth-century_a-new-accurate-system-of_brookes-richard-md_1763_4,1,0.00298,junk,,,,
ia_bim_eighteenth-century_a-new-accurate-system-of_brookes-richard-md_1763_4,2,0.00097,junk,,,,
ia_bim_eighteenth-century_a-new-accurate-system-of_brookes-richard-md_1763_4,3,0.00097,junk,,,,
ia_bim_eighteenth-century_a-new-accurate-system-of_brookes-richard-md_1763_4,4,0.0001,junk,,,,
ia_bim_eighteenth-century_a-new-accurate-system-of_brookes-richard-md_1763_4,5,0.00122,junk,,,,
ia_bim_eighteenth-century_a-new-accurate-system-of_brookes-richard-md_1763_4,6,0.00122,junk,,,,
ia_bim_eighteenth-century_a-new-accurate-system-of_brookes-richard-md_1763_4,7,0.00035,junk,,,,
ia_bim_eighteenth-century_a-new-accurate-system-of_brookes-richard-md_1763_4,8,0.00071,junk,,,,
ia_bim_eighteenth-century_a-new-accurate-system-of_brookes-richard-md_1763_4,9,0.59696,non_junk,non_divine_teleology,0.06093,0.80619,0.13287
ia_bim_eighteenth-century_a-new-accurate-system-of_brookes-richard-md_1763_4,10,0.53224,non_junk,non_divine_teleology,0.02978,0.60953,0.36069
ia_bim_eighteenth-century_a-new-accurate-system-of_brookes-richard-md_1763_4,11,0.41258,junk,,,,
ia_bim_eighteenth-century_a-new-accurate-system-of_brookes-richard-md_1763_4,12,0.41258,junk,,,,
ia_bim_eighteenth-century_a-new-accurate-system-of_brookes-richard-md_1763_4,13,0.34647,junk,,,,
ia_bim_eighteenth-century_a-new-accurate-system-of_brookes-richard-md_1763_4,14,0.12845,junk,,,,
ia_bim_eighteenth-century_a-new-accurate-system-of_brookes-richard-md_1763_4,15,0.99887,non_junk,non_divine_teleology,0.01672,0.97066,0.01262
ia_bim_eighteenth-century_a-new-accurate-system-of_brookes-richard-md_1763_4,16,0.97529,non_junk,non_divine_teleology,0.05031,0.89083,0.05886
ia_bim_eighteenth-century_a-new-accurate-system-of_brookes-richard-md_1763_4,17,0.99938,non_junk,non_divine_teleology,0.01342,0.98081,0.00577
ia_bim_eighteenth-century_a-new-accurate-system-of_brookes-richard-md_1763_4,18,0.81694,non_junk,non_divine_teleology,0.01861,0.96526,0.01613
ia_bim_eighteenth-century_a-new-accurate-system-of_brookes-richard-md_1763_4,19,0.99938,non_junk,non_divine_teleology,0.01342,0.98081,0.00577
ia_bim_eighteenth-century_a-new-accurate-system-of_brookes-richard-md_1763_4,20,0.81694,non_junk,non_divine_teleology,0.01861,0.96526,0.01613
ia_bim_eighteenth-century_a-new-accurate-system-of_brookes-richard-md_1763_4,21,0.99004,non_junk,non_divine_teleology,0.03381,0.91439,0.0518
ia_bim_eighteenth-century_a-new-accurate-system-of_brookes-richard-md_1763_4,22,0.9735,non_junk,non_divine_teleology,0.0277,0.91646,0.05585
ia_bim_eighteenth-century_a-new-accurate-system-of_brookes-richard-md_1763_4,23,0.01126,junk,,,,
ia_bim_eighteenth-century_a-new-accurate-system-of_brookes-richard-md_1763_4,24,0.94498,non_junk,divine_teleology,0.53506,0.40962,0.05532
ia_bim_eighteenth-century_a-new-accurate-system-of_brookes-richard-md_1763_4,25,0.85444,non_junk,non_divine_teleology,0.22824,0.73769,0.03407
ia_bim_eighteenth-century_a-new-accurate-system-of_brookes-richard-md_1763_4,26,0.02729,junk,,,,
ia_bim_eighteenth-century_a-new-accurate-system-of_brookes-richard-md_1763_4,27,0.00794,junk,,,,
ia_bim_eighteenth-century_a-new-accurate-system-of_brookes-richard-md_1763_4,28,0.9991,non_junk,non_divine_teleology,0.14747,0.83849,0.01404
ia_bim_eighteenth-century_a-new-accurate-system-of_brookes-richard-md_1763_4,29,0.14569,junk,,,,
ia_bim_eighteenth-century_a-new-accurate-system-of_brookes-richard-md_1763_4,30,0.85426,non_junk,non_divine_teleology,0.0238,0.94494,0.03126
ia_bim_eighteenth-century_a-new-accurate-system-of_brookes-richard-md_1763_4,31,0.01791,junk,,,,
ia_bim_eighteenth-century_a-new-accurate-system-of_brookes-richard-md_1763_4,32,0.14192,junk,,,,
ia_bim_eighteenth-century_a-new-accurate-system-of_brookes-richard-md_1763_4,33,0.99468,non_junk,non_divine_teleology,0.03877,0.912,0.04923
ia_bim_eighteenth-century_a-new-accurate-system-of_brookes-richard-md_1763_4,34,0.82736,non_junk,non_divine_teleology,0.04227,0.79153,0.1662
ia_bim_eighteenth-century_a-new-accurate-system-of_brookes-richard-md_1763_4,35,0.88263,non_junk,non_divine_teleology,0.0241,0.96974,0.00616
ia_bim_eighteenth-century_a-new-accurate-system-of_brookes-richard-md_1763_4,36,0.35522,junk,,,,
ia_bim_eighteenth-century_a-new-accurate-system-of_brookes-richard-md_1763_4,37,0.89047,non_junk,non_divine_teleology,0.01366,0.92069,0.06565
ia_bim_eighteenth-century_a-new-accurate-system-of_brookes-richard-md_1763_4,38,0.00793,junk,,,,
ia_bim_eighteenth-century_a-new-accurate-system-of_brookes-richard-md_1763_4,39,0.00163,junk,,,,
ia_bim_eighteenth-century_a-new-accurate-system-of_brookes-richard-md_1763_4,40,0.32798,junk,,,,
ia_bim_eighteenth-century_a-new-accurate-system-of_brookes-richard-md_1763_4,41,0.10761,junk,,,,
ia_bim_eighteenth-century_a-new-accurate-system-of_brookes-richard-md_1763_4,42,0.98516,non_junk,non_divine_teleology,0.01431,0.60038,0.38531
ia_bim_eighteenth-century_a-new-accurate-system-of_brookes-richard-md_1763_4,43,0.00095,junk,,,,
ia_bim_eighteenth-century_a-new-accurate-system-of_brookes-richard-md_1763_4,44,0.00081,junk,,,,
ia_bim_eighteenth-century_a-new-accurate-system-of_brookes-richard-md_1763_4,45,0.20624,junk,,,,
ia_bim_eighteenth-century_a-new-accurate-system-of_brookes-richard-md_1763_4,46,0.003,junk,,,,
ia_bim_eighteenth-century_a-new-accurate-system-of_brookes-richard-md_1763_4,47,0.00963,junk,,,,
ia_bim_eighteenth-century_a-new-accurate-system-of_brookes-richard-md_1763_4,48,0.71597,non_junk,internal_essence,0.00708,0.06906,0.92386
ia_bim_eighteenth-century_a-new-accurate-system-of_brookes-richard-md_1763_4,49,0.00111,junk,,,,
ia_bim_eighteenth-century_a-new-accurate-system-of_brookes-richard-md_1763_4,50,0.0083,junk,,,,
ia_bim_eighteenth-century_a-new-accurate-system-of_brookes-richard-md_1763_4,51,0.01166,junk,,,,
ia_bim_eighteenth-century_a-new-accurate-system-of_brookes-richard-md_1763_4,52,0.00231,junk,,,,
ia_bim_eighteenth-century_a-new-accurate-system-of_brookes-richard-md_1763_4,53,0.01929,junk,,,,
ia_bim_eighteenth-century_a-new-accurate-system-of_brookes-richard-md_1763_4,54,0.0087,junk,,,,
ia_bim_eighteenth-century_a-new-accurate-system-of_brookes-richard-md_1763_4,55,0.00539,junk,,,,
ia_bim_eighteenth-century_a-new-accurate-system-of_brookes-richard-md_1763_4,56,0.01162,junk,,,,
ia_bim_eighteenth-century_a-new-accurate-system-of_brookes-richard-md_1763_4,57,0.24344,junk,,,,
ia_bim_eighteenth-century_a-new-accurate-system-of_brookes-richard-md_1763_4,58,0.00214,junk,,,,
ia_bim_eighteenth-century_a-new-accurate-system-of_brookes-richard-md_1763_4,59,0.08535,junk,,,,
ia_bim_eighteenth-century_a-new-accurate-system-of_brookes-richard-md_1763_4,60,0.01343,junk,,,,
ia_bim_eighteenth-century_a-new-accurate-system-of_brookes-richard-md_1763_4,61,0.14677,junk,,,,
ia_bim_eighteenth-century_a-new-accurate-system-of_brookes-richard-md_1763_4,62,0.00382,junk,,,,
ia_bim_eighteenth-century_a-new-accurate-system-of_brookes-richard-md_1763_4,63,0.00455,junk,,,,
ia_bim_eighteenth-century_a-new-accurate-system-of_brookes-richard-md_1763_4,64,0.00137,junk,,,,
ia_bim_eighteenth-century_a-new-accurate-system-of_brookes-richard-md_1763_4,65,0.11327,junk,,,,
ia_bim_eighteenth-century_a-new-accurate-system-of_brookes-richard-md_1763_4,66,0.01817,junk,,,,
ia_bim_eighteenth-century_a-new-accurate-system-of_brookes-richard-md_1763_4,67,0.00126,junk,,,,
ia_bim_eighteenth-century_a-new-accurate-system-of_brookes-richard-md_1763_4,68,0.00182,junk,,,,
ia_bim_eighteenth-century_a-new-accurate-system-of_brookes-richard-md_1763_4,69,0.00399,junk,,,,
ia_bim_eighteenth-century_a-new-accurate-system-of_brookes-richard-md_1763_4,70,0.08372,junk,,,,
ia_bim_eighteenth-century_a-new-accurate-system-of_brookes-richard-md_1763_4,71,0.08202,junk,,,,
ia_bim_eighteenth-century_a-new-accurate-system-of_brookes-richard-md_1763_4,72,0.05963,junk,,,,
ia_bim_eighteenth-century_a-new-accurate-system-of_brookes-richard-md_1763_4,73,0.00061,junk,,,,
ia_bim_eighteenth-century_a-new-accurate-system-of_brookes-richard-md_1763_4,74,0.01995,junk,,,,
ia_bim_eighteenth-century_a-new-accurate-system-of_brookes-richard-md_1763_4,75,0.00042,junk,,,,
ia_bim_eighteenth-century_a-new-accurate-system-of_brookes-richard-md_1763_4,76,0.00464,junk,,,,
ia_bim_eighteenth-century_a-new-accurate-system-of_brookes-richard-md_1763_4,77,0.00795,junk,,,,
ia_bim_eighteenth-century_a-new-accurate-system-of_brookes-richard-md_1763_4,78,0.1271,junk,,,,
ia_bim_eighteenth-century_a-new-accurate-system-of_brookes-richard-md_1763_4,79,0.02023,junk,,,,
ia_bim_eighteenth-century_a-new-accurate-system-of_brookes-richard-md_1763_4,80,0.00301,junk,,,,
ia_bim_eighteenth-century_a-new-accurate-system-of_brookes-richard-md_1763_4,81,0.01141,junk,,,,
ia_bim_eighteenth-century_a-new-accurate-system-of_brookes-richard-md_1763_4,82,0.92878,non_junk,internal_essence,0.00128,0.03016,0.96855
ia_bim_eighteenth-century_a-new-accurate-system-of_brookes-richard-md_1763_4,83,0.01313,junk,,,,
ia_bim_eighteenth-century_a-new-accurate-system-of_brookes-richard-md_1763_4,84,0.92878,non_junk,internal_essence,0.00128,0.03016,0.96855
ia_bim_eighteenth-century_a-new-accurate-system-of_brookes-richard-md_1763_4,85,0.01142,junk,,,,
ia_bim_eighteenth-century_a-new-accurate-system-of_brookes-richard-md_1763_4,86,0.06624,junk,,,,
ia_bim_eighteenth-century_a-new-accurate-system-of_brookes-richard-md_1763_4,87,0.84779,non_junk,non_divine_teleology,0.00958,0.97137,0.01905
ia_bim_eighteenth-century_a-new-accurate-system-of_brookes-richard-md_1763_4,88,0.00607,junk,,,,
ia_bim_eighteenth-century_a-new-accurate-system-of_brookes-richard-md_1763_4,89,0.09509,junk,,,,
ia_bim_eighteenth-century_a-new-accurate-system-of_brookes-richard-md_1763_4,90,0.9305,non_junk,non_divine_teleology,0.05584,0.79142,0.15274
ia_bim_eighteenth-century_a-new-accurate-system-of_brookes-richard-md_1763_4,91,0.94653,non_junk,non_divine_teleology,0.03038,0.84158,0.12804
ia_bim_eighteenth-century_a-new-accurate-system-of_brookes-richard-md_1763_4,92,0.25786,junk,,,,
ia_bim_eighteenth-century_a-new-accurate-system-of_brookes-richard-md_1763_4,93,0.00367,junk,,,,
ia_bim_eighteenth-century_a-new-accurate-system-of_brookes-richard-md_1763_4,94,0.14211,junk,,,,
ia_bim_eighteenth-century_a-new-accurate-system-of_brookes-richard-md_1763_4,95,0.00143,junk,,,,
ia_bim_eighteenth-century_a-new-accurate-system-of_brookes-richard-md_1763_4,96,0.06175,junk,,,,
ia_bim_eighteenth-century_a-new-accurate-system-of_brookes-richard-md_1763_4,97,0.00121,junk,,,,
ia_bim_eighteenth-century_a-new-accurate-system-of_brookes-richard-md_1763_4,98,0.00061,junk,,,,
ia_bim_eighteenth-century_a-new-accurate-system-of_brookes-richard-md_1763_4,99,0.07536,junk,,,,
ia_bim_eighteenth-century_a-new-accurate-system-of_brookes-richard-md_1763_4,100,0.1037,junk,,,,
ia_bim_eighteenth-century_a-new-accurate-system-of_brookes-richard-md_1763_4,101,0.00585,junk,,,,
ia_bim_eighteenth-century_a-new-accurate-system-of_brookes-richard-md_1763_4,102,0.1899,junk,,,,
ia_bim_eighteenth-century_a-new-accurate-system-of_brookes-richard-md_1763_4,103,0.02004,junk,,,,
ia_bim_eighteenth-century_a-new-accurate-system-of_brookes-richard-md_1763_4,104,0.13215,junk,,,,
ia_bim_eighteenth-century_a-new-accurate-system-of_brookes-richard-md_1763_4,105,0.15987,junk,,,,
ia_bim_eighteenth-century_a-new-accurate-system-of_brookes-richard-md_1763_4,106,0.16092,junk,,,,
ia_bim_eighteenth-century_a-new-accurate-system-of_brookes-richard-md_1763_4,107,0.14218,junk,,,,
ia_bim_eighteenth-century_a-new-accurate-system-of_brookes-richard-md_1763_4,108,0.01164,junk,,,,
ia_bim_eighteenth-century_a-new-accurate-system-of_brookes-richard-md_1763_4,109,0.01084,junk,,,,
ia_bim_eighteenth-century_a-new-accurate-system-of_brookes-richard-md_1763_4,110,0.0015,junk,,,,
ia_bim_eighteenth-century_a-new-accurate-system-of_brookes-richard-md_1763_4,111,0.0346,junk,,,,
ia_bim_eighteenth-century_a-new-accurate-system-of_brookes-richard-md_1763_4,112,0.0319,junk,,,,
ia_bim_eighteenth-century_a-new-accurate-system-of_brookes-richard-md_1763_4,113,0.11414,junk,,,,
ia_bim_eighteenth-century_a-new-accurate-system-of_brookes-richard-md_1763_4,114,0.07068,junk,,,,
ia_bim_eighteenth-century_a-new-accurate-system-of_brookes-richard-md_1763_4,115,0.002,junk,,,,
ia_bim_eighteenth-century_a-new-accurate-system-of_brookes-richard-md_1763_4,116,0.00093,junk,,,,
ia_bim_eighteenth-century_a-new-accurate-system-of_brookes-richard-md_1763_4,117,0.04477,junk,,,,
ia_bim_eighteenth-century_a-new-accurate-system-of_brookes-richard-md_1763_4,118,0.05422,junk,,,,
ia_bim_eighteenth-century_a-new-accurate-system-of_brookes-richard-md_1763_4,119,0.02027,junk,,,,
ia_bim_eighteenth-century_a-new-accurate-system-of_brookes-richard-md_1763_4,120,0.00229,junk,,,,
ia_bim_eighteenth-century_a-new-accurate-system-of_brookes-richard-md_1763_4,121,0.01022,junk,,,,
ia_bim_eighteenth-century_a-new-accurate-system-of_brookes-richard-md_1763_4,122,0.01357,junk,,,,
ia_bim_eighteenth-century_a-new-accurate-system-of_brookes-richard-md_1763_4,123,0.00134,junk,,,,
ia_bim_eighteenth-century_a-new-accurate-system-of_brookes-richard-md_1763_4,124,0.06549,junk,,,,
ia_bim_eighteenth-century_a-new-accurate-system-of_brookes-richard-md_1763_4,125,0.31883,junk,,,,
ia_bim_eighteenth-century_a-new-accurate-system-of_brookes-richard-md_1763_4,126,0.0585,junk,,,,
ia_bim_eighteenth-century_a-new-accurate-system-of_brookes-richard-md_1763_4,127,0.01226,junk,,,,
ia_bim_eighteenth-century_a-new-accurate-system-of_brookes-richard-md_1763_4,128,0.37014,junk,,,,
ia_bim_eighteenth-century_a-new-accurate-system-of_brookes-richard-md_1763_4,129,0.97782,non_junk,non_divine_teleology,0.00467,0.85738,0.13795
ia_bim_eighteenth-century_a-new-accurate-system-of_brookes-richard-md_1763_4,130,0.00106,junk,,,,
ia_bim_eighteenth-century_a-new-accurate-system-of_brookes-richard-md_1763_4,131,0.00367,junk,,,,
ia_bim_eighteenth-century_a-new-accurate-system-of_brookes-richard-md_1763_4,132,0.00454,junk,,,,
ia_bim_eighteenth-century_a-new-accurate-system-of_brookes-richard-md_1763_4,133,0.00118,junk,,,,
ia_bim_eighteenth-century_a-new-accurate-system-of_brookes-richard-md_1763_4,134,0.01604,junk,,,,
ia_bim_eighteenth-century_a-new-accurate-system-of_brookes-richard-md_1763_4,135,0.15191,junk,,,,
ia_bim_eighteenth-century_a-new-accurate-system-of_brookes-richard-md_1763_4,136,0.19081,junk,,,,
ia_bim_eighteenth-century_a-new-accurate-system-of_brookes-richard-md_1763_4,137,0.01098,junk,,,,
ia_bim_eighteenth-century_a-new-accurate-system-of_brookes-richard-md_1763_4,138,0.00246,junk,,,,
ia_bim_eighteenth-century_a-new-accurate-system-of_brookes-richard-md_1763_4,139,0.70633,non_junk,non_divine_teleology,0.03567,0.74039,0.22394
ia_bim_eighteenth-century_a-new-accurate-system-of_brookes-richard-md_1763_4,140,0.00371,junk,,,,
ia_bim_eighteenth-century_a-new-accurate-system-of_brookes-richard-md_1763_4,141,0.00167,junk,,,,
ia_bim_eighteenth-century_a-new-accurate-system-of_brookes-richard-md_1763_4,142,0.13749,junk,,,,
ia_bim_eighteenth-century_a-new-accurate-system-of_brookes-richard-md_1763_4,143,0.06207,junk,,,,
ia_bim_eighteenth-century_a-new-accurate-system-of_brookes-richard-md_1763_4,144,0.08549,junk,,,,
ia_bim_eighteenth-century_a-new-accurate-system-of_brookes-richard-md_1763_4,145,0.00403,junk,,,,
ia_bim_eighteenth-century_a-new-accurate-system-of_brookes-richard-md_1763_4,146,0.01388,junk,,,,
ia_bim_eighteenth-century_a-new-accurate-system-of_brookes-richard-md_1763_4,147,0.064,junk,,,,
ia_bim_eighteenth-century_a-new-accurate-system-of_brookes-richard-md_1763_4,148,0.01319,junk,,,,
ia_bim_eighteenth-century_a-new-accurate-system-of_brookes-richard-md_1763_4,149,0.02268,junk,,,,
ia_bim_eighteenth-century_a-new-accurate-system-of_brookes-richard-md_1763_4,150,0.00708,junk,,,,
ia_bim_eighteenth-century_a-new-accurate-system-of_brookes-richard-md_1763_4,151,0.49126,junk,,,,
ia_bim_eighteenth-century_a-new-accurate-system-of_brookes-richard-md_1763_4,152,0.02326,junk,,,,
ia_bim_eighteenth-century_a-new-accurate-system-of_brookes-richard-md_1763_4,153,0.99773,non_junk,non_divine_teleology,0.00205,0.99616,0.00179
ia_bim_eighteenth-century_a-new-accurate-system-of_brookes-richard-md_1763_4,154,0.03973,junk,,,,
ia_bim_eighteenth-century_a-new-accurate-system-of_brookes-richard-md_1763_4,155,0.01346,junk,,,,
ia_bim_eighteenth-century_a-new-accurate-system-of_brookes-richard-md_1763_4,156,0.00107,junk,,,,
ia_bim_eighteenth-century_a-new-accurate-system-of_brookes-richard-md_1763_4,157,0.00192,junk,,,,
ia_bim_eighteenth-century_a-new-accurate-system-of_brookes-richard-md_1763_4,158,0.04901,junk,,,,
ia_bim_eighteenth-century_a-new-accurate-system-of_brookes-richard-md_1763_4,159,0.16369,junk,,,,
ia_bim_eighteenth-century_a-new-accurate-system-of_brookes-richard-md_1763_4,160,0.79267,non_junk,internal_essence,0.0142,0.28305,0.70275
ia_bim_eighteenth-century_a-new-accurate-system-of_brookes-richard-md_1763_4,161,0.01195,junk,,,,
ia_bim_eighteenth-century_a-new-accurate-system-of_brookes-richard-md_1763_4,162,0.01441,junk,,,,
ia_bim_eighteenth-century_a-new-accurate-system-of_brookes-richard-md_1763_4,163,0.07284,junk,,,,
ia_bim_eighteenth-century_a-new-accurate-system-of_brookes-richard-md_1763_4,164,0.03738,junk,,,,
ia_bim_eighteenth-century_a-new-accurate-system-of_brookes-richard-md_1763_4,165,0.0754,junk,,,,
ia_bim_eighteenth-century_a-new-accurate-system-of_brookes-richard-md_1763_4,166,0.05507,junk,,,,
ia_bim_eighteenth-century_a-new-accurate-system-of_brookes-richard-md_1763_4,167,0.00343,junk,,,,
ia_bim_eighteenth-century_a-new-accurate-system-of_brookes-richard-md_1763_4,168,0.00395,junk,,,,
ia_bim_eighteenth-century_a-new-accurate-system-of_brookes-richard-md_1763_4,169,0.00013,junk,,,,
ia_bim_eighteenth-century_a-new-accurate-system-of_brookes-richard-md_1763_4,170,0.24197,junk,,,,
ia_bim_eighteenth-century_a-new-accurate-system-of_brookes-richard-md_1763_4,171,0.00992,junk,,,,
ia_bim_eighteenth-century_a-new-accurate-system-of_brookes-richard-md_1763_4,172,0.27483,junk,,,,
ia_bim_eighteenth-century_a-new-accurate-system-of_brookes-richard-md_1763_4,173,0.20696,junk,,,,
ia_bim_eighteenth-century_a-new-accurate-system-of_brookes-richard-md_1763_4,174,0.04207,junk,,,,
ia_bim_eighteenth-century_a-new-accurate-system-of_brookes-richard-md_1763_4,175,0.12237,junk,,,,
ia_bim_eighteenth-century_a-new-accurate-system-of_brookes-richard-md_1763_4,176,0.00994,junk,,,,
ia_bim_eighteenth-century_a-new-accurate-system-of_brookes-richard-md_1763_4,177,0.00147,junk,,,,
ia_bim_eighteenth-century_a-new-accurate-system-of_brookes-richard-md_1763_4,178,0.04551,junk,,,,
ia_bim_eighteenth-century_a-new-accurate-system-of_brookes-richard-md_1763_4,179,0.00439,junk,,,,
ia_bim_eighteenth-century_a-new-accurate-system-of_brookes-richard-md_1763_4,180,0.00328,junk,,,,
ia_bim_eighteenth-century_a-new-accurate-system-of_brookes-richard-md_1763_4,181,0.00246,junk,,,,
ia_bim_eighteenth-century_a-new-accurate-system-of_brookes-richard-md_1763_4,182,0.53905,non_junk,internal_essence,0.01271,0.30381,0.68349
ia_bim_eighteenth-century_a-new-accurate-system-of_brookes-richard-md_1763_4,183,0.56893,non_junk,internal_essence,0.01849,0.43059,0.55092
ia_bim_eighteenth-century_a-new-accurate-system-of_brookes-richard-md_1763_4,184,0.38968,junk,,,,
ia_bim_eighteenth-century_a-new-accurate-system-of_brookes-richard-md_1763_4,185,0.00702,junk,,,,
ia_bim_eighteenth-century_a-new-accurate-system-of_brookes-richard-md_1763_4,186,0.00581,junk,,,,
ia_bim_eighteenth-century_a-new-accurate-system-of_brookes-richard-md_1763_4,187,0.02491,junk,,,,
ia_bim_eighteenth-century_a-new-accurate-system-of_brookes-richard-md_1763_4,188,0.00181,junk,,,,
ia_bim_eighteenth-century_a-new-accurate-system-of_brookes-richard-md_1763_4,189,0.00352,junk,,,,
ia_bim_eighteenth-century_a-new-accurate-system-of_brookes-richard-md_1763_4,190,0.02312,junk,,,,
ia_bim_eighteenth-century_a-new-accurate-system-of_brookes-richard-md_1763_4,191,0.06051,junk,,,,
ia_bim_eighteenth-century_a-new-accurate-system-of_brookes-richard-md_1763_4,192,0.08717,junk,,,,
ia_bim_eighteenth-century_a-new-accurate-system-of_brookes-richard-md_1763_4,193,0.00732,junk,,,,
ia_bim_eighteenth-century_a-new-accurate-system-of_brookes-richard-md_1763_4,194,0.10149,junk,,,,
ia_bim_eighteenth-century_a-new-accurate-system-of_brookes-richard-md_1763_4,195,0.10868,junk,,,,
ia_bim_eighteenth-century_a-new-accurate-system-of_brookes-richard-md_1763_4,196,0.00826,junk,,,,
ia_bim_eighteenth-century_a-new-accurate-system-of_brookes-richard-md_1763_4,197,0.05419,junk,,,,
ia_bim_eighteenth-century_a-new-accurate-system-of_brookes-richard-md_1763_4,198,0.01641,junk,,,,
ia_bim_eighteenth-century_a-new-accurate-system-of_brookes-richard-md_1763_4,199,0.00118,junk,,,,
ia_bim_eighteenth-century_a-new-accurate-system-of_brookes-richard-md_1763_4,200,0.07984,junk,,,,
ia_bim_eighteenth-century_a-new-accurate-system-of_brookes-richard-md_1763_4,201,0.00358,junk,,,,
ia_bim_eighteenth-century_a-new-accurate-system-of_brookes-richard-md_1763_4,202,0.00811,junk,,,,
ia_bim_eighteenth-century_a-new-accurate-system-of_brookes-richard-md_1763_4,203,0.01745,junk,,,,
ia_bim_eighteenth-century_a-new-accurate-system-of_brookes-richard-md_1763_4,204,0.00935,junk,,,,
ia_bim_eighteenth-century_a-new-accurate-system-of_brookes-richard-md_1763_4,205,0.00275,junk,,,,
ia_bim_eighteenth-century_a-new-accurate-system-of_brookes-richard-md_1763_4,206,0.00112,junk,,,,
ia_bim_eighteenth-century_a-new-accurate-system-of_brookes-richard-md_1763_4,207,0.06428,junk,,,,
ia_bim_eighteenth-century_a-new-accurate-system-of_brookes-richard-md_1763_4,208,0.01769,junk,,,,
ia_bim_eighteenth-century_a-new-accurate-system-of_brookes-richard-md_1763_4,209,0.17555,junk,,,,
ia_bim_eighteenth-century_a-new-accurate-system-of_brookes-richard-md_1763_4,210,0.07717,junk,,,,
ia_bim_eighteenth-century_a-new-accurate-system-of_brookes-richard-md_1763_4,211,0.00184,junk,,,,
ia_bim_eighteenth-century_a-new-accurate-system-of_brookes-richard-md_1763_4,212,0.27048,junk,,,,
ia_bim_eighteenth-century_a-new-accurate-system-of_brookes-richard-md_1763_4,213,0.51055,non_junk,non_divine_teleology,0.01051,0.93733,0.05216
ia_bim_eighteenth-century_a-new-accurate-system-of_brookes-richard-md_1763_4,214,0.03503,junk,,,,
ia_bim_eighteenth-century_a-new-accurate-system-of_brookes-richard-md_1763_4,215,0.08219,junk,,,,
ia_bim_eighteenth-century_a-new-accurate-system-of_brookes-richard-md_1763_4,216,0.00247,junk,,,,
ia_bim_eighteenth-century_a-new-accurate-system-of_brookes-richard-md_1763_4,217,0.94414,non_junk,non_divine_teleology,0.01475,0.75132,0.23392
ia_bim_eighteenth-century_a-new-accurate-system-of_brookes-richard-md_1763_4,218,0.16296,junk,,,,
ia_bim_eighteenth-century_a-new-accurate-system-of_brookes-richard-md_1763_4,219,0.65762,non_junk,non_divine_teleology,0.01787,0.78148,0.20065
ia_bim_eighteenth-century_a-new-accurate-system-of_brookes-richard-md_1763_4,220,0.4272,junk,,,,
ia_bim_eighteenth-century_a-new-accurate-system-of_brookes-richard-md_1763_4,221,0.0031,junk,,,,
ia_bim_eighteenth-century_a-new-accurate-system-of_brookes-richard-md_1763_4,222,0.05998,junk,,,,
ia_bim_eighteenth-century_a-new-accurate-system-of_brookes-richard-md_1763_4,223,0.06835,junk,,,,
ia_bim_eighteenth-century_a-new-accurate-system-of_brookes-richard-md_1763_4,224,0.07448,junk,,,,
ia_bim_eighteenth-century_a-new-accurate-system-of_brookes-richard-md_1763_4,225,0.00023,junk,,,,
ia_bim_eighteenth-century_a-new-accurate-system-of_brookes-richard-md_1763_4,226,0.00118,junk,,,,
ia_bim_eighteenth-century_a-new-accurate-system-of_brookes-richard-md_1763_4,227,0.00618,junk,,,,
ia_bim_eighteenth-century_a-new-accurate-system-of_brookes-richard-md_1763_4,228,0.04836,junk,,,,
ia_bim_eighteenth-century_a-new-accurate-system-of_brookes-richard-md_1763_4,229,0.03244,junk,,,,
ia_bim_eighteenth-century_a-new-accurate-system-of_brookes-richard-md_1763_4,230,0.71965,non_junk,non_divine_teleology,0.02036,0.87073,0.10891
ia_bim_eighteenth-century_a-new-accurate-system-of_brookes-richard-md_1763_4,231,0.99739,non_junk,non_divine_teleology,0.00773,0.97979,0.01248
ia_bim_eighteenth-century_a-new-accurate-system-of_brookes-richard-md_1763_4,232,0.01508,junk,,,,
ia_bim_eighteenth-century_a-new-accurate-system-of_brookes-richard-md_1763_4,233,0.01508,junk,,,,
ia_bim_eighteenth-century_a-new-accurate-system-of_brookes-richard-md_1763_4,234,0.04501,junk,,,,
ia_bim_eighteenth-century_a-new-accurate-system-of_brookes-richard-md_1763_4,235,0.41078,junk,,,,
ia_bim_eighteenth-century_a-new-accurate-system-of_brookes-richard-md_1763_4,236,0.00748,junk,,,,
ia_bim_eighteenth-century_a-new-accurate-system-of_brookes-richard-md_1763_4,237,0.65755,non_junk,non_divine_teleology,0.04347,0.83063,0.1259
ia_bim_eighteenth-century_a-new-accurate-system-of_brookes-richard-md_1763_4,238,0.62476,non_junk,internal_essence,0.01073,0.3524,0.63687
ia_bim_eighteenth-century_a-new-accurate-system-of_brookes-richard-md_1763_4,239,0.04373,junk,,,,
ia_bim_eighteenth-century_a-new-accurate-system-of_brookes-richard-md_1763_4,240,0.01038,junk,,,,
ia_bim_eighteenth-century_a-new-accurate-system-of_brookes-richard-md_1763_4,241,0.01152,junk,,,,
ia_bim_eighteenth-century_a-new-accurate-system-of_brookes-richard-md_1763_4,242,0.00143,junk,,,,
ia_bim_eighteenth-century_a-new-accurate-system-of_brookes-richard-md_1763_4,243,0.47361,junk,,,,
ia_bim_eighteenth-century_a-new-accurate-system-of_brookes-richard-md_1763_4,244,0.00211,junk,,,,
ia_bim_eighteenth-century_a-new-accurate-system-of_brookes-richard-md_1763_4,245,0.00211,junk,,,,
ia_bim_eighteenth-century_a-new-accurate-system-of_brookes-richard-md_1763_4,246,0.73736,non_junk,non_divine_teleology,0.01642,0.85585,0.12773
ia_bim_eighteenth-century_a-new-accurate-system-of_brookes-richard-md_1763_4,247,0.06009,junk,,,,
ia_bim_eighteenth-century_a-new-accurate-system-of_brookes-richard-md_1763_4,248,0.08667,junk,,,,
ia_bim_eighteenth-century_a-new-accurate-system-of_brookes-richard-md_1763_4,249,0.07235,junk,,,,
ia_bim_eighteenth-century_a-new-accurate-system-of_brookes-richard-md_1763_4,250,0.02732,junk,,,,
ia_bim_eighteenth-century_a-new-accurate-system-of_brookes-richard-md_1763_4,251,0.00148,junk,,,,
ia_bim_eighteenth-century_a-new-accurate-system-of_brookes-richard-md_1763_4,252,0.00949,junk,,,,
ia_bim_eighteenth-century_a-new-accurate-system-of_brookes-richard-md_1763_4,253,0.01079,junk,,,,
ia_bim_eighteenth-century_a-new-accurate-system-of_brookes-richard-md_1763_4,254,0.00063,junk,,,,
ia_bim_eighteenth-century_a-new-accurate-system-of_brookes-richard-md_1763_4,255,0.00762,junk,,,,
ia_bim_eighteenth-century_a-new-accurate-system-of_brookes-richard-md_1763_4,256,0.00598,junk,,,,
ia_bim_eighteenth-century_a-new-accurate-system-of_brookes-richard-md_1763_4,257,0.00238,junk,,,,
ia_bim_eighteenth-century_a-new-accurate-system-of_brookes-richard-md_1763_4,258,0.06394,junk,,,,
ia_bim_eighteenth-century_a-new-accurate-system-of_brookes-richard-md_1763_4,259,0.00953,junk,,,,
ia_bim_eighteenth-century_a-new-accurate-system-of_brookes-richard-md_1763_4,260,0.00437,junk,,,,
ia_bim_eighteenth-century_a-new-accurate-system-of_brookes-richard-md_1763_4,261,0.31004,junk,,,,
ia_bim_eighteenth-century_a-new-accurate-system-of_brookes-richard-md_1763_4,262,0.2665,junk,,,,
ia_bim_eighteenth-century_a-new-accurate-system-of_brookes-richard-md_1763_4,263,0.13474,junk,,,,
ia_bim_eighteenth-century_a-new-accurate-system-of_brookes-richard-md_1763_4,264,0.1644,junk,,,,
ia_bim_eighteenth-century_a-new-accurate-system-of_brookes-richard-md_1763_4,265,0.24778,junk,,,,
ia_bim_eighteenth-century_a-new-accurate-system-of_brookes-richard-md_1763_4,266,0.12703,junk,,,,
ia_bim_eighteenth-century_a-new-accurate-system-of_brookes-richard-md_1763_4,267,0.68845,non_junk,non_divine_teleology,0.03859,0.8529,0.10852
ia_bim_eighteenth-century_a-new-accurate-system-of_brookes-richard-md_1763_4,268,0.99489,non_junk,non_divine_teleology,0.04807,0.93074,0.02119
ia_bim_eighteenth-century_a-new-accurate-system-of_brookes-richard-md_1763_4,269,0.04169,junk,,,,
ia_bim_eighteenth-century_a-new-accurate-system-of_brookes-richard-md_1763_4,270,0.1064,junk,,,,
ia_bim_eighteenth-century_a-new-accurate-system-of_brookes-richard-md_1763_4,271,0.79642,non_junk,non_divine_teleology,0.02049,0.77649,0.20302
ia_bim_eighteenth-century_a-new-accurate-system-of_brookes-richard-md_1763_4,272,0.39818,junk,,,,
ia_bim_eighteenth-century_a-new-accurate-system-of_brookes-richard-md_1763_4,273,0.87828,non_junk,non_divine_teleology,0.06612,0.61433,0.31955
ia_bim_eighteenth-century_a-new-accurate-system-of_brookes-richard-md_1763_4,274,0.17756,junk,,,,
ia_bim_eighteenth-century_a-new-accurate-system-of_brookes-richard-md_1763_4,275,0.8355,non_junk,non_divine_teleology,0.02514,0.88585,0.08902
ia_bim_eighteenth-century_a-new-accurate-system-of_brookes-richard-md_1763_4,276,0.98819,non_junk,internal_essence,0.01321,0.29297,0.69382
ia_bim_eighteenth-century_a-new-accurate-system-of_brookes-richard-md_1763_4,277,0.03459,junk,,,,
ia_bim_eighteenth-century_a-new-accurate-system-of_brookes-richard-md_1763_4,278,0.05314,junk,,,,
ia_bim_eighteenth-century_a-new-accurate-system-of_brookes-richard-md_1763_4,279,0.96797,non_junk,non_divine_teleology,0.02194,0.58022,0.39784
ia_bim_eighteenth-century_a-new-accurate-system-of_brookes-richard-md_1763_4,280,0.00287,junk,,,,
ia_bim_eighteenth-century_a-new-accurate-system-of_brookes-richard-md_1763_4,281,0.00226,junk,,,,
ia_bim_eighteenth-century_a-new-accurate-system-of_brookes-richard-md_1763_4,282,0.06167,junk,,,,
ia_bim_eighteenth-century_a-new-accurate-system-of_brookes-richard-md_1763_4,283,0.9698,non_junk,non_divine_teleology,0.017,0.84095,0.14205
ia_bim_eighteenth-century_a-new-accurate-system-of_brookes-richard-md_1763_4,284,0.46424,junk,,,,
ia_bim_eighteenth-century_a-new-accurate-system-of_brookes-richard-md_1763_4,285,0.58826,non_junk,non_divine_teleology,0.02417,0.76304,0.21279
ia_bim_eighteenth-century_a-new-accurate-system-of_brookes-richard-md_1763_4,286,0.69151,non_junk,non_divine_teleology,0.02415,0.95069,0.02515
ia_bim_eighteenth-century_a-new-accurate-system-of_brookes-richard-md_1763_4,287,0.00808,junk,,,,
ia_bim_eighteenth-century_a-new-accurate-system-of_brookes-richard-md_1763_4,288,0.61345,non_junk,non_divine_teleology,0.02087,0.96441,0.01472
ia_bim_eighteenth-century_a-new-accurate-system-of_brookes-richard-md_1763_4,289,0.35572,junk,,,,
ia_bim_eighteenth-century_a-new-accurate-system-of_brookes-richard-md_1763_4,290,0.02506,junk,,,,
ia_bim_eighteenth-century_a-new-accurate-system-of_brookes-richard-md_1763_4,291,0.89629,non_junk,non_divine_teleology,0.06483,0.8623,0.07288
ia_bim_eighteenth-century_a-new-accurate-system-of_brookes-richard-md_1763_4,292,0.9982,non_junk,non_divine_teleology,0.09947,0.85138,0.04915
ia_bim_eighteenth-century_a-new-accurate-system-of_brookes-richard-md_1763_4,293,0.94294,non_junk,non_divine_teleology,0.04317,0.78331,0.17353
ia_bim_eighteenth-century_a-new-accurate-system-of_brookes-richard-md_1763_4,294,0.20011,junk,,,,
ia_bim_eighteenth-century_a-new-accurate-system-of_brookes-richard-md_1763_4,295,0.18247,junk,,,,
ia_bim_eighteenth-century_a-new-accurate-system-of_brookes-richard-md_1763_4,296,0.14822,junk,,,,
ia_bim_eighteenth-century_a-new-accurate-system-of_brookes-richard-md_1763_4,297,0.00368,junk,,,,
ia_bim_eighteenth-century_a-new-accurate-system-of_brookes-richard-md_1763_4,298,0.00299,junk,,,,
ia_bim_eighteenth-century_a-new-accurate-system-of_brookes-richard-md_1763_4,299,0.00147,junk,,,,
ia_bim_eighteenth-century_a-new-accurate-system-of_brookes-richard-md_1763_4,300,0.12488,junk,,,,
ia_bim_eighteenth-century_a-new-accurate-system-of_brookes-richard-md_1763_4,301,0.02184,junk,,,,
ia_bim_eighteenth-century_a-new-accurate-system-of_brookes-richard-md_1763_4,302,0.03164,junk,,,,
ia_bim_eighteenth-century_a-new-accurate-system-of_brookes-richard-md_1763_4,303,0.15969,junk,,,,
ia_bim_eighteenth-century_a-new-accurate-system-of_brookes-richard-md_1763_4,304,0.00074,junk,,,,
ia_bim_eighteenth-century_a-new-accurate-system-of_brookes-richard-md_1763_4,305,0.00114,junk,,,,
ia_bim_eighteenth-century_a-new-accurate-system-of_brookes-richard-md_1763_4,306,0.01221,junk,,,,
ia_bim_eighteenth-century_a-new-accurate-system-of_brookes-richard-md_1763_4,307,0.023,junk,,,,
ia_bim_eighteenth-century_a-new-accurate-system-of_brookes-richard-md_1763_4,308,0.00134,junk,,,,
ia_bim_eighteenth-century_a-new-accurate-system-of_brookes-richard-md_1763_4,309,0.0212,junk,,,,
ia_bim_eighteenth-century_a-new-accurate-system-of_brookes-richard-md_1763_4,310,0.01427,junk,,,,
ia_bim_eighteenth-century_a-new-accurate-system-of_brookes-richard-md_1763_4,311,0.00235,junk,,,,
ia_bim_eighteenth-century_a-new-accurate-system-of_brookes-richard-md_1763_4,312,0.11646,junk,,,,
ia_bim_eighteenth-century_a-new-accurate-system-of_brookes-richard-md_1763_4,313,0.04116,junk,,,,
ia_bim_eighteenth-century_a-new-accurate-system-of_brookes-richard-md_1763_4,314,0.0125,junk,,,,
ia_bim_eighteenth-century_a-new-accurate-system-of_brookes-richard-md_1763_4,315,0.09289,junk,,,,
ia_bim_eighteenth-century_a-new-accurate-system-of_brookes-richard-md_1763_4,316,0.04021,junk,,,,
ia_bim_eighteenth-century_a-new-accurate-system-of_brookes-richard-md_1763_4,317,0.00727,junk,,,,
ia_bim_eighteenth-century_a-new-accurate-system-of_brookes-richard-md_1763_4,318,0.20606,junk,,,,
ia_bim_eighteenth-century_a-new-accurate-system-of_brookes-richard-md_1763_4,319,0.08007,junk,,,,
ia_bim_eighteenth-century_a-new-accurate-system-of_brookes-richard-md_1763_4,320,0.01053,junk,,,,
ia_bim_eighteenth-century_a-new-accurate-system-of_brookes-richard-md_1763_4,321,0.01648,junk,,,,
ia_bim_eighteenth-century_a-new-accurate-system-of_brookes-richard-md_1763_4,322,0.02423,junk,,,,
ia_bim_eighteenth-century_a-new-accurate-system-of_brookes-richard-md_1763_4,323,0.13762,junk,,,,
ia_bim_eighteenth-century_a-new-accurate-system-of_brookes-richard-md_1763_4,324,0.03869,junk,,,,
ia_bim_eighteenth-century_a-new-accurate-system-of_brookes-richard-md_1763_4,325,0.00177,junk,,,,
ia_bim_eighteenth-century_a-new-accurate-system-of_brookes-richard-md_1763_4,326,0.01926,junk,,,,
ia_bim_eighteenth-century_a-new-accurate-system-of_brookes-richard-md_1763_4,327,0.01945,junk,,,,
ia_bim_eighteenth-century_a-new-accurate-system-of_brookes-richard-md_1763_4,328,0.00849,junk,,,,
ia_bim_eighteenth-century_a-new-accurate-system-of_brookes-richard-md_1763_4,329,0.00569,junk,,,,
ia_bim_eighteenth-century_a-new-accurate-system-of_brookes-richard-md_1763_4,330,0.00464,junk,,,,
ia_bim_eighteenth-century_a-new-accurate-system-of_brookes-richard-md_1763_4,331,0.00657,junk,,,,
ia_bim_eighteenth-century_a-new-accurate-system-of_brookes-richard-md_1763_4,332,0.09311,junk,,,,
ia_bim_eighteenth-century_a-new-accurate-system-of_brookes-richard-md_1763_4,333,0.01496,junk,,,,
ia_bim_eighteenth-century_a-new-accurate-system-of_brookes-richard-md_1763_4,334,0.00852,junk,,,,
ia_bim_eighteenth-century_a-new-accurate-system-of_brookes-richard-md_1763_4,335,0.03107,junk,,,,
ia_bim_eighteenth-century_a-new-accurate-system-of_brookes-richard-md_1763_4,336,0.02865,junk,,,,
ia_bim_eighteenth-century_a-new-accurate-system-of_brookes-richard-md_1763_4,337,0.00159,junk,,,,
ia_bim_eighteenth-century_a-new-accurate-system-of_brookes-richard-md_1763_4,338,0.04852,junk,,,,
ia_bim_eighteenth-century_a-new-accurate-system-of_brookes-richard-md_1763_4,339,0.86277,non_junk,non_divine_teleology,0.02269,0.51593,0.46138
ia_bim_eighteenth-century_a-new-accurate-system-of_brookes-richard-md_1763_4,340,0.01331,junk,,,,
ia_bim_eighteenth-century_a-new-accurate-system-of_brookes-richard-md_1763_4,341,0.00141,junk,,,,
ia_bim_eighteenth-century_a-new-accurate-system-of_brookes-richard-md_1763_4,342,0.00488,junk,,,,
ia_bim_eighteenth-century_a-new-accurate-system-of_brookes-richard-md_1763_4,343,0.00096,junk,,,,
ia_bim_eighteenth-century_a-new-accurate-system-of_brookes-richard-md_1763_4,344,0.01426,junk,,,,
ia_bim_eighteenth-century_a-new-accurate-system-of_brookes-richard-md_1763_4,345,0.17479,junk,,,,
ia_bim_eighteenth-century_a-new-accurate-system-of_brookes-richard-md_1763_4,346,0.28501,junk,,,,
ia_bim_eighteenth-century_a-new-accurate-system-of_brookes-richard-md_1763_4,347,0.46352,junk,,,,
ia_bim_eighteenth-century_a-new-accurate-system-of_brookes-richard-md_1763_4,348,0.02238,junk,,,,
ia_bim_eighteenth-century_a-new-accurate-system-of_brookes-richard-md_1763_4,349,0.00214,junk,,,,
ia_bim_eighteenth-century_a-new-accurate-system-of_brookes-richard-md_1763_4,350,0.01582,junk,,,,
ia_bim_eighteenth-century_a-new-accurate-system-of_brookes-richard-md_1763_4,351,0.19572,junk,,,,
ia_bim_eighteenth-century_a-new-accurate-system-of_brookes-richard-md_1763_4,352,0.59072,non_junk,non_divine_teleology,0.01002,0.88936,0.10063
ia_bim_eighteenth-century_a-new-accurate-system-of_brookes-richard-md_1763_4,353,0.89118,non_junk,non_divine_teleology,0.00756,0.93263,0.05981
ia_bim_eighteenth-century_a-new-accurate-system-of_brookes-richard-md_1763_4,354,0.21106,junk,,,,
ia_bim_eighteenth-century_a-new-accurate-system-of_brookes-richard-md_1763_4,355,0.00409,junk,,,,
ia_bim_eighteenth-century_a-new-accurate-system-of_brookes-richard-md_1763_4,356,0.5268,non_junk,non_divine_teleology,0.02518,0.85272,0.1221
ia_bim_eighteenth-century_a-new-accurate-system-of_brookes-richard-md_1763_4,357,0.71575,non_junk,non_divine_teleology,0.01614,0.92926,0.0546
ia_bim_eighteenth-century_a-new-accurate-system-of_brookes-richard-md_1763_4,358,0.00015,junk,,,,
ia_bim_eighteenth-century_a-new-accurate-system-of_brookes-richard-md_1763_4,359,0.5268,non_junk,non_divine_teleology,0.02518,0.85272,0.1221
ia_bim_eighteenth-century_a-new-accurate-system-of_brookes-richard-md_1763_4,360,0.71575,non_junk,non_divine_teleology,0.01614,0.92926,0.0546
ia_bim_eighteenth-century_a-new-accurate-system-of_brookes-richard-md_1763_4,361,0.00469,junk,,,,
ia_bim_eighteenth-century_a-new-accurate-system-of_brookes-richard-md_1763_4,362,0.99153,non_junk,non_divine_teleology,0.0308,0.96216,0.00704
ia_bim_eighteenth-century_a-new-accurate-system-of_brookes-richard-md_1763_4,363,0.01846,junk,,,,
ia_bim_eighteenth-century_a-new-accurate-system-of_brookes-richard-md_1763_4,364,0.24617,junk,,,,
ia_bim_eighteenth-century_a-new-accurate-system-of_brookes-richard-md_1763_4,365,0.99863,non_junk,non_divine_teleology,0.01296,0.98429,0.00275
ia_bim_eighteenth-century_a-new-accurate-system-of_brookes-richard-md_1763_4,366,0.97279,non_junk,non_divine_teleology,0.00707,0.88599,0.10694
ia_bim_eighteenth-century_a-new-accurate-system-of_brookes-richard-md_1763_4,367,0.03543,junk,,,,
ia_bim_eighteenth-century_a-new-accurate-system-of_brookes-richard-md_1763_4,368,0.00394,junk,,,,
ia_bim_eighteenth-century_a-new-accurate-system-of_brookes-richard-md_1763_4,369,0.3949,junk,,,,
ia_bim_eighteenth-century_a-new-accurate-system-of_brookes-richard-md_1763_4,370,0.00269,junk,,,,
ia_bim_eighteenth-century_a-new-accurate-system-of_brookes-richard-md_1763_4,371,0.99206,non_junk,non_divine_teleology,0.17335,0.80767,0.01898
ia_bim_eighteenth-century_a-new-accurate-system-of_brookes-richard-md_1763_4,372,0.27144,junk,,,,
ia_bim_eighteenth-century_a-new-accurate-system-of_brookes-richard-md_1763_4,373,0.00465,junk,,,,
ia_bim_eighteenth-century_a-new-accurate-system-of_brookes-richard-md_1763_4,374,0.95984,non_junk,non_divine_teleology,0.00587,0.99181,0.00232
ia_bim_eighteenth-century_a-new-accurate-system-of_brookes-richard-md_1763_4,375,0.99987,non_junk,non_divine_teleology,0.00615,0.9806,0.01325
ia_bim_eighteenth-century_a-new-accurate-system-of_brookes-richard-md_1763_4,376,0.1026,junk,,,,
ia_bim_eighteenth-century_a-new-accurate-system-of_brookes-richard-md_1763_4,377,0.02682,junk,,,,
ia_bim_eighteenth-century_a-new-accurate-system-of_brookes-richard-md_1763_4,378,0.00338,junk,,,,
ia_bim_eighteenth-century_a-new-accurate-system-of_brookes-richard-md_1763_4,379,0.54376,non_junk,non_divine_teleology,0.08534,0.82478,0.08988
ia_bim_eighteenth-century_a-new-accurate-system-of_brookes-richard-md_1763_4,380,0.6665,non_junk,non_divine_teleology,0.01972,0.94608,0.0342
ia_bim_eighteenth-century_a-new-accurate-system-of_brookes-richard-md_1763_4,381,0.15285,junk,,,,
ia_bim_eighteenth-century_a-new-accurate-system-of_brookes-richard-md_1763_4,382,0.00145,junk,,,,
ia_bim_eighteenth-century_a-new-accurate-system-of_brookes-richard-md_1763_4,383,0.06986,junk,,,,
ia_bim_eighteenth-century_a-new-accurate-system-of_brookes-richard-md_1763_4,384,0.06497,junk,,,,
ia_bim_eighteenth-century_a-new-accurate-system-of_brookes-richard-md_1763_4,385,0.11329,junk,,,,
ia_bim_eighteenth-century_a-new-accurate-system-of_brookes-richard-md_1763_4,386,0.65115,non_junk,non_divine_teleology,0.02592,0.94935,0.02473
ia_bim_eighteenth-century_a-new-accurate-system-of_brookes-richard-md_1763_4,387,0.57449,non_junk,non_divine_teleology,0.02281,0.72877,0.24842
ia_bim_eighteenth-century_a-new-accurate-system-of_brookes-richard-md_1763_4,388,0.33157,junk,,,,
ia_bim_eighteenth-century_a-new-accurate-system-of_brookes-richard-md_1763_4,389,0.94797,non_junk,non_divine_teleology,0.00779,0.95286,0.03935
ia_bim_eighteenth-century_a-new-accurate-system-of_brookes-richard-md_1763_4,390,0.00412,junk,,,,
ia_bim_eighteenth-century_a-new-accurate-system-of_brookes-richard-md_1763_4,391,0.70405,non_junk,non_divine_teleology,0.01359,0.97992,0.00648
ia_bim_eighteenth-century_a-new-accurate-system-of_brookes-richard-md_1763_4,392,0.7784,non_junk,non_divine_teleology,0.03231,0.80819,0.1595
ia_bim_eighteenth-century_a-new-accurate-system-of_brookes-richard-md_1763_4,393,0.0234,junk,,,,
ia_bim_eighteenth-century_a-new-accurate-system-of_brookes-richard-md_1763_4,394,0.00375,junk,,,,
ia_bim_eighteenth-century_a-new-accurate-system-of_brookes-richard-md_1763_4,395,0.1137,junk,,,,
ia_bim_eighteenth-century_a-new-accurate-system-of_brookes-richard-md_1763_4,396,0.66568,non_junk,non_divine_teleology,0.0271,0.9177,0.05521
ia_bim_eighteenth-century_a-new-accurate-system-of_brookes-richard-md_1763_4,397,0.22679,junk,,,,
ia_bim_eighteenth-century_a-new-accurate-system-of_brookes-richard-md_1763_4,398,0.96371,non_junk,non_divine_teleology,0.00251,0.98009,0.0174
ia_bim_eighteenth-century_a-new-accurate-system-of_brookes-richard-md_1763_4,399,0.20254,junk,,,,
ia_bim_eighteenth-century_a-new-accurate-system-of_brookes-richard-md_1763_4,400,0.99541,non_junk,non_divine_teleology,0.02268,0.91765,0.05968
ia_bim_eighteenth-century_a-new-accurate-system-of_brookes-richard-md_1763_4,401,0.99455,non_junk,non_divine_teleology,0.02626,0.84356,0.13018
ia_bim_eighteenth-century_a-new-accurate-system-of_brookes-richard-md_1763_4,402,0.01338,junk,,,,
ia_bim_eighteenth-century_a-new-accurate-system-of_brookes-richard-md_1763_4,403,0.99712,non_junk,non_divine_teleology,0.01271,0.97541,0.01189
ia_bim_eighteenth-century_a-new-accurate-system-of_brookes-richard-md_1763_4,404,0.00107,junk,,,,
ia_bim_eighteenth-century_a-new-accurate-system-of_brookes-richard-md_1763_4,405,0.50259,non_junk,non_divine_teleology,0.02677,0.95281,0.02041
ia_bim_eighteenth-century_a-new-accurate-system-of_brookes-richard-md_1763_4,406,0.50259,non_junk,non_divine_teleology,0.02677,0.95281,0.02041
ia_bim_eighteenth-century_a-new-accurate-system-of_brookes-richard-md_1763_4,407,0.77971,non_junk,non_divine_teleology,0.03676,0.94611,0.01713
ia_bim_eighteenth-century_a-new-accurate-system-of_brookes-richard-md_1763_4,408,0.05823,junk,,,,
ia_bim_eighteenth-century_a-new-accurate-system-of_brookes-richard-md_1763_4,409,0.17283,junk,,,,
ia_bim_eighteenth-century_a-new-accurate-system-of_brookes-richard-md_1763_4,410,0.13508,junk,,,,
ia_bim_eighteenth-century_a-new-accurate-system-of_brookes-richard-md_1763_4,411,0.06168,junk,,,,
ia_bim_eighteenth-century_a-new-accurate-system-of_brookes-richard-md_1763_4,412,0.00577,junk,,,,
ia_bim_eighteenth-century_a-new-accurate-system-of_brookes-richard-md_1763_4,413,0.00032,junk,,,,
ia_bim_eighteenth-century_a-new-accurate-system-of_brookes-richard-md_1763_4,414,0.05016,junk,,,,
ia_bim_eighteenth-century_a-new-accurate-system-of_brookes-richard-md_1763_4,415,0.00027,junk,,,,
ia_bim_eighteenth-century_a-new-accurate-system-of_brookes-richard-md_1763_4,416,0.19865,junk,,,,
ia_bim_eighteenth-century_a-new-accurate-system-of_brookes-richard-md_1763_4,417,0.00014,junk,,,,
ia_bim_eighteenth-century_a-new-accurate-system-of_brookes-richard-md_1763_4,418,0.00098,junk,,,,
ia_bim_eighteenth-century_a-new-accurate-system-of_brookes-richard-md_1763_4,419,0.06056,junk,,,,
ia_bim_eighteenth-century_a-new-accurate-system-of_brookes-richard-md_1763_4,420,0.90459,non_junk,non_divine_teleology,0.02637,0.96091,0.01273
ia_bim_eighteenth-century_a-new-accurate-system-of_brookes-richard-md_1763_4,421,0.16764,junk,,,,
ia_bim_eighteenth-century_a-new-accurate-system-of_brookes-richard-md_1763_4,422,0.98241,non_junk,non_divine_teleology,0.01698,0.91606,0.06695
ia_bim_eighteenth-century_a-new-accurate-system-of_brookes-richard-md_1763_4,423,0.04772,junk,,,,
ia_bim_eighteenth-century_a-new-accurate-system-of_brookes-richard-md_1763_4,424,0.00136,junk,,,,
ia_bim_eighteenth-century_a-new-accurate-system-of_brookes-richard-md_1763_4,425,0.09318,junk,,,,
ia_bim_eighteenth-century_a-new-accurate-system-of_brookes-richard-md_1763_4,426,0.00132,junk,,,,
ia_bim_eighteenth-century_a-new-accurate-system-of_brookes-richard-md_1763_4,427,0.5158,non_junk,non_divine_teleology,0.01419,0.74063,0.24518
ia_bim_eighteenth-century_a-new-accurate-system-of_brookes-richard-md_1763_4,428,0.97786,non_junk,non_divine_teleology,0.01352,0.94556,0.04092
ia_bim_eighteenth-century_a-new-accurate-system-of_brookes-richard-md_1763_4,429,0.57223,non_junk,non_divine_teleology,0.00982,0.95852,0.03166
ia_bim_eighteenth-century_a-new-accurate-system-of_brookes-richard-md_1763_4,430,0.06802,junk,,,,
ia_bim_eighteenth-century_a-new-accurate-system-of_brookes-richard-md_1763_4,431,0.00082,junk,,,,
ia_bim_eighteenth-century_a-new-accurate-system-of_brookes-richard-md_1763_4,432,0.0065,junk,,,,
ia_bim_eighteenth-century_a-new-accurate-system-of_brookes-richard-md_1763_4,433,0.00407,junk,,,,
ia_bim_eighteenth-century_a-new-accurate-system-of_brookes-richard-md_1763_4,434,0.55044,non_junk,non_divine_teleology,0.04871,0.47934,0.47195
ia_bim_eighteenth-century_a-new-accurate-system-of_brookes-richard-md_1763_4,435,0.02186,junk,,,,
ia_bim_eighteenth-century_a-new-accurate-system-of_brookes-richard-md_1763_4,436,0.18102,junk,,,,
ia_bim_eighteenth-century_a-new-accurate-system-of_brookes-richard-md_1763_4,437,0.88158,non_junk,internal_essence,0.00363,0.25472,0.74165
ia_bim_eighteenth-century_a-new-accurate-system-of_brookes-richard-md_1763_4,438,0.77638,non_junk,internal_essence,0.01485,0.48327,0.50188
ia_bim_eighteenth-century_a-new-accurate-system-of_brookes-richard-md_1763_4,439,0.08371,junk,,,,
ia_bim_eighteenth-century_a-new-accurate-system-of_brookes-richard-md_1763_4,440,0.99255,non_junk,non_divine_teleology,0.00429,0.96933,0.02638
ia_bim_eighteenth-century_a-new-accurate-system-of_brookes-richard-md_1763_4,441,0.98224,non_junk,internal_essence,0.018,0.22714,0.75486
ia_bim_eighteenth-century_a-new-accurate-system-of_brookes-richard-md_1763_4,442,0.99255,non_junk,non_divine_teleology,0.00429,0.96933,0.02638
ia_bim_eighteenth-century_a-new-accurate-system-of_brookes-richard-md_1763_4,443,0.98224,non_junk,internal_essence,0.018,0.22714,0.75486
ia_bim_eighteenth-century_a-new-accurate-system-of_brookes-richard-md_1763_4,444,0.09328,junk,,,,
ia_bim_eighteenth-century_a-new-accurate-system-of_brookes-richard-md_1763_4,445,0.29117,junk,,,,
ia_bim_eighteenth-century_a-new-accurate-system-of_brookes-richard-md_1763_4,446,0.93383,non_junk,non_divine_teleology,0.00649,0.78245,0.21106
ia_bim_eighteenth-century_a-new-accurate-system-of_brookes-richard-md_1763_4,447,0.9239,non_junk,non_divine_teleology,0.00707,0.92746,0.06547
ia_bim_eighteenth-century_a-new-accurate-system-of_brookes-richard-md_1763_4,448,0.93383,non_junk,non_divine_teleology,0.00649,0.78245,0.21106
ia_bim_eighteenth-century_a-new-accurate-system-of_brookes-richard-md_1763_4,449,0.9239,non_junk,non_divine_teleology,0.00707,0.92746,0.06547
ia_bim_eighteenth-century_a-new-accurate-system-of_brookes-richard-md_1763_4,450,0.02384,junk,,,,
ia_bim_eighteenth-century_a-new-accurate-system-of_brookes-richard-md_1763_4,451,0.01232,junk,,,,
ia_bim_eighteenth-century_a-new-accurate-system-of_brookes-richard-md_1763_4,452,0.45525,junk,,,,
ia_bim_eighteenth-century_a-new-accurate-system-of_brookes-richard-md_1763_4,453,0.00094,junk,,,,
ia_bim_eighteenth-century_a-new-accurate-system-of_brookes-richard-md_1763_4,454,0.01346,junk,,,,
ia_bim_eighteenth-century_a-new-accurate-system-of_brookes-richard-md_1763_4,455,0.21728,junk,,,,
ia_bim_eighteenth-century_a-new-accurate-system-of_brookes-richard-md_1763_4,456,0.05476,junk,,,,
ia_bim_eighteenth-century_a-new-accurate-system-of_brookes-richard-md_1763_4,457,0.00936,junk,,,,
ia_bim_eighteenth-century_a-new-accurate-system-of_brookes-richard-md_1763_4,458,0.00054,junk,,,,
ia_bim_eighteenth-century_a-new-accurate-system-of_brookes-richard-md_1763_4,459,0.01174,junk,,,,
ia_bim_eighteenth-century_a-new-accurate-system-of_brookes-richard-md_1763_4,460,0.00235,junk,,,,
ia_bim_eighteenth-century_a-new-accurate-system-of_brookes-richard-md_1763_4,461,0.00292,junk,,,,
ia_bim_eighteenth-century_a-new-accurate-system-of_brookes-richard-md_1763_4,462,0.05456,junk,,,,
ia_bim_eighteenth-century_a-new-accurate-system-of_brookes-richard-md_1763_4,463,0.37677,junk,,,,
ia_bim_eighteenth-century_a-new-accurate-system-of_brookes-richard-md_1763_4,464,0.03975,junk,,,,
ia_bim_eighteenth-century_a-new-accurate-system-of_brookes-richard-md_1763_4,465,0.09827,junk,,,,
ia_bim_eighteenth-century_a-new-accurate-system-of_brookes-richard-md_1763_4,466,0.05821,junk,,,,
ia_bim_eighteenth-century_a-new-accurate-system-of_brookes-richard-md_1763_4,467,0.05456,junk,,,,
ia_bim_eighteenth-century_a-new-accurate-system-of_brookes-richard-md_1763_4,468,0.37677,junk,,,,
ia_bim_eighteenth-century_a-new-accurate-system-of_brookes-richard-md_1763_4,469,0.03975,junk,,,,
ia_bim_eighteenth-century_a-new-accurate-system-of_brookes-richard-md_1763_4,470,0.09827,junk,,,,
ia_bim_eighteenth-century_a-new-accurate-system-of_brookes-richard-md_1763_4,471,0.05821,junk,,,,
ia_bim_eighteenth-century_a-new-accurate-system-of_brookes-richard-md_1763_4,472,0.01132,junk,,,,
ia_bim_eighteenth-century_a-new-accurate-system-of_brookes-richard-md_1763_4,473,0.00492,junk,,,,
ia_bim_eighteenth-century_a-new-accurate-system-of_brookes-richard-md_1763_4,474,0.00048,junk,,,,
ia_bim_eighteenth-century_a-new-accurate-system-of_brookes-richard-md_1763_4,475,0.20434,junk,,,,
ia_bim_eighteenth-century_a-new-accurate-system-of_brookes-richard-md_1763_4,476,0.03233,junk,,,,
ia_bim_eighteenth-century_a-new-accurate-system-of_brookes-richard-md_1763_4,477,0.15853,junk,,,,
ia_bim_eighteenth-century_a-new-accurate-system-of_brookes-richard-md_1763_4,478,0.00287,junk,,,,
ia_bim_eighteenth-century_a-new-accurate-system-of_brookes-richard-md_1763_4,479,0.00788,junk,,,,
ia_bim_eighteenth-century_a-new-accurate-system-of_brookes-richard-md_1763_4,480,0.23444,junk,,,,
ia_bim_eighteenth-century_a-new-accurate-system-of_brookes-richard-md_1763_4,481,0.00256,junk,,,,
ia_bim_eighteenth-century_a-new-accurate-system-of_brookes-richard-md_1763_4,482,0.00379,junk,,,,
ia_bim_eighteenth-century_a-new-accurate-system-of_brookes-richard-md_1763_4,483,0.06234,junk,,,,
ia_bim_eighteenth-century_a-new-accurate-system-of_brookes-richard-md_1763_4,484,0.1971,junk,,,,
ia_bim_eighteenth-century_a-new-accurate-system-of_brookes-richard-md_1763_4,485,0.02722,junk,,,,
ia_bim_eighteenth-century_a-new-accurate-system-of_brookes-richard-md_1763_4,486,0.00123,junk,,,,
ia_bim_eighteenth-century_a-new-accurate-system-of_brookes-richard-md_1763_4,487,0.00314,junk,,,,
ia_bim_eighteenth-century_a-new-accurate-system-of_brookes-richard-md_1763_4,488,0.00125,junk,,,,
ia_bim_eighteenth-century_a-new-accurate-system-of_brookes-richard-md_1763_4,489,0.0042,junk,,,,
ia_bim_eighteenth-century_a-new-accurate-system-of_brookes-richard-md_1763_4,490,0.01856,junk,,,,
ia_bim_eighteenth-century_a-new-accurate-system-of_brookes-richard-md_1763_4,491,0.00363,junk,,,,
ia_bim_eighteenth-century_a-new-accurate-system-of_brookes-richard-md_1763_4,492,0.01526,junk,,,,
ia_bim_eighteenth-century_a-new-accurate-system-of_brookes-richard-md_1763_4,493,0.016,junk,,,,
ia_bim_eighteenth-century_a-new-accurate-system-of_brookes-richard-md_1763_4,494,0.00045,junk,,,,
ia_bim_eighteenth-century_a-new-accurate-system-of_brookes-richard-md_1763_4,495,8e-05,junk,,,,
ia_bim_eighteenth-century_a-new-accurate-system-of_brookes-richard-md_1763_4,496,0.02086,junk,,,,
ia_bim_eighteenth-century_a-new-accurate-system-of_brookes-richard-md_1763_4,497,0.00045,junk,,,,
ia_bim_eighteenth-century_a-new-accurate-system-of_brookes-richard-md_1763_4,498,8e-05,junk,,,,
ia_bim_eighteenth-century_a-new-accurate-system-of_brookes-richard-md_1763_4,499,0.02086,junk,,,,
ia_bim_eighteenth-century_a-new-accurate-system-of_brookes-richard-md_1763_4,500,0.77961,non_junk,non_divine_teleology,0.00381,0.94785,0.04834
ia_bim_eighteenth-century_a-new-accurate-system-of_brookes-richard-md_1763_4,501,0.29865,junk,,,,
ia_bim_eighteenth-century_a-new-accurate-system-of_brookes-richard-md_1763_4,502,0.01097,junk,,,,
ia_bim_eighteenth-century_a-new-accurate-system-of_brookes-richard-md_1763_4,503,0.61684,non_junk,non_divine_teleology,0.00831,0.70851,0.28318
ia_bim_eighteenth-century_a-new-accurate-system-of_brookes-richard-md_1763_4,504,0.00649,junk,,,,
ia_bim_eighteenth-century_a-new-accurate-system-of_brookes-richard-md_1763_4,505,0.55199,non_junk,non_divine_teleology,0.01488,0.55214,0.43297
ia_bim_eighteenth-century_a-new-accurate-system-of_brookes-richard-md_1763_4,506,0.01249,junk,,,,
ia_bim_eighteenth-century_a-new-accurate-system-of_brookes-richard-md_1763_4,507,0.95418,non_junk,non_divine_teleology,0.02379,0.88835,0.08786
ia_bim_eighteenth-century_a-new-accurate-system-of_brookes-richard-md_1763_4,508,0.01902,junk,,,,
ia_bim_eighteenth-century_a-new-accurate-system-of_brookes-richard-md_1763_4,509,0.03943,junk,,,,
ia_bim_eighteenth-century_a-new-accurate-system-of_brookes-richard-md_1763_4,510,0.26294,junk,,,,
ia_bim_eighteenth-century_a-new-accurate-system-of_brookes-richard-md_1763_4,511,0.00071,junk,,,,
ia_bim_eighteenth-century_a-new-accurate-system-of_brookes-richard-md_1763_4,512,0.02359,junk,,,,
ia_bim_eighteenth-century_a-new-accurate-system-of_brookes-richard-md_1763_4,513,0.00074,junk,,,,
ia_bim_eighteenth-century_a-new-accurate-system-of_brookes-richard-md_1763_4,514,0.00719,junk,,,,
ia_bim_eighteenth-century_a-new-accurate-system-of_brookes-richard-md_1763_4,515,0.00021,junk,,,,
ia_bim_eighteenth-century_a-new-accurate-system-of_brookes-richard-md_1763_4,516,0.00091,junk,,,,
ia_bim_eighteenth-century_a-new-accurate-system-of_brookes-richard-md_1763_4,517,0.20602,junk,,,,
ia_bim_eighteenth-century_a-new-accurate-system-of_brookes-richard-md_1763_4,518,0.73307,non_junk,non_divine_teleology,0.0285,0.79687,0.17463
ia_bim_eighteenth-century_a-new-accurate-system-of_brookes-richard-md_1763_4,519,0.00601,junk,,,,
ia_bim_eighteenth-century_a-new-accurate-system-of_brookes-richard-md_1763_4,520,0.23916,junk,,,,
ia_bim_eighteenth-century_a-new-accurate-system-of_brookes-richard-md_1763_4,521,0.99545,non_junk,non_divine_teleology,0.02379,0.96895,0.00725
ia_bim_eighteenth-century_a-new-accurate-system-of_brookes-richard-md_1763_4,522,0.75551,non_junk,non_divine_teleology,0.01936,0.91641,0.06423
ia_bim_eighteenth-century_a-new-accurate-system-of_brookes-richard-md_1763_4,523,0.0663,junk,,,,
ia_bim_eighteenth-century_a-new-accurate-system-of_brookes-richard-md_1763_4,524,0.75551,non_junk,non_divine_teleology,0.01936,0.91641,0.06423
ia_bim_eighteenth-century_a-new-accurate-system-of_brookes-richard-md_1763_4,525,0.12397,junk,,,,
ia_bim_eighteenth-century_a-new-accurate-system-of_brookes-richard-md_1763_4,526,0.00468,junk,,,,
ia_bim_eighteenth-century_a-new-accurate-system-of_brookes-richard-md_1763_4,527,0.02705,junk,,,,
ia_bim_eighteenth-century_a-new-accurate-system-of_brookes-richard-md_1763_4,528,0.01229,junk,,,,
ia_bim_eighteenth-century_a-new-accurate-system-of_brookes-richard-md_1763_4,529,0.39973,junk,,,,
ia_bim_eighteenth-century_a-new-accurate-system-of_brookes-richard-md_1763_4,530,0.87766,non_junk,non_divine_teleology,0.00971,0.937,0.05329
ia_bim_eighteenth-century_a-new-accurate-system-of_brookes-richard-md_1763_4,531,0.00936,junk,,,,
ia_bim_eighteenth-century_a-new-accurate-system-of_brookes-richard-md_1763_4,532,0.93395,non_junk,non_divine_teleology,0.05142,0.48573,0.46285
ia_bim_eighteenth-century_a-new-accurate-system-of_brookes-richard-md_1763_4,533,0.18753,junk,,,,
ia_bim_eighteenth-century_a-new-accurate-system-of_brookes-richard-md_1763_4,534,0.90952,non_junk,non_divine_teleology,0.02654,0.64437,0.32909
ia_bim_eighteenth-century_a-new-accurate-system-of_brookes-richard-md_1763_4,535,0.00698,junk,,,,
ia_bim_eighteenth-century_a-new-accurate-system-of_brookes-richard-md_1763_4,536,0.003,junk,,,,
ia_bim_eighteenth-century_a-new-accurate-system-of_brookes-richard-md_1763_4,537,0.00156,junk,,,,
ia_bim_eighteenth-century_a-new-accurate-system-of_brookes-richard-md_1763_4,538,0.31856,junk,,,,
ia_bim_eighteenth-century_a-new-accurate-system-of_brookes-richard-md_1763_4,539,0.77263,non_junk,non_divine_teleology,0.01108,0.84664,0.14228
ia_bim_eighteenth-century_a-new-accurate-system-of_brookes-richard-md_1763_4,540,0.00043,junk,,,,
ia_bim_eighteenth-century_a-new-accurate-system-of_brookes-richard-md_1763_4,541,0.37752,junk,,,,
ia_bim_eighteenth-century_a-new-accurate-system-of_brookes-richard-md_1763_4,542,0.04272,junk,,,,
ia_bim_eighteenth-century_a-new-accurate-system-of_brookes-richard-md_1763_4,543,0.00196,junk,,,,
ia_bim_eighteenth-century_a-new-accurate-system-of_brookes-richard-md_1763_4,544,0.38761,junk,,,,
ia_bim_eighteenth-century_a-new-accurate-system-of_brookes-richard-md_1763_4,545,0.10829,junk,,,,
ia_bim_eighteenth-century_a-new-accurate-system-of_brookes-richard-md_1763_4,546,0.01378,junk,,,,
ia_bim_eighteenth-century_a-new-accurate-system-of_brookes-richard-md_1763_4,547,0.00981,junk,,,,
ia_bim_eighteenth-century_a-new-accurate-system-of_brookes-richard-md_1763_4,548,0.00381,junk,,,,
ia_bim_eighteenth-century_a-new-accurate-system-of_brookes-richard-md_1763_4,549,0.00096,junk,,,,
ia_bim_eighteenth-century_a-new-accurate-system-of_brookes-richard-md_1763_4,550,0.00573,junk,,,,
ia_bim_eighteenth-century_a-new-accurate-system-of_brookes-richard-md_1763_4,551,0.62902,non_junk,non_divine_teleology,0.00061,0.98942,0.00996
ia_bim_eighteenth-century_a-new-accurate-system-of_brookes-richard-md_1763_4,552,0.00481,junk,,,,
ia_bim_eighteenth-century_a-new-accurate-system-of_brookes-richard-md_1763_4,553,0.22096,junk,,,,
ia_bim_eighteenth-century_a-new-accurate-system-of_brookes-richard-md_1763_4,554,0.40382,junk,,,,
ia_bim_eighteenth-century_a-new-accurate-system-of_brookes-richard-md_1763_4,555,0.00477,junk,,,,
ia_bim_eighteenth-century_a-new-accurate-system-of_brookes-richard-md_1763_4,556,0.69215,non_junk,non_divine_teleology,0.01607,0.81931,0.16462
ia_bim_eighteenth-century_a-new-accurate-system-of_brookes-richard-md_1763_4,557,0.58604,non_junk,non_divine_teleology,0.0115,0.97648,0.01202
ia_bim_eighteenth-century_a-new-accurate-system-of_brookes-richard-md_1763_4,558,0.00358,junk,,,,
ia_bim_eighteenth-century_a-new-accurate-system-of_brookes-richard-md_1763_4,559,0.11063,junk,,,,
ia_bim_eighteenth-century_a-new-accurate-system-of_brookes-richard-md_1763_4,560,0.00037,junk,,,,
ia_bim_eighteenth-century_a-new-accurate-system-of_brookes-richard-md_1763_4,561,0.00437,junk,,,,
ia_bim_eighteenth-century_a-new-accurate-system-of_brookes-richard-md_1763_4,562,0.00123,junk,,,,
ia_bim_eighteenth-century_a-new-accurate-system-of_brookes-richard-md_1763_4,563,0.00305,junk,,,,
ia_bim_eighteenth-century_a-new-accurate-system-of_brookes-richard-md_1763_4,564,0.00285,junk,,,,
ia_bim_eighteenth-century_a-new-accurate-system-of_brookes-richard-md_1763_4,565,0.01137,junk,,,,
ia_bim_eighteenth-century_a-new-accurate-system-of_brookes-richard-md_1763_4,566,0.0362,junk,,,,
ia_bim_eighteenth-century_a-new-accurate-system-of_brookes-richard-md_1763_4,567,0.00537,junk,,,,
ia_bim_eighteenth-century_a-new-accurate-system-of_brookes-richard-md_1763_4,568,0.00034,junk,,,,
ia_bim_eighteenth-century_a-new-accurate-system-of_brookes-richard-md_1763_4,569,0.00653,junk,,,,
ia_bim_eighteenth-century_a-new-accurate-system-of_brookes-richard-md_1763_4,570,0.00261,junk,,,,
ia_bim_eighteenth-century_a-new-accurate-system-of_brookes-richard-md_1763_4,571,0.00352,junk,,,,
ia_bim_eighteenth-century_a-new-accurate-system-of_brookes-richard-md_1763_4,572,0.00076,junk,,,,
ia_bim_eighteenth-century_a-new-accurate-system-of_brookes-richard-md_1763_4,573,0.0011,junk,,,,
ia_bim_eighteenth-century_a-new-accurate-system-of_brookes-richard-md_1763_4,574,0.00044,junk,,,,
ia_bim_eighteenth-century_a-new-accurate-system-of_brookes-richard-md_1763_4,575,0.6452,non_junk,non_divine_teleology,0.01003,0.90636,0.08361
ia_bim_eighteenth-century_a-new-accurate-system-of_brookes-richard-md_1763_4,576,0.00084,junk,,,,
ia_bim_eighteenth-century_a-new-accurate-system-of_brookes-richard-md_1763_4,577,0.01558,junk,,,,
ia_bim_eighteenth-century_a-new-accurate-system-of_brookes-richard-md_1763_4,578,0.00526,junk,,,,
ia_bim_eighteenth-century_a-new-accurate-system-of_brookes-richard-md_1763_4,579,0.08516,junk,,,,
ia_bim_eighteenth-century_a-new-accurate-system-of_brookes-richard-md_1763_4,580,0.01558,junk,,,,
ia_bim_eighteenth-century_a-new-accurate-system-of_brookes-richard-md_1763_4,581,0.00526,junk,,,,
ia_bim_eighteenth-century_a-new-accurate-system-of_brookes-richard-md_1763_4,582,0.28521,junk,,,,
ia_bim_eighteenth-century_a-new-accurate-system-of_brookes-richard-md_1763_4,583,0.00374,junk,,,,
ia_bim_eighteenth-century_a-new-accurate-system-of_brookes-richard-md_1763_4,584,0.01049,junk,,,,
ia_bim_eighteenth-century_a-new-accurate-system-of_brookes-richard-md_1763_4,585,0.47044,junk,,,,
ia_bim_eighteenth-century_a-new-accurate-system-of_brookes-richard-md_1763_4,586,0.10314,junk,,,,
ia_bim_eighteenth-century_a-new-accurate-system-of_brookes-richard-md_1763_4,587,0.42312,junk,,,,
ia_bim_eighteenth-century_a-new-accurate-system-of_brookes-richard-md_1763_4,588,0.63696,non_junk,non_divine_teleology,0.02084,0.95064,0.02853
ia_bim_eighteenth-century_a-new-accurate-system-of_brookes-richard-md_1763_4,589,0.07275,junk,,,,
ia_bim_eighteenth-century_a-new-accurate-system-of_brookes-richard-md_1763_4,590,0.00021,junk,,,,
ia_bim_eighteenth-century_a-new-accurate-system-of_brookes-richard-md_1763_4,591,0.02447,junk,,,,
ia_bim_eighteenth-century_a-new-accurate-system-of_brookes-richard-md_1763_4,592,0.005,junk,,,,
ia_bim_eighteenth-century_a-new-accurate-system-of_brookes-richard-md_1763_4,593,0.02585,junk,,,,
ia_bim_eighteenth-century_a-new-accurate-system-of_brookes-richard-md_1763_4,594,0.00134,junk,,,,
ia_bim_eighteenth-century_a-new-accurate-system-of_brookes-richard-md_1763_4,595,0.00483,junk,,,,
ia_bim_eighteenth-century_a-new-accurate-system-of_brookes-richard-md_1763_4,596,0.00119,junk,,,,
ia_bim_eighteenth-century_a-new-accurate-system-of_brookes-richard-md_1763_4,597,0.23551,junk,,,,
ia_bim_eighteenth-century_a-new-accurate-system-of_brookes-richard-md_1763_4,598,0.99605,non_junk,non_divine_teleology,0.00245,0.99243,0.00512
ia_bim_eighteenth-century_a-new-accurate-system-of_brookes-richard-md_1763_4,599,0.10919,junk,,,,
ia_bim_eighteenth-century_a-new-accurate-system-of_brookes-richard-md_1763_4,600,0.07276,junk,,,,
ia_bim_eighteenth-century_a-new-accurate-system-of_brookes-richard-md_1763_4,601,0.008,junk,,,,
ia_bim_eighteenth-century_a-new-accurate-system-of_brookes-richard-md_1763_4,602,0.026,junk,,,,
ia_bim_eighteenth-century_a-new-accurate-system-of_brookes-richard-md_1763_4,603,0.02607,junk,,,,
ia_bim_eighteenth-century_a-new-accurate-system-of_brookes-richard-md_1763_4,604,0.02519,junk,,,,
ia_bim_eighteenth-century_a-new-accurate-system-of_brookes-richard-md_1763_4,605,0.00042,junk,,,,
ia_bim_eighteenth-century_a-new-accurate-system-of_brookes-richard-md_1763_4,606,0.00607,junk,,,,
ia_bim_eighteenth-century_a-new-accurate-system-of_brookes-richard-md_1763_4,607,0.16601,junk,,,,
ia_bim_eighteenth-century_a-new-accurate-system-of_brookes-richard-md_1763_4,608,0.37971,junk,,,,
ia_bim_eighteenth-century_a-new-accurate-system-of_brookes-richard-md_1763_4,609,0.00258,junk,,,,
ia_bim_eighteenth-century_a-new-accurate-system-of_brookes-richard-md_1763_4,610,0.00521,junk,,,,
ia_bim_eighteenth-century_a-new-accurate-system-of_brookes-richard-md_1763_4,611,0.0157,junk,,,,
ia_bim_eighteenth-century_a-new-accurate-system-of_brookes-richard-md_1763_4,612,0.00601,junk,,,,
ia_bim_eighteenth-century_a-new-accurate-system-of_brookes-richard-md_1763_4,613,0.21994,junk,,,,
ia_bim_eighteenth-century_a-new-accurate-system-of_brookes-richard-md_1763_4,614,0.1501,junk,,,,
ia_bim_eighteenth-century_a-new-accurate-system-of_brookes-richard-md_1763_4,615,0.14188,junk,,,,
ia_bim_eighteenth-century_a-new-accurate-system-of_brookes-richard-md_1763_4,616,0.00061,junk,,,,
ia_bim_eighteenth-century_a-new-accurate-system-of_brookes-richard-md_1763_4,617,0.00096,junk,,,,
ia_bim_eighteenth-century_a-new-accurate-system-of_brookes-richard-md_1763_4,618,0.02208,junk,,,,
ia_bim_eighteenth-century_a-new-accurate-system-of_brookes-richard-md_1763_4,619,0.03181,junk,,,,
ia_bim_eighteenth-century_a-new-accurate-system-of_brookes-richard-md_1763_4,620,0.31826,junk,,,,
ia_bim_eighteenth-century_a-new-accurate-system-of_brookes-richard-md_1763_4,621,0.57279,non_junk,non_divine_teleology,0.01344,0.91383,0.07273
ia_bim_eighteenth-century_a-new-accurate-system-of_brookes-richard-md_1763_4,622,0.03013,junk,,,,
ia_bim_eighteenth-century_a-new-accurate-system-of_brookes-richard-md_1763_4,623,0.00607,junk,,,,
ia_bim_eighteenth-century_a-new-accurate-system-of_brookes-richard-md_1763_4,624,0.00312,junk,,,,
ia_bim_eighteenth-century_a-new-accurate-system-of_brookes-richard-md_1763_4,625,0.01782,junk,,,,
ia_bim_eighteenth-century_a-new-accurate-system-of_brookes-richard-md_1763_4,626,0.0761,junk,,,,
ia_bim_eighteenth-century_a-new-accurate-system-of_brookes-richard-md_1763_4,627,0.00683,junk,,,,
ia_bim_eighteenth-century_a-new-accurate-system-of_brookes-richard-md_1763_4,628,0.11947,junk,,,,
ia_bim_eighteenth-century_a-new-accurate-system-of_brookes-richard-md_1763_4,629,0.01277,junk,,,,
ia_bim_eighteenth-century_a-new-accurate-system-of_brookes-richard-md_1763_4,630,0.00263,junk,,,,
ia_bim_eighteenth-century_a-new-accurate-system-of_brookes-richard-md_1763_4,631,0.14176,junk,,,,
ia_bim_eighteenth-century_a-new-accurate-system-of_brookes-richard-md_1763_4,632,0.01367,junk,,,,
ia_bim_eighteenth-century_a-new-accurate-system-of_brookes-richard-md_1763_4,633,0.02902,junk,,,,
ia_bim_eighteenth-century_a-new-accurate-system-of_brookes-richard-md_1763_4,634,0.00919,junk,,,,
ia_bim_eighteenth-century_a-new-accurate-system-of_brookes-richard-md_1763_4,635,0.01241,junk,,,,
ia_bim_eighteenth-century_a-new-accurate-system-of_brookes-richard-md_1763_4,636,0.00394,junk,,,,
ia_bim_eighteenth-century_a-new-accurate-system-of_brookes-richard-md_1763_4,637,0.03028,junk,,,,
ia_bim_eighteenth-century_a-new-accurate-system-of_brookes-richard-md_1763_4,638,0.00597,junk,,,,
ia_bim_eighteenth-century_a-new-accurate-system-of_brookes-richard-md_1763_4,639,0.00396,junk,,,,
ia_bim_eighteenth-century_a-new-accurate-system-of_brookes-richard-md_1763_4,640,0.02289,junk,,,,
ia_bim_eighteenth-century_a-new-accurate-system-of_brookes-richard-md_1763_4,641,0.05678,junk,,,,
ia_bim_eighteenth-century_a-new-accurate-system-of_brookes-richard-md_1763_4,642,0.01654,junk,,,,
ia_bim_eighteenth-century_a-new-accurate-system-of_brookes-richard-md_1763_4,643,0.04836,junk,,,,
ia_bim_eighteenth-century_a-new-accurate-system-of_brookes-richard-md_1763_4,644,0.80925,non_junk,internal_essence,0.00978,0.19584,0.79439
ia_bim_eighteenth-century_a-new-accurate-system-of_brookes-richard-md_1763_4,645,0.20854,junk,,,,
ia_bim_eighteenth-century_a-new-accurate-system-of_brookes-richard-md_1763_4,646,0.03499,junk,,,,
ia_bim_eighteenth-century_a-new-accurate-system-of_brookes-richard-md_1763_4,647,0.0969,junk,,,,
ia_bim_eighteenth-century_a-new-accurate-system-of_brookes-richard-md_1763_4,648,0.05,junk,,,,
ia_bim_eighteenth-century_a-new-accurate-system-of_brookes-richard-md_1763_4,649,0.00338,junk,,,,
ia_bim_eighteenth-century_a-new-accurate-system-of_brookes-richard-md_1763_4,650,0.00764,junk,,,,
ia_bim_eighteenth-century_a-new-accurate-system-of_brookes-richard-md_1763_4,651,0.00736,junk,,,,
ia_bim_eighteenth-century_a-new-accurate-system-of_brookes-richard-md_1763_4,652,0.00171,junk,,,,
ia_bim_eighteenth-century_a-new-accurate-system-of_brookes-richard-md_1763_4,653,0.03357,junk,,,,
ia_bim_eighteenth-century_a-new-accurate-system-of_brookes-richard-md_1763_4,654,0.37079,junk,,,,
ia_bim_eighteenth-century_a-new-accurate-system-of_brookes-richard-md_1763_4,655,0.00855,junk,,,,
ia_bim_eighteenth-century_a-new-accurate-system-of_brookes-richard-md_1763_4,656,0.40266,junk,,,,
ia_bim_eighteenth-century_a-new-accurate-system-of_brookes-richard-md_1763_4,657,0.0119,junk,,,,
ia_bim_eighteenth-century_a-new-accurate-system-of_brookes-richard-md_1763_4,658,0.06067,junk,,,,
ia_bim_eighteenth-century_a-new-accurate-system-of_brookes-richard-md_1763_4,659,0.03066,junk,,,,
ia_bim_eighteenth-century_a-new-accurate-system-of_brookes-richard-md_1763_4,660,0.03751,junk,,,,
ia_bim_eighteenth-century_a-new-accurate-system-of_brookes-richard-md_1763_4,661,0.00293,junk,,,,
ia_bim_eighteenth-century_a-new-accurate-system-of_brookes-richard-md_1763_4,662,0.62876,non_junk,non_divine_teleology,0.0286,0.89814,0.07325
ia_bim_eighteenth-century_a-new-accurate-system-of_brookes-richard-md_1763_4,663,0.79535,non_junk,non_divine_teleology,0.02042,0.95574,0.02385
ia_bim_eighteenth-century_a-new-accurate-system-of_brookes-richard-md_1763_4,664,0.96808,non_junk,non_divine_teleology,0.0545,0.9364,0.0091
ia_bim_eighteenth-century_a-new-accurate-system-of_brookes-richard-md_1763_4,665,0.00136,junk,,,,
ia_bim_eighteenth-century_a-new-accurate-system-of_brookes-richard-md_1763_4,666,0.88426,non_junk,non_divine_teleology,0.0352,0.94316,0.02164
ia_bim_eighteenth-century_a-new-accurate-system-of_brookes-richard-md_1763_4,667,0.06961,junk,,,,
ia_bim_eighteenth-century_a-new-accurate-system-of_brookes-richard-md_1763_4,668,0.63442,non_junk,non_divine_teleology,0.0123,0.94367,0.04403
ia_bim_eighteenth-century_a-new-accurate-system-of_brookes-richard-md_1763_4,669,0.99196,non_junk,non_divine_teleology,0.01721,0.95823,0.02457
ia_bim_eighteenth-century_a-new-accurate-system-of_brookes-richard-md_1763_4,670,0.8794,non_junk,non_divine_teleology,0.02337,0.95742,0.01921
ia_bim_eighteenth-century_a-new-accurate-system-of_brookes-richard-md_1763_4,671,0.1304,junk,,,,
ia_bim_eighteenth-century_a-new-accurate-system-of_brookes-richard-md_1763_4,672,0.89126,non_junk,non_divine_teleology,0.01594,0.68001,0.30405
ia_bim_eighteenth-century_a-new-accurate-system-of_brookes-richard-md_1763_4,673,0.00574,junk,,,,
ia_bim_eighteenth-century_a-new-accurate-system-of_brookes-richard-md_1763_4,674,0.00574,junk,,,,
ia_bim_eighteenth-century_a-new-accurate-system-of_brookes-richard-md_1763_4,675,0.60435,non_junk,internal_essence,0.00693,0.40413,0.58894
ia_bim_eighteenth-century_a-new-accurate-system-of_brookes-richard-md_1763_4,676,0.04012,junk,,,,
ia_bim_eighteenth-century_a-new-accurate-system-of_brookes-richard-md_1763_4,677,0.00043,junk,,,,
ia_bim_eighteenth-century_a-new-accurate-system-of_brookes-richard-md_1763_4,678,0.90566,non_junk,non_divine_teleology,0.01305,0.94267,0.04428
ia_bim_eighteenth-century_a-new-accurate-system-of_brookes-richard-md_1763_4,679,0.3494,junk,,,,
ia_bim_eighteenth-century_a-new-accurate-system-of_brookes-richard-md_1763_4,680,0.10291,junk,,,,
ia_bim_eighteenth-century_a-new-accurate-system-of_brookes-richard-md_1763_4,681,0.02065,junk,,,,
ia_bim_eighteenth-century_a-new-accurate-system-of_brookes-richard-md_1763_4,682,0.30473,junk,,,,
ia_bim_eighteenth-century_a-new-accurate-system-of_brookes-richard-md_1763_4,683,0.35107,junk,,,,
ia_bim_eighteenth-century_a-new-accurate-system-of_brookes-richard-md_1763_4,684,0.00223,junk,,,,
ia_bim_eighteenth-century_a-new-accurate-system-of_brookes-richard-md_1763_4,685,0.31952,junk,,,,
ia_bim_eighteenth-century_a-new-accurate-system-of_brookes-richard-md_1763_4,686,0.34043,junk,,,,
ia_bim_eighteenth-century_a-new-accurate-system-of_brookes-richard-md_1763_4,687,0.28385,junk,,,,
ia_bim_eighteenth-century_a-new-accurate-system-of_brookes-richard-md_1763_4,688,0.62041,non_junk,non_divine_teleology,0.00525,0.98785,0.0069
ia_bim_eighteenth-century_a-new-accurate-system-of_brookes-richard-md_1763_4,689,0.28385,junk,,,,
ia_bim_eighteenth-century_a-new-accurate-system-of_brookes-richard-md_1763_4,690,0.62041,non_junk,non_divine_teleology,0.00525,0.98785,0.0069
ia_bim_eighteenth-century_a-new-accurate-system-of_brookes-richard-md_1763_4,691,0.01188,junk,,,,
ia_bim_eighteenth-century_a-new-accurate-system-of_brookes-richard-md_1763_4,692,0.0828,junk,,,,
ia_bim_eighteenth-century_a-new-accurate-system-of_brookes-richard-md_1763_4,693,0.00474,junk,,,,
ia_bim_eighteenth-century_a-new-accurate-system-of_brookes-richard-md_1763_4,694,0.00474,junk,,,,
ia_bim_eighteenth-century_a-new-accurate-system-of_brookes-richard-md_1763_4,695,0.02947,junk,,,,
ia_bim_eighteenth-century_a-new-accurate-system-of_brookes-richard-md_1763_4,696,0.15357,junk,,,,
ia_bim_eighteenth-century_a-new-accurate-system-of_brookes-richard-md_1763_4,697,0.77534,non_junk,non_divine_teleology,0.02706,0.94316,0.02978
ia_bim_eighteenth-century_a-new-accurate-system-of_brookes-richard-md_1763_4,698,0.00831,junk,,,,
ia_bim_eighteenth-century_a-new-accurate-system-of_brookes-richard-md_1763_4,699,0.01311,junk,,,,
ia_bim_eighteenth-century_a-new-accurate-system-of_brookes-richard-md_1763_4,700,0.00718,junk,,,,
ia_bim_eighteenth-century_a-new-accurate-system-of_brookes-richard-md_1763_4,701,0.12874,junk,,,,
ia_bim_eighteenth-century_a-new-accurate-system-of_brookes-richard-md_1763_4,702,0.00301,junk,,,,
ia_bim_eighteenth-century_a-new-accurate-system-of_brookes-richard-md_1763_4,703,0.11987,junk,,,,
ia_bim_eighteenth-century_a-new-accurate-system-of_brookes-richard-md_1763_4,704,0.05181,junk,,,,
ia_bim_eighteenth-century_a-new-accurate-system-of_brookes-richard-md_1763_4,705,0.8469,non_junk,non_divine_teleology,0.041,0.77343,0.18557
ia_bim_eighteenth-century_a-new-accurate-system-of_brookes-richard-md_1763_4,706,0.12391,junk,,,,
ia_bim_eighteenth-century_a-new-accurate-system-of_brookes-richard-md_1763_4,707,0.01222,junk,,,,
ia_bim_eighteenth-century_a-new-accurate-system-of_brookes-richard-md_1763_4,708,0.82052,non_junk,non_divine_teleology,0.02151,0.52783,0.45066
ia_bim_eighteenth-century_a-new-accurate-system-of_brookes-richard-md_1763_4,709,0.00532,junk,,,,
ia_bim_eighteenth-century_a-new-accurate-system-of_brookes-richard-md_1763_4,710,0.9714,non_junk,non_divine_teleology,0.00991,0.94811,0.04197
ia_bim_eighteenth-century_a-new-accurate-system-of_brookes-richard-md_1763_4,711,0.21004,junk,,,,
ia_bim_eighteenth-century_a-new-accurate-system-of_brookes-richard-md_1763_4,712,0.01988,junk,,,,
ia_bim_eighteenth-century_a-new-accurate-system-of_brookes-richard-md_1763_4,713,0.01985,junk,,,,
ia_bim_eighteenth-century_a-new-accurate-system-of_brookes-richard-md_1763_4,714,0.15168,junk,,,,
ia_bim_eighteenth-century_a-new-accurate-system-of_brookes-richard-md_1763_4,715,0.59648,non_junk,internal_essence,0.01563,0.34113,0.64324
ia_bim_eighteenth-century_a-new-accurate-system-of_brookes-richard-md_1763_4,716,0.37605,junk,,,,
ia_bim_eighteenth-century_a-new-accurate-system-of_brookes-richard-md_1763_4,717,0.08926,junk,,,,
ia_bim_eighteenth-century_a-new-accurate-system-of_brookes-richard-md_1763_4,718,0.93235,non_junk,non_divine_teleology,0.02308,0.96641,0.0105
ia_bim_eighteenth-century_a-new-accurate-system-of_brookes-richard-md_1763_4,719,0.02134,junk,,,,
ia_bim_eighteenth-century_a-new-accurate-system-of_brookes-richard-md_1763_4,720,0.00301,junk,,,,
ia_bim_eighteenth-century_a-new-accurate-system-of_brookes-richard-md_1763_4,721,0.20178,junk,,,,
ia_bim_eighteenth-century_a-new-accurate-system-of_brookes-richard-md_1763_4,722,0.16775,junk,,,,
ia_bim_eighteenth-century_a-new-accurate-system-of_brookes-richard-md_1763_4,723,0.03182,junk,,,,
ia_bim_eighteenth-century_a-new-accurate-system-of_brookes-richard-md_1763_4,724,0.04114,junk,,,,
ia_bim_eighteenth-century_a-new-accurate-system-of_brookes-richard-md_1763_4,725,0.00434,junk,,,,
ia_bim_eighteenth-century_a-new-accurate-system-of_brookes-richard-md_1763_4,726,0.01369,junk,,,,
ia_bim_eighteenth-century_a-new-accurate-system-of_brookes-richard-md_1763_4,727,0.13374,junk,,,,
ia_bim_eighteenth-century_a-new-accurate-system-of_brookes-richard-md_1763_4,728,0.00072,junk,,,,
ia_bim_eighteenth-century_a-new-accurate-system-of_brookes-richard-md_1763_4,729,0.16387,junk,,,,
ia_bim_eighteenth-century_a-new-accurate-system-of_brookes-richard-md_1763_4,730,0.06021,junk,,,,
ia_bim_eighteenth-century_a-new-accurate-system-of_brookes-richard-md_1763_4,731,0.002,junk,,,,
ia_bim_eighteenth-century_a-new-accurate-system-of_brookes-richard-md_1763_4,732,0.54385,non_junk,internal_essence,0.01514,0.3145,0.67035
ia_bim_eighteenth-century_a-new-accurate-system-of_brookes-richard-md_1763_4,733,0.14581,junk,,,,
ia_bim_eighteenth-century_a-new-accurate-system-of_brookes-richard-md_1763_4,734,0.01155,junk,,,,
ia_bim_eighteenth-century_a-new-accurate-system-of_brookes-richard-md_1763_4,735,0.00381,junk,,,,
ia_bim_eighteenth-century_a-new-accurate-system-of_brookes-richard-md_1763_4,736,0.00138,junk,,,,
ia_bim_eighteenth-century_a-new-accurate-system-of_brookes-richard-md_1763_4,737,0.00182,junk,,,,
ia_bim_eighteenth-century_a-new-accurate-system-of_brookes-richard-md_1763_4,738,0.02206,junk,,,,
ia_bim_eighteenth-century_a-new-accurate-system-of_brookes-richard-md_1763_4,739,0.43576,junk,,,,
ia_bim_eighteenth-century_a-new-accurate-system-of_brookes-richard-md_1763_4,740,0.99252,non_junk,non_divine_teleology,0.03343,0.95738,0.00919
ia_bim_eighteenth-century_a-new-accurate-system-of_brookes-richard-md_1763_4,741,0.00641,junk,,,,
ia_bim_eighteenth-century_a-new-accurate-system-of_brookes-richard-md_1763_4,742,0.14129,junk,,,,
ia_bim_eighteenth-century_a-new-accurate-system-of_brookes-richard-md_1763_4,743,0.97208,non_junk,non_divine_teleology,0.01277,0.94494,0.04229
ia_bim_eighteenth-century_a-new-accurate-system-of_brookes-richard-md_1763_4,744,0.47921,junk,,,,
ia_bim_eighteenth-century_a-new-accurate-system-of_brookes-richard-md_1763_4,745,0.03922,junk,,,,
ia_bim_eighteenth-century_a-new-accurate-system-of_brookes-richard-md_1763_4,746,0.09154,junk,,,,
ia_bim_eighteenth-century_a-new-accurate-system-of_brookes-richard-md_1763_4,747,0.24185,junk,,,,
ia_bim_eighteenth-century_a-new-accurate-system-of_brookes-richard-md_1763_4,748,0.80868,non_junk,non_divine_teleology,0.01256,0.89218,0.09526
ia_bim_eighteenth-century_a-new-accurate-system-of_brookes-richard-md_1763_4,749,0.00074,junk,,,,
ia_bim_eighteenth-century_a-new-accurate-system-of_brookes-richard-md_1763_4,750,0.12069,junk,,,,
ia_bim_eighteenth-century_a-new-accurate-system-of_brookes-richard-md_1763_4,751,0.00603,junk,,,,
ia_bim_eighteenth-century_a-new-accurate-system-of_brookes-richard-md_1763_4,752,0.00049,junk,,,,
ia_bim_eighteenth-century_a-new-accurate-system-of_brookes-richard-md_1763_4,753,0.00134,junk,,,,
ia_bim_eighteenth-century_a-new-accurate-system-of_brookes-richard-md_1763_4,754,0.00777,junk,,,,
ia_bim_eighteenth-century_a-new-accurate-system-of_brookes-richard-md_1763_4,755,0.00465,junk,,,,
ia_bim_eighteenth-century_a-new-accurate-system-of_brookes-richard-md_1763_4,756,0.01322,junk,,,,
ia_bim_eighteenth-century_a-new-accurate-system-of_brookes-richard-md_1763_4,757,0.33767,junk,,,,
ia_bim_eighteenth-century_a-new-accurate-system-of_brookes-richard-md_1763_4,758,0.27064,junk,,,,
ia_bim_eighteenth-century_a-new-accurate-system-of_brookes-richard-md_1763_4,759,0.00636,junk,,,,
ia_bim_eighteenth-century_a-new-accurate-system-of_brookes-richard-md_1763_4,760,0.1509,junk,,,,
ia_bim_eighteenth-century_a-new-accurate-system-of_brookes-richard-md_1763_4,761,0.00144,junk,,,,
ia_bim_eighteenth-century_a-new-accurate-system-of_brookes-richard-md_1763_4,762,0.01616,junk,,,,
ia_bim_eighteenth-century_a-new-accurate-system-of_brookes-richard-md_1763_4,763,0.11336,junk,,,,
ia_bim_eighteenth-century_a-new-accurate-system-of_brookes-richard-md_1763_4,764,0.996,non_junk,internal_essence,0.00922,0.43208,0.5587
ia_bim_eighteenth-century_a-new-accurate-system-of_brookes-richard-md_1763_4,765,0.30879,junk,,,,
ia_bim_eighteenth-century_a-new-accurate-system-of_brookes-richard-md_1763_4,766,0.01913,junk,,,,
ia_bim_eighteenth-century_a-new-accurate-system-of_brookes-richard-md_1763_4,767,0.99426,non_junk,non_divine_teleology,0.07517,0.83951,0.08532
ia_bim_eighteenth-century_a-new-accurate-system-of_brookes-richard-md_1763_4,768,0.1247,junk,,,,
ia_bim_eighteenth-century_a-new-accurate-system-of_brookes-richard-md_1763_4,769,0.65716,non_junk,non_divine_teleology,0.04028,0.80049,0.15923
ia_bim_eighteenth-century_a-new-accurate-system-of_brookes-richard-md_1763_4,770,0.23326,junk,,,,
ia_bim_eighteenth-century_a-new-accurate-system-of_brookes-richard-md_1763_4,771,0.03591,junk,,,,
ia_bim_eighteenth-century_a-new-accurate-system-of_brookes-richard-md_1763_4,772,0.13505,junk,,,,
ia_bim_eighteenth-century_a-new-accurate-system-of_brookes-richard-md_1763_4,773,0.65716,non_junk,non_divine_teleology,0.04028,0.80049,0.15923
ia_bim_eighteenth-century_a-new-accurate-system-of_brookes-richard-md_1763_4,774,0.23326,junk,,,,
ia_bim_eighteenth-century_a-new-accurate-system-of_brookes-richard-md_1763_4,775,0.03591,junk,,,,
ia_bim_eighteenth-century_a-new-accurate-system-of_brookes-richard-md_1763_4,776,0.47609,junk,,,,
ia_bim_eighteenth-century_a-new-accurate-system-of_brookes-richard-md_1763_4,777,0.00745,junk,,,,
ia_bim_eighteenth-century_a-new-accurate-system-of_brookes-richard-md_1763_4,778,0.00439,junk,,,,
ia_bim_eighteenth-century_a-new-accurate-system-of_brookes-richard-md_1763_4,779,0.87152,non_junk,non_divine_teleology,0.04302,0.91188,0.0451
ia_bim_eighteenth-century_a-new-accurate-system-of_brookes-richard-md_1763_4,780,0.11605,junk,,,,
ia_bim_eighteenth-century_a-new-accurate-system-of_brookes-richard-md_1763_4,781,0.18271,junk,,,,
ia_bim_eighteenth-century_a-new-accurate-system-of_brookes-richard-md_1763_4,782,0.00065,junk,,,,
ia_bim_eighteenth-century_a-new-accurate-system-of_brookes-richard-md_1763_4,783,0.08056,junk,,,,
ia_bim_eighteenth-century_a-new-accurate-system-of_brookes-richard-md_1763_4,784,0.04034,junk,,,,
ia_bim_eighteenth-century_a-new-accurate-system-of_brookes-richard-md_1763_4,785,0.05032,junk,,,,
ia_bim_eighteenth-century_a-new-accurate-system-of_brookes-richard-md_1763_4,786,0.31755,junk,,,,
ia_bim_eighteenth-century_a-new-accurate-system-of_brookes-richard-md_1763_4,787,0.05032,junk,,,,
ia_bim_eighteenth-century_a-new-accurate-system-of_brookes-richard-md_1763_4,788,0.29284,junk,,,,
ia_bim_eighteenth-century_a-new-accurate-system-of_brookes-richard-md_1763_4,789,0.92413,non_junk,non_divine_teleology,0.09354,0.70112,0.20535
ia_bim_eighteenth-century_a-new-accurate-system-of_brookes-richard-md_1763_4,790,0.8493,non_junk,non_divine_teleology,0.12438,0.6231,0.25252
ia_bim_eighteenth-century_a-new-accurate-system-of_brookes-richard-md_1763_4,791,0.00865,junk,,,,
ia_bim_eighteenth-century_a-new-accurate-system-of_brookes-richard-md_1763_4,792,0.00244,junk,,,,
ia_bim_eighteenth-century_a-new-accurate-system-of_brookes-richard-md_1763_4,793,0.00064,junk,,,,
ia_bim_eighteenth-century_a-new-accurate-system-of_brookes-richard-md_1763_4,794,0.33398,junk,,,,
ia_bim_eighteenth-century_a-new-accurate-system-of_brookes-richard-md_1763_4,795,0.00678,junk,,,,
ia_bim_eighteenth-century_a-new-accurate-system-of_brookes-richard-md_1763_4,796,0.07253,junk,,,,
ia_bim_eighteenth-century_a-new-accurate-system-of_brookes-richard-md_1763_4,797,0.00121,junk,,,,
ia_bim_eighteenth-century_a-new-accurate-system-of_brookes-richard-md_1763_4,798,0.00389,junk,,,,
ia_bim_eighteenth-century_a-new-accurate-system-of_brookes-richard-md_1763_4,799,0.03712,junk,,,,
ia_bim_eighteenth-century_a-new-accurate-system-of_brookes-richard-md_1763_4,800,0.00015,junk,,,,
ia_bim_eighteenth-century_a-new-accurate-system-of_brookes-richard-md_1763_4,801,0.11784,junk,,,,
ia_bim_eighteenth-century_a-new-accurate-system-of_brookes-richard-md_1763_4,802,0.00806,junk,,,,
ia_bim_eighteenth-century_a-new-accurate-system-of_brookes-richard-md_1763_4,803,0.00119,junk,,,,
ia_bim_eighteenth-century_a-new-accurate-system-of_brookes-richard-md_1763_4,804,0.0104,junk,,,,
ia_bim_eighteenth-century_a-new-accurate-system-of_brookes-richard-md_1763_4,805,0.00643,junk,,,,
ia_bim_eighteenth-century_a-new-accurate-system-of_brookes-richard-md_1763_4,806,0.09041,junk,,,,
ia_bim_eighteenth-century_a-new-accurate-system-of_brookes-richard-md_1763_4,807,0.00427,junk,,,,
ia_bim_eighteenth-century_a-new-accurate-system-of_brookes-richard-md_1763_4,808,0.07426,junk,,,,
ia_bim_eighteenth-century_a-new-accurate-system-of_brookes-richard-md_1763_4,809,0.00103,junk,,,,
ia_bim_eighteenth-century_a-new-accurate-system-of_brookes-richard-md_1763_4,810,0.11487,junk,,,,
ia_bim_eighteenth-century_a-new-accurate-system-of_brookes-richard-md_1763_4,811,0.02528,junk,,,,
ia_bim_eighteenth-century_a-new-accurate-system-of_brookes-richard-md_1763_4,812,0.03248,junk,,,,
ia_bim_eighteenth-century_a-new-accurate-system-of_brookes-richard-md_1763_4,813,0.00652,junk,,,,
ia_bim_eighteenth-century_a-new-accurate-system-of_brookes-richard-md_1763_4,814,0.09231,junk,,,,
ia_bim_eighteenth-century_a-new-accurate-system-of_brookes-richard-md_1763_4,815,0.05609,junk,,,,
ia_bim_eighteenth-century_a-new-accurate-system-of_brookes-richard-md_1763_4,816,0.07012,junk,,,,
ia_bim_eighteenth-century_a-new-accurate-system-of_brookes-richard-md_1763_4,817,0.00404,junk,,,,
ia_bim_eighteenth-century_a-new-accurate-system-of_brookes-richard-md_1763_4,818,0.02838,junk,,,,
ia_bim_eighteenth-century_a-new-accurate-system-of_brookes-richard-md_1763_4,819,0.03104,junk,,,,
ia_bim_eighteenth-century_a-new-accurate-system-of_brookes-richard-md_1763_4,820,0.01734,junk,,,,
ia_bim_eighteenth-century_a-new-accurate-system-of_brookes-richard-md_1763_4,821,0.04353,junk,,,,
ia_bim_eighteenth-century_a-new-accurate-system-of_brookes-richard-md_1763_4,822,0.00175,junk,,,,
ia_bim_eighteenth-century_a-new-accurate-system-of_brookes-richard-md_1763_4,823,0.00829,junk,,,,
ia_bim_eighteenth-century_a-new-accurate-system-of_brookes-richard-md_1763_4,824,0.00398,junk,,,,
ia_bim_eighteenth-century_a-new-accurate-system-of_brookes-richard-md_1763_4,825,0.00887,junk,,,,
ia_bim_eighteenth-century_a-new-accurate-system-of_brookes-richard-md_1763_4,826,0.01361,junk,,,,
ia_bim_eighteenth-century_a-new-accurate-system-of_brookes-richard-md_1763_4,827,0.00671,junk,,,,
ia_bim_eighteenth-century_a-new-accurate-system-of_brookes-richard-md_1763_4,828,0.09637,junk,,,,
ia_bim_eighteenth-century_a-new-accurate-system-of_brookes-richard-md_1763_4,829,0.00715,junk,,,,
ia_bim_eighteenth-century_a-new-accurate-system-of_brookes-richard-md_1763_4,830,0.0009,junk,,,,
ia_bim_eighteenth-century_a-new-accurate-system-of_brookes-richard-md_1763_4,831,0.00037,junk,,,,
ia_bim_eighteenth-century_a-new-accurate-system-of_brookes-richard-md_1763_4,832,0.06494,junk,,,,
ia_bim_eighteenth-century_a-new-accurate-system-of_brookes-richard-md_1763_4,833,0.00103,junk,,,,
ia_bim_eighteenth-century_a-new-accurate-system-of_brookes-richard-md_1763_4,834,0.00606,junk,,,,
ia_bim_eighteenth-century_a-new-accurate-system-of_brookes-richard-md_1763_4,835,0.33199,junk,,,,
ia_bim_eighteenth-century_a-new-accurate-system-of_brookes-richard-md_1763_4,836,0.00168,junk,,,,
ia_bim_eighteenth-century_a-new-accurate-system-of_brookes-richard-md_1763_4,837,0.80231,non_junk,non_divine_teleology,0.03726,0.94848,0.01426
ia_bim_eighteenth-century_a-new-accurate-system-of_brookes-richard-md_1763_4,838,0.14767,junk,,,,
ia_bim_eighteenth-century_a-new-accurate-system-of_brookes-richard-md_1763_4,839,0.04493,junk,,,,
ia_bim_eighteenth-century_a-new-accurate-system-of_brookes-richard-md_1763_4,840,0.02112,junk,,,,
ia_bim_eighteenth-century_a-new-accurate-system-of_brookes-richard-md_1763_4,841,0.28827,junk,,,,
ia_bim_eighteenth-century_a-new-accurate-system-of_brookes-richard-md_1763_4,842,0.05114,junk,,,,
ia_bim_eighteenth-century_a-new-accurate-system-of_brookes-richard-md_1763_4,843,0.5232,non_junk,non_divine_teleology,0.00909,0.96555,0.02536
ia_bim_eighteenth-century_a-new-accurate-system-of_brookes-richard-md_1763_4,844,0.15043,junk,,,,
ia_bim_eighteenth-century_a-new-accurate-system-of_brookes-richard-md_1763_4,845,0.12639,junk,,,,
ia_bim_eighteenth-century_a-new-accurate-system-of_brookes-richard-md_1763_4,846,0.36729,junk,,,,
ia_bim_eighteenth-century_a-new-accurate-system-of_brookes-richard-md_1763_4,847,0.09545,junk,,,,
ia_bim_eighteenth-century_a-new-accurate-system-of_brookes-richard-md_1763_4,848,0.5894,non_junk,non_divine_teleology,0.04547,0.92393,0.0306
ia_bim_eighteenth-century_a-new-accurate-system-of_brookes-richard-md_1763_4,849,0.15477,junk,,,,
ia_bim_eighteenth-century_a-new-accurate-system-of_brookes-richard-md_1763_4,850,0.13549,junk,,,,
ia_bim_eighteenth-century_a-new-accurate-system-of_brookes-richard-md_1763_4,851,0.0019,junk,,,,
ia_bim_eighteenth-century_a-new-accurate-system-of_brookes-richard-md_1763_4,852,0.00612,junk,,,,
ia_bim_eighteenth-century_a-new-accurate-system-of_brookes-richard-md_1763_4,853,0.00218,junk,,,,
ia_bim_eighteenth-century_a-new-accurate-system-of_brookes-richard-md_1763_4,854,0.00057,junk,,,,
ia_bim_eighteenth-century_a-new-accurate-system-of_brookes-richard-md_1763_4,855,0.03855,junk,,,,
ia_bim_eighteenth-century_a-new-accurate-system-of_brookes-richard-md_1763_4,856,0.61683,non_junk,non_divine_teleology,0.01309,0.95367,0.03323
ia_bim_eighteenth-century_a-new-accurate-system-of_brookes-richard-md_1763_4,857,0.00063,junk,,,,
ia_bim_eighteenth-century_a-new-accurate-system-of_brookes-richard-md_1763_4,858,0.61683,non_junk,non_divine_teleology,0.01309,0.95367,0.03323
ia_bim_eighteenth-century_a-new-accurate-system-of_brookes-richard-md_1763_4,859,0.07769,junk,,,,
ia_bim_eighteenth-century_a-new-accurate-system-of_brookes-richard-md_1763_4,860,0.89641,non_junk,non_divine_teleology,0.11258,0.84519,0.04223
ia_bim_eighteenth-century_a-new-accurate-system-of_brookes-richard-md_1763_4,861,0.1223,junk,,,,
ia_bim_eighteenth-century_a-new-accurate-system-of_brookes-richard-md_1763_4,862,0.03377,junk,,,,
ia_bim_eighteenth-century_a-new-accurate-system-of_brookes-richard-md_1763_4,863,0.02678,junk,,,,
ia_bim_eighteenth-century_a-new-accurate-system-of_brookes-richard-md_1763_4,864,0.51956,non_junk,non_divine_teleology,0.068,0.91916,0.01285
ia_bim_eighteenth-century_a-new-accurate-system-of_brookes-richard-md_1763_4,865,0.01251,junk,,,,
ia_bim_eighteenth-century_a-new-accurate-system-of_brookes-richard-md_1763_4,866,0.29955,junk,,,,
ia_bim_eighteenth-century_a-new-accurate-system-of_brookes-richard-md_1763_4,867,0.00146,junk,,,,
ia_bim_eighteenth-century_a-new-accurate-system-of_brookes-richard-md_1763_4,868,0.00575,junk,,,,
ia_bim_eighteenth-century_a-new-accurate-system-of_brookes-richard-md_1763_4,869,0.03258,junk,,,,
ia_bim_eighteenth-century_a-new-accurate-system-of_brookes-richard-md_1763_4,870,0.00802,junk,,,,
ia_bim_eighteenth-century_a-new-accurate-system-of_brookes-richard-md_1763_4,871,0.00477,junk,,,,
ia_bim_eighteenth-century_a-new-accurate-system-of_brookes-richard-md_1763_4,872,0.93036,non_junk,non_divine_teleology,0.02089,0.92859,0.05052
ia_bim_eighteenth-century_a-new-accurate-system-of_brookes-richard-md_1763_4,873,0.13944,junk,,,,
ia_bim_eighteenth-century_a-new-accurate-system-of_brookes-richard-md_1763_4,874,0.02555,junk,,,,
ia_bim_eighteenth-century_a-new-accurate-system-of_brookes-richard-md_1763_4,875,0.99372,non_junk,non_divine_teleology,0.01773,0.97455,0.00772
ia_bim_eighteenth-century_a-new-accurate-system-of_brookes-richard-md_1763_4,876,0.02555,junk,,,,
ia_bim_eighteenth-century_a-new-accurate-system-of_brookes-richard-md_1763_4,877,0.99538,non_junk,non_divine_teleology,0.01369,0.97382,0.01248
ia_bim_eighteenth-century_a-new-accurate-system-of_brookes-richard-md_1763_4,878,0.0796,junk,,,,
ia_bim_eighteenth-century_a-new-accurate-system-of_brookes-richard-md_1763_4,879,0.87098,non_junk,non_divine_teleology,0.02208,0.88033,0.09758
ia_bim_eighteenth-century_a-new-accurate-system-of_brookes-richard-md_1763_4,880,0.87663,non_junk,non_divine_teleology,0.0282,0.9415,0.0303
ia_bim_eighteenth-century_a-new-accurate-system-of_brookes-richard-md_1763_4,881,0.88911,non_junk,non_divine_teleology,0.02768,0.95225,0.02007
ia_bim_eighteenth-century_a-new-accurate-system-of_brookes-richard-md_1763_4,882,0.01056,junk,,,,
ia_bim_eighteenth-century_a-new-accurate-system-of_brookes-richard-md_1763_4,883,0.0004,junk,,,,
ia_bim_eighteenth-century_a-new-accurate-system-of_brookes-richard-md_1763_4,884,0.62924,non_junk,non_divine_teleology,0.01268,0.97475,0.01257
ia_bim_eighteenth-century_a-new-accurate-system-of_brookes-richard-md_1763_4,885,0.13227,junk,,,,
ia_bim_eighteenth-century_a-new-accurate-system-of_brookes-richard-md_1763_4,886,0.00431,junk,,,,
ia_bim_eighteenth-century_a-new-accurate-system-of_brookes-richard-md_1763_4,887,0.00446,junk,,,,
ia_bim_eighteenth-century_a-new-accurate-system-of_brookes-richard-md_1763_4,888,0.0146,junk,,,,
ia_bim_eighteenth-century_a-new-accurate-system-of_brookes-richard-md_1763_4,889,0.21788,junk,,,,
ia_bim_eighteenth-century_a-new-accurate-system-of_brookes-richard-md_1763_4,890,0.2747,junk,,,,
ia_bim_eighteenth-century_a-new-accurate-system-of_brookes-richard-md_1763_4,891,0.41843,junk,,,,
ia_bim_eighteenth-century_a-new-accurate-system-of_brookes-richard-md_1763_4,892,0.66337,non_junk,non_divine_teleology,0.02741,0.96158,0.01101
ia_bim_eighteenth-century_a-new-accurate-system-of_brookes-richard-md_1763_4,893,0.19798,junk,,,,
ia_bim_eighteenth-century_a-new-accurate-system-of_brookes-richard-md_1763_4,894,0.72448,non_junk,non_divine_teleology,0.01391,0.9482,0.03789
ia_bim_eighteenth-century_a-new-accurate-system-of_brookes-richard-md_1763_4,895,0.00016,junk,,,,
ia_bim_eighteenth-century_a-new-accurate-system-of_brookes-richard-md_1763_4,896,0.07526,junk,,,,
ia_bim_eighteenth-century_a-new-accurate-system-of_brookes-richard-md_1763_4,897,0.00032,junk,,,,
ia_bim_eighteenth-century_a-new-accurate-system-of_brookes-richard-md_1763_4,898,0.10649,junk,,,,
ia_bim_eighteenth-century_a-new-accurate-system-of_brookes-richard-md_1763_4,899,0.02669,junk,,,,
ia_bim_eighteenth-century_a-new-accurate-system-of_brookes-richard-md_1763_4,900,0.02382,junk,,,,
ia_bim_eighteenth-century_a-new-accurate-system-of_brookes-richard-md_1763_4,901,0.02669,junk,,,,
ia_bim_eighteenth-century_a-new-accurate-system-of_brookes-richard-md_1763_4,902,0.02382,junk,,,,
ia_bim_eighteenth-century_a-new-accurate-system-of_brookes-richard-md_1763_4,903,0.00088,junk,,,,
ia_bim_eighteenth-century_a-new-accurate-system-of_brookes-richard-md_1763_4,904,0.01462,junk,,,,
ia_bim_eighteenth-century_a-new-accurate-system-of_brookes-richard-md_1763_4,905,6e-05,junk,,,,
ia_bim_eighteenth-century_a-new-accurate-system-of_brookes-richard-md_1763_4,906,0.00049,junk,,,,
ia_bim_eighteenth-century_a-new-accurate-system-of_brookes-richard-md_1763_4,907,0.00039,junk,,,,
ia_bim_eighteenth-century_a-new-accurate-system-of_brookes-richard-md_1763_4,908,0.00046,junk,,,,
ia_bim_eighteenth-century_a-new-accurate-system-of_brookes-richard-md_1763_4,909,0.07538,junk,,,,
ia_bim_eighteenth-century_a-new-accurate-system-of_brookes-richard-md_1763_4,910,0.99362,non_junk,non_divine_teleology,0.03181,0.92974,0.03844
ia_bim_eighteenth-century_a-new-accurate-system-of_brookes-richard-md_1763_4,911,0.0074,junk,,,,
ia_bim_eighteenth-century_a-new-accurate-system-of_brookes-richard-md_1763_4,912,0.03979,junk,,,,
ia_bim_eighteenth-century_a-new-accurate-system-of_brookes-richard-md_1763_4,913,0.96755,non_junk,internal_essence,0.02734,0.24569,0.72697
ia_bim_eighteenth-century_a-new-accurate-system-of_brookes-richard-md_1763_4,914,0.57131,non_junk,non_divine_teleology,0.01545,0.96662,0.01792
ia_bim_eighteenth-century_a-new-accurate-system-of_brookes-richard-md_1763_4,915,0.00033,junk,,,,
ia_bim_eighteenth-century_a-new-accurate-system-of_brookes-richard-md_1763_4,916,0.857,non_junk,non_divine_teleology,0.01901,0.89291,0.08807
ia_bim_eighteenth-century_a-new-accurate-system-of_brookes-richard-md_1763_4,917,0.04605,junk,,,,
ia_bim_eighteenth-century_a-new-accurate-system-of_brookes-richard-md_1763_4,918,0.0755,junk,,,,
ia_bim_eighteenth-century_a-new-accurate-system-of_brookes-richard-md_1763_4,919,0.46728,junk,,,,
ia_bim_eighteenth-century_a-new-accurate-system-of_brookes-richard-md_1763_4,920,0.01827,junk,,,,
ia_bim_eighteenth-century_a-new-accurate-system-of_brookes-richard-md_1763_4,921,0.05921,junk,,,,
ia_bim_eighteenth-century_a-new-accurate-system-of_brookes-richard-md_1763_4,922,0.46964,junk,,,,
ia_bim_eighteenth-century_a-new-accurate-system-of_brookes-richard-md_1763_4,923,0.12795,junk,,,,
ia_bim_eighteenth-century_a-new-accurate-system-of_brookes-richard-md_1763_4,924,0.02285,junk,,,,
ia_bim_eighteenth-century_a-new-accurate-system-of_brookes-richard-md_1763_4,925,0.1057,junk,,,,
ia_bim_eighteenth-century_a-new-accurate-system-of_brookes-richard-md_1763_4,926,0.12038,junk,,,,
ia_bim_eighteenth-century_a-new-accurate-system-of_brookes-richard-md_1763_4,927,0.22776,junk,,,,
ia_bim_eighteenth-century_a-new-accurate-system-of_brookes-richard-md_1763_4,928,0.06698,junk,,,,
ia_bim_eighteenth-century_a-new-accurate-system-of_brookes-richard-md_1763_4,929,0.00289,junk,,,,
ia_bim_eighteenth-century_a-new-accurate-system-of_brookes-richard-md_1763_4,930,0.00245,junk,,,,
ia_bim_eighteenth-century_a-new-accurate-system-of_brookes-richard-md_1763_4,931,0.00093,junk,,,,
ia_bim_eighteenth-century_a-new-accurate-system-of_brookes-richard-md_1763_4,932,0.00342,junk,,,,
ia_bim_eighteenth-century_a-new-accurate-system-of_brookes-richard-md_1763_4,933,0.01367,junk,,,,
ia_bim_eighteenth-century_a-new-accurate-system-of_brookes-richard-md_1763_4,934,0.01885,junk,,,,
ia_bim_eighteenth-century_a-new-accurate-system-of_brookes-richard-md_1763_4,935,0.00448,junk,,,,
ia_bim_eighteenth-century_a-new-accurate-system-of_brookes-richard-md_1763_4,936,0.00557,junk,,,,
ia_bim_eighteenth-century_a-new-accurate-system-of_brookes-richard-md_1763_4,937,0.03074,junk,,,,
ia_bim_eighteenth-century_a-new-accurate-system-of_brookes-richard-md_1763_4,938,0.0011,junk,,,,
ia_bim_eighteenth-century_a-new-accurate-system-of_brookes-richard-md_1763_4,939,0.00158,junk,,,,
ia_bim_eighteenth-century_a-new-accurate-system-of_brookes-richard-md_1763_4,940,0.00225,junk,,,,
ia_bim_eighteenth-century_a-new-accurate-system-of_brookes-richard-md_1763_4,941,0.00015,junk,,,,
ia_bim_eighteenth-century_a-new-accurate-system-of_brookes-richard-md_1763_4,942,0.0018,junk,,,,
