uid,sent_id,gate_prob_nonjunk,gate_pred,s2_pred,s2_p_divine_teleology,s2_p_non_divine_teleology,s2_p_internal_essence
ia_bim_eighteenth-century_histoire-naturelle-eng_buffon-georges-louis-le_1791,1,0.00081,junk,,,,
ia_bim_eighteenth-century_histoire-naturelle-eng_buffon-georges-louis-le_1791,2,0.00248,junk,,,,
ia_bim_eighteenth-century_histoire-naturelle-eng_buffon-georges-louis-le_1791,3,0.05286,junk,,,,
ia_bim_eighteenth-century_histoire-naturelle-eng_buffon-georges-louis-le_1791,5,0.00093,junk,,,,
ia_bim_eighteenth-century_histoire-naturelle-eng_buffon-georges-louis-le_1791,6,8e-05,junk,,,,
ia_bim_eighteenth-century_histoire-naturelle-eng_buffon-georges-louis-le_1791,7,0.00182,junk,,,,
ia_bim_eighteenth-century_histoire-naturelle-eng_buffon-georges-louis-le_1791,8,0.00022,junk,,,,
ia_bim_eighteenth-century_histoire-naturelle-eng_buffon-georges-louis-le_1791,9,0.00037,junk,,,,
ia_bim_eighteenth-century_histoire-naturelle-eng_buffon-georges-louis-le_1791,10,0.01661,junk,,,,
ia_bim_eighteenth-century_histoire-naturelle-eng_buffon-georges-louis-le_1791,12,0.00076,junk,,,,
ia_bim_eighteenth-century_histoire-naturelle-eng_buffon-georges-louis-le_1791,13,0.00952,junk,,,,
ia_bim_eighteenth-century_histoire-naturelle-eng_buffon-georges-louis-le_1791,16,0.00091,junk,,,,
ia_bim_eighteenth-century_histoire-naturelle-eng_buffon-georges-louis-le_1791,18,0.15366,junk,,,,
ia_bim_eighteenth-century_histoire-naturelle-eng_buffon-georges-louis-le_1791,19,0.02061,junk,,,,
ia_bim_eighteenth-century_histoire-naturelle-eng_buffon-georges-louis-le_1791,22,0.99837,non_junk,non_divine_teleology,0.12104,0.87153,0.00743
ia_bim_eighteenth-century_histoire-naturelle-eng_buffon-georges-louis-le_1791,26,0.69352,non_junk,internal_essence,0.20466,0.07883,0.7165
ia_bim_eighteenth-century_histoire-naturelle-eng_buffon-georges-louis-le_1791,27,0.61613,non_junk,internal_essence,0.11314,0.14633,0.74054
ia_bim_eighteenth-century_histoire-naturelle-eng_buffon-georges-louis-le_1791,29,3e-05,junk,,,,
ia_bim_eighteenth-century_histoire-naturelle-eng_buffon-georges-louis-le_1791,30,0.03018,junk,,,,
ia_bim_eighteenth-century_histoire-naturelle-eng_buffon-georges-louis-le_1791,32,0.00015,junk,,,,
ia_bim_eighteenth-century_histoire-naturelle-eng_buffon-georges-louis-le_1791,34,0.00399,junk,,,,
ia_bim_eighteenth-century_histoire-naturelle-eng_buffon-georges-louis-le_1791,35,4e-05,junk,,,,
ia_bim_eighteenth-century_histoire-naturelle-eng_buffon-georges-louis-le_1791,36,4e-05,junk,,,,
ia_bim_eighteenth-century_histoire-naturelle-eng_buffon-georges-louis-le_1791,37,0.00484,junk,,,,
ia_bim_eighteenth-century_histoire-naturelle-eng_buffon-georges-louis-le_1791,39,4e-05,junk,,,,
ia_bim_eighteenth-century_histoire-naturelle-eng_buffon-georges-louis-le_1791,40,0.00247,junk,,,,
ia_bim_eighteenth-century_histoire-naturelle-eng_buffon-georges-louis-le_1791,41,0.00216,junk,,,,
ia_bim_eighteenth-century_histoire-naturelle-eng_buffon-georges-louis-le_1791,42,0.00115,junk,,,,
ia_bim_eighteenth-century_histoire-naturelle-eng_buffon-georges-louis-le_1791,44,0.01182,junk,,,,
ia_bim_eighteenth-century_histoire-naturelle-eng_buffon-georges-louis-le_1791,45,0.00016,junk,,,,
ia_bim_eighteenth-century_histoire-naturelle-eng_buffon-georges-louis-le_1791,46,0.00036,junk,,,,
ia_bim_eighteenth-century_histoire-naturelle-eng_buffon-georges-louis-le_1791,47,0.00202,junk,,,,
ia_bim_eighteenth-century_histoire-naturelle-eng_buffon-georges-louis-le_1791,48,0.00143,junk,,,,
ia_bim_eighteenth-century_histoire-naturelle-eng_buffon-georges-louis-le_1791,52,0.00855,junk,,,,
ia_bim_eighteenth-century_histoire-naturelle-eng_buffon-georges-louis-le_1791,53,0.31159,junk,,,,
ia_bim_eighteenth-century_histoire-naturelle-eng_buffon-georges-louis-le_1791,54,0.00249,junk,,,,
ia_bim_eighteenth-century_histoire-naturelle-eng_buffon-georges-louis-le_1791,56,0.26988,junk,,,,
ia_bim_eighteenth-century_histoire-naturelle-eng_buffon-georges-louis-le_1791,57,0.89841,non_junk,internal_essence,0.01011,0.31086,0.67902
ia_bim_eighteenth-century_histoire-naturelle-eng_buffon-georges-louis-le_1791,59,0.00289,junk,,,,
ia_bim_eighteenth-century_histoire-naturelle-eng_buffon-georges-louis-le_1791,60,0.00962,junk,,,,
ia_bim_eighteenth-century_histoire-naturelle-eng_buffon-georges-louis-le_1791,61,0.03177,junk,,,,
ia_bim_eighteenth-century_histoire-naturelle-eng_buffon-georges-louis-le_1791,62,0.00047,junk,,,,
ia_bim_eighteenth-century_histoire-naturelle-eng_buffon-georges-louis-le_1791,65,0.02164,junk,,,,
ia_bim_eighteenth-century_histoire-naturelle-eng_buffon-georges-louis-le_1791,66,0.05985,junk,,,,
ia_bim_eighteenth-century_histoire-naturelle-eng_buffon-georges-louis-le_1791,67,0.98852,non_junk,non_divine_teleology,0.01361,0.96883,0.01756
ia_bim_eighteenth-century_histoire-naturelle-eng_buffon-georges-louis-le_1791,68,0.02164,junk,,,,
ia_bim_eighteenth-century_histoire-naturelle-eng_buffon-georges-louis-le_1791,70,0.00287,junk,,,,
ia_bim_eighteenth-century_histoire-naturelle-eng_buffon-georges-louis-le_1791,72,0.99088,non_junk,non_divine_teleology,0.039,0.67217,0.28883
ia_bim_eighteenth-century_histoire-naturelle-eng_buffon-georges-louis-le_1791,73,0.00033,junk,,,,
ia_bim_eighteenth-century_histoire-naturelle-eng_buffon-georges-louis-le_1791,74,0.03934,junk,,,,
ia_bim_eighteenth-century_histoire-naturelle-eng_buffon-georges-louis-le_1791,81,0.06208,junk,,,,
ia_bim_eighteenth-century_histoire-naturelle-eng_buffon-georges-louis-le_1791,82,0.42804,junk,,,,
ia_bim_eighteenth-century_histoire-naturelle-eng_buffon-georges-louis-le_1791,84,0.80438,non_junk,non_divine_teleology,0.0077,0.98806,0.00424
ia_bim_eighteenth-century_histoire-naturelle-eng_buffon-georges-louis-le_1791,85,0.61665,non_junk,non_divine_teleology,0.01839,0.95663,0.02497
ia_bim_eighteenth-century_histoire-naturelle-eng_buffon-georges-louis-le_1791,88,0.01022,junk,,,,
ia_bim_eighteenth-century_histoire-naturelle-eng_buffon-georges-louis-le_1791,89,0.29942,junk,,,,
ia_bim_eighteenth-century_histoire-naturelle-eng_buffon-georges-louis-le_1791,90,0.47994,junk,,,,
ia_bim_eighteenth-century_histoire-naturelle-eng_buffon-georges-louis-le_1791,91,0.64766,non_junk,non_divine_teleology,0.00924,0.67689,0.31387
ia_bim_eighteenth-century_histoire-naturelle-eng_buffon-georges-louis-le_1791,93,0.08881,junk,,,,
ia_bim_eighteenth-century_histoire-naturelle-eng_buffon-georges-louis-le_1791,94,0.31903,junk,,,,
ia_bim_eighteenth-century_histoire-naturelle-eng_buffon-georges-louis-le_1791,95,0.08881,junk,,,,
ia_bim_eighteenth-century_histoire-naturelle-eng_buffon-georges-louis-le_1791,96,0.31903,junk,,,,
ia_bim_eighteenth-century_histoire-naturelle-eng_buffon-georges-louis-le_1791,97,0.72498,non_junk,non_divine_teleology,0.0063,0.95692,0.03678
ia_bim_eighteenth-century_histoire-naturelle-eng_buffon-georges-louis-le_1791,99,0.72498,non_junk,non_divine_teleology,0.0063,0.95692,0.03678
ia_bim_eighteenth-century_histoire-naturelle-eng_buffon-georges-louis-le_1791,102,0.88369,non_junk,non_divine_teleology,0.01048,0.97661,0.01291
ia_bim_eighteenth-century_histoire-naturelle-eng_buffon-georges-louis-le_1791,103,0.08607,junk,,,,
ia_bim_eighteenth-century_histoire-naturelle-eng_buffon-georges-louis-le_1791,104,0.50454,non_junk,non_divine_teleology,0.04049,0.90357,0.05594
ia_bim_eighteenth-century_histoire-naturelle-eng_buffon-georges-louis-le_1791,105,0.40251,junk,,,,
ia_bim_eighteenth-century_histoire-naturelle-eng_buffon-georges-louis-le_1791,109,0.49376,junk,,,,
ia_bim_eighteenth-century_histoire-naturelle-eng_buffon-georges-louis-le_1791,110,0.03831,junk,,,,
ia_bim_eighteenth-century_histoire-naturelle-eng_buffon-georges-louis-le_1791,111,0.49376,junk,,,,
ia_bim_eighteenth-century_histoire-naturelle-eng_buffon-georges-louis-le_1791,113,0.0496,junk,,,,
ia_bim_eighteenth-century_histoire-naturelle-eng_buffon-georges-louis-le_1791,114,0.0496,junk,,,,
ia_bim_eighteenth-century_histoire-naturelle-eng_buffon-georges-louis-le_1791,115,0.00258,junk,,,,
ia_bim_eighteenth-century_histoire-naturelle-eng_buffon-georges-louis-le_1791,116,0.95284,non_junk,non_divine_teleology,0.01821,0.96515,0.01664
ia_bim_eighteenth-century_histoire-naturelle-eng_buffon-georges-louis-le_1791,117,0.00258,junk,,,,
ia_bim_eighteenth-century_histoire-naturelle-eng_buffon-georges-louis-le_1791,118,0.95284,non_junk,non_divine_teleology,0.01821,0.96515,0.01664
ia_bim_eighteenth-century_histoire-naturelle-eng_buffon-georges-louis-le_1791,119,0.00714,junk,,,,
ia_bim_eighteenth-century_histoire-naturelle-eng_buffon-georges-louis-le_1791,120,0.64712,non_junk,non_divine_teleology,0.03625,0.66377,0.29998
ia_bim_eighteenth-century_histoire-naturelle-eng_buffon-georges-louis-le_1791,121,0.00714,junk,,,,
ia_bim_eighteenth-century_histoire-naturelle-eng_buffon-georges-louis-le_1791,122,0.64712,non_junk,non_divine_teleology,0.03625,0.66377,0.29998
ia_bim_eighteenth-century_histoire-naturelle-eng_buffon-georges-louis-le_1791,123,0.00961,junk,,,,
ia_bim_eighteenth-century_histoire-naturelle-eng_buffon-georges-louis-le_1791,124,0.06824,junk,,,,
ia_bim_eighteenth-century_histoire-naturelle-eng_buffon-georges-louis-le_1791,127,0.00562,junk,,,,
ia_bim_eighteenth-century_histoire-naturelle-eng_buffon-georges-louis-le_1791,128,0.16312,junk,,,,
ia_bim_eighteenth-century_histoire-naturelle-eng_buffon-georges-louis-le_1791,130,0.5917,non_junk,internal_essence,0.05265,0.12464,0.82271
ia_bim_eighteenth-century_histoire-naturelle-eng_buffon-georges-louis-le_1791,131,0.00073,junk,,,,
ia_bim_eighteenth-century_histoire-naturelle-eng_buffon-georges-louis-le_1791,132,0.18241,junk,,,,
ia_bim_eighteenth-century_histoire-naturelle-eng_buffon-georges-louis-le_1791,133,0.01653,junk,,,,
ia_bim_eighteenth-century_histoire-naturelle-eng_buffon-georges-louis-le_1791,134,0.70368,non_junk,non_divine_teleology,0.06826,0.82669,0.10504
ia_bim_eighteenth-century_histoire-naturelle-eng_buffon-georges-louis-le_1791,136,0.32731,junk,,,,
ia_bim_eighteenth-century_histoire-naturelle-eng_buffon-georges-louis-le_1791,138,0.70995,non_junk,non_divine_teleology,0.00773,0.92339,0.06888
ia_bim_eighteenth-century_histoire-naturelle-eng_buffon-georges-louis-le_1791,139,0.03755,junk,,,,
ia_bim_eighteenth-century_histoire-naturelle-eng_buffon-georges-louis-le_1791,141,0.3581,junk,,,,
ia_bim_eighteenth-century_histoire-naturelle-eng_buffon-georges-louis-le_1791,142,0.71468,non_junk,non_divine_teleology,0.00778,0.94225,0.04996
ia_bim_eighteenth-century_histoire-naturelle-eng_buffon-georges-louis-le_1791,143,0.90845,non_junk,non_divine_teleology,0.01605,0.93505,0.04891
ia_bim_eighteenth-century_histoire-naturelle-eng_buffon-georges-louis-le_1791,144,0.05826,junk,,,,
ia_bim_eighteenth-century_histoire-naturelle-eng_buffon-georges-louis-le_1791,145,0.86062,non_junk,non_divine_teleology,0.03628,0.89003,0.07369
ia_bim_eighteenth-century_histoire-naturelle-eng_buffon-georges-louis-le_1791,146,0.82783,non_junk,non_divine_teleology,0.02602,0.93909,0.03489
ia_bim_eighteenth-century_histoire-naturelle-eng_buffon-georges-louis-le_1791,147,0.08969,junk,,,,
ia_bim_eighteenth-century_histoire-naturelle-eng_buffon-georges-louis-le_1791,148,0.97146,non_junk,non_divine_teleology,0.01068,0.85269,0.13663
ia_bim_eighteenth-century_histoire-naturelle-eng_buffon-georges-louis-le_1791,150,0.09834,junk,,,,
ia_bim_eighteenth-century_histoire-naturelle-eng_buffon-georges-louis-le_1791,152,0.11814,junk,,,,
ia_bim_eighteenth-century_histoire-naturelle-eng_buffon-georges-louis-le_1791,153,0.041,junk,,,,
ia_bim_eighteenth-century_histoire-naturelle-eng_buffon-georges-louis-le_1791,154,0.00464,junk,,,,
ia_bim_eighteenth-century_histoire-naturelle-eng_buffon-georges-louis-le_1791,157,0.00977,junk,,,,
ia_bim_eighteenth-century_histoire-naturelle-eng_buffon-georges-louis-le_1791,158,0.0459,junk,,,,
ia_bim_eighteenth-century_histoire-naturelle-eng_buffon-georges-louis-le_1791,159,0.94163,non_junk,non_divine_teleology,0.0226,0.94252,0.03488
ia_bim_eighteenth-century_histoire-naturelle-eng_buffon-georges-louis-le_1791,161,0.56169,non_junk,non_divine_teleology,0.01579,0.60306,0.38114
ia_bim_eighteenth-century_histoire-naturelle-eng_buffon-georges-louis-le_1791,163,0.7006,non_junk,internal_essence,0.01863,0.42177,0.55959
ia_bim_eighteenth-century_histoire-naturelle-eng_buffon-georges-louis-le_1791,164,0.7006,non_junk,internal_essence,0.01863,0.42177,0.55959
ia_bim_eighteenth-century_histoire-naturelle-eng_buffon-georges-louis-le_1791,165,0.17818,junk,,,,
ia_bim_eighteenth-century_histoire-naturelle-eng_buffon-georges-louis-le_1791,166,0.06864,junk,,,,
ia_bim_eighteenth-century_histoire-naturelle-eng_buffon-georges-louis-le_1791,169,0.8667,non_junk,non_divine_teleology,0.01123,0.96146,0.0273
ia_bim_eighteenth-century_histoire-naturelle-eng_buffon-georges-louis-le_1791,170,0.34011,junk,,,,
ia_bim_eighteenth-century_histoire-naturelle-eng_buffon-georges-louis-le_1791,172,0.0894,junk,,,,
ia_bim_eighteenth-century_histoire-naturelle-eng_buffon-georges-louis-le_1791,173,0.14203,junk,,,,
ia_bim_eighteenth-century_histoire-naturelle-eng_buffon-georges-louis-le_1791,174,0.32472,junk,,,,
ia_bim_eighteenth-century_histoire-naturelle-eng_buffon-georges-louis-le_1791,175,0.26683,junk,,,,
ia_bim_eighteenth-century_histoire-naturelle-eng_buffon-georges-louis-le_1791,176,0.03622,junk,,,,
ia_bim_eighteenth-century_histoire-naturelle-eng_buffon-georges-louis-le_1791,177,0.02594,junk,,,,
ia_bim_eighteenth-century_histoire-naturelle-eng_buffon-georges-louis-le_1791,179,0.27748,junk,,,,
ia_bim_eighteenth-century_histoire-naturelle-eng_buffon-georges-louis-le_1791,180,0.83067,non_junk,non_divine_teleology,0.00833,0.96132,0.03036
ia_bim_eighteenth-century_histoire-naturelle-eng_buffon-georges-louis-le_1791,181,0.06268,junk,,,,
ia_bim_eighteenth-century_histoire-naturelle-eng_buffon-georges-louis-le_1791,183,0.00034,junk,,,,
ia_bim_eighteenth-century_histoire-naturelle-eng_buffon-georges-louis-le_1791,184,0.00686,junk,,,,
ia_bim_eighteenth-century_histoire-naturelle-eng_buffon-georges-louis-le_1791,187,0.00504,junk,,,,
ia_bim_eighteenth-century_histoire-naturelle-eng_buffon-georges-louis-le_1791,188,0.00037,junk,,,,
ia_bim_eighteenth-century_histoire-naturelle-eng_buffon-georges-louis-le_1791,189,0.83104,non_junk,non_divine_teleology,0.01938,0.61172,0.36891
ia_bim_eighteenth-century_histoire-naturelle-eng_buffon-georges-louis-le_1791,190,0.5821,non_junk,internal_essence,0.02397,0.19881,0.77722
ia_bim_eighteenth-century_histoire-naturelle-eng_buffon-georges-louis-le_1791,191,0.23508,junk,,,,
ia_bim_eighteenth-century_histoire-naturelle-eng_buffon-georges-louis-le_1791,193,0.89446,non_junk,internal_essence,0.01432,0.10103,0.88465
ia_bim_eighteenth-century_histoire-naturelle-eng_buffon-georges-louis-le_1791,196,0.05674,junk,,,,
ia_bim_eighteenth-century_histoire-naturelle-eng_buffon-georges-louis-le_1791,199,0.24508,junk,,,,
ia_bim_eighteenth-century_histoire-naturelle-eng_buffon-georges-louis-le_1791,200,0.24508,junk,,,,
ia_bim_eighteenth-century_histoire-naturelle-eng_buffon-georges-louis-le_1791,201,0.87401,non_junk,non_divine_teleology,0.00802,0.75212,0.23985
ia_bim_eighteenth-century_histoire-naturelle-eng_buffon-georges-louis-le_1791,202,0.42074,junk,,,,
ia_bim_eighteenth-century_histoire-naturelle-eng_buffon-georges-louis-le_1791,203,0.00912,junk,,,,
ia_bim_eighteenth-century_histoire-naturelle-eng_buffon-georges-louis-le_1791,204,0.0589,junk,,,,
ia_bim_eighteenth-century_histoire-naturelle-eng_buffon-georges-louis-le_1791,205,0.43527,junk,,,,
ia_bim_eighteenth-century_histoire-naturelle-eng_buffon-georges-louis-le_1791,207,0.98771,non_junk,non_divine_teleology,0.05091,0.93624,0.01285
ia_bim_eighteenth-century_histoire-naturelle-eng_buffon-georges-louis-le_1791,209,0.56897,non_junk,non_divine_teleology,0.02682,0.90126,0.07192
ia_bim_eighteenth-century_histoire-naturelle-eng_buffon-georges-louis-le_1791,210,0.95286,non_junk,non_divine_teleology,0.01101,0.96762,0.02137
ia_bim_eighteenth-century_histoire-naturelle-eng_buffon-georges-louis-le_1791,211,0.00229,junk,,,,
ia_bim_eighteenth-century_histoire-naturelle-eng_buffon-georges-louis-le_1791,212,0.97687,non_junk,internal_essence,0.00537,0.2129,0.78173
ia_bim_eighteenth-century_histoire-naturelle-eng_buffon-georges-louis-le_1791,213,0.95798,non_junk,non_divine_teleology,0.01598,0.8035,0.18052
ia_bim_eighteenth-century_histoire-naturelle-eng_buffon-georges-louis-le_1791,214,0.78804,non_junk,non_divine_teleology,0.01119,0.89361,0.0952
ia_bim_eighteenth-century_histoire-naturelle-eng_buffon-georges-louis-le_1791,219,0.70368,non_junk,non_divine_teleology,0.0721,0.85771,0.07019
ia_bim_eighteenth-century_histoire-naturelle-eng_buffon-georges-louis-le_1791,220,0.80168,non_junk,non_divine_teleology,0.08364,0.89037,0.02599
ia_bim_eighteenth-century_histoire-naturelle-eng_buffon-georges-louis-le_1791,222,0.13843,junk,,,,
ia_bim_eighteenth-century_histoire-naturelle-eng_buffon-georges-louis-le_1791,224,0.94525,non_junk,non_divine_teleology,0.02888,0.94355,0.02757
ia_bim_eighteenth-century_histoire-naturelle-eng_buffon-georges-louis-le_1791,225,0.24429,junk,,,,
ia_bim_eighteenth-century_histoire-naturelle-eng_buffon-georges-louis-le_1791,226,0.24967,junk,,,,
ia_bim_eighteenth-century_histoire-naturelle-eng_buffon-georges-louis-le_1791,227,0.13829,junk,,,,
ia_bim_eighteenth-century_histoire-naturelle-eng_buffon-georges-louis-le_1791,229,0.31482,junk,,,,
ia_bim_eighteenth-century_histoire-naturelle-eng_buffon-georges-louis-le_1791,230,0.07325,junk,,,,
ia_bim_eighteenth-century_histoire-naturelle-eng_buffon-georges-louis-le_1791,232,0.9114,non_junk,non_divine_teleology,0.02043,0.89313,0.08644
ia_bim_eighteenth-century_histoire-naturelle-eng_buffon-georges-louis-le_1791,233,0.72256,non_junk,internal_essence,0.00849,0.31064,0.68087
ia_bim_eighteenth-century_histoire-naturelle-eng_buffon-georges-louis-le_1791,235,0.02788,junk,,,,
ia_bim_eighteenth-century_histoire-naturelle-eng_buffon-georges-louis-le_1791,238,0.51892,non_junk,non_divine_teleology,0.04634,0.71161,0.24204
ia_bim_eighteenth-century_histoire-naturelle-eng_buffon-georges-louis-le_1791,239,0.02788,junk,,,,
ia_bim_eighteenth-century_histoire-naturelle-eng_buffon-georges-louis-le_1791,240,0.01345,junk,,,,
ia_bim_eighteenth-century_histoire-naturelle-eng_buffon-georges-louis-le_1791,241,0.74386,non_junk,internal_essence,0.01109,0.20924,0.77966
ia_bim_eighteenth-century_histoire-naturelle-eng_buffon-georges-louis-le_1791,243,0.88518,non_junk,non_divine_teleology,0.05214,0.83792,0.10994
ia_bim_eighteenth-century_histoire-naturelle-eng_buffon-georges-louis-le_1791,245,0.93987,non_junk,non_divine_teleology,0.00621,0.95279,0.04099
ia_bim_eighteenth-century_histoire-naturelle-eng_buffon-georges-louis-le_1791,246,0.0006,junk,,,,
ia_bim_eighteenth-century_histoire-naturelle-eng_buffon-georges-louis-le_1791,247,0.84425,non_junk,non_divine_teleology,0.01965,0.91929,0.06106
ia_bim_eighteenth-century_histoire-naturelle-eng_buffon-georges-louis-le_1791,249,0.04092,junk,,,,
ia_bim_eighteenth-century_histoire-naturelle-eng_buffon-georges-louis-le_1791,250,0.00507,junk,,,,
ia_bim_eighteenth-century_histoire-naturelle-eng_buffon-georges-louis-le_1791,252,0.84133,non_junk,internal_essence,0.05678,0.44027,0.50295
ia_bim_eighteenth-century_histoire-naturelle-eng_buffon-georges-louis-le_1791,253,0.55558,non_junk,non_divine_teleology,0.15546,0.76481,0.07973
ia_bim_eighteenth-century_histoire-naturelle-eng_buffon-georges-louis-le_1791,254,0.82143,non_junk,non_divine_teleology,0.12552,0.83065,0.04383
ia_bim_eighteenth-century_histoire-naturelle-eng_buffon-georges-louis-le_1791,256,0.11167,junk,,,,
ia_bim_eighteenth-century_histoire-naturelle-eng_buffon-georges-louis-le_1791,257,0.48408,junk,,,,
ia_bim_eighteenth-century_histoire-naturelle-eng_buffon-georges-louis-le_1791,258,0.88361,non_junk,non_divine_teleology,0.06378,0.64617,0.29006
ia_bim_eighteenth-century_histoire-naturelle-eng_buffon-georges-louis-le_1791,259,0.28766,junk,,,,
ia_bim_eighteenth-century_histoire-naturelle-eng_buffon-georges-louis-le_1791,263,0.24623,junk,,,,
ia_bim_eighteenth-century_histoire-naturelle-eng_buffon-georges-louis-le_1791,264,0.08038,junk,,,,
ia_bim_eighteenth-century_histoire-naturelle-eng_buffon-georges-louis-le_1791,265,0.72262,non_junk,non_divine_teleology,0.0212,0.78401,0.19479
ia_bim_eighteenth-century_histoire-naturelle-eng_buffon-georges-louis-le_1791,266,0.05838,junk,,,,
ia_bim_eighteenth-century_histoire-naturelle-eng_buffon-georges-louis-le_1791,269,0.97875,non_junk,non_divine_teleology,0.00125,0.99778,0.00097
ia_bim_eighteenth-century_histoire-naturelle-eng_buffon-georges-louis-le_1791,270,0.01917,junk,,,,
ia_bim_eighteenth-century_histoire-naturelle-eng_buffon-georges-louis-le_1791,275,0.0119,junk,,,,
ia_bim_eighteenth-century_histoire-naturelle-eng_buffon-georges-louis-le_1791,276,0.14285,junk,,,,
ia_bim_eighteenth-century_histoire-naturelle-eng_buffon-georges-louis-le_1791,277,0.03479,junk,,,,
ia_bim_eighteenth-century_histoire-naturelle-eng_buffon-georges-louis-le_1791,280,0.83321,non_junk,non_divine_teleology,0.07169,0.8318,0.09652
ia_bim_eighteenth-century_histoire-naturelle-eng_buffon-georges-louis-le_1791,281,0.68138,non_junk,non_divine_teleology,0.00479,0.91687,0.07834
ia_bim_eighteenth-century_histoire-naturelle-eng_buffon-georges-louis-le_1791,282,0.00512,junk,,,,
ia_bim_eighteenth-century_histoire-naturelle-eng_buffon-georges-louis-le_1791,283,0.96337,non_junk,non_divine_teleology,0.01232,0.95395,0.03372
ia_bim_eighteenth-century_histoire-naturelle-eng_buffon-georges-louis-le_1791,286,0.59616,non_junk,non_divine_teleology,0.04063,0.75078,0.2086
ia_bim_eighteenth-century_histoire-naturelle-eng_buffon-georges-louis-le_1791,287,0.03281,junk,,,,
ia_bim_eighteenth-century_histoire-naturelle-eng_buffon-georges-louis-le_1791,288,0.95684,non_junk,non_divine_teleology,0.01815,0.86734,0.11451
ia_bim_eighteenth-century_histoire-naturelle-eng_buffon-georges-louis-le_1791,289,0.05901,junk,,,,
ia_bim_eighteenth-century_histoire-naturelle-eng_buffon-georges-louis-le_1791,290,0.00114,junk,,,,
ia_bim_eighteenth-century_histoire-naturelle-eng_buffon-georges-louis-le_1791,291,0.017,junk,,,,
ia_bim_eighteenth-century_histoire-naturelle-eng_buffon-georges-louis-le_1791,292,0.57357,non_junk,non_divine_teleology,0.01907,0.86439,0.11654
ia_bim_eighteenth-century_histoire-naturelle-eng_buffon-georges-louis-le_1791,295,0.25722,junk,,,,
ia_bim_eighteenth-century_histoire-naturelle-eng_buffon-georges-louis-le_1791,298,0.93382,non_junk,non_divine_teleology,0.01189,0.93206,0.05604
ia_bim_eighteenth-century_histoire-naturelle-eng_buffon-georges-louis-le_1791,301,0.00377,junk,,,,
ia_bim_eighteenth-century_histoire-naturelle-eng_buffon-georges-louis-le_1791,304,0.69692,non_junk,non_divine_teleology,0.00185,0.87456,0.12359
ia_bim_eighteenth-century_histoire-naturelle-eng_buffon-georges-louis-le_1791,306,0.95697,non_junk,non_divine_teleology,0.01421,0.56142,0.42437
ia_bim_eighteenth-century_histoire-naturelle-eng_buffon-georges-louis-le_1791,307,0.07705,junk,,,,
ia_bim_eighteenth-century_histoire-naturelle-eng_buffon-georges-louis-le_1791,309,0.01881,junk,,,,
ia_bim_eighteenth-century_histoire-naturelle-eng_buffon-georges-louis-le_1791,314,0.02656,junk,,,,
ia_bim_eighteenth-century_histoire-naturelle-eng_buffon-georges-louis-le_1791,315,0.97914,non_junk,non_divine_teleology,0.03404,0.92027,0.04569
ia_bim_eighteenth-century_histoire-naturelle-eng_buffon-georges-louis-le_1791,317,0.97914,non_junk,non_divine_teleology,0.03404,0.92027,0.04569
ia_bim_eighteenth-century_histoire-naturelle-eng_buffon-georges-louis-le_1791,318,0.0178,junk,,,,
ia_bim_eighteenth-century_histoire-naturelle-eng_buffon-georges-louis-le_1791,321,0.96533,non_junk,non_divine_teleology,0.0273,0.91161,0.06109
ia_bim_eighteenth-century_histoire-naturelle-eng_buffon-georges-louis-le_1791,323,0.43534,junk,,,,
ia_bim_eighteenth-century_histoire-naturelle-eng_buffon-georges-louis-le_1791,324,0.93735,non_junk,non_divine_teleology,0.01896,0.84686,0.13419
ia_bim_eighteenth-century_histoire-naturelle-eng_buffon-georges-louis-le_1791,325,0.96533,non_junk,non_divine_teleology,0.0273,0.91161,0.06109
ia_bim_eighteenth-century_histoire-naturelle-eng_buffon-georges-louis-le_1791,326,0.03375,junk,,,,
ia_bim_eighteenth-century_histoire-naturelle-eng_buffon-georges-louis-le_1791,329,0.05105,junk,,,,
ia_bim_eighteenth-century_histoire-naturelle-eng_buffon-georges-louis-le_1791,330,0.12437,junk,,,,
ia_bim_eighteenth-century_histoire-naturelle-eng_buffon-georges-louis-le_1791,333,0.02195,junk,,,,
ia_bim_eighteenth-century_histoire-naturelle-eng_buffon-georges-louis-le_1791,334,0.13918,junk,,,,
ia_bim_eighteenth-century_histoire-naturelle-eng_buffon-georges-louis-le_1791,335,0.03612,junk,,,,
ia_bim_eighteenth-century_histoire-naturelle-eng_buffon-georges-louis-le_1791,336,0.18469,junk,,,,
ia_bim_eighteenth-century_histoire-naturelle-eng_buffon-georges-louis-le_1791,337,0.0735,junk,,,,
ia_bim_eighteenth-century_histoire-naturelle-eng_buffon-georges-louis-le_1791,339,0.85327,non_junk,non_divine_teleology,0.00924,0.96149,0.02927
ia_bim_eighteenth-century_histoire-naturelle-eng_buffon-georges-louis-le_1791,340,0.66541,non_junk,non_divine_teleology,0.00952,0.98009,0.01038
ia_bim_eighteenth-century_histoire-naturelle-eng_buffon-georges-louis-le_1791,343,0.14776,junk,,,,
ia_bim_eighteenth-century_histoire-naturelle-eng_buffon-georges-louis-le_1791,345,0.02772,junk,,,,
ia_bim_eighteenth-century_histoire-naturelle-eng_buffon-georges-louis-le_1791,346,0.81801,non_junk,non_divine_teleology,0.007,0.95929,0.03371
ia_bim_eighteenth-century_histoire-naturelle-eng_buffon-georges-louis-le_1791,347,0.85773,non_junk,non_divine_teleology,0.00504,0.9741,0.02086
ia_bim_eighteenth-century_histoire-naturelle-eng_buffon-georges-louis-le_1791,348,0.33669,junk,,,,
ia_bim_eighteenth-century_histoire-naturelle-eng_buffon-georges-louis-le_1791,349,0.85773,non_junk,non_divine_teleology,0.00504,0.9741,0.02086
ia_bim_eighteenth-century_histoire-naturelle-eng_buffon-georges-louis-le_1791,350,0.00185,junk,,,,
ia_bim_eighteenth-century_histoire-naturelle-eng_buffon-georges-louis-le_1791,351,0.0901,junk,,,,
ia_bim_eighteenth-century_histoire-naturelle-eng_buffon-georges-louis-le_1791,353,0.00169,junk,,,,
ia_bim_eighteenth-century_histoire-naturelle-eng_buffon-georges-louis-le_1791,354,0.0901,junk,,,,
ia_bim_eighteenth-century_histoire-naturelle-eng_buffon-georges-louis-le_1791,355,0.13877,junk,,,,
ia_bim_eighteenth-century_histoire-naturelle-eng_buffon-georges-louis-le_1791,357,0.00493,junk,,,,
ia_bim_eighteenth-century_histoire-naturelle-eng_buffon-georges-louis-le_1791,358,0.0102,junk,,,,
ia_bim_eighteenth-century_histoire-naturelle-eng_buffon-georges-louis-le_1791,360,0.89881,non_junk,non_divine_teleology,0.02072,0.96148,0.01781
ia_bim_eighteenth-century_histoire-naturelle-eng_buffon-georges-louis-le_1791,362,0.00116,junk,,,,
ia_bim_eighteenth-century_histoire-naturelle-eng_buffon-georges-louis-le_1791,363,0.15464,junk,,,,
ia_bim_eighteenth-century_histoire-naturelle-eng_buffon-georges-louis-le_1791,364,0.00477,junk,,,,
ia_bim_eighteenth-century_histoire-naturelle-eng_buffon-georges-louis-le_1791,366,0.52067,non_junk,non_divine_teleology,0.02343,0.93124,0.04533
ia_bim_eighteenth-century_histoire-naturelle-eng_buffon-georges-louis-le_1791,369,0.3174,junk,,,,
ia_bim_eighteenth-century_histoire-naturelle-eng_buffon-georges-louis-le_1791,372,0.63327,non_junk,non_divine_teleology,0.00931,0.96471,0.02598
ia_bim_eighteenth-century_histoire-naturelle-eng_buffon-georges-louis-le_1791,373,0.04234,junk,,,,
ia_bim_eighteenth-century_histoire-naturelle-eng_buffon-georges-louis-le_1791,375,0.18876,junk,,,,
ia_bim_eighteenth-century_histoire-naturelle-eng_buffon-georges-louis-le_1791,376,0.78669,non_junk,non_divine_teleology,0.00986,0.76254,0.2276
ia_bim_eighteenth-century_histoire-naturelle-eng_buffon-georges-louis-le_1791,377,0.06158,junk,,,,
ia_bim_eighteenth-century_histoire-naturelle-eng_buffon-georges-louis-le_1791,378,0.35464,junk,,,,
ia_bim_eighteenth-century_histoire-naturelle-eng_buffon-georges-louis-le_1791,379,0.06591,junk,,,,
ia_bim_eighteenth-century_histoire-naturelle-eng_buffon-georges-louis-le_1791,380,0.04041,junk,,,,
ia_bim_eighteenth-century_histoire-naturelle-eng_buffon-georges-louis-le_1791,381,0.11962,junk,,,,
ia_bim_eighteenth-century_histoire-naturelle-eng_buffon-georges-louis-le_1791,382,0.99826,non_junk,non_divine_teleology,0.04668,0.93245,0.02086
ia_bim_eighteenth-century_histoire-naturelle-eng_buffon-georges-louis-le_1791,383,0.81085,non_junk,non_divine_teleology,0.00823,0.9104,0.08137
ia_bim_eighteenth-century_histoire-naturelle-eng_buffon-georges-louis-le_1791,388,0.01118,junk,,,,
ia_bim_eighteenth-century_histoire-naturelle-eng_buffon-georges-louis-le_1791,389,0.02888,junk,,,,
ia_bim_eighteenth-century_histoire-naturelle-eng_buffon-georges-louis-le_1791,390,0.00655,junk,,,,
ia_bim_eighteenth-century_histoire-naturelle-eng_buffon-georges-louis-le_1791,391,0.15906,junk,,,,
ia_bim_eighteenth-century_histoire-naturelle-eng_buffon-georges-louis-le_1791,392,0.5669,non_junk,non_divine_teleology,0.00819,0.96876,0.02306
ia_bim_eighteenth-century_histoire-naturelle-eng_buffon-georges-louis-le_1791,394,0.0586,junk,,,,
ia_bim_eighteenth-century_histoire-naturelle-eng_buffon-georges-louis-le_1791,395,0.46836,junk,,,,
ia_bim_eighteenth-century_histoire-naturelle-eng_buffon-georges-louis-le_1791,396,0.92876,non_junk,non_divine_teleology,0.03124,0.74599,0.22277
ia_bim_eighteenth-century_histoire-naturelle-eng_buffon-georges-louis-le_1791,397,0.00646,junk,,,,
ia_bim_eighteenth-century_histoire-naturelle-eng_buffon-georges-louis-le_1791,398,0.02812,junk,,,,
ia_bim_eighteenth-century_histoire-naturelle-eng_buffon-georges-louis-le_1791,399,0.59695,non_junk,non_divine_teleology,0.02226,0.83074,0.147
ia_bim_eighteenth-century_histoire-naturelle-eng_buffon-georges-louis-le_1791,400,0.89925,non_junk,non_divine_teleology,0.04468,0.8683,0.08703
ia_bim_eighteenth-century_histoire-naturelle-eng_buffon-georges-louis-le_1791,402,0.88759,non_junk,non_divine_teleology,0.04732,0.8363,0.11638
ia_bim_eighteenth-century_histoire-naturelle-eng_buffon-georges-louis-le_1791,403,0.14773,junk,,,,
ia_bim_eighteenth-century_histoire-naturelle-eng_buffon-georges-louis-le_1791,404,0.0375,junk,,,,
ia_bim_eighteenth-century_histoire-naturelle-eng_buffon-georges-louis-le_1791,408,0.05436,junk,,,,
ia_bim_eighteenth-century_histoire-naturelle-eng_buffon-georges-louis-le_1791,412,0.03641,junk,,,,
ia_bim_eighteenth-century_histoire-naturelle-eng_buffon-georges-louis-le_1791,413,0.97423,non_junk,non_divine_teleology,0.02458,0.95454,0.02087
ia_bim_eighteenth-century_histoire-naturelle-eng_buffon-georges-louis-le_1791,414,0.91322,non_junk,non_divine_teleology,0.02658,0.90311,0.07032
ia_bim_eighteenth-century_histoire-naturelle-eng_buffon-georges-louis-le_1791,415,0.94087,non_junk,non_divine_teleology,0.03331,0.85005,0.11664
ia_bim_eighteenth-century_histoire-naturelle-eng_buffon-georges-louis-le_1791,416,0.9085,non_junk,non_divine_teleology,0.01357,0.90011,0.08633
ia_bim_eighteenth-century_histoire-naturelle-eng_buffon-georges-louis-le_1791,418,0.00054,junk,,,,
ia_bim_eighteenth-century_histoire-naturelle-eng_buffon-georges-louis-le_1791,420,0.74436,non_junk,non_divine_teleology,0.00831,0.91242,0.07927
ia_bim_eighteenth-century_histoire-naturelle-eng_buffon-georges-louis-le_1791,421,0.00833,junk,,,,
ia_bim_eighteenth-century_histoire-naturelle-eng_buffon-georges-louis-le_1791,422,0.14685,junk,,,,
ia_bim_eighteenth-century_histoire-naturelle-eng_buffon-georges-louis-le_1791,424,0.02612,junk,,,,
ia_bim_eighteenth-century_histoire-naturelle-eng_buffon-georges-louis-le_1791,425,0.74436,non_junk,non_divine_teleology,0.00831,0.91242,0.07927
ia_bim_eighteenth-century_histoire-naturelle-eng_buffon-georges-louis-le_1791,426,0.00833,junk,,,,
ia_bim_eighteenth-century_histoire-naturelle-eng_buffon-georges-louis-le_1791,429,0.02552,junk,,,,
ia_bim_eighteenth-century_histoire-naturelle-eng_buffon-georges-louis-le_1791,430,0.04526,junk,,,,
ia_bim_eighteenth-century_histoire-naturelle-eng_buffon-georges-louis-le_1791,431,0.33604,junk,,,,
ia_bim_eighteenth-century_histoire-naturelle-eng_buffon-georges-louis-le_1791,432,0.1863,junk,,,,
ia_bim_eighteenth-century_histoire-naturelle-eng_buffon-georges-louis-le_1791,434,0.77465,non_junk,non_divine_teleology,0.02395,0.91523,0.06082
ia_bim_eighteenth-century_histoire-naturelle-eng_buffon-georges-louis-le_1791,435,0.39558,junk,,,,
ia_bim_eighteenth-century_histoire-naturelle-eng_buffon-georges-louis-le_1791,436,0.43093,junk,,,,
ia_bim_eighteenth-century_histoire-naturelle-eng_buffon-georges-louis-le_1791,437,0.39558,junk,,,,
ia_bim_eighteenth-century_histoire-naturelle-eng_buffon-georges-louis-le_1791,440,0.0326,junk,,,,
ia_bim_eighteenth-century_histoire-naturelle-eng_buffon-georges-louis-le_1791,442,0.00995,junk,,,,
ia_bim_eighteenth-century_histoire-naturelle-eng_buffon-georges-louis-le_1791,443,0.0002,junk,,,,
ia_bim_eighteenth-century_histoire-naturelle-eng_buffon-georges-louis-le_1791,445,0.00323,junk,,,,
ia_bim_eighteenth-century_histoire-naturelle-eng_buffon-georges-louis-le_1791,446,0.18372,junk,,,,
ia_bim_eighteenth-century_histoire-naturelle-eng_buffon-georges-louis-le_1791,447,0.92145,non_junk,non_divine_teleology,0.02796,0.96741,0.00463
ia_bim_eighteenth-century_histoire-naturelle-eng_buffon-georges-louis-le_1791,448,0.00208,junk,,,,
ia_bim_eighteenth-century_histoire-naturelle-eng_buffon-georges-louis-le_1791,449,0.00467,junk,,,,
ia_bim_eighteenth-century_histoire-naturelle-eng_buffon-georges-louis-le_1791,450,0.0082,junk,,,,
ia_bim_eighteenth-century_histoire-naturelle-eng_buffon-georges-louis-le_1791,451,0.05169,junk,,,,
ia_bim_eighteenth-century_histoire-naturelle-eng_buffon-georges-louis-le_1791,453,0.23753,junk,,,,
ia_bim_eighteenth-century_histoire-naturelle-eng_buffon-georges-louis-le_1791,454,0.01302,junk,,,,
ia_bim_eighteenth-century_histoire-naturelle-eng_buffon-georges-louis-le_1791,455,0.03556,junk,,,,
ia_bim_eighteenth-century_histoire-naturelle-eng_buffon-georges-louis-le_1791,456,0.08444,junk,,,,
ia_bim_eighteenth-century_histoire-naturelle-eng_buffon-georges-louis-le_1791,458,0.76048,non_junk,internal_essence,0.14955,0.3029,0.54755
ia_bim_eighteenth-century_histoire-naturelle-eng_buffon-georges-louis-le_1791,459,0.00351,junk,,,,
ia_bim_eighteenth-century_histoire-naturelle-eng_buffon-georges-louis-le_1791,460,0.99811,non_junk,non_divine_teleology,0.00488,0.98115,0.01398
ia_bim_eighteenth-century_histoire-naturelle-eng_buffon-georges-louis-le_1791,461,0.92223,non_junk,non_divine_teleology,0.04318,0.93484,0.02198
ia_bim_eighteenth-century_histoire-naturelle-eng_buffon-georges-louis-le_1791,464,0.55693,non_junk,non_divine_teleology,0.01074,0.87537,0.11389
ia_bim_eighteenth-century_histoire-naturelle-eng_buffon-georges-louis-le_1791,466,0.29623,junk,,,,
ia_bim_eighteenth-century_histoire-naturelle-eng_buffon-georges-louis-le_1791,467,0.76256,non_junk,non_divine_teleology,0.00783,0.98641,0.00576
ia_bim_eighteenth-century_histoire-naturelle-eng_buffon-georges-louis-le_1791,468,0.54729,non_junk,non_divine_teleology,0.02094,0.60415,0.37491
ia_bim_eighteenth-century_histoire-naturelle-eng_buffon-georges-louis-le_1791,471,0.44479,junk,,,,
ia_bim_eighteenth-century_histoire-naturelle-eng_buffon-georges-louis-le_1791,472,0.06795,junk,,,,
ia_bim_eighteenth-century_histoire-naturelle-eng_buffon-georges-louis-le_1791,475,0.03692,junk,,,,
ia_bim_eighteenth-century_histoire-naturelle-eng_buffon-georges-louis-le_1791,476,0.1686,junk,,,,
ia_bim_eighteenth-century_histoire-naturelle-eng_buffon-georges-louis-le_1791,477,0.03657,junk,,,,
ia_bim_eighteenth-century_histoire-naturelle-eng_buffon-georges-louis-le_1791,478,0.99946,non_junk,non_divine_teleology,0.00139,0.99288,0.00573
ia_bim_eighteenth-century_histoire-naturelle-eng_buffon-georges-louis-le_1791,479,0.00129,junk,,,,
ia_bim_eighteenth-century_histoire-naturelle-eng_buffon-georges-louis-le_1791,480,0.901,non_junk,non_divine_teleology,0.0317,0.92394,0.04436
ia_bim_eighteenth-century_histoire-naturelle-eng_buffon-georges-louis-le_1791,486,0.26932,junk,,,,
ia_bim_eighteenth-century_histoire-naturelle-eng_buffon-georges-louis-le_1791,489,0.04741,junk,,,,
ia_bim_eighteenth-century_histoire-naturelle-eng_buffon-georges-louis-le_1791,490,0.60753,non_junk,non_divine_teleology,0.06015,0.60015,0.33969
ia_bim_eighteenth-century_histoire-naturelle-eng_buffon-georges-louis-le_1791,491,0.00093,junk,,,,
ia_bim_eighteenth-century_histoire-naturelle-eng_buffon-georges-louis-le_1791,492,0.01371,junk,,,,
ia_bim_eighteenth-century_histoire-naturelle-eng_buffon-georges-louis-le_1791,493,0.27793,junk,,,,
ia_bim_eighteenth-century_histoire-naturelle-eng_buffon-georges-louis-le_1791,499,0.90429,non_junk,non_divine_teleology,0.03626,0.92054,0.0432
ia_bim_eighteenth-century_histoire-naturelle-eng_buffon-georges-louis-le_1791,500,0.00154,junk,,,,
ia_bim_eighteenth-century_histoire-naturelle-eng_buffon-georges-louis-le_1791,501,0.02351,junk,,,,
ia_bim_eighteenth-century_histoire-naturelle-eng_buffon-georges-louis-le_1791,502,0.73954,non_junk,non_divine_teleology,0.04596,0.91699,0.03706
ia_bim_eighteenth-century_histoire-naturelle-eng_buffon-georges-louis-le_1791,504,0.01818,junk,,,,
ia_bim_eighteenth-century_histoire-naturelle-eng_buffon-georges-louis-le_1791,505,6e-05,junk,,,,
ia_bim_eighteenth-century_histoire-naturelle-eng_buffon-georges-louis-le_1791,506,0.05934,junk,,,,
ia_bim_eighteenth-century_histoire-naturelle-eng_buffon-georges-louis-le_1791,507,6e-05,junk,,,,
ia_bim_eighteenth-century_histoire-naturelle-eng_buffon-georges-louis-le_1791,512,0.00305,junk,,,,
ia_bim_eighteenth-century_histoire-naturelle-eng_buffon-georges-louis-le_1791,513,0.16185,junk,,,,
ia_bim_eighteenth-century_histoire-naturelle-eng_buffon-georges-louis-le_1791,516,0.35706,junk,,,,
ia_bim_eighteenth-century_histoire-naturelle-eng_buffon-georges-louis-le_1791,517,0.18584,junk,,,,
ia_bim_eighteenth-century_histoire-naturelle-eng_buffon-georges-louis-le_1791,519,0.01041,junk,,,,
ia_bim_eighteenth-century_histoire-naturelle-eng_buffon-georges-louis-le_1791,520,0.00818,junk,,,,
ia_bim_eighteenth-century_histoire-naturelle-eng_buffon-georges-louis-le_1791,521,0.10568,junk,,,,
ia_bim_eighteenth-century_histoire-naturelle-eng_buffon-georges-louis-le_1791,526,0.00038,junk,,,,
ia_bim_eighteenth-century_histoire-naturelle-eng_buffon-georges-louis-le_1791,528,0.78857,non_junk,internal_essence,0.02013,0.41637,0.56351
ia_bim_eighteenth-century_histoire-naturelle-eng_buffon-georges-louis-le_1791,529,0.95974,non_junk,non_divine_teleology,0.01048,0.97069,0.01883
ia_bim_eighteenth-century_histoire-naturelle-eng_buffon-georges-louis-le_1791,533,0.01323,junk,,,,
ia_bim_eighteenth-century_histoire-naturelle-eng_buffon-georges-louis-le_1791,536,0.0616,junk,,,,
ia_bim_eighteenth-century_histoire-naturelle-eng_buffon-georges-louis-le_1791,537,0.19549,junk,,,,
ia_bim_eighteenth-century_histoire-naturelle-eng_buffon-georges-louis-le_1791,538,0.94056,non_junk,internal_essence,0.00593,0.04831,0.94575
ia_bim_eighteenth-century_histoire-naturelle-eng_buffon-georges-louis-le_1791,543,0.88002,non_junk,non_divine_teleology,0.00366,0.62765,0.36868
ia_bim_eighteenth-century_histoire-naturelle-eng_buffon-georges-louis-le_1791,544,0.95645,non_junk,non_divine_teleology,0.01956,0.57937,0.40107
ia_bim_eighteenth-century_histoire-naturelle-eng_buffon-georges-louis-le_1791,545,0.10306,junk,,,,
ia_bim_eighteenth-century_histoire-naturelle-eng_buffon-georges-louis-le_1791,547,0.33723,junk,,,,
ia_bim_eighteenth-century_histoire-naturelle-eng_buffon-georges-louis-le_1791,550,0.96117,non_junk,non_divine_teleology,0.01325,0.79172,0.19502
ia_bim_eighteenth-century_histoire-naturelle-eng_buffon-georges-louis-le_1791,551,4e-05,junk,,,,
ia_bim_eighteenth-century_histoire-naturelle-eng_buffon-georges-louis-le_1791,553,0.0072,junk,,,,
ia_bim_eighteenth-century_histoire-naturelle-eng_buffon-georges-louis-le_1791,554,4e-05,junk,,,,
ia_bim_eighteenth-century_histoire-naturelle-eng_buffon-georges-louis-le_1791,555,0.10579,junk,,,,
ia_bim_eighteenth-century_histoire-naturelle-eng_buffon-georges-louis-le_1791,556,0.58457,non_junk,non_divine_teleology,0.01072,0.89218,0.09709
ia_bim_eighteenth-century_histoire-naturelle-eng_buffon-georges-louis-le_1791,560,0.19927,junk,,,,
ia_bim_eighteenth-century_histoire-naturelle-eng_buffon-georges-louis-le_1791,561,0.07047,junk,,,,
ia_bim_eighteenth-century_histoire-naturelle-eng_buffon-georges-louis-le_1791,563,0.00024,junk,,,,
ia_bim_eighteenth-century_histoire-naturelle-eng_buffon-georges-louis-le_1791,564,0.04897,junk,,,,
ia_bim_eighteenth-century_histoire-naturelle-eng_buffon-georges-louis-le_1791,566,0.00291,junk,,,,
ia_bim_eighteenth-century_histoire-naturelle-eng_buffon-georges-louis-le_1791,569,0.64044,non_junk,non_divine_teleology,0.02316,0.75631,0.22053
ia_bim_eighteenth-century_histoire-naturelle-eng_buffon-georges-louis-le_1791,570,0.86016,non_junk,internal_essence,0.01586,0.35568,0.62847
ia_bim_eighteenth-century_histoire-naturelle-eng_buffon-georges-louis-le_1791,571,0.03744,junk,,,,
ia_bim_eighteenth-century_histoire-naturelle-eng_buffon-georges-louis-le_1791,573,0.96873,non_junk,non_divine_teleology,0.00376,0.97947,0.01676
ia_bim_eighteenth-century_histoire-naturelle-eng_buffon-georges-louis-le_1791,574,0.00232,junk,,,,
ia_bim_eighteenth-century_histoire-naturelle-eng_buffon-georges-louis-le_1791,577,0.94194,non_junk,non_divine_teleology,0.02057,0.84069,0.13874
ia_bim_eighteenth-century_histoire-naturelle-eng_buffon-georges-louis-le_1791,578,0.07578,junk,,,,
ia_bim_eighteenth-century_histoire-naturelle-eng_buffon-georges-louis-le_1791,579,0.70268,non_junk,internal_essence,0.00713,0.06178,0.9311
ia_bim_eighteenth-century_histoire-naturelle-eng_buffon-georges-louis-le_1791,580,0.95228,non_junk,non_divine_teleology,0.04125,0.76764,0.19111
ia_bim_eighteenth-century_histoire-naturelle-eng_buffon-georges-louis-le_1791,581,0.99337,non_junk,non_divine_teleology,0.02614,0.79821,0.17565
ia_bim_eighteenth-century_histoire-naturelle-eng_buffon-georges-louis-le_1791,583,0.73045,non_junk,internal_essence,0.05128,0.14731,0.80141
ia_bim_eighteenth-century_histoire-naturelle-eng_buffon-georges-louis-le_1791,587,0.03715,junk,,,,
ia_bim_eighteenth-century_histoire-naturelle-eng_buffon-georges-louis-le_1791,588,0.96325,non_junk,non_divine_teleology,0.00767,0.96495,0.02738
ia_bim_eighteenth-century_histoire-naturelle-eng_buffon-georges-louis-le_1791,590,0.95515,non_junk,internal_essence,0.01148,0.3801,0.60842
ia_bim_eighteenth-century_histoire-naturelle-eng_buffon-georges-louis-le_1791,592,0.22424,junk,,,,
ia_bim_eighteenth-century_histoire-naturelle-eng_buffon-georges-louis-le_1791,593,0.00154,junk,,,,
ia_bim_eighteenth-century_histoire-naturelle-eng_buffon-georges-louis-le_1791,594,0.97177,non_junk,non_divine_teleology,0.0127,0.93279,0.05451
ia_bim_eighteenth-century_histoire-naturelle-eng_buffon-georges-louis-le_1791,595,0.95499,non_junk,non_divine_teleology,0.01082,0.94979,0.03939
ia_bim_eighteenth-century_histoire-naturelle-eng_buffon-georges-louis-le_1791,598,0.08947,junk,,,,
ia_bim_eighteenth-century_histoire-naturelle-eng_buffon-georges-louis-le_1791,599,0.00038,junk,,,,
ia_bim_eighteenth-century_histoire-naturelle-eng_buffon-georges-louis-le_1791,601,0.00332,junk,,,,
ia_bim_eighteenth-century_histoire-naturelle-eng_buffon-georges-louis-le_1791,602,0.64627,non_junk,non_divine_teleology,0.0421,0.56394,0.39396
ia_bim_eighteenth-century_histoire-naturelle-eng_buffon-georges-louis-le_1791,604,0.00034,junk,,,,
ia_bim_eighteenth-century_histoire-naturelle-eng_buffon-georges-louis-le_1791,609,0.04106,junk,,,,
ia_bim_eighteenth-century_histoire-naturelle-eng_buffon-georges-louis-le_1791,611,0.46157,junk,,,,
ia_bim_eighteenth-century_histoire-naturelle-eng_buffon-georges-louis-le_1791,612,0.05521,junk,,,,
ia_bim_eighteenth-century_histoire-naturelle-eng_buffon-georges-louis-le_1791,613,0.2183,junk,,,,
ia_bim_eighteenth-century_histoire-naturelle-eng_buffon-georges-louis-le_1791,615,0.04566,junk,,,,
ia_bim_eighteenth-century_histoire-naturelle-eng_buffon-georges-louis-le_1791,618,0.01397,junk,,,,
ia_bim_eighteenth-century_histoire-naturelle-eng_buffon-georges-louis-le_1791,621,0.01397,junk,,,,
ia_bim_eighteenth-century_histoire-naturelle-eng_buffon-georges-louis-le_1791,623,0.97659,non_junk,non_divine_teleology,0.04224,0.58394,0.37382
ia_bim_eighteenth-century_histoire-naturelle-eng_buffon-georges-louis-le_1791,624,0.84282,non_junk,non_divine_teleology,0.02817,0.83058,0.14125
ia_bim_eighteenth-century_histoire-naturelle-eng_buffon-georges-louis-le_1791,626,0.00654,junk,,,,
ia_bim_eighteenth-century_histoire-naturelle-eng_buffon-georges-louis-le_1791,627,0.37837,junk,,,,
ia_bim_eighteenth-century_histoire-naturelle-eng_buffon-georges-louis-le_1791,628,0.02811,junk,,,,
ia_bim_eighteenth-century_histoire-naturelle-eng_buffon-georges-louis-le_1791,631,0.03834,junk,,,,
ia_bim_eighteenth-century_histoire-naturelle-eng_buffon-georges-louis-le_1791,632,0.07163,junk,,,,
ia_bim_eighteenth-century_histoire-naturelle-eng_buffon-georges-louis-le_1791,635,0.12694,junk,,,,
ia_bim_eighteenth-century_histoire-naturelle-eng_buffon-georges-louis-le_1791,637,0.00774,junk,,,,
ia_bim_eighteenth-century_histoire-naturelle-eng_buffon-georges-louis-le_1791,638,0.00692,junk,,,,
ia_bim_eighteenth-century_histoire-naturelle-eng_buffon-georges-louis-le_1791,639,0.02619,junk,,,,
ia_bim_eighteenth-century_histoire-naturelle-eng_buffon-georges-louis-le_1791,640,0.00774,junk,,,,
ia_bim_eighteenth-century_histoire-naturelle-eng_buffon-georges-louis-le_1791,644,0.09968,junk,,,,
ia_bim_eighteenth-century_histoire-naturelle-eng_buffon-georges-louis-le_1791,645,0.15479,junk,,,,
ia_bim_eighteenth-century_histoire-naturelle-eng_buffon-georges-louis-le_1791,646,0.1149,junk,,,,
ia_bim_eighteenth-century_histoire-naturelle-eng_buffon-georges-louis-le_1791,647,0.04036,junk,,,,
ia_bim_eighteenth-century_histoire-naturelle-eng_buffon-georges-louis-le_1791,649,0.99893,non_junk,non_divine_teleology,0.02193,0.85866,0.11941
ia_bim_eighteenth-century_histoire-naturelle-eng_buffon-georges-louis-le_1791,650,0.99893,non_junk,non_divine_teleology,0.02193,0.85866,0.11941
ia_bim_eighteenth-century_histoire-naturelle-eng_buffon-georges-louis-le_1791,652,0.01298,junk,,,,
ia_bim_eighteenth-century_histoire-naturelle-eng_buffon-georges-louis-le_1791,655,0.97964,non_junk,non_divine_teleology,0.0438,0.89477,0.06143
ia_bim_eighteenth-century_histoire-naturelle-eng_buffon-georges-louis-le_1791,657,0.00012,junk,,,,
ia_bim_eighteenth-century_histoire-naturelle-eng_buffon-georges-louis-le_1791,659,0.97964,non_junk,non_divine_teleology,0.0438,0.89477,0.06143
ia_bim_eighteenth-century_histoire-naturelle-eng_buffon-georges-louis-le_1791,663,0.00091,junk,,,,
ia_bim_eighteenth-century_histoire-naturelle-eng_buffon-georges-louis-le_1791,665,0.16474,junk,,,,
ia_bim_eighteenth-century_histoire-naturelle-eng_buffon-georges-louis-le_1791,668,0.92732,non_junk,non_divine_teleology,0.00942,0.75913,0.23145
ia_bim_eighteenth-century_histoire-naturelle-eng_buffon-georges-louis-le_1791,669,0.0005,junk,,,,
ia_bim_eighteenth-century_histoire-naturelle-eng_buffon-georges-louis-le_1791,673,0.05435,junk,,,,
ia_bim_eighteenth-century_histoire-naturelle-eng_buffon-georges-louis-le_1791,674,0.90151,non_junk,non_divine_teleology,0.04168,0.94599,0.01233
ia_bim_eighteenth-century_histoire-naturelle-eng_buffon-georges-louis-le_1791,675,0.00669,junk,,,,
ia_bim_eighteenth-century_histoire-naturelle-eng_buffon-georges-louis-le_1791,677,0.00836,junk,,,,
ia_bim_eighteenth-century_histoire-naturelle-eng_buffon-georges-louis-le_1791,678,0.01781,junk,,,,
ia_bim_eighteenth-century_histoire-naturelle-eng_buffon-georges-louis-le_1791,680,0.12724,junk,,,,
ia_bim_eighteenth-century_histoire-naturelle-eng_buffon-georges-louis-le_1791,681,0.00847,junk,,,,
ia_bim_eighteenth-century_histoire-naturelle-eng_buffon-georges-louis-le_1791,682,0.12724,junk,,,,
ia_bim_eighteenth-century_histoire-naturelle-eng_buffon-georges-louis-le_1791,683,0.99916,non_junk,non_divine_teleology,0.00515,0.98494,0.00991
ia_bim_eighteenth-century_histoire-naturelle-eng_buffon-georges-louis-le_1791,685,0.01008,junk,,,,
ia_bim_eighteenth-century_histoire-naturelle-eng_buffon-georges-louis-le_1791,688,0.00394,junk,,,,
ia_bim_eighteenth-century_histoire-naturelle-eng_buffon-georges-louis-le_1791,690,0.12112,junk,,,,
ia_bim_eighteenth-century_histoire-naturelle-eng_buffon-georges-louis-le_1791,691,0.87549,non_junk,internal_essence,0.00781,0.20661,0.78558
ia_bim_eighteenth-century_histoire-naturelle-eng_buffon-georges-louis-le_1791,695,0.52072,non_junk,non_divine_teleology,0.0063,0.85119,0.14251
ia_bim_eighteenth-century_histoire-naturelle-eng_buffon-georges-louis-le_1791,696,0.97318,non_junk,non_divine_teleology,0.02865,0.86852,0.10282
ia_bim_eighteenth-century_histoire-naturelle-eng_buffon-georges-louis-le_1791,700,0.36977,junk,,,,
ia_bim_eighteenth-century_histoire-naturelle-eng_buffon-georges-louis-le_1791,701,0.1925,junk,,,,
ia_bim_eighteenth-century_histoire-naturelle-eng_buffon-georges-louis-le_1791,702,0.33236,junk,,,,
ia_bim_eighteenth-century_histoire-naturelle-eng_buffon-georges-louis-le_1791,704,0.65694,non_junk,internal_essence,0.0093,0.4387,0.55201
ia_bim_eighteenth-century_histoire-naturelle-eng_buffon-georges-louis-le_1791,705,0.69075,non_junk,non_divine_teleology,0.01808,0.55489,0.42702
ia_bim_eighteenth-century_histoire-naturelle-eng_buffon-georges-louis-le_1791,706,0.00702,junk,,,,
ia_bim_eighteenth-century_histoire-naturelle-eng_buffon-georges-louis-le_1791,711,0.19357,junk,,,,
ia_bim_eighteenth-century_histoire-naturelle-eng_buffon-georges-louis-le_1791,715,0.01861,junk,,,,
ia_bim_eighteenth-century_histoire-naturelle-eng_buffon-georges-louis-le_1791,716,0.97115,non_junk,non_divine_teleology,0.00325,0.96846,0.02829
ia_bim_eighteenth-century_histoire-naturelle-eng_buffon-georges-louis-le_1791,717,0.19912,junk,,,,
ia_bim_eighteenth-century_histoire-naturelle-eng_buffon-georges-louis-le_1791,718,0.03012,junk,,,,
ia_bim_eighteenth-century_histoire-naturelle-eng_buffon-georges-louis-le_1791,719,0.00994,junk,,,,
ia_bim_eighteenth-century_histoire-naturelle-eng_buffon-georges-louis-le_1791,720,0.02058,junk,,,,
ia_bim_eighteenth-century_histoire-naturelle-eng_buffon-georges-louis-le_1791,722,0.20487,junk,,,,
ia_bim_eighteenth-century_histoire-naturelle-eng_buffon-georges-louis-le_1791,723,0.34352,junk,,,,
ia_bim_eighteenth-century_histoire-naturelle-eng_buffon-georges-louis-le_1791,724,0.45501,junk,,,,
ia_bim_eighteenth-century_histoire-naturelle-eng_buffon-georges-louis-le_1791,726,0.92086,non_junk,non_divine_teleology,0.0145,0.78543,0.20007
ia_bim_eighteenth-century_histoire-naturelle-eng_buffon-georges-louis-le_1791,729,0.01915,junk,,,,
ia_bim_eighteenth-century_histoire-naturelle-eng_buffon-georges-louis-le_1791,730,0.02787,junk,,,,
ia_bim_eighteenth-century_histoire-naturelle-eng_buffon-georges-louis-le_1791,731,0.00208,junk,,,,
ia_bim_eighteenth-century_histoire-naturelle-eng_buffon-georges-louis-le_1791,733,0.80103,non_junk,internal_essence,0.01547,0.05016,0.93437
ia_bim_eighteenth-century_histoire-naturelle-eng_buffon-georges-louis-le_1791,734,5e-05,junk,,,,
ia_bim_eighteenth-century_histoire-naturelle-eng_buffon-georges-louis-le_1791,735,0.01506,junk,,,,
ia_bim_eighteenth-century_histoire-naturelle-eng_buffon-georges-louis-le_1791,736,0.01648,junk,,,,
ia_bim_eighteenth-century_histoire-naturelle-eng_buffon-georges-louis-le_1791,738,0.42487,junk,,,,
ia_bim_eighteenth-century_histoire-naturelle-eng_buffon-georges-louis-le_1791,739,0.82134,non_junk,non_divine_teleology,0.01528,0.79885,0.18588
ia_bim_eighteenth-century_histoire-naturelle-eng_buffon-georges-louis-le_1791,741,0.44474,junk,,,,
ia_bim_eighteenth-century_histoire-naturelle-eng_buffon-georges-louis-le_1791,742,0.00167,junk,,,,
ia_bim_eighteenth-century_histoire-naturelle-eng_buffon-georges-louis-le_1791,743,0.00324,junk,,,,
ia_bim_eighteenth-century_histoire-naturelle-eng_buffon-georges-louis-le_1791,744,0.05406,junk,,,,
ia_bim_eighteenth-century_histoire-naturelle-eng_buffon-georges-louis-le_1791,745,0.01309,junk,,,,
ia_bim_eighteenth-century_histoire-naturelle-eng_buffon-georges-louis-le_1791,746,5e-05,junk,,,,
ia_bim_eighteenth-century_histoire-naturelle-eng_buffon-georges-louis-le_1791,747,0.01309,junk,,,,
ia_bim_eighteenth-century_histoire-naturelle-eng_buffon-georges-louis-le_1791,748,0.00374,junk,,,,
ia_bim_eighteenth-century_histoire-naturelle-eng_buffon-georges-louis-le_1791,750,0.00184,junk,,,,
ia_bim_eighteenth-century_histoire-naturelle-eng_buffon-georges-louis-le_1791,751,0.64854,non_junk,non_divine_teleology,0.02561,0.94717,0.02722
ia_bim_eighteenth-century_histoire-naturelle-eng_buffon-georges-louis-le_1791,752,0.98406,non_junk,non_divine_teleology,0.08673,0.91025,0.00303
ia_bim_eighteenth-century_histoire-naturelle-eng_buffon-georges-louis-le_1791,753,0.99885,non_junk,non_divine_teleology,0.02063,0.9775,0.00187
ia_bim_eighteenth-century_histoire-naturelle-eng_buffon-georges-louis-le_1791,756,0.09456,junk,,,,
ia_bim_eighteenth-century_histoire-naturelle-eng_buffon-georges-louis-le_1791,757,0.44169,junk,,,,
ia_bim_eighteenth-century_histoire-naturelle-eng_buffon-georges-louis-le_1791,758,0.78599,non_junk,non_divine_teleology,0.00633,0.97946,0.0142
ia_bim_eighteenth-century_histoire-naturelle-eng_buffon-georges-louis-le_1791,759,0.83327,non_junk,non_divine_teleology,0.00674,0.9832,0.01006
ia_bim_eighteenth-century_histoire-naturelle-eng_buffon-georges-louis-le_1791,761,0.75009,non_junk,non_divine_teleology,0.00983,0.97809,0.01208
ia_bim_eighteenth-century_histoire-naturelle-eng_buffon-georges-louis-le_1791,762,0.02543,junk,,,,
ia_bim_eighteenth-century_histoire-naturelle-eng_buffon-georges-louis-le_1791,763,0.24196,junk,,,,
ia_bim_eighteenth-century_histoire-naturelle-eng_buffon-georges-louis-le_1791,766,0.27467,junk,,,,
ia_bim_eighteenth-century_histoire-naturelle-eng_buffon-georges-louis-le_1791,767,0.0175,junk,,,,
ia_bim_eighteenth-century_histoire-naturelle-eng_buffon-georges-louis-le_1791,769,0.1205,junk,,,,
ia_bim_eighteenth-century_histoire-naturelle-eng_buffon-georges-louis-le_1791,771,0.00853,junk,,,,
ia_bim_eighteenth-century_histoire-naturelle-eng_buffon-georges-louis-le_1791,772,0.89061,non_junk,non_divine_teleology,0.00299,0.95988,0.03713
ia_bim_eighteenth-century_histoire-naturelle-eng_buffon-georges-louis-le_1791,773,0.89868,non_junk,internal_essence,0.00343,0.04032,0.95625
ia_bim_eighteenth-century_histoire-naturelle-eng_buffon-georges-louis-le_1791,774,0.00221,junk,,,,
ia_bim_eighteenth-century_histoire-naturelle-eng_buffon-georges-louis-le_1791,775,0.5041,non_junk,non_divine_teleology,0.00318,0.80702,0.1898
ia_bim_eighteenth-century_histoire-naturelle-eng_buffon-georges-louis-le_1791,776,0.4738,junk,,,,
ia_bim_eighteenth-century_histoire-naturelle-eng_buffon-georges-louis-le_1791,777,0.02336,junk,,,,
ia_bim_eighteenth-century_histoire-naturelle-eng_buffon-georges-louis-le_1791,778,0.00899,junk,,,,
ia_bim_eighteenth-century_histoire-naturelle-eng_buffon-georges-louis-le_1791,780,0.00414,junk,,,,
ia_bim_eighteenth-century_histoire-naturelle-eng_buffon-georges-louis-le_1791,781,0.06753,junk,,,,
ia_bim_eighteenth-century_histoire-naturelle-eng_buffon-georges-louis-le_1791,784,0.9876,non_junk,non_divine_teleology,0.00388,0.8526,0.14352
ia_bim_eighteenth-century_histoire-naturelle-eng_buffon-georges-louis-le_1791,786,0.00558,junk,,,,
ia_bim_eighteenth-century_histoire-naturelle-eng_buffon-georges-louis-le_1791,787,0.00758,junk,,,,
ia_bim_eighteenth-century_histoire-naturelle-eng_buffon-georges-louis-le_1791,788,0.05777,junk,,,,
ia_bim_eighteenth-century_histoire-naturelle-eng_buffon-georges-louis-le_1791,789,0.75802,non_junk,internal_essence,0.00171,0.05008,0.94821
ia_bim_eighteenth-century_histoire-naturelle-eng_buffon-georges-louis-le_1791,791,0.01436,junk,,,,
ia_bim_eighteenth-century_histoire-naturelle-eng_buffon-georges-louis-le_1791,794,0.81459,non_junk,internal_essence,0.00548,0.46988,0.52463
ia_bim_eighteenth-century_histoire-naturelle-eng_buffon-georges-louis-le_1791,797,0.07147,junk,,,,
ia_bim_eighteenth-century_histoire-naturelle-eng_buffon-georges-louis-le_1791,798,0.71379,non_junk,internal_essence,0.01141,0.12185,0.86675
ia_bim_eighteenth-century_histoire-naturelle-eng_buffon-georges-louis-le_1791,799,0.46555,junk,,,,
ia_bim_eighteenth-century_histoire-naturelle-eng_buffon-georges-louis-le_1791,800,0.24244,junk,,,,
ia_bim_eighteenth-century_histoire-naturelle-eng_buffon-georges-louis-le_1791,801,0.90509,non_junk,non_divine_teleology,0.00541,0.96583,0.02876
ia_bim_eighteenth-century_histoire-naturelle-eng_buffon-georges-louis-le_1791,802,0.16581,junk,,,,
ia_bim_eighteenth-century_histoire-naturelle-eng_buffon-georges-louis-le_1791,803,0.01234,junk,,,,
ia_bim_eighteenth-century_histoire-naturelle-eng_buffon-georges-louis-le_1791,805,0.95944,non_junk,internal_essence,0.02783,0.25558,0.71659
ia_bim_eighteenth-century_histoire-naturelle-eng_buffon-georges-louis-le_1791,806,0.13362,junk,,,,
ia_bim_eighteenth-century_histoire-naturelle-eng_buffon-georges-louis-le_1791,807,0.39172,junk,,,,
ia_bim_eighteenth-century_histoire-naturelle-eng_buffon-georges-louis-le_1791,808,0.25001,junk,,,,
ia_bim_eighteenth-century_histoire-naturelle-eng_buffon-georges-louis-le_1791,809,0.00526,junk,,,,
ia_bim_eighteenth-century_histoire-naturelle-eng_buffon-georges-louis-le_1791,811,0.00336,junk,,,,
ia_bim_eighteenth-century_histoire-naturelle-eng_buffon-georges-louis-le_1791,813,0.39486,junk,,,,
ia_bim_eighteenth-century_histoire-naturelle-eng_buffon-georges-louis-le_1791,814,0.17866,junk,,,,
ia_bim_eighteenth-century_histoire-naturelle-eng_buffon-georges-louis-le_1791,815,0.69339,non_junk,non_divine_teleology,0.01346,0.70304,0.28349
ia_bim_eighteenth-century_histoire-naturelle-eng_buffon-georges-louis-le_1791,816,0.85939,non_junk,internal_essence,0.00137,0.04874,0.94989
ia_bim_eighteenth-century_histoire-naturelle-eng_buffon-georges-louis-le_1791,817,0.79785,non_junk,internal_essence,0.00777,0.09429,0.89794
ia_bim_eighteenth-century_histoire-naturelle-eng_buffon-georges-louis-le_1791,819,0.09282,junk,,,,
ia_bim_eighteenth-century_histoire-naturelle-eng_buffon-georges-louis-le_1791,821,0.25158,junk,,,,
ia_bim_eighteenth-century_histoire-naturelle-eng_buffon-georges-louis-le_1791,822,0.93655,non_junk,internal_essence,0.00879,0.23589,0.75533
ia_bim_eighteenth-century_histoire-naturelle-eng_buffon-georges-louis-le_1791,823,0.93655,non_junk,internal_essence,0.00879,0.23589,0.75533
ia_bim_eighteenth-century_histoire-naturelle-eng_buffon-georges-louis-le_1791,824,0.06153,junk,,,,
ia_bim_eighteenth-century_histoire-naturelle-eng_buffon-georges-louis-le_1791,825,0.18565,junk,,,,
ia_bim_eighteenth-century_histoire-naturelle-eng_buffon-georges-louis-le_1791,827,0.0058,junk,,,,
ia_bim_eighteenth-century_histoire-naturelle-eng_buffon-georges-louis-le_1791,828,0.10929,junk,,,,
ia_bim_eighteenth-century_histoire-naturelle-eng_buffon-georges-louis-le_1791,830,0.18163,junk,,,,
ia_bim_eighteenth-century_histoire-naturelle-eng_buffon-georges-louis-le_1791,831,0.99689,non_junk,non_divine_teleology,0.00559,0.99058,0.00383
ia_bim_eighteenth-century_histoire-naturelle-eng_buffon-georges-louis-le_1791,835,0.00505,junk,,,,
ia_bim_eighteenth-century_histoire-naturelle-eng_buffon-georges-louis-le_1791,836,0.12125,junk,,,,
ia_bim_eighteenth-century_histoire-naturelle-eng_buffon-georges-louis-le_1791,837,0.11737,junk,,,,
ia_bim_eighteenth-century_histoire-naturelle-eng_buffon-georges-louis-le_1791,838,0.00215,junk,,,,
ia_bim_eighteenth-century_histoire-naturelle-eng_buffon-georges-louis-le_1791,840,0.75679,non_junk,non_divine_teleology,0.02195,0.61375,0.36431
ia_bim_eighteenth-century_histoire-naturelle-eng_buffon-georges-louis-le_1791,841,0.02369,junk,,,,
ia_bim_eighteenth-century_histoire-naturelle-eng_buffon-georges-louis-le_1791,844,0.98941,non_junk,non_divine_teleology,0.0063,0.97989,0.0138
ia_bim_eighteenth-century_histoire-naturelle-eng_buffon-georges-louis-le_1791,845,0.43586,junk,,,,
ia_bim_eighteenth-century_histoire-naturelle-eng_buffon-georges-louis-le_1791,847,0.90823,non_junk,internal_essence,0.01569,0.37971,0.60459
ia_bim_eighteenth-century_histoire-naturelle-eng_buffon-georges-louis-le_1791,850,0.26062,junk,,,,
ia_bim_eighteenth-century_histoire-naturelle-eng_buffon-georges-louis-le_1791,851,0.00335,junk,,,,
ia_bim_eighteenth-century_histoire-naturelle-eng_buffon-georges-louis-le_1791,852,0.03964,junk,,,,
ia_bim_eighteenth-century_histoire-naturelle-eng_buffon-georges-louis-le_1791,856,0.14791,junk,,,,
ia_bim_eighteenth-century_histoire-naturelle-eng_buffon-georges-louis-le_1791,857,0.03927,junk,,,,
ia_bim_eighteenth-century_histoire-naturelle-eng_buffon-georges-louis-le_1791,858,0.9125,non_junk,non_divine_teleology,0.0183,0.57372,0.40798
ia_bim_eighteenth-century_histoire-naturelle-eng_buffon-georges-louis-le_1791,859,0.00131,junk,,,,
ia_bim_eighteenth-century_histoire-naturelle-eng_buffon-georges-louis-le_1791,860,0.55063,non_junk,non_divine_teleology,0.03075,0.94826,0.02099
ia_bim_eighteenth-century_histoire-naturelle-eng_buffon-georges-louis-le_1791,861,0.15677,junk,,,,
ia_bim_eighteenth-century_histoire-naturelle-eng_buffon-georges-louis-le_1791,862,0.00971,junk,,,,
ia_bim_eighteenth-century_histoire-naturelle-eng_buffon-georges-louis-le_1791,863,0.00318,junk,,,,
ia_bim_eighteenth-century_histoire-naturelle-eng_buffon-georges-louis-le_1791,864,0.00037,junk,,,,
ia_bim_eighteenth-century_histoire-naturelle-eng_buffon-georges-louis-le_1791,866,0.99917,non_junk,non_divine_teleology,0.00366,0.98752,0.00882
ia_bim_eighteenth-century_histoire-naturelle-eng_buffon-georges-louis-le_1791,867,0.99939,non_junk,non_divine_teleology,0.01336,0.98119,0.00545
ia_bim_eighteenth-century_histoire-naturelle-eng_buffon-georges-louis-le_1791,868,0.96677,non_junk,non_divine_teleology,0.00462,0.99167,0.00371
ia_bim_eighteenth-century_histoire-naturelle-eng_buffon-georges-louis-le_1791,869,0.99675,non_junk,non_divine_teleology,0.0097,0.97848,0.01182
ia_bim_eighteenth-century_histoire-naturelle-eng_buffon-georges-louis-le_1791,870,0.22623,junk,,,,
ia_bim_eighteenth-century_histoire-naturelle-eng_buffon-georges-louis-le_1791,872,0.00996,junk,,,,
ia_bim_eighteenth-century_histoire-naturelle-eng_buffon-georges-louis-le_1791,873,0.67574,non_junk,non_divine_teleology,0.01453,0.80477,0.1807
ia_bim_eighteenth-century_histoire-naturelle-eng_buffon-georges-louis-le_1791,875,0.00813,junk,,,,
ia_bim_eighteenth-century_histoire-naturelle-eng_buffon-georges-louis-le_1791,876,0.9903,non_junk,non_divine_teleology,0.01474,0.7891,0.19616
ia_bim_eighteenth-century_histoire-naturelle-eng_buffon-georges-louis-le_1791,878,0.97148,non_junk,non_divine_teleology,0.01744,0.80635,0.17621
ia_bim_eighteenth-century_histoire-naturelle-eng_buffon-georges-louis-le_1791,879,0.03546,junk,,,,
ia_bim_eighteenth-century_histoire-naturelle-eng_buffon-georges-louis-le_1791,880,0.00611,junk,,,,
ia_bim_eighteenth-century_histoire-naturelle-eng_buffon-georges-louis-le_1791,881,0.00281,junk,,,,
ia_bim_eighteenth-century_histoire-naturelle-eng_buffon-georges-louis-le_1791,885,0.83163,non_junk,non_divine_teleology,0.02996,0.73142,0.23862
ia_bim_eighteenth-century_histoire-naturelle-eng_buffon-georges-louis-le_1791,887,0.90084,non_junk,non_divine_teleology,0.03084,0.85248,0.11668
ia_bim_eighteenth-century_histoire-naturelle-eng_buffon-georges-louis-le_1791,888,0.96635,non_junk,non_divine_teleology,0.00403,0.98361,0.01236
ia_bim_eighteenth-century_histoire-naturelle-eng_buffon-georges-louis-le_1791,889,0.54351,non_junk,non_divine_teleology,0.01041,0.96932,0.02027
ia_bim_eighteenth-century_histoire-naturelle-eng_buffon-georges-louis-le_1791,890,0.21205,junk,,,,
ia_bim_eighteenth-century_histoire-naturelle-eng_buffon-georges-louis-le_1791,895,0.01337,junk,,,,
ia_bim_eighteenth-century_histoire-naturelle-eng_buffon-georges-louis-le_1791,897,0.00901,junk,,,,
ia_bim_eighteenth-century_histoire-naturelle-eng_buffon-georges-louis-le_1791,899,0.02699,junk,,,,
ia_bim_eighteenth-century_histoire-naturelle-eng_buffon-georges-louis-le_1791,900,0.98949,non_junk,non_divine_teleology,0.01196,0.94139,0.04665
ia_bim_eighteenth-century_histoire-naturelle-eng_buffon-georges-louis-le_1791,901,0.03071,junk,,,,
ia_bim_eighteenth-century_histoire-naturelle-eng_buffon-georges-louis-le_1791,902,0.87538,non_junk,non_divine_teleology,0.00945,0.97879,0.01175
ia_bim_eighteenth-century_histoire-naturelle-eng_buffon-georges-louis-le_1791,903,0.21086,junk,,,,
ia_bim_eighteenth-century_histoire-naturelle-eng_buffon-georges-louis-le_1791,904,0.3422,junk,,,,
ia_bim_eighteenth-century_histoire-naturelle-eng_buffon-georges-louis-le_1791,905,0.81676,non_junk,non_divine_teleology,0.01175,0.77442,0.21383
ia_bim_eighteenth-century_histoire-naturelle-eng_buffon-georges-louis-le_1791,908,0.0371,junk,,,,
ia_bim_eighteenth-century_histoire-naturelle-eng_buffon-georges-louis-le_1791,909,0.55108,non_junk,non_divine_teleology,0.00989,0.74483,0.24528
ia_bim_eighteenth-century_histoire-naturelle-eng_buffon-georges-louis-le_1791,910,0.18731,junk,,,,
ia_bim_eighteenth-century_histoire-naturelle-eng_buffon-georges-louis-le_1791,911,0.01148,junk,,,,
ia_bim_eighteenth-century_histoire-naturelle-eng_buffon-georges-louis-le_1791,912,0.00233,junk,,,,
ia_bim_eighteenth-century_histoire-naturelle-eng_buffon-georges-louis-le_1791,914,0.88388,non_junk,internal_essence,0.0219,0.39664,0.58146
ia_bim_eighteenth-century_histoire-naturelle-eng_buffon-georges-louis-le_1791,915,0.88914,non_junk,non_divine_teleology,0.01536,0.51102,0.47362
ia_bim_eighteenth-century_histoire-naturelle-eng_buffon-georges-louis-le_1791,916,0.01026,junk,,,,
ia_bim_eighteenth-century_histoire-naturelle-eng_buffon-georges-louis-le_1791,918,0.72276,non_junk,non_divine_teleology,0.02723,0.91707,0.0557
ia_bim_eighteenth-century_histoire-naturelle-eng_buffon-georges-louis-le_1791,919,0.13141,junk,,,,
ia_bim_eighteenth-century_histoire-naturelle-eng_buffon-georges-louis-le_1791,920,0.16077,junk,,,,
ia_bim_eighteenth-century_histoire-naturelle-eng_buffon-georges-louis-le_1791,921,0.03492,junk,,,,
ia_bim_eighteenth-century_histoire-naturelle-eng_buffon-georges-louis-le_1791,922,0.26551,junk,,,,
ia_bim_eighteenth-century_histoire-naturelle-eng_buffon-georges-louis-le_1791,923,0.91195,non_junk,non_divine_teleology,0.01831,0.95441,0.02729
ia_bim_eighteenth-century_histoire-naturelle-eng_buffon-georges-louis-le_1791,926,0.08064,junk,,,,
ia_bim_eighteenth-century_histoire-naturelle-eng_buffon-georges-louis-le_1791,928,0.01299,junk,,,,
ia_bim_eighteenth-century_histoire-naturelle-eng_buffon-georges-louis-le_1791,930,0.01299,junk,,,,
ia_bim_eighteenth-century_histoire-naturelle-eng_buffon-georges-louis-le_1791,932,0.95967,non_junk,non_divine_teleology,0.01728,0.97481,0.00791
ia_bim_eighteenth-century_histoire-naturelle-eng_buffon-georges-louis-le_1791,933,0.70407,non_junk,non_divine_teleology,0.00734,0.98557,0.00709
ia_bim_eighteenth-century_histoire-naturelle-eng_buffon-georges-louis-le_1791,934,0.71985,non_junk,non_divine_teleology,0.0032,0.98241,0.01439
ia_bim_eighteenth-century_histoire-naturelle-eng_buffon-georges-louis-le_1791,935,0.98609,non_junk,non_divine_teleology,0.00304,0.98549,0.01148
ia_bim_eighteenth-century_histoire-naturelle-eng_buffon-georges-louis-le_1791,937,0.0091,junk,,,,
ia_bim_eighteenth-century_histoire-naturelle-eng_buffon-georges-louis-le_1791,946,0.16559,junk,,,,
ia_bim_eighteenth-century_histoire-naturelle-eng_buffon-georges-louis-le_1791,947,0.38919,junk,,,,
ia_bim_eighteenth-century_histoire-naturelle-eng_buffon-georges-louis-le_1791,948,0.00642,junk,,,,
ia_bim_eighteenth-century_histoire-naturelle-eng_buffon-georges-louis-le_1791,949,0.00023,junk,,,,
ia_bim_eighteenth-century_histoire-naturelle-eng_buffon-georges-louis-le_1791,950,0.05456,junk,,,,
ia_bim_eighteenth-century_histoire-naturelle-eng_buffon-georges-louis-le_1791,953,0.99789,non_junk,non_divine_teleology,0.04215,0.85381,0.10404
ia_bim_eighteenth-century_histoire-naturelle-eng_buffon-georges-louis-le_1791,954,0.99784,non_junk,non_divine_teleology,0.00881,0.96602,0.02517
ia_bim_eighteenth-century_histoire-naturelle-eng_buffon-georges-louis-le_1791,955,0.41617,junk,,,,
ia_bim_eighteenth-century_histoire-naturelle-eng_buffon-georges-louis-le_1791,957,0.03651,junk,,,,
ia_bim_eighteenth-century_histoire-naturelle-eng_buffon-georges-louis-le_1791,958,0.03046,junk,,,,
ia_bim_eighteenth-century_histoire-naturelle-eng_buffon-georges-louis-le_1791,960,0.02314,junk,,,,
ia_bim_eighteenth-century_histoire-naturelle-eng_buffon-georges-louis-le_1791,961,0.00075,junk,,,,
ia_bim_eighteenth-century_histoire-naturelle-eng_buffon-georges-louis-le_1791,965,0.00075,junk,,,,
ia_bim_eighteenth-century_histoire-naturelle-eng_buffon-georges-louis-le_1791,966,0.01224,junk,,,,
ia_bim_eighteenth-century_histoire-naturelle-eng_buffon-georges-louis-le_1791,968,0.94824,non_junk,non_divine_teleology,0.01491,0.9763,0.00879
ia_bim_eighteenth-century_histoire-naturelle-eng_buffon-georges-louis-le_1791,969,0.00062,junk,,,,
ia_bim_eighteenth-century_histoire-naturelle-eng_buffon-georges-louis-le_1791,971,0.08971,junk,,,,
ia_bim_eighteenth-century_histoire-naturelle-eng_buffon-georges-louis-le_1791,972,0.57437,non_junk,non_divine_teleology,0.01539,0.87651,0.1081
ia_bim_eighteenth-century_histoire-naturelle-eng_buffon-georges-louis-le_1791,974,0.67193,non_junk,non_divine_teleology,0.00118,0.99451,0.00431
ia_bim_eighteenth-century_histoire-naturelle-eng_buffon-georges-louis-le_1791,975,0.89239,non_junk,non_divine_teleology,0.01628,0.93796,0.04577
ia_bim_eighteenth-century_histoire-naturelle-eng_buffon-georges-louis-le_1791,976,0.89879,non_junk,non_divine_teleology,0.01965,0.95855,0.0218
ia_bim_eighteenth-century_histoire-naturelle-eng_buffon-georges-louis-le_1791,977,0.04103,junk,,,,
ia_bim_eighteenth-century_histoire-naturelle-eng_buffon-georges-louis-le_1791,981,0.94406,non_junk,non_divine_teleology,0.01562,0.91255,0.07183
ia_bim_eighteenth-century_histoire-naturelle-eng_buffon-georges-louis-le_1791,983,0.00011,junk,,,,
ia_bim_eighteenth-century_histoire-naturelle-eng_buffon-georges-louis-le_1791,986,0.01156,junk,,,,
ia_bim_eighteenth-century_histoire-naturelle-eng_buffon-georges-louis-le_1791,987,0.42045,junk,,,,
ia_bim_eighteenth-century_histoire-naturelle-eng_buffon-georges-louis-le_1791,988,0.00013,junk,,,,
ia_bim_eighteenth-century_histoire-naturelle-eng_buffon-georges-louis-le_1791,990,0.26677,junk,,,,
ia_bim_eighteenth-century_histoire-naturelle-eng_buffon-georges-louis-le_1791,991,0.00868,junk,,,,
ia_bim_eighteenth-century_histoire-naturelle-eng_buffon-georges-louis-le_1791,992,0.00327,junk,,,,
ia_bim_eighteenth-century_histoire-naturelle-eng_buffon-georges-louis-le_1791,994,0.39241,junk,,,,
ia_bim_eighteenth-century_histoire-naturelle-eng_buffon-georges-louis-le_1791,995,0.09702,junk,,,,
ia_bim_eighteenth-century_histoire-naturelle-eng_buffon-georges-louis-le_1791,997,0.11051,junk,,,,
ia_bim_eighteenth-century_histoire-naturelle-eng_buffon-georges-louis-le_1791,998,0.11109,junk,,,,
ia_bim_eighteenth-century_histoire-naturelle-eng_buffon-georges-louis-le_1791,999,0.05976,junk,,,,
ia_bim_eighteenth-century_histoire-naturelle-eng_buffon-georges-louis-le_1791,1000,0.10472,junk,,,,
ia_bim_eighteenth-century_histoire-naturelle-eng_buffon-georges-louis-le_1791,1001,0.00412,junk,,,,
ia_bim_eighteenth-century_histoire-naturelle-eng_buffon-georges-louis-le_1791,1002,0.02419,junk,,,,
ia_bim_eighteenth-century_histoire-naturelle-eng_buffon-georges-louis-le_1791,1003,0.06875,junk,,,,
ia_bim_eighteenth-century_histoire-naturelle-eng_buffon-georges-louis-le_1791,1005,0.78073,non_junk,non_divine_teleology,0.00645,0.94174,0.05181
ia_bim_eighteenth-century_histoire-naturelle-eng_buffon-georges-louis-le_1791,1006,0.02672,junk,,,,
ia_bim_eighteenth-century_histoire-naturelle-eng_buffon-georges-louis-le_1791,1007,0.00608,junk,,,,
ia_bim_eighteenth-century_histoire-naturelle-eng_buffon-georges-louis-le_1791,1009,0.12376,junk,,,,
ia_bim_eighteenth-century_histoire-naturelle-eng_buffon-georges-louis-le_1791,1010,0.46674,junk,,,,
ia_bim_eighteenth-century_histoire-naturelle-eng_buffon-georges-louis-le_1791,1012,0.44538,junk,,,,
ia_bim_eighteenth-century_histoire-naturelle-eng_buffon-georges-louis-le_1791,1014,0.01455,junk,,,,
ia_bim_eighteenth-century_histoire-naturelle-eng_buffon-georges-louis-le_1791,1015,0.00444,junk,,,,
ia_bim_eighteenth-century_histoire-naturelle-eng_buffon-georges-louis-le_1791,1016,0.10803,junk,,,,
ia_bim_eighteenth-century_histoire-naturelle-eng_buffon-georges-louis-le_1791,1018,0.00285,junk,,,,
ia_bim_eighteenth-century_histoire-naturelle-eng_buffon-georges-louis-le_1791,1019,0.03226,junk,,,,
ia_bim_eighteenth-century_histoire-naturelle-eng_buffon-georges-louis-le_1791,1020,0.06802,junk,,,,
ia_bim_eighteenth-century_histoire-naturelle-eng_buffon-georges-louis-le_1791,1023,0.00127,junk,,,,
ia_bim_eighteenth-century_histoire-naturelle-eng_buffon-georges-louis-le_1791,1024,0.02429,junk,,,,
ia_bim_eighteenth-century_histoire-naturelle-eng_buffon-georges-louis-le_1791,1025,0.02183,junk,,,,
ia_bim_eighteenth-century_histoire-naturelle-eng_buffon-georges-louis-le_1791,1026,0.99274,non_junk,non_divine_teleology,0.01198,0.94709,0.04092
ia_bim_eighteenth-century_histoire-naturelle-eng_buffon-georges-louis-le_1791,1027,0.92797,non_junk,non_divine_teleology,0.02386,0.8363,0.13984
ia_bim_eighteenth-century_histoire-naturelle-eng_buffon-georges-louis-le_1791,1028,0.99702,non_junk,non_divine_teleology,0.01143,0.87769,0.11088
ia_bim_eighteenth-century_histoire-naturelle-eng_buffon-georges-louis-le_1791,1030,0.35581,junk,,,,
ia_bim_eighteenth-century_histoire-naturelle-eng_buffon-georges-louis-le_1791,1031,0.31434,junk,,,,
ia_bim_eighteenth-century_histoire-naturelle-eng_buffon-georges-louis-le_1791,1033,0.73269,non_junk,internal_essence,0.00259,0.04324,0.95418
ia_bim_eighteenth-century_histoire-naturelle-eng_buffon-georges-louis-le_1791,1034,0.013,junk,,,,
ia_bim_eighteenth-century_histoire-naturelle-eng_buffon-georges-louis-le_1791,1035,0.0006,junk,,,,
ia_bim_eighteenth-century_histoire-naturelle-eng_buffon-georges-louis-le_1791,1037,0.45338,junk,,,,
ia_bim_eighteenth-century_histoire-naturelle-eng_buffon-georges-louis-le_1791,1040,0.80541,non_junk,non_divine_teleology,0.01198,0.91097,0.07705
ia_bim_eighteenth-century_histoire-naturelle-eng_buffon-georges-louis-le_1791,1041,0.00302,junk,,,,
ia_bim_eighteenth-century_histoire-naturelle-eng_buffon-georges-louis-le_1791,1042,0.00052,junk,,,,
ia_bim_eighteenth-century_histoire-naturelle-eng_buffon-georges-louis-le_1791,1045,0.00389,junk,,,,
ia_bim_eighteenth-century_histoire-naturelle-eng_buffon-georges-louis-le_1791,1046,0.16509,junk,,,,
ia_bim_eighteenth-century_histoire-naturelle-eng_buffon-georges-louis-le_1791,1047,0.02084,junk,,,,
ia_bim_eighteenth-century_histoire-naturelle-eng_buffon-georges-louis-le_1791,1051,0.09459,junk,,,,
ia_bim_eighteenth-century_histoire-naturelle-eng_buffon-georges-louis-le_1791,1052,0.05292,junk,,,,
ia_bim_eighteenth-century_histoire-naturelle-eng_buffon-georges-louis-le_1791,1053,0.84435,non_junk,non_divine_teleology,0.00449,0.97497,0.02054
ia_bim_eighteenth-century_histoire-naturelle-eng_buffon-georges-louis-le_1791,1055,0.43639,junk,,,,
ia_bim_eighteenth-century_histoire-naturelle-eng_buffon-georges-louis-le_1791,1056,0.38453,junk,,,,
ia_bim_eighteenth-century_histoire-naturelle-eng_buffon-georges-louis-le_1791,1057,0.15235,junk,,,,
ia_bim_eighteenth-century_histoire-naturelle-eng_buffon-georges-louis-le_1791,1059,0.01921,junk,,,,
ia_bim_eighteenth-century_histoire-naturelle-eng_buffon-georges-louis-le_1791,1060,0.00939,junk,,,,
ia_bim_eighteenth-century_histoire-naturelle-eng_buffon-georges-louis-le_1791,1064,0.8141,non_junk,non_divine_teleology,0.0126,0.74845,0.23895
ia_bim_eighteenth-century_histoire-naturelle-eng_buffon-georges-louis-le_1791,1068,0.01688,junk,,,,
ia_bim_eighteenth-century_histoire-naturelle-eng_buffon-georges-louis-le_1791,1069,0.03684,junk,,,,
ia_bim_eighteenth-century_histoire-naturelle-eng_buffon-georges-louis-le_1791,1073,0.00142,junk,,,,
ia_bim_eighteenth-century_histoire-naturelle-eng_buffon-georges-louis-le_1791,1075,0.0005,junk,,,,
ia_bim_eighteenth-century_histoire-naturelle-eng_buffon-georges-louis-le_1791,1076,0.99617,non_junk,non_divine_teleology,0.02171,0.85437,0.12392
ia_bim_eighteenth-century_histoire-naturelle-eng_buffon-georges-louis-le_1791,1078,0.88536,non_junk,non_divine_teleology,0.00895,0.88757,0.10349
ia_bim_eighteenth-century_histoire-naturelle-eng_buffon-georges-louis-le_1791,1079,0.03683,junk,,,,
ia_bim_eighteenth-century_histoire-naturelle-eng_buffon-georges-louis-le_1791,1080,0.00314,junk,,,,
ia_bim_eighteenth-century_histoire-naturelle-eng_buffon-georges-louis-le_1791,1081,0.00455,junk,,,,
ia_bim_eighteenth-century_histoire-naturelle-eng_buffon-georges-louis-le_1791,1082,0.04053,junk,,,,
ia_bim_eighteenth-century_histoire-naturelle-eng_buffon-georges-louis-le_1791,1083,0.03705,junk,,,,
ia_bim_eighteenth-century_histoire-naturelle-eng_buffon-georges-louis-le_1791,1085,0.89627,non_junk,non_divine_teleology,0.00833,0.98606,0.00561
ia_bim_eighteenth-century_histoire-naturelle-eng_buffon-georges-louis-le_1791,1086,0.07785,junk,,,,
ia_bim_eighteenth-century_histoire-naturelle-eng_buffon-georges-louis-le_1791,1087,0.07079,junk,,,,
ia_bim_eighteenth-century_histoire-naturelle-eng_buffon-georges-louis-le_1791,1089,0.13377,junk,,,,
ia_bim_eighteenth-century_histoire-naturelle-eng_buffon-georges-louis-le_1791,1090,0.02727,junk,,,,
ia_bim_eighteenth-century_histoire-naturelle-eng_buffon-georges-louis-le_1791,1092,0.47051,junk,,,,
ia_bim_eighteenth-century_histoire-naturelle-eng_buffon-georges-louis-le_1791,1093,0.99446,non_junk,non_divine_teleology,0.00363,0.99229,0.00407
ia_bim_eighteenth-century_histoire-naturelle-eng_buffon-georges-louis-le_1791,1094,8e-05,junk,,,,
ia_bim_eighteenth-century_histoire-naturelle-eng_buffon-georges-louis-le_1791,1095,0.89054,non_junk,non_divine_teleology,0.00151,0.98678,0.01171
ia_bim_eighteenth-century_histoire-naturelle-eng_buffon-georges-louis-le_1791,1097,0.03494,junk,,,,
ia_bim_eighteenth-century_histoire-naturelle-eng_buffon-georges-louis-le_1791,1098,0.00548,junk,,,,
ia_bim_eighteenth-century_histoire-naturelle-eng_buffon-georges-louis-le_1791,1099,0.98685,non_junk,non_divine_teleology,0.08531,0.89745,0.01723
ia_bim_eighteenth-century_histoire-naturelle-eng_buffon-georges-louis-le_1791,1102,0.00039,junk,,,,
ia_bim_eighteenth-century_histoire-naturelle-eng_buffon-georges-louis-le_1791,1103,0.00041,junk,,,,
ia_bim_eighteenth-century_histoire-naturelle-eng_buffon-georges-louis-le_1791,1104,0.03664,junk,,,,
ia_bim_eighteenth-century_histoire-naturelle-eng_buffon-georges-louis-le_1791,1105,0.81312,non_junk,non_divine_teleology,0.018,0.66058,0.32142
ia_bim_eighteenth-century_histoire-naturelle-eng_buffon-georges-louis-le_1791,1106,0.02013,junk,,,,
ia_bim_eighteenth-century_histoire-naturelle-eng_buffon-georges-louis-le_1791,1107,0.81312,non_junk,non_divine_teleology,0.018,0.66058,0.32142
ia_bim_eighteenth-century_histoire-naturelle-eng_buffon-georges-louis-le_1791,1109,0.00063,junk,,,,
ia_bim_eighteenth-century_histoire-naturelle-eng_buffon-georges-louis-le_1791,1111,0.0418,junk,,,,
ia_bim_eighteenth-century_histoire-naturelle-eng_buffon-georges-louis-le_1791,1112,0.00074,junk,,,,
ia_bim_eighteenth-century_histoire-naturelle-eng_buffon-georges-louis-le_1791,1113,0.11346,junk,,,,
ia_bim_eighteenth-century_histoire-naturelle-eng_buffon-georges-louis-le_1791,1115,0.93572,non_junk,non_divine_teleology,0.01749,0.97917,0.00333
ia_bim_eighteenth-century_histoire-naturelle-eng_buffon-georges-louis-le_1791,1117,0.14655,junk,,,,
ia_bim_eighteenth-century_histoire-naturelle-eng_buffon-georges-louis-le_1791,1120,0.00102,junk,,,,
ia_bim_eighteenth-century_histoire-naturelle-eng_buffon-georges-louis-le_1791,1122,0.12818,junk,,,,
ia_bim_eighteenth-century_histoire-naturelle-eng_buffon-georges-louis-le_1791,1123,0.60754,non_junk,non_divine_teleology,0.01762,0.88465,0.09773
ia_bim_eighteenth-century_histoire-naturelle-eng_buffon-georges-louis-le_1791,1124,0.12784,junk,,,,
ia_bim_eighteenth-century_histoire-naturelle-eng_buffon-georges-louis-le_1791,1126,0.25187,junk,,,,
ia_bim_eighteenth-century_histoire-naturelle-eng_buffon-georges-louis-le_1791,1127,0.99875,non_junk,non_divine_teleology,0.01971,0.92708,0.05321
ia_bim_eighteenth-century_histoire-naturelle-eng_buffon-georges-louis-le_1791,1128,0.00014,junk,,,,
ia_bim_eighteenth-century_histoire-naturelle-eng_buffon-georges-louis-le_1791,1129,0.2248,junk,,,,
ia_bim_eighteenth-century_histoire-naturelle-eng_buffon-georges-louis-le_1791,1131,0.17292,junk,,,,
ia_bim_eighteenth-century_histoire-naturelle-eng_buffon-georges-louis-le_1791,1134,0.33665,junk,,,,
ia_bim_eighteenth-century_histoire-naturelle-eng_buffon-georges-louis-le_1791,1138,0.00894,junk,,,,
ia_bim_eighteenth-century_histoire-naturelle-eng_buffon-georges-louis-le_1791,1140,0.95476,non_junk,non_divine_teleology,0.05418,0.86309,0.08273
ia_bim_eighteenth-century_histoire-naturelle-eng_buffon-georges-louis-le_1791,1141,0.39999,junk,,,,
ia_bim_eighteenth-century_histoire-naturelle-eng_buffon-georges-louis-le_1791,1142,0.00812,junk,,,,
ia_bim_eighteenth-century_histoire-naturelle-eng_buffon-georges-louis-le_1791,1143,0.17116,junk,,,,
ia_bim_eighteenth-century_histoire-naturelle-eng_buffon-georges-louis-le_1791,1144,0.06648,junk,,,,
ia_bim_eighteenth-century_histoire-naturelle-eng_buffon-georges-louis-le_1791,1145,0.10953,junk,,,,
ia_bim_eighteenth-century_histoire-naturelle-eng_buffon-georges-louis-le_1791,1146,0.07305,junk,,,,
ia_bim_eighteenth-century_histoire-naturelle-eng_buffon-georges-louis-le_1791,1153,0.84678,non_junk,non_divine_teleology,0.0111,0.97748,0.01142
ia_bim_eighteenth-century_histoire-naturelle-eng_buffon-georges-louis-le_1791,1154,0.04555,junk,,,,
ia_bim_eighteenth-century_histoire-naturelle-eng_buffon-georges-louis-le_1791,1156,0.00698,junk,,,,
ia_bim_eighteenth-century_histoire-naturelle-eng_buffon-georges-louis-le_1791,1157,0.02991,junk,,,,
ia_bim_eighteenth-century_histoire-naturelle-eng_buffon-georges-louis-le_1791,1158,0.0621,junk,,,,
ia_bim_eighteenth-century_histoire-naturelle-eng_buffon-georges-louis-le_1791,1160,0.05524,junk,,,,
ia_bim_eighteenth-century_histoire-naturelle-eng_buffon-georges-louis-le_1791,1164,0.04465,junk,,,,
ia_bim_eighteenth-century_histoire-naturelle-eng_buffon-georges-louis-le_1791,1165,0.99442,non_junk,non_divine_teleology,0.00622,0.95165,0.04213
ia_bim_eighteenth-century_histoire-naturelle-eng_buffon-georges-louis-le_1791,1166,0.01723,junk,,,,
ia_bim_eighteenth-century_histoire-naturelle-eng_buffon-georges-louis-le_1791,1170,0.09328,junk,,,,
ia_bim_eighteenth-century_histoire-naturelle-eng_buffon-georges-louis-le_1791,1171,0.74783,non_junk,non_divine_teleology,0.01738,0.87901,0.1036
ia_bim_eighteenth-century_histoire-naturelle-eng_buffon-georges-louis-le_1791,1172,0.48363,junk,,,,
ia_bim_eighteenth-century_histoire-naturelle-eng_buffon-georges-louis-le_1791,1175,0.0348,junk,,,,
ia_bim_eighteenth-century_histoire-naturelle-eng_buffon-georges-louis-le_1791,1176,0.16466,junk,,,,
ia_bim_eighteenth-century_histoire-naturelle-eng_buffon-georges-louis-le_1791,1179,0.54249,non_junk,non_divine_teleology,0.02074,0.96598,0.01328
ia_bim_eighteenth-century_histoire-naturelle-eng_buffon-georges-louis-le_1791,1180,0.00456,junk,,,,
ia_bim_eighteenth-century_histoire-naturelle-eng_buffon-georges-louis-le_1791,1181,0.30525,junk,,,,
ia_bim_eighteenth-century_histoire-naturelle-eng_buffon-georges-louis-le_1791,1182,0.0131,junk,,,,
ia_bim_eighteenth-century_histoire-naturelle-eng_buffon-georges-louis-le_1791,1183,0.05317,junk,,,,
ia_bim_eighteenth-century_histoire-naturelle-eng_buffon-georges-louis-le_1791,1185,0.02363,junk,,,,
ia_bim_eighteenth-century_histoire-naturelle-eng_buffon-georges-louis-le_1791,1186,0.88731,non_junk,non_divine_teleology,0.01217,0.9621,0.02573
ia_bim_eighteenth-century_histoire-naturelle-eng_buffon-georges-louis-le_1791,1187,0.00837,junk,,,,
ia_bim_eighteenth-century_histoire-naturelle-eng_buffon-georges-louis-le_1791,1188,0.01475,junk,,,,
ia_bim_eighteenth-century_histoire-naturelle-eng_buffon-georges-louis-le_1791,1189,0.00837,junk,,,,
ia_bim_eighteenth-century_histoire-naturelle-eng_buffon-georges-louis-le_1791,1192,0.11433,junk,,,,
ia_bim_eighteenth-century_histoire-naturelle-eng_buffon-georges-louis-le_1791,1193,0.03417,junk,,,,
ia_bim_eighteenth-century_histoire-naturelle-eng_buffon-georges-louis-le_1791,1197,0.11433,junk,,,,
ia_bim_eighteenth-century_histoire-naturelle-eng_buffon-georges-louis-le_1791,1200,5e-05,junk,,,,
ia_bim_eighteenth-century_histoire-naturelle-eng_buffon-georges-louis-le_1791,1201,0.0097,junk,,,,
ia_bim_eighteenth-century_histoire-naturelle-eng_buffon-georges-louis-le_1791,1202,0.01064,junk,,,,
ia_bim_eighteenth-century_histoire-naturelle-eng_buffon-georges-louis-le_1791,1205,0.00046,junk,,,,
ia_bim_eighteenth-century_histoire-naturelle-eng_buffon-georges-louis-le_1791,1206,0.05019,junk,,,,
ia_bim_eighteenth-century_histoire-naturelle-eng_buffon-georges-louis-le_1791,1207,0.00133,junk,,,,
ia_bim_eighteenth-century_histoire-naturelle-eng_buffon-georges-louis-le_1791,1209,0.00402,junk,,,,
ia_bim_eighteenth-century_histoire-naturelle-eng_buffon-georges-louis-le_1791,1210,7e-05,junk,,,,
ia_bim_eighteenth-century_histoire-naturelle-eng_buffon-georges-louis-le_1791,1211,0.7574,non_junk,non_divine_teleology,0.00941,0.9625,0.02809
ia_bim_eighteenth-century_histoire-naturelle-eng_buffon-georges-louis-le_1791,1212,0.02624,junk,,,,
ia_bim_eighteenth-century_histoire-naturelle-eng_buffon-georges-louis-le_1791,1213,0.00116,junk,,,,
ia_bim_eighteenth-century_histoire-naturelle-eng_buffon-georges-louis-le_1791,1214,0.10262,junk,,,,
ia_bim_eighteenth-century_histoire-naturelle-eng_buffon-georges-louis-le_1791,1215,0.006,junk,,,,
ia_bim_eighteenth-century_histoire-naturelle-eng_buffon-georges-louis-le_1791,1217,0.00012,junk,,,,
ia_bim_eighteenth-century_histoire-naturelle-eng_buffon-georges-louis-le_1791,1218,0.97393,non_junk,non_divine_teleology,0.01461,0.92768,0.05771
ia_bim_eighteenth-century_histoire-naturelle-eng_buffon-georges-louis-le_1791,1219,0.00106,junk,,,,
ia_bim_eighteenth-century_histoire-naturelle-eng_buffon-georges-louis-le_1791,1221,0.00124,junk,,,,
ia_bim_eighteenth-century_histoire-naturelle-eng_buffon-georges-louis-le_1791,1222,0.91626,non_junk,non_divine_teleology,0.01121,0.96779,0.02101
ia_bim_eighteenth-century_histoire-naturelle-eng_buffon-georges-louis-le_1791,1224,0.59442,non_junk,non_divine_teleology,0.01525,0.96567,0.01908
ia_bim_eighteenth-century_histoire-naturelle-eng_buffon-georges-louis-le_1791,1226,0.02711,junk,,,,
ia_bim_eighteenth-century_histoire-naturelle-eng_buffon-georges-louis-le_1791,1229,0.0084,junk,,,,
ia_bim_eighteenth-century_histoire-naturelle-eng_buffon-georges-louis-le_1791,1230,0.86123,non_junk,non_divine_teleology,0.01645,0.96422,0.01932
ia_bim_eighteenth-century_histoire-naturelle-eng_buffon-georges-louis-le_1791,1232,0.0084,junk,,,,
ia_bim_eighteenth-century_histoire-naturelle-eng_buffon-georges-louis-le_1791,1233,0.08444,junk,,,,
ia_bim_eighteenth-century_histoire-naturelle-eng_buffon-georges-louis-le_1791,1235,0.01698,junk,,,,
ia_bim_eighteenth-century_histoire-naturelle-eng_buffon-georges-louis-le_1791,1236,0.02781,junk,,,,
ia_bim_eighteenth-century_histoire-naturelle-eng_buffon-georges-louis-le_1791,1238,0.00015,junk,,,,
ia_bim_eighteenth-century_histoire-naturelle-eng_buffon-georges-louis-le_1791,1239,0.9332,non_junk,non_divine_teleology,0.04545,0.91653,0.03802
ia_bim_eighteenth-century_histoire-naturelle-eng_buffon-georges-louis-le_1791,1241,0.71651,non_junk,non_divine_teleology,0.02801,0.9649,0.00709
ia_bim_eighteenth-century_histoire-naturelle-eng_buffon-georges-louis-le_1791,1243,0.98776,non_junk,non_divine_teleology,0.05323,0.92663,0.02014
ia_bim_eighteenth-century_histoire-naturelle-eng_buffon-georges-louis-le_1791,1246,0.98776,non_junk,non_divine_teleology,0.05323,0.92663,0.02014
ia_bim_eighteenth-century_histoire-naturelle-eng_buffon-georges-louis-le_1791,1247,0.99013,non_junk,non_divine_teleology,0.00636,0.9762,0.01744
ia_bim_eighteenth-century_histoire-naturelle-eng_buffon-georges-louis-le_1791,1248,0.94651,non_junk,non_divine_teleology,0.00152,0.98138,0.0171
ia_bim_eighteenth-century_histoire-naturelle-eng_buffon-georges-louis-le_1791,1249,0.17328,junk,,,,
ia_bim_eighteenth-century_histoire-naturelle-eng_buffon-georges-louis-le_1791,1250,0.02949,junk,,,,
ia_bim_eighteenth-century_histoire-naturelle-eng_buffon-georges-louis-le_1791,1252,0.01581,junk,,,,
ia_bim_eighteenth-century_histoire-naturelle-eng_buffon-georges-louis-le_1791,1253,0.00366,junk,,,,
ia_bim_eighteenth-century_histoire-naturelle-eng_buffon-georges-louis-le_1791,1254,0.99996,non_junk,non_divine_teleology,0.00077,0.9973,0.00193
ia_bim_eighteenth-century_histoire-naturelle-eng_buffon-georges-louis-le_1791,1255,0.9978,non_junk,non_divine_teleology,0.00188,0.96887,0.02925
ia_bim_eighteenth-century_histoire-naturelle-eng_buffon-georges-louis-le_1791,1256,0.99996,non_junk,non_divine_teleology,0.00077,0.9973,0.00193
ia_bim_eighteenth-century_histoire-naturelle-eng_buffon-georges-louis-le_1791,1258,0.99683,non_junk,non_divine_teleology,0.01694,0.9488,0.03426
ia_bim_eighteenth-century_histoire-naturelle-eng_buffon-georges-louis-le_1791,1260,0.9458,non_junk,non_divine_teleology,0.01296,0.97568,0.01135
ia_bim_eighteenth-century_histoire-naturelle-eng_buffon-georges-louis-le_1791,1263,0.00544,junk,,,,
ia_bim_eighteenth-century_histoire-naturelle-eng_buffon-georges-louis-le_1791,1264,0.37878,junk,,,,
ia_bim_eighteenth-century_histoire-naturelle-eng_buffon-georges-louis-le_1791,1265,0.20244,junk,,,,
ia_bim_eighteenth-century_histoire-naturelle-eng_buffon-georges-louis-le_1791,1266,0.00056,junk,,,,
ia_bim_eighteenth-century_histoire-naturelle-eng_buffon-georges-louis-le_1791,1267,0.00183,junk,,,,
ia_bim_eighteenth-century_histoire-naturelle-eng_buffon-georges-louis-le_1791,1268,0.02213,junk,,,,
ia_bim_eighteenth-century_histoire-naturelle-eng_buffon-georges-louis-le_1791,1272,0.0128,junk,,,,
ia_bim_eighteenth-century_histoire-naturelle-eng_buffon-georges-louis-le_1791,1273,0.16128,junk,,,,
ia_bim_eighteenth-century_histoire-naturelle-eng_buffon-georges-louis-le_1791,1274,0.4132,junk,,,,
ia_bim_eighteenth-century_histoire-naturelle-eng_buffon-georges-louis-le_1791,1275,0.41635,junk,,,,
ia_bim_eighteenth-century_histoire-naturelle-eng_buffon-georges-louis-le_1791,1276,0.02117,junk,,,,
ia_bim_eighteenth-century_histoire-naturelle-eng_buffon-georges-louis-le_1791,1277,0.34889,junk,,,,
ia_bim_eighteenth-century_histoire-naturelle-eng_buffon-georges-louis-le_1791,1281,0.00365,junk,,,,
ia_bim_eighteenth-century_histoire-naturelle-eng_buffon-georges-louis-le_1791,1282,0.04427,junk,,,,
ia_bim_eighteenth-century_histoire-naturelle-eng_buffon-georges-louis-le_1791,1283,0.00456,junk,,,,
ia_bim_eighteenth-century_histoire-naturelle-eng_buffon-georges-louis-le_1791,1284,0.04736,junk,,,,
ia_bim_eighteenth-century_histoire-naturelle-eng_buffon-georges-louis-le_1791,1286,0.97993,non_junk,non_divine_teleology,0.00917,0.95574,0.0351
ia_bim_eighteenth-century_histoire-naturelle-eng_buffon-georges-louis-le_1791,1287,0.00028,junk,,,,
ia_bim_eighteenth-century_histoire-naturelle-eng_buffon-georges-louis-le_1791,1288,0.82636,non_junk,non_divine_teleology,0.00427,0.9901,0.00563
ia_bim_eighteenth-century_histoire-naturelle-eng_buffon-georges-louis-le_1791,1289,0.21564,junk,,,,
ia_bim_eighteenth-century_histoire-naturelle-eng_buffon-georges-louis-le_1791,1291,0.21564,junk,,,,
ia_bim_eighteenth-century_histoire-naturelle-eng_buffon-georges-louis-le_1791,1294,0.99563,non_junk,non_divine_teleology,0.00589,0.95519,0.03892
ia_bim_eighteenth-century_histoire-naturelle-eng_buffon-georges-louis-le_1791,1297,0.36431,junk,,,,
ia_bim_eighteenth-century_histoire-naturelle-eng_buffon-georges-louis-le_1791,1299,0.26524,junk,,,,
ia_bim_eighteenth-century_histoire-naturelle-eng_buffon-georges-louis-le_1791,1300,0.31884,junk,,,,
ia_bim_eighteenth-century_histoire-naturelle-eng_buffon-georges-louis-le_1791,1302,0.0058,junk,,,,
ia_bim_eighteenth-century_histoire-naturelle-eng_buffon-georges-louis-le_1791,1303,0.15785,junk,,,,
ia_bim_eighteenth-century_histoire-naturelle-eng_buffon-georges-louis-le_1791,1305,0.00114,junk,,,,
ia_bim_eighteenth-century_histoire-naturelle-eng_buffon-georges-louis-le_1791,1306,0.00084,junk,,,,
ia_bim_eighteenth-century_histoire-naturelle-eng_buffon-georges-louis-le_1791,1307,0.01986,junk,,,,
ia_bim_eighteenth-century_histoire-naturelle-eng_buffon-georges-louis-le_1791,1308,0.47871,junk,,,,
ia_bim_eighteenth-century_histoire-naturelle-eng_buffon-georges-louis-le_1791,1309,0.4413,junk,,,,
ia_bim_eighteenth-century_histoire-naturelle-eng_buffon-georges-louis-le_1791,1310,0.1477,junk,,,,
ia_bim_eighteenth-century_histoire-naturelle-eng_buffon-georges-louis-le_1791,1311,0.0726,junk,,,,
ia_bim_eighteenth-century_histoire-naturelle-eng_buffon-georges-louis-le_1791,1312,0.0016,junk,,,,
ia_bim_eighteenth-century_histoire-naturelle-eng_buffon-georges-louis-le_1791,1313,0.00154,junk,,,,
ia_bim_eighteenth-century_histoire-naturelle-eng_buffon-georges-louis-le_1791,1315,0.01544,junk,,,,
ia_bim_eighteenth-century_histoire-naturelle-eng_buffon-georges-louis-le_1791,1317,0.00583,junk,,,,
ia_bim_eighteenth-century_histoire-naturelle-eng_buffon-georges-louis-le_1791,1319,0.92618,non_junk,non_divine_teleology,0.04012,0.90276,0.05712
ia_bim_eighteenth-century_histoire-naturelle-eng_buffon-georges-louis-le_1791,1320,0.45602,junk,,,,
ia_bim_eighteenth-century_histoire-naturelle-eng_buffon-georges-louis-le_1791,1322,0.99646,non_junk,non_divine_teleology,0.01071,0.96431,0.02498
ia_bim_eighteenth-century_histoire-naturelle-eng_buffon-georges-louis-le_1791,1323,0.00303,junk,,,,
ia_bim_eighteenth-century_histoire-naturelle-eng_buffon-georges-louis-le_1791,1324,0.21728,junk,,,,
ia_bim_eighteenth-century_histoire-naturelle-eng_buffon-georges-louis-le_1791,1325,0.00332,junk,,,,
ia_bim_eighteenth-century_histoire-naturelle-eng_buffon-georges-louis-le_1791,1330,0.00633,junk,,,,
ia_bim_eighteenth-century_histoire-naturelle-eng_buffon-georges-louis-le_1791,1332,0.98292,non_junk,non_divine_teleology,0.00159,0.9733,0.02511
ia_bim_eighteenth-century_histoire-naturelle-eng_buffon-georges-louis-le_1791,1333,0.18243,junk,,,,
ia_bim_eighteenth-century_histoire-naturelle-eng_buffon-georges-louis-le_1791,1335,0.00701,junk,,,,
ia_bim_eighteenth-century_histoire-naturelle-eng_buffon-georges-louis-le_1791,1336,0.62654,non_junk,non_divine_teleology,0.01099,0.91821,0.0708
ia_bim_eighteenth-century_histoire-naturelle-eng_buffon-georges-louis-le_1791,1339,0.13656,junk,,,,
ia_bim_eighteenth-century_histoire-naturelle-eng_buffon-georges-louis-le_1791,1340,0.01242,junk,,,,
ia_bim_eighteenth-century_histoire-naturelle-eng_buffon-georges-louis-le_1791,1341,0.01648,junk,,,,
ia_bim_eighteenth-century_histoire-naturelle-eng_buffon-georges-louis-le_1791,1343,0.28736,junk,,,,
ia_bim_eighteenth-century_histoire-naturelle-eng_buffon-georges-louis-le_1791,1344,0.00192,junk,,,,
ia_bim_eighteenth-century_histoire-naturelle-eng_buffon-georges-louis-le_1791,1345,0.0123,junk,,,,
ia_bim_eighteenth-century_histoire-naturelle-eng_buffon-georges-louis-le_1791,1346,0.00067,junk,,,,
ia_bim_eighteenth-century_histoire-naturelle-eng_buffon-georges-louis-le_1791,1347,0.19859,junk,,,,
ia_bim_eighteenth-century_histoire-naturelle-eng_buffon-georges-louis-le_1791,1350,0.96991,non_junk,non_divine_teleology,0.04366,0.92382,0.03252
ia_bim_eighteenth-century_histoire-naturelle-eng_buffon-georges-louis-le_1791,1351,0.00837,junk,,,,
ia_bim_eighteenth-century_histoire-naturelle-eng_buffon-georges-louis-le_1791,1353,0.85773,non_junk,non_divine_teleology,0.02099,0.9484,0.03061
ia_bim_eighteenth-century_histoire-naturelle-eng_buffon-georges-louis-le_1791,1355,0.85773,non_junk,non_divine_teleology,0.02099,0.9484,0.03061
ia_bim_eighteenth-century_histoire-naturelle-eng_buffon-georges-louis-le_1791,1359,0.00131,junk,,,,
ia_bim_eighteenth-century_histoire-naturelle-eng_buffon-georges-louis-le_1791,1360,0.00017,junk,,,,
ia_bim_eighteenth-century_histoire-naturelle-eng_buffon-georges-louis-le_1791,1362,0.82463,non_junk,non_divine_teleology,0.00839,0.86757,0.12404
ia_bim_eighteenth-century_histoire-naturelle-eng_buffon-georges-louis-le_1791,1368,0.96624,non_junk,non_divine_teleology,0.00891,0.97455,0.01654
ia_bim_eighteenth-century_histoire-naturelle-eng_buffon-georges-louis-le_1791,1372,0.00039,junk,,,,
ia_bim_eighteenth-century_histoire-naturelle-eng_buffon-georges-louis-le_1791,1375,0.00161,junk,,,,
ia_bim_eighteenth-century_histoire-naturelle-eng_buffon-georges-louis-le_1791,1376,0.87589,non_junk,internal_essence,0.00741,0.20553,0.78706
ia_bim_eighteenth-century_histoire-naturelle-eng_buffon-georges-louis-le_1791,1377,0.31757,junk,,,,
ia_bim_eighteenth-century_histoire-naturelle-eng_buffon-georges-louis-le_1791,1378,0.971,non_junk,non_divine_teleology,0.00195,0.97793,0.02013
ia_bim_eighteenth-century_histoire-naturelle-eng_buffon-georges-louis-le_1791,1380,0.98323,non_junk,non_divine_teleology,0.01573,0.95689,0.02738
ia_bim_eighteenth-century_histoire-naturelle-eng_buffon-georges-louis-le_1791,1382,0.00319,junk,,,,
ia_bim_eighteenth-century_histoire-naturelle-eng_buffon-georges-louis-le_1791,1383,0.91388,non_junk,non_divine_teleology,0.01939,0.9367,0.04392
ia_bim_eighteenth-century_histoire-naturelle-eng_buffon-georges-louis-le_1791,1384,0.59065,non_junk,non_divine_teleology,0.00309,0.98016,0.01675
ia_bim_eighteenth-century_histoire-naturelle-eng_buffon-georges-louis-le_1791,1387,0.00444,junk,,,,
ia_bim_eighteenth-century_histoire-naturelle-eng_buffon-georges-louis-le_1791,1388,0.96345,non_junk,non_divine_teleology,0.01172,0.94738,0.04089
ia_bim_eighteenth-century_histoire-naturelle-eng_buffon-georges-louis-le_1791,1389,0.12941,junk,,,,
ia_bim_eighteenth-century_histoire-naturelle-eng_buffon-georges-louis-le_1791,1390,0.97674,non_junk,non_divine_teleology,0.00814,0.97308,0.01878
ia_bim_eighteenth-century_histoire-naturelle-eng_buffon-georges-louis-le_1791,1392,0.07449,junk,,,,
ia_bim_eighteenth-century_histoire-naturelle-eng_buffon-georges-louis-le_1791,1393,0.98159,non_junk,non_divine_teleology,0.00313,0.98512,0.01175
ia_bim_eighteenth-century_histoire-naturelle-eng_buffon-georges-louis-le_1791,1394,0.99876,non_junk,non_divine_teleology,0.00312,0.99149,0.00538
ia_bim_eighteenth-century_histoire-naturelle-eng_buffon-georges-louis-le_1791,1396,3e-05,junk,,,,
ia_bim_eighteenth-century_histoire-naturelle-eng_buffon-georges-louis-le_1791,1397,0.89625,non_junk,internal_essence,0.00583,0.1654,0.82877
ia_bim_eighteenth-century_histoire-naturelle-eng_buffon-georges-louis-le_1791,1398,0.00168,junk,,,,
ia_bim_eighteenth-century_histoire-naturelle-eng_buffon-georges-louis-le_1791,1399,0.7827,non_junk,non_divine_teleology,0.01108,0.97549,0.01343
ia_bim_eighteenth-century_histoire-naturelle-eng_buffon-georges-louis-le_1791,1400,0.00275,junk,,,,
ia_bim_eighteenth-century_histoire-naturelle-eng_buffon-georges-louis-le_1791,1401,0.00255,junk,,,,
ia_bim_eighteenth-century_histoire-naturelle-eng_buffon-georges-louis-le_1791,1402,0.21201,junk,,,,
ia_bim_eighteenth-century_histoire-naturelle-eng_buffon-georges-louis-le_1791,1403,0.0016,junk,,,,
ia_bim_eighteenth-century_histoire-naturelle-eng_buffon-georges-louis-le_1791,1405,0.01751,junk,,,,
ia_bim_eighteenth-century_histoire-naturelle-eng_buffon-georges-louis-le_1791,1407,0.815,non_junk,non_divine_teleology,0.01146,0.98541,0.00314
ia_bim_eighteenth-century_histoire-naturelle-eng_buffon-georges-louis-le_1791,1408,0.53799,non_junk,non_divine_teleology,0.08436,0.88558,0.03007
ia_bim_eighteenth-century_histoire-naturelle-eng_buffon-georges-louis-le_1791,1409,0.9994,non_junk,non_divine_teleology,0.00254,0.98709,0.01038
ia_bim_eighteenth-century_histoire-naturelle-eng_buffon-georges-louis-le_1791,1411,0.29042,junk,,,,
ia_bim_eighteenth-century_histoire-naturelle-eng_buffon-georges-louis-le_1791,1412,0.53278,non_junk,non_divine_teleology,0.01625,0.96792,0.01583
ia_bim_eighteenth-century_histoire-naturelle-eng_buffon-georges-louis-le_1791,1413,0.99791,non_junk,non_divine_teleology,0.00658,0.95767,0.03575
ia_bim_eighteenth-century_histoire-naturelle-eng_buffon-georges-louis-le_1791,1414,0.00224,junk,,,,
ia_bim_eighteenth-century_histoire-naturelle-eng_buffon-georges-louis-le_1791,1415,0.90102,non_junk,non_divine_teleology,0.01032,0.97699,0.01269
ia_bim_eighteenth-century_histoire-naturelle-eng_buffon-georges-louis-le_1791,1417,0.02685,junk,,,,
ia_bim_eighteenth-century_histoire-naturelle-eng_buffon-georges-louis-le_1791,1419,0.93736,non_junk,non_divine_teleology,0.00241,0.98349,0.0141
ia_bim_eighteenth-century_histoire-naturelle-eng_buffon-georges-louis-le_1791,1423,0.03075,junk,,,,
ia_bim_eighteenth-century_histoire-naturelle-eng_buffon-georges-louis-le_1791,1425,0.0836,junk,,,,
ia_bim_eighteenth-century_histoire-naturelle-eng_buffon-georges-louis-le_1791,1426,0.00064,junk,,,,
ia_bim_eighteenth-century_histoire-naturelle-eng_buffon-georges-louis-le_1791,1427,0.0003,junk,,,,
ia_bim_eighteenth-century_histoire-naturelle-eng_buffon-georges-louis-le_1791,1432,0.01476,junk,,,,
ia_bim_eighteenth-century_histoire-naturelle-eng_buffon-georges-louis-le_1791,1434,0.90217,non_junk,non_divine_teleology,0.00604,0.94737,0.04659
ia_bim_eighteenth-century_histoire-naturelle-eng_buffon-georges-louis-le_1791,1438,0.00103,junk,,,,
ia_bim_eighteenth-century_histoire-naturelle-eng_buffon-georges-louis-le_1791,1439,0.00512,junk,,,,
ia_bim_eighteenth-century_histoire-naturelle-eng_buffon-georges-louis-le_1791,1441,0.00089,junk,,,,
ia_bim_eighteenth-century_histoire-naturelle-eng_buffon-georges-louis-le_1791,1442,0.00029,junk,,,,
ia_bim_eighteenth-century_histoire-naturelle-eng_buffon-georges-louis-le_1791,1443,0.00856,junk,,,,
ia_bim_eighteenth-century_histoire-naturelle-eng_buffon-georges-louis-le_1791,1446,0.0527,junk,,,,
ia_bim_eighteenth-century_histoire-naturelle-eng_buffon-georges-louis-le_1791,1447,0.95679,non_junk,non_divine_teleology,0.01304,0.83193,0.15504
ia_bim_eighteenth-century_histoire-naturelle-eng_buffon-georges-louis-le_1791,1448,0.84628,non_junk,non_divine_teleology,0.03532,0.88564,0.07903
ia_bim_eighteenth-century_histoire-naturelle-eng_buffon-georges-louis-le_1791,1449,0.68752,non_junk,non_divine_teleology,0.02623,0.93496,0.03881
ia_bim_eighteenth-century_histoire-naturelle-eng_buffon-georges-louis-le_1791,1450,0.8104,non_junk,non_divine_teleology,0.01345,0.97158,0.01497
ia_bim_eighteenth-century_histoire-naturelle-eng_buffon-georges-louis-le_1791,1452,0.00557,junk,,,,
ia_bim_eighteenth-century_histoire-naturelle-eng_buffon-georges-louis-le_1791,1453,0.77267,non_junk,non_divine_teleology,0.00711,0.9845,0.00839
ia_bim_eighteenth-century_histoire-naturelle-eng_buffon-georges-louis-le_1791,1454,0.81028,non_junk,non_divine_teleology,0.006,0.98453,0.00947
ia_bim_eighteenth-century_histoire-naturelle-eng_buffon-georges-louis-le_1791,1455,0.00096,junk,,,,
ia_bim_eighteenth-century_histoire-naturelle-eng_buffon-georges-louis-le_1791,1458,0.23753,junk,,,,
ia_bim_eighteenth-century_histoire-naturelle-eng_buffon-georges-louis-le_1791,1459,0.02263,junk,,,,
ia_bim_eighteenth-century_histoire-naturelle-eng_buffon-georges-louis-le_1791,1460,0.23753,junk,,,,
ia_bim_eighteenth-century_histoire-naturelle-eng_buffon-georges-louis-le_1791,1461,0.02183,junk,,,,
ia_bim_eighteenth-century_histoire-naturelle-eng_buffon-georges-louis-le_1791,1463,0.75102,non_junk,non_divine_teleology,0.01087,0.94193,0.0472
ia_bim_eighteenth-century_histoire-naturelle-eng_buffon-georges-louis-le_1791,1464,0.7528,non_junk,non_divine_teleology,0.01689,0.82303,0.16009
ia_bim_eighteenth-century_histoire-naturelle-eng_buffon-georges-louis-le_1791,1466,0.9473,non_junk,internal_essence,0.01056,0.42033,0.56911
ia_bim_eighteenth-century_histoire-naturelle-eng_buffon-georges-louis-le_1791,1467,0.88535,non_junk,non_divine_teleology,0.00902,0.89875,0.09223
ia_bim_eighteenth-century_histoire-naturelle-eng_buffon-georges-louis-le_1791,1468,0.00391,junk,,,,
ia_bim_eighteenth-century_histoire-naturelle-eng_buffon-georges-louis-le_1791,1469,0.99218,non_junk,non_divine_teleology,0.00802,0.825,0.16698
ia_bim_eighteenth-century_histoire-naturelle-eng_buffon-georges-louis-le_1791,1470,0.15201,junk,,,,
ia_bim_eighteenth-century_histoire-naturelle-eng_buffon-georges-louis-le_1791,1471,0.80055,non_junk,non_divine_teleology,0.00487,0.96497,0.03016
ia_bim_eighteenth-century_histoire-naturelle-eng_buffon-georges-louis-le_1791,1472,0.02143,junk,,,,
ia_bim_eighteenth-century_histoire-naturelle-eng_buffon-georges-louis-le_1791,1473,0.0012,junk,,,,
ia_bim_eighteenth-century_histoire-naturelle-eng_buffon-georges-louis-le_1791,1474,0.34545,junk,,,,
ia_bim_eighteenth-century_histoire-naturelle-eng_buffon-georges-louis-le_1791,1475,0.03359,junk,,,,
ia_bim_eighteenth-century_histoire-naturelle-eng_buffon-georges-louis-le_1791,1476,0.99195,non_junk,non_divine_teleology,0.00378,0.98819,0.00803
ia_bim_eighteenth-century_histoire-naturelle-eng_buffon-georges-louis-le_1791,1477,0.96219,non_junk,non_divine_teleology,0.01935,0.96911,0.01153
ia_bim_eighteenth-century_histoire-naturelle-eng_buffon-georges-louis-le_1791,1478,0.99542,non_junk,non_divine_teleology,0.004,0.98919,0.00682
ia_bim_eighteenth-century_histoire-naturelle-eng_buffon-georges-louis-le_1791,1479,0.83371,non_junk,non_divine_teleology,0.02596,0.94183,0.03221
ia_bim_eighteenth-century_histoire-naturelle-eng_buffon-georges-louis-le_1791,1482,0.12779,junk,,,,
ia_bim_eighteenth-century_histoire-naturelle-eng_buffon-georges-louis-le_1791,1484,0.03618,junk,,,,
ia_bim_eighteenth-century_histoire-naturelle-eng_buffon-georges-louis-le_1791,1485,0.11562,junk,,,,
ia_bim_eighteenth-century_histoire-naturelle-eng_buffon-georges-louis-le_1791,1486,0.03618,junk,,,,
ia_bim_eighteenth-century_histoire-naturelle-eng_buffon-georges-louis-le_1791,1487,0.0575,junk,,,,
ia_bim_eighteenth-century_histoire-naturelle-eng_buffon-georges-louis-le_1791,1489,0.07392,junk,,,,
ia_bim_eighteenth-century_histoire-naturelle-eng_buffon-georges-louis-le_1791,1490,0.00194,junk,,,,
ia_bim_eighteenth-century_histoire-naturelle-eng_buffon-georges-louis-le_1791,1491,0.48229,junk,,,,
ia_bim_eighteenth-century_histoire-naturelle-eng_buffon-georges-louis-le_1791,1492,0.39253,junk,,,,
ia_bim_eighteenth-century_histoire-naturelle-eng_buffon-georges-louis-le_1791,1494,0.15937,junk,,,,
ia_bim_eighteenth-century_histoire-naturelle-eng_buffon-georges-louis-le_1791,1496,0.00067,junk,,,,
ia_bim_eighteenth-century_histoire-naturelle-eng_buffon-georges-louis-le_1791,1499,0.18303,junk,,,,
ia_bim_eighteenth-century_histoire-naturelle-eng_buffon-georges-louis-le_1791,1500,0.99399,non_junk,internal_essence,0.01158,0.4574,0.53102
ia_bim_eighteenth-century_histoire-naturelle-eng_buffon-georges-louis-le_1791,1501,0.00183,junk,,,,
ia_bim_eighteenth-century_histoire-naturelle-eng_buffon-georges-louis-le_1791,1502,0.53038,non_junk,non_divine_teleology,0.04594,0.87101,0.08305
ia_bim_eighteenth-century_histoire-naturelle-eng_buffon-georges-louis-le_1791,1503,0.69783,non_junk,divine_teleology,0.90771,0.09144,0.00085
ia_bim_eighteenth-century_histoire-naturelle-eng_buffon-georges-louis-le_1791,1505,0.00046,junk,,,,
ia_bim_eighteenth-century_histoire-naturelle-eng_buffon-georges-louis-le_1791,1506,0.00707,junk,,,,
ia_bim_eighteenth-century_histoire-naturelle-eng_buffon-georges-louis-le_1791,1507,0.02192,junk,,,,
ia_bim_eighteenth-century_histoire-naturelle-eng_buffon-georges-louis-le_1791,1510,0.02192,junk,,,,
ia_bim_eighteenth-century_histoire-naturelle-eng_buffon-georges-louis-le_1791,1511,0.24926,junk,,,,
ia_bim_eighteenth-century_histoire-naturelle-eng_buffon-georges-louis-le_1791,1513,0.08839,junk,,,,
ia_bim_eighteenth-century_histoire-naturelle-eng_buffon-georges-louis-le_1791,1514,0.8988,non_junk,non_divine_teleology,0.02731,0.91755,0.05513
ia_bim_eighteenth-century_histoire-naturelle-eng_buffon-georges-louis-le_1791,1516,0.00022,junk,,,,
ia_bim_eighteenth-century_histoire-naturelle-eng_buffon-georges-louis-le_1791,1517,0.7631,non_junk,non_divine_teleology,0.0131,0.9049,0.082
ia_bim_eighteenth-century_histoire-naturelle-eng_buffon-georges-louis-le_1791,1523,0.0048,junk,,,,
ia_bim_eighteenth-century_histoire-naturelle-eng_buffon-georges-louis-le_1791,1526,0.00296,junk,,,,
ia_bim_eighteenth-century_histoire-naturelle-eng_buffon-georges-louis-le_1791,1528,0.97349,non_junk,non_divine_teleology,0.01414,0.93097,0.05489
ia_bim_eighteenth-century_histoire-naturelle-eng_buffon-georges-louis-le_1791,1531,0.00642,junk,,,,
ia_bim_eighteenth-century_histoire-naturelle-eng_buffon-georges-louis-le_1791,1533,0.00642,junk,,,,
ia_bim_eighteenth-century_histoire-naturelle-eng_buffon-georges-louis-le_1791,1534,0.06126,junk,,,,
ia_bim_eighteenth-century_histoire-naturelle-eng_buffon-georges-louis-le_1791,1535,0.05458,junk,,,,
ia_bim_eighteenth-century_histoire-naturelle-eng_buffon-georges-louis-le_1791,1536,0.00204,junk,,,,
ia_bim_eighteenth-century_histoire-naturelle-eng_buffon-georges-louis-le_1791,1538,0.14986,junk,,,,
ia_bim_eighteenth-century_histoire-naturelle-eng_buffon-georges-louis-le_1791,1540,0.52202,non_junk,internal_essence,0.00171,0.15037,0.84792
ia_bim_eighteenth-century_histoire-naturelle-eng_buffon-georges-louis-le_1791,1543,0.05366,junk,,,,
ia_bim_eighteenth-century_histoire-naturelle-eng_buffon-georges-louis-le_1791,1544,0.00765,junk,,,,
ia_bim_eighteenth-century_histoire-naturelle-eng_buffon-georges-louis-le_1791,1545,0.00232,junk,,,,
ia_bim_eighteenth-century_histoire-naturelle-eng_buffon-georges-louis-le_1791,1549,0.00569,junk,,,,
ia_bim_eighteenth-century_histoire-naturelle-eng_buffon-georges-louis-le_1791,1550,0.01208,junk,,,,
ia_bim_eighteenth-century_histoire-naturelle-eng_buffon-georges-louis-le_1791,1551,0.02126,junk,,,,
ia_bim_eighteenth-century_histoire-naturelle-eng_buffon-georges-louis-le_1791,1552,0.0933,junk,,,,
ia_bim_eighteenth-century_histoire-naturelle-eng_buffon-georges-louis-le_1791,1554,0.98389,non_junk,non_divine_teleology,0.03045,0.96127,0.00828
ia_bim_eighteenth-century_histoire-naturelle-eng_buffon-georges-louis-le_1791,1555,0.92837,non_junk,non_divine_teleology,0.01316,0.97141,0.01543
ia_bim_eighteenth-century_histoire-naturelle-eng_buffon-georges-louis-le_1791,1556,0.33834,junk,,,,
ia_bim_eighteenth-century_histoire-naturelle-eng_buffon-georges-louis-le_1791,1557,0.00137,junk,,,,
ia_bim_eighteenth-century_histoire-naturelle-eng_buffon-georges-louis-le_1791,1558,0.69665,non_junk,internal_essence,0.00289,0.40153,0.59558
ia_bim_eighteenth-century_histoire-naturelle-eng_buffon-georges-louis-le_1791,1560,0.01671,junk,,,,
ia_bim_eighteenth-century_histoire-naturelle-eng_buffon-georges-louis-le_1791,1566,0.00166,junk,,,,
ia_bim_eighteenth-century_histoire-naturelle-eng_buffon-georges-louis-le_1791,1569,0.47155,junk,,,,
ia_bim_eighteenth-century_histoire-naturelle-eng_buffon-georges-louis-le_1791,1570,0.17858,junk,,,,
ia_bim_eighteenth-century_histoire-naturelle-eng_buffon-georges-louis-le_1791,1572,0.14025,junk,,,,
ia_bim_eighteenth-century_histoire-naturelle-eng_buffon-georges-louis-le_1791,1576,0.76801,non_junk,non_divine_teleology,0.00571,0.91672,0.07757
ia_bim_eighteenth-century_histoire-naturelle-eng_buffon-georges-louis-le_1791,1578,0.48716,junk,,,,
ia_bim_eighteenth-century_histoire-naturelle-eng_buffon-georges-louis-le_1791,1581,0.41071,junk,,,,
ia_bim_eighteenth-century_histoire-naturelle-eng_buffon-georges-louis-le_1791,1583,0.17048,junk,,,,
ia_bim_eighteenth-century_histoire-naturelle-eng_buffon-georges-louis-le_1791,1585,0.41961,junk,,,,
ia_bim_eighteenth-century_histoire-naturelle-eng_buffon-georges-louis-le_1791,1586,0.14611,junk,,,,
ia_bim_eighteenth-century_histoire-naturelle-eng_buffon-georges-louis-le_1791,1587,0.20255,junk,,,,
ia_bim_eighteenth-century_histoire-naturelle-eng_buffon-georges-louis-le_1791,1589,0.45321,junk,,,,
ia_bim_eighteenth-century_histoire-naturelle-eng_buffon-georges-louis-le_1791,1592,0.4603,junk,,,,
ia_bim_eighteenth-century_histoire-naturelle-eng_buffon-georges-louis-le_1791,1594,0.31762,junk,,,,
ia_bim_eighteenth-century_histoire-naturelle-eng_buffon-georges-louis-le_1791,1596,0.61217,non_junk,internal_essence,0.00215,0.05339,0.94446
ia_bim_eighteenth-century_histoire-naturelle-eng_buffon-georges-louis-le_1791,1597,0.06331,junk,,,,
ia_bim_eighteenth-century_histoire-naturelle-eng_buffon-georges-louis-le_1791,1598,0.2598,junk,,,,
ia_bim_eighteenth-century_histoire-naturelle-eng_buffon-georges-louis-le_1791,1600,0.01352,junk,,,,
ia_bim_eighteenth-century_histoire-naturelle-eng_buffon-georges-louis-le_1791,1602,0.33701,junk,,,,
ia_bim_eighteenth-century_histoire-naturelle-eng_buffon-georges-louis-le_1791,1603,0.32575,junk,,,,
ia_bim_eighteenth-century_histoire-naturelle-eng_buffon-georges-louis-le_1791,1608,0.11409,junk,,,,
ia_bim_eighteenth-century_histoire-naturelle-eng_buffon-georges-louis-le_1791,1610,0.8606,non_junk,internal_essence,0.01017,0.16456,0.82527
ia_bim_eighteenth-century_histoire-naturelle-eng_buffon-georges-louis-le_1791,1611,0.78763,non_junk,non_divine_teleology,0.0339,0.56162,0.40447
ia_bim_eighteenth-century_histoire-naturelle-eng_buffon-georges-louis-le_1791,1612,0.97714,non_junk,non_divine_teleology,0.02258,0.78142,0.196
ia_bim_eighteenth-century_histoire-naturelle-eng_buffon-georges-louis-le_1791,1613,0.58563,non_junk,non_divine_teleology,0.01314,0.80292,0.18395
ia_bim_eighteenth-century_histoire-naturelle-eng_buffon-georges-louis-le_1791,1614,0.80996,non_junk,non_divine_teleology,0.03892,0.93699,0.02409
ia_bim_eighteenth-century_histoire-naturelle-eng_buffon-georges-louis-le_1791,1615,0.01878,junk,,,,
ia_bim_eighteenth-century_histoire-naturelle-eng_buffon-georges-louis-le_1791,1619,0.00602,junk,,,,
ia_bim_eighteenth-century_histoire-naturelle-eng_buffon-georges-louis-le_1791,1621,0.27217,junk,,,,
ia_bim_eighteenth-century_histoire-naturelle-eng_buffon-georges-louis-le_1791,1622,0.65412,non_junk,non_divine_teleology,0.03047,0.94677,0.02276
ia_bim_eighteenth-century_histoire-naturelle-eng_buffon-georges-louis-le_1791,1623,0.00768,junk,,,,
ia_bim_eighteenth-century_histoire-naturelle-eng_buffon-georges-louis-le_1791,1624,0.01281,junk,,,,
ia_bim_eighteenth-century_histoire-naturelle-eng_buffon-georges-louis-le_1791,1628,0.00445,junk,,,,
ia_bim_eighteenth-century_histoire-naturelle-eng_buffon-georges-louis-le_1791,1630,0.1102,junk,,,,
ia_bim_eighteenth-century_histoire-naturelle-eng_buffon-georges-louis-le_1791,1631,0.28467,junk,,,,
ia_bim_eighteenth-century_histoire-naturelle-eng_buffon-georges-louis-le_1791,1634,0.1102,junk,,,,
ia_bim_eighteenth-century_histoire-naturelle-eng_buffon-georges-louis-le_1791,1637,0.04351,junk,,,,
ia_bim_eighteenth-century_histoire-naturelle-eng_buffon-georges-louis-le_1791,1638,0.92699,non_junk,non_divine_teleology,0.01245,0.97816,0.00938
ia_bim_eighteenth-century_histoire-naturelle-eng_buffon-georges-louis-le_1791,1639,0.00633,junk,,,,
ia_bim_eighteenth-century_histoire-naturelle-eng_buffon-georges-louis-le_1791,1640,0.09215,junk,,,,
ia_bim_eighteenth-century_histoire-naturelle-eng_buffon-georges-louis-le_1791,1641,0.12812,junk,,,,
ia_bim_eighteenth-century_histoire-naturelle-eng_buffon-georges-louis-le_1791,1642,0.01052,junk,,,,
ia_bim_eighteenth-century_histoire-naturelle-eng_buffon-georges-louis-le_1791,1643,0.03661,junk,,,,
ia_bim_eighteenth-century_histoire-naturelle-eng_buffon-georges-louis-le_1791,1644,0.98472,non_junk,non_divine_teleology,0.09405,0.67545,0.2305
ia_bim_eighteenth-century_histoire-naturelle-eng_buffon-georges-louis-le_1791,1647,0.99947,non_junk,non_divine_teleology,0.04027,0.87635,0.08338
ia_bim_eighteenth-century_histoire-naturelle-eng_buffon-georges-louis-le_1791,1648,0.00206,junk,,,,
ia_bim_eighteenth-century_histoire-naturelle-eng_buffon-georges-louis-le_1791,1651,0.39277,junk,,,,
ia_bim_eighteenth-century_histoire-naturelle-eng_buffon-georges-louis-le_1791,1652,0.04798,junk,,,,
ia_bim_eighteenth-century_histoire-naturelle-eng_buffon-georges-louis-le_1791,1653,0.79724,non_junk,non_divine_teleology,0.0274,0.90966,0.06295
ia_bim_eighteenth-century_histoire-naturelle-eng_buffon-georges-louis-le_1791,1654,0.00115,junk,,,,
ia_bim_eighteenth-century_histoire-naturelle-eng_buffon-georges-louis-le_1791,1656,0.03471,junk,,,,
ia_bim_eighteenth-century_histoire-naturelle-eng_buffon-georges-louis-le_1791,1657,0.51469,non_junk,non_divine_teleology,0.00905,0.93396,0.05699
ia_bim_eighteenth-century_histoire-naturelle-eng_buffon-georges-louis-le_1791,1659,0.00986,junk,,,,
ia_bim_eighteenth-century_histoire-naturelle-eng_buffon-georges-louis-le_1791,1660,0.07214,junk,,,,
ia_bim_eighteenth-century_histoire-naturelle-eng_buffon-georges-louis-le_1791,1661,0.00436,junk,,,,
ia_bim_eighteenth-century_histoire-naturelle-eng_buffon-georges-louis-le_1791,1662,0.97665,non_junk,non_divine_teleology,0.00809,0.98239,0.00952
ia_bim_eighteenth-century_histoire-naturelle-eng_buffon-georges-louis-le_1791,1665,0.91227,non_junk,non_divine_teleology,0.02347,0.91967,0.05685
ia_bim_eighteenth-century_histoire-naturelle-eng_buffon-georges-louis-le_1791,1666,0.00144,junk,,,,
ia_bim_eighteenth-century_histoire-naturelle-eng_buffon-georges-louis-le_1791,1668,0.00295,junk,,,,
ia_bim_eighteenth-century_histoire-naturelle-eng_buffon-georges-louis-le_1791,1669,0.34328,junk,,,,
ia_bim_eighteenth-century_histoire-naturelle-eng_buffon-georges-louis-le_1791,1671,0.01081,junk,,,,
ia_bim_eighteenth-century_histoire-naturelle-eng_buffon-georges-louis-le_1791,1677,0.15444,junk,,,,
ia_bim_eighteenth-century_histoire-naturelle-eng_buffon-georges-louis-le_1791,1678,0.00305,junk,,,,
ia_bim_eighteenth-century_histoire-naturelle-eng_buffon-georges-louis-le_1791,1679,0.94307,non_junk,non_divine_teleology,0.06854,0.91275,0.01871
ia_bim_eighteenth-century_histoire-naturelle-eng_buffon-georges-louis-le_1791,1680,0.31018,junk,,,,
ia_bim_eighteenth-century_histoire-naturelle-eng_buffon-georges-louis-le_1791,1681,0.98256,non_junk,non_divine_teleology,0.0276,0.93731,0.03508
ia_bim_eighteenth-century_histoire-naturelle-eng_buffon-georges-louis-le_1791,1682,0.1547,junk,,,,
ia_bim_eighteenth-century_histoire-naturelle-eng_buffon-georges-louis-le_1791,1683,0.00183,junk,,,,
ia_bim_eighteenth-century_histoire-naturelle-eng_buffon-georges-louis-le_1791,1684,0.20089,junk,,,,
ia_bim_eighteenth-century_histoire-naturelle-eng_buffon-georges-louis-le_1791,1685,0.00909,junk,,,,
ia_bim_eighteenth-century_histoire-naturelle-eng_buffon-georges-louis-le_1791,1686,0.81785,non_junk,non_divine_teleology,0.00776,0.54022,0.45202
ia_bim_eighteenth-century_histoire-naturelle-eng_buffon-georges-louis-le_1791,1687,0.81785,non_junk,non_divine_teleology,0.00776,0.54022,0.45202
ia_bim_eighteenth-century_histoire-naturelle-eng_buffon-georges-louis-le_1791,1688,0.99639,non_junk,non_divine_teleology,0.01081,0.98439,0.0048
ia_bim_eighteenth-century_histoire-naturelle-eng_buffon-georges-louis-le_1791,1692,0.82723,non_junk,non_divine_teleology,0.00558,0.91691,0.07751
ia_bim_eighteenth-century_histoire-naturelle-eng_buffon-georges-louis-le_1791,1696,0.37082,junk,,,,
ia_bim_eighteenth-century_histoire-naturelle-eng_buffon-georges-louis-le_1791,1698,0.35146,junk,,,,
ia_bim_eighteenth-century_histoire-naturelle-eng_buffon-georges-louis-le_1791,1699,0.02336,junk,,,,
ia_bim_eighteenth-century_histoire-naturelle-eng_buffon-georges-louis-le_1791,1700,0.00041,junk,,,,
ia_bim_eighteenth-century_histoire-naturelle-eng_buffon-georges-louis-le_1791,1701,0.00667,junk,,,,
ia_bim_eighteenth-century_histoire-naturelle-eng_buffon-georges-louis-le_1791,1702,0.00356,junk,,,,
ia_bim_eighteenth-century_histoire-naturelle-eng_buffon-georges-louis-le_1791,1703,0.58046,non_junk,non_divine_teleology,0.00736,0.97725,0.01539
ia_bim_eighteenth-century_histoire-naturelle-eng_buffon-georges-louis-le_1791,1704,0.01544,junk,,,,
ia_bim_eighteenth-century_histoire-naturelle-eng_buffon-georges-louis-le_1791,1705,0.99527,non_junk,non_divine_teleology,0.00958,0.96577,0.02465
ia_bim_eighteenth-century_histoire-naturelle-eng_buffon-georges-louis-le_1791,1706,0.67065,non_junk,non_divine_teleology,0.0429,0.59806,0.35903
ia_bim_eighteenth-century_histoire-naturelle-eng_buffon-georges-louis-le_1791,1707,0.00928,junk,,,,
ia_bim_eighteenth-century_histoire-naturelle-eng_buffon-georges-louis-le_1791,1708,0.92924,non_junk,non_divine_teleology,0.10176,0.55773,0.3405
ia_bim_eighteenth-century_histoire-naturelle-eng_buffon-georges-louis-le_1791,1710,0.02541,junk,,,,
ia_bim_eighteenth-century_histoire-naturelle-eng_buffon-georges-louis-le_1791,1712,0.01317,junk,,,,
ia_bim_eighteenth-century_histoire-naturelle-eng_buffon-georges-louis-le_1791,1713,0.02108,junk,,,,
ia_bim_eighteenth-century_histoire-naturelle-eng_buffon-georges-louis-le_1791,1714,0.83115,non_junk,non_divine_teleology,0.01536,0.8395,0.14515
ia_bim_eighteenth-century_histoire-naturelle-eng_buffon-georges-louis-le_1791,1715,0.64977,non_junk,non_divine_teleology,0.03419,0.89761,0.0682
ia_bim_eighteenth-century_histoire-naturelle-eng_buffon-georges-louis-le_1791,1716,0.99842,non_junk,non_divine_teleology,0.00418,0.99202,0.0038
ia_bim_eighteenth-century_histoire-naturelle-eng_buffon-georges-louis-le_1791,1717,0.64977,non_junk,non_divine_teleology,0.03419,0.89761,0.0682
ia_bim_eighteenth-century_histoire-naturelle-eng_buffon-georges-louis-le_1791,1718,0.99513,non_junk,non_divine_teleology,0.00834,0.9879,0.00376
ia_bim_eighteenth-century_histoire-naturelle-eng_buffon-georges-louis-le_1791,1719,0.89939,non_junk,non_divine_teleology,0.00436,0.98076,0.01488
ia_bim_eighteenth-century_histoire-naturelle-eng_buffon-georges-louis-le_1791,1720,0.2064,junk,,,,
ia_bim_eighteenth-century_histoire-naturelle-eng_buffon-georges-louis-le_1791,1721,0.60376,non_junk,non_divine_teleology,0.01319,0.95728,0.02953
ia_bim_eighteenth-century_histoire-naturelle-eng_buffon-georges-louis-le_1791,1722,0.98601,non_junk,non_divine_teleology,0.01073,0.8439,0.14537
ia_bim_eighteenth-century_histoire-naturelle-eng_buffon-georges-louis-le_1791,1723,0.00119,junk,,,,
ia_bim_eighteenth-century_histoire-naturelle-eng_buffon-georges-louis-le_1791,1724,0.97769,non_junk,non_divine_teleology,0.01863,0.88958,0.09178
ia_bim_eighteenth-century_histoire-naturelle-eng_buffon-georges-louis-le_1791,1726,0.0005,junk,,,,
ia_bim_eighteenth-century_histoire-naturelle-eng_buffon-georges-louis-le_1791,1727,0.88026,non_junk,non_divine_teleology,0.0285,0.56606,0.40544
ia_bim_eighteenth-century_histoire-naturelle-eng_buffon-georges-louis-le_1791,1728,0.17336,junk,,,,
ia_bim_eighteenth-century_histoire-naturelle-eng_buffon-georges-louis-le_1791,1730,0.20075,junk,,,,
ia_bim_eighteenth-century_histoire-naturelle-eng_buffon-georges-louis-le_1791,1731,0.9983,non_junk,internal_essence,0.03404,0.31626,0.6497
ia_bim_eighteenth-century_histoire-naturelle-eng_buffon-georges-louis-le_1791,1734,0.99939,non_junk,non_divine_teleology,0.02478,0.87017,0.10505
ia_bim_eighteenth-century_histoire-naturelle-eng_buffon-georges-louis-le_1791,1735,0.42364,junk,,,,
ia_bim_eighteenth-century_histoire-naturelle-eng_buffon-georges-louis-le_1791,1738,0.99713,non_junk,non_divine_teleology,0.02812,0.8838,0.08807
ia_bim_eighteenth-century_histoire-naturelle-eng_buffon-georges-louis-le_1791,1740,0.99161,non_junk,non_divine_teleology,0.01359,0.88689,0.09953
ia_bim_eighteenth-century_histoire-naturelle-eng_buffon-georges-louis-le_1791,1741,0.00745,junk,,,,
ia_bim_eighteenth-century_histoire-naturelle-eng_buffon-georges-louis-le_1791,1742,9e-05,junk,,,,
ia_bim_eighteenth-century_histoire-naturelle-eng_buffon-georges-louis-le_1791,1744,0.03981,junk,,,,
ia_bim_eighteenth-century_histoire-naturelle-eng_buffon-georges-louis-le_1791,1746,0.00042,junk,,,,
ia_bim_eighteenth-century_histoire-naturelle-eng_buffon-georges-louis-le_1791,1747,0.98702,non_junk,non_divine_teleology,0.00572,0.98272,0.01157
ia_bim_eighteenth-century_histoire-naturelle-eng_buffon-georges-louis-le_1791,1750,0.9876,non_junk,non_divine_teleology,0.00586,0.96376,0.03037
ia_bim_eighteenth-century_histoire-naturelle-eng_buffon-georges-louis-le_1791,1753,0.06021,junk,,,,
ia_bim_eighteenth-century_histoire-naturelle-eng_buffon-georges-louis-le_1791,1755,0.99385,non_junk,non_divine_teleology,0.01923,0.9451,0.03567
ia_bim_eighteenth-century_histoire-naturelle-eng_buffon-georges-louis-le_1791,1756,0.99679,non_junk,non_divine_teleology,0.01321,0.84486,0.14193
ia_bim_eighteenth-century_histoire-naturelle-eng_buffon-georges-louis-le_1791,1757,0.48905,junk,,,,
ia_bim_eighteenth-century_histoire-naturelle-eng_buffon-georges-louis-le_1791,1758,0.99935,non_junk,non_divine_teleology,0.00673,0.98624,0.00703
ia_bim_eighteenth-century_histoire-naturelle-eng_buffon-georges-louis-le_1791,1759,0.96401,non_junk,non_divine_teleology,0.01348,0.98321,0.00331
ia_bim_eighteenth-century_histoire-naturelle-eng_buffon-georges-louis-le_1791,1760,0.18253,junk,,,,
ia_bim_eighteenth-century_histoire-naturelle-eng_buffon-georges-louis-le_1791,1761,0.00629,junk,,,,
ia_bim_eighteenth-century_histoire-naturelle-eng_buffon-georges-louis-le_1791,1762,0.06684,junk,,,,
ia_bim_eighteenth-century_histoire-naturelle-eng_buffon-georges-louis-le_1791,1764,0.31603,junk,,,,
ia_bim_eighteenth-century_histoire-naturelle-eng_buffon-georges-louis-le_1791,1765,0.88969,non_junk,non_divine_teleology,0.01139,0.60313,0.38547
ia_bim_eighteenth-century_histoire-naturelle-eng_buffon-georges-louis-le_1791,1766,0.15781,junk,,,,
ia_bim_eighteenth-century_histoire-naturelle-eng_buffon-georges-louis-le_1791,1767,0.73663,non_junk,non_divine_teleology,0.03125,0.8994,0.06935
ia_bim_eighteenth-century_histoire-naturelle-eng_buffon-georges-louis-le_1791,1768,0.12165,junk,,,,
ia_bim_eighteenth-century_histoire-naturelle-eng_buffon-georges-louis-le_1791,1773,9e-05,junk,,,,
ia_bim_eighteenth-century_histoire-naturelle-eng_buffon-georges-louis-le_1791,1774,0.69885,non_junk,non_divine_teleology,0.00918,0.93188,0.05894
ia_bim_eighteenth-century_histoire-naturelle-eng_buffon-georges-louis-le_1791,1775,0.00048,junk,,,,
ia_bim_eighteenth-century_histoire-naturelle-eng_buffon-georges-louis-le_1791,1776,0.11196,junk,,,,
ia_bim_eighteenth-century_histoire-naturelle-eng_buffon-georges-louis-le_1791,1779,0.13528,junk,,,,
ia_bim_eighteenth-century_histoire-naturelle-eng_buffon-georges-louis-le_1791,1780,0.98429,non_junk,non_divine_teleology,0.00406,0.97466,0.02128
ia_bim_eighteenth-century_histoire-naturelle-eng_buffon-georges-louis-le_1791,1781,0.99272,non_junk,non_divine_teleology,0.00318,0.98008,0.01674
ia_bim_eighteenth-century_histoire-naturelle-eng_buffon-georges-louis-le_1791,1782,0.80563,non_junk,non_divine_teleology,0.0185,0.88884,0.09266
ia_bim_eighteenth-century_histoire-naturelle-eng_buffon-georges-louis-le_1791,1783,0.00238,junk,,,,
ia_bim_eighteenth-century_histoire-naturelle-eng_buffon-georges-louis-le_1791,1785,0.00083,junk,,,,
ia_bim_eighteenth-century_histoire-naturelle-eng_buffon-georges-louis-le_1791,1786,0.01082,junk,,,,
ia_bim_eighteenth-century_histoire-naturelle-eng_buffon-georges-louis-le_1791,1788,0.00098,junk,,,,
ia_bim_eighteenth-century_histoire-naturelle-eng_buffon-georges-louis-le_1791,1790,0.01082,junk,,,,
ia_bim_eighteenth-century_histoire-naturelle-eng_buffon-georges-louis-le_1791,1793,0.00027,junk,,,,
ia_bim_eighteenth-century_histoire-naturelle-eng_buffon-georges-louis-le_1791,1795,0.23179,junk,,,,
ia_bim_eighteenth-century_histoire-naturelle-eng_buffon-georges-louis-le_1791,1797,0.29308,junk,,,,
ia_bim_eighteenth-century_histoire-naturelle-eng_buffon-georges-louis-le_1791,1799,0.00466,junk,,,,
ia_bim_eighteenth-century_histoire-naturelle-eng_buffon-georges-louis-le_1791,1800,0.00301,junk,,,,
ia_bim_eighteenth-century_histoire-naturelle-eng_buffon-georges-louis-le_1791,1806,0.7328,non_junk,non_divine_teleology,0.0345,0.56931,0.39619
ia_bim_eighteenth-century_histoire-naturelle-eng_buffon-georges-louis-le_1791,1808,0.55622,non_junk,non_divine_teleology,0.04945,0.74277,0.20777
ia_bim_eighteenth-century_histoire-naturelle-eng_buffon-georges-louis-le_1791,1810,0.00043,junk,,,,
ia_bim_eighteenth-century_histoire-naturelle-eng_buffon-georges-louis-le_1791,1811,0.12606,junk,,,,
ia_bim_eighteenth-century_histoire-naturelle-eng_buffon-georges-louis-le_1791,1812,0.00365,junk,,,,
ia_bim_eighteenth-century_histoire-naturelle-eng_buffon-georges-louis-le_1791,1813,0.35857,junk,,,,
ia_bim_eighteenth-century_histoire-naturelle-eng_buffon-georges-louis-le_1791,1815,0.94756,non_junk,non_divine_teleology,0.04462,0.76075,0.19463
ia_bim_eighteenth-century_histoire-naturelle-eng_buffon-georges-louis-le_1791,1817,0.08159,junk,,,,
ia_bim_eighteenth-century_histoire-naturelle-eng_buffon-georges-louis-le_1791,1819,0.08159,junk,,,,
ia_bim_eighteenth-century_histoire-naturelle-eng_buffon-georges-louis-le_1791,1820,0.05711,junk,,,,
ia_bim_eighteenth-century_histoire-naturelle-eng_buffon-georges-louis-le_1791,1823,0.0383,junk,,,,
ia_bim_eighteenth-century_histoire-naturelle-eng_buffon-georges-louis-le_1791,1824,0.98196,non_junk,non_divine_teleology,0.0067,0.90769,0.08561
ia_bim_eighteenth-century_histoire-naturelle-eng_buffon-georges-louis-le_1791,1825,0.00057,junk,,,,
ia_bim_eighteenth-century_histoire-naturelle-eng_buffon-georges-louis-le_1791,1826,0.00119,junk,,,,
ia_bim_eighteenth-century_histoire-naturelle-eng_buffon-georges-louis-le_1791,1827,0.0004,junk,,,,
ia_bim_eighteenth-century_histoire-naturelle-eng_buffon-georges-louis-le_1791,1828,0.9372,non_junk,non_divine_teleology,0.02085,0.80182,0.17733
ia_bim_eighteenth-century_histoire-naturelle-eng_buffon-georges-louis-le_1791,1831,0.0024,junk,,,,
ia_bim_eighteenth-century_histoire-naturelle-eng_buffon-georges-louis-le_1791,1832,0.01697,junk,,,,
ia_bim_eighteenth-century_histoire-naturelle-eng_buffon-georges-louis-le_1791,1833,0.56638,non_junk,non_divine_teleology,0.00366,0.96023,0.03611
ia_bim_eighteenth-century_histoire-naturelle-eng_buffon-georges-louis-le_1791,1834,0.26417,junk,,,,
ia_bim_eighteenth-century_histoire-naturelle-eng_buffon-georges-louis-le_1791,1835,0.05107,junk,,,,
ia_bim_eighteenth-century_histoire-naturelle-eng_buffon-georges-louis-le_1791,1836,0.34913,junk,,,,
ia_bim_eighteenth-century_histoire-naturelle-eng_buffon-georges-louis-le_1791,1837,0.15058,junk,,,,
ia_bim_eighteenth-century_histoire-naturelle-eng_buffon-georges-louis-le_1791,1838,0.06599,junk,,,,
ia_bim_eighteenth-century_histoire-naturelle-eng_buffon-georges-louis-le_1791,1841,0.19772,junk,,,,
ia_bim_eighteenth-century_histoire-naturelle-eng_buffon-georges-louis-le_1791,1842,0.04619,junk,,,,
ia_bim_eighteenth-century_histoire-naturelle-eng_buffon-georges-louis-le_1791,1844,0.09498,junk,,,,
ia_bim_eighteenth-century_histoire-naturelle-eng_buffon-georges-louis-le_1791,1846,0.00207,junk,,,,
ia_bim_eighteenth-century_histoire-naturelle-eng_buffon-georges-louis-le_1791,1847,0.69775,non_junk,non_divine_teleology,0.00886,0.92484,0.0663
ia_bim_eighteenth-century_histoire-naturelle-eng_buffon-georges-louis-le_1791,1848,0.09292,junk,,,,
ia_bim_eighteenth-century_histoire-naturelle-eng_buffon-georges-louis-le_1791,1850,0.30137,junk,,,,
ia_bim_eighteenth-century_histoire-naturelle-eng_buffon-georges-louis-le_1791,1852,0.01218,junk,,,,
ia_bim_eighteenth-century_histoire-naturelle-eng_buffon-georges-louis-le_1791,1853,0.0056,junk,,,,
ia_bim_eighteenth-century_histoire-naturelle-eng_buffon-georges-louis-le_1791,1857,0.00018,junk,,,,
ia_bim_eighteenth-century_histoire-naturelle-eng_buffon-georges-louis-le_1791,1858,0.26938,junk,,,,
ia_bim_eighteenth-century_histoire-naturelle-eng_buffon-georges-louis-le_1791,1860,0.15858,junk,,,,
ia_bim_eighteenth-century_histoire-naturelle-eng_buffon-georges-louis-le_1791,1861,0.00595,junk,,,,
ia_bim_eighteenth-century_histoire-naturelle-eng_buffon-georges-louis-le_1791,1862,0.04537,junk,,,,
ia_bim_eighteenth-century_histoire-naturelle-eng_buffon-georges-louis-le_1791,1864,0.00296,junk,,,,
ia_bim_eighteenth-century_histoire-naturelle-eng_buffon-georges-louis-le_1791,1865,0.0991,junk,,,,
ia_bim_eighteenth-century_histoire-naturelle-eng_buffon-georges-louis-le_1791,1866,0.01308,junk,,,,
ia_bim_eighteenth-century_histoire-naturelle-eng_buffon-georges-louis-le_1791,1868,0.99888,non_junk,non_divine_teleology,0.003,0.98879,0.00821
ia_bim_eighteenth-century_histoire-naturelle-eng_buffon-georges-louis-le_1791,1870,6e-05,junk,,,,
ia_bim_eighteenth-century_histoire-naturelle-eng_buffon-georges-louis-le_1791,1871,0.6896,non_junk,internal_essence,0.00277,0.04613,0.9511
ia_bim_eighteenth-century_histoire-naturelle-eng_buffon-georges-louis-le_1791,1872,0.49614,junk,,,,
ia_bim_eighteenth-century_histoire-naturelle-eng_buffon-georges-louis-le_1791,1873,0.02108,junk,,,,
ia_bim_eighteenth-century_histoire-naturelle-eng_buffon-georges-louis-le_1791,1874,0.49614,junk,,,,
ia_bim_eighteenth-century_histoire-naturelle-eng_buffon-georges-louis-le_1791,1875,0.01204,junk,,,,
ia_bim_eighteenth-century_histoire-naturelle-eng_buffon-georges-louis-le_1791,1879,0.00574,junk,,,,
ia_bim_eighteenth-century_histoire-naturelle-eng_buffon-georges-louis-le_1791,1880,0.0072,junk,,,,
ia_bim_eighteenth-century_histoire-naturelle-eng_buffon-georges-louis-le_1791,1881,0.03809,junk,,,,
ia_bim_eighteenth-century_histoire-naturelle-eng_buffon-georges-louis-le_1791,1882,0.00981,junk,,,,
ia_bim_eighteenth-century_histoire-naturelle-eng_buffon-georges-louis-le_1791,1885,0.98517,non_junk,non_divine_teleology,0.00906,0.97794,0.01299
ia_bim_eighteenth-century_histoire-naturelle-eng_buffon-georges-louis-le_1791,1888,0.33756,junk,,,,
ia_bim_eighteenth-century_histoire-naturelle-eng_buffon-georges-louis-le_1791,1889,0.0377,junk,,,,
ia_bim_eighteenth-century_histoire-naturelle-eng_buffon-georges-louis-le_1791,1892,0.00195,junk,,,,
ia_bim_eighteenth-century_histoire-naturelle-eng_buffon-georges-louis-le_1791,1893,0.0026,junk,,,,
ia_bim_eighteenth-century_histoire-naturelle-eng_buffon-georges-louis-le_1791,1894,0.02157,junk,,,,
ia_bim_eighteenth-century_histoire-naturelle-eng_buffon-georges-louis-le_1791,1896,0.96712,non_junk,non_divine_teleology,0.00279,0.98374,0.01347
ia_bim_eighteenth-century_histoire-naturelle-eng_buffon-georges-louis-le_1791,1898,0.61236,non_junk,non_divine_teleology,0.00444,0.97262,0.02294
ia_bim_eighteenth-century_histoire-naturelle-eng_buffon-georges-louis-le_1791,1900,0.00123,junk,,,,
ia_bim_eighteenth-century_histoire-naturelle-eng_buffon-georges-louis-le_1791,1903,0.36642,junk,,,,
ia_bim_eighteenth-century_histoire-naturelle-eng_buffon-georges-louis-le_1791,1904,0.13415,junk,,,,
ia_bim_eighteenth-century_histoire-naturelle-eng_buffon-georges-louis-le_1791,1907,0.93626,non_junk,non_divine_teleology,0.13551,0.79983,0.06466
ia_bim_eighteenth-century_histoire-naturelle-eng_buffon-georges-louis-le_1791,1910,0.47333,junk,,,,
ia_bim_eighteenth-century_histoire-naturelle-eng_buffon-georges-louis-le_1791,1911,0.03568,junk,,,,
ia_bim_eighteenth-century_histoire-naturelle-eng_buffon-georges-louis-le_1791,1918,0.00588,junk,,,,
ia_bim_eighteenth-century_histoire-naturelle-eng_buffon-georges-louis-le_1791,1920,0.00081,junk,,,,
ia_bim_eighteenth-century_histoire-naturelle-eng_buffon-georges-louis-le_1791,1921,0.00221,junk,,,,
ia_bim_eighteenth-century_histoire-naturelle-eng_buffon-georges-louis-le_1791,1922,0.00255,junk,,,,
ia_bim_eighteenth-century_histoire-naturelle-eng_buffon-georges-louis-le_1791,1923,0.00058,junk,,,,
