uid,sent_id,gate_prob_nonjunk,gate_pred,s2_pred,s2_p_divine_teleology,s2_p_non_divine_teleology,s2_p_internal_essence
ia_bim_eighteenth-century_histoire-naturelle-eng_leclerc-georges-louis-_1780_6,1,0.00157,junk,,,,
ia_bim_eighteenth-century_histoire-naturelle-eng_leclerc-georges-louis-_1780_6,2,0.00126,junk,,,,
ia_bim_eighteenth-century_histoire-naturelle-eng_leclerc-georges-louis-_1780_6,3,0.97745,non_junk,non_divine_teleology,0.01455,0.86542,0.12002
ia_bim_eighteenth-century_histoire-naturelle-eng_leclerc-georges-louis-_1780_6,4,0.44264,junk,,,,
ia_bim_eighteenth-century_histoire-naturelle-eng_leclerc-georges-louis-_1780_6,5,0.43244,junk,,,,
ia_bim_eighteenth-century_histoire-naturelle-eng_leclerc-georges-louis-_1780_6,6,0.00322,junk,,,,
ia_bim_eighteenth-century_histoire-naturelle-eng_leclerc-georges-louis-_1780_6,7,0.00035,junk,,,,
ia_bim_eighteenth-century_histoire-naturelle-eng_leclerc-georges-louis-_1780_6,8,0.0145,junk,,,,
ia_bim_eighteenth-century_histoire-naturelle-eng_leclerc-georges-louis-_1780_6,9,0.04008,junk,,,,
ia_bim_eighteenth-century_histoire-naturelle-eng_leclerc-georges-louis-_1780_6,10,0.82777,non_junk,non_divine_teleology,0.15521,0.48989,0.3549
ia_bim_eighteenth-century_histoire-naturelle-eng_leclerc-georges-louis-_1780_6,11,0.66493,non_junk,non_divine_teleology,0.11895,0.77484,0.10621
ia_bim_eighteenth-century_histoire-naturelle-eng_leclerc-georges-louis-_1780_6,12,0.47461,junk,,,,
ia_bim_eighteenth-century_histoire-naturelle-eng_leclerc-georges-louis-_1780_6,13,0.32779,junk,,,,
ia_bim_eighteenth-century_histoire-naturelle-eng_leclerc-georges-louis-_1780_6,14,0.00609,junk,,,,
ia_bim_eighteenth-century_histoire-naturelle-eng_leclerc-georges-louis-_1780_6,15,0.0606,junk,,,,
ia_bim_eighteenth-century_histoire-naturelle-eng_leclerc-georges-louis-_1780_6,16,0.0361,junk,,,,
ia_bim_eighteenth-century_histoire-naturelle-eng_leclerc-georges-louis-_1780_6,17,0.00816,junk,,,,
ia_bim_eighteenth-century_histoire-naturelle-eng_leclerc-georges-louis-_1780_6,18,0.0057,junk,,,,
ia_bim_eighteenth-century_histoire-naturelle-eng_leclerc-georges-louis-_1780_6,19,0.00098,junk,,,,
ia_bim_eighteenth-century_histoire-naturelle-eng_leclerc-georges-louis-_1780_6,20,0.01329,junk,,,,
ia_bim_eighteenth-century_histoire-naturelle-eng_leclerc-georges-louis-_1780_6,21,0.65111,non_junk,non_divine_teleology,0.12234,0.85661,0.02105
ia_bim_eighteenth-century_histoire-naturelle-eng_leclerc-georges-louis-_1780_6,22,0.02668,junk,,,,
ia_bim_eighteenth-century_histoire-naturelle-eng_leclerc-georges-louis-_1780_6,23,0.00166,junk,,,,
ia_bim_eighteenth-century_histoire-naturelle-eng_leclerc-georges-louis-_1780_6,24,0.00129,junk,,,,
ia_bim_eighteenth-century_histoire-naturelle-eng_leclerc-georges-louis-_1780_6,25,0.05759,junk,,,,
ia_bim_eighteenth-century_histoire-naturelle-eng_leclerc-georges-louis-_1780_6,26,0.05166,junk,,,,
ia_bim_eighteenth-century_histoire-naturelle-eng_leclerc-georges-louis-_1780_6,27,0.22526,junk,,,,
ia_bim_eighteenth-century_histoire-naturelle-eng_leclerc-georges-louis-_1780_6,28,0.64395,non_junk,non_divine_teleology,0.01022,0.93687,0.05291
ia_bim_eighteenth-century_histoire-naturelle-eng_leclerc-georges-louis-_1780_6,29,0.66696,non_junk,non_divine_teleology,0.02868,0.95949,0.01183
ia_bim_eighteenth-century_histoire-naturelle-eng_leclerc-georges-louis-_1780_6,30,0.00791,junk,,,,
ia_bim_eighteenth-century_histoire-naturelle-eng_leclerc-georges-louis-_1780_6,31,0.02287,junk,,,,
ia_bim_eighteenth-century_histoire-naturelle-eng_leclerc-georges-louis-_1780_6,32,0.02018,junk,,,,
ia_bim_eighteenth-century_histoire-naturelle-eng_leclerc-georges-louis-_1780_6,33,0.95968,non_junk,non_divine_teleology,0.05586,0.92548,0.01866
ia_bim_eighteenth-century_histoire-naturelle-eng_leclerc-georges-louis-_1780_6,34,0.98408,non_junk,non_divine_teleology,0.03402,0.90825,0.05773
ia_bim_eighteenth-century_histoire-naturelle-eng_leclerc-georges-louis-_1780_6,35,0.45156,junk,,,,
ia_bim_eighteenth-century_histoire-naturelle-eng_leclerc-georges-louis-_1780_6,36,0.06246,junk,,,,
ia_bim_eighteenth-century_histoire-naturelle-eng_leclerc-georges-louis-_1780_6,37,0.15382,junk,,,,
ia_bim_eighteenth-century_histoire-naturelle-eng_leclerc-georges-louis-_1780_6,38,0.08078,junk,,,,
ia_bim_eighteenth-century_histoire-naturelle-eng_leclerc-georges-louis-_1780_6,39,0.0014,junk,,,,
ia_bim_eighteenth-century_histoire-naturelle-eng_leclerc-georges-louis-_1780_6,40,0.05078,junk,,,,
ia_bim_eighteenth-century_histoire-naturelle-eng_leclerc-georges-louis-_1780_6,41,0.00047,junk,,,,
ia_bim_eighteenth-century_histoire-naturelle-eng_leclerc-georges-louis-_1780_6,42,0.01092,junk,,,,
ia_bim_eighteenth-century_histoire-naturelle-eng_leclerc-georges-louis-_1780_6,43,0.76996,non_junk,non_divine_teleology,0.00793,0.9867,0.00537
ia_bim_eighteenth-century_histoire-naturelle-eng_leclerc-georges-louis-_1780_6,44,0.0036,junk,,,,
ia_bim_eighteenth-century_histoire-naturelle-eng_leclerc-georges-louis-_1780_6,45,0.00047,junk,,,,
ia_bim_eighteenth-century_histoire-naturelle-eng_leclerc-georges-louis-_1780_6,46,0.00047,junk,,,,
ia_bim_eighteenth-century_histoire-naturelle-eng_leclerc-georges-louis-_1780_6,47,0.02953,junk,,,,
ia_bim_eighteenth-century_histoire-naturelle-eng_leclerc-georges-louis-_1780_6,48,0.04867,junk,,,,
ia_bim_eighteenth-century_histoire-naturelle-eng_leclerc-georges-louis-_1780_6,49,0.78453,non_junk,non_divine_teleology,0.00564,0.98044,0.01392
ia_bim_eighteenth-century_histoire-naturelle-eng_leclerc-georges-louis-_1780_6,50,0.24842,junk,,,,
ia_bim_eighteenth-century_histoire-naturelle-eng_leclerc-georges-louis-_1780_6,51,0.00533,junk,,,,
ia_bim_eighteenth-century_histoire-naturelle-eng_leclerc-georges-louis-_1780_6,52,0.78453,non_junk,non_divine_teleology,0.00564,0.98044,0.01392
ia_bim_eighteenth-century_histoire-naturelle-eng_leclerc-georges-louis-_1780_6,53,0.24842,junk,,,,
ia_bim_eighteenth-century_histoire-naturelle-eng_leclerc-georges-louis-_1780_6,54,0.00914,junk,,,,
ia_bim_eighteenth-century_histoire-naturelle-eng_leclerc-georges-louis-_1780_6,55,0.00392,junk,,,,
ia_bim_eighteenth-century_histoire-naturelle-eng_leclerc-georges-louis-_1780_6,56,0.00312,junk,,,,
ia_bim_eighteenth-century_histoire-naturelle-eng_leclerc-georges-louis-_1780_6,57,0.66667,non_junk,non_divine_teleology,0.00221,0.9797,0.01809
ia_bim_eighteenth-century_histoire-naturelle-eng_leclerc-georges-louis-_1780_6,58,0.02905,junk,,,,
ia_bim_eighteenth-century_histoire-naturelle-eng_leclerc-georges-louis-_1780_6,59,0.66135,non_junk,non_divine_teleology,0.00882,0.74664,0.24454
ia_bim_eighteenth-century_histoire-naturelle-eng_leclerc-georges-louis-_1780_6,60,0.14206,junk,,,,
ia_bim_eighteenth-century_histoire-naturelle-eng_leclerc-georges-louis-_1780_6,61,0.15504,junk,,,,
ia_bim_eighteenth-century_histoire-naturelle-eng_leclerc-georges-louis-_1780_6,62,0.00169,junk,,,,
ia_bim_eighteenth-century_histoire-naturelle-eng_leclerc-georges-louis-_1780_6,63,0.00039,junk,,,,
ia_bim_eighteenth-century_histoire-naturelle-eng_leclerc-georges-louis-_1780_6,64,0.1104,junk,,,,
ia_bim_eighteenth-century_histoire-naturelle-eng_leclerc-georges-louis-_1780_6,65,0.65975,non_junk,non_divine_teleology,0.01605,0.96046,0.02349
ia_bim_eighteenth-century_histoire-naturelle-eng_leclerc-georges-louis-_1780_6,66,0.80624,non_junk,non_divine_teleology,0.06457,0.89935,0.03608
ia_bim_eighteenth-century_histoire-naturelle-eng_leclerc-georges-louis-_1780_6,67,0.08448,junk,,,,
ia_bim_eighteenth-century_histoire-naturelle-eng_leclerc-georges-louis-_1780_6,68,0.06113,junk,,,,
ia_bim_eighteenth-century_histoire-naturelle-eng_leclerc-georges-louis-_1780_6,69,0.04214,junk,,,,
ia_bim_eighteenth-century_histoire-naturelle-eng_leclerc-georges-louis-_1780_6,70,0.00051,junk,,,,
ia_bim_eighteenth-century_histoire-naturelle-eng_leclerc-georges-louis-_1780_6,71,0.00482,junk,,,,
ia_bim_eighteenth-century_histoire-naturelle-eng_leclerc-georges-louis-_1780_6,72,0.00952,junk,,,,
ia_bim_eighteenth-century_histoire-naturelle-eng_leclerc-georges-louis-_1780_6,73,0.09061,junk,,,,
ia_bim_eighteenth-century_histoire-naturelle-eng_leclerc-georges-louis-_1780_6,74,0.48926,junk,,,,
ia_bim_eighteenth-century_histoire-naturelle-eng_leclerc-georges-louis-_1780_6,75,0.96922,non_junk,non_divine_teleology,0.01127,0.97127,0.01745
ia_bim_eighteenth-century_histoire-naturelle-eng_leclerc-georges-louis-_1780_6,76,0.43002,junk,,,,
ia_bim_eighteenth-century_histoire-naturelle-eng_leclerc-georges-louis-_1780_6,77,0.02854,junk,,,,
ia_bim_eighteenth-century_histoire-naturelle-eng_leclerc-georges-louis-_1780_6,78,0.25377,junk,,,,
ia_bim_eighteenth-century_histoire-naturelle-eng_leclerc-georges-louis-_1780_6,79,0.00877,junk,,,,
ia_bim_eighteenth-century_histoire-naturelle-eng_leclerc-georges-louis-_1780_6,80,0.00451,junk,,,,
ia_bim_eighteenth-century_histoire-naturelle-eng_leclerc-georges-louis-_1780_6,81,0.26522,junk,,,,
ia_bim_eighteenth-century_histoire-naturelle-eng_leclerc-georges-louis-_1780_6,82,0.08024,junk,,,,
ia_bim_eighteenth-century_histoire-naturelle-eng_leclerc-georges-louis-_1780_6,83,0.0461,junk,,,,
ia_bim_eighteenth-century_histoire-naturelle-eng_leclerc-georges-louis-_1780_6,84,0.00014,junk,,,,
ia_bim_eighteenth-century_histoire-naturelle-eng_leclerc-georges-louis-_1780_6,85,0.00241,junk,,,,
ia_bim_eighteenth-century_histoire-naturelle-eng_leclerc-georges-louis-_1780_6,86,0.03311,junk,,,,
ia_bim_eighteenth-century_histoire-naturelle-eng_leclerc-georges-louis-_1780_6,87,0.00091,junk,,,,
ia_bim_eighteenth-century_histoire-naturelle-eng_leclerc-georges-louis-_1780_6,88,0.46259,junk,,,,
ia_bim_eighteenth-century_histoire-naturelle-eng_leclerc-georges-louis-_1780_6,89,0.00024,junk,,,,
ia_bim_eighteenth-century_histoire-naturelle-eng_leclerc-georges-louis-_1780_6,90,0.05516,junk,,,,
ia_bim_eighteenth-century_histoire-naturelle-eng_leclerc-georges-louis-_1780_6,91,0.1546,junk,,,,
ia_bim_eighteenth-century_histoire-naturelle-eng_leclerc-georges-louis-_1780_6,92,0.04531,junk,,,,
ia_bim_eighteenth-century_histoire-naturelle-eng_leclerc-georges-louis-_1780_6,93,0.73022,non_junk,non_divine_teleology,0.02562,0.69179,0.28259
ia_bim_eighteenth-century_histoire-naturelle-eng_leclerc-georges-louis-_1780_6,94,0.00032,junk,,,,
ia_bim_eighteenth-century_histoire-naturelle-eng_leclerc-georges-louis-_1780_6,95,0.0136,junk,,,,
ia_bim_eighteenth-century_histoire-naturelle-eng_leclerc-georges-louis-_1780_6,96,0.91304,non_junk,non_divine_teleology,0.00099,0.99497,0.00404
ia_bim_eighteenth-century_histoire-naturelle-eng_leclerc-georges-louis-_1780_6,97,0.04559,junk,,,,
ia_bim_eighteenth-century_histoire-naturelle-eng_leclerc-georges-louis-_1780_6,98,0.00287,junk,,,,
ia_bim_eighteenth-century_histoire-naturelle-eng_leclerc-georges-louis-_1780_6,99,0.22665,junk,,,,
ia_bim_eighteenth-century_histoire-naturelle-eng_leclerc-georges-louis-_1780_6,100,0.00052,junk,,,,
ia_bim_eighteenth-century_histoire-naturelle-eng_leclerc-georges-louis-_1780_6,101,0.00661,junk,,,,
ia_bim_eighteenth-century_histoire-naturelle-eng_leclerc-georges-louis-_1780_6,102,0.08977,junk,,,,
ia_bim_eighteenth-century_histoire-naturelle-eng_leclerc-georges-louis-_1780_6,103,0.00431,junk,,,,
ia_bim_eighteenth-century_histoire-naturelle-eng_leclerc-georges-louis-_1780_6,104,0.00029,junk,,,,
ia_bim_eighteenth-century_histoire-naturelle-eng_leclerc-georges-louis-_1780_6,105,0.0005,junk,,,,
ia_bim_eighteenth-century_histoire-naturelle-eng_leclerc-georges-louis-_1780_6,106,2e-05,junk,,,,
ia_bim_eighteenth-century_histoire-naturelle-eng_leclerc-georges-louis-_1780_6,107,0.26531,junk,,,,
ia_bim_eighteenth-century_histoire-naturelle-eng_leclerc-georges-louis-_1780_6,108,0.00156,junk,,,,
ia_bim_eighteenth-century_histoire-naturelle-eng_leclerc-georges-louis-_1780_6,109,0.00028,junk,,,,
ia_bim_eighteenth-century_histoire-naturelle-eng_leclerc-georges-louis-_1780_6,110,6e-05,junk,,,,
ia_bim_eighteenth-century_histoire-naturelle-eng_leclerc-georges-louis-_1780_6,111,0.11156,junk,,,,
ia_bim_eighteenth-century_histoire-naturelle-eng_leclerc-georges-louis-_1780_6,112,0.00034,junk,,,,
ia_bim_eighteenth-century_histoire-naturelle-eng_leclerc-georges-louis-_1780_6,113,0.61939,non_junk,non_divine_teleology,0.14383,0.7579,0.09827
ia_bim_eighteenth-century_histoire-naturelle-eng_leclerc-georges-louis-_1780_6,114,0.01406,junk,,,,
ia_bim_eighteenth-century_histoire-naturelle-eng_leclerc-georges-louis-_1780_6,115,0.04659,junk,,,,
ia_bim_eighteenth-century_histoire-naturelle-eng_leclerc-georges-louis-_1780_6,116,0.00046,junk,,,,
ia_bim_eighteenth-century_histoire-naturelle-eng_leclerc-georges-louis-_1780_6,117,0.02798,junk,,,,
ia_bim_eighteenth-century_histoire-naturelle-eng_leclerc-georges-louis-_1780_6,118,0.00438,junk,,,,
ia_bim_eighteenth-century_histoire-naturelle-eng_leclerc-georges-louis-_1780_6,119,0.31033,junk,,,,
ia_bim_eighteenth-century_histoire-naturelle-eng_leclerc-georges-louis-_1780_6,120,0.09779,junk,,,,
ia_bim_eighteenth-century_histoire-naturelle-eng_leclerc-georges-louis-_1780_6,121,0.18926,junk,,,,
ia_bim_eighteenth-century_histoire-naturelle-eng_leclerc-georges-louis-_1780_6,122,0.99017,non_junk,non_divine_teleology,0.12414,0.65061,0.22525
ia_bim_eighteenth-century_histoire-naturelle-eng_leclerc-georges-louis-_1780_6,123,0.01747,junk,,,,
ia_bim_eighteenth-century_histoire-naturelle-eng_leclerc-georges-louis-_1780_6,124,0.83907,non_junk,internal_essence,0.07982,0.40434,0.51584
ia_bim_eighteenth-century_histoire-naturelle-eng_leclerc-georges-louis-_1780_6,125,0.62843,non_junk,non_divine_teleology,0.04573,0.56271,0.39156
ia_bim_eighteenth-century_histoire-naturelle-eng_leclerc-georges-louis-_1780_6,126,0.00329,junk,,,,
ia_bim_eighteenth-century_histoire-naturelle-eng_leclerc-georges-louis-_1780_6,127,0.89055,non_junk,non_divine_teleology,0.09863,0.67409,0.22729
ia_bim_eighteenth-century_histoire-naturelle-eng_leclerc-georges-louis-_1780_6,128,0.99542,non_junk,non_divine_teleology,0.02554,0.88514,0.08932
ia_bim_eighteenth-century_histoire-naturelle-eng_leclerc-georges-louis-_1780_6,129,0.88867,non_junk,non_divine_teleology,0.02052,0.901,0.07848
ia_bim_eighteenth-century_histoire-naturelle-eng_leclerc-georges-louis-_1780_6,130,0.01038,junk,,,,
ia_bim_eighteenth-century_histoire-naturelle-eng_leclerc-georges-louis-_1780_6,131,0.02165,junk,,,,
ia_bim_eighteenth-century_histoire-naturelle-eng_leclerc-georges-louis-_1780_6,132,0.71714,non_junk,non_divine_teleology,0.02518,0.91134,0.06349
ia_bim_eighteenth-century_histoire-naturelle-eng_leclerc-georges-louis-_1780_6,133,0.01673,junk,,,,
ia_bim_eighteenth-century_histoire-naturelle-eng_leclerc-georges-louis-_1780_6,134,0.27797,junk,,,,
ia_bim_eighteenth-century_histoire-naturelle-eng_leclerc-georges-louis-_1780_6,135,0.99867,non_junk,non_divine_teleology,0.05261,0.83043,0.11696
ia_bim_eighteenth-century_histoire-naturelle-eng_leclerc-georges-louis-_1780_6,136,0.99684,non_junk,non_divine_teleology,0.01177,0.9251,0.06313
ia_bim_eighteenth-century_histoire-naturelle-eng_leclerc-georges-louis-_1780_6,137,0.25508,junk,,,,
ia_bim_eighteenth-century_histoire-naturelle-eng_leclerc-georges-louis-_1780_6,138,0.17541,junk,,,,
ia_bim_eighteenth-century_histoire-naturelle-eng_leclerc-georges-louis-_1780_6,139,0.37676,junk,,,,
ia_bim_eighteenth-century_histoire-naturelle-eng_leclerc-georges-louis-_1780_6,140,0.00016,junk,,,,
ia_bim_eighteenth-century_histoire-naturelle-eng_leclerc-georges-louis-_1780_6,141,0.03944,junk,,,,
ia_bim_eighteenth-century_histoire-naturelle-eng_leclerc-georges-louis-_1780_6,142,0.35397,junk,,,,
ia_bim_eighteenth-century_histoire-naturelle-eng_leclerc-georges-louis-_1780_6,143,0.02569,junk,,,,
ia_bim_eighteenth-century_histoire-naturelle-eng_leclerc-georges-louis-_1780_6,144,0.26443,junk,,,,
ia_bim_eighteenth-century_histoire-naturelle-eng_leclerc-georges-louis-_1780_6,145,0.60964,non_junk,non_divine_teleology,0.01007,0.95805,0.03188
ia_bim_eighteenth-century_histoire-naturelle-eng_leclerc-georges-louis-_1780_6,146,0.00046,junk,,,,
ia_bim_eighteenth-century_histoire-naturelle-eng_leclerc-georges-louis-_1780_6,147,0.00053,junk,,,,
ia_bim_eighteenth-century_histoire-naturelle-eng_leclerc-georges-louis-_1780_6,148,0.00738,junk,,,,
ia_bim_eighteenth-century_histoire-naturelle-eng_leclerc-georges-louis-_1780_6,149,0.00833,junk,,,,
ia_bim_eighteenth-century_histoire-naturelle-eng_leclerc-georges-louis-_1780_6,150,0.07547,junk,,,,
ia_bim_eighteenth-century_histoire-naturelle-eng_leclerc-georges-louis-_1780_6,151,0.05639,junk,,,,
ia_bim_eighteenth-century_histoire-naturelle-eng_leclerc-georges-louis-_1780_6,152,0.00135,junk,,,,
ia_bim_eighteenth-century_histoire-naturelle-eng_leclerc-georges-louis-_1780_6,153,0.00594,junk,,,,
ia_bim_eighteenth-century_histoire-naturelle-eng_leclerc-georges-louis-_1780_6,154,0.00987,junk,,,,
ia_bim_eighteenth-century_histoire-naturelle-eng_leclerc-georges-louis-_1780_6,155,0.88451,non_junk,non_divine_teleology,0.00232,0.99223,0.00545
ia_bim_eighteenth-century_histoire-naturelle-eng_leclerc-georges-louis-_1780_6,156,0.12404,junk,,,,
ia_bim_eighteenth-century_histoire-naturelle-eng_leclerc-georges-louis-_1780_6,157,0.01037,junk,,,,
ia_bim_eighteenth-century_histoire-naturelle-eng_leclerc-georges-louis-_1780_6,158,0.25361,junk,,,,
ia_bim_eighteenth-century_histoire-naturelle-eng_leclerc-georges-louis-_1780_6,159,0.69793,non_junk,non_divine_teleology,0.03607,0.90249,0.06144
ia_bim_eighteenth-century_histoire-naturelle-eng_leclerc-georges-louis-_1780_6,160,0.00329,junk,,,,
ia_bim_eighteenth-century_histoire-naturelle-eng_leclerc-georges-louis-_1780_6,161,0.0036,junk,,,,
ia_bim_eighteenth-century_histoire-naturelle-eng_leclerc-georges-louis-_1780_6,162,0.04821,junk,,,,
ia_bim_eighteenth-century_histoire-naturelle-eng_leclerc-georges-louis-_1780_6,163,0.00157,junk,,,,
ia_bim_eighteenth-century_histoire-naturelle-eng_leclerc-georges-louis-_1780_6,164,0.00794,junk,,,,
ia_bim_eighteenth-century_histoire-naturelle-eng_leclerc-georges-louis-_1780_6,165,0.02416,junk,,,,
ia_bim_eighteenth-century_histoire-naturelle-eng_leclerc-georges-louis-_1780_6,166,0.5363,non_junk,non_divine_teleology,0.01544,0.85942,0.12514
ia_bim_eighteenth-century_histoire-naturelle-eng_leclerc-georges-louis-_1780_6,167,0.00067,junk,,,,
ia_bim_eighteenth-century_histoire-naturelle-eng_leclerc-georges-louis-_1780_6,168,0.94094,non_junk,non_divine_teleology,0.06444,0.79746,0.13811
ia_bim_eighteenth-century_histoire-naturelle-eng_leclerc-georges-louis-_1780_6,169,0.64005,non_junk,non_divine_teleology,0.00651,0.94691,0.04659
ia_bim_eighteenth-century_histoire-naturelle-eng_leclerc-georges-louis-_1780_6,170,0.02223,junk,,,,
ia_bim_eighteenth-century_histoire-naturelle-eng_leclerc-georges-louis-_1780_6,171,0.00347,junk,,,,
ia_bim_eighteenth-century_histoire-naturelle-eng_leclerc-georges-louis-_1780_6,172,0.68005,non_junk,non_divine_teleology,0.01375,0.85551,0.13074
ia_bim_eighteenth-century_histoire-naturelle-eng_leclerc-georges-louis-_1780_6,173,0.00078,junk,,,,
ia_bim_eighteenth-century_histoire-naturelle-eng_leclerc-georges-louis-_1780_6,174,0.87807,non_junk,non_divine_teleology,0.00709,0.8941,0.0988
ia_bim_eighteenth-century_histoire-naturelle-eng_leclerc-georges-louis-_1780_6,175,0.47574,junk,,,,
ia_bim_eighteenth-century_histoire-naturelle-eng_leclerc-georges-louis-_1780_6,176,0.00784,junk,,,,
ia_bim_eighteenth-century_histoire-naturelle-eng_leclerc-georges-louis-_1780_6,177,0.00176,junk,,,,
ia_bim_eighteenth-century_histoire-naturelle-eng_leclerc-georges-louis-_1780_6,178,0.00041,junk,,,,
ia_bim_eighteenth-century_histoire-naturelle-eng_leclerc-georges-louis-_1780_6,179,0.00183,junk,,,,
ia_bim_eighteenth-century_histoire-naturelle-eng_leclerc-georges-louis-_1780_6,180,0.03726,junk,,,,
ia_bim_eighteenth-century_histoire-naturelle-eng_leclerc-georges-louis-_1780_6,181,0.00796,junk,,,,
ia_bim_eighteenth-century_histoire-naturelle-eng_leclerc-georges-louis-_1780_6,182,0.10419,junk,,,,
ia_bim_eighteenth-century_histoire-naturelle-eng_leclerc-georges-louis-_1780_6,183,3e-05,junk,,,,
ia_bim_eighteenth-century_histoire-naturelle-eng_leclerc-georges-louis-_1780_6,184,0.01094,junk,,,,
ia_bim_eighteenth-century_histoire-naturelle-eng_leclerc-georges-louis-_1780_6,185,3e-05,junk,,,,
ia_bim_eighteenth-century_histoire-naturelle-eng_leclerc-georges-louis-_1780_6,186,0.01428,junk,,,,
ia_bim_eighteenth-century_histoire-naturelle-eng_leclerc-georges-louis-_1780_6,187,0.06364,junk,,,,
ia_bim_eighteenth-century_histoire-naturelle-eng_leclerc-georges-louis-_1780_6,188,0.02466,junk,,,,
ia_bim_eighteenth-century_histoire-naturelle-eng_leclerc-georges-louis-_1780_6,189,0.00045,junk,,,,
ia_bim_eighteenth-century_histoire-naturelle-eng_leclerc-georges-louis-_1780_6,190,0.00832,junk,,,,
ia_bim_eighteenth-century_histoire-naturelle-eng_leclerc-georges-louis-_1780_6,191,0.07203,junk,,,,
ia_bim_eighteenth-century_histoire-naturelle-eng_leclerc-georges-louis-_1780_6,192,0.00587,junk,,,,
ia_bim_eighteenth-century_histoire-naturelle-eng_leclerc-georges-louis-_1780_6,193,0.00257,junk,,,,
ia_bim_eighteenth-century_histoire-naturelle-eng_leclerc-georges-louis-_1780_6,194,0.02642,junk,,,,
ia_bim_eighteenth-century_histoire-naturelle-eng_leclerc-georges-louis-_1780_6,195,0.5555,non_junk,non_divine_teleology,0.23489,0.72754,0.03756
ia_bim_eighteenth-century_histoire-naturelle-eng_leclerc-georges-louis-_1780_6,196,0.16059,junk,,,,
ia_bim_eighteenth-century_histoire-naturelle-eng_leclerc-georges-louis-_1780_6,197,0.01263,junk,,,,
ia_bim_eighteenth-century_histoire-naturelle-eng_leclerc-georges-louis-_1780_6,198,0.01283,junk,,,,
ia_bim_eighteenth-century_histoire-naturelle-eng_leclerc-georges-louis-_1780_6,199,0.14733,junk,,,,
ia_bim_eighteenth-century_histoire-naturelle-eng_leclerc-georges-louis-_1780_6,200,0.01052,junk,,,,
ia_bim_eighteenth-century_histoire-naturelle-eng_leclerc-georges-louis-_1780_6,201,0.04293,junk,,,,
ia_bim_eighteenth-century_histoire-naturelle-eng_leclerc-georges-louis-_1780_6,202,0.12016,junk,,,,
ia_bim_eighteenth-century_histoire-naturelle-eng_leclerc-georges-louis-_1780_6,203,0.0008,junk,,,,
ia_bim_eighteenth-century_histoire-naturelle-eng_leclerc-georges-louis-_1780_6,204,0.00207,junk,,,,
ia_bim_eighteenth-century_histoire-naturelle-eng_leclerc-georges-louis-_1780_6,205,0.00242,junk,,,,
ia_bim_eighteenth-century_histoire-naturelle-eng_leclerc-georges-louis-_1780_6,206,0.00141,junk,,,,
ia_bim_eighteenth-century_histoire-naturelle-eng_leclerc-georges-louis-_1780_6,207,0.01931,junk,,,,
ia_bim_eighteenth-century_histoire-naturelle-eng_leclerc-georges-louis-_1780_6,208,0.00038,junk,,,,
ia_bim_eighteenth-century_histoire-naturelle-eng_leclerc-georges-louis-_1780_6,209,0.00046,junk,,,,
ia_bim_eighteenth-century_histoire-naturelle-eng_leclerc-georges-louis-_1780_6,210,5e-05,junk,,,,
ia_bim_eighteenth-century_histoire-naturelle-eng_leclerc-georges-louis-_1780_6,211,0.00137,junk,,,,
ia_bim_eighteenth-century_histoire-naturelle-eng_leclerc-georges-louis-_1780_6,212,0.00026,junk,,,,
ia_bim_eighteenth-century_histoire-naturelle-eng_leclerc-georges-louis-_1780_6,213,0.01553,junk,,,,
ia_bim_eighteenth-century_histoire-naturelle-eng_leclerc-georges-louis-_1780_6,214,0.00952,junk,,,,
ia_bim_eighteenth-century_histoire-naturelle-eng_leclerc-georges-louis-_1780_6,215,0.00998,junk,,,,
ia_bim_eighteenth-century_histoire-naturelle-eng_leclerc-georges-louis-_1780_6,216,0.01205,junk,,,,
ia_bim_eighteenth-century_histoire-naturelle-eng_leclerc-georges-louis-_1780_6,217,5e-05,junk,,,,
ia_bim_eighteenth-century_histoire-naturelle-eng_leclerc-georges-louis-_1780_6,218,0.02611,junk,,,,
ia_bim_eighteenth-century_histoire-naturelle-eng_leclerc-georges-louis-_1780_6,219,4e-05,junk,,,,
ia_bim_eighteenth-century_histoire-naturelle-eng_leclerc-georges-louis-_1780_6,220,0.38985,junk,,,,
ia_bim_eighteenth-century_histoire-naturelle-eng_leclerc-georges-louis-_1780_6,221,0.01005,junk,,,,
ia_bim_eighteenth-century_histoire-naturelle-eng_leclerc-georges-louis-_1780_6,222,0.0018,junk,,,,
ia_bim_eighteenth-century_histoire-naturelle-eng_leclerc-georges-louis-_1780_6,223,0.0035,junk,,,,
ia_bim_eighteenth-century_histoire-naturelle-eng_leclerc-georges-louis-_1780_6,224,0.00661,junk,,,,
ia_bim_eighteenth-century_histoire-naturelle-eng_leclerc-georges-louis-_1780_6,225,0.0003,junk,,,,
ia_bim_eighteenth-century_histoire-naturelle-eng_leclerc-georges-louis-_1780_6,226,0.01073,junk,,,,
ia_bim_eighteenth-century_histoire-naturelle-eng_leclerc-georges-louis-_1780_6,227,0.29047,junk,,,,
ia_bim_eighteenth-century_histoire-naturelle-eng_leclerc-georges-louis-_1780_6,228,0.00639,junk,,,,
ia_bim_eighteenth-century_histoire-naturelle-eng_leclerc-georges-louis-_1780_6,229,0.16972,junk,,,,
ia_bim_eighteenth-century_histoire-naturelle-eng_leclerc-georges-louis-_1780_6,230,0.98001,non_junk,non_divine_teleology,0.00972,0.96641,0.02387
ia_bim_eighteenth-century_histoire-naturelle-eng_leclerc-georges-louis-_1780_6,231,0.00197,junk,,,,
ia_bim_eighteenth-century_histoire-naturelle-eng_leclerc-georges-louis-_1780_6,232,0.00967,junk,,,,
ia_bim_eighteenth-century_histoire-naturelle-eng_leclerc-georges-louis-_1780_6,233,5e-05,junk,,,,
ia_bim_eighteenth-century_histoire-naturelle-eng_leclerc-georges-louis-_1780_6,234,0.0097,junk,,,,
ia_bim_eighteenth-century_histoire-naturelle-eng_leclerc-georges-louis-_1780_6,235,0.00136,junk,,,,
ia_bim_eighteenth-century_histoire-naturelle-eng_leclerc-georges-louis-_1780_6,236,8e-05,junk,,,,
ia_bim_eighteenth-century_histoire-naturelle-eng_leclerc-georges-louis-_1780_6,237,0.00014,junk,,,,
ia_bim_eighteenth-century_histoire-naturelle-eng_leclerc-georges-louis-_1780_6,238,8e-05,junk,,,,
ia_bim_eighteenth-century_histoire-naturelle-eng_leclerc-georges-louis-_1780_6,239,0.00115,junk,,,,
ia_bim_eighteenth-century_histoire-naturelle-eng_leclerc-georges-louis-_1780_6,240,0.02287,junk,,,,
ia_bim_eighteenth-century_histoire-naturelle-eng_leclerc-georges-louis-_1780_6,241,8e-05,junk,,,,
ia_bim_eighteenth-century_histoire-naturelle-eng_leclerc-georges-louis-_1780_6,242,0.00115,junk,,,,
ia_bim_eighteenth-century_histoire-naturelle-eng_leclerc-georges-louis-_1780_6,243,0.00055,junk,,,,
ia_bim_eighteenth-century_histoire-naturelle-eng_leclerc-georges-louis-_1780_6,244,0.2307,junk,,,,
ia_bim_eighteenth-century_histoire-naturelle-eng_leclerc-georges-louis-_1780_6,245,0.99101,non_junk,non_divine_teleology,0.00482,0.95563,0.03956
ia_bim_eighteenth-century_histoire-naturelle-eng_leclerc-georges-louis-_1780_6,246,0.91889,non_junk,non_divine_teleology,0.00762,0.97856,0.01383
ia_bim_eighteenth-century_histoire-naturelle-eng_leclerc-georges-louis-_1780_6,247,0.5248,non_junk,non_divine_teleology,0.0288,0.86236,0.10884
ia_bim_eighteenth-century_histoire-naturelle-eng_leclerc-georges-louis-_1780_6,248,0.99482,non_junk,non_divine_teleology,0.01173,0.91035,0.07792
ia_bim_eighteenth-century_histoire-naturelle-eng_leclerc-georges-louis-_1780_6,249,0.01422,junk,,,,
ia_bim_eighteenth-century_histoire-naturelle-eng_leclerc-georges-louis-_1780_6,250,0.00168,junk,,,,
ia_bim_eighteenth-century_histoire-naturelle-eng_leclerc-georges-louis-_1780_6,251,0.01422,junk,,,,
ia_bim_eighteenth-century_histoire-naturelle-eng_leclerc-georges-louis-_1780_6,252,0.00168,junk,,,,
ia_bim_eighteenth-century_histoire-naturelle-eng_leclerc-georges-louis-_1780_6,253,0.00245,junk,,,,
ia_bim_eighteenth-century_histoire-naturelle-eng_leclerc-georges-louis-_1780_6,254,0.00051,junk,,,,
ia_bim_eighteenth-century_histoire-naturelle-eng_leclerc-georges-louis-_1780_6,255,0.00088,junk,,,,
ia_bim_eighteenth-century_histoire-naturelle-eng_leclerc-georges-louis-_1780_6,256,0.00102,junk,,,,
ia_bim_eighteenth-century_histoire-naturelle-eng_leclerc-georges-louis-_1780_6,257,0.00021,junk,,,,
ia_bim_eighteenth-century_histoire-naturelle-eng_leclerc-georges-louis-_1780_6,258,5e-05,junk,,,,
ia_bim_eighteenth-century_histoire-naturelle-eng_leclerc-georges-louis-_1780_6,259,0.00119,junk,,,,
ia_bim_eighteenth-century_histoire-naturelle-eng_leclerc-georges-louis-_1780_6,260,0.0053,junk,,,,
ia_bim_eighteenth-century_histoire-naturelle-eng_leclerc-georges-louis-_1780_6,261,0.00088,junk,,,,
ia_bim_eighteenth-century_histoire-naturelle-eng_leclerc-georges-louis-_1780_6,262,0.97047,non_junk,non_divine_teleology,0.00854,0.97502,0.01644
ia_bim_eighteenth-century_histoire-naturelle-eng_leclerc-georges-louis-_1780_6,263,0.00775,junk,,,,
ia_bim_eighteenth-century_histoire-naturelle-eng_leclerc-georges-louis-_1780_6,264,0.00029,junk,,,,
ia_bim_eighteenth-century_histoire-naturelle-eng_leclerc-georges-louis-_1780_6,265,0.00082,junk,,,,
ia_bim_eighteenth-century_histoire-naturelle-eng_leclerc-georges-louis-_1780_6,266,0.05038,junk,,,,
ia_bim_eighteenth-century_histoire-naturelle-eng_leclerc-georges-louis-_1780_6,267,0.00018,junk,,,,
ia_bim_eighteenth-century_histoire-naturelle-eng_leclerc-georges-louis-_1780_6,268,0.94621,non_junk,non_divine_teleology,0.01433,0.91763,0.06804
ia_bim_eighteenth-century_histoire-naturelle-eng_leclerc-georges-louis-_1780_6,269,0.00067,junk,,,,
ia_bim_eighteenth-century_histoire-naturelle-eng_leclerc-georges-louis-_1780_6,270,0.98169,non_junk,non_divine_teleology,0.01415,0.81514,0.17071
ia_bim_eighteenth-century_histoire-naturelle-eng_leclerc-georges-louis-_1780_6,271,0.01738,junk,,,,
ia_bim_eighteenth-century_histoire-naturelle-eng_leclerc-georges-louis-_1780_6,272,3e-05,junk,,,,
ia_bim_eighteenth-century_histoire-naturelle-eng_leclerc-georges-louis-_1780_6,273,0.00191,junk,,,,
ia_bim_eighteenth-century_histoire-naturelle-eng_leclerc-georges-louis-_1780_6,274,0.00312,junk,,,,
ia_bim_eighteenth-century_histoire-naturelle-eng_leclerc-georges-louis-_1780_6,275,0.53479,non_junk,non_divine_teleology,0.02899,0.95599,0.01501
ia_bim_eighteenth-century_histoire-naturelle-eng_leclerc-georges-louis-_1780_6,276,0.03359,junk,,,,
ia_bim_eighteenth-century_histoire-naturelle-eng_leclerc-georges-louis-_1780_6,277,0.00472,junk,,,,
ia_bim_eighteenth-century_histoire-naturelle-eng_leclerc-georges-louis-_1780_6,278,0.0002,junk,,,,
ia_bim_eighteenth-century_histoire-naturelle-eng_leclerc-georges-louis-_1780_6,279,0.02629,junk,,,,
ia_bim_eighteenth-century_histoire-naturelle-eng_leclerc-georges-louis-_1780_6,280,0.16612,junk,,,,
ia_bim_eighteenth-century_histoire-naturelle-eng_leclerc-georges-louis-_1780_6,281,0.00189,junk,,,,
ia_bim_eighteenth-century_histoire-naturelle-eng_leclerc-georges-louis-_1780_6,282,8e-05,junk,,,,
ia_bim_eighteenth-century_histoire-naturelle-eng_leclerc-georges-louis-_1780_6,283,0.00012,junk,,,,
ia_bim_eighteenth-century_histoire-naturelle-eng_leclerc-georges-louis-_1780_6,284,0.65319,non_junk,non_divine_teleology,0.03873,0.91931,0.04196
ia_bim_eighteenth-century_histoire-naturelle-eng_leclerc-georges-louis-_1780_6,285,0.00218,junk,,,,
ia_bim_eighteenth-century_histoire-naturelle-eng_leclerc-georges-louis-_1780_6,286,0.56731,non_junk,non_divine_teleology,0.0462,0.90961,0.04419
ia_bim_eighteenth-century_histoire-naturelle-eng_leclerc-georges-louis-_1780_6,287,0.13422,junk,,,,
ia_bim_eighteenth-century_histoire-naturelle-eng_leclerc-georges-louis-_1780_6,288,0.1582,junk,,,,
ia_bim_eighteenth-century_histoire-naturelle-eng_leclerc-georges-louis-_1780_6,289,0.00176,junk,,,,
ia_bim_eighteenth-century_histoire-naturelle-eng_leclerc-georges-louis-_1780_6,290,0.00238,junk,,,,
ia_bim_eighteenth-century_histoire-naturelle-eng_leclerc-georges-louis-_1780_6,291,0.01795,junk,,,,
ia_bim_eighteenth-century_histoire-naturelle-eng_leclerc-georges-louis-_1780_6,292,0.00465,junk,,,,
ia_bim_eighteenth-century_histoire-naturelle-eng_leclerc-georges-louis-_1780_6,293,0.71458,non_junk,non_divine_teleology,0.01966,0.95146,0.02888
ia_bim_eighteenth-century_histoire-naturelle-eng_leclerc-georges-louis-_1780_6,294,0.00508,junk,,,,
ia_bim_eighteenth-century_histoire-naturelle-eng_leclerc-georges-louis-_1780_6,295,0.00293,junk,,,,
ia_bim_eighteenth-century_histoire-naturelle-eng_leclerc-georges-louis-_1780_6,296,0.00756,junk,,,,
ia_bim_eighteenth-century_histoire-naturelle-eng_leclerc-georges-louis-_1780_6,297,0.71335,non_junk,non_divine_teleology,0.05453,0.77888,0.1666
ia_bim_eighteenth-century_histoire-naturelle-eng_leclerc-georges-louis-_1780_6,298,0.07805,junk,,,,
ia_bim_eighteenth-century_histoire-naturelle-eng_leclerc-georges-louis-_1780_6,299,0.00844,junk,,,,
ia_bim_eighteenth-century_histoire-naturelle-eng_leclerc-georges-louis-_1780_6,300,0.00304,junk,,,,
ia_bim_eighteenth-century_histoire-naturelle-eng_leclerc-georges-louis-_1780_6,301,7e-05,junk,,,,
ia_bim_eighteenth-century_histoire-naturelle-eng_leclerc-georges-louis-_1780_6,302,0.04051,junk,,,,
ia_bim_eighteenth-century_histoire-naturelle-eng_leclerc-georges-louis-_1780_6,303,0.00152,junk,,,,
ia_bim_eighteenth-century_histoire-naturelle-eng_leclerc-georges-louis-_1780_6,304,0.99709,non_junk,non_divine_teleology,0.00288,0.96117,0.03595
ia_bim_eighteenth-century_histoire-naturelle-eng_leclerc-georges-louis-_1780_6,305,0.99076,non_junk,non_divine_teleology,0.0027,0.96152,0.03578
ia_bim_eighteenth-century_histoire-naturelle-eng_leclerc-georges-louis-_1780_6,306,0.2488,junk,,,,
ia_bim_eighteenth-century_histoire-naturelle-eng_leclerc-georges-louis-_1780_6,307,0.66236,non_junk,internal_essence,0.01094,0.08931,0.89975
ia_bim_eighteenth-century_histoire-naturelle-eng_leclerc-georges-louis-_1780_6,308,0.06954,junk,,,,
ia_bim_eighteenth-century_histoire-naturelle-eng_leclerc-georges-louis-_1780_6,309,0.0001,junk,,,,
ia_bim_eighteenth-century_histoire-naturelle-eng_leclerc-georges-louis-_1780_6,310,0.06954,junk,,,,
ia_bim_eighteenth-century_histoire-naturelle-eng_leclerc-georges-louis-_1780_6,311,0.0001,junk,,,,
ia_bim_eighteenth-century_histoire-naturelle-eng_leclerc-georges-louis-_1780_6,312,0.77257,non_junk,non_divine_teleology,0.00519,0.94819,0.04662
ia_bim_eighteenth-century_histoire-naturelle-eng_leclerc-georges-louis-_1780_6,313,0.0021,junk,,,,
ia_bim_eighteenth-century_histoire-naturelle-eng_leclerc-georges-louis-_1780_6,314,0.01035,junk,,,,
ia_bim_eighteenth-century_histoire-naturelle-eng_leclerc-georges-louis-_1780_6,315,0.32862,junk,,,,
ia_bim_eighteenth-century_histoire-naturelle-eng_leclerc-georges-louis-_1780_6,316,0.23027,junk,,,,
ia_bim_eighteenth-century_histoire-naturelle-eng_leclerc-georges-louis-_1780_6,317,0.13194,junk,,,,
ia_bim_eighteenth-century_histoire-naturelle-eng_leclerc-georges-louis-_1780_6,318,0.00261,junk,,,,
ia_bim_eighteenth-century_histoire-naturelle-eng_leclerc-georges-louis-_1780_6,319,0.12606,junk,,,,
ia_bim_eighteenth-century_histoire-naturelle-eng_leclerc-georges-louis-_1780_6,320,0.25469,junk,,,,
ia_bim_eighteenth-century_histoire-naturelle-eng_leclerc-georges-louis-_1780_6,321,0.00336,junk,,,,
ia_bim_eighteenth-century_histoire-naturelle-eng_leclerc-georges-louis-_1780_6,322,0.93451,non_junk,non_divine_teleology,0.02804,0.96192,0.01005
ia_bim_eighteenth-century_histoire-naturelle-eng_leclerc-georges-louis-_1780_6,323,0.02825,junk,,,,
ia_bim_eighteenth-century_histoire-naturelle-eng_leclerc-georges-louis-_1780_6,324,0.00184,junk,,,,
ia_bim_eighteenth-century_histoire-naturelle-eng_leclerc-georges-louis-_1780_6,325,0.20915,junk,,,,
ia_bim_eighteenth-century_histoire-naturelle-eng_leclerc-georges-louis-_1780_6,326,0.00063,junk,,,,
ia_bim_eighteenth-century_histoire-naturelle-eng_leclerc-georges-louis-_1780_6,327,0.20915,junk,,,,
ia_bim_eighteenth-century_histoire-naturelle-eng_leclerc-georges-louis-_1780_6,328,0.84749,non_junk,non_divine_teleology,0.0754,0.87214,0.05246
ia_bim_eighteenth-century_histoire-naturelle-eng_leclerc-georges-louis-_1780_6,329,0.38041,junk,,,,
ia_bim_eighteenth-century_histoire-naturelle-eng_leclerc-georges-louis-_1780_6,330,0.00145,junk,,,,
ia_bim_eighteenth-century_histoire-naturelle-eng_leclerc-georges-louis-_1780_6,331,0.92558,non_junk,non_divine_teleology,0.00188,0.96479,0.03333
ia_bim_eighteenth-century_histoire-naturelle-eng_leclerc-georges-louis-_1780_6,332,0.03299,junk,,,,
ia_bim_eighteenth-century_histoire-naturelle-eng_leclerc-georges-louis-_1780_6,333,0.85407,non_junk,non_divine_teleology,0.00491,0.98298,0.01211
ia_bim_eighteenth-century_histoire-naturelle-eng_leclerc-georges-louis-_1780_6,334,0.15509,junk,,,,
ia_bim_eighteenth-century_histoire-naturelle-eng_leclerc-georges-louis-_1780_6,335,0.43287,junk,,,,
ia_bim_eighteenth-century_histoire-naturelle-eng_leclerc-georges-louis-_1780_6,336,0.43287,junk,,,,
ia_bim_eighteenth-century_histoire-naturelle-eng_leclerc-georges-louis-_1780_6,337,0.00349,junk,,,,
ia_bim_eighteenth-century_histoire-naturelle-eng_leclerc-georges-louis-_1780_6,338,0.10537,junk,,,,
ia_bim_eighteenth-century_histoire-naturelle-eng_leclerc-georges-louis-_1780_6,339,0.00128,junk,,,,
ia_bim_eighteenth-century_histoire-naturelle-eng_leclerc-georges-louis-_1780_6,340,0.99984,non_junk,non_divine_teleology,0.00254,0.98457,0.01289
ia_bim_eighteenth-century_histoire-naturelle-eng_leclerc-georges-louis-_1780_6,341,0.07859,junk,,,,
ia_bim_eighteenth-century_histoire-naturelle-eng_leclerc-georges-louis-_1780_6,342,0.99984,non_junk,non_divine_teleology,0.00254,0.98457,0.01289
ia_bim_eighteenth-century_histoire-naturelle-eng_leclerc-georges-louis-_1780_6,343,0.05164,junk,,,,
ia_bim_eighteenth-century_histoire-naturelle-eng_leclerc-georges-louis-_1780_6,344,0.43713,junk,,,,
ia_bim_eighteenth-century_histoire-naturelle-eng_leclerc-georges-louis-_1780_6,345,0.87756,non_junk,non_divine_teleology,0.04781,0.90348,0.0487
ia_bim_eighteenth-century_histoire-naturelle-eng_leclerc-georges-louis-_1780_6,346,0.36054,junk,,,,
ia_bim_eighteenth-century_histoire-naturelle-eng_leclerc-georges-louis-_1780_6,347,0.01676,junk,,,,
ia_bim_eighteenth-century_histoire-naturelle-eng_leclerc-georges-louis-_1780_6,348,0.50625,non_junk,non_divine_teleology,0.03161,0.86965,0.09874
ia_bim_eighteenth-century_histoire-naturelle-eng_leclerc-georges-louis-_1780_6,349,0.36146,junk,,,,
ia_bim_eighteenth-century_histoire-naturelle-eng_leclerc-georges-louis-_1780_6,350,0.003,junk,,,,
ia_bim_eighteenth-century_histoire-naturelle-eng_leclerc-georges-louis-_1780_6,351,0.00953,junk,,,,
ia_bim_eighteenth-century_histoire-naturelle-eng_leclerc-georges-louis-_1780_6,352,0.01646,junk,,,,
ia_bim_eighteenth-century_histoire-naturelle-eng_leclerc-georges-louis-_1780_6,353,0.00171,junk,,,,
ia_bim_eighteenth-century_histoire-naturelle-eng_leclerc-georges-louis-_1780_6,354,0.30035,junk,,,,
ia_bim_eighteenth-century_histoire-naturelle-eng_leclerc-georges-louis-_1780_6,355,0.25061,junk,,,,
ia_bim_eighteenth-century_histoire-naturelle-eng_leclerc-georges-louis-_1780_6,356,0.00087,junk,,,,
ia_bim_eighteenth-century_histoire-naturelle-eng_leclerc-georges-louis-_1780_6,357,0.06965,junk,,,,
ia_bim_eighteenth-century_histoire-naturelle-eng_leclerc-georges-louis-_1780_6,358,0.04843,junk,,,,
ia_bim_eighteenth-century_histoire-naturelle-eng_leclerc-georges-louis-_1780_6,359,0.00291,junk,,,,
ia_bim_eighteenth-century_histoire-naturelle-eng_leclerc-georges-louis-_1780_6,360,0.94066,non_junk,non_divine_teleology,0.00442,0.65381,0.34178
ia_bim_eighteenth-century_histoire-naturelle-eng_leclerc-georges-louis-_1780_6,361,0.06145,junk,,,,
ia_bim_eighteenth-century_histoire-naturelle-eng_leclerc-georges-louis-_1780_6,362,0.1106,junk,,,,
ia_bim_eighteenth-century_histoire-naturelle-eng_leclerc-georges-louis-_1780_6,363,0.00498,junk,,,,
ia_bim_eighteenth-century_histoire-naturelle-eng_leclerc-georges-louis-_1780_6,364,0.18849,junk,,,,
ia_bim_eighteenth-century_histoire-naturelle-eng_leclerc-georges-louis-_1780_6,365,0.91061,non_junk,non_divine_teleology,0.00883,0.94359,0.04758
ia_bim_eighteenth-century_histoire-naturelle-eng_leclerc-georges-louis-_1780_6,366,0.01421,junk,,,,
ia_bim_eighteenth-century_histoire-naturelle-eng_leclerc-georges-louis-_1780_6,367,0.06708,junk,,,,
ia_bim_eighteenth-century_histoire-naturelle-eng_leclerc-georges-louis-_1780_6,368,0.00033,junk,,,,
ia_bim_eighteenth-century_histoire-naturelle-eng_leclerc-georges-louis-_1780_6,369,0.4894,junk,,,,
ia_bim_eighteenth-century_histoire-naturelle-eng_leclerc-georges-louis-_1780_6,370,0.00178,junk,,,,
ia_bim_eighteenth-century_histoire-naturelle-eng_leclerc-georges-louis-_1780_6,371,0.01021,junk,,,,
ia_bim_eighteenth-century_histoire-naturelle-eng_leclerc-georges-louis-_1780_6,372,0.13301,junk,,,,
ia_bim_eighteenth-century_histoire-naturelle-eng_leclerc-georges-louis-_1780_6,373,0.16528,junk,,,,
ia_bim_eighteenth-century_histoire-naturelle-eng_leclerc-georges-louis-_1780_6,374,0.0671,junk,,,,
ia_bim_eighteenth-century_histoire-naturelle-eng_leclerc-georges-louis-_1780_6,375,0.00967,junk,,,,
ia_bim_eighteenth-century_histoire-naturelle-eng_leclerc-georges-louis-_1780_6,376,0.00482,junk,,,,
ia_bim_eighteenth-century_histoire-naturelle-eng_leclerc-georges-louis-_1780_6,377,0.00549,junk,,,,
ia_bim_eighteenth-century_histoire-naturelle-eng_leclerc-georges-louis-_1780_6,378,0.29364,junk,,,,
ia_bim_eighteenth-century_histoire-naturelle-eng_leclerc-georges-louis-_1780_6,379,0.01343,junk,,,,
ia_bim_eighteenth-century_histoire-naturelle-eng_leclerc-georges-louis-_1780_6,380,0.05131,junk,,,,
ia_bim_eighteenth-century_histoire-naturelle-eng_leclerc-georges-louis-_1780_6,381,0.00849,junk,,,,
ia_bim_eighteenth-century_histoire-naturelle-eng_leclerc-georges-louis-_1780_6,382,0.10982,junk,,,,
ia_bim_eighteenth-century_histoire-naturelle-eng_leclerc-georges-louis-_1780_6,383,0.03992,junk,,,,
ia_bim_eighteenth-century_histoire-naturelle-eng_leclerc-georges-louis-_1780_6,384,0.00033,junk,,,,
ia_bim_eighteenth-century_histoire-naturelle-eng_leclerc-georges-louis-_1780_6,385,0.01553,junk,,,,
ia_bim_eighteenth-century_histoire-naturelle-eng_leclerc-georges-louis-_1780_6,386,0.00094,junk,,,,
ia_bim_eighteenth-century_histoire-naturelle-eng_leclerc-georges-louis-_1780_6,387,0.03697,junk,,,,
ia_bim_eighteenth-century_histoire-naturelle-eng_leclerc-georges-louis-_1780_6,388,0.94274,non_junk,non_divine_teleology,0.00171,0.82017,0.17812
ia_bim_eighteenth-century_histoire-naturelle-eng_leclerc-georges-louis-_1780_6,389,0.66698,non_junk,non_divine_teleology,0.10426,0.62532,0.27042
ia_bim_eighteenth-century_histoire-naturelle-eng_leclerc-georges-louis-_1780_6,390,0.71915,non_junk,internal_essence,0.01397,0.22411,0.76191
ia_bim_eighteenth-century_histoire-naturelle-eng_leclerc-georges-louis-_1780_6,391,0.00319,junk,,,,
ia_bim_eighteenth-century_histoire-naturelle-eng_leclerc-georges-louis-_1780_6,392,0.00185,junk,,,,
ia_bim_eighteenth-century_histoire-naturelle-eng_leclerc-georges-louis-_1780_6,393,0.20351,junk,,,,
ia_bim_eighteenth-century_histoire-naturelle-eng_leclerc-georges-louis-_1780_6,394,0.58401,non_junk,internal_essence,0.02013,0.13984,0.84003
ia_bim_eighteenth-century_histoire-naturelle-eng_leclerc-georges-louis-_1780_6,395,0.02157,junk,,,,
ia_bim_eighteenth-century_histoire-naturelle-eng_leclerc-georges-louis-_1780_6,396,0.58309,non_junk,non_divine_teleology,0.00419,0.94882,0.04699
ia_bim_eighteenth-century_histoire-naturelle-eng_leclerc-georges-louis-_1780_6,397,0.97214,non_junk,non_divine_teleology,0.00371,0.97847,0.01782
ia_bim_eighteenth-century_histoire-naturelle-eng_leclerc-georges-louis-_1780_6,398,0.14302,junk,,,,
ia_bim_eighteenth-century_histoire-naturelle-eng_leclerc-georges-louis-_1780_6,399,0.04056,junk,,,,
ia_bim_eighteenth-century_histoire-naturelle-eng_leclerc-georges-louis-_1780_6,400,0.00068,junk,,,,
ia_bim_eighteenth-century_histoire-naturelle-eng_leclerc-georges-louis-_1780_6,401,0.22196,junk,,,,
ia_bim_eighteenth-century_histoire-naturelle-eng_leclerc-georges-louis-_1780_6,402,0.08151,junk,,,,
ia_bim_eighteenth-century_histoire-naturelle-eng_leclerc-georges-louis-_1780_6,403,0.00931,junk,,,,
ia_bim_eighteenth-century_histoire-naturelle-eng_leclerc-georges-louis-_1780_6,404,0.00534,junk,,,,
ia_bim_eighteenth-century_histoire-naturelle-eng_leclerc-georges-louis-_1780_6,405,0.25178,junk,,,,
ia_bim_eighteenth-century_histoire-naturelle-eng_leclerc-georges-louis-_1780_6,406,0.81372,non_junk,non_divine_teleology,0.0077,0.98151,0.0108
ia_bim_eighteenth-century_histoire-naturelle-eng_leclerc-georges-louis-_1780_6,407,0.21254,junk,,,,
ia_bim_eighteenth-century_histoire-naturelle-eng_leclerc-georges-louis-_1780_6,408,5e-05,junk,,,,
ia_bim_eighteenth-century_histoire-naturelle-eng_leclerc-georges-louis-_1780_6,409,5e-05,junk,,,,
ia_bim_eighteenth-century_histoire-naturelle-eng_leclerc-georges-louis-_1780_6,410,0.02727,junk,,,,
ia_bim_eighteenth-century_histoire-naturelle-eng_leclerc-georges-louis-_1780_6,411,0.00243,junk,,,,
ia_bim_eighteenth-century_histoire-naturelle-eng_leclerc-georges-louis-_1780_6,412,0.00433,junk,,,,
ia_bim_eighteenth-century_histoire-naturelle-eng_leclerc-georges-louis-_1780_6,413,0.20959,junk,,,,
ia_bim_eighteenth-century_histoire-naturelle-eng_leclerc-georges-louis-_1780_6,414,0.00222,junk,,,,
ia_bim_eighteenth-century_histoire-naturelle-eng_leclerc-georges-louis-_1780_6,415,0.0018,junk,,,,
ia_bim_eighteenth-century_histoire-naturelle-eng_leclerc-georges-louis-_1780_6,416,2e-05,junk,,,,
ia_bim_eighteenth-century_histoire-naturelle-eng_leclerc-georges-louis-_1780_6,417,5e-05,junk,,,,
ia_bim_eighteenth-century_histoire-naturelle-eng_leclerc-georges-louis-_1780_6,418,0.00233,junk,,,,
ia_bim_eighteenth-century_histoire-naturelle-eng_leclerc-georges-louis-_1780_6,419,0.90843,non_junk,non_divine_teleology,0.01127,0.78132,0.20741
ia_bim_eighteenth-century_histoire-naturelle-eng_leclerc-georges-louis-_1780_6,420,0.00082,junk,,,,
ia_bim_eighteenth-century_histoire-naturelle-eng_leclerc-georges-louis-_1780_6,421,0.0059,junk,,,,
ia_bim_eighteenth-century_histoire-naturelle-eng_leclerc-georges-louis-_1780_6,422,0.00265,junk,,,,
ia_bim_eighteenth-century_histoire-naturelle-eng_leclerc-georges-louis-_1780_6,423,0.00024,junk,,,,
ia_bim_eighteenth-century_histoire-naturelle-eng_leclerc-georges-louis-_1780_6,424,0.03006,junk,,,,
ia_bim_eighteenth-century_histoire-naturelle-eng_leclerc-georges-louis-_1780_6,425,0.0002,junk,,,,
ia_bim_eighteenth-century_histoire-naturelle-eng_leclerc-georges-louis-_1780_6,426,0.00037,junk,,,,
ia_bim_eighteenth-century_histoire-naturelle-eng_leclerc-georges-louis-_1780_6,427,0.00014,junk,,,,
ia_bim_eighteenth-century_histoire-naturelle-eng_leclerc-georges-louis-_1780_6,428,0.00358,junk,,,,
ia_bim_eighteenth-century_histoire-naturelle-eng_leclerc-georges-louis-_1780_6,429,0.00551,junk,,,,
ia_bim_eighteenth-century_histoire-naturelle-eng_leclerc-georges-louis-_1780_6,430,0.95193,non_junk,non_divine_teleology,0.01534,0.90304,0.08162
ia_bim_eighteenth-century_histoire-naturelle-eng_leclerc-georges-louis-_1780_6,431,0.00432,junk,,,,
ia_bim_eighteenth-century_histoire-naturelle-eng_leclerc-georges-louis-_1780_6,432,0.91218,non_junk,internal_essence,0.02732,0.34,0.63267
ia_bim_eighteenth-century_histoire-naturelle-eng_leclerc-georges-louis-_1780_6,433,0.72824,non_junk,non_divine_teleology,0.02501,0.88628,0.08871
ia_bim_eighteenth-century_histoire-naturelle-eng_leclerc-georges-louis-_1780_6,434,0.2957,junk,,,,
ia_bim_eighteenth-century_histoire-naturelle-eng_leclerc-georges-louis-_1780_6,435,0.63277,non_junk,non_divine_teleology,0.0086,0.96249,0.02891
ia_bim_eighteenth-century_histoire-naturelle-eng_leclerc-georges-louis-_1780_6,436,0.0134,junk,,,,
ia_bim_eighteenth-century_histoire-naturelle-eng_leclerc-georges-louis-_1780_6,437,0.2185,junk,,,,
ia_bim_eighteenth-century_histoire-naturelle-eng_leclerc-georges-louis-_1780_6,438,0.41718,junk,,,,
ia_bim_eighteenth-century_histoire-naturelle-eng_leclerc-georges-louis-_1780_6,439,0.0085,junk,,,,
ia_bim_eighteenth-century_histoire-naturelle-eng_leclerc-georges-louis-_1780_6,440,0.0254,junk,,,,
ia_bim_eighteenth-century_histoire-naturelle-eng_leclerc-georges-louis-_1780_6,441,0.92738,non_junk,non_divine_teleology,0.01112,0.95587,0.03301
ia_bim_eighteenth-century_histoire-naturelle-eng_leclerc-georges-louis-_1780_6,442,0.02486,junk,,,,
ia_bim_eighteenth-century_histoire-naturelle-eng_leclerc-georges-louis-_1780_6,443,0.02163,junk,,,,
ia_bim_eighteenth-century_histoire-naturelle-eng_leclerc-georges-louis-_1780_6,444,0.90782,non_junk,non_divine_teleology,0.02396,0.76251,0.21353
ia_bim_eighteenth-century_histoire-naturelle-eng_leclerc-georges-louis-_1780_6,445,0.00656,junk,,,,
ia_bim_eighteenth-century_histoire-naturelle-eng_leclerc-georges-louis-_1780_6,446,0.02993,junk,,,,
ia_bim_eighteenth-century_histoire-naturelle-eng_leclerc-georges-louis-_1780_6,447,0.86598,non_junk,non_divine_teleology,0.01543,0.97061,0.01396
ia_bim_eighteenth-century_histoire-naturelle-eng_leclerc-georges-louis-_1780_6,448,0.00051,junk,,,,
ia_bim_eighteenth-century_histoire-naturelle-eng_leclerc-georges-louis-_1780_6,449,0.59651,non_junk,non_divine_teleology,0.03607,0.91213,0.0518
ia_bim_eighteenth-century_histoire-naturelle-eng_leclerc-georges-louis-_1780_6,450,0.31901,junk,,,,
ia_bim_eighteenth-century_histoire-naturelle-eng_leclerc-georges-louis-_1780_6,451,0.01707,junk,,,,
ia_bim_eighteenth-century_histoire-naturelle-eng_leclerc-georges-louis-_1780_6,452,0.22913,junk,,,,
ia_bim_eighteenth-century_histoire-naturelle-eng_leclerc-georges-louis-_1780_6,453,0.00141,junk,,,,
ia_bim_eighteenth-century_histoire-naturelle-eng_leclerc-georges-louis-_1780_6,454,0.06895,junk,,,,
ia_bim_eighteenth-century_histoire-naturelle-eng_leclerc-georges-louis-_1780_6,455,0.03118,junk,,,,
ia_bim_eighteenth-century_histoire-naturelle-eng_leclerc-georges-louis-_1780_6,456,0.0032,junk,,,,
ia_bim_eighteenth-century_histoire-naturelle-eng_leclerc-georges-louis-_1780_6,457,0.08147,junk,,,,
ia_bim_eighteenth-century_histoire-naturelle-eng_leclerc-georges-louis-_1780_6,458,0.0249,junk,,,,
ia_bim_eighteenth-century_histoire-naturelle-eng_leclerc-georges-louis-_1780_6,459,0.10598,junk,,,,
ia_bim_eighteenth-century_histoire-naturelle-eng_leclerc-georges-louis-_1780_6,460,0.00932,junk,,,,
ia_bim_eighteenth-century_histoire-naturelle-eng_leclerc-georges-louis-_1780_6,461,0.03118,junk,,,,
ia_bim_eighteenth-century_histoire-naturelle-eng_leclerc-georges-louis-_1780_6,462,0.00448,junk,,,,
ia_bim_eighteenth-century_histoire-naturelle-eng_leclerc-georges-louis-_1780_6,463,0.88435,non_junk,non_divine_teleology,0.00347,0.99239,0.00414
ia_bim_eighteenth-century_histoire-naturelle-eng_leclerc-georges-louis-_1780_6,464,0.00101,junk,,,,
ia_bim_eighteenth-century_histoire-naturelle-eng_leclerc-georges-louis-_1780_6,465,0.58201,non_junk,non_divine_teleology,0.01669,0.96317,0.02014
ia_bim_eighteenth-century_histoire-naturelle-eng_leclerc-georges-louis-_1780_6,466,0.00542,junk,,,,
ia_bim_eighteenth-century_histoire-naturelle-eng_leclerc-georges-louis-_1780_6,467,0.98198,non_junk,non_divine_teleology,0.03177,0.92929,0.03894
ia_bim_eighteenth-century_histoire-naturelle-eng_leclerc-georges-louis-_1780_6,468,0.8139,non_junk,non_divine_teleology,0.01934,0.93917,0.04149
ia_bim_eighteenth-century_histoire-naturelle-eng_leclerc-georges-louis-_1780_6,469,0.00709,junk,,,,
ia_bim_eighteenth-century_histoire-naturelle-eng_leclerc-georges-louis-_1780_6,470,0.01763,junk,,,,
ia_bim_eighteenth-century_histoire-naturelle-eng_leclerc-georges-louis-_1780_6,471,0.94182,non_junk,non_divine_teleology,0.01554,0.97555,0.00891
ia_bim_eighteenth-century_histoire-naturelle-eng_leclerc-georges-louis-_1780_6,472,0.01043,junk,,,,
ia_bim_eighteenth-century_histoire-naturelle-eng_leclerc-georges-louis-_1780_6,473,0.17082,junk,,,,
ia_bim_eighteenth-century_histoire-naturelle-eng_leclerc-georges-louis-_1780_6,474,0.83832,non_junk,non_divine_teleology,0.00422,0.99297,0.00281
ia_bim_eighteenth-century_histoire-naturelle-eng_leclerc-georges-louis-_1780_6,475,0.00874,junk,,,,
ia_bim_eighteenth-century_histoire-naturelle-eng_leclerc-georges-louis-_1780_6,476,0.00189,junk,,,,
ia_bim_eighteenth-century_histoire-naturelle-eng_leclerc-georges-louis-_1780_6,477,0.04131,junk,,,,
ia_bim_eighteenth-century_histoire-naturelle-eng_leclerc-georges-louis-_1780_6,478,0.05241,junk,,,,
ia_bim_eighteenth-century_histoire-naturelle-eng_leclerc-georges-louis-_1780_6,479,0.03479,junk,,,,
ia_bim_eighteenth-century_histoire-naturelle-eng_leclerc-georges-louis-_1780_6,480,0.00354,junk,,,,
ia_bim_eighteenth-century_histoire-naturelle-eng_leclerc-georges-louis-_1780_6,481,2e-05,junk,,,,
ia_bim_eighteenth-century_histoire-naturelle-eng_leclerc-georges-louis-_1780_6,482,0.00011,junk,,,,
ia_bim_eighteenth-century_histoire-naturelle-eng_leclerc-georges-louis-_1780_6,483,0.02963,junk,,,,
ia_bim_eighteenth-century_histoire-naturelle-eng_leclerc-georges-louis-_1780_6,484,0.86558,non_junk,non_divine_teleology,0.00148,0.99634,0.00218
ia_bim_eighteenth-century_histoire-naturelle-eng_leclerc-georges-louis-_1780_6,485,0.49667,junk,,,,
ia_bim_eighteenth-century_histoire-naturelle-eng_leclerc-georges-louis-_1780_6,486,0.03786,junk,,,,
ia_bim_eighteenth-century_histoire-naturelle-eng_leclerc-georges-louis-_1780_6,487,0.13894,junk,,,,
ia_bim_eighteenth-century_histoire-naturelle-eng_leclerc-georges-louis-_1780_6,488,0.02053,junk,,,,
ia_bim_eighteenth-century_histoire-naturelle-eng_leclerc-georges-louis-_1780_6,489,0.0193,junk,,,,
ia_bim_eighteenth-century_histoire-naturelle-eng_leclerc-georges-louis-_1780_6,490,0.40816,junk,,,,
ia_bim_eighteenth-century_histoire-naturelle-eng_leclerc-georges-louis-_1780_6,491,0.40816,junk,,,,
ia_bim_eighteenth-century_histoire-naturelle-eng_leclerc-georges-louis-_1780_6,492,0.80006,non_junk,non_divine_teleology,0.00608,0.98152,0.0124
ia_bim_eighteenth-century_histoire-naturelle-eng_leclerc-georges-louis-_1780_6,493,0.82351,non_junk,non_divine_teleology,0.03244,0.853,0.11457
ia_bim_eighteenth-century_histoire-naturelle-eng_leclerc-georges-louis-_1780_6,494,0.00051,junk,,,,
ia_bim_eighteenth-century_histoire-naturelle-eng_leclerc-georges-louis-_1780_6,495,0.83319,non_junk,non_divine_teleology,0.01593,0.88986,0.09421
ia_bim_eighteenth-century_histoire-naturelle-eng_leclerc-georges-louis-_1780_6,496,0.66832,non_junk,non_divine_teleology,0.01075,0.91221,0.07704
ia_bim_eighteenth-century_histoire-naturelle-eng_leclerc-georges-louis-_1780_6,497,0.01726,junk,,,,
ia_bim_eighteenth-century_histoire-naturelle-eng_leclerc-georges-louis-_1780_6,498,0.00913,junk,,,,
ia_bim_eighteenth-century_histoire-naturelle-eng_leclerc-georges-louis-_1780_6,499,0.79067,non_junk,non_divine_teleology,0.00495,0.90298,0.09207
ia_bim_eighteenth-century_histoire-naturelle-eng_leclerc-georges-louis-_1780_6,500,0.97395,non_junk,non_divine_teleology,0.00331,0.99126,0.00543
ia_bim_eighteenth-century_histoire-naturelle-eng_leclerc-georges-louis-_1780_6,501,0.58943,non_junk,non_divine_teleology,0.0168,0.91044,0.07276
ia_bim_eighteenth-century_histoire-naturelle-eng_leclerc-georges-louis-_1780_6,502,0.18581,junk,,,,
ia_bim_eighteenth-century_histoire-naturelle-eng_leclerc-georges-louis-_1780_6,503,0.00597,junk,,,,
ia_bim_eighteenth-century_histoire-naturelle-eng_leclerc-georges-louis-_1780_6,504,0.00265,junk,,,,
ia_bim_eighteenth-century_histoire-naturelle-eng_leclerc-georges-louis-_1780_6,505,0.00147,junk,,,,
ia_bim_eighteenth-century_histoire-naturelle-eng_leclerc-georges-louis-_1780_6,506,0.24386,junk,,,,
ia_bim_eighteenth-century_histoire-naturelle-eng_leclerc-georges-louis-_1780_6,507,0.85266,non_junk,non_divine_teleology,0.00555,0.9913,0.00315
ia_bim_eighteenth-century_histoire-naturelle-eng_leclerc-georges-louis-_1780_6,508,0.03903,junk,,,,
ia_bim_eighteenth-century_histoire-naturelle-eng_leclerc-georges-louis-_1780_6,509,0.00608,junk,,,,
ia_bim_eighteenth-century_histoire-naturelle-eng_leclerc-georges-louis-_1780_6,510,0.00223,junk,,,,
ia_bim_eighteenth-century_histoire-naturelle-eng_leclerc-georges-louis-_1780_6,511,0.00801,junk,,,,
ia_bim_eighteenth-century_histoire-naturelle-eng_leclerc-georges-louis-_1780_6,512,0.00085,junk,,,,
ia_bim_eighteenth-century_histoire-naturelle-eng_leclerc-georges-louis-_1780_6,513,0.04062,junk,,,,
ia_bim_eighteenth-century_histoire-naturelle-eng_leclerc-georges-louis-_1780_6,514,0.03114,junk,,,,
ia_bim_eighteenth-century_histoire-naturelle-eng_leclerc-georges-louis-_1780_6,515,0.08442,junk,,,,
ia_bim_eighteenth-century_histoire-naturelle-eng_leclerc-georges-louis-_1780_6,516,0.02571,junk,,,,
ia_bim_eighteenth-century_histoire-naturelle-eng_leclerc-georges-louis-_1780_6,517,0.07367,junk,,,,
ia_bim_eighteenth-century_histoire-naturelle-eng_leclerc-georges-louis-_1780_6,518,0.00922,junk,,,,
ia_bim_eighteenth-century_histoire-naturelle-eng_leclerc-georges-louis-_1780_6,519,0.22433,junk,,,,
ia_bim_eighteenth-century_histoire-naturelle-eng_leclerc-georges-louis-_1780_6,520,0.00696,junk,,,,
ia_bim_eighteenth-century_histoire-naturelle-eng_leclerc-georges-louis-_1780_6,521,0.01818,junk,,,,
ia_bim_eighteenth-century_histoire-naturelle-eng_leclerc-georges-louis-_1780_6,522,0.00093,junk,,,,
ia_bim_eighteenth-century_histoire-naturelle-eng_leclerc-georges-louis-_1780_6,523,0.00023,junk,,,,
ia_bim_eighteenth-century_histoire-naturelle-eng_leclerc-georges-louis-_1780_6,524,0.00448,junk,,,,
ia_bim_eighteenth-century_histoire-naturelle-eng_leclerc-georges-louis-_1780_6,525,0.00303,junk,,,,
ia_bim_eighteenth-century_histoire-naturelle-eng_leclerc-georges-louis-_1780_6,526,0.01884,junk,,,,
ia_bim_eighteenth-century_histoire-naturelle-eng_leclerc-georges-louis-_1780_6,527,0.10373,junk,,,,
ia_bim_eighteenth-century_histoire-naturelle-eng_leclerc-georges-louis-_1780_6,528,0.00799,junk,,,,
ia_bim_eighteenth-century_histoire-naturelle-eng_leclerc-georges-louis-_1780_6,529,0.00295,junk,,,,
ia_bim_eighteenth-century_histoire-naturelle-eng_leclerc-georges-louis-_1780_6,530,0.03128,junk,,,,
ia_bim_eighteenth-century_histoire-naturelle-eng_leclerc-georges-louis-_1780_6,531,0.00409,junk,,,,
ia_bim_eighteenth-century_histoire-naturelle-eng_leclerc-georges-louis-_1780_6,532,0.8923,non_junk,non_divine_teleology,0.03106,0.82512,0.14382
ia_bim_eighteenth-century_histoire-naturelle-eng_leclerc-georges-louis-_1780_6,533,0.08979,junk,,,,
ia_bim_eighteenth-century_histoire-naturelle-eng_leclerc-georges-louis-_1780_6,534,0.06698,junk,,,,
ia_bim_eighteenth-century_histoire-naturelle-eng_leclerc-georges-louis-_1780_6,535,0.06935,junk,,,,
ia_bim_eighteenth-century_histoire-naturelle-eng_leclerc-georges-louis-_1780_6,536,0.00134,junk,,,,
ia_bim_eighteenth-century_histoire-naturelle-eng_leclerc-georges-louis-_1780_6,537,0.0095,junk,,,,
ia_bim_eighteenth-century_histoire-naturelle-eng_leclerc-georges-louis-_1780_6,538,0.54849,non_junk,non_divine_teleology,0.00877,0.91558,0.07565
ia_bim_eighteenth-century_histoire-naturelle-eng_leclerc-georges-louis-_1780_6,539,0.00115,junk,,,,
ia_bim_eighteenth-century_histoire-naturelle-eng_leclerc-georges-louis-_1780_6,540,0.9518,non_junk,non_divine_teleology,0.02389,0.95956,0.01655
ia_bim_eighteenth-century_histoire-naturelle-eng_leclerc-georges-louis-_1780_6,541,0.00256,junk,,,,
ia_bim_eighteenth-century_histoire-naturelle-eng_leclerc-georges-louis-_1780_6,542,0.04747,junk,,,,
ia_bim_eighteenth-century_histoire-naturelle-eng_leclerc-georges-louis-_1780_6,543,0.00648,junk,,,,
ia_bim_eighteenth-century_histoire-naturelle-eng_leclerc-georges-louis-_1780_6,544,0.00353,junk,,,,
ia_bim_eighteenth-century_histoire-naturelle-eng_leclerc-georges-louis-_1780_6,545,0.01581,junk,,,,
ia_bim_eighteenth-century_histoire-naturelle-eng_leclerc-georges-louis-_1780_6,546,0.0005,junk,,,,
ia_bim_eighteenth-century_histoire-naturelle-eng_leclerc-georges-louis-_1780_6,547,0.00015,junk,,,,
ia_bim_eighteenth-century_histoire-naturelle-eng_leclerc-georges-louis-_1780_6,548,0.59152,non_junk,internal_essence,0.01219,0.48865,0.49916
ia_bim_eighteenth-century_histoire-naturelle-eng_leclerc-georges-louis-_1780_6,549,0.05655,junk,,,,
ia_bim_eighteenth-century_histoire-naturelle-eng_leclerc-georges-louis-_1780_6,550,0.0175,junk,,,,
ia_bim_eighteenth-century_histoire-naturelle-eng_leclerc-georges-louis-_1780_6,551,0.38009,junk,,,,
ia_bim_eighteenth-century_histoire-naturelle-eng_leclerc-georges-louis-_1780_6,552,0.08991,junk,,,,
ia_bim_eighteenth-century_histoire-naturelle-eng_leclerc-georges-louis-_1780_6,553,0.51806,non_junk,non_divine_teleology,0.03057,0.89463,0.0748
ia_bim_eighteenth-century_histoire-naturelle-eng_leclerc-georges-louis-_1780_6,554,0.00112,junk,,,,
ia_bim_eighteenth-century_histoire-naturelle-eng_leclerc-georges-louis-_1780_6,555,0.60927,non_junk,non_divine_teleology,0.03254,0.89917,0.06829
ia_bim_eighteenth-century_histoire-naturelle-eng_leclerc-georges-louis-_1780_6,556,0.94407,non_junk,non_divine_teleology,0.02016,0.87628,0.10356
ia_bim_eighteenth-century_histoire-naturelle-eng_leclerc-georges-louis-_1780_6,557,0.9402,non_junk,non_divine_teleology,0.07742,0.89811,0.02447
ia_bim_eighteenth-century_histoire-naturelle-eng_leclerc-georges-louis-_1780_6,558,0.96641,non_junk,non_divine_teleology,0.01535,0.8293,0.15535
ia_bim_eighteenth-century_histoire-naturelle-eng_leclerc-georges-louis-_1780_6,559,0.0094,junk,,,,
ia_bim_eighteenth-century_histoire-naturelle-eng_leclerc-georges-louis-_1780_6,560,0.82415,non_junk,non_divine_teleology,0.0351,0.90555,0.05935
ia_bim_eighteenth-century_histoire-naturelle-eng_leclerc-georges-louis-_1780_6,561,0.97188,non_junk,internal_essence,0.00798,0.14034,0.85168
ia_bim_eighteenth-century_histoire-naturelle-eng_leclerc-georges-louis-_1780_6,562,0.17809,junk,,,,
ia_bim_eighteenth-century_histoire-naturelle-eng_leclerc-georges-louis-_1780_6,563,0.48825,junk,,,,
ia_bim_eighteenth-century_histoire-naturelle-eng_leclerc-georges-louis-_1780_6,564,0.32837,junk,,,,
ia_bim_eighteenth-century_histoire-naturelle-eng_leclerc-georges-louis-_1780_6,565,0.00103,junk,,,,
ia_bim_eighteenth-century_histoire-naturelle-eng_leclerc-georges-louis-_1780_6,566,0.20935,junk,,,,
ia_bim_eighteenth-century_histoire-naturelle-eng_leclerc-georges-louis-_1780_6,567,0.00205,junk,,,,
ia_bim_eighteenth-century_histoire-naturelle-eng_leclerc-georges-louis-_1780_6,568,0.65659,non_junk,non_divine_teleology,0.02171,0.79655,0.18174
ia_bim_eighteenth-century_histoire-naturelle-eng_leclerc-georges-louis-_1780_6,569,0.61086,non_junk,non_divine_teleology,0.01511,0.80466,0.18023
ia_bim_eighteenth-century_histoire-naturelle-eng_leclerc-georges-louis-_1780_6,570,0.00763,junk,,,,
ia_bim_eighteenth-century_histoire-naturelle-eng_leclerc-georges-louis-_1780_6,571,0.33143,junk,,,,
ia_bim_eighteenth-century_histoire-naturelle-eng_leclerc-georges-louis-_1780_6,572,0.0143,junk,,,,
ia_bim_eighteenth-century_histoire-naturelle-eng_leclerc-georges-louis-_1780_6,573,0.01139,junk,,,,
ia_bim_eighteenth-century_histoire-naturelle-eng_leclerc-georges-louis-_1780_6,574,0.44224,junk,,,,
ia_bim_eighteenth-century_histoire-naturelle-eng_leclerc-georges-louis-_1780_6,575,0.00184,junk,,,,
ia_bim_eighteenth-century_histoire-naturelle-eng_leclerc-georges-louis-_1780_6,576,0.29612,junk,,,,
ia_bim_eighteenth-century_histoire-naturelle-eng_leclerc-georges-louis-_1780_6,577,0.00907,junk,,,,
ia_bim_eighteenth-century_histoire-naturelle-eng_leclerc-georges-louis-_1780_6,578,0.00837,junk,,,,
ia_bim_eighteenth-century_histoire-naturelle-eng_leclerc-georges-louis-_1780_6,579,0.00118,junk,,,,
ia_bim_eighteenth-century_histoire-naturelle-eng_leclerc-georges-louis-_1780_6,580,0.07779,junk,,,,
ia_bim_eighteenth-century_histoire-naturelle-eng_leclerc-georges-louis-_1780_6,581,0.77102,non_junk,internal_essence,0.00982,0.32445,0.66573
ia_bim_eighteenth-century_histoire-naturelle-eng_leclerc-georges-louis-_1780_6,582,0.90296,non_junk,non_divine_teleology,0.0251,0.9264,0.0485
ia_bim_eighteenth-century_histoire-naturelle-eng_leclerc-georges-louis-_1780_6,583,0.00957,junk,,,,
ia_bim_eighteenth-century_histoire-naturelle-eng_leclerc-georges-louis-_1780_6,584,0.04766,junk,,,,
ia_bim_eighteenth-century_histoire-naturelle-eng_leclerc-georges-louis-_1780_6,585,0.01839,junk,,,,
ia_bim_eighteenth-century_histoire-naturelle-eng_leclerc-georges-louis-_1780_6,586,0.01182,junk,,,,
ia_bim_eighteenth-century_histoire-naturelle-eng_leclerc-georges-louis-_1780_6,587,0.00766,junk,,,,
ia_bim_eighteenth-century_histoire-naturelle-eng_leclerc-georges-louis-_1780_6,588,0.13566,junk,,,,
ia_bim_eighteenth-century_histoire-naturelle-eng_leclerc-georges-louis-_1780_6,589,0.008,junk,,,,
ia_bim_eighteenth-century_histoire-naturelle-eng_leclerc-georges-louis-_1780_6,590,0.02622,junk,,,,
ia_bim_eighteenth-century_histoire-naturelle-eng_leclerc-georges-louis-_1780_6,591,0.0044,junk,,,,
ia_bim_eighteenth-century_histoire-naturelle-eng_leclerc-georges-louis-_1780_6,592,0.98036,non_junk,non_divine_teleology,0.01883,0.8881,0.09307
ia_bim_eighteenth-century_histoire-naturelle-eng_leclerc-georges-louis-_1780_6,593,0.00144,junk,,,,
ia_bim_eighteenth-century_histoire-naturelle-eng_leclerc-georges-louis-_1780_6,594,0.00421,junk,,,,
ia_bim_eighteenth-century_histoire-naturelle-eng_leclerc-georges-louis-_1780_6,595,0.00447,junk,,,,
ia_bim_eighteenth-century_histoire-naturelle-eng_leclerc-georges-louis-_1780_6,596,0.00069,junk,,,,
ia_bim_eighteenth-century_histoire-naturelle-eng_leclerc-georges-louis-_1780_6,597,0.00225,junk,,,,
ia_bim_eighteenth-century_histoire-naturelle-eng_leclerc-georges-louis-_1780_6,598,0.00027,junk,,,,
ia_bim_eighteenth-century_histoire-naturelle-eng_leclerc-georges-louis-_1780_6,599,0.00296,junk,,,,
ia_bim_eighteenth-century_histoire-naturelle-eng_leclerc-georges-louis-_1780_6,600,0.07436,junk,,,,
ia_bim_eighteenth-century_histoire-naturelle-eng_leclerc-georges-louis-_1780_6,601,0.8064,non_junk,internal_essence,0.02119,0.21565,0.76316
ia_bim_eighteenth-century_histoire-naturelle-eng_leclerc-georges-louis-_1780_6,602,0.03053,junk,,,,
ia_bim_eighteenth-century_histoire-naturelle-eng_leclerc-georges-louis-_1780_6,603,0.00146,junk,,,,
ia_bim_eighteenth-century_histoire-naturelle-eng_leclerc-georges-louis-_1780_6,604,0.04834,junk,,,,
ia_bim_eighteenth-century_histoire-naturelle-eng_leclerc-georges-louis-_1780_6,605,0.00099,junk,,,,
ia_bim_eighteenth-century_histoire-naturelle-eng_leclerc-georges-louis-_1780_6,606,0.00046,junk,,,,
ia_bim_eighteenth-century_histoire-naturelle-eng_leclerc-georges-louis-_1780_6,607,0.00204,junk,,,,
ia_bim_eighteenth-century_histoire-naturelle-eng_leclerc-georges-louis-_1780_6,608,0.2094,junk,,,,
ia_bim_eighteenth-century_histoire-naturelle-eng_leclerc-georges-louis-_1780_6,609,0.03505,junk,,,,
ia_bim_eighteenth-century_histoire-naturelle-eng_leclerc-georges-louis-_1780_6,610,0.97022,non_junk,non_divine_teleology,0.01287,0.63795,0.34918
ia_bim_eighteenth-century_histoire-naturelle-eng_leclerc-georges-louis-_1780_6,611,0.01171,junk,,,,
ia_bim_eighteenth-century_histoire-naturelle-eng_leclerc-georges-louis-_1780_6,612,0.05105,junk,,,,
ia_bim_eighteenth-century_histoire-naturelle-eng_leclerc-georges-louis-_1780_6,613,0.00255,junk,,,,
ia_bim_eighteenth-century_histoire-naturelle-eng_leclerc-georges-louis-_1780_6,614,0.00456,junk,,,,
ia_bim_eighteenth-century_histoire-naturelle-eng_leclerc-georges-louis-_1780_6,615,0.05897,junk,,,,
ia_bim_eighteenth-century_histoire-naturelle-eng_leclerc-georges-louis-_1780_6,616,0.00102,junk,,,,
ia_bim_eighteenth-century_histoire-naturelle-eng_leclerc-georges-louis-_1780_6,617,0.00674,junk,,,,
ia_bim_eighteenth-century_histoire-naturelle-eng_leclerc-georges-louis-_1780_6,618,0.00151,junk,,,,
ia_bim_eighteenth-century_histoire-naturelle-eng_leclerc-georges-louis-_1780_6,619,0.00323,junk,,,,
ia_bim_eighteenth-century_histoire-naturelle-eng_leclerc-georges-louis-_1780_6,620,0.01127,junk,,,,
ia_bim_eighteenth-century_histoire-naturelle-eng_leclerc-georges-louis-_1780_6,621,0.01078,junk,,,,
ia_bim_eighteenth-century_histoire-naturelle-eng_leclerc-georges-louis-_1780_6,622,0.76907,non_junk,non_divine_teleology,0.01653,0.51825,0.46522
ia_bim_eighteenth-century_histoire-naturelle-eng_leclerc-georges-louis-_1780_6,623,0.00066,junk,,,,
ia_bim_eighteenth-century_histoire-naturelle-eng_leclerc-georges-louis-_1780_6,624,0.01326,junk,,,,
ia_bim_eighteenth-century_histoire-naturelle-eng_leclerc-georges-louis-_1780_6,625,0.2677,junk,,,,
ia_bim_eighteenth-century_histoire-naturelle-eng_leclerc-georges-louis-_1780_6,626,0.05478,junk,,,,
ia_bim_eighteenth-century_histoire-naturelle-eng_leclerc-georges-louis-_1780_6,627,0.00028,junk,,,,
ia_bim_eighteenth-century_histoire-naturelle-eng_leclerc-georges-louis-_1780_6,628,0.09297,junk,,,,
ia_bim_eighteenth-century_histoire-naturelle-eng_leclerc-georges-louis-_1780_6,629,0.00013,junk,,,,
ia_bim_eighteenth-century_histoire-naturelle-eng_leclerc-georges-louis-_1780_6,630,1e-05,junk,,,,
ia_bim_eighteenth-century_histoire-naturelle-eng_leclerc-georges-louis-_1780_6,631,6e-05,junk,,,,
ia_bim_eighteenth-century_histoire-naturelle-eng_leclerc-georges-louis-_1780_6,632,0.00107,junk,,,,
ia_bim_eighteenth-century_histoire-naturelle-eng_leclerc-georges-louis-_1780_6,633,0.00187,junk,,,,
ia_bim_eighteenth-century_histoire-naturelle-eng_leclerc-georges-louis-_1780_6,634,0.08772,junk,,,,
ia_bim_eighteenth-century_histoire-naturelle-eng_leclerc-georges-louis-_1780_6,635,0.00231,junk,,,,
ia_bim_eighteenth-century_histoire-naturelle-eng_leclerc-georges-louis-_1780_6,636,0.0014,junk,,,,
ia_bim_eighteenth-century_histoire-naturelle-eng_leclerc-georges-louis-_1780_6,637,0.00127,junk,,,,
ia_bim_eighteenth-century_histoire-naturelle-eng_leclerc-georges-louis-_1780_6,638,0.06793,junk,,,,
ia_bim_eighteenth-century_histoire-naturelle-eng_leclerc-georges-louis-_1780_6,639,0.0041,junk,,,,
ia_bim_eighteenth-century_histoire-naturelle-eng_leclerc-georges-louis-_1780_6,640,0.00441,junk,,,,
ia_bim_eighteenth-century_histoire-naturelle-eng_leclerc-georges-louis-_1780_6,641,0.00599,junk,,,,
ia_bim_eighteenth-century_histoire-naturelle-eng_leclerc-georges-louis-_1780_6,642,0.02222,junk,,,,
ia_bim_eighteenth-century_histoire-naturelle-eng_leclerc-georges-louis-_1780_6,643,0.00026,junk,,,,
ia_bim_eighteenth-century_histoire-naturelle-eng_leclerc-georges-louis-_1780_6,644,0.00203,junk,,,,
ia_bim_eighteenth-century_histoire-naturelle-eng_leclerc-georges-louis-_1780_6,645,0.11544,junk,,,,
ia_bim_eighteenth-century_histoire-naturelle-eng_leclerc-georges-louis-_1780_6,646,0.61099,non_junk,internal_essence,0.00662,0.36244,0.63093
ia_bim_eighteenth-century_histoire-naturelle-eng_leclerc-georges-louis-_1780_6,647,4e-05,junk,,,,
ia_bim_eighteenth-century_histoire-naturelle-eng_leclerc-georges-louis-_1780_6,648,0.80462,non_junk,internal_essence,0.02009,0.41275,0.56715
ia_bim_eighteenth-century_histoire-naturelle-eng_leclerc-georges-louis-_1780_6,649,0.00253,junk,,,,
ia_bim_eighteenth-century_histoire-naturelle-eng_leclerc-georges-louis-_1780_6,650,0.82199,non_junk,non_divine_teleology,0.01404,0.94408,0.04188
ia_bim_eighteenth-century_histoire-naturelle-eng_leclerc-georges-louis-_1780_6,651,0.01888,junk,,,,
ia_bim_eighteenth-century_histoire-naturelle-eng_leclerc-georges-louis-_1780_6,652,0.02094,junk,,,,
ia_bim_eighteenth-century_histoire-naturelle-eng_leclerc-georges-louis-_1780_6,653,0.00404,junk,,,,
ia_bim_eighteenth-century_histoire-naturelle-eng_leclerc-georges-louis-_1780_6,654,0.00158,junk,,,,
ia_bim_eighteenth-century_histoire-naturelle-eng_leclerc-georges-louis-_1780_6,655,0.00337,junk,,,,
ia_bim_eighteenth-century_histoire-naturelle-eng_leclerc-georges-louis-_1780_6,656,0.00069,junk,,,,
ia_bim_eighteenth-century_histoire-naturelle-eng_leclerc-georges-louis-_1780_6,657,0.00197,junk,,,,
ia_bim_eighteenth-century_histoire-naturelle-eng_leclerc-georges-louis-_1780_6,658,0.13867,junk,,,,
ia_bim_eighteenth-century_histoire-naturelle-eng_leclerc-georges-louis-_1780_6,659,0.95858,non_junk,divine_teleology,0.58374,0.39701,0.01925
ia_bim_eighteenth-century_histoire-naturelle-eng_leclerc-georges-louis-_1780_6,660,0.24603,junk,,,,
ia_bim_eighteenth-century_histoire-naturelle-eng_leclerc-georges-louis-_1780_6,661,0.83232,non_junk,non_divine_teleology,0.02538,0.95823,0.0164
ia_bim_eighteenth-century_histoire-naturelle-eng_leclerc-georges-louis-_1780_6,662,0.18001,junk,,,,
ia_bim_eighteenth-century_histoire-naturelle-eng_leclerc-georges-louis-_1780_6,663,0.02047,junk,,,,
ia_bim_eighteenth-century_histoire-naturelle-eng_leclerc-georges-louis-_1780_6,664,0.47474,junk,,,,
ia_bim_eighteenth-century_histoire-naturelle-eng_leclerc-georges-louis-_1780_6,665,0.02047,junk,,,,
ia_bim_eighteenth-century_histoire-naturelle-eng_leclerc-georges-louis-_1780_6,666,0.41394,junk,,,,
ia_bim_eighteenth-century_histoire-naturelle-eng_leclerc-georges-louis-_1780_6,667,0.2857,junk,,,,
ia_bim_eighteenth-century_histoire-naturelle-eng_leclerc-georges-louis-_1780_6,668,7e-05,junk,,,,
ia_bim_eighteenth-century_histoire-naturelle-eng_leclerc-georges-louis-_1780_6,669,0.14302,junk,,,,
ia_bim_eighteenth-century_histoire-naturelle-eng_leclerc-georges-louis-_1780_6,670,0.00128,junk,,,,
ia_bim_eighteenth-century_histoire-naturelle-eng_leclerc-georges-louis-_1780_6,671,0.02524,junk,,,,
ia_bim_eighteenth-century_histoire-naturelle-eng_leclerc-georges-louis-_1780_6,672,0.1412,junk,,,,
ia_bim_eighteenth-century_histoire-naturelle-eng_leclerc-georges-louis-_1780_6,673,0.157,junk,,,,
ia_bim_eighteenth-century_histoire-naturelle-eng_leclerc-georges-louis-_1780_6,674,0.00376,junk,,,,
ia_bim_eighteenth-century_histoire-naturelle-eng_leclerc-georges-louis-_1780_6,675,0.00205,junk,,,,
ia_bim_eighteenth-century_histoire-naturelle-eng_leclerc-georges-louis-_1780_6,676,0.05558,junk,,,,
ia_bim_eighteenth-century_histoire-naturelle-eng_leclerc-georges-louis-_1780_6,677,0.01068,junk,,,,
ia_bim_eighteenth-century_histoire-naturelle-eng_leclerc-georges-louis-_1780_6,678,0.33822,junk,,,,
ia_bim_eighteenth-century_histoire-naturelle-eng_leclerc-georges-louis-_1780_6,679,0.36456,junk,,,,
ia_bim_eighteenth-century_histoire-naturelle-eng_leclerc-georges-louis-_1780_6,680,0.89669,non_junk,non_divine_teleology,0.00176,0.99161,0.00663
ia_bim_eighteenth-century_histoire-naturelle-eng_leclerc-georges-louis-_1780_6,681,0.70505,non_junk,non_divine_teleology,0.00362,0.9721,0.02427
ia_bim_eighteenth-century_histoire-naturelle-eng_leclerc-georges-louis-_1780_6,682,0.00114,junk,,,,
ia_bim_eighteenth-century_histoire-naturelle-eng_leclerc-georges-louis-_1780_6,683,0.34176,junk,,,,
ia_bim_eighteenth-century_histoire-naturelle-eng_leclerc-georges-louis-_1780_6,684,0.0001,junk,,,,
ia_bim_eighteenth-century_histoire-naturelle-eng_leclerc-georges-louis-_1780_6,685,0.00033,junk,,,,
ia_bim_eighteenth-century_histoire-naturelle-eng_leclerc-georges-louis-_1780_6,686,0.00769,junk,,,,
ia_bim_eighteenth-century_histoire-naturelle-eng_leclerc-georges-louis-_1780_6,687,0.00419,junk,,,,
ia_bim_eighteenth-century_histoire-naturelle-eng_leclerc-georges-louis-_1780_6,688,0.0002,junk,,,,
ia_bim_eighteenth-century_histoire-naturelle-eng_leclerc-georges-louis-_1780_6,689,0.48164,junk,,,,
ia_bim_eighteenth-century_histoire-naturelle-eng_leclerc-georges-louis-_1780_6,690,0.0026,junk,,,,
ia_bim_eighteenth-century_histoire-naturelle-eng_leclerc-georges-louis-_1780_6,691,0.00047,junk,,,,
ia_bim_eighteenth-century_histoire-naturelle-eng_leclerc-georges-louis-_1780_6,692,9e-05,junk,,,,
ia_bim_eighteenth-century_histoire-naturelle-eng_leclerc-georges-louis-_1780_6,693,0.13933,junk,,,,
ia_bim_eighteenth-century_histoire-naturelle-eng_leclerc-georges-louis-_1780_6,694,0.00071,junk,,,,
ia_bim_eighteenth-century_histoire-naturelle-eng_leclerc-georges-louis-_1780_6,695,0.00805,junk,,,,
ia_bim_eighteenth-century_histoire-naturelle-eng_leclerc-georges-louis-_1780_6,696,0.00606,junk,,,,
ia_bim_eighteenth-century_histoire-naturelle-eng_leclerc-georges-louis-_1780_6,697,0.02849,junk,,,,
ia_bim_eighteenth-century_histoire-naturelle-eng_leclerc-georges-louis-_1780_6,698,0.77838,non_junk,non_divine_teleology,0.00823,0.77294,0.21883
ia_bim_eighteenth-century_histoire-naturelle-eng_leclerc-georges-louis-_1780_6,699,0.00132,junk,,,,
ia_bim_eighteenth-century_histoire-naturelle-eng_leclerc-georges-louis-_1780_6,700,0.00012,junk,,,,
ia_bim_eighteenth-century_histoire-naturelle-eng_leclerc-georges-louis-_1780_6,701,0.08964,junk,,,,
ia_bim_eighteenth-century_histoire-naturelle-eng_leclerc-georges-louis-_1780_6,702,0.06181,junk,,,,
ia_bim_eighteenth-century_histoire-naturelle-eng_leclerc-georges-louis-_1780_6,703,0.02526,junk,,,,
ia_bim_eighteenth-century_histoire-naturelle-eng_leclerc-georges-louis-_1780_6,704,0.00669,junk,,,,
ia_bim_eighteenth-century_histoire-naturelle-eng_leclerc-georges-louis-_1780_6,705,0.23859,junk,,,,
ia_bim_eighteenth-century_histoire-naturelle-eng_leclerc-georges-louis-_1780_6,706,0.33737,junk,,,,
ia_bim_eighteenth-century_histoire-naturelle-eng_leclerc-georges-louis-_1780_6,707,0.01234,junk,,,,
ia_bim_eighteenth-century_histoire-naturelle-eng_leclerc-georges-louis-_1780_6,708,0.43853,junk,,,,
ia_bim_eighteenth-century_histoire-naturelle-eng_leclerc-georges-louis-_1780_6,709,0.00296,junk,,,,
ia_bim_eighteenth-century_histoire-naturelle-eng_leclerc-georges-louis-_1780_6,710,7e-05,junk,,,,
ia_bim_eighteenth-century_histoire-naturelle-eng_leclerc-georges-louis-_1780_6,711,0.00296,junk,,,,
ia_bim_eighteenth-century_histoire-naturelle-eng_leclerc-georges-louis-_1780_6,712,0.00024,junk,,,,
ia_bim_eighteenth-century_histoire-naturelle-eng_leclerc-georges-louis-_1780_6,713,0.44605,junk,,,,
ia_bim_eighteenth-century_histoire-naturelle-eng_leclerc-georges-louis-_1780_6,714,0.0018,junk,,,,
ia_bim_eighteenth-century_histoire-naturelle-eng_leclerc-georges-louis-_1780_6,715,0.01307,junk,,,,
ia_bim_eighteenth-century_histoire-naturelle-eng_leclerc-georges-louis-_1780_6,716,0.74681,non_junk,internal_essence,0.0011,0.09129,0.90761
ia_bim_eighteenth-century_histoire-naturelle-eng_leclerc-georges-louis-_1780_6,717,8e-05,junk,,,,
ia_bim_eighteenth-century_histoire-naturelle-eng_leclerc-georges-louis-_1780_6,718,0.00958,junk,,,,
ia_bim_eighteenth-century_histoire-naturelle-eng_leclerc-georges-louis-_1780_6,719,0.00025,junk,,,,
ia_bim_eighteenth-century_histoire-naturelle-eng_leclerc-georges-louis-_1780_6,720,0.00014,junk,,,,
ia_bim_eighteenth-century_histoire-naturelle-eng_leclerc-georges-louis-_1780_6,721,0.00358,junk,,,,
ia_bim_eighteenth-century_histoire-naturelle-eng_leclerc-georges-louis-_1780_6,722,1e-05,junk,,,,
ia_bim_eighteenth-century_histoire-naturelle-eng_leclerc-georges-louis-_1780_6,723,0.0006,junk,,,,
ia_bim_eighteenth-century_histoire-naturelle-eng_leclerc-georges-louis-_1780_6,724,0.05764,junk,,,,
ia_bim_eighteenth-century_histoire-naturelle-eng_leclerc-georges-louis-_1780_6,725,0.00016,junk,,,,
ia_bim_eighteenth-century_histoire-naturelle-eng_leclerc-georges-louis-_1780_6,726,0.06629,junk,,,,
ia_bim_eighteenth-century_histoire-naturelle-eng_leclerc-georges-louis-_1780_6,727,0.00021,junk,,,,
ia_bim_eighteenth-century_histoire-naturelle-eng_leclerc-georges-louis-_1780_6,728,0.0053,junk,,,,
ia_bim_eighteenth-century_histoire-naturelle-eng_leclerc-georges-louis-_1780_6,729,0.00086,junk,,,,
ia_bim_eighteenth-century_histoire-naturelle-eng_leclerc-georges-louis-_1780_6,730,0.04477,junk,,,,
ia_bim_eighteenth-century_histoire-naturelle-eng_leclerc-georges-louis-_1780_6,731,0.00091,junk,,,,
ia_bim_eighteenth-century_histoire-naturelle-eng_leclerc-georges-louis-_1780_6,732,0.00244,junk,,,,
ia_bim_eighteenth-century_histoire-naturelle-eng_leclerc-georges-louis-_1780_6,733,0.05763,junk,,,,
ia_bim_eighteenth-century_histoire-naturelle-eng_leclerc-georges-louis-_1780_6,734,0.02386,junk,,,,
ia_bim_eighteenth-century_histoire-naturelle-eng_leclerc-georges-louis-_1780_6,735,0.00835,junk,,,,
ia_bim_eighteenth-century_histoire-naturelle-eng_leclerc-georges-louis-_1780_6,736,0.02735,junk,,,,
ia_bim_eighteenth-century_histoire-naturelle-eng_leclerc-georges-louis-_1780_6,737,0.95642,non_junk,non_divine_teleology,0.07232,0.89777,0.02991
ia_bim_eighteenth-century_histoire-naturelle-eng_leclerc-georges-louis-_1780_6,738,0.00426,junk,,,,
ia_bim_eighteenth-century_histoire-naturelle-eng_leclerc-georges-louis-_1780_6,739,0.0003,junk,,,,
ia_bim_eighteenth-century_histoire-naturelle-eng_leclerc-georges-louis-_1780_6,740,0.00061,junk,,,,
ia_bim_eighteenth-century_histoire-naturelle-eng_leclerc-georges-louis-_1780_6,741,0.03388,junk,,,,
ia_bim_eighteenth-century_histoire-naturelle-eng_leclerc-georges-louis-_1780_6,742,0.0042,junk,,,,
ia_bim_eighteenth-century_histoire-naturelle-eng_leclerc-georges-louis-_1780_6,743,0.01173,junk,,,,
ia_bim_eighteenth-century_histoire-naturelle-eng_leclerc-georges-louis-_1780_6,744,0.0004,junk,,,,
ia_bim_eighteenth-century_histoire-naturelle-eng_leclerc-georges-louis-_1780_6,745,0.01229,junk,,,,
ia_bim_eighteenth-century_histoire-naturelle-eng_leclerc-georges-louis-_1780_6,746,0.34652,junk,,,,
ia_bim_eighteenth-century_histoire-naturelle-eng_leclerc-georges-louis-_1780_6,747,0.00633,junk,,,,
ia_bim_eighteenth-century_histoire-naturelle-eng_leclerc-georges-louis-_1780_6,748,0.02342,junk,,,,
ia_bim_eighteenth-century_histoire-naturelle-eng_leclerc-georges-louis-_1780_6,749,0.06377,junk,,,,
ia_bim_eighteenth-century_histoire-naturelle-eng_leclerc-georges-louis-_1780_6,750,0.41577,junk,,,,
ia_bim_eighteenth-century_histoire-naturelle-eng_leclerc-georges-louis-_1780_6,751,0.0319,junk,,,,
ia_bim_eighteenth-century_histoire-naturelle-eng_leclerc-georges-louis-_1780_6,752,0.00051,junk,,,,
ia_bim_eighteenth-century_histoire-naturelle-eng_leclerc-georges-louis-_1780_6,753,0.00181,junk,,,,
ia_bim_eighteenth-century_histoire-naturelle-eng_leclerc-georges-louis-_1780_6,754,0.0047,junk,,,,
ia_bim_eighteenth-century_histoire-naturelle-eng_leclerc-georges-louis-_1780_6,755,0.0034,junk,,,,
ia_bim_eighteenth-century_histoire-naturelle-eng_leclerc-georges-louis-_1780_6,756,0.00346,junk,,,,
ia_bim_eighteenth-century_histoire-naturelle-eng_leclerc-georges-louis-_1780_6,757,0.00153,junk,,,,
ia_bim_eighteenth-century_histoire-naturelle-eng_leclerc-georges-louis-_1780_6,758,0.00011,junk,,,,
ia_bim_eighteenth-century_histoire-naturelle-eng_leclerc-georges-louis-_1780_6,759,0.0001,junk,,,,
ia_bim_eighteenth-century_histoire-naturelle-eng_leclerc-georges-louis-_1780_6,760,0.00344,junk,,,,
ia_bim_eighteenth-century_histoire-naturelle-eng_leclerc-georges-louis-_1780_6,761,0.00587,junk,,,,
ia_bim_eighteenth-century_histoire-naturelle-eng_leclerc-georges-louis-_1780_6,762,2e-05,junk,,,,
ia_bim_eighteenth-century_histoire-naturelle-eng_leclerc-georges-louis-_1780_6,763,0.02354,junk,,,,
ia_bim_eighteenth-century_histoire-naturelle-eng_leclerc-georges-louis-_1780_6,764,0.99933,non_junk,non_divine_teleology,0.00094,0.99784,0.00122
ia_bim_eighteenth-century_histoire-naturelle-eng_leclerc-georges-louis-_1780_6,765,0.01152,junk,,,,
ia_bim_eighteenth-century_histoire-naturelle-eng_leclerc-georges-louis-_1780_6,766,0.99933,non_junk,non_divine_teleology,0.00094,0.99784,0.00122
ia_bim_eighteenth-century_histoire-naturelle-eng_leclerc-georges-louis-_1780_6,767,0.01056,junk,,,,
ia_bim_eighteenth-century_histoire-naturelle-eng_leclerc-georges-louis-_1780_6,768,0.01378,junk,,,,
ia_bim_eighteenth-century_histoire-naturelle-eng_leclerc-georges-louis-_1780_6,769,0.05143,junk,,,,
ia_bim_eighteenth-century_histoire-naturelle-eng_leclerc-georges-louis-_1780_6,770,0.06638,junk,,,,
ia_bim_eighteenth-century_histoire-naturelle-eng_leclerc-georges-louis-_1780_6,771,0.00127,junk,,,,
ia_bim_eighteenth-century_histoire-naturelle-eng_leclerc-georges-louis-_1780_6,772,0.00014,junk,,,,
ia_bim_eighteenth-century_histoire-naturelle-eng_leclerc-georges-louis-_1780_6,773,0.00489,junk,,,,
ia_bim_eighteenth-century_histoire-naturelle-eng_leclerc-georges-louis-_1780_6,774,0.00147,junk,,,,
ia_bim_eighteenth-century_histoire-naturelle-eng_leclerc-georges-louis-_1780_6,775,0.00054,junk,,,,
ia_bim_eighteenth-century_histoire-naturelle-eng_leclerc-georges-louis-_1780_6,776,0.00151,junk,,,,
ia_bim_eighteenth-century_histoire-naturelle-eng_leclerc-georges-louis-_1780_6,777,0.00027,junk,,,,
ia_bim_eighteenth-century_histoire-naturelle-eng_leclerc-georges-louis-_1780_6,778,0.00172,junk,,,,
ia_bim_eighteenth-century_histoire-naturelle-eng_leclerc-georges-louis-_1780_6,779,0.01483,junk,,,,
ia_bim_eighteenth-century_histoire-naturelle-eng_leclerc-georges-louis-_1780_6,780,0.2467,junk,,,,
ia_bim_eighteenth-century_histoire-naturelle-eng_leclerc-georges-louis-_1780_6,781,0.00188,junk,,,,
ia_bim_eighteenth-century_histoire-naturelle-eng_leclerc-georges-louis-_1780_6,782,0.00427,junk,,,,
ia_bim_eighteenth-century_histoire-naturelle-eng_leclerc-georges-louis-_1780_6,783,0.00616,junk,,,,
ia_bim_eighteenth-century_histoire-naturelle-eng_leclerc-georges-louis-_1780_6,784,0.00013,junk,,,,
ia_bim_eighteenth-century_histoire-naturelle-eng_leclerc-georges-louis-_1780_6,785,0.01043,junk,,,,
ia_bim_eighteenth-century_histoire-naturelle-eng_leclerc-georges-louis-_1780_6,786,0.00613,junk,,,,
ia_bim_eighteenth-century_histoire-naturelle-eng_leclerc-georges-louis-_1780_6,787,0.00118,junk,,,,
ia_bim_eighteenth-century_histoire-naturelle-eng_leclerc-georges-louis-_1780_6,788,0.85232,non_junk,non_divine_teleology,0.03158,0.92412,0.0443
ia_bim_eighteenth-century_histoire-naturelle-eng_leclerc-georges-louis-_1780_6,789,0.818,non_junk,non_divine_teleology,0.01546,0.96858,0.01596
ia_bim_eighteenth-century_histoire-naturelle-eng_leclerc-georges-louis-_1780_6,790,0.00362,junk,,,,
ia_bim_eighteenth-century_histoire-naturelle-eng_leclerc-georges-louis-_1780_6,791,0.04063,junk,,,,
ia_bim_eighteenth-century_histoire-naturelle-eng_leclerc-georges-louis-_1780_6,792,0.00149,junk,,,,
ia_bim_eighteenth-century_histoire-naturelle-eng_leclerc-georges-louis-_1780_6,793,0.07493,junk,,,,
ia_bim_eighteenth-century_histoire-naturelle-eng_leclerc-georges-louis-_1780_6,794,0.48458,junk,,,,
ia_bim_eighteenth-century_histoire-naturelle-eng_leclerc-georges-louis-_1780_6,795,0.0003,junk,,,,
ia_bim_eighteenth-century_histoire-naturelle-eng_leclerc-georges-louis-_1780_6,796,0.00135,junk,,,,
ia_bim_eighteenth-century_histoire-naturelle-eng_leclerc-georges-louis-_1780_6,797,0.00738,junk,,,,
ia_bim_eighteenth-century_histoire-naturelle-eng_leclerc-georges-louis-_1780_6,798,0.00774,junk,,,,
ia_bim_eighteenth-century_histoire-naturelle-eng_leclerc-georges-louis-_1780_6,799,0.00189,junk,,,,
ia_bim_eighteenth-century_histoire-naturelle-eng_leclerc-georges-louis-_1780_6,800,0.03534,junk,,,,
ia_bim_eighteenth-century_histoire-naturelle-eng_leclerc-georges-louis-_1780_6,801,0.00035,junk,,,,
ia_bim_eighteenth-century_histoire-naturelle-eng_leclerc-georges-louis-_1780_6,802,0.01065,junk,,,,
ia_bim_eighteenth-century_histoire-naturelle-eng_leclerc-georges-louis-_1780_6,803,8e-05,junk,,,,
ia_bim_eighteenth-century_histoire-naturelle-eng_leclerc-georges-louis-_1780_6,804,0.00551,junk,,,,
ia_bim_eighteenth-century_histoire-naturelle-eng_leclerc-georges-louis-_1780_6,805,2e-05,junk,,,,
ia_bim_eighteenth-century_histoire-naturelle-eng_leclerc-georges-louis-_1780_6,806,0.01724,junk,,,,
ia_bim_eighteenth-century_histoire-naturelle-eng_leclerc-georges-louis-_1780_6,807,0.0006,junk,,,,
ia_bim_eighteenth-century_histoire-naturelle-eng_leclerc-georges-louis-_1780_6,808,7e-05,junk,,,,
ia_bim_eighteenth-century_histoire-naturelle-eng_leclerc-georges-louis-_1780_6,809,0.00762,junk,,,,
ia_bim_eighteenth-century_histoire-naturelle-eng_leclerc-georges-louis-_1780_6,810,0.00057,junk,,,,
ia_bim_eighteenth-century_histoire-naturelle-eng_leclerc-georges-louis-_1780_6,811,0.00341,junk,,,,
ia_bim_eighteenth-century_histoire-naturelle-eng_leclerc-georges-louis-_1780_6,812,0.00034,junk,,,,
ia_bim_eighteenth-century_histoire-naturelle-eng_leclerc-georges-louis-_1780_6,813,0.02402,junk,,,,
ia_bim_eighteenth-century_histoire-naturelle-eng_leclerc-georges-louis-_1780_6,814,0.31336,junk,,,,
ia_bim_eighteenth-century_histoire-naturelle-eng_leclerc-georges-louis-_1780_6,815,0.00063,junk,,,,
ia_bim_eighteenth-century_histoire-naturelle-eng_leclerc-georges-louis-_1780_6,816,0.02803,junk,,,,
ia_bim_eighteenth-century_histoire-naturelle-eng_leclerc-georges-louis-_1780_6,817,0.05931,junk,,,,
ia_bim_eighteenth-century_histoire-naturelle-eng_leclerc-georges-louis-_1780_6,818,0.03244,junk,,,,
ia_bim_eighteenth-century_histoire-naturelle-eng_leclerc-georges-louis-_1780_6,819,0.94696,non_junk,non_divine_teleology,0.00511,0.98528,0.0096
ia_bim_eighteenth-century_histoire-naturelle-eng_leclerc-georges-louis-_1780_6,820,0.00162,junk,,,,
ia_bim_eighteenth-century_histoire-naturelle-eng_leclerc-georges-louis-_1780_6,821,0.00018,junk,,,,
ia_bim_eighteenth-century_histoire-naturelle-eng_leclerc-georges-louis-_1780_6,822,0.02531,junk,,,,
ia_bim_eighteenth-century_histoire-naturelle-eng_leclerc-georges-louis-_1780_6,823,0.00276,junk,,,,
ia_bim_eighteenth-century_histoire-naturelle-eng_leclerc-georges-louis-_1780_6,824,0.01007,junk,,,,
ia_bim_eighteenth-century_histoire-naturelle-eng_leclerc-georges-louis-_1780_6,825,0.01885,junk,,,,
ia_bim_eighteenth-century_histoire-naturelle-eng_leclerc-georges-louis-_1780_6,826,0.00133,junk,,,,
ia_bim_eighteenth-century_histoire-naturelle-eng_leclerc-georges-louis-_1780_6,827,0.00315,junk,,,,
ia_bim_eighteenth-century_histoire-naturelle-eng_leclerc-georges-louis-_1780_6,828,0.02396,junk,,,,
ia_bim_eighteenth-century_histoire-naturelle-eng_leclerc-georges-louis-_1780_6,829,0.01771,junk,,,,
ia_bim_eighteenth-century_histoire-naturelle-eng_leclerc-georges-louis-_1780_6,830,0.00421,junk,,,,
ia_bim_eighteenth-century_histoire-naturelle-eng_leclerc-georges-louis-_1780_6,831,0.00915,junk,,,,
ia_bim_eighteenth-century_histoire-naturelle-eng_leclerc-georges-louis-_1780_6,832,0.23441,junk,,,,
ia_bim_eighteenth-century_histoire-naturelle-eng_leclerc-georges-louis-_1780_6,833,0.00201,junk,,,,
ia_bim_eighteenth-century_histoire-naturelle-eng_leclerc-georges-louis-_1780_6,834,0.14946,junk,,,,
ia_bim_eighteenth-century_histoire-naturelle-eng_leclerc-georges-louis-_1780_6,835,0.00456,junk,,,,
ia_bim_eighteenth-century_histoire-naturelle-eng_leclerc-georges-louis-_1780_6,836,0.03796,junk,,,,
ia_bim_eighteenth-century_histoire-naturelle-eng_leclerc-georges-louis-_1780_6,837,0.12063,junk,,,,
ia_bim_eighteenth-century_histoire-naturelle-eng_leclerc-georges-louis-_1780_6,838,0.04533,junk,,,,
ia_bim_eighteenth-century_histoire-naturelle-eng_leclerc-georges-louis-_1780_6,839,0.00122,junk,,,,
ia_bim_eighteenth-century_histoire-naturelle-eng_leclerc-georges-louis-_1780_6,840,0.03796,junk,,,,
ia_bim_eighteenth-century_histoire-naturelle-eng_leclerc-georges-louis-_1780_6,841,0.12063,junk,,,,
ia_bim_eighteenth-century_histoire-naturelle-eng_leclerc-georges-louis-_1780_6,842,0.04533,junk,,,,
ia_bim_eighteenth-century_histoire-naturelle-eng_leclerc-georges-louis-_1780_6,843,0.00333,junk,,,,
ia_bim_eighteenth-century_histoire-naturelle-eng_leclerc-georges-louis-_1780_6,844,0.00232,junk,,,,
ia_bim_eighteenth-century_histoire-naturelle-eng_leclerc-georges-louis-_1780_6,845,0.01133,junk,,,,
ia_bim_eighteenth-century_histoire-naturelle-eng_leclerc-georges-louis-_1780_6,846,0.16566,junk,,,,
ia_bim_eighteenth-century_histoire-naturelle-eng_leclerc-georges-louis-_1780_6,847,0.54266,non_junk,internal_essence,0.00969,0.34731,0.643
ia_bim_eighteenth-century_histoire-naturelle-eng_leclerc-georges-louis-_1780_6,848,0.04416,junk,,,,
ia_bim_eighteenth-century_histoire-naturelle-eng_leclerc-georges-louis-_1780_6,849,0.0209,junk,,,,
ia_bim_eighteenth-century_histoire-naturelle-eng_leclerc-georges-louis-_1780_6,850,0.00705,junk,,,,
ia_bim_eighteenth-century_histoire-naturelle-eng_leclerc-georges-louis-_1780_6,851,0.04688,junk,,,,
ia_bim_eighteenth-century_histoire-naturelle-eng_leclerc-georges-louis-_1780_6,852,0.43811,junk,,,,
ia_bim_eighteenth-century_histoire-naturelle-eng_leclerc-georges-louis-_1780_6,853,0.0009,junk,,,,
ia_bim_eighteenth-century_histoire-naturelle-eng_leclerc-georges-louis-_1780_6,854,0.00816,junk,,,,
ia_bim_eighteenth-century_histoire-naturelle-eng_leclerc-georges-louis-_1780_6,855,0.00624,junk,,,,
ia_bim_eighteenth-century_histoire-naturelle-eng_leclerc-georges-louis-_1780_6,856,0.96918,non_junk,non_divine_teleology,0.10706,0.86939,0.02355
ia_bim_eighteenth-century_histoire-naturelle-eng_leclerc-georges-louis-_1780_6,857,0.00206,junk,,,,
ia_bim_eighteenth-century_histoire-naturelle-eng_leclerc-georges-louis-_1780_6,858,0.1251,junk,,,,
ia_bim_eighteenth-century_histoire-naturelle-eng_leclerc-georges-louis-_1780_6,859,0.04589,junk,,,,
ia_bim_eighteenth-century_histoire-naturelle-eng_leclerc-georges-louis-_1780_6,860,0.34724,junk,,,,
ia_bim_eighteenth-century_histoire-naturelle-eng_leclerc-georges-louis-_1780_6,861,0.00032,junk,,,,
ia_bim_eighteenth-century_histoire-naturelle-eng_leclerc-georges-louis-_1780_6,862,0.62553,non_junk,non_divine_teleology,0.00749,0.97506,0.01745
ia_bim_eighteenth-century_histoire-naturelle-eng_leclerc-georges-louis-_1780_6,863,0.78983,non_junk,non_divine_teleology,0.0382,0.89411,0.06768
ia_bim_eighteenth-century_histoire-naturelle-eng_leclerc-georges-louis-_1780_6,864,0.07613,junk,,,,
ia_bim_eighteenth-century_histoire-naturelle-eng_leclerc-georges-louis-_1780_6,865,0.10283,junk,,,,
ia_bim_eighteenth-century_histoire-naturelle-eng_leclerc-georges-louis-_1780_6,866,0.41819,junk,,,,
ia_bim_eighteenth-century_histoire-naturelle-eng_leclerc-georges-louis-_1780_6,867,0.14668,junk,,,,
ia_bim_eighteenth-century_histoire-naturelle-eng_leclerc-georges-louis-_1780_6,868,0.10295,junk,,,,
ia_bim_eighteenth-century_histoire-naturelle-eng_leclerc-georges-louis-_1780_6,869,0.48808,junk,,,,
ia_bim_eighteenth-century_histoire-naturelle-eng_leclerc-georges-louis-_1780_6,870,0.99831,non_junk,non_divine_teleology,0.00718,0.98853,0.00429
ia_bim_eighteenth-century_histoire-naturelle-eng_leclerc-georges-louis-_1780_6,871,0.09598,junk,,,,
ia_bim_eighteenth-century_histoire-naturelle-eng_leclerc-georges-louis-_1780_6,872,0.00167,junk,,,,
ia_bim_eighteenth-century_histoire-naturelle-eng_leclerc-georges-louis-_1780_6,873,0.14082,junk,,,,
ia_bim_eighteenth-century_histoire-naturelle-eng_leclerc-georges-louis-_1780_6,874,0.96979,non_junk,non_divine_teleology,0.01007,0.82208,0.16784
ia_bim_eighteenth-century_histoire-naturelle-eng_leclerc-georges-louis-_1780_6,875,0.00415,junk,,,,
ia_bim_eighteenth-century_histoire-naturelle-eng_leclerc-georges-louis-_1780_6,876,0.87175,non_junk,non_divine_teleology,0.01565,0.84242,0.14193
ia_bim_eighteenth-century_histoire-naturelle-eng_leclerc-georges-louis-_1780_6,877,0.61577,non_junk,non_divine_teleology,0.01769,0.96146,0.02085
ia_bim_eighteenth-century_histoire-naturelle-eng_leclerc-georges-louis-_1780_6,878,0.046,junk,,,,
ia_bim_eighteenth-century_histoire-naturelle-eng_leclerc-georges-louis-_1780_6,879,0.0044,junk,,,,
ia_bim_eighteenth-century_histoire-naturelle-eng_leclerc-georges-louis-_1780_6,880,0.00802,junk,,,,
ia_bim_eighteenth-century_histoire-naturelle-eng_leclerc-georges-louis-_1780_6,881,0.09234,junk,,,,
ia_bim_eighteenth-century_histoire-naturelle-eng_leclerc-georges-louis-_1780_6,882,0.00384,junk,,,,
ia_bim_eighteenth-century_histoire-naturelle-eng_leclerc-georges-louis-_1780_6,883,0.0112,junk,,,,
ia_bim_eighteenth-century_histoire-naturelle-eng_leclerc-georges-louis-_1780_6,884,0.02961,junk,,,,
ia_bim_eighteenth-century_histoire-naturelle-eng_leclerc-georges-louis-_1780_6,885,0.09357,junk,,,,
ia_bim_eighteenth-century_histoire-naturelle-eng_leclerc-georges-louis-_1780_6,886,0.00326,junk,,,,
ia_bim_eighteenth-century_histoire-naturelle-eng_leclerc-georges-louis-_1780_6,887,0.00217,junk,,,,
ia_bim_eighteenth-century_histoire-naturelle-eng_leclerc-georges-louis-_1780_6,888,0.00201,junk,,,,
ia_bim_eighteenth-century_histoire-naturelle-eng_leclerc-georges-louis-_1780_6,889,0.29489,junk,,,,
ia_bim_eighteenth-century_histoire-naturelle-eng_leclerc-georges-louis-_1780_6,890,0.17768,junk,,,,
ia_bim_eighteenth-century_histoire-naturelle-eng_leclerc-georges-louis-_1780_6,891,0.02185,junk,,,,
ia_bim_eighteenth-century_histoire-naturelle-eng_leclerc-georges-louis-_1780_6,892,0.23837,junk,,,,
ia_bim_eighteenth-century_histoire-naturelle-eng_leclerc-georges-louis-_1780_6,893,0.03641,junk,,,,
ia_bim_eighteenth-century_histoire-naturelle-eng_leclerc-georges-louis-_1780_6,894,0.09182,junk,,,,
ia_bim_eighteenth-century_histoire-naturelle-eng_leclerc-georges-louis-_1780_6,895,0.00511,junk,,,,
ia_bim_eighteenth-century_histoire-naturelle-eng_leclerc-georges-louis-_1780_6,896,0.00198,junk,,,,
ia_bim_eighteenth-century_histoire-naturelle-eng_leclerc-georges-louis-_1780_6,897,0.00595,junk,,,,
ia_bim_eighteenth-century_histoire-naturelle-eng_leclerc-georges-louis-_1780_6,898,0.1839,junk,,,,
ia_bim_eighteenth-century_histoire-naturelle-eng_leclerc-georges-louis-_1780_6,899,0.02659,junk,,,,
ia_bim_eighteenth-century_histoire-naturelle-eng_leclerc-georges-louis-_1780_6,900,0.00896,junk,,,,
ia_bim_eighteenth-century_histoire-naturelle-eng_leclerc-georges-louis-_1780_6,901,0.00022,junk,,,,
ia_bim_eighteenth-century_histoire-naturelle-eng_leclerc-georges-louis-_1780_6,902,0.0714,junk,,,,
ia_bim_eighteenth-century_histoire-naturelle-eng_leclerc-georges-louis-_1780_6,903,0.00044,junk,,,,
ia_bim_eighteenth-century_histoire-naturelle-eng_leclerc-georges-louis-_1780_6,904,0.0022,junk,,,,
ia_bim_eighteenth-century_histoire-naturelle-eng_leclerc-georges-louis-_1780_6,905,8e-05,junk,,,,
ia_bim_eighteenth-century_histoire-naturelle-eng_leclerc-georges-louis-_1780_6,906,0.01458,junk,,,,
ia_bim_eighteenth-century_histoire-naturelle-eng_leclerc-georges-louis-_1780_6,907,0.0009,junk,,,,
ia_bim_eighteenth-century_histoire-naturelle-eng_leclerc-georges-louis-_1780_6,908,0.00926,junk,,,,
ia_bim_eighteenth-century_histoire-naturelle-eng_leclerc-georges-louis-_1780_6,909,0.00095,junk,,,,
ia_bim_eighteenth-century_histoire-naturelle-eng_leclerc-georges-louis-_1780_6,910,0.00034,junk,,,,
ia_bim_eighteenth-century_histoire-naturelle-eng_leclerc-georges-louis-_1780_6,911,0.02034,junk,,,,
ia_bim_eighteenth-century_histoire-naturelle-eng_leclerc-georges-louis-_1780_6,912,0.14696,junk,,,,
ia_bim_eighteenth-century_histoire-naturelle-eng_leclerc-georges-louis-_1780_6,913,0.00115,junk,,,,
ia_bim_eighteenth-century_histoire-naturelle-eng_leclerc-georges-louis-_1780_6,914,0.01168,junk,,,,
ia_bim_eighteenth-century_histoire-naturelle-eng_leclerc-georges-louis-_1780_6,915,0.00067,junk,,,,
ia_bim_eighteenth-century_histoire-naturelle-eng_leclerc-georges-louis-_1780_6,916,0.00142,junk,,,,
ia_bim_eighteenth-century_histoire-naturelle-eng_leclerc-georges-louis-_1780_6,917,0.46155,junk,,,,
ia_bim_eighteenth-century_histoire-naturelle-eng_leclerc-georges-louis-_1780_6,918,0.00164,junk,,,,
ia_bim_eighteenth-century_histoire-naturelle-eng_leclerc-georges-louis-_1780_6,919,0.84724,non_junk,non_divine_teleology,0.02145,0.60433,0.37421
ia_bim_eighteenth-century_histoire-naturelle-eng_leclerc-georges-louis-_1780_6,920,0.04653,junk,,,,
ia_bim_eighteenth-century_histoire-naturelle-eng_leclerc-georges-louis-_1780_6,921,0.02455,junk,,,,
ia_bim_eighteenth-century_histoire-naturelle-eng_leclerc-georges-louis-_1780_6,922,0.98025,non_junk,non_divine_teleology,0.04263,0.88989,0.06747
ia_bim_eighteenth-century_histoire-naturelle-eng_leclerc-georges-louis-_1780_6,923,0.00088,junk,,,,
ia_bim_eighteenth-century_histoire-naturelle-eng_leclerc-georges-louis-_1780_6,924,0.38435,junk,,,,
ia_bim_eighteenth-century_histoire-naturelle-eng_leclerc-georges-louis-_1780_6,925,0.00255,junk,,,,
ia_bim_eighteenth-century_histoire-naturelle-eng_leclerc-georges-louis-_1780_6,926,0.00032,junk,,,,
ia_bim_eighteenth-century_histoire-naturelle-eng_leclerc-georges-louis-_1780_6,927,0.01032,junk,,,,
ia_bim_eighteenth-century_histoire-naturelle-eng_leclerc-georges-louis-_1780_6,928,0.00076,junk,,,,
ia_bim_eighteenth-century_histoire-naturelle-eng_leclerc-georges-louis-_1780_6,929,0.65297,non_junk,non_divine_teleology,0.02226,0.94745,0.0303
ia_bim_eighteenth-century_histoire-naturelle-eng_leclerc-georges-louis-_1780_6,930,0.13352,junk,,,,
ia_bim_eighteenth-century_histoire-naturelle-eng_leclerc-georges-louis-_1780_6,931,0.00039,junk,,,,
ia_bim_eighteenth-century_histoire-naturelle-eng_leclerc-georges-louis-_1780_6,932,0.38485,junk,,,,
ia_bim_eighteenth-century_histoire-naturelle-eng_leclerc-georges-louis-_1780_6,933,0.07305,junk,,,,
ia_bim_eighteenth-century_histoire-naturelle-eng_leclerc-georges-louis-_1780_6,934,0.00402,junk,,,,
ia_bim_eighteenth-century_histoire-naturelle-eng_leclerc-georges-louis-_1780_6,935,0.02255,junk,,,,
ia_bim_eighteenth-century_histoire-naturelle-eng_leclerc-georges-louis-_1780_6,936,0.00262,junk,,,,
ia_bim_eighteenth-century_histoire-naturelle-eng_leclerc-georges-louis-_1780_6,937,0.00426,junk,,,,
ia_bim_eighteenth-century_histoire-naturelle-eng_leclerc-georges-louis-_1780_6,938,0.02748,junk,,,,
ia_bim_eighteenth-century_histoire-naturelle-eng_leclerc-georges-louis-_1780_6,939,0.06007,junk,,,,
ia_bim_eighteenth-century_histoire-naturelle-eng_leclerc-georges-louis-_1780_6,940,0.05959,junk,,,,
ia_bim_eighteenth-century_histoire-naturelle-eng_leclerc-georges-louis-_1780_6,941,0.18477,junk,,,,
ia_bim_eighteenth-century_histoire-naturelle-eng_leclerc-georges-louis-_1780_6,942,0.00819,junk,,,,
ia_bim_eighteenth-century_histoire-naturelle-eng_leclerc-georges-louis-_1780_6,943,0.35478,junk,,,,
ia_bim_eighteenth-century_histoire-naturelle-eng_leclerc-georges-louis-_1780_6,944,0.29696,junk,,,,
ia_bim_eighteenth-century_histoire-naturelle-eng_leclerc-georges-louis-_1780_6,945,0.82559,non_junk,internal_essence,0.00938,0.20586,0.78476
ia_bim_eighteenth-century_histoire-naturelle-eng_leclerc-georges-louis-_1780_6,946,0.97668,non_junk,non_divine_teleology,0.03735,0.59275,0.3699
ia_bim_eighteenth-century_histoire-naturelle-eng_leclerc-georges-louis-_1780_6,947,0.08515,junk,,,,
ia_bim_eighteenth-century_histoire-naturelle-eng_leclerc-georges-louis-_1780_6,948,0.72001,non_junk,non_divine_teleology,0.0479,0.61511,0.33699
ia_bim_eighteenth-century_histoire-naturelle-eng_leclerc-georges-louis-_1780_6,949,0.37424,junk,,,,
ia_bim_eighteenth-century_histoire-naturelle-eng_leclerc-georges-louis-_1780_6,950,0.62614,non_junk,internal_essence,0.00972,0.04605,0.94423
ia_bim_eighteenth-century_histoire-naturelle-eng_leclerc-georges-louis-_1780_6,951,0.00052,junk,,,,
ia_bim_eighteenth-century_histoire-naturelle-eng_leclerc-georges-louis-_1780_6,952,0.017,junk,,,,
ia_bim_eighteenth-century_histoire-naturelle-eng_leclerc-georges-louis-_1780_6,953,0.14344,junk,,,,
ia_bim_eighteenth-century_histoire-naturelle-eng_leclerc-georges-louis-_1780_6,954,0.61222,non_junk,internal_essence,0.00783,0.20612,0.78604
ia_bim_eighteenth-century_histoire-naturelle-eng_leclerc-georges-louis-_1780_6,955,0.40302,junk,,,,
ia_bim_eighteenth-century_histoire-naturelle-eng_leclerc-georges-louis-_1780_6,956,0.18066,junk,,,,
ia_bim_eighteenth-century_histoire-naturelle-eng_leclerc-georges-louis-_1780_6,957,0.02667,junk,,,,
ia_bim_eighteenth-century_histoire-naturelle-eng_leclerc-georges-louis-_1780_6,958,0.03394,junk,,,,
ia_bim_eighteenth-century_histoire-naturelle-eng_leclerc-georges-louis-_1780_6,959,0.52321,non_junk,internal_essence,0.01758,0.13629,0.84613
ia_bim_eighteenth-century_histoire-naturelle-eng_leclerc-georges-louis-_1780_6,960,0.0288,junk,,,,
ia_bim_eighteenth-century_histoire-naturelle-eng_leclerc-georges-louis-_1780_6,961,0.00475,junk,,,,
ia_bim_eighteenth-century_histoire-naturelle-eng_leclerc-georges-louis-_1780_6,962,0.53525,non_junk,internal_essence,0.01144,0.15515,0.83341
ia_bim_eighteenth-century_histoire-naturelle-eng_leclerc-georges-louis-_1780_6,963,0.0011,junk,,,,
ia_bim_eighteenth-century_histoire-naturelle-eng_leclerc-georges-louis-_1780_6,964,0.00941,junk,,,,
ia_bim_eighteenth-century_histoire-naturelle-eng_leclerc-georges-louis-_1780_6,965,0.00243,junk,,,,
ia_bim_eighteenth-century_histoire-naturelle-eng_leclerc-georges-louis-_1780_6,966,0.04479,junk,,,,
ia_bim_eighteenth-century_histoire-naturelle-eng_leclerc-georges-louis-_1780_6,967,0.88623,non_junk,non_divine_teleology,0.01072,0.90621,0.08307
ia_bim_eighteenth-century_histoire-naturelle-eng_leclerc-georges-louis-_1780_6,968,0.85907,non_junk,non_divine_teleology,0.00929,0.85335,0.13737
ia_bim_eighteenth-century_histoire-naturelle-eng_leclerc-georges-louis-_1780_6,969,0.0241,junk,,,,
ia_bim_eighteenth-century_histoire-naturelle-eng_leclerc-georges-louis-_1780_6,970,0.19215,junk,,,,
ia_bim_eighteenth-century_histoire-naturelle-eng_leclerc-georges-louis-_1780_6,971,0.08721,junk,,,,
ia_bim_eighteenth-century_histoire-naturelle-eng_leclerc-georges-louis-_1780_6,972,0.0157,junk,,,,
ia_bim_eighteenth-century_histoire-naturelle-eng_leclerc-georges-louis-_1780_6,973,0.04286,junk,,,,
ia_bim_eighteenth-century_histoire-naturelle-eng_leclerc-georges-louis-_1780_6,974,0.13126,junk,,,,
ia_bim_eighteenth-century_histoire-naturelle-eng_leclerc-georges-louis-_1780_6,975,0.02165,junk,,,,
ia_bim_eighteenth-century_histoire-naturelle-eng_leclerc-georges-louis-_1780_6,976,0.008,junk,,,,
ia_bim_eighteenth-century_histoire-naturelle-eng_leclerc-georges-louis-_1780_6,977,0.84882,non_junk,internal_essence,0.00182,0.40601,0.59217
ia_bim_eighteenth-century_histoire-naturelle-eng_leclerc-georges-louis-_1780_6,978,0.16401,junk,,,,
ia_bim_eighteenth-century_histoire-naturelle-eng_leclerc-georges-louis-_1780_6,979,0.00261,junk,,,,
ia_bim_eighteenth-century_histoire-naturelle-eng_leclerc-georges-louis-_1780_6,980,0.00013,junk,,,,
ia_bim_eighteenth-century_histoire-naturelle-eng_leclerc-georges-louis-_1780_6,981,0.07855,junk,,,,
ia_bim_eighteenth-century_histoire-naturelle-eng_leclerc-georges-louis-_1780_6,982,0.03122,junk,,,,
ia_bim_eighteenth-century_histoire-naturelle-eng_leclerc-georges-louis-_1780_6,983,0.00683,junk,,,,
ia_bim_eighteenth-century_histoire-naturelle-eng_leclerc-georges-louis-_1780_6,984,0.00014,junk,,,,
ia_bim_eighteenth-century_histoire-naturelle-eng_leclerc-georges-louis-_1780_6,985,0.00028,junk,,,,
ia_bim_eighteenth-century_histoire-naturelle-eng_leclerc-georges-louis-_1780_6,986,0.00073,junk,,,,
ia_bim_eighteenth-century_histoire-naturelle-eng_leclerc-georges-louis-_1780_6,987,0.23183,junk,,,,
ia_bim_eighteenth-century_histoire-naturelle-eng_leclerc-georges-louis-_1780_6,988,0.00768,junk,,,,
ia_bim_eighteenth-century_histoire-naturelle-eng_leclerc-georges-louis-_1780_6,989,0.9296,non_junk,non_divine_teleology,0.00825,0.97777,0.01398
ia_bim_eighteenth-century_histoire-naturelle-eng_leclerc-georges-louis-_1780_6,990,0.14535,junk,,,,
ia_bim_eighteenth-century_histoire-naturelle-eng_leclerc-georges-louis-_1780_6,991,0.15396,junk,,,,
ia_bim_eighteenth-century_histoire-naturelle-eng_leclerc-georges-louis-_1780_6,992,0.15958,junk,,,,
ia_bim_eighteenth-century_histoire-naturelle-eng_leclerc-georges-louis-_1780_6,993,0.30926,junk,,,,
ia_bim_eighteenth-century_histoire-naturelle-eng_leclerc-georges-louis-_1780_6,994,0.00235,junk,,,,
ia_bim_eighteenth-century_histoire-naturelle-eng_leclerc-georges-louis-_1780_6,995,0.00267,junk,,,,
ia_bim_eighteenth-century_histoire-naturelle-eng_leclerc-georges-louis-_1780_6,996,0.00354,junk,,,,
ia_bim_eighteenth-century_histoire-naturelle-eng_leclerc-georges-louis-_1780_6,997,0.0123,junk,,,,
ia_bim_eighteenth-century_histoire-naturelle-eng_leclerc-georges-louis-_1780_6,998,0.00345,junk,,,,
ia_bim_eighteenth-century_histoire-naturelle-eng_leclerc-georges-louis-_1780_6,999,0.00915,junk,,,,
ia_bim_eighteenth-century_histoire-naturelle-eng_leclerc-georges-louis-_1780_6,1000,0.08561,junk,,,,
ia_bim_eighteenth-century_histoire-naturelle-eng_leclerc-georges-louis-_1780_6,1001,0.30398,junk,,,,
ia_bim_eighteenth-century_histoire-naturelle-eng_leclerc-georges-louis-_1780_6,1002,0.0289,junk,,,,
ia_bim_eighteenth-century_histoire-naturelle-eng_leclerc-georges-louis-_1780_6,1003,0.0302,junk,,,,
ia_bim_eighteenth-century_histoire-naturelle-eng_leclerc-georges-louis-_1780_6,1004,9e-05,junk,,,,
ia_bim_eighteenth-century_histoire-naturelle-eng_leclerc-georges-louis-_1780_6,1005,0.05778,junk,,,,
ia_bim_eighteenth-century_histoire-naturelle-eng_leclerc-georges-louis-_1780_6,1006,0.33313,junk,,,,
ia_bim_eighteenth-century_histoire-naturelle-eng_leclerc-georges-louis-_1780_6,1007,0.00425,junk,,,,
ia_bim_eighteenth-century_histoire-naturelle-eng_leclerc-georges-louis-_1780_6,1008,0.00081,junk,,,,
ia_bim_eighteenth-century_histoire-naturelle-eng_leclerc-georges-louis-_1780_6,1009,0.06194,junk,,,,
ia_bim_eighteenth-century_histoire-naturelle-eng_leclerc-georges-louis-_1780_6,1010,0.00359,junk,,,,
ia_bim_eighteenth-century_histoire-naturelle-eng_leclerc-georges-louis-_1780_6,1011,0.00165,junk,,,,
ia_bim_eighteenth-century_histoire-naturelle-eng_leclerc-georges-louis-_1780_6,1012,0.01563,junk,,,,
ia_bim_eighteenth-century_histoire-naturelle-eng_leclerc-georges-louis-_1780_6,1013,0.3252,junk,,,,
ia_bim_eighteenth-century_histoire-naturelle-eng_leclerc-georges-louis-_1780_6,1014,0.64901,non_junk,internal_essence,0.00284,0.17581,0.82135
ia_bim_eighteenth-century_histoire-naturelle-eng_leclerc-georges-louis-_1780_6,1015,0.79961,non_junk,internal_essence,0.0198,0.16276,0.81743
ia_bim_eighteenth-century_histoire-naturelle-eng_leclerc-georges-louis-_1780_6,1016,0.24973,junk,,,,
ia_bim_eighteenth-century_histoire-naturelle-eng_leclerc-georges-louis-_1780_6,1017,0.0001,junk,,,,
ia_bim_eighteenth-century_histoire-naturelle-eng_leclerc-georges-louis-_1780_6,1018,0.01856,junk,,,,
ia_bim_eighteenth-century_histoire-naturelle-eng_leclerc-georges-louis-_1780_6,1019,0.03617,junk,,,,
ia_bim_eighteenth-century_histoire-naturelle-eng_leclerc-georges-louis-_1780_6,1020,0.0449,junk,,,,
ia_bim_eighteenth-century_histoire-naturelle-eng_leclerc-georges-louis-_1780_6,1021,0.00013,junk,,,,
ia_bim_eighteenth-century_histoire-naturelle-eng_leclerc-georges-louis-_1780_6,1022,0.06563,junk,,,,
ia_bim_eighteenth-century_histoire-naturelle-eng_leclerc-georges-louis-_1780_6,1023,0.91334,non_junk,internal_essence,0.02161,0.26215,0.71624
ia_bim_eighteenth-century_histoire-naturelle-eng_leclerc-georges-louis-_1780_6,1024,0.0414,junk,,,,
ia_bim_eighteenth-century_histoire-naturelle-eng_leclerc-georges-louis-_1780_6,1025,0.05469,junk,,,,
ia_bim_eighteenth-century_histoire-naturelle-eng_leclerc-georges-louis-_1780_6,1026,0.09962,junk,,,,
ia_bim_eighteenth-century_histoire-naturelle-eng_leclerc-georges-louis-_1780_6,1027,0.00016,junk,,,,
ia_bim_eighteenth-century_histoire-naturelle-eng_leclerc-georges-louis-_1780_6,1028,0.40522,junk,,,,
ia_bim_eighteenth-century_histoire-naturelle-eng_leclerc-georges-louis-_1780_6,1029,0.0117,junk,,,,
ia_bim_eighteenth-century_histoire-naturelle-eng_leclerc-georges-louis-_1780_6,1030,0.06582,junk,,,,
ia_bim_eighteenth-century_histoire-naturelle-eng_leclerc-georges-louis-_1780_6,1031,0.0004,junk,,,,
ia_bim_eighteenth-century_histoire-naturelle-eng_leclerc-georges-louis-_1780_6,1032,0.00401,junk,,,,
ia_bim_eighteenth-century_histoire-naturelle-eng_leclerc-georges-louis-_1780_6,1033,0.01902,junk,,,,
ia_bim_eighteenth-century_histoire-naturelle-eng_leclerc-georges-louis-_1780_6,1034,0.11091,junk,,,,
ia_bim_eighteenth-century_histoire-naturelle-eng_leclerc-georges-louis-_1780_6,1035,0.00247,junk,,,,
ia_bim_eighteenth-century_histoire-naturelle-eng_leclerc-georges-louis-_1780_6,1036,0.00928,junk,,,,
ia_bim_eighteenth-century_histoire-naturelle-eng_leclerc-georges-louis-_1780_6,1037,0.00465,junk,,,,
ia_bim_eighteenth-century_histoire-naturelle-eng_leclerc-georges-louis-_1780_6,1038,0.00413,junk,,,,
ia_bim_eighteenth-century_histoire-naturelle-eng_leclerc-georges-louis-_1780_6,1039,0.01355,junk,,,,
ia_bim_eighteenth-century_histoire-naturelle-eng_leclerc-georges-louis-_1780_6,1040,6e-05,junk,,,,
ia_bim_eighteenth-century_histoire-naturelle-eng_leclerc-georges-louis-_1780_6,1041,0.33327,junk,,,,
ia_bim_eighteenth-century_histoire-naturelle-eng_leclerc-georges-louis-_1780_6,1042,0.02165,junk,,,,
ia_bim_eighteenth-century_histoire-naturelle-eng_leclerc-georges-louis-_1780_6,1043,0.00127,junk,,,,
ia_bim_eighteenth-century_histoire-naturelle-eng_leclerc-georges-louis-_1780_6,1044,0.02513,junk,,,,
ia_bim_eighteenth-century_histoire-naturelle-eng_leclerc-georges-louis-_1780_6,1045,0.01264,junk,,,,
ia_bim_eighteenth-century_histoire-naturelle-eng_leclerc-georges-louis-_1780_6,1046,0.00133,junk,,,,
ia_bim_eighteenth-century_histoire-naturelle-eng_leclerc-georges-louis-_1780_6,1047,0.01139,junk,,,,
ia_bim_eighteenth-century_histoire-naturelle-eng_leclerc-georges-louis-_1780_6,1048,0.00107,junk,,,,
ia_bim_eighteenth-century_histoire-naturelle-eng_leclerc-georges-louis-_1780_6,1049,0.02946,junk,,,,
ia_bim_eighteenth-century_histoire-naturelle-eng_leclerc-georges-louis-_1780_6,1050,0.02946,junk,,,,
ia_bim_eighteenth-century_histoire-naturelle-eng_leclerc-georges-louis-_1780_6,1051,0.00028,junk,,,,
ia_bim_eighteenth-century_histoire-naturelle-eng_leclerc-georges-louis-_1780_6,1052,0.02941,junk,,,,
ia_bim_eighteenth-century_histoire-naturelle-eng_leclerc-georges-louis-_1780_6,1053,0.03843,junk,,,,
ia_bim_eighteenth-century_histoire-naturelle-eng_leclerc-georges-louis-_1780_6,1054,0.00602,junk,,,,
ia_bim_eighteenth-century_histoire-naturelle-eng_leclerc-georges-louis-_1780_6,1055,0.0021,junk,,,,
ia_bim_eighteenth-century_histoire-naturelle-eng_leclerc-georges-louis-_1780_6,1056,0.00065,junk,,,,
ia_bim_eighteenth-century_histoire-naturelle-eng_leclerc-georges-louis-_1780_6,1057,0.01879,junk,,,,
ia_bim_eighteenth-century_histoire-naturelle-eng_leclerc-georges-louis-_1780_6,1058,0.00226,junk,,,,
ia_bim_eighteenth-century_histoire-naturelle-eng_leclerc-georges-louis-_1780_6,1059,0.00255,junk,,,,
ia_bim_eighteenth-century_histoire-naturelle-eng_leclerc-georges-louis-_1780_6,1060,0.00191,junk,,,,
ia_bim_eighteenth-century_histoire-naturelle-eng_leclerc-georges-louis-_1780_6,1061,0.10861,junk,,,,
ia_bim_eighteenth-century_histoire-naturelle-eng_leclerc-georges-louis-_1780_6,1062,0.0602,junk,,,,
ia_bim_eighteenth-century_histoire-naturelle-eng_leclerc-georges-louis-_1780_6,1063,0.00111,junk,,,,
ia_bim_eighteenth-century_histoire-naturelle-eng_leclerc-georges-louis-_1780_6,1064,8e-05,junk,,,,
ia_bim_eighteenth-century_histoire-naturelle-eng_leclerc-georges-louis-_1780_6,1065,0.00165,junk,,,,
ia_bim_eighteenth-century_histoire-naturelle-eng_leclerc-georges-louis-_1780_6,1066,0.01292,junk,,,,
ia_bim_eighteenth-century_histoire-naturelle-eng_leclerc-georges-louis-_1780_6,1067,0.01914,junk,,,,
ia_bim_eighteenth-century_histoire-naturelle-eng_leclerc-georges-louis-_1780_6,1068,0.01519,junk,,,,
ia_bim_eighteenth-century_histoire-naturelle-eng_leclerc-georges-louis-_1780_6,1069,0.00469,junk,,,,
ia_bim_eighteenth-century_histoire-naturelle-eng_leclerc-georges-louis-_1780_6,1070,0.58203,non_junk,non_divine_teleology,0.01135,0.9771,0.01154
ia_bim_eighteenth-century_histoire-naturelle-eng_leclerc-georges-louis-_1780_6,1071,0.00469,junk,,,,
ia_bim_eighteenth-century_histoire-naturelle-eng_leclerc-georges-louis-_1780_6,1072,0.49815,junk,,,,
ia_bim_eighteenth-century_histoire-naturelle-eng_leclerc-georges-louis-_1780_6,1073,0.35191,junk,,,,
ia_bim_eighteenth-century_histoire-naturelle-eng_leclerc-georges-louis-_1780_6,1074,0.03241,junk,,,,
ia_bim_eighteenth-century_histoire-naturelle-eng_leclerc-georges-louis-_1780_6,1075,0.0742,junk,,,,
ia_bim_eighteenth-century_histoire-naturelle-eng_leclerc-georges-louis-_1780_6,1076,0.65194,non_junk,non_divine_teleology,0.03975,0.83329,0.12696
ia_bim_eighteenth-century_histoire-naturelle-eng_leclerc-georges-louis-_1780_6,1077,0.68051,non_junk,non_divine_teleology,0.01155,0.98319,0.00526
ia_bim_eighteenth-century_histoire-naturelle-eng_leclerc-georges-louis-_1780_6,1078,0.06103,junk,,,,
ia_bim_eighteenth-century_histoire-naturelle-eng_leclerc-georges-louis-_1780_6,1079,0.68051,non_junk,non_divine_teleology,0.01155,0.98319,0.00526
ia_bim_eighteenth-century_histoire-naturelle-eng_leclerc-georges-louis-_1780_6,1080,0.06103,junk,,,,
ia_bim_eighteenth-century_histoire-naturelle-eng_leclerc-georges-louis-_1780_6,1081,0.00258,junk,,,,
ia_bim_eighteenth-century_histoire-naturelle-eng_leclerc-georges-louis-_1780_6,1082,0.95761,non_junk,internal_essence,0.0021,0.22362,0.77427
ia_bim_eighteenth-century_histoire-naturelle-eng_leclerc-georges-louis-_1780_6,1083,0.07496,junk,,,,
ia_bim_eighteenth-century_histoire-naturelle-eng_leclerc-georges-louis-_1780_6,1084,0.185,junk,,,,
ia_bim_eighteenth-century_histoire-naturelle-eng_leclerc-georges-louis-_1780_6,1085,0.24841,junk,,,,
ia_bim_eighteenth-century_histoire-naturelle-eng_leclerc-georges-louis-_1780_6,1086,0.00157,junk,,,,
ia_bim_eighteenth-century_histoire-naturelle-eng_leclerc-georges-louis-_1780_6,1087,0.00817,junk,,,,
ia_bim_eighteenth-century_histoire-naturelle-eng_leclerc-georges-louis-_1780_6,1088,0.41529,junk,,,,
ia_bim_eighteenth-century_histoire-naturelle-eng_leclerc-georges-louis-_1780_6,1089,0.00157,junk,,,,
ia_bim_eighteenth-century_histoire-naturelle-eng_leclerc-georges-louis-_1780_6,1090,0.00659,junk,,,,
ia_bim_eighteenth-century_histoire-naturelle-eng_leclerc-georges-louis-_1780_6,1091,0.00731,junk,,,,
ia_bim_eighteenth-century_histoire-naturelle-eng_leclerc-georges-louis-_1780_6,1092,0.39811,junk,,,,
ia_bim_eighteenth-century_histoire-naturelle-eng_leclerc-georges-louis-_1780_6,1093,0.00534,junk,,,,
ia_bim_eighteenth-century_histoire-naturelle-eng_leclerc-georges-louis-_1780_6,1094,0.17891,junk,,,,
ia_bim_eighteenth-century_histoire-naturelle-eng_leclerc-georges-louis-_1780_6,1095,0.08427,junk,,,,
ia_bim_eighteenth-century_histoire-naturelle-eng_leclerc-georges-louis-_1780_6,1096,0.31141,junk,,,,
ia_bim_eighteenth-century_histoire-naturelle-eng_leclerc-georges-louis-_1780_6,1097,0.02606,junk,,,,
ia_bim_eighteenth-century_histoire-naturelle-eng_leclerc-georges-louis-_1780_6,1098,6e-05,junk,,,,
ia_bim_eighteenth-century_histoire-naturelle-eng_leclerc-georges-louis-_1780_6,1099,0.00221,junk,,,,
ia_bim_eighteenth-century_histoire-naturelle-eng_leclerc-georges-louis-_1780_6,1100,0.00653,junk,,,,
ia_bim_eighteenth-century_histoire-naturelle-eng_leclerc-georges-louis-_1780_6,1101,0.94176,non_junk,non_divine_teleology,0.02805,0.92223,0.04972
ia_bim_eighteenth-century_histoire-naturelle-eng_leclerc-georges-louis-_1780_6,1102,0.00284,junk,,,,
ia_bim_eighteenth-century_histoire-naturelle-eng_leclerc-georges-louis-_1780_6,1103,0.00241,junk,,,,
ia_bim_eighteenth-century_histoire-naturelle-eng_leclerc-georges-louis-_1780_6,1104,0.00367,junk,,,,
ia_bim_eighteenth-century_histoire-naturelle-eng_leclerc-georges-louis-_1780_6,1105,0.00259,junk,,,,
ia_bim_eighteenth-century_histoire-naturelle-eng_leclerc-georges-louis-_1780_6,1106,0.44141,junk,,,,
ia_bim_eighteenth-century_histoire-naturelle-eng_leclerc-georges-louis-_1780_6,1107,0.06745,junk,,,,
ia_bim_eighteenth-century_histoire-naturelle-eng_leclerc-georges-louis-_1780_6,1108,0.00075,junk,,,,
ia_bim_eighteenth-century_histoire-naturelle-eng_leclerc-georges-louis-_1780_6,1109,0.02288,junk,,,,
ia_bim_eighteenth-century_histoire-naturelle-eng_leclerc-georges-louis-_1780_6,1110,0.00836,junk,,,,
ia_bim_eighteenth-century_histoire-naturelle-eng_leclerc-georges-louis-_1780_6,1111,0.00444,junk,,,,
ia_bim_eighteenth-century_histoire-naturelle-eng_leclerc-georges-louis-_1780_6,1112,4e-05,junk,,,,
ia_bim_eighteenth-century_histoire-naturelle-eng_leclerc-georges-louis-_1780_6,1113,0.0018,junk,,,,
ia_bim_eighteenth-century_histoire-naturelle-eng_leclerc-georges-louis-_1780_6,1114,0.14395,junk,,,,
ia_bim_eighteenth-century_histoire-naturelle-eng_leclerc-georges-louis-_1780_6,1115,0.00085,junk,,,,
ia_bim_eighteenth-century_histoire-naturelle-eng_leclerc-georges-louis-_1780_6,1116,0.75174,non_junk,internal_essence,0.10422,0.40861,0.48718
ia_bim_eighteenth-century_histoire-naturelle-eng_leclerc-georges-louis-_1780_6,1117,0.14618,junk,,,,
ia_bim_eighteenth-century_histoire-naturelle-eng_leclerc-georges-louis-_1780_6,1118,0.00211,junk,,,,
ia_bim_eighteenth-century_histoire-naturelle-eng_leclerc-georges-louis-_1780_6,1119,0.00083,junk,,,,
ia_bim_eighteenth-century_histoire-naturelle-eng_leclerc-georges-louis-_1780_6,1120,0.00374,junk,,,,
ia_bim_eighteenth-century_histoire-naturelle-eng_leclerc-georges-louis-_1780_6,1121,0.0139,junk,,,,
ia_bim_eighteenth-century_histoire-naturelle-eng_leclerc-georges-louis-_1780_6,1122,0.05716,junk,,,,
ia_bim_eighteenth-century_histoire-naturelle-eng_leclerc-georges-louis-_1780_6,1123,0.08063,junk,,,,
ia_bim_eighteenth-century_histoire-naturelle-eng_leclerc-georges-louis-_1780_6,1124,0.00271,junk,,,,
ia_bim_eighteenth-century_histoire-naturelle-eng_leclerc-georges-louis-_1780_6,1125,0.16611,junk,,,,
ia_bim_eighteenth-century_histoire-naturelle-eng_leclerc-georges-louis-_1780_6,1126,0.01404,junk,,,,
ia_bim_eighteenth-century_histoire-naturelle-eng_leclerc-georges-louis-_1780_6,1127,0.00206,junk,,,,
ia_bim_eighteenth-century_histoire-naturelle-eng_leclerc-georges-louis-_1780_6,1128,0.01504,junk,,,,
ia_bim_eighteenth-century_histoire-naturelle-eng_leclerc-georges-louis-_1780_6,1129,0.00122,junk,,,,
ia_bim_eighteenth-century_histoire-naturelle-eng_leclerc-georges-louis-_1780_6,1130,0.00242,junk,,,,
ia_bim_eighteenth-century_histoire-naturelle-eng_leclerc-georges-louis-_1780_6,1131,5e-05,junk,,,,
ia_bim_eighteenth-century_histoire-naturelle-eng_leclerc-georges-louis-_1780_6,1132,0.00262,junk,,,,
ia_bim_eighteenth-century_histoire-naturelle-eng_leclerc-georges-louis-_1780_6,1133,0.00366,junk,,,,
ia_bim_eighteenth-century_histoire-naturelle-eng_leclerc-georges-louis-_1780_6,1134,0.98744,non_junk,internal_essence,0.03748,0.40767,0.55485
ia_bim_eighteenth-century_histoire-naturelle-eng_leclerc-georges-louis-_1780_6,1135,0.05321,junk,,,,
ia_bim_eighteenth-century_histoire-naturelle-eng_leclerc-georges-louis-_1780_6,1136,0.11031,junk,,,,
ia_bim_eighteenth-century_histoire-naturelle-eng_leclerc-georges-louis-_1780_6,1137,0.03587,junk,,,,
