uid,sent_id,gate_prob_nonjunk,gate_pred,s2_pred,s2_p_divine_teleology,s2_p_non_divine_teleology,s2_p_internal_essence
ia_bim_eighteenth-century_histoire-naturelle-eng_le-clerc-georges-louis-_1791_1,1,0.00441,junk,,,,
ia_bim_eighteenth-century_histoire-naturelle-eng_le-clerc-georges-louis-_1791_1,2,0.02724,junk,,,,
ia_bim_eighteenth-century_histoire-naturelle-eng_le-clerc-georges-louis-_1791_1,3,0.00141,junk,,,,
ia_bim_eighteenth-century_histoire-naturelle-eng_le-clerc-georges-louis-_1791_1,4,0.00012,junk,,,,
ia_bim_eighteenth-century_histoire-naturelle-eng_le-clerc-georges-louis-_1791_1,5,0.00048,junk,,,,
ia_bim_eighteenth-century_histoire-naturelle-eng_le-clerc-georges-louis-_1791_1,6,0.01411,junk,,,,
ia_bim_eighteenth-century_histoire-naturelle-eng_le-clerc-georges-louis-_1791_1,7,0.00542,junk,,,,
ia_bim_eighteenth-century_histoire-naturelle-eng_le-clerc-georges-louis-_1791_1,8,0.00053,junk,,,,
ia_bim_eighteenth-century_histoire-naturelle-eng_le-clerc-georges-louis-_1791_1,9,0.00044,junk,,,,
ia_bim_eighteenth-century_histoire-naturelle-eng_le-clerc-georges-louis-_1791_1,10,0.0005,junk,,,,
ia_bim_eighteenth-century_histoire-naturelle-eng_le-clerc-georges-louis-_1791_1,11,0.00028,junk,,,,
ia_bim_eighteenth-century_histoire-naturelle-eng_le-clerc-georges-louis-_1791_1,12,0.00262,junk,,,,
ia_bim_eighteenth-century_histoire-naturelle-eng_le-clerc-georges-louis-_1791_1,13,0.00472,junk,,,,
ia_bim_eighteenth-century_histoire-naturelle-eng_le-clerc-georges-louis-_1791_1,14,0.00381,junk,,,,
ia_bim_eighteenth-century_histoire-naturelle-eng_le-clerc-georges-louis-_1791_1,15,0.00652,junk,,,,
ia_bim_eighteenth-century_histoire-naturelle-eng_le-clerc-georges-louis-_1791_1,16,0.01434,junk,,,,
ia_bim_eighteenth-century_histoire-naturelle-eng_le-clerc-georges-louis-_1791_1,17,0.12729,junk,,,,
ia_bim_eighteenth-century_histoire-naturelle-eng_le-clerc-georges-louis-_1791_1,18,0.1775,junk,,,,
ia_bim_eighteenth-century_histoire-naturelle-eng_le-clerc-georges-louis-_1791_1,19,0.00257,junk,,,,
ia_bim_eighteenth-century_histoire-naturelle-eng_le-clerc-georges-louis-_1791_1,20,0.00013,junk,,,,
ia_bim_eighteenth-century_histoire-naturelle-eng_le-clerc-georges-louis-_1791_1,21,0.00038,junk,,,,
ia_bim_eighteenth-century_histoire-naturelle-eng_le-clerc-georges-louis-_1791_1,22,0.00106,junk,,,,
ia_bim_eighteenth-century_histoire-naturelle-eng_le-clerc-georges-louis-_1791_1,23,0.00075,junk,,,,
ia_bim_eighteenth-century_histoire-naturelle-eng_le-clerc-georges-louis-_1791_1,24,0.00159,junk,,,,
ia_bim_eighteenth-century_histoire-naturelle-eng_le-clerc-georges-louis-_1791_1,25,0.00463,junk,,,,
ia_bim_eighteenth-century_histoire-naturelle-eng_le-clerc-georges-louis-_1791_1,26,0.08109,junk,,,,
ia_bim_eighteenth-century_histoire-naturelle-eng_le-clerc-georges-louis-_1791_1,27,0.0006,junk,,,,
ia_bim_eighteenth-century_histoire-naturelle-eng_le-clerc-georges-louis-_1791_1,28,0.08109,junk,,,,
ia_bim_eighteenth-century_histoire-naturelle-eng_le-clerc-georges-louis-_1791_1,29,0.0006,junk,,,,
ia_bim_eighteenth-century_histoire-naturelle-eng_le-clerc-georges-louis-_1791_1,30,0.00213,junk,,,,
ia_bim_eighteenth-century_histoire-naturelle-eng_le-clerc-georges-louis-_1791_1,31,8e-05,junk,,,,
ia_bim_eighteenth-century_histoire-naturelle-eng_le-clerc-georges-louis-_1791_1,32,0.01519,junk,,,,
ia_bim_eighteenth-century_histoire-naturelle-eng_le-clerc-georges-louis-_1791_1,33,0.00877,junk,,,,
ia_bim_eighteenth-century_histoire-naturelle-eng_le-clerc-georges-louis-_1791_1,34,8e-05,junk,,,,
ia_bim_eighteenth-century_histoire-naturelle-eng_le-clerc-georges-louis-_1791_1,35,0.01519,junk,,,,
ia_bim_eighteenth-century_histoire-naturelle-eng_le-clerc-georges-louis-_1791_1,36,0.00877,junk,,,,
ia_bim_eighteenth-century_histoire-naturelle-eng_le-clerc-georges-louis-_1791_1,37,0.01757,junk,,,,
ia_bim_eighteenth-century_histoire-naturelle-eng_le-clerc-georges-louis-_1791_1,38,0.00796,junk,,,,
ia_bim_eighteenth-century_histoire-naturelle-eng_le-clerc-georges-louis-_1791_1,39,0.00148,junk,,,,
ia_bim_eighteenth-century_histoire-naturelle-eng_le-clerc-georges-louis-_1791_1,40,0.00076,junk,,,,
ia_bim_eighteenth-century_histoire-naturelle-eng_le-clerc-georges-louis-_1791_1,41,0.00208,junk,,,,
ia_bim_eighteenth-century_histoire-naturelle-eng_le-clerc-georges-louis-_1791_1,42,0.00044,junk,,,,
ia_bim_eighteenth-century_histoire-naturelle-eng_le-clerc-georges-louis-_1791_1,43,0.00022,junk,,,,
ia_bim_eighteenth-century_histoire-naturelle-eng_le-clerc-georges-louis-_1791_1,44,0.00013,junk,,,,
ia_bim_eighteenth-century_histoire-naturelle-eng_le-clerc-georges-louis-_1791_1,45,0.01712,junk,,,,
ia_bim_eighteenth-century_histoire-naturelle-eng_le-clerc-georges-louis-_1791_1,46,0.00049,junk,,,,
ia_bim_eighteenth-century_histoire-naturelle-eng_le-clerc-georges-louis-_1791_1,47,0.00077,junk,,,,
ia_bim_eighteenth-century_histoire-naturelle-eng_le-clerc-georges-louis-_1791_1,48,8e-05,junk,,,,
ia_bim_eighteenth-century_histoire-naturelle-eng_le-clerc-georges-louis-_1791_1,49,8e-05,junk,,,,
ia_bim_eighteenth-century_histoire-naturelle-eng_le-clerc-georges-louis-_1791_1,50,0.00056,junk,,,,
ia_bim_eighteenth-century_histoire-naturelle-eng_le-clerc-georges-louis-_1791_1,51,0.0002,junk,,,,
ia_bim_eighteenth-century_histoire-naturelle-eng_le-clerc-georges-louis-_1791_1,52,0.0002,junk,,,,
ia_bim_eighteenth-century_histoire-naturelle-eng_le-clerc-georges-louis-_1791_1,53,0.0002,junk,,,,
ia_bim_eighteenth-century_histoire-naturelle-eng_le-clerc-georges-louis-_1791_1,54,0.00107,junk,,,,
ia_bim_eighteenth-century_histoire-naturelle-eng_le-clerc-georges-louis-_1791_1,55,0.98922,non_junk,internal_essence,0.05474,0.19157,0.75369
ia_bim_eighteenth-century_histoire-naturelle-eng_le-clerc-georges-louis-_1791_1,56,0.04406,junk,,,,
ia_bim_eighteenth-century_histoire-naturelle-eng_le-clerc-georges-louis-_1791_1,57,0.00048,junk,,,,
ia_bim_eighteenth-century_histoire-naturelle-eng_le-clerc-georges-louis-_1791_1,58,0.09244,junk,,,,
ia_bim_eighteenth-century_histoire-naturelle-eng_le-clerc-georges-louis-_1791_1,59,0.01273,junk,,,,
ia_bim_eighteenth-century_histoire-naturelle-eng_le-clerc-georges-louis-_1791_1,60,0.00541,junk,,,,
ia_bim_eighteenth-century_histoire-naturelle-eng_le-clerc-georges-louis-_1791_1,61,0.01273,junk,,,,
ia_bim_eighteenth-century_histoire-naturelle-eng_le-clerc-georges-louis-_1791_1,62,0.00071,junk,,,,
ia_bim_eighteenth-century_histoire-naturelle-eng_le-clerc-georges-louis-_1791_1,63,0.00732,junk,,,,
ia_bim_eighteenth-century_histoire-naturelle-eng_le-clerc-georges-louis-_1791_1,64,0.00585,junk,,,,
ia_bim_eighteenth-century_histoire-naturelle-eng_le-clerc-georges-louis-_1791_1,65,0.00143,junk,,,,
ia_bim_eighteenth-century_histoire-naturelle-eng_le-clerc-georges-louis-_1791_1,66,0.00168,junk,,,,
ia_bim_eighteenth-century_histoire-naturelle-eng_le-clerc-georges-louis-_1791_1,67,0.00143,junk,,,,
ia_bim_eighteenth-century_histoire-naturelle-eng_le-clerc-georges-louis-_1791_1,68,0.00168,junk,,,,
ia_bim_eighteenth-century_histoire-naturelle-eng_le-clerc-georges-louis-_1791_1,69,0.06549,junk,,,,
ia_bim_eighteenth-century_histoire-naturelle-eng_le-clerc-georges-louis-_1791_1,70,0.29571,junk,,,,
ia_bim_eighteenth-century_histoire-naturelle-eng_le-clerc-georges-louis-_1791_1,71,0.5865,non_junk,internal_essence,0.0111,0.3202,0.6687
ia_bim_eighteenth-century_histoire-naturelle-eng_le-clerc-georges-louis-_1791_1,72,0.98928,non_junk,internal_essence,0.00084,0.25703,0.74214
ia_bim_eighteenth-century_histoire-naturelle-eng_le-clerc-georges-louis-_1791_1,73,0.00264,junk,,,,
ia_bim_eighteenth-century_histoire-naturelle-eng_le-clerc-georges-louis-_1791_1,74,0.00483,junk,,,,
ia_bim_eighteenth-century_histoire-naturelle-eng_le-clerc-georges-louis-_1791_1,75,0.00264,junk,,,,
ia_bim_eighteenth-century_histoire-naturelle-eng_le-clerc-georges-louis-_1791_1,76,0.00483,junk,,,,
ia_bim_eighteenth-century_histoire-naturelle-eng_le-clerc-georges-louis-_1791_1,77,0.01807,junk,,,,
ia_bim_eighteenth-century_histoire-naturelle-eng_le-clerc-georges-louis-_1791_1,78,0.24048,junk,,,,
ia_bim_eighteenth-century_histoire-naturelle-eng_le-clerc-georges-louis-_1791_1,79,0.0004,junk,,,,
ia_bim_eighteenth-century_histoire-naturelle-eng_le-clerc-georges-louis-_1791_1,80,0.0004,junk,,,,
ia_bim_eighteenth-century_histoire-naturelle-eng_le-clerc-georges-louis-_1791_1,81,0.05953,junk,,,,
ia_bim_eighteenth-century_histoire-naturelle-eng_le-clerc-georges-louis-_1791_1,82,0.01118,junk,,,,
ia_bim_eighteenth-century_histoire-naturelle-eng_le-clerc-georges-louis-_1791_1,83,0.01118,junk,,,,
ia_bim_eighteenth-century_histoire-naturelle-eng_le-clerc-georges-louis-_1791_1,84,0.99986,non_junk,non_divine_teleology,0.01223,0.97433,0.01344
ia_bim_eighteenth-century_histoire-naturelle-eng_le-clerc-georges-louis-_1791_1,85,0.56831,non_junk,non_divine_teleology,0.01099,0.71314,0.27588
ia_bim_eighteenth-century_histoire-naturelle-eng_le-clerc-georges-louis-_1791_1,86,0.00113,junk,,,,
ia_bim_eighteenth-century_histoire-naturelle-eng_le-clerc-georges-louis-_1791_1,87,0.96019,non_junk,internal_essence,0.02851,0.25715,0.71433
ia_bim_eighteenth-century_histoire-naturelle-eng_le-clerc-georges-louis-_1791_1,88,0.99975,non_junk,non_divine_teleology,0.01182,0.93158,0.05659
ia_bim_eighteenth-century_histoire-naturelle-eng_le-clerc-georges-louis-_1791_1,89,0.00041,junk,,,,
ia_bim_eighteenth-century_histoire-naturelle-eng_le-clerc-georges-louis-_1791_1,90,0.00633,junk,,,,
ia_bim_eighteenth-century_histoire-naturelle-eng_le-clerc-georges-louis-_1791_1,91,0.07434,junk,,,,
ia_bim_eighteenth-century_histoire-naturelle-eng_le-clerc-georges-louis-_1791_1,92,0.13396,junk,,,,
ia_bim_eighteenth-century_histoire-naturelle-eng_le-clerc-georges-louis-_1791_1,93,0.00395,junk,,,,
ia_bim_eighteenth-century_histoire-naturelle-eng_le-clerc-georges-louis-_1791_1,94,0.79511,non_junk,non_divine_teleology,0.00865,0.98618,0.00517
ia_bim_eighteenth-century_histoire-naturelle-eng_le-clerc-georges-louis-_1791_1,95,0.70585,non_junk,non_divine_teleology,0.01762,0.96402,0.01835
ia_bim_eighteenth-century_histoire-naturelle-eng_le-clerc-georges-louis-_1791_1,96,0.00053,junk,,,,
ia_bim_eighteenth-century_histoire-naturelle-eng_le-clerc-georges-louis-_1791_1,97,0.00805,junk,,,,
ia_bim_eighteenth-century_histoire-naturelle-eng_le-clerc-georges-louis-_1791_1,98,0.0195,junk,,,,
ia_bim_eighteenth-century_histoire-naturelle-eng_le-clerc-georges-louis-_1791_1,99,0.57453,non_junk,non_divine_teleology,0.00637,0.94686,0.04677
ia_bim_eighteenth-century_histoire-naturelle-eng_le-clerc-georges-louis-_1791_1,100,0.01984,junk,,,,
ia_bim_eighteenth-century_histoire-naturelle-eng_le-clerc-georges-louis-_1791_1,101,0.0133,junk,,,,
ia_bim_eighteenth-century_histoire-naturelle-eng_le-clerc-georges-louis-_1791_1,102,0.00777,junk,,,,
ia_bim_eighteenth-century_histoire-naturelle-eng_le-clerc-georges-louis-_1791_1,103,0.00241,junk,,,,
ia_bim_eighteenth-century_histoire-naturelle-eng_le-clerc-georges-louis-_1791_1,104,0.98712,non_junk,non_divine_teleology,0.0057,0.8888,0.1055
ia_bim_eighteenth-century_histoire-naturelle-eng_le-clerc-georges-louis-_1791_1,105,0.21339,junk,,,,
ia_bim_eighteenth-century_histoire-naturelle-eng_le-clerc-georges-louis-_1791_1,106,0.19554,junk,,,,
ia_bim_eighteenth-century_histoire-naturelle-eng_le-clerc-georges-louis-_1791_1,107,0.03119,junk,,,,
ia_bim_eighteenth-century_histoire-naturelle-eng_le-clerc-georges-louis-_1791_1,108,0.89985,non_junk,non_divine_teleology,0.00994,0.977,0.01307
ia_bim_eighteenth-century_histoire-naturelle-eng_le-clerc-georges-louis-_1791_1,109,0.01702,junk,,,,
ia_bim_eighteenth-century_histoire-naturelle-eng_le-clerc-georges-louis-_1791_1,110,0.33601,junk,,,,
ia_bim_eighteenth-century_histoire-naturelle-eng_le-clerc-georges-louis-_1791_1,111,0.49993,junk,,,,
ia_bim_eighteenth-century_histoire-naturelle-eng_le-clerc-georges-louis-_1791_1,112,0.30757,junk,,,,
ia_bim_eighteenth-century_histoire-naturelle-eng_le-clerc-georges-louis-_1791_1,113,0.34729,junk,,,,
ia_bim_eighteenth-century_histoire-naturelle-eng_le-clerc-georges-louis-_1791_1,114,0.05155,junk,,,,
ia_bim_eighteenth-century_histoire-naturelle-eng_le-clerc-georges-louis-_1791_1,115,0.05155,junk,,,,
ia_bim_eighteenth-century_histoire-naturelle-eng_le-clerc-georges-louis-_1791_1,116,0.00059,junk,,,,
ia_bim_eighteenth-century_histoire-naturelle-eng_le-clerc-georges-louis-_1791_1,117,0.99439,non_junk,non_divine_teleology,0.00603,0.99175,0.00222
ia_bim_eighteenth-century_histoire-naturelle-eng_le-clerc-georges-louis-_1791_1,118,0.00059,junk,,,,
ia_bim_eighteenth-century_histoire-naturelle-eng_le-clerc-georges-louis-_1791_1,119,0.99439,non_junk,non_divine_teleology,0.00603,0.99175,0.00222
ia_bim_eighteenth-century_histoire-naturelle-eng_le-clerc-georges-louis-_1791_1,120,0.66216,non_junk,non_divine_teleology,0.11079,0.86666,0.02255
ia_bim_eighteenth-century_histoire-naturelle-eng_le-clerc-georges-louis-_1791_1,121,0.00999,junk,,,,
ia_bim_eighteenth-century_histoire-naturelle-eng_le-clerc-georges-louis-_1791_1,122,0.01918,junk,,,,
ia_bim_eighteenth-century_histoire-naturelle-eng_le-clerc-georges-louis-_1791_1,123,0.00662,junk,,,,
ia_bim_eighteenth-century_histoire-naturelle-eng_le-clerc-georges-louis-_1791_1,124,0.00022,junk,,,,
ia_bim_eighteenth-century_histoire-naturelle-eng_le-clerc-georges-louis-_1791_1,125,0.02359,junk,,,,
ia_bim_eighteenth-century_histoire-naturelle-eng_le-clerc-georges-louis-_1791_1,126,0.00754,junk,,,,
ia_bim_eighteenth-century_histoire-naturelle-eng_le-clerc-georges-louis-_1791_1,127,0.07504,junk,,,,
ia_bim_eighteenth-century_histoire-naturelle-eng_le-clerc-georges-louis-_1791_1,128,0.01695,junk,,,,
ia_bim_eighteenth-century_histoire-naturelle-eng_le-clerc-georges-louis-_1791_1,129,0.00404,junk,,,,
ia_bim_eighteenth-century_histoire-naturelle-eng_le-clerc-georges-louis-_1791_1,130,0.00022,junk,,,,
ia_bim_eighteenth-century_histoire-naturelle-eng_le-clerc-georges-louis-_1791_1,131,0.0013,junk,,,,
ia_bim_eighteenth-century_histoire-naturelle-eng_le-clerc-georges-louis-_1791_1,132,0.00809,junk,,,,
ia_bim_eighteenth-century_histoire-naturelle-eng_le-clerc-georges-louis-_1791_1,133,0.88926,non_junk,internal_essence,0.03098,0.06509,0.90393
ia_bim_eighteenth-century_histoire-naturelle-eng_le-clerc-georges-louis-_1791_1,134,0.02004,junk,,,,
ia_bim_eighteenth-century_histoire-naturelle-eng_le-clerc-georges-louis-_1791_1,135,0.07113,junk,,,,
ia_bim_eighteenth-century_histoire-naturelle-eng_le-clerc-georges-louis-_1791_1,136,0.54846,non_junk,non_divine_teleology,0.10068,0.79185,0.10747
ia_bim_eighteenth-century_histoire-naturelle-eng_le-clerc-georges-louis-_1791_1,137,0.90619,non_junk,non_divine_teleology,0.20504,0.76715,0.02781
ia_bim_eighteenth-century_histoire-naturelle-eng_le-clerc-georges-louis-_1791_1,138,0.30424,junk,,,,
ia_bim_eighteenth-century_histoire-naturelle-eng_le-clerc-georges-louis-_1791_1,139,0.07283,junk,,,,
ia_bim_eighteenth-century_histoire-naturelle-eng_le-clerc-georges-louis-_1791_1,140,0.28257,junk,,,,
ia_bim_eighteenth-century_histoire-naturelle-eng_le-clerc-georges-louis-_1791_1,141,0.30424,junk,,,,
ia_bim_eighteenth-century_histoire-naturelle-eng_le-clerc-georges-louis-_1791_1,142,0.07283,junk,,,,
ia_bim_eighteenth-century_histoire-naturelle-eng_le-clerc-georges-louis-_1791_1,143,0.02996,junk,,,,
ia_bim_eighteenth-century_histoire-naturelle-eng_le-clerc-georges-louis-_1791_1,144,0.1138,junk,,,,
ia_bim_eighteenth-century_histoire-naturelle-eng_le-clerc-georges-louis-_1791_1,145,0.02996,junk,,,,
ia_bim_eighteenth-century_histoire-naturelle-eng_le-clerc-georges-louis-_1791_1,146,0.1138,junk,,,,
ia_bim_eighteenth-century_histoire-naturelle-eng_le-clerc-georges-louis-_1791_1,147,0.1706,junk,,,,
ia_bim_eighteenth-century_histoire-naturelle-eng_le-clerc-georges-louis-_1791_1,148,0.40262,junk,,,,
ia_bim_eighteenth-century_histoire-naturelle-eng_le-clerc-georges-louis-_1791_1,149,0.41553,junk,,,,
ia_bim_eighteenth-century_histoire-naturelle-eng_le-clerc-georges-louis-_1791_1,150,0.09541,junk,,,,
ia_bim_eighteenth-century_histoire-naturelle-eng_le-clerc-georges-louis-_1791_1,151,0.41553,junk,,,,
ia_bim_eighteenth-century_histoire-naturelle-eng_le-clerc-georges-louis-_1791_1,152,0.09541,junk,,,,
ia_bim_eighteenth-century_histoire-naturelle-eng_le-clerc-georges-louis-_1791_1,153,0.4824,junk,,,,
ia_bim_eighteenth-century_histoire-naturelle-eng_le-clerc-georges-louis-_1791_1,154,0.4824,junk,,,,
ia_bim_eighteenth-century_histoire-naturelle-eng_le-clerc-georges-louis-_1791_1,155,0.07607,junk,,,,
ia_bim_eighteenth-century_histoire-naturelle-eng_le-clerc-georges-louis-_1791_1,156,0.70195,non_junk,non_divine_teleology,0.0304,0.95759,0.01201
ia_bim_eighteenth-century_histoire-naturelle-eng_le-clerc-georges-louis-_1791_1,157,0.26725,junk,,,,
ia_bim_eighteenth-century_histoire-naturelle-eng_le-clerc-georges-louis-_1791_1,158,0.99804,non_junk,non_divine_teleology,0.01014,0.96827,0.02159
ia_bim_eighteenth-century_histoire-naturelle-eng_le-clerc-georges-louis-_1791_1,159,0.97348,non_junk,non_divine_teleology,0.02671,0.85607,0.11722
ia_bim_eighteenth-century_histoire-naturelle-eng_le-clerc-georges-louis-_1791_1,160,0.99448,non_junk,non_divine_teleology,0.00381,0.97416,0.02203
ia_bim_eighteenth-century_histoire-naturelle-eng_le-clerc-georges-louis-_1791_1,161,0.0225,junk,,,,
ia_bim_eighteenth-century_histoire-naturelle-eng_le-clerc-georges-louis-_1791_1,162,0.99448,non_junk,non_divine_teleology,0.00381,0.97416,0.02203
ia_bim_eighteenth-century_histoire-naturelle-eng_le-clerc-georges-louis-_1791_1,163,0.9854,non_junk,non_divine_teleology,0.00766,0.98122,0.01112
ia_bim_eighteenth-century_histoire-naturelle-eng_le-clerc-georges-louis-_1791_1,164,0.02022,junk,,,,
ia_bim_eighteenth-century_histoire-naturelle-eng_le-clerc-georges-louis-_1791_1,165,0.03289,junk,,,,
ia_bim_eighteenth-century_histoire-naturelle-eng_le-clerc-georges-louis-_1791_1,166,0.22927,junk,,,,
ia_bim_eighteenth-century_histoire-naturelle-eng_le-clerc-georges-louis-_1791_1,167,0.97347,non_junk,non_divine_teleology,0.00878,0.93587,0.05536
ia_bim_eighteenth-century_histoire-naturelle-eng_le-clerc-georges-louis-_1791_1,168,0.02115,junk,,,,
ia_bim_eighteenth-century_histoire-naturelle-eng_le-clerc-georges-louis-_1791_1,169,0.08292,junk,,,,
ia_bim_eighteenth-century_histoire-naturelle-eng_le-clerc-georges-louis-_1791_1,170,0.94062,non_junk,non_divine_teleology,0.00882,0.98787,0.00331
ia_bim_eighteenth-century_histoire-naturelle-eng_le-clerc-georges-louis-_1791_1,171,0.00536,junk,,,,
ia_bim_eighteenth-century_histoire-naturelle-eng_le-clerc-georges-louis-_1791_1,172,0.96098,non_junk,non_divine_teleology,0.00102,0.99661,0.00237
ia_bim_eighteenth-century_histoire-naturelle-eng_le-clerc-georges-louis-_1791_1,173,0.05653,junk,,,,
ia_bim_eighteenth-century_histoire-naturelle-eng_le-clerc-georges-louis-_1791_1,174,0.01309,junk,,,,
ia_bim_eighteenth-century_histoire-naturelle-eng_le-clerc-georges-louis-_1791_1,175,0.22475,junk,,,,
ia_bim_eighteenth-century_histoire-naturelle-eng_le-clerc-georges-louis-_1791_1,176,0.25494,junk,,,,
ia_bim_eighteenth-century_histoire-naturelle-eng_le-clerc-georges-louis-_1791_1,177,0.07509,junk,,,,
ia_bim_eighteenth-century_histoire-naturelle-eng_le-clerc-georges-louis-_1791_1,178,0.01666,junk,,,,
ia_bim_eighteenth-century_histoire-naturelle-eng_le-clerc-georges-louis-_1791_1,179,0.99252,non_junk,non_divine_teleology,0.01703,0.97843,0.00453
ia_bim_eighteenth-century_histoire-naturelle-eng_le-clerc-georges-louis-_1791_1,180,0.07752,junk,,,,
ia_bim_eighteenth-century_histoire-naturelle-eng_le-clerc-georges-louis-_1791_1,181,0.21427,junk,,,,
ia_bim_eighteenth-century_histoire-naturelle-eng_le-clerc-georges-louis-_1791_1,182,0.0027,junk,,,,
ia_bim_eighteenth-century_histoire-naturelle-eng_le-clerc-georges-louis-_1791_1,183,0.11375,junk,,,,
ia_bim_eighteenth-century_histoire-naturelle-eng_le-clerc-georges-louis-_1791_1,184,0.0066,junk,,,,
ia_bim_eighteenth-century_histoire-naturelle-eng_le-clerc-georges-louis-_1791_1,185,0.04433,junk,,,,
ia_bim_eighteenth-century_histoire-naturelle-eng_le-clerc-georges-louis-_1791_1,186,0.46256,junk,,,,
ia_bim_eighteenth-century_histoire-naturelle-eng_le-clerc-georges-louis-_1791_1,187,0.04734,junk,,,,
ia_bim_eighteenth-century_histoire-naturelle-eng_le-clerc-georges-louis-_1791_1,188,0.03366,junk,,,,
ia_bim_eighteenth-century_histoire-naturelle-eng_le-clerc-georges-louis-_1791_1,189,0.14615,junk,,,,
ia_bim_eighteenth-century_histoire-naturelle-eng_le-clerc-georges-louis-_1791_1,190,0.54149,non_junk,non_divine_teleology,0.00948,0.52198,0.46854
ia_bim_eighteenth-century_histoire-naturelle-eng_le-clerc-georges-louis-_1791_1,191,0.1137,junk,,,,
ia_bim_eighteenth-century_histoire-naturelle-eng_le-clerc-georges-louis-_1791_1,192,0.00064,junk,,,,
ia_bim_eighteenth-century_histoire-naturelle-eng_le-clerc-georges-louis-_1791_1,193,0.00012,junk,,,,
ia_bim_eighteenth-century_histoire-naturelle-eng_le-clerc-georges-louis-_1791_1,194,0.00635,junk,,,,
ia_bim_eighteenth-century_histoire-naturelle-eng_le-clerc-georges-louis-_1791_1,195,0.00299,junk,,,,
ia_bim_eighteenth-century_histoire-naturelle-eng_le-clerc-georges-louis-_1791_1,196,0.28168,junk,,,,
ia_bim_eighteenth-century_histoire-naturelle-eng_le-clerc-georges-louis-_1791_1,197,0.01053,junk,,,,
ia_bim_eighteenth-century_histoire-naturelle-eng_le-clerc-georges-louis-_1791_1,198,0.09724,junk,,,,
ia_bim_eighteenth-century_histoire-naturelle-eng_le-clerc-georges-louis-_1791_1,199,0.06847,junk,,,,
ia_bim_eighteenth-century_histoire-naturelle-eng_le-clerc-georges-louis-_1791_1,200,0.03926,junk,,,,
ia_bim_eighteenth-century_histoire-naturelle-eng_le-clerc-georges-louis-_1791_1,201,0.00385,junk,,,,
ia_bim_eighteenth-century_histoire-naturelle-eng_le-clerc-georges-louis-_1791_1,202,0.0273,junk,,,,
ia_bim_eighteenth-century_histoire-naturelle-eng_le-clerc-georges-louis-_1791_1,203,0.65924,non_junk,non_divine_teleology,0.00325,0.9918,0.00494
ia_bim_eighteenth-century_histoire-naturelle-eng_le-clerc-georges-louis-_1791_1,204,0.40664,junk,,,,
ia_bim_eighteenth-century_histoire-naturelle-eng_le-clerc-georges-louis-_1791_1,205,0.41873,junk,,,,
ia_bim_eighteenth-century_histoire-naturelle-eng_le-clerc-georges-louis-_1791_1,206,0.02146,junk,,,,
ia_bim_eighteenth-century_histoire-naturelle-eng_le-clerc-georges-louis-_1791_1,207,0.00887,junk,,,,
ia_bim_eighteenth-century_histoire-naturelle-eng_le-clerc-georges-louis-_1791_1,208,0.06522,junk,,,,
ia_bim_eighteenth-century_histoire-naturelle-eng_le-clerc-georges-louis-_1791_1,209,0.01523,junk,,,,
ia_bim_eighteenth-century_histoire-naturelle-eng_le-clerc-georges-louis-_1791_1,210,0.18023,junk,,,,
ia_bim_eighteenth-century_histoire-naturelle-eng_le-clerc-georges-louis-_1791_1,211,0.02594,junk,,,,
ia_bim_eighteenth-century_histoire-naturelle-eng_le-clerc-georges-louis-_1791_1,212,0.194,junk,,,,
ia_bim_eighteenth-century_histoire-naturelle-eng_le-clerc-georges-louis-_1791_1,213,0.02655,junk,,,,
ia_bim_eighteenth-century_histoire-naturelle-eng_le-clerc-georges-louis-_1791_1,214,0.00229,junk,,,,
ia_bim_eighteenth-century_histoire-naturelle-eng_le-clerc-georges-louis-_1791_1,215,0.37364,junk,,,,
ia_bim_eighteenth-century_histoire-naturelle-eng_le-clerc-georges-louis-_1791_1,216,0.44663,junk,,,,
ia_bim_eighteenth-century_histoire-naturelle-eng_le-clerc-georges-louis-_1791_1,217,0.76134,non_junk,non_divine_teleology,0.00739,0.96737,0.02523
ia_bim_eighteenth-century_histoire-naturelle-eng_le-clerc-georges-louis-_1791_1,218,0.01727,junk,,,,
ia_bim_eighteenth-century_histoire-naturelle-eng_le-clerc-georges-louis-_1791_1,219,0.03062,junk,,,,
ia_bim_eighteenth-century_histoire-naturelle-eng_le-clerc-georges-louis-_1791_1,220,0.10381,junk,,,,
ia_bim_eighteenth-century_histoire-naturelle-eng_le-clerc-georges-louis-_1791_1,221,0.00184,junk,,,,
ia_bim_eighteenth-century_histoire-naturelle-eng_le-clerc-georges-louis-_1791_1,222,0.01461,junk,,,,
ia_bim_eighteenth-century_histoire-naturelle-eng_le-clerc-georges-louis-_1791_1,223,0.97708,non_junk,non_divine_teleology,0.01607,0.64698,0.33695
ia_bim_eighteenth-century_histoire-naturelle-eng_le-clerc-georges-louis-_1791_1,224,0.85947,non_junk,internal_essence,0.02016,0.36619,0.61365
ia_bim_eighteenth-century_histoire-naturelle-eng_le-clerc-georges-louis-_1791_1,225,0.47531,junk,,,,
ia_bim_eighteenth-century_histoire-naturelle-eng_le-clerc-georges-louis-_1791_1,226,0.00347,junk,,,,
ia_bim_eighteenth-century_histoire-naturelle-eng_le-clerc-georges-louis-_1791_1,227,0.708,non_junk,internal_essence,0.01434,0.0585,0.92716
ia_bim_eighteenth-century_histoire-naturelle-eng_le-clerc-georges-louis-_1791_1,228,0.40372,junk,,,,
ia_bim_eighteenth-century_histoire-naturelle-eng_le-clerc-georges-louis-_1791_1,229,0.1766,junk,,,,
ia_bim_eighteenth-century_histoire-naturelle-eng_le-clerc-georges-louis-_1791_1,230,0.06051,junk,,,,
ia_bim_eighteenth-century_histoire-naturelle-eng_le-clerc-georges-louis-_1791_1,231,0.00091,junk,,,,
ia_bim_eighteenth-century_histoire-naturelle-eng_le-clerc-georges-louis-_1791_1,232,0.00216,junk,,,,
ia_bim_eighteenth-century_histoire-naturelle-eng_le-clerc-georges-louis-_1791_1,233,0.08127,junk,,,,
ia_bim_eighteenth-century_histoire-naturelle-eng_le-clerc-georges-louis-_1791_1,234,0.00282,junk,,,,
ia_bim_eighteenth-century_histoire-naturelle-eng_le-clerc-georges-louis-_1791_1,235,0.34977,junk,,,,
ia_bim_eighteenth-century_histoire-naturelle-eng_le-clerc-georges-louis-_1791_1,236,0.00371,junk,,,,
ia_bim_eighteenth-century_histoire-naturelle-eng_le-clerc-georges-louis-_1791_1,237,0.1486,junk,,,,
ia_bim_eighteenth-century_histoire-naturelle-eng_le-clerc-georges-louis-_1791_1,238,0.00184,junk,,,,
ia_bim_eighteenth-century_histoire-naturelle-eng_le-clerc-georges-louis-_1791_1,239,0.00092,junk,,,,
ia_bim_eighteenth-century_histoire-naturelle-eng_le-clerc-georges-louis-_1791_1,240,0.03419,junk,,,,
ia_bim_eighteenth-century_histoire-naturelle-eng_le-clerc-georges-louis-_1791_1,241,0.64805,non_junk,non_divine_teleology,0.00292,0.73776,0.25932
ia_bim_eighteenth-century_histoire-naturelle-eng_le-clerc-georges-louis-_1791_1,242,0.98711,non_junk,non_divine_teleology,0.00759,0.98431,0.0081
ia_bim_eighteenth-century_histoire-naturelle-eng_le-clerc-georges-louis-_1791_1,243,0.92409,non_junk,non_divine_teleology,0.01394,0.97902,0.00704
ia_bim_eighteenth-century_histoire-naturelle-eng_le-clerc-georges-louis-_1791_1,244,0.8337,non_junk,non_divine_teleology,0.07485,0.89166,0.03349
ia_bim_eighteenth-century_histoire-naturelle-eng_le-clerc-georges-louis-_1791_1,245,0.00087,junk,,,,
ia_bim_eighteenth-century_histoire-naturelle-eng_le-clerc-georges-louis-_1791_1,246,0.00229,junk,,,,
ia_bim_eighteenth-century_histoire-naturelle-eng_le-clerc-georges-louis-_1791_1,247,0.99009,non_junk,non_divine_teleology,0.02081,0.94967,0.02951
ia_bim_eighteenth-century_histoire-naturelle-eng_le-clerc-georges-louis-_1791_1,248,0.05475,junk,,,,
ia_bim_eighteenth-century_histoire-naturelle-eng_le-clerc-georges-louis-_1791_1,249,0.60511,non_junk,non_divine_teleology,0.01,0.88625,0.10374
ia_bim_eighteenth-century_histoire-naturelle-eng_le-clerc-georges-louis-_1791_1,250,0.00015,junk,,,,
ia_bim_eighteenth-century_histoire-naturelle-eng_le-clerc-georges-louis-_1791_1,251,0.92031,non_junk,non_divine_teleology,0.01125,0.92615,0.0626
ia_bim_eighteenth-century_histoire-naturelle-eng_le-clerc-georges-louis-_1791_1,252,0.03002,junk,,,,
ia_bim_eighteenth-century_histoire-naturelle-eng_le-clerc-georges-louis-_1791_1,253,0.97821,non_junk,non_divine_teleology,0.01641,0.82043,0.16316
ia_bim_eighteenth-century_histoire-naturelle-eng_le-clerc-georges-louis-_1791_1,254,0.92036,non_junk,non_divine_teleology,0.00684,0.92673,0.06643
ia_bim_eighteenth-century_histoire-naturelle-eng_le-clerc-georges-louis-_1791_1,255,0.98846,non_junk,non_divine_teleology,0.00822,0.94302,0.04876
ia_bim_eighteenth-century_histoire-naturelle-eng_le-clerc-georges-louis-_1791_1,256,0.01466,junk,,,,
ia_bim_eighteenth-century_histoire-naturelle-eng_le-clerc-georges-louis-_1791_1,257,0.98846,non_junk,non_divine_teleology,0.00822,0.94302,0.04876
ia_bim_eighteenth-century_histoire-naturelle-eng_le-clerc-georges-louis-_1791_1,258,0.96923,non_junk,non_divine_teleology,0.00681,0.65673,0.33647
ia_bim_eighteenth-century_histoire-naturelle-eng_le-clerc-georges-louis-_1791_1,259,0.00294,junk,,,,
ia_bim_eighteenth-century_histoire-naturelle-eng_le-clerc-georges-louis-_1791_1,260,0.01991,junk,,,,
ia_bim_eighteenth-century_histoire-naturelle-eng_le-clerc-georges-louis-_1791_1,261,0.84412,non_junk,non_divine_teleology,0.00134,0.98096,0.0177
ia_bim_eighteenth-century_histoire-naturelle-eng_le-clerc-georges-louis-_1791_1,262,0.84412,non_junk,non_divine_teleology,0.00134,0.98096,0.0177
ia_bim_eighteenth-century_histoire-naturelle-eng_le-clerc-georges-louis-_1791_1,263,0.9496,non_junk,non_divine_teleology,0.00186,0.99217,0.00597
ia_bim_eighteenth-century_histoire-naturelle-eng_le-clerc-georges-louis-_1791_1,264,0.59871,non_junk,non_divine_teleology,0.07178,0.84071,0.0875
ia_bim_eighteenth-century_histoire-naturelle-eng_le-clerc-georges-louis-_1791_1,265,0.75556,non_junk,non_divine_teleology,0.12364,0.82177,0.05459
ia_bim_eighteenth-century_histoire-naturelle-eng_le-clerc-georges-louis-_1791_1,266,0.76293,non_junk,non_divine_teleology,0.11903,0.82601,0.05497
ia_bim_eighteenth-century_histoire-naturelle-eng_le-clerc-georges-louis-_1791_1,267,0.67648,non_junk,non_divine_teleology,0.00906,0.9419,0.04904
ia_bim_eighteenth-century_histoire-naturelle-eng_le-clerc-georges-louis-_1791_1,268,0.97733,non_junk,non_divine_teleology,0.02669,0.95956,0.01375
ia_bim_eighteenth-century_histoire-naturelle-eng_le-clerc-georges-louis-_1791_1,269,0.23832,junk,,,,
ia_bim_eighteenth-century_histoire-naturelle-eng_le-clerc-georges-louis-_1791_1,270,0.67648,non_junk,non_divine_teleology,0.00906,0.9419,0.04904
ia_bim_eighteenth-century_histoire-naturelle-eng_le-clerc-georges-louis-_1791_1,271,0.99509,non_junk,non_divine_teleology,0.11889,0.86811,0.013
ia_bim_eighteenth-century_histoire-naturelle-eng_le-clerc-georges-louis-_1791_1,272,0.01479,junk,,,,
ia_bim_eighteenth-century_histoire-naturelle-eng_le-clerc-georges-louis-_1791_1,273,0.75872,non_junk,non_divine_teleology,0.14636,0.83075,0.02289
ia_bim_eighteenth-century_histoire-naturelle-eng_le-clerc-georges-louis-_1791_1,274,0.93672,non_junk,non_divine_teleology,0.06778,0.86812,0.0641
ia_bim_eighteenth-century_histoire-naturelle-eng_le-clerc-georges-louis-_1791_1,275,0.11861,junk,,,,
ia_bim_eighteenth-century_histoire-naturelle-eng_le-clerc-georges-louis-_1791_1,276,0.37432,junk,,,,
ia_bim_eighteenth-century_histoire-naturelle-eng_le-clerc-georges-louis-_1791_1,277,0.03603,junk,,,,
ia_bim_eighteenth-century_histoire-naturelle-eng_le-clerc-georges-louis-_1791_1,278,0.19365,junk,,,,
ia_bim_eighteenth-century_histoire-naturelle-eng_le-clerc-georges-louis-_1791_1,279,0.20615,junk,,,,
ia_bim_eighteenth-century_histoire-naturelle-eng_le-clerc-georges-louis-_1791_1,280,0.01582,junk,,,,
ia_bim_eighteenth-century_histoire-naturelle-eng_le-clerc-georges-louis-_1791_1,281,0.88713,non_junk,non_divine_teleology,0.00873,0.96537,0.0259
ia_bim_eighteenth-century_histoire-naturelle-eng_le-clerc-georges-louis-_1791_1,282,0.04319,junk,,,,
ia_bim_eighteenth-century_histoire-naturelle-eng_le-clerc-georges-louis-_1791_1,283,0.00485,junk,,,,
ia_bim_eighteenth-century_histoire-naturelle-eng_le-clerc-georges-louis-_1791_1,284,0.03191,junk,,,,
ia_bim_eighteenth-century_histoire-naturelle-eng_le-clerc-georges-louis-_1791_1,285,0.1603,junk,,,,
ia_bim_eighteenth-century_histoire-naturelle-eng_le-clerc-georges-louis-_1791_1,286,0.12402,junk,,,,
ia_bim_eighteenth-century_histoire-naturelle-eng_le-clerc-georges-louis-_1791_1,287,0.97376,non_junk,non_divine_teleology,0.00649,0.90617,0.08734
ia_bim_eighteenth-century_histoire-naturelle-eng_le-clerc-georges-louis-_1791_1,288,0.99093,non_junk,non_divine_teleology,0.00617,0.89362,0.10021
ia_bim_eighteenth-century_histoire-naturelle-eng_le-clerc-georges-louis-_1791_1,289,0.88309,non_junk,internal_essence,0.00877,0.45752,0.53372
ia_bim_eighteenth-century_histoire-naturelle-eng_le-clerc-georges-louis-_1791_1,290,0.02756,junk,,,,
ia_bim_eighteenth-century_histoire-naturelle-eng_le-clerc-georges-louis-_1791_1,291,0.09501,junk,,,,
ia_bim_eighteenth-century_histoire-naturelle-eng_le-clerc-georges-louis-_1791_1,292,0.01751,junk,,,,
ia_bim_eighteenth-century_histoire-naturelle-eng_le-clerc-georges-louis-_1791_1,293,0.03162,junk,,,,
ia_bim_eighteenth-century_histoire-naturelle-eng_le-clerc-georges-louis-_1791_1,294,0.05337,junk,,,,
ia_bim_eighteenth-century_histoire-naturelle-eng_le-clerc-georges-louis-_1791_1,295,0.98596,non_junk,internal_essence,0.00288,0.26122,0.7359
ia_bim_eighteenth-century_histoire-naturelle-eng_le-clerc-georges-louis-_1791_1,296,0.5765,non_junk,internal_essence,0.00604,0.38783,0.60613
ia_bim_eighteenth-century_histoire-naturelle-eng_le-clerc-georges-louis-_1791_1,297,0.65504,non_junk,internal_essence,0.01355,0.38449,0.60195
ia_bim_eighteenth-century_histoire-naturelle-eng_le-clerc-georges-louis-_1791_1,298,0.10583,junk,,,,
ia_bim_eighteenth-century_histoire-naturelle-eng_le-clerc-georges-louis-_1791_1,299,0.75857,non_junk,non_divine_teleology,0.01044,0.52286,0.4667
ia_bim_eighteenth-century_histoire-naturelle-eng_le-clerc-georges-louis-_1791_1,300,0.26603,junk,,,,
ia_bim_eighteenth-century_histoire-naturelle-eng_le-clerc-georges-louis-_1791_1,301,0.75226,non_junk,non_divine_teleology,0.00483,0.8048,0.19036
ia_bim_eighteenth-century_histoire-naturelle-eng_le-clerc-georges-louis-_1791_1,302,0.57141,non_junk,non_divine_teleology,0.01228,0.95571,0.03201
ia_bim_eighteenth-century_histoire-naturelle-eng_le-clerc-georges-louis-_1791_1,303,0.82365,non_junk,non_divine_teleology,0.01403,0.93581,0.05016
ia_bim_eighteenth-century_histoire-naturelle-eng_le-clerc-georges-louis-_1791_1,304,0.00791,junk,,,,
ia_bim_eighteenth-century_histoire-naturelle-eng_le-clerc-georges-louis-_1791_1,305,0.68775,non_junk,non_divine_teleology,0.00815,0.9864,0.00545
ia_bim_eighteenth-century_histoire-naturelle-eng_le-clerc-georges-louis-_1791_1,306,0.01588,junk,,,,
ia_bim_eighteenth-century_histoire-naturelle-eng_le-clerc-georges-louis-_1791_1,307,0.03256,junk,,,,
ia_bim_eighteenth-century_histoire-naturelle-eng_le-clerc-georges-louis-_1791_1,308,0.04195,junk,,,,
ia_bim_eighteenth-century_histoire-naturelle-eng_le-clerc-georges-louis-_1791_1,309,0.03256,junk,,,,
ia_bim_eighteenth-century_histoire-naturelle-eng_le-clerc-georges-louis-_1791_1,310,0.0013,junk,,,,
ia_bim_eighteenth-century_histoire-naturelle-eng_le-clerc-georges-louis-_1791_1,311,0.83053,non_junk,non_divine_teleology,0.00163,0.8609,0.13747
ia_bim_eighteenth-century_histoire-naturelle-eng_le-clerc-georges-louis-_1791_1,312,0.00641,junk,,,,
ia_bim_eighteenth-century_histoire-naturelle-eng_le-clerc-georges-louis-_1791_1,313,0.02138,junk,,,,
ia_bim_eighteenth-century_histoire-naturelle-eng_le-clerc-georges-louis-_1791_1,314,0.02138,junk,,,,
ia_bim_eighteenth-century_histoire-naturelle-eng_le-clerc-georges-louis-_1791_1,315,0.85425,non_junk,non_divine_teleology,0.1872,0.72836,0.08445
ia_bim_eighteenth-century_histoire-naturelle-eng_le-clerc-georges-louis-_1791_1,316,0.91808,non_junk,non_divine_teleology,0.0945,0.86716,0.03833
ia_bim_eighteenth-century_histoire-naturelle-eng_le-clerc-georges-louis-_1791_1,317,0.83049,non_junk,non_divine_teleology,0.0312,0.88943,0.07938
ia_bim_eighteenth-century_histoire-naturelle-eng_le-clerc-georges-louis-_1791_1,318,0.002,junk,,,,
ia_bim_eighteenth-century_histoire-naturelle-eng_le-clerc-georges-louis-_1791_1,319,0.55052,non_junk,non_divine_teleology,0.01845,0.9435,0.03805
ia_bim_eighteenth-century_histoire-naturelle-eng_le-clerc-georges-louis-_1791_1,320,0.20016,junk,,,,
ia_bim_eighteenth-century_histoire-naturelle-eng_le-clerc-georges-louis-_1791_1,321,0.07164,junk,,,,
ia_bim_eighteenth-century_histoire-naturelle-eng_le-clerc-georges-louis-_1791_1,322,0.40918,junk,,,,
ia_bim_eighteenth-century_histoire-naturelle-eng_le-clerc-georges-louis-_1791_1,323,0.97008,non_junk,non_divine_teleology,0.04295,0.88707,0.06998
ia_bim_eighteenth-century_histoire-naturelle-eng_le-clerc-georges-louis-_1791_1,324,0.65813,non_junk,non_divine_teleology,0.00344,0.98687,0.00969
ia_bim_eighteenth-century_histoire-naturelle-eng_le-clerc-georges-louis-_1791_1,325,0.31761,junk,,,,
ia_bim_eighteenth-century_histoire-naturelle-eng_le-clerc-georges-louis-_1791_1,326,0.95832,non_junk,non_divine_teleology,0.06517,0.6898,0.24503
ia_bim_eighteenth-century_histoire-naturelle-eng_le-clerc-georges-louis-_1791_1,327,0.52664,non_junk,internal_essence,0.01657,0.46725,0.51617
ia_bim_eighteenth-century_histoire-naturelle-eng_le-clerc-georges-louis-_1791_1,328,0.57077,non_junk,non_divine_teleology,0.01289,0.70517,0.28195
ia_bim_eighteenth-century_histoire-naturelle-eng_le-clerc-georges-louis-_1791_1,329,0.16929,junk,,,,
ia_bim_eighteenth-century_histoire-naturelle-eng_le-clerc-georges-louis-_1791_1,330,0.08226,junk,,,,
ia_bim_eighteenth-century_histoire-naturelle-eng_le-clerc-georges-louis-_1791_1,331,0.50638,non_junk,non_divine_teleology,0.01224,0.94184,0.04592
ia_bim_eighteenth-century_histoire-naturelle-eng_le-clerc-georges-louis-_1791_1,332,0.00684,junk,,,,
ia_bim_eighteenth-century_histoire-naturelle-eng_le-clerc-georges-louis-_1791_1,333,0.00684,junk,,,,
ia_bim_eighteenth-century_histoire-naturelle-eng_le-clerc-georges-louis-_1791_1,334,0.15701,junk,,,,
ia_bim_eighteenth-century_histoire-naturelle-eng_le-clerc-georges-louis-_1791_1,335,0.30597,junk,,,,
ia_bim_eighteenth-century_histoire-naturelle-eng_le-clerc-georges-louis-_1791_1,336,0.57122,non_junk,non_divine_teleology,0.03657,0.71796,0.24548
ia_bim_eighteenth-century_histoire-naturelle-eng_le-clerc-georges-louis-_1791_1,337,0.00185,junk,,,,
ia_bim_eighteenth-century_histoire-naturelle-eng_le-clerc-georges-louis-_1791_1,338,0.00173,junk,,,,
ia_bim_eighteenth-century_histoire-naturelle-eng_le-clerc-georges-louis-_1791_1,339,0.01921,junk,,,,
ia_bim_eighteenth-century_histoire-naturelle-eng_le-clerc-georges-louis-_1791_1,340,0.06267,junk,,,,
ia_bim_eighteenth-century_histoire-naturelle-eng_le-clerc-georges-louis-_1791_1,341,0.109,junk,,,,
ia_bim_eighteenth-century_histoire-naturelle-eng_le-clerc-georges-louis-_1791_1,342,0.97628,non_junk,non_divine_teleology,0.00953,0.9676,0.02287
ia_bim_eighteenth-century_histoire-naturelle-eng_le-clerc-georges-louis-_1791_1,343,0.00168,junk,,,,
ia_bim_eighteenth-century_histoire-naturelle-eng_le-clerc-georges-louis-_1791_1,344,0.72303,non_junk,non_divine_teleology,0.01895,0.8665,0.11455
ia_bim_eighteenth-century_histoire-naturelle-eng_le-clerc-georges-louis-_1791_1,345,0.80787,non_junk,non_divine_teleology,0.0064,0.9542,0.0394
ia_bim_eighteenth-century_histoire-naturelle-eng_le-clerc-georges-louis-_1791_1,346,0.98397,non_junk,non_divine_teleology,0.00946,0.7036,0.28694
ia_bim_eighteenth-century_histoire-naturelle-eng_le-clerc-georges-louis-_1791_1,347,0.75293,non_junk,non_divine_teleology,0.00731,0.89897,0.09372
ia_bim_eighteenth-century_histoire-naturelle-eng_le-clerc-georges-louis-_1791_1,348,0.00016,junk,,,,
ia_bim_eighteenth-century_histoire-naturelle-eng_le-clerc-georges-louis-_1791_1,349,0.05802,junk,,,,
ia_bim_eighteenth-century_histoire-naturelle-eng_le-clerc-georges-louis-_1791_1,350,0.01678,junk,,,,
ia_bim_eighteenth-century_histoire-naturelle-eng_le-clerc-georges-louis-_1791_1,351,0.63447,non_junk,internal_essence,0.0136,0.42408,0.56232
ia_bim_eighteenth-century_histoire-naturelle-eng_le-clerc-georges-louis-_1791_1,352,0.00609,junk,,,,
ia_bim_eighteenth-century_histoire-naturelle-eng_le-clerc-georges-louis-_1791_1,353,0.76029,non_junk,non_divine_teleology,0.10143,0.83307,0.0655
ia_bim_eighteenth-century_histoire-naturelle-eng_le-clerc-georges-louis-_1791_1,354,0.6161,non_junk,non_divine_teleology,0.01225,0.84924,0.13851
ia_bim_eighteenth-century_histoire-naturelle-eng_le-clerc-georges-louis-_1791_1,355,0.56844,non_junk,non_divine_teleology,0.00564,0.91258,0.08179
ia_bim_eighteenth-century_histoire-naturelle-eng_le-clerc-georges-louis-_1791_1,356,0.19376,junk,,,,
ia_bim_eighteenth-century_histoire-naturelle-eng_le-clerc-georges-louis-_1791_1,357,0.8386,non_junk,non_divine_teleology,0.02327,0.75627,0.22046
ia_bim_eighteenth-century_histoire-naturelle-eng_le-clerc-georges-louis-_1791_1,358,0.00013,junk,,,,
ia_bim_eighteenth-century_histoire-naturelle-eng_le-clerc-georges-louis-_1791_1,359,0.00128,junk,,,,
ia_bim_eighteenth-century_histoire-naturelle-eng_le-clerc-georges-louis-_1791_1,360,0.0275,junk,,,,
ia_bim_eighteenth-century_histoire-naturelle-eng_le-clerc-georges-louis-_1791_1,361,0.23835,junk,,,,
ia_bim_eighteenth-century_histoire-naturelle-eng_le-clerc-georges-louis-_1791_1,362,4e-05,junk,,,,
ia_bim_eighteenth-century_histoire-naturelle-eng_le-clerc-georges-louis-_1791_1,363,0.17439,junk,,,,
ia_bim_eighteenth-century_histoire-naturelle-eng_le-clerc-georges-louis-_1791_1,364,0.00239,junk,,,,
ia_bim_eighteenth-century_histoire-naturelle-eng_le-clerc-georges-louis-_1791_1,365,0.13372,junk,,,,
ia_bim_eighteenth-century_histoire-naturelle-eng_le-clerc-georges-louis-_1791_1,366,0.00324,junk,,,,
ia_bim_eighteenth-century_histoire-naturelle-eng_le-clerc-georges-louis-_1791_1,367,0.58523,non_junk,non_divine_teleology,0.01692,0.67042,0.31266
ia_bim_eighteenth-century_histoire-naturelle-eng_le-clerc-georges-louis-_1791_1,368,0.00146,junk,,,,
ia_bim_eighteenth-century_histoire-naturelle-eng_le-clerc-georges-louis-_1791_1,369,0.00146,junk,,,,
ia_bim_eighteenth-century_histoire-naturelle-eng_le-clerc-georges-louis-_1791_1,370,0.08725,junk,,,,
ia_bim_eighteenth-century_histoire-naturelle-eng_le-clerc-georges-louis-_1791_1,371,0.00707,junk,,,,
ia_bim_eighteenth-century_histoire-naturelle-eng_le-clerc-georges-louis-_1791_1,372,0.53698,non_junk,non_divine_teleology,0.01981,0.80333,0.17687
ia_bim_eighteenth-century_histoire-naturelle-eng_le-clerc-georges-louis-_1791_1,373,0.01232,junk,,,,
ia_bim_eighteenth-century_histoire-naturelle-eng_le-clerc-georges-louis-_1791_1,374,0.97973,non_junk,non_divine_teleology,0.01294,0.7203,0.26676
ia_bim_eighteenth-century_histoire-naturelle-eng_le-clerc-georges-louis-_1791_1,375,0.0456,junk,,,,
ia_bim_eighteenth-century_histoire-naturelle-eng_le-clerc-georges-louis-_1791_1,376,0.03653,junk,,,,
ia_bim_eighteenth-century_histoire-naturelle-eng_le-clerc-georges-louis-_1791_1,377,0.01738,junk,,,,
ia_bim_eighteenth-century_histoire-naturelle-eng_le-clerc-georges-louis-_1791_1,378,0.9991,non_junk,non_divine_teleology,0.00238,0.99588,0.00175
ia_bim_eighteenth-century_histoire-naturelle-eng_le-clerc-georges-louis-_1791_1,379,0.08097,junk,,,,
ia_bim_eighteenth-century_histoire-naturelle-eng_le-clerc-georges-louis-_1791_1,380,0.07196,junk,,,,
ia_bim_eighteenth-century_histoire-naturelle-eng_le-clerc-georges-louis-_1791_1,381,0.96707,non_junk,non_divine_teleology,0.01612,0.94966,0.03422
ia_bim_eighteenth-century_histoire-naturelle-eng_le-clerc-georges-louis-_1791_1,382,0.01778,junk,,,,
ia_bim_eighteenth-century_histoire-naturelle-eng_le-clerc-georges-louis-_1791_1,383,0.00088,junk,,,,
ia_bim_eighteenth-century_histoire-naturelle-eng_le-clerc-georges-louis-_1791_1,384,0.00194,junk,,,,
ia_bim_eighteenth-century_histoire-naturelle-eng_le-clerc-georges-louis-_1791_1,385,0.98639,non_junk,non_divine_teleology,0.02072,0.93679,0.0425
ia_bim_eighteenth-century_histoire-naturelle-eng_le-clerc-georges-louis-_1791_1,386,0.62451,non_junk,non_divine_teleology,0.02256,0.94285,0.03459
ia_bim_eighteenth-century_histoire-naturelle-eng_le-clerc-georges-louis-_1791_1,387,0.95673,non_junk,non_divine_teleology,0.00487,0.93743,0.0577
ia_bim_eighteenth-century_histoire-naturelle-eng_le-clerc-georges-louis-_1791_1,388,0.77463,non_junk,non_divine_teleology,0.00182,0.86559,0.1326
ia_bim_eighteenth-century_histoire-naturelle-eng_le-clerc-georges-louis-_1791_1,389,0.35834,junk,,,,
ia_bim_eighteenth-century_histoire-naturelle-eng_le-clerc-georges-louis-_1791_1,390,0.54248,non_junk,non_divine_teleology,0.00898,0.95356,0.03747
ia_bim_eighteenth-century_histoire-naturelle-eng_le-clerc-georges-louis-_1791_1,391,0.00805,junk,,,,
ia_bim_eighteenth-century_histoire-naturelle-eng_le-clerc-georges-louis-_1791_1,392,0.01201,junk,,,,
ia_bim_eighteenth-century_histoire-naturelle-eng_le-clerc-georges-louis-_1791_1,393,0.00237,junk,,,,
ia_bim_eighteenth-century_histoire-naturelle-eng_le-clerc-georges-louis-_1791_1,394,0.9993,non_junk,non_divine_teleology,0.23435,0.73313,0.03252
ia_bim_eighteenth-century_histoire-naturelle-eng_le-clerc-georges-louis-_1791_1,395,0.00204,junk,,,,
ia_bim_eighteenth-century_histoire-naturelle-eng_le-clerc-georges-louis-_1791_1,396,0.49987,junk,,,,
ia_bim_eighteenth-century_histoire-naturelle-eng_le-clerc-georges-louis-_1791_1,397,0.00496,junk,,,,
ia_bim_eighteenth-century_histoire-naturelle-eng_le-clerc-georges-louis-_1791_1,398,0.0923,junk,,,,
ia_bim_eighteenth-century_histoire-naturelle-eng_le-clerc-georges-louis-_1791_1,399,0.05304,junk,,,,
ia_bim_eighteenth-century_histoire-naturelle-eng_le-clerc-georges-louis-_1791_1,400,0.0646,junk,,,,
ia_bim_eighteenth-century_histoire-naturelle-eng_le-clerc-georges-louis-_1791_1,401,0.03124,junk,,,,
ia_bim_eighteenth-century_histoire-naturelle-eng_le-clerc-georges-louis-_1791_1,402,0.9961,non_junk,non_divine_teleology,0.03158,0.82081,0.14762
ia_bim_eighteenth-century_histoire-naturelle-eng_le-clerc-georges-louis-_1791_1,403,0.98941,non_junk,non_divine_teleology,0.01417,0.94101,0.04482
ia_bim_eighteenth-century_histoire-naturelle-eng_le-clerc-georges-louis-_1791_1,404,0.19216,junk,,,,
ia_bim_eighteenth-century_histoire-naturelle-eng_le-clerc-georges-louis-_1791_1,405,0.67665,non_junk,non_divine_teleology,0.00446,0.97641,0.01913
ia_bim_eighteenth-century_histoire-naturelle-eng_le-clerc-georges-louis-_1791_1,406,3e-05,junk,,,,
ia_bim_eighteenth-century_histoire-naturelle-eng_le-clerc-georges-louis-_1791_1,407,0.06724,junk,,,,
ia_bim_eighteenth-century_histoire-naturelle-eng_le-clerc-georges-louis-_1791_1,408,0.04215,junk,,,,
ia_bim_eighteenth-century_histoire-naturelle-eng_le-clerc-georges-louis-_1791_1,409,0.0002,junk,,,,
ia_bim_eighteenth-century_histoire-naturelle-eng_le-clerc-georges-louis-_1791_1,410,0.04325,junk,,,,
ia_bim_eighteenth-century_histoire-naturelle-eng_le-clerc-georges-louis-_1791_1,411,0.71161,non_junk,non_divine_teleology,0.01508,0.97098,0.01394
ia_bim_eighteenth-century_histoire-naturelle-eng_le-clerc-georges-louis-_1791_1,412,0.23801,junk,,,,
ia_bim_eighteenth-century_histoire-naturelle-eng_le-clerc-georges-louis-_1791_1,413,0.51737,non_junk,non_divine_teleology,0.00839,0.98356,0.00806
ia_bim_eighteenth-century_histoire-naturelle-eng_le-clerc-georges-louis-_1791_1,414,0.00191,junk,,,,
ia_bim_eighteenth-century_histoire-naturelle-eng_le-clerc-georges-louis-_1791_1,415,0.27318,junk,,,,
ia_bim_eighteenth-century_histoire-naturelle-eng_le-clerc-georges-louis-_1791_1,416,0.12726,junk,,,,
ia_bim_eighteenth-century_histoire-naturelle-eng_le-clerc-georges-louis-_1791_1,417,0.13023,junk,,,,
ia_bim_eighteenth-century_histoire-naturelle-eng_le-clerc-georges-louis-_1791_1,418,0.30723,junk,,,,
ia_bim_eighteenth-century_histoire-naturelle-eng_le-clerc-georges-louis-_1791_1,419,0.06131,junk,,,,
ia_bim_eighteenth-century_histoire-naturelle-eng_le-clerc-georges-louis-_1791_1,420,0.00077,junk,,,,
ia_bim_eighteenth-century_histoire-naturelle-eng_le-clerc-georges-louis-_1791_1,421,0.00511,junk,,,,
ia_bim_eighteenth-century_histoire-naturelle-eng_le-clerc-georges-louis-_1791_1,422,0.85022,non_junk,non_divine_teleology,0.00743,0.95802,0.03455
ia_bim_eighteenth-century_histoire-naturelle-eng_le-clerc-georges-louis-_1791_1,423,0.00109,junk,,,,
ia_bim_eighteenth-century_histoire-naturelle-eng_le-clerc-georges-louis-_1791_1,424,0.80279,non_junk,non_divine_teleology,0.0477,0.94604,0.00626
ia_bim_eighteenth-century_histoire-naturelle-eng_le-clerc-georges-louis-_1791_1,425,0.47526,junk,,,,
ia_bim_eighteenth-century_histoire-naturelle-eng_le-clerc-georges-louis-_1791_1,426,0.07234,junk,,,,
ia_bim_eighteenth-century_histoire-naturelle-eng_le-clerc-georges-louis-_1791_1,427,0.9295,non_junk,non_divine_teleology,0.00391,0.97446,0.02163
ia_bim_eighteenth-century_histoire-naturelle-eng_le-clerc-georges-louis-_1791_1,428,0.47562,junk,,,,
ia_bim_eighteenth-century_histoire-naturelle-eng_le-clerc-georges-louis-_1791_1,429,0.02088,junk,,,,
ia_bim_eighteenth-century_histoire-naturelle-eng_le-clerc-georges-louis-_1791_1,430,0.01997,junk,,,,
ia_bim_eighteenth-century_histoire-naturelle-eng_le-clerc-georges-louis-_1791_1,431,0.12274,junk,,,,
ia_bim_eighteenth-century_histoire-naturelle-eng_le-clerc-georges-louis-_1791_1,432,0.0358,junk,,,,
ia_bim_eighteenth-century_histoire-naturelle-eng_le-clerc-georges-louis-_1791_1,433,0.28676,junk,,,,
ia_bim_eighteenth-century_histoire-naturelle-eng_le-clerc-georges-louis-_1791_1,434,0.41146,junk,,,,
ia_bim_eighteenth-century_histoire-naturelle-eng_le-clerc-georges-louis-_1791_1,435,0.01077,junk,,,,
ia_bim_eighteenth-century_histoire-naturelle-eng_le-clerc-georges-louis-_1791_1,436,0.00053,junk,,,,
ia_bim_eighteenth-century_histoire-naturelle-eng_le-clerc-georges-louis-_1791_1,437,0.00992,junk,,,,
ia_bim_eighteenth-century_histoire-naturelle-eng_le-clerc-georges-louis-_1791_1,438,0.04782,junk,,,,
ia_bim_eighteenth-century_histoire-naturelle-eng_le-clerc-georges-louis-_1791_1,439,0.93204,non_junk,non_divine_teleology,0.01854,0.96212,0.01934
ia_bim_eighteenth-century_histoire-naturelle-eng_le-clerc-georges-louis-_1791_1,440,0.95222,non_junk,non_divine_teleology,0.03169,0.95355,0.01477
ia_bim_eighteenth-century_histoire-naturelle-eng_le-clerc-georges-louis-_1791_1,441,0.00099,junk,,,,
ia_bim_eighteenth-century_histoire-naturelle-eng_le-clerc-georges-louis-_1791_1,442,0.01464,junk,,,,
ia_bim_eighteenth-century_histoire-naturelle-eng_le-clerc-georges-louis-_1791_1,443,0.01298,junk,,,,
ia_bim_eighteenth-century_histoire-naturelle-eng_le-clerc-georges-louis-_1791_1,444,0.12183,junk,,,,
ia_bim_eighteenth-century_histoire-naturelle-eng_le-clerc-georges-louis-_1791_1,445,0.37704,junk,,,,
ia_bim_eighteenth-century_histoire-naturelle-eng_le-clerc-georges-louis-_1791_1,446,0.9501,non_junk,non_divine_teleology,0.01239,0.90881,0.0788
ia_bim_eighteenth-century_histoire-naturelle-eng_le-clerc-georges-louis-_1791_1,447,0.97254,non_junk,non_divine_teleology,0.01229,0.93587,0.05184
ia_bim_eighteenth-century_histoire-naturelle-eng_le-clerc-georges-louis-_1791_1,448,0.31922,junk,,,,
ia_bim_eighteenth-century_histoire-naturelle-eng_le-clerc-georges-louis-_1791_1,449,0.95367,non_junk,non_divine_teleology,0.00255,0.95011,0.04734
ia_bim_eighteenth-century_histoire-naturelle-eng_le-clerc-georges-louis-_1791_1,450,0.00062,junk,,,,
ia_bim_eighteenth-century_histoire-naturelle-eng_le-clerc-georges-louis-_1791_1,451,0.00032,junk,,,,
ia_bim_eighteenth-century_histoire-naturelle-eng_le-clerc-georges-louis-_1791_1,452,0.00075,junk,,,,
ia_bim_eighteenth-century_histoire-naturelle-eng_le-clerc-georges-louis-_1791_1,453,0.98024,non_junk,non_divine_teleology,0.10749,0.68329,0.20923
ia_bim_eighteenth-century_histoire-naturelle-eng_le-clerc-georges-louis-_1791_1,454,0.46315,junk,,,,
ia_bim_eighteenth-century_histoire-naturelle-eng_le-clerc-georges-louis-_1791_1,455,0.05457,junk,,,,
ia_bim_eighteenth-century_histoire-naturelle-eng_le-clerc-georges-louis-_1791_1,456,0.46315,junk,,,,
ia_bim_eighteenth-century_histoire-naturelle-eng_le-clerc-georges-louis-_1791_1,457,0.0007,junk,,,,
ia_bim_eighteenth-century_histoire-naturelle-eng_le-clerc-georges-louis-_1791_1,458,0.03428,junk,,,,
ia_bim_eighteenth-century_histoire-naturelle-eng_le-clerc-georges-louis-_1791_1,459,1e-05,junk,,,,
ia_bim_eighteenth-century_histoire-naturelle-eng_le-clerc-georges-louis-_1791_1,460,0.31575,junk,,,,
ia_bim_eighteenth-century_histoire-naturelle-eng_le-clerc-georges-louis-_1791_1,461,0.84443,non_junk,non_divine_teleology,0.0137,0.85617,0.13013
ia_bim_eighteenth-century_histoire-naturelle-eng_le-clerc-georges-louis-_1791_1,462,0.42615,junk,,,,
ia_bim_eighteenth-century_histoire-naturelle-eng_le-clerc-georges-louis-_1791_1,463,0.51396,non_junk,non_divine_teleology,0.00757,0.52283,0.4696
ia_bim_eighteenth-century_histoire-naturelle-eng_le-clerc-georges-louis-_1791_1,464,0.42615,junk,,,,
ia_bim_eighteenth-century_histoire-naturelle-eng_le-clerc-georges-louis-_1791_1,465,0.10927,junk,,,,
ia_bim_eighteenth-century_histoire-naturelle-eng_le-clerc-georges-louis-_1791_1,466,0.01443,junk,,,,
ia_bim_eighteenth-century_histoire-naturelle-eng_le-clerc-georges-louis-_1791_1,467,0.04115,junk,,,,
ia_bim_eighteenth-century_histoire-naturelle-eng_le-clerc-georges-louis-_1791_1,468,0.00992,junk,,,,
ia_bim_eighteenth-century_histoire-naturelle-eng_le-clerc-georges-louis-_1791_1,469,0.99992,non_junk,non_divine_teleology,0.00787,0.98627,0.00586
ia_bim_eighteenth-century_histoire-naturelle-eng_le-clerc-georges-louis-_1791_1,470,0.81122,non_junk,non_divine_teleology,0.00513,0.93649,0.05837
ia_bim_eighteenth-century_histoire-naturelle-eng_le-clerc-georges-louis-_1791_1,471,0.00561,junk,,,,
ia_bim_eighteenth-century_histoire-naturelle-eng_le-clerc-georges-louis-_1791_1,472,0.00679,junk,,,,
ia_bim_eighteenth-century_histoire-naturelle-eng_le-clerc-georges-louis-_1791_1,473,0.27688,junk,,,,
ia_bim_eighteenth-century_histoire-naturelle-eng_le-clerc-georges-louis-_1791_1,474,6e-05,junk,,,,
ia_bim_eighteenth-century_histoire-naturelle-eng_le-clerc-georges-louis-_1791_1,475,0.04185,junk,,,,
ia_bim_eighteenth-century_histoire-naturelle-eng_le-clerc-georges-louis-_1791_1,476,0.08763,junk,,,,
ia_bim_eighteenth-century_histoire-naturelle-eng_le-clerc-georges-louis-_1791_1,477,0.68894,non_junk,non_divine_teleology,0.00748,0.95181,0.04071
ia_bim_eighteenth-century_histoire-naturelle-eng_le-clerc-georges-louis-_1791_1,478,0.7763,non_junk,non_divine_teleology,0.01381,0.9771,0.00909
ia_bim_eighteenth-century_histoire-naturelle-eng_le-clerc-georges-louis-_1791_1,479,0.02497,junk,,,,
ia_bim_eighteenth-century_histoire-naturelle-eng_le-clerc-georges-louis-_1791_1,480,0.01101,junk,,,,
ia_bim_eighteenth-century_histoire-naturelle-eng_le-clerc-georges-louis-_1791_1,481,0.28507,junk,,,,
ia_bim_eighteenth-century_histoire-naturelle-eng_le-clerc-georges-louis-_1791_1,482,0.76073,non_junk,non_divine_teleology,0.02167,0.81856,0.15978
ia_bim_eighteenth-century_histoire-naturelle-eng_le-clerc-georges-louis-_1791_1,483,0.89927,non_junk,non_divine_teleology,0.00984,0.9025,0.08766
ia_bim_eighteenth-century_histoire-naturelle-eng_le-clerc-georges-louis-_1791_1,484,0.01032,junk,,,,
ia_bim_eighteenth-century_histoire-naturelle-eng_le-clerc-georges-louis-_1791_1,485,0.00123,junk,,,,
ia_bim_eighteenth-century_histoire-naturelle-eng_le-clerc-georges-louis-_1791_1,486,0.0001,junk,,,,
ia_bim_eighteenth-century_histoire-naturelle-eng_le-clerc-georges-louis-_1791_1,487,0.00041,junk,,,,
ia_bim_eighteenth-century_histoire-naturelle-eng_le-clerc-georges-louis-_1791_1,488,0.16576,junk,,,,
ia_bim_eighteenth-century_histoire-naturelle-eng_le-clerc-georges-louis-_1791_1,489,0.08018,junk,,,,
ia_bim_eighteenth-century_histoire-naturelle-eng_le-clerc-georges-louis-_1791_1,490,0.00263,junk,,,,
ia_bim_eighteenth-century_histoire-naturelle-eng_le-clerc-georges-louis-_1791_1,491,0.16862,junk,,,,
ia_bim_eighteenth-century_histoire-naturelle-eng_le-clerc-georges-louis-_1791_1,492,0.62455,non_junk,non_divine_teleology,0.00669,0.93298,0.06033
ia_bim_eighteenth-century_histoire-naturelle-eng_le-clerc-georges-louis-_1791_1,493,0.0375,junk,,,,
ia_bim_eighteenth-century_histoire-naturelle-eng_le-clerc-georges-louis-_1791_1,494,0.00016,junk,,,,
ia_bim_eighteenth-century_histoire-naturelle-eng_le-clerc-georges-louis-_1791_1,495,0.14773,junk,,,,
ia_bim_eighteenth-century_histoire-naturelle-eng_le-clerc-georges-louis-_1791_1,496,0.0375,junk,,,,
ia_bim_eighteenth-century_histoire-naturelle-eng_le-clerc-georges-louis-_1791_1,497,0.00016,junk,,,,
ia_bim_eighteenth-century_histoire-naturelle-eng_le-clerc-georges-louis-_1791_1,498,0.99847,non_junk,non_divine_teleology,0.01001,0.98114,0.00885
ia_bim_eighteenth-century_histoire-naturelle-eng_le-clerc-georges-louis-_1791_1,499,0.91583,non_junk,non_divine_teleology,0.06136,0.89651,0.04214
ia_bim_eighteenth-century_histoire-naturelle-eng_le-clerc-georges-louis-_1791_1,500,0.99403,non_junk,non_divine_teleology,0.00993,0.9532,0.03687
ia_bim_eighteenth-century_histoire-naturelle-eng_le-clerc-georges-louis-_1791_1,501,0.08387,junk,,,,
ia_bim_eighteenth-century_histoire-naturelle-eng_le-clerc-georges-louis-_1791_1,502,0.17553,junk,,,,
ia_bim_eighteenth-century_histoire-naturelle-eng_le-clerc-georges-louis-_1791_1,503,0.81176,non_junk,non_divine_teleology,0.00425,0.96051,0.03525
ia_bim_eighteenth-century_histoire-naturelle-eng_le-clerc-georges-louis-_1791_1,504,0.69018,non_junk,non_divine_teleology,0.00433,0.921,0.07467
ia_bim_eighteenth-century_histoire-naturelle-eng_le-clerc-georges-louis-_1791_1,505,0.2165,junk,,,,
ia_bim_eighteenth-century_histoire-naturelle-eng_le-clerc-georges-louis-_1791_1,506,0.00182,junk,,,,
ia_bim_eighteenth-century_histoire-naturelle-eng_le-clerc-georges-louis-_1791_1,507,0.20364,junk,,,,
ia_bim_eighteenth-century_histoire-naturelle-eng_le-clerc-georges-louis-_1791_1,508,0.97171,non_junk,non_divine_teleology,0.00201,0.98426,0.01373
ia_bim_eighteenth-century_histoire-naturelle-eng_le-clerc-georges-louis-_1791_1,509,0.00965,junk,,,,
ia_bim_eighteenth-century_histoire-naturelle-eng_le-clerc-georges-louis-_1791_1,510,0.14685,junk,,,,
ia_bim_eighteenth-century_histoire-naturelle-eng_le-clerc-georges-louis-_1791_1,511,0.07198,junk,,,,
ia_bim_eighteenth-century_histoire-naturelle-eng_le-clerc-georges-louis-_1791_1,512,0.00101,junk,,,,
ia_bim_eighteenth-century_histoire-naturelle-eng_le-clerc-georges-louis-_1791_1,513,0.00087,junk,,,,
ia_bim_eighteenth-century_histoire-naturelle-eng_le-clerc-georges-louis-_1791_1,514,0.62923,non_junk,non_divine_teleology,0.01566,0.76851,0.21583
ia_bim_eighteenth-century_histoire-naturelle-eng_le-clerc-georges-louis-_1791_1,515,0.01279,junk,,,,
ia_bim_eighteenth-century_histoire-naturelle-eng_le-clerc-georges-louis-_1791_1,516,0.84243,non_junk,non_divine_teleology,0.00435,0.83754,0.15811
ia_bim_eighteenth-century_histoire-naturelle-eng_le-clerc-georges-louis-_1791_1,517,0.62734,non_junk,non_divine_teleology,0.00467,0.98144,0.0139
ia_bim_eighteenth-century_histoire-naturelle-eng_le-clerc-georges-louis-_1791_1,518,0.01045,junk,,,,
ia_bim_eighteenth-century_histoire-naturelle-eng_le-clerc-georges-louis-_1791_1,519,0.32116,junk,,,,
ia_bim_eighteenth-century_histoire-naturelle-eng_le-clerc-georges-louis-_1791_1,520,0.06354,junk,,,,
ia_bim_eighteenth-century_histoire-naturelle-eng_le-clerc-georges-louis-_1791_1,521,0.98538,non_junk,non_divine_teleology,0.0021,0.98244,0.01545
ia_bim_eighteenth-century_histoire-naturelle-eng_le-clerc-georges-louis-_1791_1,522,0.28242,junk,,,,
ia_bim_eighteenth-century_histoire-naturelle-eng_le-clerc-georges-louis-_1791_1,523,0.01421,junk,,,,
ia_bim_eighteenth-century_histoire-naturelle-eng_le-clerc-georges-louis-_1791_1,524,0.02856,junk,,,,
ia_bim_eighteenth-century_histoire-naturelle-eng_le-clerc-georges-louis-_1791_1,525,0.0074,junk,,,,
ia_bim_eighteenth-century_histoire-naturelle-eng_le-clerc-georges-louis-_1791_1,526,0.99977,non_junk,non_divine_teleology,0.01198,0.98487,0.00314
ia_bim_eighteenth-century_histoire-naturelle-eng_le-clerc-georges-louis-_1791_1,527,0.00148,junk,,,,
ia_bim_eighteenth-century_histoire-naturelle-eng_le-clerc-georges-louis-_1791_1,528,0.21319,junk,,,,
ia_bim_eighteenth-century_histoire-naturelle-eng_le-clerc-georges-louis-_1791_1,529,0.14241,junk,,,,
ia_bim_eighteenth-century_histoire-naturelle-eng_le-clerc-georges-louis-_1791_1,530,0.32502,junk,,,,
ia_bim_eighteenth-century_histoire-naturelle-eng_le-clerc-georges-louis-_1791_1,531,0.00421,junk,,,,
ia_bim_eighteenth-century_histoire-naturelle-eng_le-clerc-georges-louis-_1791_1,532,0.00029,junk,,,,
ia_bim_eighteenth-century_histoire-naturelle-eng_le-clerc-georges-louis-_1791_1,533,0.07156,junk,,,,
ia_bim_eighteenth-century_histoire-naturelle-eng_le-clerc-georges-louis-_1791_1,534,0.01321,junk,,,,
ia_bim_eighteenth-century_histoire-naturelle-eng_le-clerc-georges-louis-_1791_1,535,0.02921,junk,,,,
ia_bim_eighteenth-century_histoire-naturelle-eng_le-clerc-georges-louis-_1791_1,536,0.12705,junk,,,,
ia_bim_eighteenth-century_histoire-naturelle-eng_le-clerc-georges-louis-_1791_1,537,0.04162,junk,,,,
ia_bim_eighteenth-century_histoire-naturelle-eng_le-clerc-georges-louis-_1791_1,538,0.04191,junk,,,,
ia_bim_eighteenth-century_histoire-naturelle-eng_le-clerc-georges-louis-_1791_1,539,0.04162,junk,,,,
ia_bim_eighteenth-century_histoire-naturelle-eng_le-clerc-georges-louis-_1791_1,540,0.10367,junk,,,,
ia_bim_eighteenth-century_histoire-naturelle-eng_le-clerc-georges-louis-_1791_1,541,0.03017,junk,,,,
ia_bim_eighteenth-century_histoire-naturelle-eng_le-clerc-georges-louis-_1791_1,542,0.04244,junk,,,,
ia_bim_eighteenth-century_histoire-naturelle-eng_le-clerc-georges-louis-_1791_1,543,0.00169,junk,,,,
ia_bim_eighteenth-century_histoire-naturelle-eng_le-clerc-georges-louis-_1791_1,544,0.75895,non_junk,non_divine_teleology,0.01992,0.85958,0.1205
ia_bim_eighteenth-century_histoire-naturelle-eng_le-clerc-georges-louis-_1791_1,545,0.87163,non_junk,non_divine_teleology,0.12459,0.58301,0.2924
ia_bim_eighteenth-century_histoire-naturelle-eng_le-clerc-georges-louis-_1791_1,546,0.03327,junk,,,,
ia_bim_eighteenth-century_histoire-naturelle-eng_le-clerc-georges-louis-_1791_1,547,0.99923,non_junk,non_divine_teleology,0.00263,0.99317,0.0042
ia_bim_eighteenth-century_histoire-naturelle-eng_le-clerc-georges-louis-_1791_1,548,0.01316,junk,,,,
ia_bim_eighteenth-century_histoire-naturelle-eng_le-clerc-georges-louis-_1791_1,549,0.83758,non_junk,non_divine_teleology,0.08069,0.89236,0.02695
ia_bim_eighteenth-century_histoire-naturelle-eng_le-clerc-georges-louis-_1791_1,550,0.94481,non_junk,non_divine_teleology,0.17144,0.81255,0.01602
ia_bim_eighteenth-century_histoire-naturelle-eng_le-clerc-georges-louis-_1791_1,551,0.41006,junk,,,,
ia_bim_eighteenth-century_histoire-naturelle-eng_le-clerc-georges-louis-_1791_1,552,0.00914,junk,,,,
ia_bim_eighteenth-century_histoire-naturelle-eng_le-clerc-georges-louis-_1791_1,553,0.42151,junk,,,,
ia_bim_eighteenth-century_histoire-naturelle-eng_le-clerc-georges-louis-_1791_1,554,0.96617,non_junk,non_divine_teleology,0.00195,0.99646,0.00159
ia_bim_eighteenth-century_histoire-naturelle-eng_le-clerc-georges-louis-_1791_1,555,0.68297,non_junk,non_divine_teleology,0.01007,0.90959,0.08034
ia_bim_eighteenth-century_histoire-naturelle-eng_le-clerc-georges-louis-_1791_1,556,0.00144,junk,,,,
ia_bim_eighteenth-century_histoire-naturelle-eng_le-clerc-georges-louis-_1791_1,557,0.2182,junk,,,,
ia_bim_eighteenth-century_histoire-naturelle-eng_le-clerc-georges-louis-_1791_1,558,0.11256,junk,,,,
ia_bim_eighteenth-century_histoire-naturelle-eng_le-clerc-georges-louis-_1791_1,559,0.00293,junk,,,,
ia_bim_eighteenth-century_histoire-naturelle-eng_le-clerc-georges-louis-_1791_1,560,0.88639,non_junk,non_divine_teleology,0.01485,0.96384,0.02131
ia_bim_eighteenth-century_histoire-naturelle-eng_le-clerc-georges-louis-_1791_1,561,0.06895,junk,,,,
ia_bim_eighteenth-century_histoire-naturelle-eng_le-clerc-georges-louis-_1791_1,562,0.22001,junk,,,,
ia_bim_eighteenth-century_histoire-naturelle-eng_le-clerc-georges-louis-_1791_1,563,0.0004,junk,,,,
ia_bim_eighteenth-century_histoire-naturelle-eng_le-clerc-georges-louis-_1791_1,564,0.00767,junk,,,,
ia_bim_eighteenth-century_histoire-naturelle-eng_le-clerc-georges-louis-_1791_1,565,0.99969,non_junk,non_divine_teleology,0.00067,0.99619,0.00314
ia_bim_eighteenth-century_histoire-naturelle-eng_le-clerc-georges-louis-_1791_1,566,0.99989,non_junk,non_divine_teleology,0.00031,0.9987,0.00099
ia_bim_eighteenth-century_histoire-naturelle-eng_le-clerc-georges-louis-_1791_1,567,0.0014,junk,,,,
ia_bim_eighteenth-century_histoire-naturelle-eng_le-clerc-georges-louis-_1791_1,568,0.81033,non_junk,non_divine_teleology,0.00419,0.94294,0.05287
ia_bim_eighteenth-century_histoire-naturelle-eng_le-clerc-georges-louis-_1791_1,569,0.88081,non_junk,non_divine_teleology,0.03653,0.86178,0.10168
ia_bim_eighteenth-century_histoire-naturelle-eng_le-clerc-georges-louis-_1791_1,570,0.43771,junk,,,,
ia_bim_eighteenth-century_histoire-naturelle-eng_le-clerc-georges-louis-_1791_1,571,0.74152,non_junk,non_divine_teleology,0.0169,0.89252,0.09059
ia_bim_eighteenth-century_histoire-naturelle-eng_le-clerc-georges-louis-_1791_1,572,0.74033,non_junk,non_divine_teleology,0.00745,0.978,0.01455
ia_bim_eighteenth-century_histoire-naturelle-eng_le-clerc-georges-louis-_1791_1,573,7e-05,junk,,,,
ia_bim_eighteenth-century_histoire-naturelle-eng_le-clerc-georges-louis-_1791_1,574,0.00439,junk,,,,
ia_bim_eighteenth-century_histoire-naturelle-eng_le-clerc-georges-louis-_1791_1,575,1e-05,junk,,,,
ia_bim_eighteenth-century_histoire-naturelle-eng_le-clerc-georges-louis-_1791_1,576,0.80602,non_junk,non_divine_teleology,0.02265,0.87124,0.10611
ia_bim_eighteenth-century_histoire-naturelle-eng_le-clerc-georges-louis-_1791_1,577,3e-05,junk,,,,
ia_bim_eighteenth-century_histoire-naturelle-eng_le-clerc-georges-louis-_1791_1,578,0.39334,junk,,,,
ia_bim_eighteenth-century_histoire-naturelle-eng_le-clerc-georges-louis-_1791_1,579,0.01649,junk,,,,
ia_bim_eighteenth-century_histoire-naturelle-eng_le-clerc-georges-louis-_1791_1,580,0.14145,junk,,,,
ia_bim_eighteenth-century_histoire-naturelle-eng_le-clerc-georges-louis-_1791_1,581,0.07075,junk,,,,
ia_bim_eighteenth-century_histoire-naturelle-eng_le-clerc-georges-louis-_1791_1,582,0.00193,junk,,,,
ia_bim_eighteenth-century_histoire-naturelle-eng_le-clerc-georges-louis-_1791_1,583,0.77959,non_junk,non_divine_teleology,0.03183,0.80188,0.16629
ia_bim_eighteenth-century_histoire-naturelle-eng_le-clerc-georges-louis-_1791_1,584,0.00242,junk,,,,
ia_bim_eighteenth-century_histoire-naturelle-eng_le-clerc-georges-louis-_1791_1,585,0.0437,junk,,,,
ia_bim_eighteenth-century_histoire-naturelle-eng_le-clerc-georges-louis-_1791_1,586,0.01176,junk,,,,
ia_bim_eighteenth-century_histoire-naturelle-eng_le-clerc-georges-louis-_1791_1,587,0.02209,junk,,,,
ia_bim_eighteenth-century_histoire-naturelle-eng_le-clerc-georges-louis-_1791_1,588,0.0034,junk,,,,
ia_bim_eighteenth-century_histoire-naturelle-eng_le-clerc-georges-louis-_1791_1,589,7e-05,junk,,,,
ia_bim_eighteenth-century_histoire-naturelle-eng_le-clerc-georges-louis-_1791_1,590,0.00886,junk,,,,
ia_bim_eighteenth-century_histoire-naturelle-eng_le-clerc-georges-louis-_1791_1,591,0.74314,non_junk,non_divine_teleology,0.03498,0.91721,0.04782
ia_bim_eighteenth-century_histoire-naturelle-eng_le-clerc-georges-louis-_1791_1,592,0.31845,junk,,,,
ia_bim_eighteenth-century_histoire-naturelle-eng_le-clerc-georges-louis-_1791_1,593,0.03273,junk,,,,
ia_bim_eighteenth-century_histoire-naturelle-eng_le-clerc-georges-louis-_1791_1,594,0.22197,junk,,,,
ia_bim_eighteenth-century_histoire-naturelle-eng_le-clerc-georges-louis-_1791_1,595,0.18076,junk,,,,
ia_bim_eighteenth-century_histoire-naturelle-eng_le-clerc-georges-louis-_1791_1,596,0.00274,junk,,,,
ia_bim_eighteenth-century_histoire-naturelle-eng_le-clerc-georges-louis-_1791_1,597,0.00026,junk,,,,
ia_bim_eighteenth-century_histoire-naturelle-eng_le-clerc-georges-louis-_1791_1,598,0.00205,junk,,,,
ia_bim_eighteenth-century_histoire-naturelle-eng_le-clerc-georges-louis-_1791_1,599,0.00045,junk,,,,
ia_bim_eighteenth-century_histoire-naturelle-eng_le-clerc-georges-louis-_1791_1,600,0.01599,junk,,,,
ia_bim_eighteenth-century_histoire-naturelle-eng_le-clerc-georges-louis-_1791_1,601,0.00075,junk,,,,
ia_bim_eighteenth-century_histoire-naturelle-eng_le-clerc-georges-louis-_1791_1,602,0.00179,junk,,,,
ia_bim_eighteenth-century_histoire-naturelle-eng_le-clerc-georges-louis-_1791_1,603,0.00055,junk,,,,
ia_bim_eighteenth-century_histoire-naturelle-eng_le-clerc-georges-louis-_1791_1,604,0.48011,junk,,,,
ia_bim_eighteenth-century_histoire-naturelle-eng_le-clerc-georges-louis-_1791_1,605,0.37631,junk,,,,
ia_bim_eighteenth-century_histoire-naturelle-eng_le-clerc-georges-louis-_1791_1,606,0.00016,junk,,,,
ia_bim_eighteenth-century_histoire-naturelle-eng_le-clerc-georges-louis-_1791_1,607,0.15201,junk,,,,
ia_bim_eighteenth-century_histoire-naturelle-eng_le-clerc-georges-louis-_1791_1,608,0.05184,junk,,,,
ia_bim_eighteenth-century_histoire-naturelle-eng_le-clerc-georges-louis-_1791_1,609,0.00229,junk,,,,
ia_bim_eighteenth-century_histoire-naturelle-eng_le-clerc-georges-louis-_1791_1,610,0.00338,junk,,,,
ia_bim_eighteenth-century_histoire-naturelle-eng_le-clerc-georges-louis-_1791_1,611,0.0069,junk,,,,
ia_bim_eighteenth-century_histoire-naturelle-eng_le-clerc-georges-louis-_1791_1,612,0.41853,junk,,,,
ia_bim_eighteenth-century_histoire-naturelle-eng_le-clerc-georges-louis-_1791_1,613,1e-05,junk,,,,
ia_bim_eighteenth-century_histoire-naturelle-eng_le-clerc-georges-louis-_1791_1,614,0.00072,junk,,,,
ia_bim_eighteenth-century_histoire-naturelle-eng_le-clerc-georges-louis-_1791_1,615,0.20517,junk,,,,
ia_bim_eighteenth-century_histoire-naturelle-eng_le-clerc-georges-louis-_1791_1,616,0.08455,junk,,,,
ia_bim_eighteenth-century_histoire-naturelle-eng_le-clerc-georges-louis-_1791_1,617,0.0004,junk,,,,
ia_bim_eighteenth-century_histoire-naturelle-eng_le-clerc-georges-louis-_1791_1,618,0.82416,non_junk,non_divine_teleology,0.0388,0.92398,0.03722
ia_bim_eighteenth-century_histoire-naturelle-eng_le-clerc-georges-louis-_1791_1,619,0.1787,junk,,,,
ia_bim_eighteenth-century_histoire-naturelle-eng_le-clerc-georges-louis-_1791_1,620,0.91765,non_junk,non_divine_teleology,0.02777,0.91241,0.05983
ia_bim_eighteenth-century_histoire-naturelle-eng_le-clerc-georges-louis-_1791_1,621,0.98218,non_junk,non_divine_teleology,0.03581,0.95526,0.00893
ia_bim_eighteenth-century_histoire-naturelle-eng_le-clerc-georges-louis-_1791_1,622,0.94858,non_junk,non_divine_teleology,0.01021,0.98302,0.00677
ia_bim_eighteenth-century_histoire-naturelle-eng_le-clerc-georges-louis-_1791_1,623,0.07064,junk,,,,
ia_bim_eighteenth-century_histoire-naturelle-eng_le-clerc-georges-louis-_1791_1,624,0.43176,junk,,,,
ia_bim_eighteenth-century_histoire-naturelle-eng_le-clerc-georges-louis-_1791_1,625,0.03067,junk,,,,
ia_bim_eighteenth-century_histoire-naturelle-eng_le-clerc-georges-louis-_1791_1,626,0.04521,junk,,,,
ia_bim_eighteenth-century_histoire-naturelle-eng_le-clerc-georges-louis-_1791_1,627,4e-05,junk,,,,
ia_bim_eighteenth-century_histoire-naturelle-eng_le-clerc-georges-louis-_1791_1,628,0.29279,junk,,,,
ia_bim_eighteenth-century_histoire-naturelle-eng_le-clerc-georges-louis-_1791_1,629,0.00022,junk,,,,
ia_bim_eighteenth-century_histoire-naturelle-eng_le-clerc-georges-louis-_1791_1,630,0.3086,junk,,,,
ia_bim_eighteenth-century_histoire-naturelle-eng_le-clerc-georges-louis-_1791_1,631,0.41997,junk,,,,
ia_bim_eighteenth-century_histoire-naturelle-eng_le-clerc-georges-louis-_1791_1,632,0.16951,junk,,,,
ia_bim_eighteenth-century_histoire-naturelle-eng_le-clerc-georges-louis-_1791_1,633,0.34071,junk,,,,
ia_bim_eighteenth-century_histoire-naturelle-eng_le-clerc-georges-louis-_1791_1,634,0.50074,non_junk,internal_essence,0.01386,0.39492,0.59123
ia_bim_eighteenth-century_histoire-naturelle-eng_le-clerc-georges-louis-_1791_1,635,0.93375,non_junk,non_divine_teleology,0.02367,0.93861,0.03771
ia_bim_eighteenth-century_histoire-naturelle-eng_le-clerc-georges-louis-_1791_1,636,0.1672,junk,,,,
ia_bim_eighteenth-century_histoire-naturelle-eng_le-clerc-georges-louis-_1791_1,637,0.7996,non_junk,non_divine_teleology,0.00408,0.98318,0.01274
ia_bim_eighteenth-century_histoire-naturelle-eng_le-clerc-georges-louis-_1791_1,638,0.14396,junk,,,,
ia_bim_eighteenth-century_histoire-naturelle-eng_le-clerc-georges-louis-_1791_1,639,0.79796,non_junk,internal_essence,0.01026,0.32569,0.66405
ia_bim_eighteenth-century_histoire-naturelle-eng_le-clerc-georges-louis-_1791_1,640,0.7018,non_junk,internal_essence,0.0086,0.07605,0.91535
ia_bim_eighteenth-century_histoire-naturelle-eng_le-clerc-georges-louis-_1791_1,641,0.16654,junk,,,,
ia_bim_eighteenth-century_histoire-naturelle-eng_le-clerc-georges-louis-_1791_1,642,0.1355,junk,,,,
ia_bim_eighteenth-century_histoire-naturelle-eng_le-clerc-georges-louis-_1791_1,643,0.8213,non_junk,non_divine_teleology,0.0055,0.70231,0.29219
ia_bim_eighteenth-century_histoire-naturelle-eng_le-clerc-georges-louis-_1791_1,644,0.23673,junk,,,,
ia_bim_eighteenth-century_histoire-naturelle-eng_le-clerc-georges-louis-_1791_1,645,0.8531,non_junk,internal_essence,0.0059,0.1715,0.82259
ia_bim_eighteenth-century_histoire-naturelle-eng_le-clerc-georges-louis-_1791_1,646,0.79811,non_junk,non_divine_teleology,0.00606,0.87629,0.11765
ia_bim_eighteenth-century_histoire-naturelle-eng_le-clerc-georges-louis-_1791_1,647,0.0287,junk,,,,
ia_bim_eighteenth-century_histoire-naturelle-eng_le-clerc-georges-louis-_1791_1,648,0.0035,junk,,,,
ia_bim_eighteenth-century_histoire-naturelle-eng_le-clerc-georges-louis-_1791_1,649,0.00045,junk,,,,
ia_bim_eighteenth-century_histoire-naturelle-eng_le-clerc-georges-louis-_1791_1,650,0.00303,junk,,,,
ia_bim_eighteenth-century_histoire-naturelle-eng_le-clerc-georges-louis-_1791_1,651,0.95112,non_junk,non_divine_teleology,0.00192,0.95674,0.04134
ia_bim_eighteenth-century_histoire-naturelle-eng_le-clerc-georges-louis-_1791_1,652,0.80056,non_junk,non_divine_teleology,0.00929,0.82726,0.16345
ia_bim_eighteenth-century_histoire-naturelle-eng_le-clerc-georges-louis-_1791_1,653,0.72342,non_junk,non_divine_teleology,0.0305,0.91369,0.05582
ia_bim_eighteenth-century_histoire-naturelle-eng_le-clerc-georges-louis-_1791_1,654,0.81114,non_junk,non_divine_teleology,0.01694,0.96091,0.02214
ia_bim_eighteenth-century_histoire-naturelle-eng_le-clerc-georges-louis-_1791_1,655,0.03991,junk,,,,
ia_bim_eighteenth-century_histoire-naturelle-eng_le-clerc-georges-louis-_1791_1,656,0.11788,junk,,,,
ia_bim_eighteenth-century_histoire-naturelle-eng_le-clerc-georges-louis-_1791_1,657,0.11788,junk,,,,
ia_bim_eighteenth-century_histoire-naturelle-eng_le-clerc-georges-louis-_1791_1,658,0.00326,junk,,,,
ia_bim_eighteenth-century_histoire-naturelle-eng_le-clerc-georges-louis-_1791_1,659,0.00407,junk,,,,
ia_bim_eighteenth-century_histoire-naturelle-eng_le-clerc-georges-louis-_1791_1,660,0.06732,junk,,,,
ia_bim_eighteenth-century_histoire-naturelle-eng_le-clerc-georges-louis-_1791_1,661,0.40205,junk,,,,
ia_bim_eighteenth-century_histoire-naturelle-eng_le-clerc-georges-louis-_1791_1,662,0.0093,junk,,,,
ia_bim_eighteenth-century_histoire-naturelle-eng_le-clerc-georges-louis-_1791_1,663,0.06028,junk,,,,
ia_bim_eighteenth-century_histoire-naturelle-eng_le-clerc-georges-louis-_1791_1,664,0.01123,junk,,,,
ia_bim_eighteenth-century_histoire-naturelle-eng_le-clerc-georges-louis-_1791_1,665,0.00107,junk,,,,
ia_bim_eighteenth-century_histoire-naturelle-eng_le-clerc-georges-louis-_1791_1,666,0.28131,junk,,,,
ia_bim_eighteenth-century_histoire-naturelle-eng_le-clerc-georges-louis-_1791_1,667,0.18266,junk,,,,
ia_bim_eighteenth-century_histoire-naturelle-eng_le-clerc-georges-louis-_1791_1,668,0.03546,junk,,,,
ia_bim_eighteenth-century_histoire-naturelle-eng_le-clerc-georges-louis-_1791_1,669,0.13625,junk,,,,
ia_bim_eighteenth-century_histoire-naturelle-eng_le-clerc-georges-louis-_1791_1,670,0.11985,junk,,,,
ia_bim_eighteenth-century_histoire-naturelle-eng_le-clerc-georges-louis-_1791_1,671,0.66321,non_junk,non_divine_teleology,0.00566,0.92699,0.06735
ia_bim_eighteenth-century_histoire-naturelle-eng_le-clerc-georges-louis-_1791_1,672,0.99532,non_junk,non_divine_teleology,0.00256,0.97394,0.02351
ia_bim_eighteenth-century_histoire-naturelle-eng_le-clerc-georges-louis-_1791_1,673,0.48968,junk,,,,
ia_bim_eighteenth-century_histoire-naturelle-eng_le-clerc-georges-louis-_1791_1,674,0.80773,non_junk,non_divine_teleology,0.01102,0.90471,0.08427
ia_bim_eighteenth-century_histoire-naturelle-eng_le-clerc-georges-louis-_1791_1,675,0.96818,non_junk,non_divine_teleology,0.00857,0.94528,0.04615
ia_bim_eighteenth-century_histoire-naturelle-eng_le-clerc-georges-louis-_1791_1,676,0.98192,non_junk,non_divine_teleology,0.00501,0.97866,0.01633
ia_bim_eighteenth-century_histoire-naturelle-eng_le-clerc-georges-louis-_1791_1,677,0.93259,non_junk,internal_essence,0.00243,0.05318,0.94439
ia_bim_eighteenth-century_histoire-naturelle-eng_le-clerc-georges-louis-_1791_1,678,0.82183,non_junk,non_divine_teleology,0.00227,0.99521,0.00251
ia_bim_eighteenth-century_histoire-naturelle-eng_le-clerc-georges-louis-_1791_1,679,0.06217,junk,,,,
ia_bim_eighteenth-century_histoire-naturelle-eng_le-clerc-georges-louis-_1791_1,680,0.99901,non_junk,non_divine_teleology,0.02867,0.74153,0.2298
ia_bim_eighteenth-century_histoire-naturelle-eng_le-clerc-georges-louis-_1791_1,681,0.82709,non_junk,non_divine_teleology,0.00338,0.77949,0.21713
ia_bim_eighteenth-century_histoire-naturelle-eng_le-clerc-georges-louis-_1791_1,682,0.13415,junk,,,,
ia_bim_eighteenth-century_histoire-naturelle-eng_le-clerc-georges-louis-_1791_1,683,0.33828,junk,,,,
ia_bim_eighteenth-century_histoire-naturelle-eng_le-clerc-georges-louis-_1791_1,684,0.96746,non_junk,internal_essence,0.03257,0.13071,0.83672
ia_bim_eighteenth-century_histoire-naturelle-eng_le-clerc-georges-louis-_1791_1,685,0.82069,non_junk,non_divine_teleology,0.03748,0.76246,0.20006
ia_bim_eighteenth-century_histoire-naturelle-eng_le-clerc-georges-louis-_1791_1,686,0.02986,junk,,,,
ia_bim_eighteenth-century_histoire-naturelle-eng_le-clerc-georges-louis-_1791_1,687,0.10448,junk,,,,
ia_bim_eighteenth-century_histoire-naturelle-eng_le-clerc-georges-louis-_1791_1,688,0.07422,junk,,,,
ia_bim_eighteenth-century_histoire-naturelle-eng_le-clerc-georges-louis-_1791_1,689,0.63046,non_junk,non_divine_teleology,0.01269,0.91935,0.06796
ia_bim_eighteenth-century_histoire-naturelle-eng_le-clerc-georges-louis-_1791_1,690,0.93654,non_junk,non_divine_teleology,0.00547,0.97787,0.01666
ia_bim_eighteenth-century_histoire-naturelle-eng_le-clerc-georges-louis-_1791_1,691,0.02322,junk,,,,
ia_bim_eighteenth-century_histoire-naturelle-eng_le-clerc-georges-louis-_1791_1,692,0.47901,junk,,,,
ia_bim_eighteenth-century_histoire-naturelle-eng_le-clerc-georges-louis-_1791_1,693,0.33722,junk,,,,
ia_bim_eighteenth-century_histoire-naturelle-eng_le-clerc-georges-louis-_1791_1,694,0.00119,junk,,,,
ia_bim_eighteenth-century_histoire-naturelle-eng_le-clerc-georges-louis-_1791_1,695,0.73323,non_junk,internal_essence,0.00849,0.39517,0.59634
ia_bim_eighteenth-century_histoire-naturelle-eng_le-clerc-georges-louis-_1791_1,696,0.89887,non_junk,non_divine_teleology,0.00825,0.90708,0.08466
ia_bim_eighteenth-century_histoire-naturelle-eng_le-clerc-georges-louis-_1791_1,697,0.73236,non_junk,non_divine_teleology,0.00455,0.93787,0.05759
ia_bim_eighteenth-century_histoire-naturelle-eng_le-clerc-georges-louis-_1791_1,698,0.98962,non_junk,non_divine_teleology,0.00292,0.99172,0.00537
ia_bim_eighteenth-century_histoire-naturelle-eng_le-clerc-georges-louis-_1791_1,699,0.92034,non_junk,non_divine_teleology,0.0019,0.99468,0.00342
ia_bim_eighteenth-century_histoire-naturelle-eng_le-clerc-georges-louis-_1791_1,700,0.49503,junk,,,,
ia_bim_eighteenth-century_histoire-naturelle-eng_le-clerc-georges-louis-_1791_1,701,0.60952,non_junk,internal_essence,0.00154,0.11399,0.88446
ia_bim_eighteenth-century_histoire-naturelle-eng_le-clerc-georges-louis-_1791_1,702,0.58756,non_junk,non_divine_teleology,0.01607,0.92478,0.05915
ia_bim_eighteenth-century_histoire-naturelle-eng_le-clerc-georges-louis-_1791_1,703,0.0002,junk,,,,
ia_bim_eighteenth-century_histoire-naturelle-eng_le-clerc-georges-louis-_1791_1,704,0.99781,non_junk,non_divine_teleology,0.08065,0.62423,0.29512
ia_bim_eighteenth-century_histoire-naturelle-eng_le-clerc-georges-louis-_1791_1,705,0.36654,junk,,,,
ia_bim_eighteenth-century_histoire-naturelle-eng_le-clerc-georges-louis-_1791_1,706,0.00275,junk,,,,
ia_bim_eighteenth-century_histoire-naturelle-eng_le-clerc-georges-louis-_1791_1,707,0.00541,junk,,,,
ia_bim_eighteenth-century_histoire-naturelle-eng_le-clerc-georges-louis-_1791_1,708,0.69313,non_junk,non_divine_teleology,0.0399,0.90925,0.05085
ia_bim_eighteenth-century_histoire-naturelle-eng_le-clerc-georges-louis-_1791_1,709,0.02529,junk,,,,
ia_bim_eighteenth-century_histoire-naturelle-eng_le-clerc-georges-louis-_1791_1,710,0.00583,junk,,,,
ia_bim_eighteenth-century_histoire-naturelle-eng_le-clerc-georges-louis-_1791_1,711,0.04658,junk,,,,
ia_bim_eighteenth-century_histoire-naturelle-eng_le-clerc-georges-louis-_1791_1,712,0.05892,junk,,,,
ia_bim_eighteenth-century_histoire-naturelle-eng_le-clerc-georges-louis-_1791_1,713,0.69313,non_junk,non_divine_teleology,0.0399,0.90925,0.05085
ia_bim_eighteenth-century_histoire-naturelle-eng_le-clerc-georges-louis-_1791_1,714,0.02529,junk,,,,
ia_bim_eighteenth-century_histoire-naturelle-eng_le-clerc-georges-louis-_1791_1,715,0.00583,junk,,,,
ia_bim_eighteenth-century_histoire-naturelle-eng_le-clerc-georges-louis-_1791_1,716,0.04658,junk,,,,
ia_bim_eighteenth-century_histoire-naturelle-eng_le-clerc-georges-louis-_1791_1,717,0.0331,junk,,,,
ia_bim_eighteenth-century_histoire-naturelle-eng_le-clerc-georges-louis-_1791_1,718,0.0029,junk,,,,
ia_bim_eighteenth-century_histoire-naturelle-eng_le-clerc-georges-louis-_1791_1,719,0.0136,junk,,,,
ia_bim_eighteenth-century_histoire-naturelle-eng_le-clerc-georges-louis-_1791_1,720,0.32964,junk,,,,
ia_bim_eighteenth-century_histoire-naturelle-eng_le-clerc-georges-louis-_1791_1,721,0.62203,non_junk,non_divine_teleology,0.0053,0.95602,0.03868
ia_bim_eighteenth-century_histoire-naturelle-eng_le-clerc-georges-louis-_1791_1,722,0.04503,junk,,,,
ia_bim_eighteenth-century_histoire-naturelle-eng_le-clerc-georges-louis-_1791_1,723,0.32964,junk,,,,
ia_bim_eighteenth-century_histoire-naturelle-eng_le-clerc-georges-louis-_1791_1,724,0.62203,non_junk,non_divine_teleology,0.0053,0.95602,0.03868
ia_bim_eighteenth-century_histoire-naturelle-eng_le-clerc-georges-louis-_1791_1,725,0.04503,junk,,,,
ia_bim_eighteenth-century_histoire-naturelle-eng_le-clerc-georges-louis-_1791_1,726,0.07328,junk,,,,
ia_bim_eighteenth-century_histoire-naturelle-eng_le-clerc-georges-louis-_1791_1,727,0.76317,non_junk,non_divine_teleology,0.01201,0.93537,0.05262
ia_bim_eighteenth-century_histoire-naturelle-eng_le-clerc-georges-louis-_1791_1,728,0.35593,junk,,,,
ia_bim_eighteenth-century_histoire-naturelle-eng_le-clerc-georges-louis-_1791_1,729,0.01004,junk,,,,
ia_bim_eighteenth-century_histoire-naturelle-eng_le-clerc-georges-louis-_1791_1,730,0.0012,junk,,,,
ia_bim_eighteenth-century_histoire-naturelle-eng_le-clerc-georges-louis-_1791_1,731,0.35103,junk,,,,
ia_bim_eighteenth-century_histoire-naturelle-eng_le-clerc-georges-louis-_1791_1,732,0.48063,junk,,,,
ia_bim_eighteenth-century_histoire-naturelle-eng_le-clerc-georges-louis-_1791_1,733,0.03802,junk,,,,
ia_bim_eighteenth-century_histoire-naturelle-eng_le-clerc-georges-louis-_1791_1,734,0.08779,junk,,,,
ia_bim_eighteenth-century_histoire-naturelle-eng_le-clerc-georges-louis-_1791_1,735,0.00078,junk,,,,
ia_bim_eighteenth-century_histoire-naturelle-eng_le-clerc-georges-louis-_1791_1,736,0.08779,junk,,,,
ia_bim_eighteenth-century_histoire-naturelle-eng_le-clerc-georges-louis-_1791_1,737,0.00078,junk,,,,
ia_bim_eighteenth-century_histoire-naturelle-eng_le-clerc-georges-louis-_1791_1,738,0.0275,junk,,,,
ia_bim_eighteenth-century_histoire-naturelle-eng_le-clerc-georges-louis-_1791_1,739,0.07927,junk,,,,
ia_bim_eighteenth-century_histoire-naturelle-eng_le-clerc-georges-louis-_1791_1,740,0.0275,junk,,,,
ia_bim_eighteenth-century_histoire-naturelle-eng_le-clerc-georges-louis-_1791_1,741,0.07927,junk,,,,
ia_bim_eighteenth-century_histoire-naturelle-eng_le-clerc-georges-louis-_1791_1,742,0.00734,junk,,,,
ia_bim_eighteenth-century_histoire-naturelle-eng_le-clerc-georges-louis-_1791_1,743,0.00126,junk,,,,
ia_bim_eighteenth-century_histoire-naturelle-eng_le-clerc-georges-louis-_1791_1,744,0.00033,junk,,,,
ia_bim_eighteenth-century_histoire-naturelle-eng_le-clerc-georges-louis-_1791_1,745,5e-05,junk,,,,
ia_bim_eighteenth-century_histoire-naturelle-eng_le-clerc-georges-louis-_1791_1,746,0.59998,non_junk,internal_essence,0.04901,0.37558,0.57541
ia_bim_eighteenth-century_histoire-naturelle-eng_le-clerc-georges-louis-_1791_1,747,0.96517,non_junk,non_divine_teleology,0.0371,0.59771,0.3652
ia_bim_eighteenth-century_histoire-naturelle-eng_le-clerc-georges-louis-_1791_1,748,0.1134,junk,,,,
ia_bim_eighteenth-century_histoire-naturelle-eng_le-clerc-georges-louis-_1791_1,749,0.50842,non_junk,internal_essence,0.01701,0.08276,0.90022
ia_bim_eighteenth-century_histoire-naturelle-eng_le-clerc-georges-louis-_1791_1,750,0.17839,junk,,,,
ia_bim_eighteenth-century_histoire-naturelle-eng_le-clerc-georges-louis-_1791_1,751,0.01392,junk,,,,
ia_bim_eighteenth-century_histoire-naturelle-eng_le-clerc-georges-louis-_1791_1,752,0.62568,non_junk,non_divine_teleology,0.02211,0.93376,0.04413
ia_bim_eighteenth-century_histoire-naturelle-eng_le-clerc-georges-louis-_1791_1,753,0.02661,junk,,,,
ia_bim_eighteenth-century_histoire-naturelle-eng_le-clerc-georges-louis-_1791_1,754,0.03255,junk,,,,
ia_bim_eighteenth-century_histoire-naturelle-eng_le-clerc-georges-louis-_1791_1,755,0.23945,junk,,,,
ia_bim_eighteenth-century_histoire-naturelle-eng_le-clerc-georges-louis-_1791_1,756,0.01392,junk,,,,
ia_bim_eighteenth-century_histoire-naturelle-eng_le-clerc-georges-louis-_1791_1,757,0.62568,non_junk,non_divine_teleology,0.02211,0.93376,0.04413
ia_bim_eighteenth-century_histoire-naturelle-eng_le-clerc-georges-louis-_1791_1,758,0.02661,junk,,,,
ia_bim_eighteenth-century_histoire-naturelle-eng_le-clerc-georges-louis-_1791_1,759,0.03255,junk,,,,
ia_bim_eighteenth-century_histoire-naturelle-eng_le-clerc-georges-louis-_1791_1,760,0.05763,junk,,,,
ia_bim_eighteenth-century_histoire-naturelle-eng_le-clerc-georges-louis-_1791_1,761,0.01669,junk,,,,
ia_bim_eighteenth-century_histoire-naturelle-eng_le-clerc-georges-louis-_1791_1,762,0.00041,junk,,,,
ia_bim_eighteenth-century_histoire-naturelle-eng_le-clerc-georges-louis-_1791_1,763,0.03742,junk,,,,
ia_bim_eighteenth-century_histoire-naturelle-eng_le-clerc-georges-louis-_1791_1,764,0.02867,junk,,,,
ia_bim_eighteenth-century_histoire-naturelle-eng_le-clerc-georges-louis-_1791_1,765,0.01946,junk,,,,
ia_bim_eighteenth-century_histoire-naturelle-eng_le-clerc-georges-louis-_1791_1,766,0.01824,junk,,,,
ia_bim_eighteenth-century_histoire-naturelle-eng_le-clerc-georges-louis-_1791_1,767,0.02083,junk,,,,
ia_bim_eighteenth-century_histoire-naturelle-eng_le-clerc-georges-louis-_1791_1,768,0.01244,junk,,,,
ia_bim_eighteenth-century_histoire-naturelle-eng_le-clerc-georges-louis-_1791_1,769,5e-05,junk,,,,
ia_bim_eighteenth-century_histoire-naturelle-eng_le-clerc-georges-louis-_1791_1,770,0.00189,junk,,,,
ia_bim_eighteenth-century_histoire-naturelle-eng_le-clerc-georges-louis-_1791_1,771,0.0086,junk,,,,
ia_bim_eighteenth-century_histoire-naturelle-eng_le-clerc-georges-louis-_1791_1,772,0.00063,junk,,,,
ia_bim_eighteenth-century_histoire-naturelle-eng_le-clerc-georges-louis-_1791_1,773,0.02889,junk,,,,
ia_bim_eighteenth-century_histoire-naturelle-eng_le-clerc-georges-louis-_1791_1,774,0.02409,junk,,,,
ia_bim_eighteenth-century_histoire-naturelle-eng_le-clerc-georges-louis-_1791_1,775,0.0008,junk,,,,
ia_bim_eighteenth-century_histoire-naturelle-eng_le-clerc-georges-louis-_1791_1,776,0.00237,junk,,,,
ia_bim_eighteenth-century_histoire-naturelle-eng_le-clerc-georges-louis-_1791_1,777,0.0008,junk,,,,
ia_bim_eighteenth-century_histoire-naturelle-eng_le-clerc-georges-louis-_1791_1,778,0.58957,non_junk,non_divine_teleology,0.04791,0.66457,0.28752
ia_bim_eighteenth-century_histoire-naturelle-eng_le-clerc-georges-louis-_1791_1,779,0.98501,non_junk,non_divine_teleology,0.01404,0.89782,0.08814
ia_bim_eighteenth-century_histoire-naturelle-eng_le-clerc-georges-louis-_1791_1,780,0.41746,junk,,,,
ia_bim_eighteenth-century_histoire-naturelle-eng_le-clerc-georges-louis-_1791_1,781,0.98993,non_junk,non_divine_teleology,0.03652,0.88305,0.08043
ia_bim_eighteenth-century_histoire-naturelle-eng_le-clerc-georges-louis-_1791_1,782,0.99959,non_junk,non_divine_teleology,0.00206,0.98232,0.01562
ia_bim_eighteenth-century_histoire-naturelle-eng_le-clerc-georges-louis-_1791_1,783,0.01214,junk,,,,
ia_bim_eighteenth-century_histoire-naturelle-eng_le-clerc-georges-louis-_1791_1,784,0.01504,junk,,,,
ia_bim_eighteenth-century_histoire-naturelle-eng_le-clerc-georges-louis-_1791_1,785,0.0003,junk,,,,
ia_bim_eighteenth-century_histoire-naturelle-eng_le-clerc-georges-louis-_1791_1,786,0.98836,non_junk,non_divine_teleology,0.02472,0.93162,0.04366
ia_bim_eighteenth-century_histoire-naturelle-eng_le-clerc-georges-louis-_1791_1,787,0.00108,junk,,,,
ia_bim_eighteenth-century_histoire-naturelle-eng_le-clerc-georges-louis-_1791_1,788,0.53641,non_junk,non_divine_teleology,0.0119,0.71323,0.27487
ia_bim_eighteenth-century_histoire-naturelle-eng_le-clerc-georges-louis-_1791_1,789,0.00038,junk,,,,
ia_bim_eighteenth-century_histoire-naturelle-eng_le-clerc-georges-louis-_1791_1,790,0.00767,junk,,,,
ia_bim_eighteenth-century_histoire-naturelle-eng_le-clerc-georges-louis-_1791_1,791,0.18742,junk,,,,
ia_bim_eighteenth-century_histoire-naturelle-eng_le-clerc-georges-louis-_1791_1,792,0.27128,junk,,,,
ia_bim_eighteenth-century_histoire-naturelle-eng_le-clerc-georges-louis-_1791_1,793,0.57305,non_junk,non_divine_teleology,0.00163,0.75183,0.24654
ia_bim_eighteenth-century_histoire-naturelle-eng_le-clerc-georges-louis-_1791_1,794,0.00125,junk,,,,
ia_bim_eighteenth-century_histoire-naturelle-eng_le-clerc-georges-louis-_1791_1,795,0.01002,junk,,,,
ia_bim_eighteenth-century_histoire-naturelle-eng_le-clerc-georges-louis-_1791_1,796,0.00064,junk,,,,
ia_bim_eighteenth-century_histoire-naturelle-eng_le-clerc-georges-louis-_1791_1,797,0.98393,non_junk,non_divine_teleology,0.03202,0.93121,0.03677
ia_bim_eighteenth-century_histoire-naturelle-eng_le-clerc-georges-louis-_1791_1,798,0.00011,junk,,,,
ia_bim_eighteenth-century_histoire-naturelle-eng_le-clerc-georges-louis-_1791_1,799,0.98393,non_junk,non_divine_teleology,0.03202,0.93121,0.03677
ia_bim_eighteenth-century_histoire-naturelle-eng_le-clerc-georges-louis-_1791_1,800,0.08223,junk,,,,
ia_bim_eighteenth-century_histoire-naturelle-eng_le-clerc-georges-louis-_1791_1,801,0.78926,non_junk,non_divine_teleology,0.00768,0.65862,0.3337
ia_bim_eighteenth-century_histoire-naturelle-eng_le-clerc-georges-louis-_1791_1,802,0.00079,junk,,,,
ia_bim_eighteenth-century_histoire-naturelle-eng_le-clerc-georges-louis-_1791_1,803,0.00079,junk,,,,
ia_bim_eighteenth-century_histoire-naturelle-eng_le-clerc-georges-louis-_1791_1,804,0.10015,junk,,,,
ia_bim_eighteenth-century_histoire-naturelle-eng_le-clerc-georges-louis-_1791_1,805,0.91901,non_junk,non_divine_teleology,0.03368,0.95551,0.01081
ia_bim_eighteenth-century_histoire-naturelle-eng_le-clerc-georges-louis-_1791_1,806,0.01088,junk,,,,
ia_bim_eighteenth-century_histoire-naturelle-eng_le-clerc-georges-louis-_1791_1,807,0.00081,junk,,,,
ia_bim_eighteenth-century_histoire-naturelle-eng_le-clerc-georges-louis-_1791_1,808,0.00499,junk,,,,
ia_bim_eighteenth-century_histoire-naturelle-eng_le-clerc-georges-louis-_1791_1,809,0.00454,junk,,,,
ia_bim_eighteenth-century_histoire-naturelle-eng_le-clerc-georges-louis-_1791_1,810,0.00202,junk,,,,
ia_bim_eighteenth-century_histoire-naturelle-eng_le-clerc-georges-louis-_1791_1,811,0.00405,junk,,,,
ia_bim_eighteenth-century_histoire-naturelle-eng_le-clerc-georges-louis-_1791_1,812,0.13642,junk,,,,
ia_bim_eighteenth-century_histoire-naturelle-eng_le-clerc-georges-louis-_1791_1,813,0.99692,non_junk,non_divine_teleology,0.00417,0.97907,0.01676
ia_bim_eighteenth-century_histoire-naturelle-eng_le-clerc-georges-louis-_1791_1,814,0.4497,junk,,,,
ia_bim_eighteenth-century_histoire-naturelle-eng_le-clerc-georges-louis-_1791_1,815,0.99453,non_junk,non_divine_teleology,0.01724,0.90422,0.07854
ia_bim_eighteenth-century_histoire-naturelle-eng_le-clerc-georges-louis-_1791_1,816,0.40592,junk,,,,
ia_bim_eighteenth-century_histoire-naturelle-eng_le-clerc-georges-louis-_1791_1,817,0.72526,non_junk,non_divine_teleology,0.01651,0.942,0.04149
ia_bim_eighteenth-century_histoire-naturelle-eng_le-clerc-georges-louis-_1791_1,818,0.40592,junk,,,,
ia_bim_eighteenth-century_histoire-naturelle-eng_le-clerc-georges-louis-_1791_1,819,0.72526,non_junk,non_divine_teleology,0.01651,0.942,0.04149
ia_bim_eighteenth-century_histoire-naturelle-eng_le-clerc-georges-louis-_1791_1,820,0.22336,junk,,,,
ia_bim_eighteenth-century_histoire-naturelle-eng_le-clerc-georges-louis-_1791_1,821,0.06045,junk,,,,
ia_bim_eighteenth-century_histoire-naturelle-eng_le-clerc-georges-louis-_1791_1,822,0.32995,junk,,,,
ia_bim_eighteenth-century_histoire-naturelle-eng_le-clerc-georges-louis-_1791_1,823,0.96482,non_junk,non_divine_teleology,0.01047,0.64746,0.34207
ia_bim_eighteenth-century_histoire-naturelle-eng_le-clerc-georges-louis-_1791_1,824,0.7595,non_junk,non_divine_teleology,0.00512,0.76447,0.23041
ia_bim_eighteenth-century_histoire-naturelle-eng_le-clerc-georges-louis-_1791_1,825,0.72378,non_junk,non_divine_teleology,0.04347,0.9187,0.03782
ia_bim_eighteenth-century_histoire-naturelle-eng_le-clerc-georges-louis-_1791_1,826,0.857,non_junk,non_divine_teleology,0.02969,0.93871,0.03161
ia_bim_eighteenth-century_histoire-naturelle-eng_le-clerc-georges-louis-_1791_1,827,0.08546,junk,,,,
ia_bim_eighteenth-century_histoire-naturelle-eng_le-clerc-georges-louis-_1791_1,828,0.27606,junk,,,,
ia_bim_eighteenth-century_histoire-naturelle-eng_le-clerc-georges-louis-_1791_1,829,0.08546,junk,,,,
ia_bim_eighteenth-century_histoire-naturelle-eng_le-clerc-georges-louis-_1791_1,830,0.03084,junk,,,,
ia_bim_eighteenth-century_histoire-naturelle-eng_le-clerc-georges-louis-_1791_1,831,0.08278,junk,,,,
ia_bim_eighteenth-century_histoire-naturelle-eng_le-clerc-georges-louis-_1791_1,832,0.34606,junk,,,,
ia_bim_eighteenth-century_histoire-naturelle-eng_le-clerc-georges-louis-_1791_1,833,0.0255,junk,,,,
ia_bim_eighteenth-century_histoire-naturelle-eng_le-clerc-georges-louis-_1791_1,834,0.94132,non_junk,internal_essence,0.01484,0.32241,0.66276
ia_bim_eighteenth-century_histoire-naturelle-eng_le-clerc-georges-louis-_1791_1,835,0.00055,junk,,,,
ia_bim_eighteenth-century_histoire-naturelle-eng_le-clerc-georges-louis-_1791_1,836,0.17575,junk,,,,
ia_bim_eighteenth-century_histoire-naturelle-eng_le-clerc-georges-louis-_1791_1,837,0.93639,non_junk,non_divine_teleology,0.01482,0.9786,0.00658
ia_bim_eighteenth-century_histoire-naturelle-eng_le-clerc-georges-louis-_1791_1,838,0.00055,junk,,,,
ia_bim_eighteenth-century_histoire-naturelle-eng_le-clerc-georges-louis-_1791_1,839,0.17575,junk,,,,
ia_bim_eighteenth-century_histoire-naturelle-eng_le-clerc-georges-louis-_1791_1,840,0.93639,non_junk,non_divine_teleology,0.01482,0.9786,0.00658
ia_bim_eighteenth-century_histoire-naturelle-eng_le-clerc-georges-louis-_1791_1,841,0.61231,non_junk,internal_essence,0.00453,0.3573,0.63816
ia_bim_eighteenth-century_histoire-naturelle-eng_le-clerc-georges-louis-_1791_1,842,0.03381,junk,,,,
ia_bim_eighteenth-century_histoire-naturelle-eng_le-clerc-georges-louis-_1791_1,843,0.02586,junk,,,,
ia_bim_eighteenth-century_histoire-naturelle-eng_le-clerc-georges-louis-_1791_1,844,0.07156,junk,,,,
ia_bim_eighteenth-century_histoire-naturelle-eng_le-clerc-georges-louis-_1791_1,845,0.00388,junk,,,,
ia_bim_eighteenth-century_histoire-naturelle-eng_le-clerc-georges-louis-_1791_1,846,0.24198,junk,,,,
ia_bim_eighteenth-century_histoire-naturelle-eng_le-clerc-georges-louis-_1791_1,847,0.24198,junk,,,,
ia_bim_eighteenth-century_histoire-naturelle-eng_le-clerc-georges-louis-_1791_1,848,0.00384,junk,,,,
ia_bim_eighteenth-century_histoire-naturelle-eng_le-clerc-georges-louis-_1791_1,849,0.90383,non_junk,non_divine_teleology,0.00363,0.97217,0.02421
ia_bim_eighteenth-century_histoire-naturelle-eng_le-clerc-georges-louis-_1791_1,850,0.82711,non_junk,non_divine_teleology,0.02203,0.94217,0.03579
ia_bim_eighteenth-century_histoire-naturelle-eng_le-clerc-georges-louis-_1791_1,851,0.57361,non_junk,non_divine_teleology,0.01791,0.85852,0.12357
ia_bim_eighteenth-century_histoire-naturelle-eng_le-clerc-georges-louis-_1791_1,852,0.01517,junk,,,,
ia_bim_eighteenth-century_histoire-naturelle-eng_le-clerc-georges-louis-_1791_1,853,0.03049,junk,,,,
ia_bim_eighteenth-century_histoire-naturelle-eng_le-clerc-georges-louis-_1791_1,854,0.8845,non_junk,non_divine_teleology,0.01431,0.56535,0.42033
ia_bim_eighteenth-century_histoire-naturelle-eng_le-clerc-georges-louis-_1791_1,855,0.04115,junk,,,,
ia_bim_eighteenth-century_histoire-naturelle-eng_le-clerc-georges-louis-_1791_1,856,0.62712,non_junk,internal_essence,0.0274,0.20661,0.76599
ia_bim_eighteenth-century_histoire-naturelle-eng_le-clerc-georges-louis-_1791_1,857,0.00434,junk,,,,
ia_bim_eighteenth-century_histoire-naturelle-eng_le-clerc-georges-louis-_1791_1,858,0.44794,junk,,,,
ia_bim_eighteenth-century_histoire-naturelle-eng_le-clerc-georges-louis-_1791_1,859,0.90153,non_junk,non_divine_teleology,0.02501,0.85227,0.12272
ia_bim_eighteenth-century_histoire-naturelle-eng_le-clerc-georges-louis-_1791_1,860,0.01254,junk,,,,
ia_bim_eighteenth-century_histoire-naturelle-eng_le-clerc-georges-louis-_1791_1,861,0.04015,junk,,,,
ia_bim_eighteenth-century_histoire-naturelle-eng_le-clerc-georges-louis-_1791_1,862,0.44308,junk,,,,
ia_bim_eighteenth-century_histoire-naturelle-eng_le-clerc-georges-louis-_1791_1,863,0.0,junk,,,,
ia_bim_eighteenth-century_histoire-naturelle-eng_le-clerc-georges-louis-_1791_1,864,0.0486,junk,,,,
ia_bim_eighteenth-century_histoire-naturelle-eng_le-clerc-georges-louis-_1791_1,865,6e-05,junk,,,,
ia_bim_eighteenth-century_histoire-naturelle-eng_le-clerc-georges-louis-_1791_1,866,0.21747,junk,,,,
ia_bim_eighteenth-century_histoire-naturelle-eng_le-clerc-georges-louis-_1791_1,867,0.00265,junk,,,,
ia_bim_eighteenth-century_histoire-naturelle-eng_le-clerc-georges-louis-_1791_1,868,0.0002,junk,,,,
ia_bim_eighteenth-century_histoire-naturelle-eng_le-clerc-georges-louis-_1791_1,869,0.0096,junk,,,,
ia_bim_eighteenth-century_histoire-naturelle-eng_le-clerc-georges-louis-_1791_1,870,0.73816,non_junk,internal_essence,0.03358,0.19781,0.76861
ia_bim_eighteenth-century_histoire-naturelle-eng_le-clerc-georges-louis-_1791_1,871,0.83157,non_junk,non_divine_teleology,0.01631,0.73976,0.24394
ia_bim_eighteenth-century_histoire-naturelle-eng_le-clerc-georges-louis-_1791_1,872,0.00038,junk,,,,
ia_bim_eighteenth-century_histoire-naturelle-eng_le-clerc-georges-louis-_1791_1,873,0.35757,junk,,,,
ia_bim_eighteenth-century_histoire-naturelle-eng_le-clerc-georges-louis-_1791_1,874,0.00554,junk,,,,
ia_bim_eighteenth-century_histoire-naturelle-eng_le-clerc-georges-louis-_1791_1,875,0.00732,junk,,,,
ia_bim_eighteenth-century_histoire-naturelle-eng_le-clerc-georges-louis-_1791_1,876,0.00933,junk,,,,
ia_bim_eighteenth-century_histoire-naturelle-eng_le-clerc-georges-louis-_1791_1,877,0.0004,junk,,,,
ia_bim_eighteenth-century_histoire-naturelle-eng_le-clerc-georges-louis-_1791_1,878,0.00199,junk,,,,
ia_bim_eighteenth-century_histoire-naturelle-eng_le-clerc-georges-louis-_1791_1,879,0.01258,junk,,,,
ia_bim_eighteenth-century_histoire-naturelle-eng_le-clerc-georges-louis-_1791_1,880,0.0014,junk,,,,
ia_bim_eighteenth-century_histoire-naturelle-eng_le-clerc-georges-louis-_1791_1,881,0.00747,junk,,,,
ia_bim_eighteenth-century_histoire-naturelle-eng_le-clerc-georges-louis-_1791_1,882,0.01987,junk,,,,
ia_bim_eighteenth-century_histoire-naturelle-eng_le-clerc-georges-louis-_1791_1,883,0.85807,non_junk,non_divine_teleology,0.01694,0.92433,0.05873
ia_bim_eighteenth-century_histoire-naturelle-eng_le-clerc-georges-louis-_1791_1,884,0.0004,junk,,,,
ia_bim_eighteenth-century_histoire-naturelle-eng_le-clerc-georges-louis-_1791_1,885,0.51382,non_junk,non_divine_teleology,0.02268,0.95799,0.01933
ia_bim_eighteenth-century_histoire-naturelle-eng_le-clerc-georges-louis-_1791_1,886,0.99798,non_junk,non_divine_teleology,0.29006,0.70249,0.00746
ia_bim_eighteenth-century_histoire-naturelle-eng_le-clerc-georges-louis-_1791_1,887,0.89793,non_junk,non_divine_teleology,0.00505,0.98358,0.01137
ia_bim_eighteenth-century_histoire-naturelle-eng_le-clerc-georges-louis-_1791_1,888,0.75383,non_junk,non_divine_teleology,0.00441,0.98452,0.01107
ia_bim_eighteenth-century_histoire-naturelle-eng_le-clerc-georges-louis-_1791_1,889,0.99147,non_junk,non_divine_teleology,0.00349,0.99098,0.00553
ia_bim_eighteenth-century_histoire-naturelle-eng_le-clerc-georges-louis-_1791_1,890,0.0033,junk,,,,
ia_bim_eighteenth-century_histoire-naturelle-eng_le-clerc-georges-louis-_1791_1,891,0.52703,non_junk,non_divine_teleology,0.00555,0.97501,0.01944
ia_bim_eighteenth-century_histoire-naturelle-eng_le-clerc-georges-louis-_1791_1,892,0.0033,junk,,,,
ia_bim_eighteenth-century_histoire-naturelle-eng_le-clerc-georges-louis-_1791_1,893,0.23758,junk,,,,
ia_bim_eighteenth-century_histoire-naturelle-eng_le-clerc-georges-louis-_1791_1,894,0.96849,non_junk,non_divine_teleology,0.00465,0.97852,0.01682
ia_bim_eighteenth-century_histoire-naturelle-eng_le-clerc-georges-louis-_1791_1,895,0.57806,non_junk,non_divine_teleology,0.00312,0.909,0.08789
ia_bim_eighteenth-century_histoire-naturelle-eng_le-clerc-georges-louis-_1791_1,896,0.79205,non_junk,non_divine_teleology,0.00807,0.94432,0.04761
ia_bim_eighteenth-century_histoire-naturelle-eng_le-clerc-georges-louis-_1791_1,897,0.15162,junk,,,,
ia_bim_eighteenth-century_histoire-naturelle-eng_le-clerc-georges-louis-_1791_1,898,0.00438,junk,,,,
ia_bim_eighteenth-century_histoire-naturelle-eng_le-clerc-georges-louis-_1791_1,899,0.05002,junk,,,,
ia_bim_eighteenth-century_histoire-naturelle-eng_le-clerc-georges-louis-_1791_1,900,0.16937,junk,,,,
ia_bim_eighteenth-century_histoire-naturelle-eng_le-clerc-georges-louis-_1791_1,901,0.02981,junk,,,,
ia_bim_eighteenth-century_histoire-naturelle-eng_le-clerc-georges-louis-_1791_1,902,0.13417,junk,,,,
ia_bim_eighteenth-century_histoire-naturelle-eng_le-clerc-georges-louis-_1791_1,903,0.0106,junk,,,,
ia_bim_eighteenth-century_histoire-naturelle-eng_le-clerc-georges-louis-_1791_1,904,0.03023,junk,,,,
ia_bim_eighteenth-century_histoire-naturelle-eng_le-clerc-georges-louis-_1791_1,905,0.72215,non_junk,internal_essence,0.00324,0.09418,0.90259
ia_bim_eighteenth-century_histoire-naturelle-eng_le-clerc-georges-louis-_1791_1,906,0.09158,junk,,,,
ia_bim_eighteenth-century_histoire-naturelle-eng_le-clerc-georges-louis-_1791_1,907,0.32,junk,,,,
ia_bim_eighteenth-century_histoire-naturelle-eng_le-clerc-georges-louis-_1791_1,908,0.09158,junk,,,,
ia_bim_eighteenth-century_histoire-naturelle-eng_le-clerc-georges-louis-_1791_1,909,0.93465,non_junk,non_divine_teleology,0.00293,0.95896,0.03811
ia_bim_eighteenth-century_histoire-naturelle-eng_le-clerc-georges-louis-_1791_1,910,0.29375,junk,,,,
ia_bim_eighteenth-century_histoire-naturelle-eng_le-clerc-georges-louis-_1791_1,911,0.93465,non_junk,non_divine_teleology,0.00293,0.95896,0.03811
ia_bim_eighteenth-century_histoire-naturelle-eng_le-clerc-georges-louis-_1791_1,912,0.9914,non_junk,internal_essence,0.00494,0.4702,0.52486
ia_bim_eighteenth-century_histoire-naturelle-eng_le-clerc-georges-louis-_1791_1,913,0.87235,non_junk,internal_essence,0.00895,0.04566,0.9454
ia_bim_eighteenth-century_histoire-naturelle-eng_le-clerc-georges-louis-_1791_1,914,0.00624,junk,,,,
ia_bim_eighteenth-century_histoire-naturelle-eng_le-clerc-georges-louis-_1791_1,915,0.02102,junk,,,,
ia_bim_eighteenth-century_histoire-naturelle-eng_le-clerc-georges-louis-_1791_1,916,0.13314,junk,,,,
ia_bim_eighteenth-century_histoire-naturelle-eng_le-clerc-georges-louis-_1791_1,917,0.02102,junk,,,,
ia_bim_eighteenth-century_histoire-naturelle-eng_le-clerc-georges-louis-_1791_1,918,0.13314,junk,,,,
ia_bim_eighteenth-century_histoire-naturelle-eng_le-clerc-georges-louis-_1791_1,919,0.14568,junk,,,,
ia_bim_eighteenth-century_histoire-naturelle-eng_le-clerc-georges-louis-_1791_1,920,0.00353,junk,,,,
ia_bim_eighteenth-century_histoire-naturelle-eng_le-clerc-georges-louis-_1791_1,921,0.00037,junk,,,,
ia_bim_eighteenth-century_histoire-naturelle-eng_le-clerc-georges-louis-_1791_1,922,0.0056,junk,,,,
ia_bim_eighteenth-century_histoire-naturelle-eng_le-clerc-georges-louis-_1791_1,923,0.85048,non_junk,non_divine_teleology,0.0035,0.99242,0.00408
ia_bim_eighteenth-century_histoire-naturelle-eng_le-clerc-georges-louis-_1791_1,924,0.02217,junk,,,,
ia_bim_eighteenth-century_histoire-naturelle-eng_le-clerc-georges-louis-_1791_1,925,0.70466,non_junk,internal_essence,0.00327,0.24717,0.74956
ia_bim_eighteenth-century_histoire-naturelle-eng_le-clerc-georges-louis-_1791_1,926,0.04267,junk,,,,
ia_bim_eighteenth-century_histoire-naturelle-eng_le-clerc-georges-louis-_1791_1,927,0.40816,junk,,,,
ia_bim_eighteenth-century_histoire-naturelle-eng_le-clerc-georges-louis-_1791_1,928,0.82642,non_junk,non_divine_teleology,0.01006,0.78625,0.20369
ia_bim_eighteenth-century_histoire-naturelle-eng_le-clerc-georges-louis-_1791_1,929,0.02317,junk,,,,
ia_bim_eighteenth-century_histoire-naturelle-eng_le-clerc-georges-louis-_1791_1,930,0.00222,junk,,,,
ia_bim_eighteenth-century_histoire-naturelle-eng_le-clerc-georges-louis-_1791_1,931,0.0472,junk,,,,
ia_bim_eighteenth-century_histoire-naturelle-eng_le-clerc-georges-louis-_1791_1,932,0.00322,junk,,,,
ia_bim_eighteenth-century_histoire-naturelle-eng_le-clerc-georges-louis-_1791_1,933,0.00066,junk,,,,
ia_bim_eighteenth-century_histoire-naturelle-eng_le-clerc-georges-louis-_1791_1,934,0.12008,junk,,,,
ia_bim_eighteenth-century_histoire-naturelle-eng_le-clerc-georges-louis-_1791_1,935,0.04165,junk,,,,
ia_bim_eighteenth-century_histoire-naturelle-eng_le-clerc-georges-louis-_1791_1,936,0.00159,junk,,,,
ia_bim_eighteenth-century_histoire-naturelle-eng_le-clerc-georges-louis-_1791_1,937,0.24264,junk,,,,
ia_bim_eighteenth-century_histoire-naturelle-eng_le-clerc-georges-louis-_1791_1,938,0.00159,junk,,,,
ia_bim_eighteenth-century_histoire-naturelle-eng_le-clerc-georges-louis-_1791_1,939,0.24264,junk,,,,
ia_bim_eighteenth-century_histoire-naturelle-eng_le-clerc-georges-louis-_1791_1,940,0.04228,junk,,,,
ia_bim_eighteenth-century_histoire-naturelle-eng_le-clerc-georges-louis-_1791_1,941,0.00015,junk,,,,
ia_bim_eighteenth-century_histoire-naturelle-eng_le-clerc-georges-louis-_1791_1,942,0.0529,junk,,,,
ia_bim_eighteenth-century_histoire-naturelle-eng_le-clerc-georges-louis-_1791_1,943,0.09635,junk,,,,
ia_bim_eighteenth-century_histoire-naturelle-eng_le-clerc-georges-louis-_1791_1,944,0.00015,junk,,,,
ia_bim_eighteenth-century_histoire-naturelle-eng_le-clerc-georges-louis-_1791_1,945,0.10609,junk,,,,
ia_bim_eighteenth-century_histoire-naturelle-eng_le-clerc-georges-louis-_1791_1,946,0.00061,junk,,,,
ia_bim_eighteenth-century_histoire-naturelle-eng_le-clerc-georges-louis-_1791_1,947,0.01667,junk,,,,
ia_bim_eighteenth-century_histoire-naturelle-eng_le-clerc-georges-louis-_1791_1,948,0.83139,non_junk,non_divine_teleology,0.00876,0.96192,0.02932
ia_bim_eighteenth-century_histoire-naturelle-eng_le-clerc-georges-louis-_1791_1,949,0.40361,junk,,,,
ia_bim_eighteenth-century_histoire-naturelle-eng_le-clerc-georges-louis-_1791_1,950,0.00116,junk,,,,
ia_bim_eighteenth-century_histoire-naturelle-eng_le-clerc-georges-louis-_1791_1,951,0.88972,non_junk,internal_essence,0.00126,0.14524,0.8535
ia_bim_eighteenth-century_histoire-naturelle-eng_le-clerc-georges-louis-_1791_1,952,0.00378,junk,,,,
ia_bim_eighteenth-century_histoire-naturelle-eng_le-clerc-georges-louis-_1791_1,953,0.18944,junk,,,,
ia_bim_eighteenth-century_histoire-naturelle-eng_le-clerc-georges-louis-_1791_1,954,0.00293,junk,,,,
ia_bim_eighteenth-century_histoire-naturelle-eng_le-clerc-georges-louis-_1791_1,955,0.00322,junk,,,,
ia_bim_eighteenth-century_histoire-naturelle-eng_le-clerc-georges-louis-_1791_1,956,0.00322,junk,,,,
ia_bim_eighteenth-century_histoire-naturelle-eng_le-clerc-georges-louis-_1791_1,957,0.01588,junk,,,,
ia_bim_eighteenth-century_histoire-naturelle-eng_le-clerc-georges-louis-_1791_1,958,0.39718,junk,,,,
ia_bim_eighteenth-century_histoire-naturelle-eng_le-clerc-georges-louis-_1791_1,959,0.29722,junk,,,,
ia_bim_eighteenth-century_histoire-naturelle-eng_le-clerc-georges-louis-_1791_1,960,0.1862,junk,,,,
ia_bim_eighteenth-century_histoire-naturelle-eng_le-clerc-georges-louis-_1791_1,961,0.09721,junk,,,,
ia_bim_eighteenth-century_histoire-naturelle-eng_le-clerc-georges-louis-_1791_1,962,0.5574,non_junk,non_divine_teleology,0.00908,0.74323,0.24769
ia_bim_eighteenth-century_histoire-naturelle-eng_le-clerc-georges-louis-_1791_1,963,0.00383,junk,,,,
ia_bim_eighteenth-century_histoire-naturelle-eng_le-clerc-georges-louis-_1791_1,964,0.18943,junk,,,,
ia_bim_eighteenth-century_histoire-naturelle-eng_le-clerc-georges-louis-_1791_1,965,0.12592,junk,,,,
ia_bim_eighteenth-century_histoire-naturelle-eng_le-clerc-georges-louis-_1791_1,966,0.18019,junk,,,,
ia_bim_eighteenth-century_histoire-naturelle-eng_le-clerc-georges-louis-_1791_1,967,0.40414,junk,,,,
ia_bim_eighteenth-century_histoire-naturelle-eng_le-clerc-georges-louis-_1791_1,968,0.24372,junk,,,,
ia_bim_eighteenth-century_histoire-naturelle-eng_le-clerc-georges-louis-_1791_1,969,0.57411,non_junk,non_divine_teleology,0.00247,0.96025,0.03728
ia_bim_eighteenth-century_histoire-naturelle-eng_le-clerc-georges-louis-_1791_1,970,0.02144,junk,,,,
ia_bim_eighteenth-century_histoire-naturelle-eng_le-clerc-georges-louis-_1791_1,971,0.01237,junk,,,,
ia_bim_eighteenth-century_histoire-naturelle-eng_le-clerc-georges-louis-_1791_1,972,0.00135,junk,,,,
ia_bim_eighteenth-century_histoire-naturelle-eng_le-clerc-georges-louis-_1791_1,973,0.14299,junk,,,,
ia_bim_eighteenth-century_histoire-naturelle-eng_le-clerc-georges-louis-_1791_1,974,0.00368,junk,,,,
ia_bim_eighteenth-century_histoire-naturelle-eng_le-clerc-georges-louis-_1791_1,975,0.03757,junk,,,,
ia_bim_eighteenth-century_histoire-naturelle-eng_le-clerc-georges-louis-_1791_1,976,0.0738,junk,,,,
ia_bim_eighteenth-century_histoire-naturelle-eng_le-clerc-georges-louis-_1791_1,977,0.72761,non_junk,internal_essence,0.00397,0.14625,0.84978
ia_bim_eighteenth-century_histoire-naturelle-eng_le-clerc-georges-louis-_1791_1,978,0.00368,junk,,,,
ia_bim_eighteenth-century_histoire-naturelle-eng_le-clerc-georges-louis-_1791_1,979,0.03757,junk,,,,
ia_bim_eighteenth-century_histoire-naturelle-eng_le-clerc-georges-louis-_1791_1,980,0.0738,junk,,,,
ia_bim_eighteenth-century_histoire-naturelle-eng_le-clerc-georges-louis-_1791_1,981,0.81604,non_junk,internal_essence,0.01169,0.35236,0.63596
ia_bim_eighteenth-century_histoire-naturelle-eng_le-clerc-georges-louis-_1791_1,982,0.89336,non_junk,internal_essence,0.00405,0.06616,0.92979
ia_bim_eighteenth-century_histoire-naturelle-eng_le-clerc-georges-louis-_1791_1,983,0.01974,junk,,,,
ia_bim_eighteenth-century_histoire-naturelle-eng_le-clerc-georges-louis-_1791_1,984,0.06697,junk,,,,
ia_bim_eighteenth-century_histoire-naturelle-eng_le-clerc-georges-louis-_1791_1,985,0.18202,junk,,,,
ia_bim_eighteenth-century_histoire-naturelle-eng_le-clerc-georges-louis-_1791_1,986,0.3206,junk,,,,
ia_bim_eighteenth-century_histoire-naturelle-eng_le-clerc-georges-louis-_1791_1,987,0.97898,non_junk,non_divine_teleology,0.00975,0.50779,0.48246
ia_bim_eighteenth-century_histoire-naturelle-eng_le-clerc-georges-louis-_1791_1,988,0.51817,non_junk,internal_essence,0.00249,0.08958,0.90793
ia_bim_eighteenth-century_histoire-naturelle-eng_le-clerc-georges-louis-_1791_1,989,0.05636,junk,,,,
ia_bim_eighteenth-century_histoire-naturelle-eng_le-clerc-georges-louis-_1791_1,990,0.05429,junk,,,,
ia_bim_eighteenth-century_histoire-naturelle-eng_le-clerc-georges-louis-_1791_1,991,0.05306,junk,,,,
ia_bim_eighteenth-century_histoire-naturelle-eng_le-clerc-georges-louis-_1791_1,992,0.58176,non_junk,non_divine_teleology,0.00903,0.853,0.13797
ia_bim_eighteenth-century_histoire-naturelle-eng_le-clerc-georges-louis-_1791_1,993,0.02415,junk,,,,
ia_bim_eighteenth-century_histoire-naturelle-eng_le-clerc-georges-louis-_1791_1,994,0.28087,junk,,,,
ia_bim_eighteenth-century_histoire-naturelle-eng_le-clerc-georges-louis-_1791_1,995,0.42326,junk,,,,
ia_bim_eighteenth-century_histoire-naturelle-eng_le-clerc-georges-louis-_1791_1,996,0.00114,junk,,,,
ia_bim_eighteenth-century_histoire-naturelle-eng_le-clerc-georges-louis-_1791_1,997,0.21323,junk,,,,
ia_bim_eighteenth-century_histoire-naturelle-eng_le-clerc-georges-louis-_1791_1,998,0.42326,junk,,,,
ia_bim_eighteenth-century_histoire-naturelle-eng_le-clerc-georges-louis-_1791_1,999,0.0074,junk,,,,
ia_bim_eighteenth-century_histoire-naturelle-eng_le-clerc-georges-louis-_1791_1,1000,0.38977,junk,,,,
ia_bim_eighteenth-century_histoire-naturelle-eng_le-clerc-georges-louis-_1791_1,1001,0.99389,non_junk,non_divine_teleology,0.00267,0.98949,0.00784
ia_bim_eighteenth-century_histoire-naturelle-eng_le-clerc-georges-louis-_1791_1,1002,0.97997,non_junk,non_divine_teleology,0.00302,0.98528,0.01171
ia_bim_eighteenth-century_histoire-naturelle-eng_le-clerc-georges-louis-_1791_1,1003,0.99533,non_junk,non_divine_teleology,0.00254,0.9859,0.01156
ia_bim_eighteenth-century_histoire-naturelle-eng_le-clerc-georges-louis-_1791_1,1004,0.00024,junk,,,,
ia_bim_eighteenth-century_histoire-naturelle-eng_le-clerc-georges-louis-_1791_1,1005,0.9978,non_junk,non_divine_teleology,0.01166,0.76054,0.2278
ia_bim_eighteenth-century_histoire-naturelle-eng_le-clerc-georges-louis-_1791_1,1006,0.86585,non_junk,non_divine_teleology,0.00126,0.99451,0.00422
ia_bim_eighteenth-century_histoire-naturelle-eng_le-clerc-georges-louis-_1791_1,1007,0.00505,junk,,,,
ia_bim_eighteenth-century_histoire-naturelle-eng_le-clerc-georges-louis-_1791_1,1008,0.22597,junk,,,,
ia_bim_eighteenth-century_histoire-naturelle-eng_le-clerc-georges-louis-_1791_1,1009,0.00621,junk,,,,
ia_bim_eighteenth-century_histoire-naturelle-eng_le-clerc-georges-louis-_1791_1,1010,0.0004,junk,,,,
ia_bim_eighteenth-century_histoire-naturelle-eng_le-clerc-georges-louis-_1791_1,1011,0.5068,non_junk,internal_essence,0.00211,0.04828,0.94961
ia_bim_eighteenth-century_histoire-naturelle-eng_le-clerc-georges-louis-_1791_1,1012,0.0277,junk,,,,
ia_bim_eighteenth-century_histoire-naturelle-eng_le-clerc-georges-louis-_1791_1,1013,0.21165,junk,,,,
ia_bim_eighteenth-century_histoire-naturelle-eng_le-clerc-georges-louis-_1791_1,1014,0.53944,non_junk,non_divine_teleology,0.01073,0.84243,0.14684
ia_bim_eighteenth-century_histoire-naturelle-eng_le-clerc-georges-louis-_1791_1,1015,0.0199,junk,,,,
ia_bim_eighteenth-century_histoire-naturelle-eng_le-clerc-georges-louis-_1791_1,1016,0.0008,junk,,,,
ia_bim_eighteenth-century_histoire-naturelle-eng_le-clerc-georges-louis-_1791_1,1017,0.99535,non_junk,non_divine_teleology,0.02362,0.95738,0.019
ia_bim_eighteenth-century_histoire-naturelle-eng_le-clerc-georges-louis-_1791_1,1018,0.28344,junk,,,,
ia_bim_eighteenth-century_histoire-naturelle-eng_le-clerc-georges-louis-_1791_1,1019,0.03259,junk,,,,
ia_bim_eighteenth-century_histoire-naturelle-eng_le-clerc-georges-louis-_1791_1,1020,0.00982,junk,,,,
ia_bim_eighteenth-century_histoire-naturelle-eng_le-clerc-georges-louis-_1791_1,1021,0.00154,junk,,,,
ia_bim_eighteenth-century_histoire-naturelle-eng_le-clerc-georges-louis-_1791_1,1022,0.03259,junk,,,,
ia_bim_eighteenth-century_histoire-naturelle-eng_le-clerc-georges-louis-_1791_1,1023,0.00982,junk,,,,
ia_bim_eighteenth-century_histoire-naturelle-eng_le-clerc-georges-louis-_1791_1,1024,0.8625,non_junk,non_divine_teleology,0.01208,0.76121,0.2267
ia_bim_eighteenth-century_histoire-naturelle-eng_le-clerc-georges-louis-_1791_1,1025,0.00881,junk,,,,
ia_bim_eighteenth-century_histoire-naturelle-eng_le-clerc-georges-louis-_1791_1,1026,0.93891,non_junk,internal_essence,0.00173,0.07438,0.92389
ia_bim_eighteenth-century_histoire-naturelle-eng_le-clerc-georges-louis-_1791_1,1027,0.86878,non_junk,internal_essence,0.00201,0.07171,0.92628
ia_bim_eighteenth-century_histoire-naturelle-eng_le-clerc-georges-louis-_1791_1,1028,0.29049,junk,,,,
ia_bim_eighteenth-century_histoire-naturelle-eng_le-clerc-georges-louis-_1791_1,1029,0.78506,non_junk,non_divine_teleology,0.0211,0.93468,0.04422
ia_bim_eighteenth-century_histoire-naturelle-eng_le-clerc-georges-louis-_1791_1,1030,0.05296,junk,,,,
ia_bim_eighteenth-century_histoire-naturelle-eng_le-clerc-georges-louis-_1791_1,1031,0.00136,junk,,,,
ia_bim_eighteenth-century_histoire-naturelle-eng_le-clerc-georges-louis-_1791_1,1032,0.70163,non_junk,non_divine_teleology,0.01143,0.68096,0.30761
ia_bim_eighteenth-century_histoire-naturelle-eng_le-clerc-georges-louis-_1791_1,1033,0.00281,junk,,,,
ia_bim_eighteenth-century_histoire-naturelle-eng_le-clerc-georges-louis-_1791_1,1034,0.78617,non_junk,non_divine_teleology,0.01133,0.60429,0.38438
ia_bim_eighteenth-century_histoire-naturelle-eng_le-clerc-georges-louis-_1791_1,1035,0.44891,junk,,,,
ia_bim_eighteenth-century_histoire-naturelle-eng_le-clerc-georges-louis-_1791_1,1036,0.01876,junk,,,,
ia_bim_eighteenth-century_histoire-naturelle-eng_le-clerc-georges-louis-_1791_1,1037,0.47363,junk,,,,
ia_bim_eighteenth-century_histoire-naturelle-eng_le-clerc-georges-louis-_1791_1,1038,0.01876,junk,,,,
ia_bim_eighteenth-century_histoire-naturelle-eng_le-clerc-georges-louis-_1791_1,1039,0.44806,junk,,,,
ia_bim_eighteenth-century_histoire-naturelle-eng_le-clerc-georges-louis-_1791_1,1040,0.00069,junk,,,,
ia_bim_eighteenth-century_histoire-naturelle-eng_le-clerc-georges-louis-_1791_1,1041,0.30039,junk,,,,
ia_bim_eighteenth-century_histoire-naturelle-eng_le-clerc-georges-louis-_1791_1,1042,0.00128,junk,,,,
ia_bim_eighteenth-century_histoire-naturelle-eng_le-clerc-georges-louis-_1791_1,1043,0.00069,junk,,,,
ia_bim_eighteenth-century_histoire-naturelle-eng_le-clerc-georges-louis-_1791_1,1044,0.00069,junk,,,,
ia_bim_eighteenth-century_histoire-naturelle-eng_le-clerc-georges-louis-_1791_1,1045,0.00179,junk,,,,
ia_bim_eighteenth-century_histoire-naturelle-eng_le-clerc-georges-louis-_1791_1,1046,0.00982,junk,,,,
ia_bim_eighteenth-century_histoire-naturelle-eng_le-clerc-georges-louis-_1791_1,1047,0.99906,non_junk,non_divine_teleology,0.01343,0.98086,0.00571
ia_bim_eighteenth-century_histoire-naturelle-eng_le-clerc-georges-louis-_1791_1,1048,0.34787,junk,,,,
ia_bim_eighteenth-century_histoire-naturelle-eng_le-clerc-georges-louis-_1791_1,1049,0.72805,non_junk,non_divine_teleology,0.00816,0.88711,0.10474
ia_bim_eighteenth-century_histoire-naturelle-eng_le-clerc-georges-louis-_1791_1,1050,0.01997,junk,,,,
ia_bim_eighteenth-century_histoire-naturelle-eng_le-clerc-georges-louis-_1791_1,1051,0.02603,junk,,,,
ia_bim_eighteenth-century_histoire-naturelle-eng_le-clerc-georges-louis-_1791_1,1052,0.00167,junk,,,,
ia_bim_eighteenth-century_histoire-naturelle-eng_le-clerc-georges-louis-_1791_1,1053,0.17339,junk,,,,
ia_bim_eighteenth-century_histoire-naturelle-eng_le-clerc-georges-louis-_1791_1,1054,0.0644,junk,,,,
ia_bim_eighteenth-century_histoire-naturelle-eng_le-clerc-georges-louis-_1791_1,1055,0.5723,non_junk,internal_essence,0.03379,0.20194,0.76427
ia_bim_eighteenth-century_histoire-naturelle-eng_le-clerc-georges-louis-_1791_1,1056,0.99072,non_junk,non_divine_teleology,0.0093,0.84091,0.14979
ia_bim_eighteenth-century_histoire-naturelle-eng_le-clerc-georges-louis-_1791_1,1057,0.17784,junk,,,,
ia_bim_eighteenth-century_histoire-naturelle-eng_le-clerc-georges-louis-_1791_1,1058,0.00104,junk,,,,
ia_bim_eighteenth-century_histoire-naturelle-eng_le-clerc-georges-louis-_1791_1,1059,0.97095,non_junk,non_divine_teleology,0.0125,0.83788,0.14963
ia_bim_eighteenth-century_histoire-naturelle-eng_le-clerc-georges-louis-_1791_1,1060,0.00168,junk,,,,
ia_bim_eighteenth-century_histoire-naturelle-eng_le-clerc-georges-louis-_1791_1,1061,0.0144,junk,,,,
ia_bim_eighteenth-century_histoire-naturelle-eng_le-clerc-georges-louis-_1791_1,1062,0.00145,junk,,,,
ia_bim_eighteenth-century_histoire-naturelle-eng_le-clerc-georges-louis-_1791_1,1063,0.10182,junk,,,,
ia_bim_eighteenth-century_histoire-naturelle-eng_le-clerc-georges-louis-_1791_1,1064,0.99855,non_junk,non_divine_teleology,0.00168,0.9931,0.00523
ia_bim_eighteenth-century_histoire-naturelle-eng_le-clerc-georges-louis-_1791_1,1065,0.01779,junk,,,,
ia_bim_eighteenth-century_histoire-naturelle-eng_le-clerc-georges-louis-_1791_1,1066,0.00403,junk,,,,
ia_bim_eighteenth-century_histoire-naturelle-eng_le-clerc-georges-louis-_1791_1,1067,0.76596,non_junk,non_divine_teleology,0.00958,0.65801,0.33241
ia_bim_eighteenth-century_histoire-naturelle-eng_le-clerc-georges-louis-_1791_1,1068,0.94659,non_junk,non_divine_teleology,0.02701,0.88361,0.08937
ia_bim_eighteenth-century_histoire-naturelle-eng_le-clerc-georges-louis-_1791_1,1069,0.13791,junk,,,,
ia_bim_eighteenth-century_histoire-naturelle-eng_le-clerc-georges-louis-_1791_1,1070,0.53517,non_junk,non_divine_teleology,0.01927,0.64727,0.33347
ia_bim_eighteenth-century_histoire-naturelle-eng_le-clerc-georges-louis-_1791_1,1071,0.98747,non_junk,non_divine_teleology,0.0032,0.98613,0.01067
ia_bim_eighteenth-century_histoire-naturelle-eng_le-clerc-georges-louis-_1791_1,1072,0.04238,junk,,,,
ia_bim_eighteenth-century_histoire-naturelle-eng_le-clerc-georges-louis-_1791_1,1073,0.05232,junk,,,,
ia_bim_eighteenth-century_histoire-naturelle-eng_le-clerc-georges-louis-_1791_1,1074,0.00051,junk,,,,
ia_bim_eighteenth-century_histoire-naturelle-eng_le-clerc-georges-louis-_1791_1,1075,0.00068,junk,,,,
ia_bim_eighteenth-century_histoire-naturelle-eng_le-clerc-georges-louis-_1791_1,1076,0.00117,junk,,,,
ia_bim_eighteenth-century_histoire-naturelle-eng_le-clerc-georges-louis-_1791_1,1077,0.00483,junk,,,,
ia_bim_eighteenth-century_histoire-naturelle-eng_le-clerc-georges-louis-_1791_1,1078,0.00873,junk,,,,
ia_bim_eighteenth-century_histoire-naturelle-eng_le-clerc-georges-louis-_1791_1,1079,0.00314,junk,,,,
ia_bim_eighteenth-century_histoire-naturelle-eng_le-clerc-georges-louis-_1791_1,1080,0.24265,junk,,,,
ia_bim_eighteenth-century_histoire-naturelle-eng_le-clerc-georges-louis-_1791_1,1081,0.76078,non_junk,internal_essence,0.00271,0.10168,0.89561
ia_bim_eighteenth-century_histoire-naturelle-eng_le-clerc-georges-louis-_1791_1,1082,0.07108,junk,,,,
ia_bim_eighteenth-century_histoire-naturelle-eng_le-clerc-georges-louis-_1791_1,1083,0.9994,non_junk,non_divine_teleology,0.00186,0.97598,0.02217
ia_bim_eighteenth-century_histoire-naturelle-eng_le-clerc-georges-louis-_1791_1,1084,4e-05,junk,,,,
ia_bim_eighteenth-century_histoire-naturelle-eng_le-clerc-georges-louis-_1791_1,1085,0.00156,junk,,,,
ia_bim_eighteenth-century_histoire-naturelle-eng_le-clerc-georges-louis-_1791_1,1086,0.9994,non_junk,non_divine_teleology,0.00186,0.97598,0.02217
ia_bim_eighteenth-century_histoire-naturelle-eng_le-clerc-georges-louis-_1791_1,1087,0.1319,junk,,,,
ia_bim_eighteenth-century_histoire-naturelle-eng_le-clerc-georges-louis-_1791_1,1088,0.01631,junk,,,,
ia_bim_eighteenth-century_histoire-naturelle-eng_le-clerc-georges-louis-_1791_1,1089,0.9707,non_junk,non_divine_teleology,0.00568,0.98534,0.00898
ia_bim_eighteenth-century_histoire-naturelle-eng_le-clerc-georges-louis-_1791_1,1090,0.0221,junk,,,,
ia_bim_eighteenth-century_histoire-naturelle-eng_le-clerc-georges-louis-_1791_1,1091,0.01631,junk,,,,
ia_bim_eighteenth-century_histoire-naturelle-eng_le-clerc-georges-louis-_1791_1,1092,0.9707,non_junk,non_divine_teleology,0.00568,0.98534,0.00898
ia_bim_eighteenth-century_histoire-naturelle-eng_le-clerc-georges-louis-_1791_1,1093,0.10206,junk,,,,
ia_bim_eighteenth-century_histoire-naturelle-eng_le-clerc-georges-louis-_1791_1,1094,0.02958,junk,,,,
ia_bim_eighteenth-century_histoire-naturelle-eng_le-clerc-georges-louis-_1791_1,1095,0.72769,non_junk,internal_essence,0.00791,0.40999,0.5821
ia_bim_eighteenth-century_histoire-naturelle-eng_le-clerc-georges-louis-_1791_1,1096,0.35044,junk,,,,
ia_bim_eighteenth-century_histoire-naturelle-eng_le-clerc-georges-louis-_1791_1,1097,0.00632,junk,,,,
ia_bim_eighteenth-century_histoire-naturelle-eng_le-clerc-georges-louis-_1791_1,1098,0.01141,junk,,,,
ia_bim_eighteenth-century_histoire-naturelle-eng_le-clerc-georges-louis-_1791_1,1099,0.00093,junk,,,,
ia_bim_eighteenth-century_histoire-naturelle-eng_le-clerc-georges-louis-_1791_1,1100,0.22735,junk,,,,
ia_bim_eighteenth-century_histoire-naturelle-eng_le-clerc-georges-louis-_1791_1,1101,0.07072,junk,,,,
ia_bim_eighteenth-century_histoire-naturelle-eng_le-clerc-georges-louis-_1791_1,1102,0.10197,junk,,,,
ia_bim_eighteenth-century_histoire-naturelle-eng_le-clerc-georges-louis-_1791_1,1103,0.49977,junk,,,,
ia_bim_eighteenth-century_histoire-naturelle-eng_le-clerc-georges-louis-_1791_1,1104,0.00143,junk,,,,
ia_bim_eighteenth-century_histoire-naturelle-eng_le-clerc-georges-louis-_1791_1,1105,0.00143,junk,,,,
ia_bim_eighteenth-century_histoire-naturelle-eng_le-clerc-georges-louis-_1791_1,1106,0.18566,junk,,,,
ia_bim_eighteenth-century_histoire-naturelle-eng_le-clerc-georges-louis-_1791_1,1107,0.00284,junk,,,,
ia_bim_eighteenth-century_histoire-naturelle-eng_le-clerc-georges-louis-_1791_1,1108,0.06215,junk,,,,
ia_bim_eighteenth-century_histoire-naturelle-eng_le-clerc-georges-louis-_1791_1,1109,0.06215,junk,,,,
ia_bim_eighteenth-century_histoire-naturelle-eng_le-clerc-georges-louis-_1791_1,1110,0.00154,junk,,,,
ia_bim_eighteenth-century_histoire-naturelle-eng_le-clerc-georges-louis-_1791_1,1111,0.15028,junk,,,,
ia_bim_eighteenth-century_histoire-naturelle-eng_le-clerc-georges-louis-_1791_1,1112,0.0006,junk,,,,
ia_bim_eighteenth-century_histoire-naturelle-eng_le-clerc-georges-louis-_1791_1,1113,0.58127,non_junk,internal_essence,0.01084,0.21063,0.77853
