uid,sent_id,gate_prob_nonjunk,gate_pred,s2_pred,s2_p_divine_teleology,s2_p_non_divine_teleology,s2_p_internal_essence
ia_bim_eighteenth-century_a-new-and-accurate-syste_brookes-richard-md_1763_2,1,0.0008,junk,,,,
ia_bim_eighteenth-century_a-new-and-accurate-syste_brookes-richard-md_1763_2,2,0.0006,junk,,,,
ia_bim_eighteenth-century_a-new-and-accurate-syste_brookes-richard-md_1763_2,3,7e-05,junk,,,,
ia_bim_eighteenth-century_a-new-and-accurate-syste_brookes-richard-md_1763_2,4,0.00293,junk,,,,
ia_bim_eighteenth-century_a-new-and-accurate-syste_brookes-richard-md_1763_2,5,0.00129,junk,,,,
ia_bim_eighteenth-century_a-new-and-accurate-syste_brookes-richard-md_1763_2,6,0.00196,junk,,,,
ia_bim_eighteenth-century_a-new-and-accurate-syste_brookes-richard-md_1763_2,7,0.0039,junk,,,,
ia_bim_eighteenth-century_a-new-and-accurate-syste_brookes-richard-md_1763_2,8,0.17788,junk,,,,
ia_bim_eighteenth-century_a-new-and-accurate-syste_brookes-richard-md_1763_2,9,0.98065,non_junk,non_divine_teleology,0.01756,0.96586,0.01659
ia_bim_eighteenth-century_a-new-and-accurate-syste_brookes-richard-md_1763_2,10,0.99283,non_junk,non_divine_teleology,0.03434,0.94529,0.02037
ia_bim_eighteenth-century_a-new-and-accurate-syste_brookes-richard-md_1763_2,11,0.95495,non_junk,non_divine_teleology,0.02131,0.95415,0.02454
ia_bim_eighteenth-century_a-new-and-accurate-syste_brookes-richard-md_1763_2,12,0.63802,non_junk,non_divine_teleology,0.05824,0.8941,0.04766
ia_bim_eighteenth-century_a-new-and-accurate-syste_brookes-richard-md_1763_2,13,0.7877,non_junk,non_divine_teleology,0.03266,0.95249,0.01486
ia_bim_eighteenth-century_a-new-and-accurate-syste_brookes-richard-md_1763_2,14,0.9974,non_junk,non_divine_teleology,0.01428,0.97597,0.00975
ia_bim_eighteenth-century_a-new-and-accurate-syste_brookes-richard-md_1763_2,15,0.99937,non_junk,non_divine_teleology,0.05099,0.92378,0.02523
ia_bim_eighteenth-century_a-new-and-accurate-syste_brookes-richard-md_1763_2,16,0.24314,junk,,,,
ia_bim_eighteenth-century_a-new-and-accurate-syste_brookes-richard-md_1763_2,17,0.00434,junk,,,,
ia_bim_eighteenth-century_a-new-and-accurate-syste_brookes-richard-md_1763_2,18,0.69956,non_junk,non_divine_teleology,0.02732,0.94854,0.02414
ia_bim_eighteenth-century_a-new-and-accurate-syste_brookes-richard-md_1763_2,19,0.80697,non_junk,non_divine_teleology,0.00653,0.9771,0.01637
ia_bim_eighteenth-century_a-new-and-accurate-syste_brookes-richard-md_1763_2,20,0.94907,non_junk,non_divine_teleology,0.00424,0.97946,0.0163
ia_bim_eighteenth-century_a-new-and-accurate-syste_brookes-richard-md_1763_2,21,0.31373,junk,,,,
ia_bim_eighteenth-century_a-new-and-accurate-syste_brookes-richard-md_1763_2,22,0.51781,non_junk,non_divine_teleology,0.0127,0.95342,0.03388
ia_bim_eighteenth-century_a-new-and-accurate-syste_brookes-richard-md_1763_2,23,0.00956,junk,,,,
ia_bim_eighteenth-century_a-new-and-accurate-syste_brookes-richard-md_1763_2,24,0.96156,non_junk,non_divine_teleology,0.02454,0.94095,0.0345
ia_bim_eighteenth-century_a-new-and-accurate-syste_brookes-richard-md_1763_2,25,0.15158,junk,,,,
ia_bim_eighteenth-century_a-new-and-accurate-syste_brookes-richard-md_1763_2,26,0.57292,non_junk,non_divine_teleology,0.06785,0.91147,0.02068
ia_bim_eighteenth-century_a-new-and-accurate-syste_brookes-richard-md_1763_2,27,0.01685,junk,,,,
ia_bim_eighteenth-century_a-new-and-accurate-syste_brookes-richard-md_1763_2,28,0.00367,junk,,,,
ia_bim_eighteenth-century_a-new-and-accurate-syste_brookes-richard-md_1763_2,29,0.02088,junk,,,,
ia_bim_eighteenth-century_a-new-and-accurate-syste_brookes-richard-md_1763_2,30,0.02253,junk,,,,
ia_bim_eighteenth-century_a-new-and-accurate-syste_brookes-richard-md_1763_2,31,0.00498,junk,,,,
ia_bim_eighteenth-century_a-new-and-accurate-syste_brookes-richard-md_1763_2,32,0.01784,junk,,,,
ia_bim_eighteenth-century_a-new-and-accurate-syste_brookes-richard-md_1763_2,33,0.0752,junk,,,,
ia_bim_eighteenth-century_a-new-and-accurate-syste_brookes-richard-md_1763_2,34,0.12342,junk,,,,
ia_bim_eighteenth-century_a-new-and-accurate-syste_brookes-richard-md_1763_2,35,0.13739,junk,,,,
ia_bim_eighteenth-century_a-new-and-accurate-syste_brookes-richard-md_1763_2,36,0.01961,junk,,,,
ia_bim_eighteenth-century_a-new-and-accurate-syste_brookes-richard-md_1763_2,37,0.54336,non_junk,non_divine_teleology,0.01297,0.9269,0.06013
ia_bim_eighteenth-century_a-new-and-accurate-syste_brookes-richard-md_1763_2,38,0.10786,junk,,,,
ia_bim_eighteenth-century_a-new-and-accurate-syste_brookes-richard-md_1763_2,39,0.01475,junk,,,,
ia_bim_eighteenth-century_a-new-and-accurate-syste_brookes-richard-md_1763_2,40,0.85391,non_junk,non_divine_teleology,0.06616,0.77585,0.15799
ia_bim_eighteenth-century_a-new-and-accurate-syste_brookes-richard-md_1763_2,41,0.00025,junk,,,,
ia_bim_eighteenth-century_a-new-and-accurate-syste_brookes-richard-md_1763_2,42,0.00162,junk,,,,
ia_bim_eighteenth-century_a-new-and-accurate-syste_brookes-richard-md_1763_2,43,0.01131,junk,,,,
ia_bim_eighteenth-century_a-new-and-accurate-syste_brookes-richard-md_1763_2,44,0.01035,junk,,,,
ia_bim_eighteenth-century_a-new-and-accurate-syste_brookes-richard-md_1763_2,45,0.00749,junk,,,,
ia_bim_eighteenth-century_a-new-and-accurate-syste_brookes-richard-md_1763_2,46,0.00028,junk,,,,
ia_bim_eighteenth-century_a-new-and-accurate-syste_brookes-richard-md_1763_2,47,0.00496,junk,,,,
ia_bim_eighteenth-century_a-new-and-accurate-syste_brookes-richard-md_1763_2,48,0.02001,junk,,,,
ia_bim_eighteenth-century_a-new-and-accurate-syste_brookes-richard-md_1763_2,49,0.08351,junk,,,,
ia_bim_eighteenth-century_a-new-and-accurate-syste_brookes-richard-md_1763_2,50,0.01433,junk,,,,
ia_bim_eighteenth-century_a-new-and-accurate-syste_brookes-richard-md_1763_2,51,0.00165,junk,,,,
ia_bim_eighteenth-century_a-new-and-accurate-syste_brookes-richard-md_1763_2,52,0.00902,junk,,,,
ia_bim_eighteenth-century_a-new-and-accurate-syste_brookes-richard-md_1763_2,53,0.22398,junk,,,,
ia_bim_eighteenth-century_a-new-and-accurate-syste_brookes-richard-md_1763_2,54,0.2096,junk,,,,
ia_bim_eighteenth-century_a-new-and-accurate-syste_brookes-richard-md_1763_2,55,0.16555,junk,,,,
ia_bim_eighteenth-century_a-new-and-accurate-syste_brookes-richard-md_1763_2,56,0.00242,junk,,,,
ia_bim_eighteenth-century_a-new-and-accurate-syste_brookes-richard-md_1763_2,57,0.0059,junk,,,,
ia_bim_eighteenth-century_a-new-and-accurate-syste_brookes-richard-md_1763_2,58,0.55503,non_junk,non_divine_teleology,0.01653,0.91351,0.06996
ia_bim_eighteenth-century_a-new-and-accurate-syste_brookes-richard-md_1763_2,59,0.00114,junk,,,,
ia_bim_eighteenth-century_a-new-and-accurate-syste_brookes-richard-md_1763_2,60,0.07431,junk,,,,
ia_bim_eighteenth-century_a-new-and-accurate-syste_brookes-richard-md_1763_2,61,0.42131,junk,,,,
ia_bim_eighteenth-century_a-new-and-accurate-syste_brookes-richard-md_1763_2,62,0.05586,junk,,,,
ia_bim_eighteenth-century_a-new-and-accurate-syste_brookes-richard-md_1763_2,63,0.02935,junk,,,,
ia_bim_eighteenth-century_a-new-and-accurate-syste_brookes-richard-md_1763_2,64,0.01673,junk,,,,
ia_bim_eighteenth-century_a-new-and-accurate-syste_brookes-richard-md_1763_2,65,0.136,junk,,,,
ia_bim_eighteenth-century_a-new-and-accurate-syste_brookes-richard-md_1763_2,66,0.54596,non_junk,non_divine_teleology,0.01796,0.91587,0.06617
ia_bim_eighteenth-century_a-new-and-accurate-syste_brookes-richard-md_1763_2,67,0.00587,junk,,,,
ia_bim_eighteenth-century_a-new-and-accurate-syste_brookes-richard-md_1763_2,68,0.05409,junk,,,,
ia_bim_eighteenth-century_a-new-and-accurate-syste_brookes-richard-md_1763_2,69,0.36061,junk,,,,
ia_bim_eighteenth-century_a-new-and-accurate-syste_brookes-richard-md_1763_2,70,0.95919,non_junk,non_divine_teleology,0.02757,0.95495,0.01748
ia_bim_eighteenth-century_a-new-and-accurate-syste_brookes-richard-md_1763_2,71,0.02982,junk,,,,
ia_bim_eighteenth-century_a-new-and-accurate-syste_brookes-richard-md_1763_2,72,0.14028,junk,,,,
ia_bim_eighteenth-century_a-new-and-accurate-syste_brookes-richard-md_1763_2,73,0.00193,junk,,,,
ia_bim_eighteenth-century_a-new-and-accurate-syste_brookes-richard-md_1763_2,74,0.00592,junk,,,,
ia_bim_eighteenth-century_a-new-and-accurate-syste_brookes-richard-md_1763_2,75,0.0994,junk,,,,
ia_bim_eighteenth-century_a-new-and-accurate-syste_brookes-richard-md_1763_2,76,0.01159,junk,,,,
ia_bim_eighteenth-century_a-new-and-accurate-syste_brookes-richard-md_1763_2,77,0.01433,junk,,,,
ia_bim_eighteenth-century_a-new-and-accurate-syste_brookes-richard-md_1763_2,78,0.23305,junk,,,,
ia_bim_eighteenth-century_a-new-and-accurate-syste_brookes-richard-md_1763_2,79,0.03985,junk,,,,
ia_bim_eighteenth-century_a-new-and-accurate-syste_brookes-richard-md_1763_2,80,0.00819,junk,,,,
ia_bim_eighteenth-century_a-new-and-accurate-syste_brookes-richard-md_1763_2,81,0.03084,junk,,,,
ia_bim_eighteenth-century_a-new-and-accurate-syste_brookes-richard-md_1763_2,82,0.06688,junk,,,,
ia_bim_eighteenth-century_a-new-and-accurate-syste_brookes-richard-md_1763_2,83,0.10299,junk,,,,
ia_bim_eighteenth-century_a-new-and-accurate-syste_brookes-richard-md_1763_2,84,0.37519,junk,,,,
ia_bim_eighteenth-century_a-new-and-accurate-syste_brookes-richard-md_1763_2,85,0.03826,junk,,,,
ia_bim_eighteenth-century_a-new-and-accurate-syste_brookes-richard-md_1763_2,86,0.4653,junk,,,,
ia_bim_eighteenth-century_a-new-and-accurate-syste_brookes-richard-md_1763_2,87,0.05836,junk,,,,
ia_bim_eighteenth-century_a-new-and-accurate-syste_brookes-richard-md_1763_2,88,0.00099,junk,,,,
ia_bim_eighteenth-century_a-new-and-accurate-syste_brookes-richard-md_1763_2,89,0.42842,junk,,,,
ia_bim_eighteenth-century_a-new-and-accurate-syste_brookes-richard-md_1763_2,90,0.01665,junk,,,,
ia_bim_eighteenth-century_a-new-and-accurate-syste_brookes-richard-md_1763_2,91,0.00034,junk,,,,
ia_bim_eighteenth-century_a-new-and-accurate-syste_brookes-richard-md_1763_2,92,0.08779,junk,,,,
ia_bim_eighteenth-century_a-new-and-accurate-syste_brookes-richard-md_1763_2,93,0.08605,junk,,,,
ia_bim_eighteenth-century_a-new-and-accurate-syste_brookes-richard-md_1763_2,94,0.00317,junk,,,,
ia_bim_eighteenth-century_a-new-and-accurate-syste_brookes-richard-md_1763_2,95,0.0491,junk,,,,
ia_bim_eighteenth-century_a-new-and-accurate-syste_brookes-richard-md_1763_2,96,0.07179,junk,,,,
ia_bim_eighteenth-century_a-new-and-accurate-syste_brookes-richard-md_1763_2,97,0.60603,non_junk,non_divine_teleology,0.02743,0.94306,0.02952
ia_bim_eighteenth-century_a-new-and-accurate-syste_brookes-richard-md_1763_2,98,0.02628,junk,,,,
ia_bim_eighteenth-century_a-new-and-accurate-syste_brookes-richard-md_1763_2,99,0.09445,junk,,,,
ia_bim_eighteenth-century_a-new-and-accurate-syste_brookes-richard-md_1763_2,100,0.07289,junk,,,,
ia_bim_eighteenth-century_a-new-and-accurate-syste_brookes-richard-md_1763_2,101,0.07968,junk,,,,
ia_bim_eighteenth-century_a-new-and-accurate-syste_brookes-richard-md_1763_2,102,0.12555,junk,,,,
ia_bim_eighteenth-century_a-new-and-accurate-syste_brookes-richard-md_1763_2,103,0.38192,junk,,,,
ia_bim_eighteenth-century_a-new-and-accurate-syste_brookes-richard-md_1763_2,104,0.01775,junk,,,,
ia_bim_eighteenth-century_a-new-and-accurate-syste_brookes-richard-md_1763_2,105,0.00933,junk,,,,
ia_bim_eighteenth-century_a-new-and-accurate-syste_brookes-richard-md_1763_2,106,0.00919,junk,,,,
ia_bim_eighteenth-century_a-new-and-accurate-syste_brookes-richard-md_1763_2,107,0.00283,junk,,,,
ia_bim_eighteenth-century_a-new-and-accurate-syste_brookes-richard-md_1763_2,108,0.07993,junk,,,,
ia_bim_eighteenth-century_a-new-and-accurate-syste_brookes-richard-md_1763_2,109,0.02523,junk,,,,
ia_bim_eighteenth-century_a-new-and-accurate-syste_brookes-richard-md_1763_2,110,0.00279,junk,,,,
ia_bim_eighteenth-century_a-new-and-accurate-syste_brookes-richard-md_1763_2,111,0.00704,junk,,,,
ia_bim_eighteenth-century_a-new-and-accurate-syste_brookes-richard-md_1763_2,112,0.00621,junk,,,,
ia_bim_eighteenth-century_a-new-and-accurate-syste_brookes-richard-md_1763_2,113,0.0111,junk,,,,
ia_bim_eighteenth-century_a-new-and-accurate-syste_brookes-richard-md_1763_2,114,0.01037,junk,,,,
ia_bim_eighteenth-century_a-new-and-accurate-syste_brookes-richard-md_1763_2,115,0.03478,junk,,,,
ia_bim_eighteenth-century_a-new-and-accurate-syste_brookes-richard-md_1763_2,116,0.3514,junk,,,,
ia_bim_eighteenth-century_a-new-and-accurate-syste_brookes-richard-md_1763_2,117,0.0041,junk,,,,
ia_bim_eighteenth-century_a-new-and-accurate-syste_brookes-richard-md_1763_2,118,0.02882,junk,,,,
ia_bim_eighteenth-century_a-new-and-accurate-syste_brookes-richard-md_1763_2,119,0.01315,junk,,,,
ia_bim_eighteenth-century_a-new-and-accurate-syste_brookes-richard-md_1763_2,120,0.00765,junk,,,,
ia_bim_eighteenth-century_a-new-and-accurate-syste_brookes-richard-md_1763_2,121,0.00712,junk,,,,
ia_bim_eighteenth-century_a-new-and-accurate-syste_brookes-richard-md_1763_2,122,0.01053,junk,,,,
ia_bim_eighteenth-century_a-new-and-accurate-syste_brookes-richard-md_1763_2,123,0.01369,junk,,,,
ia_bim_eighteenth-century_a-new-and-accurate-syste_brookes-richard-md_1763_2,124,0.00057,junk,,,,
ia_bim_eighteenth-century_a-new-and-accurate-syste_brookes-richard-md_1763_2,125,6e-05,junk,,,,
ia_bim_eighteenth-century_a-new-and-accurate-syste_brookes-richard-md_1763_2,126,0.00537,junk,,,,
ia_bim_eighteenth-century_a-new-and-accurate-syste_brookes-richard-md_1763_2,127,0.02045,junk,,,,
ia_bim_eighteenth-century_a-new-and-accurate-syste_brookes-richard-md_1763_2,128,0.00825,junk,,,,
ia_bim_eighteenth-century_a-new-and-accurate-syste_brookes-richard-md_1763_2,129,0.00294,junk,,,,
ia_bim_eighteenth-century_a-new-and-accurate-syste_brookes-richard-md_1763_2,130,0.00071,junk,,,,
ia_bim_eighteenth-century_a-new-and-accurate-syste_brookes-richard-md_1763_2,131,0.01214,junk,,,,
ia_bim_eighteenth-century_a-new-and-accurate-syste_brookes-richard-md_1763_2,132,0.35274,junk,,,,
ia_bim_eighteenth-century_a-new-and-accurate-syste_brookes-richard-md_1763_2,133,0.00325,junk,,,,
ia_bim_eighteenth-century_a-new-and-accurate-syste_brookes-richard-md_1763_2,134,3e-05,junk,,,,
ia_bim_eighteenth-century_a-new-and-accurate-syste_brookes-richard-md_1763_2,135,0.00922,junk,,,,
ia_bim_eighteenth-century_a-new-and-accurate-syste_brookes-richard-md_1763_2,136,0.00325,junk,,,,
ia_bim_eighteenth-century_a-new-and-accurate-syste_brookes-richard-md_1763_2,137,0.00529,junk,,,,
ia_bim_eighteenth-century_a-new-and-accurate-syste_brookes-richard-md_1763_2,138,0.00108,junk,,,,
ia_bim_eighteenth-century_a-new-and-accurate-syste_brookes-richard-md_1763_2,139,0.03351,junk,,,,
ia_bim_eighteenth-century_a-new-and-accurate-syste_brookes-richard-md_1763_2,140,0.00183,junk,,,,
ia_bim_eighteenth-century_a-new-and-accurate-syste_brookes-richard-md_1763_2,141,0.00183,junk,,,,
ia_bim_eighteenth-century_a-new-and-accurate-syste_brookes-richard-md_1763_2,142,0.01141,junk,,,,
ia_bim_eighteenth-century_a-new-and-accurate-syste_brookes-richard-md_1763_2,143,0.19789,junk,,,,
ia_bim_eighteenth-century_a-new-and-accurate-syste_brookes-richard-md_1763_2,144,0.00894,junk,,,,
ia_bim_eighteenth-century_a-new-and-accurate-syste_brookes-richard-md_1763_2,145,0.0078,junk,,,,
ia_bim_eighteenth-century_a-new-and-accurate-syste_brookes-richard-md_1763_2,146,0.0013,junk,,,,
ia_bim_eighteenth-century_a-new-and-accurate-syste_brookes-richard-md_1763_2,147,0.00338,junk,,,,
ia_bim_eighteenth-century_a-new-and-accurate-syste_brookes-richard-md_1763_2,148,0.3448,junk,,,,
ia_bim_eighteenth-century_a-new-and-accurate-syste_brookes-richard-md_1763_2,149,0.01595,junk,,,,
ia_bim_eighteenth-century_a-new-and-accurate-syste_brookes-richard-md_1763_2,150,0.46005,junk,,,,
ia_bim_eighteenth-century_a-new-and-accurate-syste_brookes-richard-md_1763_2,151,0.09298,junk,,,,
ia_bim_eighteenth-century_a-new-and-accurate-syste_brookes-richard-md_1763_2,152,0.21319,junk,,,,
ia_bim_eighteenth-century_a-new-and-accurate-syste_brookes-richard-md_1763_2,153,0.00199,junk,,,,
ia_bim_eighteenth-century_a-new-and-accurate-syste_brookes-richard-md_1763_2,154,0.21319,junk,,,,
ia_bim_eighteenth-century_a-new-and-accurate-syste_brookes-richard-md_1763_2,155,0.16217,junk,,,,
ia_bim_eighteenth-century_a-new-and-accurate-syste_brookes-richard-md_1763_2,156,0.02557,junk,,,,
ia_bim_eighteenth-century_a-new-and-accurate-syste_brookes-richard-md_1763_2,157,0.00449,junk,,,,
ia_bim_eighteenth-century_a-new-and-accurate-syste_brookes-richard-md_1763_2,158,0.00072,junk,,,,
ia_bim_eighteenth-century_a-new-and-accurate-syste_brookes-richard-md_1763_2,159,0.00734,junk,,,,
ia_bim_eighteenth-century_a-new-and-accurate-syste_brookes-richard-md_1763_2,160,0.10838,junk,,,,
ia_bim_eighteenth-century_a-new-and-accurate-syste_brookes-richard-md_1763_2,161,0.00927,junk,,,,
ia_bim_eighteenth-century_a-new-and-accurate-syste_brookes-richard-md_1763_2,162,0.04446,junk,,,,
ia_bim_eighteenth-century_a-new-and-accurate-syste_brookes-richard-md_1763_2,163,0.36119,junk,,,,
ia_bim_eighteenth-century_a-new-and-accurate-syste_brookes-richard-md_1763_2,164,0.0011,junk,,,,
ia_bim_eighteenth-century_a-new-and-accurate-syste_brookes-richard-md_1763_2,165,0.95834,non_junk,non_divine_teleology,0.00775,0.98697,0.00528
ia_bim_eighteenth-century_a-new-and-accurate-syste_brookes-richard-md_1763_2,166,0.16046,junk,,,,
ia_bim_eighteenth-century_a-new-and-accurate-syste_brookes-richard-md_1763_2,167,0.21536,junk,,,,
ia_bim_eighteenth-century_a-new-and-accurate-syste_brookes-richard-md_1763_2,168,0.14728,junk,,,,
ia_bim_eighteenth-century_a-new-and-accurate-syste_brookes-richard-md_1763_2,169,0.00737,junk,,,,
ia_bim_eighteenth-century_a-new-and-accurate-syste_brookes-richard-md_1763_2,170,0.00599,junk,,,,
ia_bim_eighteenth-century_a-new-and-accurate-syste_brookes-richard-md_1763_2,171,0.81436,non_junk,non_divine_teleology,0.03316,0.9126,0.05424
ia_bim_eighteenth-century_a-new-and-accurate-syste_brookes-richard-md_1763_2,172,0.00023,junk,,,,
ia_bim_eighteenth-century_a-new-and-accurate-syste_brookes-richard-md_1763_2,173,0.01055,junk,,,,
ia_bim_eighteenth-century_a-new-and-accurate-syste_brookes-richard-md_1763_2,174,0.01396,junk,,,,
ia_bim_eighteenth-century_a-new-and-accurate-syste_brookes-richard-md_1763_2,175,0.93875,non_junk,non_divine_teleology,0.01223,0.97334,0.01443
ia_bim_eighteenth-century_a-new-and-accurate-syste_brookes-richard-md_1763_2,176,0.06142,junk,,,,
ia_bim_eighteenth-century_a-new-and-accurate-syste_brookes-richard-md_1763_2,177,0.00376,junk,,,,
ia_bim_eighteenth-century_a-new-and-accurate-syste_brookes-richard-md_1763_2,178,0.14053,junk,,,,
ia_bim_eighteenth-century_a-new-and-accurate-syste_brookes-richard-md_1763_2,179,0.07129,junk,,,,
ia_bim_eighteenth-century_a-new-and-accurate-syste_brookes-richard-md_1763_2,180,0.00263,junk,,,,
ia_bim_eighteenth-century_a-new-and-accurate-syste_brookes-richard-md_1763_2,181,0.09462,junk,,,,
ia_bim_eighteenth-century_a-new-and-accurate-syste_brookes-richard-md_1763_2,182,0.00028,junk,,,,
ia_bim_eighteenth-century_a-new-and-accurate-syste_brookes-richard-md_1763_2,183,0.06568,junk,,,,
ia_bim_eighteenth-century_a-new-and-accurate-syste_brookes-richard-md_1763_2,184,0.02285,junk,,,,
ia_bim_eighteenth-century_a-new-and-accurate-syste_brookes-richard-md_1763_2,185,0.07954,junk,,,,
ia_bim_eighteenth-century_a-new-and-accurate-syste_brookes-richard-md_1763_2,186,0.06043,junk,,,,
ia_bim_eighteenth-century_a-new-and-accurate-syste_brookes-richard-md_1763_2,187,0.00111,junk,,,,
ia_bim_eighteenth-century_a-new-and-accurate-syste_brookes-richard-md_1763_2,188,0.0123,junk,,,,
ia_bim_eighteenth-century_a-new-and-accurate-syste_brookes-richard-md_1763_2,189,0.03356,junk,,,,
ia_bim_eighteenth-century_a-new-and-accurate-syste_brookes-richard-md_1763_2,190,0.00626,junk,,,,
ia_bim_eighteenth-century_a-new-and-accurate-syste_brookes-richard-md_1763_2,191,0.01472,junk,,,,
ia_bim_eighteenth-century_a-new-and-accurate-syste_brookes-richard-md_1763_2,192,0.04554,junk,,,,
ia_bim_eighteenth-century_a-new-and-accurate-syste_brookes-richard-md_1763_2,193,0.11937,junk,,,,
ia_bim_eighteenth-century_a-new-and-accurate-syste_brookes-richard-md_1763_2,194,0.00477,junk,,,,
ia_bim_eighteenth-century_a-new-and-accurate-syste_brookes-richard-md_1763_2,195,0.00031,junk,,,,
ia_bim_eighteenth-century_a-new-and-accurate-syste_brookes-richard-md_1763_2,196,0.04109,junk,,,,
ia_bim_eighteenth-century_a-new-and-accurate-syste_brookes-richard-md_1763_2,197,0.07099,junk,,,,
ia_bim_eighteenth-century_a-new-and-accurate-syste_brookes-richard-md_1763_2,198,0.00874,junk,,,,
ia_bim_eighteenth-century_a-new-and-accurate-syste_brookes-richard-md_1763_2,199,0.00254,junk,,,,
ia_bim_eighteenth-century_a-new-and-accurate-syste_brookes-richard-md_1763_2,200,0.00196,junk,,,,
ia_bim_eighteenth-century_a-new-and-accurate-syste_brookes-richard-md_1763_2,201,0.0019,junk,,,,
ia_bim_eighteenth-century_a-new-and-accurate-syste_brookes-richard-md_1763_2,202,0.00481,junk,,,,
ia_bim_eighteenth-century_a-new-and-accurate-syste_brookes-richard-md_1763_2,203,0.09292,junk,,,,
ia_bim_eighteenth-century_a-new-and-accurate-syste_brookes-richard-md_1763_2,204,0.00274,junk,,,,
ia_bim_eighteenth-century_a-new-and-accurate-syste_brookes-richard-md_1763_2,205,0.10772,junk,,,,
ia_bim_eighteenth-century_a-new-and-accurate-syste_brookes-richard-md_1763_2,206,0.02023,junk,,,,
ia_bim_eighteenth-century_a-new-and-accurate-syste_brookes-richard-md_1763_2,207,0.00879,junk,,,,
ia_bim_eighteenth-century_a-new-and-accurate-syste_brookes-richard-md_1763_2,208,0.11764,junk,,,,
ia_bim_eighteenth-century_a-new-and-accurate-syste_brookes-richard-md_1763_2,209,0.00241,junk,,,,
ia_bim_eighteenth-century_a-new-and-accurate-syste_brookes-richard-md_1763_2,210,0.01484,junk,,,,
ia_bim_eighteenth-century_a-new-and-accurate-syste_brookes-richard-md_1763_2,211,0.00605,junk,,,,
ia_bim_eighteenth-century_a-new-and-accurate-syste_brookes-richard-md_1763_2,212,0.00955,junk,,,,
ia_bim_eighteenth-century_a-new-and-accurate-syste_brookes-richard-md_1763_2,213,0.00955,junk,,,,
ia_bim_eighteenth-century_a-new-and-accurate-syste_brookes-richard-md_1763_2,214,0.57601,non_junk,non_divine_teleology,0.06248,0.68219,0.25533
ia_bim_eighteenth-century_a-new-and-accurate-syste_brookes-richard-md_1763_2,215,0.00114,junk,,,,
ia_bim_eighteenth-century_a-new-and-accurate-syste_brookes-richard-md_1763_2,216,0.03628,junk,,,,
ia_bim_eighteenth-century_a-new-and-accurate-syste_brookes-richard-md_1763_2,217,0.97032,non_junk,internal_essence,0.02683,0.34858,0.62459
ia_bim_eighteenth-century_a-new-and-accurate-syste_brookes-richard-md_1763_2,218,0.00015,junk,,,,
ia_bim_eighteenth-century_a-new-and-accurate-syste_brookes-richard-md_1763_2,219,0.00761,junk,,,,
ia_bim_eighteenth-century_a-new-and-accurate-syste_brookes-richard-md_1763_2,220,0.30356,junk,,,,
ia_bim_eighteenth-century_a-new-and-accurate-syste_brookes-richard-md_1763_2,221,0.63224,non_junk,non_divine_teleology,0.03942,0.50465,0.45594
ia_bim_eighteenth-century_a-new-and-accurate-syste_brookes-richard-md_1763_2,222,0.03912,junk,,,,
ia_bim_eighteenth-century_a-new-and-accurate-syste_brookes-richard-md_1763_2,223,0.00145,junk,,,,
ia_bim_eighteenth-century_a-new-and-accurate-syste_brookes-richard-md_1763_2,224,0.01925,junk,,,,
ia_bim_eighteenth-century_a-new-and-accurate-syste_brookes-richard-md_1763_2,225,0.0055,junk,,,,
ia_bim_eighteenth-century_a-new-and-accurate-syste_brookes-richard-md_1763_2,226,0.5505,non_junk,internal_essence,0.02244,0.34215,0.6354
ia_bim_eighteenth-century_a-new-and-accurate-syste_brookes-richard-md_1763_2,227,0.00331,junk,,,,
ia_bim_eighteenth-century_a-new-and-accurate-syste_brookes-richard-md_1763_2,228,0.06379,junk,,,,
ia_bim_eighteenth-century_a-new-and-accurate-syste_brookes-richard-md_1763_2,229,0.01201,junk,,,,
ia_bim_eighteenth-century_a-new-and-accurate-syste_brookes-richard-md_1763_2,230,0.00145,junk,,,,
ia_bim_eighteenth-century_a-new-and-accurate-syste_brookes-richard-md_1763_2,231,0.00392,junk,,,,
ia_bim_eighteenth-century_a-new-and-accurate-syste_brookes-richard-md_1763_2,232,0.02592,junk,,,,
ia_bim_eighteenth-century_a-new-and-accurate-syste_brookes-richard-md_1763_2,233,0.00875,junk,,,,
ia_bim_eighteenth-century_a-new-and-accurate-syste_brookes-richard-md_1763_2,234,0.00288,junk,,,,
ia_bim_eighteenth-century_a-new-and-accurate-syste_brookes-richard-md_1763_2,235,0.00729,junk,,,,
ia_bim_eighteenth-century_a-new-and-accurate-syste_brookes-richard-md_1763_2,236,0.8881,non_junk,non_divine_teleology,0.01039,0.94211,0.0475
ia_bim_eighteenth-century_a-new-and-accurate-syste_brookes-richard-md_1763_2,237,0.00298,junk,,,,
ia_bim_eighteenth-century_a-new-and-accurate-syste_brookes-richard-md_1763_2,238,0.00334,junk,,,,
ia_bim_eighteenth-century_a-new-and-accurate-syste_brookes-richard-md_1763_2,239,0.00682,junk,,,,
ia_bim_eighteenth-century_a-new-and-accurate-syste_brookes-richard-md_1763_2,240,0.39965,junk,,,,
ia_bim_eighteenth-century_a-new-and-accurate-syste_brookes-richard-md_1763_2,241,0.17816,junk,,,,
ia_bim_eighteenth-century_a-new-and-accurate-syste_brookes-richard-md_1763_2,242,0.00299,junk,,,,
ia_bim_eighteenth-century_a-new-and-accurate-syste_brookes-richard-md_1763_2,243,0.06214,junk,,,,
ia_bim_eighteenth-century_a-new-and-accurate-syste_brookes-richard-md_1763_2,244,0.3223,junk,,,,
ia_bim_eighteenth-century_a-new-and-accurate-syste_brookes-richard-md_1763_2,245,0.01186,junk,,,,
ia_bim_eighteenth-century_a-new-and-accurate-syste_brookes-richard-md_1763_2,246,0.08374,junk,,,,
ia_bim_eighteenth-century_a-new-and-accurate-syste_brookes-richard-md_1763_2,247,0.00148,junk,,,,
ia_bim_eighteenth-century_a-new-and-accurate-syste_brookes-richard-md_1763_2,248,0.00767,junk,,,,
ia_bim_eighteenth-century_a-new-and-accurate-syste_brookes-richard-md_1763_2,249,0.00757,junk,,,,
ia_bim_eighteenth-century_a-new-and-accurate-syste_brookes-richard-md_1763_2,250,0.00046,junk,,,,
ia_bim_eighteenth-century_a-new-and-accurate-syste_brookes-richard-md_1763_2,251,0.00353,junk,,,,
ia_bim_eighteenth-century_a-new-and-accurate-syste_brookes-richard-md_1763_2,252,0.01257,junk,,,,
ia_bim_eighteenth-century_a-new-and-accurate-syste_brookes-richard-md_1763_2,253,0.00749,junk,,,,
ia_bim_eighteenth-century_a-new-and-accurate-syste_brookes-richard-md_1763_2,254,0.0085,junk,,,,
ia_bim_eighteenth-century_a-new-and-accurate-syste_brookes-richard-md_1763_2,255,0.00151,junk,,,,
ia_bim_eighteenth-century_a-new-and-accurate-syste_brookes-richard-md_1763_2,256,0.00249,junk,,,,
ia_bim_eighteenth-century_a-new-and-accurate-syste_brookes-richard-md_1763_2,257,0.02094,junk,,,,
ia_bim_eighteenth-century_a-new-and-accurate-syste_brookes-richard-md_1763_2,258,0.0035,junk,,,,
ia_bim_eighteenth-century_a-new-and-accurate-syste_brookes-richard-md_1763_2,259,0.00326,junk,,,,
ia_bim_eighteenth-century_a-new-and-accurate-syste_brookes-richard-md_1763_2,260,0.02561,junk,,,,
ia_bim_eighteenth-century_a-new-and-accurate-syste_brookes-richard-md_1763_2,261,0.21083,junk,,,,
ia_bim_eighteenth-century_a-new-and-accurate-syste_brookes-richard-md_1763_2,262,0.00832,junk,,,,
ia_bim_eighteenth-century_a-new-and-accurate-syste_brookes-richard-md_1763_2,263,0.03895,junk,,,,
ia_bim_eighteenth-century_a-new-and-accurate-syste_brookes-richard-md_1763_2,264,0.00682,junk,,,,
ia_bim_eighteenth-century_a-new-and-accurate-syste_brookes-richard-md_1763_2,265,0.00283,junk,,,,
ia_bim_eighteenth-century_a-new-and-accurate-syste_brookes-richard-md_1763_2,266,0.0025,junk,,,,
ia_bim_eighteenth-century_a-new-and-accurate-syste_brookes-richard-md_1763_2,267,0.14463,junk,,,,
ia_bim_eighteenth-century_a-new-and-accurate-syste_brookes-richard-md_1763_2,268,0.00174,junk,,,,
ia_bim_eighteenth-century_a-new-and-accurate-syste_brookes-richard-md_1763_2,269,0.00451,junk,,,,
ia_bim_eighteenth-century_a-new-and-accurate-syste_brookes-richard-md_1763_2,270,0.00102,junk,,,,
ia_bim_eighteenth-century_a-new-and-accurate-syste_brookes-richard-md_1763_2,271,0.00161,junk,,,,
ia_bim_eighteenth-century_a-new-and-accurate-syste_brookes-richard-md_1763_2,272,0.00744,junk,,,,
ia_bim_eighteenth-century_a-new-and-accurate-syste_brookes-richard-md_1763_2,273,0.09313,junk,,,,
ia_bim_eighteenth-century_a-new-and-accurate-syste_brookes-richard-md_1763_2,274,0.0023,junk,,,,
ia_bim_eighteenth-century_a-new-and-accurate-syste_brookes-richard-md_1763_2,275,0.00309,junk,,,,
ia_bim_eighteenth-century_a-new-and-accurate-syste_brookes-richard-md_1763_2,276,0.35831,junk,,,,
ia_bim_eighteenth-century_a-new-and-accurate-syste_brookes-richard-md_1763_2,277,0.01331,junk,,,,
ia_bim_eighteenth-century_a-new-and-accurate-syste_brookes-richard-md_1763_2,278,0.01331,junk,,,,
ia_bim_eighteenth-century_a-new-and-accurate-syste_brookes-richard-md_1763_2,279,0.00281,junk,,,,
ia_bim_eighteenth-century_a-new-and-accurate-syste_brookes-richard-md_1763_2,280,0.02034,junk,,,,
ia_bim_eighteenth-century_a-new-and-accurate-syste_brookes-richard-md_1763_2,281,0.00408,junk,,,,
ia_bim_eighteenth-century_a-new-and-accurate-syste_brookes-richard-md_1763_2,282,0.17395,junk,,,,
ia_bim_eighteenth-century_a-new-and-accurate-syste_brookes-richard-md_1763_2,283,0.02919,junk,,,,
ia_bim_eighteenth-century_a-new-and-accurate-syste_brookes-richard-md_1763_2,284,0.00688,junk,,,,
ia_bim_eighteenth-century_a-new-and-accurate-syste_brookes-richard-md_1763_2,285,0.325,junk,,,,
ia_bim_eighteenth-century_a-new-and-accurate-syste_brookes-richard-md_1763_2,286,0.15711,junk,,,,
ia_bim_eighteenth-century_a-new-and-accurate-syste_brookes-richard-md_1763_2,287,0.16957,junk,,,,
ia_bim_eighteenth-century_a-new-and-accurate-syste_brookes-richard-md_1763_2,288,0.01832,junk,,,,
ia_bim_eighteenth-century_a-new-and-accurate-syste_brookes-richard-md_1763_2,289,0.089,junk,,,,
ia_bim_eighteenth-century_a-new-and-accurate-syste_brookes-richard-md_1763_2,290,0.06149,junk,,,,
ia_bim_eighteenth-century_a-new-and-accurate-syste_brookes-richard-md_1763_2,291,0.01501,junk,,,,
ia_bim_eighteenth-century_a-new-and-accurate-syste_brookes-richard-md_1763_2,292,0.02774,junk,,,,
ia_bim_eighteenth-century_a-new-and-accurate-syste_brookes-richard-md_1763_2,293,0.00191,junk,,,,
ia_bim_eighteenth-century_a-new-and-accurate-syste_brookes-richard-md_1763_2,294,0.00279,junk,,,,
ia_bim_eighteenth-century_a-new-and-accurate-syste_brookes-richard-md_1763_2,295,0.15104,junk,,,,
ia_bim_eighteenth-century_a-new-and-accurate-syste_brookes-richard-md_1763_2,296,0.08153,junk,,,,
ia_bim_eighteenth-century_a-new-and-accurate-syste_brookes-richard-md_1763_2,297,0.00582,junk,,,,
ia_bim_eighteenth-century_a-new-and-accurate-syste_brookes-richard-md_1763_2,298,0.01257,junk,,,,
ia_bim_eighteenth-century_a-new-and-accurate-syste_brookes-richard-md_1763_2,299,0.00219,junk,,,,
ia_bim_eighteenth-century_a-new-and-accurate-syste_brookes-richard-md_1763_2,300,0.00038,junk,,,,
ia_bim_eighteenth-century_a-new-and-accurate-syste_brookes-richard-md_1763_2,301,0.03186,junk,,,,
ia_bim_eighteenth-century_a-new-and-accurate-syste_brookes-richard-md_1763_2,302,0.01044,junk,,,,
ia_bim_eighteenth-century_a-new-and-accurate-syste_brookes-richard-md_1763_2,303,0.00201,junk,,,,
ia_bim_eighteenth-century_a-new-and-accurate-syste_brookes-richard-md_1763_2,304,0.00123,junk,,,,
ia_bim_eighteenth-century_a-new-and-accurate-syste_brookes-richard-md_1763_2,305,0.00663,junk,,,,
ia_bim_eighteenth-century_a-new-and-accurate-syste_brookes-richard-md_1763_2,306,0.01082,junk,,,,
ia_bim_eighteenth-century_a-new-and-accurate-syste_brookes-richard-md_1763_2,307,0.02334,junk,,,,
ia_bim_eighteenth-century_a-new-and-accurate-syste_brookes-richard-md_1763_2,308,0.01082,junk,,,,
ia_bim_eighteenth-century_a-new-and-accurate-syste_brookes-richard-md_1763_2,309,0.02334,junk,,,,
ia_bim_eighteenth-century_a-new-and-accurate-syste_brookes-richard-md_1763_2,310,0.00048,junk,,,,
ia_bim_eighteenth-century_a-new-and-accurate-syste_brookes-richard-md_1763_2,311,0.18226,junk,,,,
ia_bim_eighteenth-century_a-new-and-accurate-syste_brookes-richard-md_1763_2,312,0.19964,junk,,,,
ia_bim_eighteenth-century_a-new-and-accurate-syste_brookes-richard-md_1763_2,313,0.7379,non_junk,non_divine_teleology,0.01842,0.66963,0.31195
ia_bim_eighteenth-century_a-new-and-accurate-syste_brookes-richard-md_1763_2,314,0.03806,junk,,,,
ia_bim_eighteenth-century_a-new-and-accurate-syste_brookes-richard-md_1763_2,315,0.01581,junk,,,,
ia_bim_eighteenth-century_a-new-and-accurate-syste_brookes-richard-md_1763_2,316,0.04486,junk,,,,
ia_bim_eighteenth-century_a-new-and-accurate-syste_brookes-richard-md_1763_2,317,0.0022,junk,,,,
ia_bim_eighteenth-century_a-new-and-accurate-syste_brookes-richard-md_1763_2,318,0.03145,junk,,,,
ia_bim_eighteenth-century_a-new-and-accurate-syste_brookes-richard-md_1763_2,319,0.00287,junk,,,,
ia_bim_eighteenth-century_a-new-and-accurate-syste_brookes-richard-md_1763_2,320,0.64943,non_junk,non_divine_teleology,0.02298,0.7543,0.22272
ia_bim_eighteenth-century_a-new-and-accurate-syste_brookes-richard-md_1763_2,321,0.05258,junk,,,,
ia_bim_eighteenth-century_a-new-and-accurate-syste_brookes-richard-md_1763_2,322,0.04852,junk,,,,
ia_bim_eighteenth-century_a-new-and-accurate-syste_brookes-richard-md_1763_2,323,0.00298,junk,,,,
ia_bim_eighteenth-century_a-new-and-accurate-syste_brookes-richard-md_1763_2,324,0.0081,junk,,,,
ia_bim_eighteenth-century_a-new-and-accurate-syste_brookes-richard-md_1763_2,325,0.13328,junk,,,,
ia_bim_eighteenth-century_a-new-and-accurate-syste_brookes-richard-md_1763_2,326,0.01015,junk,,,,
ia_bim_eighteenth-century_a-new-and-accurate-syste_brookes-richard-md_1763_2,327,0.12172,junk,,,,
ia_bim_eighteenth-century_a-new-and-accurate-syste_brookes-richard-md_1763_2,328,0.02284,junk,,,,
ia_bim_eighteenth-century_a-new-and-accurate-syste_brookes-richard-md_1763_2,329,0.05627,junk,,,,
ia_bim_eighteenth-century_a-new-and-accurate-syste_brookes-richard-md_1763_2,330,0.01273,junk,,,,
ia_bim_eighteenth-century_a-new-and-accurate-syste_brookes-richard-md_1763_2,331,0.04135,junk,,,,
ia_bim_eighteenth-century_a-new-and-accurate-syste_brookes-richard-md_1763_2,332,0.00148,junk,,,,
ia_bim_eighteenth-century_a-new-and-accurate-syste_brookes-richard-md_1763_2,333,0.0239,junk,,,,
ia_bim_eighteenth-century_a-new-and-accurate-syste_brookes-richard-md_1763_2,334,0.60441,non_junk,non_divine_teleology,0.00511,0.96251,0.03238
ia_bim_eighteenth-century_a-new-and-accurate-syste_brookes-richard-md_1763_2,335,0.38156,junk,,,,
ia_bim_eighteenth-century_a-new-and-accurate-syste_brookes-richard-md_1763_2,336,0.73998,non_junk,non_divine_teleology,0.03826,0.86208,0.09966
ia_bim_eighteenth-century_a-new-and-accurate-syste_brookes-richard-md_1763_2,337,0.29954,junk,,,,
ia_bim_eighteenth-century_a-new-and-accurate-syste_brookes-richard-md_1763_2,338,0.00116,junk,,,,
ia_bim_eighteenth-century_a-new-and-accurate-syste_brookes-richard-md_1763_2,339,0.08929,junk,,,,
ia_bim_eighteenth-century_a-new-and-accurate-syste_brookes-richard-md_1763_2,340,0.13814,junk,,,,
ia_bim_eighteenth-century_a-new-and-accurate-syste_brookes-richard-md_1763_2,341,0.10173,junk,,,,
ia_bim_eighteenth-century_a-new-and-accurate-syste_brookes-richard-md_1763_2,342,0.23971,junk,,,,
ia_bim_eighteenth-century_a-new-and-accurate-syste_brookes-richard-md_1763_2,343,0.02865,junk,,,,
ia_bim_eighteenth-century_a-new-and-accurate-syste_brookes-richard-md_1763_2,344,0.0057,junk,,,,
ia_bim_eighteenth-century_a-new-and-accurate-syste_brookes-richard-md_1763_2,345,0.00254,junk,,,,
ia_bim_eighteenth-century_a-new-and-accurate-syste_brookes-richard-md_1763_2,346,0.57557,non_junk,non_divine_teleology,0.11205,0.62395,0.264
ia_bim_eighteenth-century_a-new-and-accurate-syste_brookes-richard-md_1763_2,347,0.22335,junk,,,,
ia_bim_eighteenth-century_a-new-and-accurate-syste_brookes-richard-md_1763_2,348,0.29128,junk,,,,
ia_bim_eighteenth-century_a-new-and-accurate-syste_brookes-richard-md_1763_2,349,0.09468,junk,,,,
ia_bim_eighteenth-century_a-new-and-accurate-syste_brookes-richard-md_1763_2,350,0.03772,junk,,,,
ia_bim_eighteenth-century_a-new-and-accurate-syste_brookes-richard-md_1763_2,351,0.00103,junk,,,,
ia_bim_eighteenth-century_a-new-and-accurate-syste_brookes-richard-md_1763_2,352,0.00772,junk,,,,
ia_bim_eighteenth-century_a-new-and-accurate-syste_brookes-richard-md_1763_2,353,0.00338,junk,,,,
ia_bim_eighteenth-century_a-new-and-accurate-syste_brookes-richard-md_1763_2,354,0.05467,junk,,,,
ia_bim_eighteenth-century_a-new-and-accurate-syste_brookes-richard-md_1763_2,355,0.1021,junk,,,,
ia_bim_eighteenth-century_a-new-and-accurate-syste_brookes-richard-md_1763_2,356,0.30865,junk,,,,
ia_bim_eighteenth-century_a-new-and-accurate-syste_brookes-richard-md_1763_2,357,0.01371,junk,,,,
ia_bim_eighteenth-century_a-new-and-accurate-syste_brookes-richard-md_1763_2,358,0.01285,junk,,,,
ia_bim_eighteenth-century_a-new-and-accurate-syste_brookes-richard-md_1763_2,359,0.00836,junk,,,,
ia_bim_eighteenth-century_a-new-and-accurate-syste_brookes-richard-md_1763_2,360,0.80963,non_junk,non_divine_teleology,0.01754,0.82802,0.15444
ia_bim_eighteenth-century_a-new-and-accurate-syste_brookes-richard-md_1763_2,361,0.06897,junk,,,,
ia_bim_eighteenth-century_a-new-and-accurate-syste_brookes-richard-md_1763_2,362,0.01915,junk,,,,
ia_bim_eighteenth-century_a-new-and-accurate-syste_brookes-richard-md_1763_2,363,0.23876,junk,,,,
ia_bim_eighteenth-century_a-new-and-accurate-syste_brookes-richard-md_1763_2,364,0.07831,junk,,,,
ia_bim_eighteenth-century_a-new-and-accurate-syste_brookes-richard-md_1763_2,365,0.04967,junk,,,,
ia_bim_eighteenth-century_a-new-and-accurate-syste_brookes-richard-md_1763_2,366,0.01839,junk,,,,
ia_bim_eighteenth-century_a-new-and-accurate-syste_brookes-richard-md_1763_2,367,0.00397,junk,,,,
ia_bim_eighteenth-century_a-new-and-accurate-syste_brookes-richard-md_1763_2,368,0.01685,junk,,,,
ia_bim_eighteenth-century_a-new-and-accurate-syste_brookes-richard-md_1763_2,369,0.00236,junk,,,,
ia_bim_eighteenth-century_a-new-and-accurate-syste_brookes-richard-md_1763_2,370,0.07747,junk,,,,
ia_bim_eighteenth-century_a-new-and-accurate-syste_brookes-richard-md_1763_2,371,0.44934,junk,,,,
ia_bim_eighteenth-century_a-new-and-accurate-syste_brookes-richard-md_1763_2,372,0.00417,junk,,,,
ia_bim_eighteenth-century_a-new-and-accurate-syste_brookes-richard-md_1763_2,373,0.22475,junk,,,,
ia_bim_eighteenth-century_a-new-and-accurate-syste_brookes-richard-md_1763_2,374,0.00285,junk,,,,
ia_bim_eighteenth-century_a-new-and-accurate-syste_brookes-richard-md_1763_2,375,0.34171,junk,,,,
ia_bim_eighteenth-century_a-new-and-accurate-syste_brookes-richard-md_1763_2,376,0.00034,junk,,,,
ia_bim_eighteenth-century_a-new-and-accurate-syste_brookes-richard-md_1763_2,377,0.68888,non_junk,non_divine_teleology,0.0558,0.7651,0.1791
ia_bim_eighteenth-century_a-new-and-accurate-syste_brookes-richard-md_1763_2,378,0.00458,junk,,,,
ia_bim_eighteenth-century_a-new-and-accurate-syste_brookes-richard-md_1763_2,379,0.70739,non_junk,non_divine_teleology,0.0276,0.80702,0.16538
ia_bim_eighteenth-century_a-new-and-accurate-syste_brookes-richard-md_1763_2,380,0.87338,non_junk,non_divine_teleology,0.03631,0.95376,0.00993
ia_bim_eighteenth-century_a-new-and-accurate-syste_brookes-richard-md_1763_2,381,0.02047,junk,,,,
ia_bim_eighteenth-century_a-new-and-accurate-syste_brookes-richard-md_1763_2,382,0.75008,non_junk,non_divine_teleology,0.016,0.97697,0.00703
ia_bim_eighteenth-century_a-new-and-accurate-syste_brookes-richard-md_1763_2,383,0.10685,junk,,,,
ia_bim_eighteenth-century_a-new-and-accurate-syste_brookes-richard-md_1763_2,384,0.00161,junk,,,,
ia_bim_eighteenth-century_a-new-and-accurate-syste_brookes-richard-md_1763_2,385,0.79029,non_junk,non_divine_teleology,0.01257,0.91054,0.07689
ia_bim_eighteenth-century_a-new-and-accurate-syste_brookes-richard-md_1763_2,386,0.24731,junk,,,,
ia_bim_eighteenth-century_a-new-and-accurate-syste_brookes-richard-md_1763_2,387,0.01121,junk,,,,
ia_bim_eighteenth-century_a-new-and-accurate-syste_brookes-richard-md_1763_2,388,0.02654,junk,,,,
ia_bim_eighteenth-century_a-new-and-accurate-syste_brookes-richard-md_1763_2,389,0.51866,non_junk,non_divine_teleology,0.01856,0.76738,0.21407
ia_bim_eighteenth-century_a-new-and-accurate-syste_brookes-richard-md_1763_2,390,0.04407,junk,,,,
ia_bim_eighteenth-century_a-new-and-accurate-syste_brookes-richard-md_1763_2,391,0.67116,non_junk,internal_essence,0.02425,0.40413,0.57162
ia_bim_eighteenth-century_a-new-and-accurate-syste_brookes-richard-md_1763_2,392,0.00107,junk,,,,
ia_bim_eighteenth-century_a-new-and-accurate-syste_brookes-richard-md_1763_2,393,0.0025,junk,,,,
ia_bim_eighteenth-century_a-new-and-accurate-syste_brookes-richard-md_1763_2,394,0.02093,junk,,,,
ia_bim_eighteenth-century_a-new-and-accurate-syste_brookes-richard-md_1763_2,395,0.03711,junk,,,,
ia_bim_eighteenth-century_a-new-and-accurate-syste_brookes-richard-md_1763_2,396,0.9577,non_junk,non_divine_teleology,0.02465,0.89382,0.08153
ia_bim_eighteenth-century_a-new-and-accurate-syste_brookes-richard-md_1763_2,397,0.0158,junk,,,,
ia_bim_eighteenth-century_a-new-and-accurate-syste_brookes-richard-md_1763_2,398,0.41776,junk,,,,
ia_bim_eighteenth-century_a-new-and-accurate-syste_brookes-richard-md_1763_2,399,0.03202,junk,,,,
ia_bim_eighteenth-century_a-new-and-accurate-syste_brookes-richard-md_1763_2,400,0.10994,junk,,,,
ia_bim_eighteenth-century_a-new-and-accurate-syste_brookes-richard-md_1763_2,401,0.05468,junk,,,,
ia_bim_eighteenth-century_a-new-and-accurate-syste_brookes-richard-md_1763_2,402,0.03433,junk,,,,
ia_bim_eighteenth-century_a-new-and-accurate-syste_brookes-richard-md_1763_2,403,0.00321,junk,,,,
ia_bim_eighteenth-century_a-new-and-accurate-syste_brookes-richard-md_1763_2,404,0.73151,non_junk,non_divine_teleology,0.03597,0.54623,0.4178
ia_bim_eighteenth-century_a-new-and-accurate-syste_brookes-richard-md_1763_2,405,0.0113,junk,,,,
ia_bim_eighteenth-century_a-new-and-accurate-syste_brookes-richard-md_1763_2,406,0.00029,junk,,,,
ia_bim_eighteenth-century_a-new-and-accurate-syste_brookes-richard-md_1763_2,407,0.04339,junk,,,,
ia_bim_eighteenth-century_a-new-and-accurate-syste_brookes-richard-md_1763_2,408,0.0212,junk,,,,
ia_bim_eighteenth-century_a-new-and-accurate-syste_brookes-richard-md_1763_2,409,0.10617,junk,,,,
ia_bim_eighteenth-century_a-new-and-accurate-syste_brookes-richard-md_1763_2,410,0.10192,junk,,,,
ia_bim_eighteenth-century_a-new-and-accurate-syste_brookes-richard-md_1763_2,411,0.05514,junk,,,,
ia_bim_eighteenth-century_a-new-and-accurate-syste_brookes-richard-md_1763_2,412,0.02139,junk,,,,
ia_bim_eighteenth-century_a-new-and-accurate-syste_brookes-richard-md_1763_2,413,0.03127,junk,,,,
ia_bim_eighteenth-century_a-new-and-accurate-syste_brookes-richard-md_1763_2,414,0.07975,junk,,,,
ia_bim_eighteenth-century_a-new-and-accurate-syste_brookes-richard-md_1763_2,415,0.07347,junk,,,,
ia_bim_eighteenth-century_a-new-and-accurate-syste_brookes-richard-md_1763_2,416,0.02011,junk,,,,
ia_bim_eighteenth-century_a-new-and-accurate-syste_brookes-richard-md_1763_2,417,0.08538,junk,,,,
ia_bim_eighteenth-century_a-new-and-accurate-syste_brookes-richard-md_1763_2,418,0.00193,junk,,,,
ia_bim_eighteenth-century_a-new-and-accurate-syste_brookes-richard-md_1763_2,419,0.26155,junk,,,,
ia_bim_eighteenth-century_a-new-and-accurate-syste_brookes-richard-md_1763_2,420,0.05245,junk,,,,
ia_bim_eighteenth-century_a-new-and-accurate-syste_brookes-richard-md_1763_2,421,0.00206,junk,,,,
ia_bim_eighteenth-century_a-new-and-accurate-syste_brookes-richard-md_1763_2,422,0.02558,junk,,,,
ia_bim_eighteenth-century_a-new-and-accurate-syste_brookes-richard-md_1763_2,423,0.02214,junk,,,,
ia_bim_eighteenth-century_a-new-and-accurate-syste_brookes-richard-md_1763_2,424,0.01014,junk,,,,
ia_bim_eighteenth-century_a-new-and-accurate-syste_brookes-richard-md_1763_2,425,0.00927,junk,,,,
ia_bim_eighteenth-century_a-new-and-accurate-syste_brookes-richard-md_1763_2,426,0.01014,junk,,,,
ia_bim_eighteenth-century_a-new-and-accurate-syste_brookes-richard-md_1763_2,427,0.00927,junk,,,,
ia_bim_eighteenth-century_a-new-and-accurate-syste_brookes-richard-md_1763_2,428,0.19613,junk,,,,
ia_bim_eighteenth-century_a-new-and-accurate-syste_brookes-richard-md_1763_2,429,0.02132,junk,,,,
ia_bim_eighteenth-century_a-new-and-accurate-syste_brookes-richard-md_1763_2,430,0.06552,junk,,,,
ia_bim_eighteenth-century_a-new-and-accurate-syste_brookes-richard-md_1763_2,431,0.97679,non_junk,non_divine_teleology,0.01497,0.94751,0.03752
ia_bim_eighteenth-century_a-new-and-accurate-syste_brookes-richard-md_1763_2,432,0.40598,junk,,,,
ia_bim_eighteenth-century_a-new-and-accurate-syste_brookes-richard-md_1763_2,433,0.07255,junk,,,,
ia_bim_eighteenth-century_a-new-and-accurate-syste_brookes-richard-md_1763_2,434,0.00397,junk,,,,
ia_bim_eighteenth-century_a-new-and-accurate-syste_brookes-richard-md_1763_2,435,0.00634,junk,,,,
ia_bim_eighteenth-century_a-new-and-accurate-syste_brookes-richard-md_1763_2,436,0.0017,junk,,,,
ia_bim_eighteenth-century_a-new-and-accurate-syste_brookes-richard-md_1763_2,437,0.29169,junk,,,,
ia_bim_eighteenth-century_a-new-and-accurate-syste_brookes-richard-md_1763_2,438,0.02461,junk,,,,
ia_bim_eighteenth-century_a-new-and-accurate-syste_brookes-richard-md_1763_2,439,0.03925,junk,,,,
ia_bim_eighteenth-century_a-new-and-accurate-syste_brookes-richard-md_1763_2,440,0.01478,junk,,,,
ia_bim_eighteenth-century_a-new-and-accurate-syste_brookes-richard-md_1763_2,441,0.00078,junk,,,,
ia_bim_eighteenth-century_a-new-and-accurate-syste_brookes-richard-md_1763_2,442,0.00127,junk,,,,
ia_bim_eighteenth-century_a-new-and-accurate-syste_brookes-richard-md_1763_2,443,0.028,junk,,,,
ia_bim_eighteenth-century_a-new-and-accurate-syste_brookes-richard-md_1763_2,444,0.00055,junk,,,,
ia_bim_eighteenth-century_a-new-and-accurate-syste_brookes-richard-md_1763_2,445,0.00953,junk,,,,
ia_bim_eighteenth-century_a-new-and-accurate-syste_brookes-richard-md_1763_2,446,0.00542,junk,,,,
ia_bim_eighteenth-century_a-new-and-accurate-syste_brookes-richard-md_1763_2,447,0.00464,junk,,,,
ia_bim_eighteenth-century_a-new-and-accurate-syste_brookes-richard-md_1763_2,448,0.00486,junk,,,,
ia_bim_eighteenth-century_a-new-and-accurate-syste_brookes-richard-md_1763_2,449,0.00022,junk,,,,
ia_bim_eighteenth-century_a-new-and-accurate-syste_brookes-richard-md_1763_2,450,0.00175,junk,,,,
ia_bim_eighteenth-century_a-new-and-accurate-syste_brookes-richard-md_1763_2,451,0.01555,junk,,,,
ia_bim_eighteenth-century_a-new-and-accurate-syste_brookes-richard-md_1763_2,452,0.00924,junk,,,,
ia_bim_eighteenth-century_a-new-and-accurate-syste_brookes-richard-md_1763_2,453,0.00924,junk,,,,
ia_bim_eighteenth-century_a-new-and-accurate-syste_brookes-richard-md_1763_2,454,0.00139,junk,,,,
ia_bim_eighteenth-century_a-new-and-accurate-syste_brookes-richard-md_1763_2,455,0.00494,junk,,,,
ia_bim_eighteenth-century_a-new-and-accurate-syste_brookes-richard-md_1763_2,456,0.01171,junk,,,,
ia_bim_eighteenth-century_a-new-and-accurate-syste_brookes-richard-md_1763_2,457,0.00173,junk,,,,
ia_bim_eighteenth-century_a-new-and-accurate-syste_brookes-richard-md_1763_2,458,0.0057,junk,,,,
ia_bim_eighteenth-century_a-new-and-accurate-syste_brookes-richard-md_1763_2,459,0.0817,junk,,,,
ia_bim_eighteenth-century_a-new-and-accurate-syste_brookes-richard-md_1763_2,460,0.01712,junk,,,,
ia_bim_eighteenth-century_a-new-and-accurate-syste_brookes-richard-md_1763_2,461,0.28001,junk,,,,
ia_bim_eighteenth-century_a-new-and-accurate-syste_brookes-richard-md_1763_2,462,0.05146,junk,,,,
ia_bim_eighteenth-century_a-new-and-accurate-syste_brookes-richard-md_1763_2,463,0.00027,junk,,,,
ia_bim_eighteenth-century_a-new-and-accurate-syste_brookes-richard-md_1763_2,464,0.02769,junk,,,,
ia_bim_eighteenth-century_a-new-and-accurate-syste_brookes-richard-md_1763_2,465,0.00047,junk,,,,
ia_bim_eighteenth-century_a-new-and-accurate-syste_brookes-richard-md_1763_2,466,0.00047,junk,,,,
ia_bim_eighteenth-century_a-new-and-accurate-syste_brookes-richard-md_1763_2,467,0.00783,junk,,,,
ia_bim_eighteenth-century_a-new-and-accurate-syste_brookes-richard-md_1763_2,468,6e-05,junk,,,,
ia_bim_eighteenth-century_a-new-and-accurate-syste_brookes-richard-md_1763_2,469,0.00394,junk,,,,
ia_bim_eighteenth-century_a-new-and-accurate-syste_brookes-richard-md_1763_2,470,0.01479,junk,,,,
ia_bim_eighteenth-century_a-new-and-accurate-syste_brookes-richard-md_1763_2,471,0.00252,junk,,,,
ia_bim_eighteenth-century_a-new-and-accurate-syste_brookes-richard-md_1763_2,472,0.03231,junk,,,,
ia_bim_eighteenth-century_a-new-and-accurate-syste_brookes-richard-md_1763_2,473,0.08057,junk,,,,
ia_bim_eighteenth-century_a-new-and-accurate-syste_brookes-richard-md_1763_2,474,0.00019,junk,,,,
ia_bim_eighteenth-century_a-new-and-accurate-syste_brookes-richard-md_1763_2,475,0.01951,junk,,,,
ia_bim_eighteenth-century_a-new-and-accurate-syste_brookes-richard-md_1763_2,476,0.00429,junk,,,,
ia_bim_eighteenth-century_a-new-and-accurate-syste_brookes-richard-md_1763_2,477,0.00647,junk,,,,
ia_bim_eighteenth-century_a-new-and-accurate-syste_brookes-richard-md_1763_2,478,0.01055,junk,,,,
ia_bim_eighteenth-century_a-new-and-accurate-syste_brookes-richard-md_1763_2,479,0.00334,junk,,,,
ia_bim_eighteenth-century_a-new-and-accurate-syste_brookes-richard-md_1763_2,480,0.00105,junk,,,,
ia_bim_eighteenth-century_a-new-and-accurate-syste_brookes-richard-md_1763_2,481,0.00105,junk,,,,
ia_bim_eighteenth-century_a-new-and-accurate-syste_brookes-richard-md_1763_2,482,0.03325,junk,,,,
ia_bim_eighteenth-century_a-new-and-accurate-syste_brookes-richard-md_1763_2,483,0.2973,junk,,,,
ia_bim_eighteenth-century_a-new-and-accurate-syste_brookes-richard-md_1763_2,484,0.11291,junk,,,,
ia_bim_eighteenth-century_a-new-and-accurate-syste_brookes-richard-md_1763_2,485,0.01793,junk,,,,
ia_bim_eighteenth-century_a-new-and-accurate-syste_brookes-richard-md_1763_2,486,0.56448,non_junk,non_divine_teleology,0.03284,0.55755,0.40961
ia_bim_eighteenth-century_a-new-and-accurate-syste_brookes-richard-md_1763_2,487,0.06005,junk,,,,
ia_bim_eighteenth-century_a-new-and-accurate-syste_brookes-richard-md_1763_2,488,0.01228,junk,,,,
ia_bim_eighteenth-century_a-new-and-accurate-syste_brookes-richard-md_1763_2,489,0.00216,junk,,,,
ia_bim_eighteenth-century_a-new-and-accurate-syste_brookes-richard-md_1763_2,490,0.03728,junk,,,,
ia_bim_eighteenth-century_a-new-and-accurate-syste_brookes-richard-md_1763_2,491,0.14308,junk,,,,
ia_bim_eighteenth-century_a-new-and-accurate-syste_brookes-richard-md_1763_2,492,0.00723,junk,,,,
ia_bim_eighteenth-century_a-new-and-accurate-syste_brookes-richard-md_1763_2,493,0.00054,junk,,,,
ia_bim_eighteenth-century_a-new-and-accurate-syste_brookes-richard-md_1763_2,494,0.00832,junk,,,,
ia_bim_eighteenth-century_a-new-and-accurate-syste_brookes-richard-md_1763_2,495,0.27397,junk,,,,
ia_bim_eighteenth-century_a-new-and-accurate-syste_brookes-richard-md_1763_2,496,0.06826,junk,,,,
ia_bim_eighteenth-century_a-new-and-accurate-syste_brookes-richard-md_1763_2,497,0.00091,junk,,,,
ia_bim_eighteenth-century_a-new-and-accurate-syste_brookes-richard-md_1763_2,498,0.0017,junk,,,,
ia_bim_eighteenth-century_a-new-and-accurate-syste_brookes-richard-md_1763_2,499,0.00953,junk,,,,
ia_bim_eighteenth-century_a-new-and-accurate-syste_brookes-richard-md_1763_2,500,0.21046,junk,,,,
ia_bim_eighteenth-century_a-new-and-accurate-syste_brookes-richard-md_1763_2,501,0.01101,junk,,,,
ia_bim_eighteenth-century_a-new-and-accurate-syste_brookes-richard-md_1763_2,502,0.07358,junk,,,,
ia_bim_eighteenth-century_a-new-and-accurate-syste_brookes-richard-md_1763_2,503,0.00062,junk,,,,
ia_bim_eighteenth-century_a-new-and-accurate-syste_brookes-richard-md_1763_2,504,0.05798,junk,,,,
ia_bim_eighteenth-century_a-new-and-accurate-syste_brookes-richard-md_1763_2,505,0.37789,junk,,,,
ia_bim_eighteenth-century_a-new-and-accurate-syste_brookes-richard-md_1763_2,506,0.01267,junk,,,,
ia_bim_eighteenth-century_a-new-and-accurate-syste_brookes-richard-md_1763_2,507,0.012,junk,,,,
ia_bim_eighteenth-century_a-new-and-accurate-syste_brookes-richard-md_1763_2,508,0.0036,junk,,,,
ia_bim_eighteenth-century_a-new-and-accurate-syste_brookes-richard-md_1763_2,509,0.01002,junk,,,,
ia_bim_eighteenth-century_a-new-and-accurate-syste_brookes-richard-md_1763_2,510,0.15109,junk,,,,
ia_bim_eighteenth-century_a-new-and-accurate-syste_brookes-richard-md_1763_2,511,0.0011,junk,,,,
ia_bim_eighteenth-century_a-new-and-accurate-syste_brookes-richard-md_1763_2,512,0.01263,junk,,,,
ia_bim_eighteenth-century_a-new-and-accurate-syste_brookes-richard-md_1763_2,513,0.00677,junk,,,,
ia_bim_eighteenth-century_a-new-and-accurate-syste_brookes-richard-md_1763_2,514,0.00106,junk,,,,
ia_bim_eighteenth-century_a-new-and-accurate-syste_brookes-richard-md_1763_2,515,0.02238,junk,,,,
ia_bim_eighteenth-century_a-new-and-accurate-syste_brookes-richard-md_1763_2,516,0.38643,junk,,,,
ia_bim_eighteenth-century_a-new-and-accurate-syste_brookes-richard-md_1763_2,517,0.08471,junk,,,,
ia_bim_eighteenth-century_a-new-and-accurate-syste_brookes-richard-md_1763_2,518,0.00097,junk,,,,
ia_bim_eighteenth-century_a-new-and-accurate-syste_brookes-richard-md_1763_2,519,0.04628,junk,,,,
ia_bim_eighteenth-century_a-new-and-accurate-syste_brookes-richard-md_1763_2,520,0.03801,junk,,,,
ia_bim_eighteenth-century_a-new-and-accurate-syste_brookes-richard-md_1763_2,521,0.01866,junk,,,,
ia_bim_eighteenth-century_a-new-and-accurate-syste_brookes-richard-md_1763_2,522,0.04601,junk,,,,
ia_bim_eighteenth-century_a-new-and-accurate-syste_brookes-richard-md_1763_2,523,0.10995,junk,,,,
ia_bim_eighteenth-century_a-new-and-accurate-syste_brookes-richard-md_1763_2,524,0.48522,junk,,,,
ia_bim_eighteenth-century_a-new-and-accurate-syste_brookes-richard-md_1763_2,525,0.03285,junk,,,,
ia_bim_eighteenth-century_a-new-and-accurate-syste_brookes-richard-md_1763_2,526,0.05021,junk,,,,
ia_bim_eighteenth-century_a-new-and-accurate-syste_brookes-richard-md_1763_2,527,0.01032,junk,,,,
ia_bim_eighteenth-century_a-new-and-accurate-syste_brookes-richard-md_1763_2,528,0.01671,junk,,,,
ia_bim_eighteenth-century_a-new-and-accurate-syste_brookes-richard-md_1763_2,529,0.01493,junk,,,,
ia_bim_eighteenth-century_a-new-and-accurate-syste_brookes-richard-md_1763_2,530,0.74484,non_junk,non_divine_teleology,0.02886,0.89348,0.07766
ia_bim_eighteenth-century_a-new-and-accurate-syste_brookes-richard-md_1763_2,531,0.44257,junk,,,,
ia_bim_eighteenth-century_a-new-and-accurate-syste_brookes-richard-md_1763_2,532,0.02079,junk,,,,
ia_bim_eighteenth-century_a-new-and-accurate-syste_brookes-richard-md_1763_2,533,0.01756,junk,,,,
ia_bim_eighteenth-century_a-new-and-accurate-syste_brookes-richard-md_1763_2,534,0.01333,junk,,,,
ia_bim_eighteenth-century_a-new-and-accurate-syste_brookes-richard-md_1763_2,535,0.06893,junk,,,,
ia_bim_eighteenth-century_a-new-and-accurate-syste_brookes-richard-md_1763_2,536,0.05803,junk,,,,
ia_bim_eighteenth-century_a-new-and-accurate-syste_brookes-richard-md_1763_2,537,0.94026,non_junk,non_divine_teleology,0.0206,0.93254,0.04687
ia_bim_eighteenth-century_a-new-and-accurate-syste_brookes-richard-md_1763_2,538,0.05039,junk,,,,
ia_bim_eighteenth-century_a-new-and-accurate-syste_brookes-richard-md_1763_2,539,0.00146,junk,,,,
ia_bim_eighteenth-century_a-new-and-accurate-syste_brookes-richard-md_1763_2,540,0.00189,junk,,,,
ia_bim_eighteenth-century_a-new-and-accurate-syste_brookes-richard-md_1763_2,541,0.00086,junk,,,,
ia_bim_eighteenth-century_a-new-and-accurate-syste_brookes-richard-md_1763_2,542,0.1333,junk,,,,
ia_bim_eighteenth-century_a-new-and-accurate-syste_brookes-richard-md_1763_2,543,0.48336,junk,,,,
ia_bim_eighteenth-century_a-new-and-accurate-syste_brookes-richard-md_1763_2,544,0.00072,junk,,,,
ia_bim_eighteenth-century_a-new-and-accurate-syste_brookes-richard-md_1763_2,545,0.05135,junk,,,,
ia_bim_eighteenth-century_a-new-and-accurate-syste_brookes-richard-md_1763_2,546,8e-05,junk,,,,
ia_bim_eighteenth-century_a-new-and-accurate-syste_brookes-richard-md_1763_2,547,0.00068,junk,,,,
ia_bim_eighteenth-century_a-new-and-accurate-syste_brookes-richard-md_1763_2,548,0.00172,junk,,,,
ia_bim_eighteenth-century_a-new-and-accurate-syste_brookes-richard-md_1763_2,549,0.00087,junk,,,,
ia_bim_eighteenth-century_a-new-and-accurate-syste_brookes-richard-md_1763_2,550,0.04019,junk,,,,
ia_bim_eighteenth-century_a-new-and-accurate-syste_brookes-richard-md_1763_2,551,0.00063,junk,,,,
ia_bim_eighteenth-century_a-new-and-accurate-syste_brookes-richard-md_1763_2,552,0.00735,junk,,,,
ia_bim_eighteenth-century_a-new-and-accurate-syste_brookes-richard-md_1763_2,553,0.03871,junk,,,,
ia_bim_eighteenth-century_a-new-and-accurate-syste_brookes-richard-md_1763_2,554,0.49668,junk,,,,
ia_bim_eighteenth-century_a-new-and-accurate-syste_brookes-richard-md_1763_2,555,0.00155,junk,,,,
ia_bim_eighteenth-century_a-new-and-accurate-syste_brookes-richard-md_1763_2,556,0.26662,junk,,,,
ia_bim_eighteenth-century_a-new-and-accurate-syste_brookes-richard-md_1763_2,557,0.19216,junk,,,,
ia_bim_eighteenth-century_a-new-and-accurate-syste_brookes-richard-md_1763_2,558,0.00142,junk,,,,
ia_bim_eighteenth-century_a-new-and-accurate-syste_brookes-richard-md_1763_2,559,0.05323,junk,,,,
ia_bim_eighteenth-century_a-new-and-accurate-syste_brookes-richard-md_1763_2,560,0.0158,junk,,,,
ia_bim_eighteenth-century_a-new-and-accurate-syste_brookes-richard-md_1763_2,561,0.00066,junk,,,,
ia_bim_eighteenth-century_a-new-and-accurate-syste_brookes-richard-md_1763_2,562,0.64671,non_junk,non_divine_teleology,0.00992,0.896,0.09408
ia_bim_eighteenth-century_a-new-and-accurate-syste_brookes-richard-md_1763_2,563,7e-05,junk,,,,
ia_bim_eighteenth-century_a-new-and-accurate-syste_brookes-richard-md_1763_2,564,0.41935,junk,,,,
ia_bim_eighteenth-century_a-new-and-accurate-syste_brookes-richard-md_1763_2,565,0.007,junk,,,,
ia_bim_eighteenth-century_a-new-and-accurate-syste_brookes-richard-md_1763_2,566,0.12594,junk,,,,
ia_bim_eighteenth-century_a-new-and-accurate-syste_brookes-richard-md_1763_2,567,0.01072,junk,,,,
ia_bim_eighteenth-century_a-new-and-accurate-syste_brookes-richard-md_1763_2,568,0.08556,junk,,,,
ia_bim_eighteenth-century_a-new-and-accurate-syste_brookes-richard-md_1763_2,569,0.03739,junk,,,,
ia_bim_eighteenth-century_a-new-and-accurate-syste_brookes-richard-md_1763_2,570,0.00124,junk,,,,
ia_bim_eighteenth-century_a-new-and-accurate-syste_brookes-richard-md_1763_2,571,0.00429,junk,,,,
ia_bim_eighteenth-century_a-new-and-accurate-syste_brookes-richard-md_1763_2,572,0.07093,junk,,,,
ia_bim_eighteenth-century_a-new-and-accurate-syste_brookes-richard-md_1763_2,573,0.00035,junk,,,,
ia_bim_eighteenth-century_a-new-and-accurate-syste_brookes-richard-md_1763_2,574,0.48204,junk,,,,
ia_bim_eighteenth-century_a-new-and-accurate-syste_brookes-richard-md_1763_2,575,0.00188,junk,,,,
ia_bim_eighteenth-century_a-new-and-accurate-syste_brookes-richard-md_1763_2,576,0.00146,junk,,,,
ia_bim_eighteenth-century_a-new-and-accurate-syste_brookes-richard-md_1763_2,577,0.48204,junk,,,,
ia_bim_eighteenth-century_a-new-and-accurate-syste_brookes-richard-md_1763_2,578,0.00188,junk,,,,
ia_bim_eighteenth-century_a-new-and-accurate-syste_brookes-richard-md_1763_2,579,0.00146,junk,,,,
ia_bim_eighteenth-century_a-new-and-accurate-syste_brookes-richard-md_1763_2,580,0.00849,junk,,,,
ia_bim_eighteenth-century_a-new-and-accurate-syste_brookes-richard-md_1763_2,581,0.0075,junk,,,,
ia_bim_eighteenth-century_a-new-and-accurate-syste_brookes-richard-md_1763_2,582,0.09352,junk,,,,
ia_bim_eighteenth-century_a-new-and-accurate-syste_brookes-richard-md_1763_2,583,0.00391,junk,,,,
ia_bim_eighteenth-century_a-new-and-accurate-syste_brookes-richard-md_1763_2,584,0.00646,junk,,,,
ia_bim_eighteenth-century_a-new-and-accurate-syste_brookes-richard-md_1763_2,585,0.01482,junk,,,,
ia_bim_eighteenth-century_a-new-and-accurate-syste_brookes-richard-md_1763_2,586,0.00391,junk,,,,
ia_bim_eighteenth-century_a-new-and-accurate-syste_brookes-richard-md_1763_2,587,0.00646,junk,,,,
ia_bim_eighteenth-century_a-new-and-accurate-syste_brookes-richard-md_1763_2,588,0.01482,junk,,,,
ia_bim_eighteenth-century_a-new-and-accurate-syste_brookes-richard-md_1763_2,589,0.00309,junk,,,,
ia_bim_eighteenth-century_a-new-and-accurate-syste_brookes-richard-md_1763_2,590,0.0493,junk,,,,
ia_bim_eighteenth-century_a-new-and-accurate-syste_brookes-richard-md_1763_2,591,0.01714,junk,,,,
ia_bim_eighteenth-century_a-new-and-accurate-syste_brookes-richard-md_1763_2,592,0.00305,junk,,,,
ia_bim_eighteenth-century_a-new-and-accurate-syste_brookes-richard-md_1763_2,593,0.0226,junk,,,,
ia_bim_eighteenth-century_a-new-and-accurate-syste_brookes-richard-md_1763_2,594,0.00078,junk,,,,
ia_bim_eighteenth-century_a-new-and-accurate-syste_brookes-richard-md_1763_2,595,0.00128,junk,,,,
ia_bim_eighteenth-century_a-new-and-accurate-syste_brookes-richard-md_1763_2,596,0.00056,junk,,,,
ia_bim_eighteenth-century_a-new-and-accurate-syste_brookes-richard-md_1763_2,597,0.01105,junk,,,,
ia_bim_eighteenth-century_a-new-and-accurate-syste_brookes-richard-md_1763_2,598,0.00176,junk,,,,
ia_bim_eighteenth-century_a-new-and-accurate-syste_brookes-richard-md_1763_2,599,0.01751,junk,,,,
ia_bim_eighteenth-century_a-new-and-accurate-syste_brookes-richard-md_1763_2,600,0.00056,junk,,,,
ia_bim_eighteenth-century_a-new-and-accurate-syste_brookes-richard-md_1763_2,601,0.01105,junk,,,,
ia_bim_eighteenth-century_a-new-and-accurate-syste_brookes-richard-md_1763_2,602,0.00176,junk,,,,
ia_bim_eighteenth-century_a-new-and-accurate-syste_brookes-richard-md_1763_2,603,0.01751,junk,,,,
ia_bim_eighteenth-century_a-new-and-accurate-syste_brookes-richard-md_1763_2,604,0.0014,junk,,,,
ia_bim_eighteenth-century_a-new-and-accurate-syste_brookes-richard-md_1763_2,605,0.00739,junk,,,,
ia_bim_eighteenth-century_a-new-and-accurate-syste_brookes-richard-md_1763_2,606,0.00042,junk,,,,
ia_bim_eighteenth-century_a-new-and-accurate-syste_brookes-richard-md_1763_2,607,0.02572,junk,,,,
ia_bim_eighteenth-century_a-new-and-accurate-syste_brookes-richard-md_1763_2,608,0.09805,junk,,,,
ia_bim_eighteenth-century_a-new-and-accurate-syste_brookes-richard-md_1763_2,609,0.01175,junk,,,,
ia_bim_eighteenth-century_a-new-and-accurate-syste_brookes-richard-md_1763_2,610,0.01016,junk,,,,
ia_bim_eighteenth-century_a-new-and-accurate-syste_brookes-richard-md_1763_2,611,0.03022,junk,,,,
ia_bim_eighteenth-century_a-new-and-accurate-syste_brookes-richard-md_1763_2,612,0.00189,junk,,,,
ia_bim_eighteenth-century_a-new-and-accurate-syste_brookes-richard-md_1763_2,613,0.00301,junk,,,,
ia_bim_eighteenth-century_a-new-and-accurate-syste_brookes-richard-md_1763_2,614,0.00164,junk,,,,
ia_bim_eighteenth-century_a-new-and-accurate-syste_brookes-richard-md_1763_2,615,0.00953,junk,,,,
ia_bim_eighteenth-century_a-new-and-accurate-syste_brookes-richard-md_1763_2,616,0.38944,junk,,,,
ia_bim_eighteenth-century_a-new-and-accurate-syste_brookes-richard-md_1763_2,617,0.2158,junk,,,,
ia_bim_eighteenth-century_a-new-and-accurate-syste_brookes-richard-md_1763_2,618,0.00117,junk,,,,
ia_bim_eighteenth-century_a-new-and-accurate-syste_brookes-richard-md_1763_2,619,0.02219,junk,,,,
ia_bim_eighteenth-century_a-new-and-accurate-syste_brookes-richard-md_1763_2,620,0.02416,junk,,,,
ia_bim_eighteenth-century_a-new-and-accurate-syste_brookes-richard-md_1763_2,621,0.02416,junk,,,,
ia_bim_eighteenth-century_a-new-and-accurate-syste_brookes-richard-md_1763_2,622,0.00103,junk,,,,
ia_bim_eighteenth-century_a-new-and-accurate-syste_brookes-richard-md_1763_2,623,0.0003,junk,,,,
ia_bim_eighteenth-century_a-new-and-accurate-syste_brookes-richard-md_1763_2,624,0.00171,junk,,,,
ia_bim_eighteenth-century_a-new-and-accurate-syste_brookes-richard-md_1763_2,625,0.00117,junk,,,,
ia_bim_eighteenth-century_a-new-and-accurate-syste_brookes-richard-md_1763_2,626,0.10681,junk,,,,
ia_bim_eighteenth-century_a-new-and-accurate-syste_brookes-richard-md_1763_2,627,0.0003,junk,,,,
ia_bim_eighteenth-century_a-new-and-accurate-syste_brookes-richard-md_1763_2,628,0.00171,junk,,,,
ia_bim_eighteenth-century_a-new-and-accurate-syste_brookes-richard-md_1763_2,629,0.00117,junk,,,,
ia_bim_eighteenth-century_a-new-and-accurate-syste_brookes-richard-md_1763_2,630,0.52304,non_junk,non_divine_teleology,0.01002,0.97448,0.0155
ia_bim_eighteenth-century_a-new-and-accurate-syste_brookes-richard-md_1763_2,631,0.99656,non_junk,non_divine_teleology,0.00655,0.98672,0.00673
ia_bim_eighteenth-century_a-new-and-accurate-syste_brookes-richard-md_1763_2,632,0.10764,junk,,,,
ia_bim_eighteenth-century_a-new-and-accurate-syste_brookes-richard-md_1763_2,633,0.01981,junk,,,,
ia_bim_eighteenth-century_a-new-and-accurate-syste_brookes-richard-md_1763_2,634,0.00046,junk,,,,
ia_bim_eighteenth-century_a-new-and-accurate-syste_brookes-richard-md_1763_2,635,0.27335,junk,,,,
ia_bim_eighteenth-century_a-new-and-accurate-syste_brookes-richard-md_1763_2,636,0.08022,junk,,,,
ia_bim_eighteenth-century_a-new-and-accurate-syste_brookes-richard-md_1763_2,637,0.03815,junk,,,,
ia_bim_eighteenth-century_a-new-and-accurate-syste_brookes-richard-md_1763_2,638,0.00028,junk,,,,
ia_bim_eighteenth-century_a-new-and-accurate-syste_brookes-richard-md_1763_2,639,0.30743,junk,,,,
ia_bim_eighteenth-century_a-new-and-accurate-syste_brookes-richard-md_1763_2,640,0.00387,junk,,,,
ia_bim_eighteenth-century_a-new-and-accurate-syste_brookes-richard-md_1763_2,641,0.00086,junk,,,,
ia_bim_eighteenth-century_a-new-and-accurate-syste_brookes-richard-md_1763_2,642,0.16721,junk,,,,
ia_bim_eighteenth-century_a-new-and-accurate-syste_brookes-richard-md_1763_2,643,0.00277,junk,,,,
ia_bim_eighteenth-century_a-new-and-accurate-syste_brookes-richard-md_1763_2,644,0.00126,junk,,,,
ia_bim_eighteenth-century_a-new-and-accurate-syste_brookes-richard-md_1763_2,645,0.04024,junk,,,,
ia_bim_eighteenth-century_a-new-and-accurate-syste_brookes-richard-md_1763_2,646,0.00702,junk,,,,
ia_bim_eighteenth-century_a-new-and-accurate-syste_brookes-richard-md_1763_2,647,0.00221,junk,,,,
ia_bim_eighteenth-century_a-new-and-accurate-syste_brookes-richard-md_1763_2,648,0.00042,junk,,,,
ia_bim_eighteenth-century_a-new-and-accurate-syste_brookes-richard-md_1763_2,649,0.09761,junk,,,,
ia_bim_eighteenth-century_a-new-and-accurate-syste_brookes-richard-md_1763_2,650,0.00875,junk,,,,
ia_bim_eighteenth-century_a-new-and-accurate-syste_brookes-richard-md_1763_2,651,0.00679,junk,,,,
ia_bim_eighteenth-century_a-new-and-accurate-syste_brookes-richard-md_1763_2,652,0.01075,junk,,,,
ia_bim_eighteenth-century_a-new-and-accurate-syste_brookes-richard-md_1763_2,653,0.00262,junk,,,,
ia_bim_eighteenth-century_a-new-and-accurate-syste_brookes-richard-md_1763_2,654,0.00039,junk,,,,
ia_bim_eighteenth-century_a-new-and-accurate-syste_brookes-richard-md_1763_2,655,0.04765,junk,,,,
ia_bim_eighteenth-century_a-new-and-accurate-syste_brookes-richard-md_1763_2,656,0.18985,junk,,,,
ia_bim_eighteenth-century_a-new-and-accurate-syste_brookes-richard-md_1763_2,657,0.01703,junk,,,,
ia_bim_eighteenth-century_a-new-and-accurate-syste_brookes-richard-md_1763_2,658,0.53873,non_junk,non_divine_teleology,0.01227,0.94791,0.03981
ia_bim_eighteenth-century_a-new-and-accurate-syste_brookes-richard-md_1763_2,659,0.00107,junk,,,,
ia_bim_eighteenth-century_a-new-and-accurate-syste_brookes-richard-md_1763_2,660,0.06454,junk,,,,
ia_bim_eighteenth-century_a-new-and-accurate-syste_brookes-richard-md_1763_2,661,0.00562,junk,,,,
ia_bim_eighteenth-century_a-new-and-accurate-syste_brookes-richard-md_1763_2,662,0.00494,junk,,,,
ia_bim_eighteenth-century_a-new-and-accurate-syste_brookes-richard-md_1763_2,663,0.01776,junk,,,,
ia_bim_eighteenth-century_a-new-and-accurate-syste_brookes-richard-md_1763_2,664,0.00035,junk,,,,
ia_bim_eighteenth-century_a-new-and-accurate-syste_brookes-richard-md_1763_2,665,0.02436,junk,,,,
ia_bim_eighteenth-century_a-new-and-accurate-syste_brookes-richard-md_1763_2,666,0.02094,junk,,,,
ia_bim_eighteenth-century_a-new-and-accurate-syste_brookes-richard-md_1763_2,667,0.00019,junk,,,,
ia_bim_eighteenth-century_a-new-and-accurate-syste_brookes-richard-md_1763_2,668,0.00768,junk,,,,
ia_bim_eighteenth-century_a-new-and-accurate-syste_brookes-richard-md_1763_2,669,0.00032,junk,,,,
ia_bim_eighteenth-century_a-new-and-accurate-syste_brookes-richard-md_1763_2,670,0.01438,junk,,,,
ia_bim_eighteenth-century_a-new-and-accurate-syste_brookes-richard-md_1763_2,671,0.15846,junk,,,,
ia_bim_eighteenth-century_a-new-and-accurate-syste_brookes-richard-md_1763_2,672,0.22456,junk,,,,
ia_bim_eighteenth-century_a-new-and-accurate-syste_brookes-richard-md_1763_2,673,0.00016,junk,,,,
ia_bim_eighteenth-century_a-new-and-accurate-syste_brookes-richard-md_1763_2,674,0.19683,junk,,,,
ia_bim_eighteenth-century_a-new-and-accurate-syste_brookes-richard-md_1763_2,675,0.10861,junk,,,,
ia_bim_eighteenth-century_a-new-and-accurate-syste_brookes-richard-md_1763_2,676,0.97979,non_junk,non_divine_teleology,0.0232,0.94658,0.03022
ia_bim_eighteenth-century_a-new-and-accurate-syste_brookes-richard-md_1763_2,677,0.18315,junk,,,,
ia_bim_eighteenth-century_a-new-and-accurate-syste_brookes-richard-md_1763_2,678,0.24378,junk,,,,
ia_bim_eighteenth-century_a-new-and-accurate-syste_brookes-richard-md_1763_2,679,0.00129,junk,,,,
ia_bim_eighteenth-century_a-new-and-accurate-syste_brookes-richard-md_1763_2,680,0.08769,junk,,,,
ia_bim_eighteenth-century_a-new-and-accurate-syste_brookes-richard-md_1763_2,681,0.01038,junk,,,,
ia_bim_eighteenth-century_a-new-and-accurate-syste_brookes-richard-md_1763_2,682,0.2706,junk,,,,
ia_bim_eighteenth-century_a-new-and-accurate-syste_brookes-richard-md_1763_2,683,0.22515,junk,,,,
ia_bim_eighteenth-century_a-new-and-accurate-syste_brookes-richard-md_1763_2,684,0.00637,junk,,,,
ia_bim_eighteenth-century_a-new-and-accurate-syste_brookes-richard-md_1763_2,685,0.01771,junk,,,,
ia_bim_eighteenth-century_a-new-and-accurate-syste_brookes-richard-md_1763_2,686,0.00367,junk,,,,
ia_bim_eighteenth-century_a-new-and-accurate-syste_brookes-richard-md_1763_2,687,0.07936,junk,,,,
ia_bim_eighteenth-century_a-new-and-accurate-syste_brookes-richard-md_1763_2,688,0.01294,junk,,,,
ia_bim_eighteenth-century_a-new-and-accurate-syste_brookes-richard-md_1763_2,689,0.05262,junk,,,,
ia_bim_eighteenth-century_a-new-and-accurate-syste_brookes-richard-md_1763_2,690,0.01974,junk,,,,
ia_bim_eighteenth-century_a-new-and-accurate-syste_brookes-richard-md_1763_2,691,0.00073,junk,,,,
ia_bim_eighteenth-century_a-new-and-accurate-syste_brookes-richard-md_1763_2,692,0.00144,junk,,,,
ia_bim_eighteenth-century_a-new-and-accurate-syste_brookes-richard-md_1763_2,693,0.80929,non_junk,non_divine_teleology,0.01489,0.90087,0.08424
ia_bim_eighteenth-century_a-new-and-accurate-syste_brookes-richard-md_1763_2,694,0.32243,junk,,,,
ia_bim_eighteenth-century_a-new-and-accurate-syste_brookes-richard-md_1763_2,695,0.00016,junk,,,,
ia_bim_eighteenth-century_a-new-and-accurate-syste_brookes-richard-md_1763_2,696,0.00369,junk,,,,
ia_bim_eighteenth-century_a-new-and-accurate-syste_brookes-richard-md_1763_2,697,0.95467,non_junk,non_divine_teleology,0.0082,0.98284,0.00895
ia_bim_eighteenth-century_a-new-and-accurate-syste_brookes-richard-md_1763_2,698,0.00053,junk,,,,
ia_bim_eighteenth-century_a-new-and-accurate-syste_brookes-richard-md_1763_2,699,0.00248,junk,,,,
ia_bim_eighteenth-century_a-new-and-accurate-syste_brookes-richard-md_1763_2,700,0.00602,junk,,,,
ia_bim_eighteenth-century_a-new-and-accurate-syste_brookes-richard-md_1763_2,701,0.00599,junk,,,,
ia_bim_eighteenth-century_a-new-and-accurate-syste_brookes-richard-md_1763_2,702,0.0001,junk,,,,
ia_bim_eighteenth-century_a-new-and-accurate-syste_brookes-richard-md_1763_2,703,0.00193,junk,,,,
ia_bim_eighteenth-century_a-new-and-accurate-syste_brookes-richard-md_1763_2,704,0.00066,junk,,,,
ia_bim_eighteenth-century_a-new-and-accurate-syste_brookes-richard-md_1763_2,705,0.07201,junk,,,,
ia_bim_eighteenth-century_a-new-and-accurate-syste_brookes-richard-md_1763_2,706,0.00946,junk,,,,
ia_bim_eighteenth-century_a-new-and-accurate-syste_brookes-richard-md_1763_2,707,0.0004,junk,,,,
ia_bim_eighteenth-century_a-new-and-accurate-syste_brookes-richard-md_1763_2,708,0.00259,junk,,,,
ia_bim_eighteenth-century_a-new-and-accurate-syste_brookes-richard-md_1763_2,709,0.00036,junk,,,,
ia_bim_eighteenth-century_a-new-and-accurate-syste_brookes-richard-md_1763_2,710,0.27179,junk,,,,
ia_bim_eighteenth-century_a-new-and-accurate-syste_brookes-richard-md_1763_2,711,0.00534,junk,,,,
ia_bim_eighteenth-century_a-new-and-accurate-syste_brookes-richard-md_1763_2,712,0.00034,junk,,,,
ia_bim_eighteenth-century_a-new-and-accurate-syste_brookes-richard-md_1763_2,713,0.35582,junk,,,,
ia_bim_eighteenth-century_a-new-and-accurate-syste_brookes-richard-md_1763_2,714,0.05187,junk,,,,
ia_bim_eighteenth-century_a-new-and-accurate-syste_brookes-richard-md_1763_2,715,0.00273,junk,,,,
ia_bim_eighteenth-century_a-new-and-accurate-syste_brookes-richard-md_1763_2,716,0.35582,junk,,,,
ia_bim_eighteenth-century_a-new-and-accurate-syste_brookes-richard-md_1763_2,717,0.05187,junk,,,,
ia_bim_eighteenth-century_a-new-and-accurate-syste_brookes-richard-md_1763_2,718,0.00096,junk,,,,
ia_bim_eighteenth-century_a-new-and-accurate-syste_brookes-richard-md_1763_2,719,0.64989,non_junk,non_divine_teleology,0.01638,0.72173,0.26189
ia_bim_eighteenth-century_a-new-and-accurate-syste_brookes-richard-md_1763_2,720,0.00068,junk,,,,
ia_bim_eighteenth-century_a-new-and-accurate-syste_brookes-richard-md_1763_2,721,0.0478,junk,,,,
ia_bim_eighteenth-century_a-new-and-accurate-syste_brookes-richard-md_1763_2,722,0.01466,junk,,,,
ia_bim_eighteenth-century_a-new-and-accurate-syste_brookes-richard-md_1763_2,723,0.00931,junk,,,,
ia_bim_eighteenth-century_a-new-and-accurate-syste_brookes-richard-md_1763_2,724,0.0376,junk,,,,
ia_bim_eighteenth-century_a-new-and-accurate-syste_brookes-richard-md_1763_2,725,0.07218,junk,,,,
ia_bim_eighteenth-century_a-new-and-accurate-syste_brookes-richard-md_1763_2,726,0.02083,junk,,,,
ia_bim_eighteenth-century_a-new-and-accurate-syste_brookes-richard-md_1763_2,727,0.00582,junk,,,,
ia_bim_eighteenth-century_a-new-and-accurate-syste_brookes-richard-md_1763_2,728,0.07705,junk,,,,
ia_bim_eighteenth-century_a-new-and-accurate-syste_brookes-richard-md_1763_2,729,0.00518,junk,,,,
ia_bim_eighteenth-century_a-new-and-accurate-syste_brookes-richard-md_1763_2,730,0.01635,junk,,,,
ia_bim_eighteenth-century_a-new-and-accurate-syste_brookes-richard-md_1763_2,731,0.00032,junk,,,,
ia_bim_eighteenth-century_a-new-and-accurate-syste_brookes-richard-md_1763_2,732,0.00334,junk,,,,
ia_bim_eighteenth-century_a-new-and-accurate-syste_brookes-richard-md_1763_2,733,0.01635,junk,,,,
ia_bim_eighteenth-century_a-new-and-accurate-syste_brookes-richard-md_1763_2,734,0.00032,junk,,,,
ia_bim_eighteenth-century_a-new-and-accurate-syste_brookes-richard-md_1763_2,735,0.01734,junk,,,,
ia_bim_eighteenth-century_a-new-and-accurate-syste_brookes-richard-md_1763_2,736,0.00676,junk,,,,
ia_bim_eighteenth-century_a-new-and-accurate-syste_brookes-richard-md_1763_2,737,0.00071,junk,,,,
ia_bim_eighteenth-century_a-new-and-accurate-syste_brookes-richard-md_1763_2,738,0.04587,junk,,,,
ia_bim_eighteenth-century_a-new-and-accurate-syste_brookes-richard-md_1763_2,739,0.00207,junk,,,,
ia_bim_eighteenth-century_a-new-and-accurate-syste_brookes-richard-md_1763_2,740,0.32389,junk,,,,
ia_bim_eighteenth-century_a-new-and-accurate-syste_brookes-richard-md_1763_2,741,0.00618,junk,,,,
ia_bim_eighteenth-century_a-new-and-accurate-syste_brookes-richard-md_1763_2,742,0.32389,junk,,,,
ia_bim_eighteenth-century_a-new-and-accurate-syste_brookes-richard-md_1763_2,743,0.02404,junk,,,,
ia_bim_eighteenth-century_a-new-and-accurate-syste_brookes-richard-md_1763_2,744,0.00388,junk,,,,
ia_bim_eighteenth-century_a-new-and-accurate-syste_brookes-richard-md_1763_2,745,0.01034,junk,,,,
ia_bim_eighteenth-century_a-new-and-accurate-syste_brookes-richard-md_1763_2,746,0.00113,junk,,,,
ia_bim_eighteenth-century_a-new-and-accurate-syste_brookes-richard-md_1763_2,747,0.00284,junk,,,,
ia_bim_eighteenth-century_a-new-and-accurate-syste_brookes-richard-md_1763_2,748,0.06606,junk,,,,
ia_bim_eighteenth-century_a-new-and-accurate-syste_brookes-richard-md_1763_2,749,0.00983,junk,,,,
ia_bim_eighteenth-century_a-new-and-accurate-syste_brookes-richard-md_1763_2,750,0.02862,junk,,,,
ia_bim_eighteenth-century_a-new-and-accurate-syste_brookes-richard-md_1763_2,751,0.00357,junk,,,,
ia_bim_eighteenth-century_a-new-and-accurate-syste_brookes-richard-md_1763_2,752,0.91372,non_junk,non_divine_teleology,0.00994,0.98534,0.00472
ia_bim_eighteenth-century_a-new-and-accurate-syste_brookes-richard-md_1763_2,753,0.00362,junk,,,,
ia_bim_eighteenth-century_a-new-and-accurate-syste_brookes-richard-md_1763_2,754,0.0019,junk,,,,
ia_bim_eighteenth-century_a-new-and-accurate-syste_brookes-richard-md_1763_2,755,0.00848,junk,,,,
ia_bim_eighteenth-century_a-new-and-accurate-syste_brookes-richard-md_1763_2,756,0.00044,junk,,,,
ia_bim_eighteenth-century_a-new-and-accurate-syste_brookes-richard-md_1763_2,757,0.07791,junk,,,,
ia_bim_eighteenth-century_a-new-and-accurate-syste_brookes-richard-md_1763_2,758,0.00582,junk,,,,
ia_bim_eighteenth-century_a-new-and-accurate-syste_brookes-richard-md_1763_2,759,0.00237,junk,,,,
ia_bim_eighteenth-century_a-new-and-accurate-syste_brookes-richard-md_1763_2,760,0.00529,junk,,,,
ia_bim_eighteenth-century_a-new-and-accurate-syste_brookes-richard-md_1763_2,761,0.04003,junk,,,,
ia_bim_eighteenth-century_a-new-and-accurate-syste_brookes-richard-md_1763_2,762,0.08143,junk,,,,
ia_bim_eighteenth-century_a-new-and-accurate-syste_brookes-richard-md_1763_2,763,0.00102,junk,,,,
ia_bim_eighteenth-century_a-new-and-accurate-syste_brookes-richard-md_1763_2,764,0.03511,junk,,,,
ia_bim_eighteenth-century_a-new-and-accurate-syste_brookes-richard-md_1763_2,765,0.06804,junk,,,,
ia_bim_eighteenth-century_a-new-and-accurate-syste_brookes-richard-md_1763_2,766,0.0261,junk,,,,
ia_bim_eighteenth-century_a-new-and-accurate-syste_brookes-richard-md_1763_2,767,0.04752,junk,,,,
ia_bim_eighteenth-century_a-new-and-accurate-syste_brookes-richard-md_1763_2,768,0.00155,junk,,,,
ia_bim_eighteenth-century_a-new-and-accurate-syste_brookes-richard-md_1763_2,769,0.03189,junk,,,,
ia_bim_eighteenth-century_a-new-and-accurate-syste_brookes-richard-md_1763_2,770,0.73849,non_junk,non_divine_teleology,0.01957,0.90626,0.07417
ia_bim_eighteenth-century_a-new-and-accurate-syste_brookes-richard-md_1763_2,771,0.00274,junk,,,,
ia_bim_eighteenth-century_a-new-and-accurate-syste_brookes-richard-md_1763_2,772,0.00891,junk,,,,
ia_bim_eighteenth-century_a-new-and-accurate-syste_brookes-richard-md_1763_2,773,0.00199,junk,,,,
ia_bim_eighteenth-century_a-new-and-accurate-syste_brookes-richard-md_1763_2,774,0.98969,non_junk,non_divine_teleology,0.00459,0.93803,0.05738
ia_bim_eighteenth-century_a-new-and-accurate-syste_brookes-richard-md_1763_2,775,0.0025,junk,,,,
ia_bim_eighteenth-century_a-new-and-accurate-syste_brookes-richard-md_1763_2,776,0.06157,junk,,,,
ia_bim_eighteenth-century_a-new-and-accurate-syste_brookes-richard-md_1763_2,777,0.02655,junk,,,,
ia_bim_eighteenth-century_a-new-and-accurate-syste_brookes-richard-md_1763_2,778,0.01615,junk,,,,
ia_bim_eighteenth-century_a-new-and-accurate-syste_brookes-richard-md_1763_2,779,3e-05,junk,,,,
ia_bim_eighteenth-century_a-new-and-accurate-syste_brookes-richard-md_1763_2,780,0.65843,non_junk,non_divine_teleology,0.01602,0.78993,0.19405
ia_bim_eighteenth-century_a-new-and-accurate-syste_brookes-richard-md_1763_2,781,0.00026,junk,,,,
ia_bim_eighteenth-century_a-new-and-accurate-syste_brookes-richard-md_1763_2,782,0.00943,junk,,,,
ia_bim_eighteenth-century_a-new-and-accurate-syste_brookes-richard-md_1763_2,783,0.1162,junk,,,,
ia_bim_eighteenth-century_a-new-and-accurate-syste_brookes-richard-md_1763_2,784,0.19928,junk,,,,
ia_bim_eighteenth-century_a-new-and-accurate-syste_brookes-richard-md_1763_2,785,0.00546,junk,,,,
ia_bim_eighteenth-century_a-new-and-accurate-syste_brookes-richard-md_1763_2,786,0.00028,junk,,,,
ia_bim_eighteenth-century_a-new-and-accurate-syste_brookes-richard-md_1763_2,787,0.03522,junk,,,,
ia_bim_eighteenth-century_a-new-and-accurate-syste_brookes-richard-md_1763_2,788,0.00197,junk,,,,
ia_bim_eighteenth-century_a-new-and-accurate-syste_brookes-richard-md_1763_2,789,0.00694,junk,,,,
ia_bim_eighteenth-century_a-new-and-accurate-syste_brookes-richard-md_1763_2,790,0.00204,junk,,,,
ia_bim_eighteenth-century_a-new-and-accurate-syste_brookes-richard-md_1763_2,791,0.15135,junk,,,,
ia_bim_eighteenth-century_a-new-and-accurate-syste_brookes-richard-md_1763_2,792,0.00045,junk,,,,
ia_bim_eighteenth-century_a-new-and-accurate-syste_brookes-richard-md_1763_2,793,0.09669,junk,,,,
ia_bim_eighteenth-century_a-new-and-accurate-syste_brookes-richard-md_1763_2,794,0.15001,junk,,,,
ia_bim_eighteenth-century_a-new-and-accurate-syste_brookes-richard-md_1763_2,795,0.02326,junk,,,,
ia_bim_eighteenth-century_a-new-and-accurate-syste_brookes-richard-md_1763_2,796,0.59303,non_junk,non_divine_teleology,0.00619,0.62389,0.36992
ia_bim_eighteenth-century_a-new-and-accurate-syste_brookes-richard-md_1763_2,797,0.30726,junk,,,,
ia_bim_eighteenth-century_a-new-and-accurate-syste_brookes-richard-md_1763_2,798,0.00142,junk,,,,
ia_bim_eighteenth-century_a-new-and-accurate-syste_brookes-richard-md_1763_2,799,0.09736,junk,,,,
ia_bim_eighteenth-century_a-new-and-accurate-syste_brookes-richard-md_1763_2,800,0.00428,junk,,,,
ia_bim_eighteenth-century_a-new-and-accurate-syste_brookes-richard-md_1763_2,801,0.00054,junk,,,,
ia_bim_eighteenth-century_a-new-and-accurate-syste_brookes-richard-md_1763_2,802,0.15892,junk,,,,
ia_bim_eighteenth-century_a-new-and-accurate-syste_brookes-richard-md_1763_2,803,0.00112,junk,,,,
ia_bim_eighteenth-century_a-new-and-accurate-syste_brookes-richard-md_1763_2,804,0.00461,junk,,,,
ia_bim_eighteenth-century_a-new-and-accurate-syste_brookes-richard-md_1763_2,805,0.03652,junk,,,,
ia_bim_eighteenth-century_a-new-and-accurate-syste_brookes-richard-md_1763_2,806,0.0001,junk,,,,
ia_bim_eighteenth-century_a-new-and-accurate-syste_brookes-richard-md_1763_2,807,0.00267,junk,,,,
ia_bim_eighteenth-century_a-new-and-accurate-syste_brookes-richard-md_1763_2,808,0.00026,junk,,,,
ia_bim_eighteenth-century_a-new-and-accurate-syste_brookes-richard-md_1763_2,809,3e-05,junk,,,,
ia_bim_eighteenth-century_a-new-and-accurate-syste_brookes-richard-md_1763_2,810,0.16881,junk,,,,
ia_bim_eighteenth-century_a-new-and-accurate-syste_brookes-richard-md_1763_2,811,0.00063,junk,,,,
ia_bim_eighteenth-century_a-new-and-accurate-syste_brookes-richard-md_1763_2,812,0.27161,junk,,,,
ia_bim_eighteenth-century_a-new-and-accurate-syste_brookes-richard-md_1763_2,813,0.00376,junk,,,,
ia_bim_eighteenth-century_a-new-and-accurate-syste_brookes-richard-md_1763_2,814,0.03386,junk,,,,
ia_bim_eighteenth-century_a-new-and-accurate-syste_brookes-richard-md_1763_2,815,0.36579,junk,,,,
ia_bim_eighteenth-century_a-new-and-accurate-syste_brookes-richard-md_1763_2,816,0.00105,junk,,,,
ia_bim_eighteenth-century_a-new-and-accurate-syste_brookes-richard-md_1763_2,817,0.00045,junk,,,,
ia_bim_eighteenth-century_a-new-and-accurate-syste_brookes-richard-md_1763_2,818,0.02276,junk,,,,
ia_bim_eighteenth-century_a-new-and-accurate-syste_brookes-richard-md_1763_2,819,0.005,junk,,,,
ia_bim_eighteenth-century_a-new-and-accurate-syste_brookes-richard-md_1763_2,820,0.02793,junk,,,,
ia_bim_eighteenth-century_a-new-and-accurate-syste_brookes-richard-md_1763_2,821,0.0005,junk,,,,
ia_bim_eighteenth-century_a-new-and-accurate-syste_brookes-richard-md_1763_2,822,0.01263,junk,,,,
ia_bim_eighteenth-century_a-new-and-accurate-syste_brookes-richard-md_1763_2,823,0.00336,junk,,,,
ia_bim_eighteenth-century_a-new-and-accurate-syste_brookes-richard-md_1763_2,824,0.00418,junk,,,,
ia_bim_eighteenth-century_a-new-and-accurate-syste_brookes-richard-md_1763_2,825,0.07584,junk,,,,
ia_bim_eighteenth-century_a-new-and-accurate-syste_brookes-richard-md_1763_2,826,0.40409,junk,,,,
ia_bim_eighteenth-century_a-new-and-accurate-syste_brookes-richard-md_1763_2,827,0.00762,junk,,,,
ia_bim_eighteenth-century_a-new-and-accurate-syste_brookes-richard-md_1763_2,828,0.00043,junk,,,,
ia_bim_eighteenth-century_a-new-and-accurate-syste_brookes-richard-md_1763_2,829,0.02455,junk,,,,
ia_bim_eighteenth-century_a-new-and-accurate-syste_brookes-richard-md_1763_2,830,0.06218,junk,,,,
ia_bim_eighteenth-century_a-new-and-accurate-syste_brookes-richard-md_1763_2,831,0.06358,junk,,,,
ia_bim_eighteenth-century_a-new-and-accurate-syste_brookes-richard-md_1763_2,832,0.00175,junk,,,,
ia_bim_eighteenth-century_a-new-and-accurate-syste_brookes-richard-md_1763_2,833,0.01589,junk,,,,
ia_bim_eighteenth-century_a-new-and-accurate-syste_brookes-richard-md_1763_2,834,0.51961,non_junk,non_divine_teleology,0.0076,0.96793,0.02446
ia_bim_eighteenth-century_a-new-and-accurate-syste_brookes-richard-md_1763_2,835,0.01202,junk,,,,
ia_bim_eighteenth-century_a-new-and-accurate-syste_brookes-richard-md_1763_2,836,0.11666,junk,,,,
ia_bim_eighteenth-century_a-new-and-accurate-syste_brookes-richard-md_1763_2,837,0.08297,junk,,,,
ia_bim_eighteenth-century_a-new-and-accurate-syste_brookes-richard-md_1763_2,838,0.00129,junk,,,,
ia_bim_eighteenth-century_a-new-and-accurate-syste_brookes-richard-md_1763_2,839,0.05467,junk,,,,
ia_bim_eighteenth-century_a-new-and-accurate-syste_brookes-richard-md_1763_2,840,0.01929,junk,,,,
ia_bim_eighteenth-century_a-new-and-accurate-syste_brookes-richard-md_1763_2,841,0.0035,junk,,,,
ia_bim_eighteenth-century_a-new-and-accurate-syste_brookes-richard-md_1763_2,842,0.00874,junk,,,,
ia_bim_eighteenth-century_a-new-and-accurate-syste_brookes-richard-md_1763_2,843,0.00063,junk,,,,
ia_bim_eighteenth-century_a-new-and-accurate-syste_brookes-richard-md_1763_2,844,0.2219,junk,,,,
ia_bim_eighteenth-century_a-new-and-accurate-syste_brookes-richard-md_1763_2,845,0.00254,junk,,,,
ia_bim_eighteenth-century_a-new-and-accurate-syste_brookes-richard-md_1763_2,846,0.00065,junk,,,,
ia_bim_eighteenth-century_a-new-and-accurate-syste_brookes-richard-md_1763_2,847,0.00131,junk,,,,
ia_bim_eighteenth-century_a-new-and-accurate-syste_brookes-richard-md_1763_2,848,0.00051,junk,,,,
ia_bim_eighteenth-century_a-new-and-accurate-syste_brookes-richard-md_1763_2,849,0.00023,junk,,,,
ia_bim_eighteenth-century_a-new-and-accurate-syste_brookes-richard-md_1763_2,850,0.01438,junk,,,,
ia_bim_eighteenth-century_a-new-and-accurate-syste_brookes-richard-md_1763_2,851,0.0008,junk,,,,
ia_bim_eighteenth-century_a-new-and-accurate-syste_brookes-richard-md_1763_2,852,0.00081,junk,,,,
ia_bim_eighteenth-century_a-new-and-accurate-syste_brookes-richard-md_1763_2,853,0.00124,junk,,,,
ia_bim_eighteenth-century_a-new-and-accurate-syste_brookes-richard-md_1763_2,854,0.01439,junk,,,,
ia_bim_eighteenth-century_a-new-and-accurate-syste_brookes-richard-md_1763_2,855,0.03868,junk,,,,
ia_bim_eighteenth-century_a-new-and-accurate-syste_brookes-richard-md_1763_2,856,0.00417,junk,,,,
ia_bim_eighteenth-century_a-new-and-accurate-syste_brookes-richard-md_1763_2,857,0.0091,junk,,,,
ia_bim_eighteenth-century_a-new-and-accurate-syste_brookes-richard-md_1763_2,858,0.00067,junk,,,,
ia_bim_eighteenth-century_a-new-and-accurate-syste_brookes-richard-md_1763_2,859,0.46546,junk,,,,
ia_bim_eighteenth-century_a-new-and-accurate-syste_brookes-richard-md_1763_2,860,0.10189,junk,,,,
ia_bim_eighteenth-century_a-new-and-accurate-syste_brookes-richard-md_1763_2,861,0.00301,junk,,,,
ia_bim_eighteenth-century_a-new-and-accurate-syste_brookes-richard-md_1763_2,862,0.00158,junk,,,,
ia_bim_eighteenth-century_a-new-and-accurate-syste_brookes-richard-md_1763_2,863,0.01905,junk,,,,
ia_bim_eighteenth-century_a-new-and-accurate-syste_brookes-richard-md_1763_2,864,0.00043,junk,,,,
ia_bim_eighteenth-century_a-new-and-accurate-syste_brookes-richard-md_1763_2,865,0.0134,junk,,,,
ia_bim_eighteenth-century_a-new-and-accurate-syste_brookes-richard-md_1763_2,866,0.00212,junk,,,,
ia_bim_eighteenth-century_a-new-and-accurate-syste_brookes-richard-md_1763_2,867,0.00172,junk,,,,
ia_bim_eighteenth-century_a-new-and-accurate-syste_brookes-richard-md_1763_2,868,0.00096,junk,,,,
ia_bim_eighteenth-century_a-new-and-accurate-syste_brookes-richard-md_1763_2,869,0.00736,junk,,,,
ia_bim_eighteenth-century_a-new-and-accurate-syste_brookes-richard-md_1763_2,870,0.03842,junk,,,,
ia_bim_eighteenth-century_a-new-and-accurate-syste_brookes-richard-md_1763_2,871,0.00681,junk,,,,
ia_bim_eighteenth-century_a-new-and-accurate-syste_brookes-richard-md_1763_2,872,0.00317,junk,,,,
ia_bim_eighteenth-century_a-new-and-accurate-syste_brookes-richard-md_1763_2,873,0.01696,junk,,,,
ia_bim_eighteenth-century_a-new-and-accurate-syste_brookes-richard-md_1763_2,874,0.00111,junk,,,,
ia_bim_eighteenth-century_a-new-and-accurate-syste_brookes-richard-md_1763_2,875,0.0016,junk,,,,
ia_bim_eighteenth-century_a-new-and-accurate-syste_brookes-richard-md_1763_2,876,0.00228,junk,,,,
ia_bim_eighteenth-century_a-new-and-accurate-syste_brookes-richard-md_1763_2,877,0.45076,junk,,,,
ia_bim_eighteenth-century_a-new-and-accurate-syste_brookes-richard-md_1763_2,878,0.00067,junk,,,,
ia_bim_eighteenth-century_a-new-and-accurate-syste_brookes-richard-md_1763_2,879,0.00259,junk,,,,
ia_bim_eighteenth-century_a-new-and-accurate-syste_brookes-richard-md_1763_2,880,0.00469,junk,,,,
ia_bim_eighteenth-century_a-new-and-accurate-syste_brookes-richard-md_1763_2,881,0.00041,junk,,,,
ia_bim_eighteenth-century_a-new-and-accurate-syste_brookes-richard-md_1763_2,882,0.02533,junk,,,,
ia_bim_eighteenth-century_a-new-and-accurate-syste_brookes-richard-md_1763_2,883,0.06295,junk,,,,
ia_bim_eighteenth-century_a-new-and-accurate-syste_brookes-richard-md_1763_2,884,0.00229,junk,,,,
ia_bim_eighteenth-century_a-new-and-accurate-syste_brookes-richard-md_1763_2,885,0.00833,junk,,,,
ia_bim_eighteenth-century_a-new-and-accurate-syste_brookes-richard-md_1763_2,886,0.00732,junk,,,,
ia_bim_eighteenth-century_a-new-and-accurate-syste_brookes-richard-md_1763_2,887,0.05767,junk,,,,
ia_bim_eighteenth-century_a-new-and-accurate-syste_brookes-richard-md_1763_2,888,0.00734,junk,,,,
ia_bim_eighteenth-century_a-new-and-accurate-syste_brookes-richard-md_1763_2,889,0.00051,junk,,,,
ia_bim_eighteenth-century_a-new-and-accurate-syste_brookes-richard-md_1763_2,890,0.00325,junk,,,,
ia_bim_eighteenth-century_a-new-and-accurate-syste_brookes-richard-md_1763_2,891,0.00971,junk,,,,
ia_bim_eighteenth-century_a-new-and-accurate-syste_brookes-richard-md_1763_2,892,0.01004,junk,,,,
ia_bim_eighteenth-century_a-new-and-accurate-syste_brookes-richard-md_1763_2,893,0.00012,junk,,,,
ia_bim_eighteenth-century_a-new-and-accurate-syste_brookes-richard-md_1763_2,894,0.01588,junk,,,,
ia_bim_eighteenth-century_a-new-and-accurate-syste_brookes-richard-md_1763_2,895,0.00375,junk,,,,
ia_bim_eighteenth-century_a-new-and-accurate-syste_brookes-richard-md_1763_2,896,0.0005,junk,,,,
ia_bim_eighteenth-century_a-new-and-accurate-syste_brookes-richard-md_1763_2,897,0.02919,junk,,,,
ia_bim_eighteenth-century_a-new-and-accurate-syste_brookes-richard-md_1763_2,898,0.01526,junk,,,,
ia_bim_eighteenth-century_a-new-and-accurate-syste_brookes-richard-md_1763_2,899,0.00587,junk,,,,
ia_bim_eighteenth-century_a-new-and-accurate-syste_brookes-richard-md_1763_2,900,0.00031,junk,,,,
ia_bim_eighteenth-century_a-new-and-accurate-syste_brookes-richard-md_1763_2,901,0.00044,junk,,,,
ia_bim_eighteenth-century_a-new-and-accurate-syste_brookes-richard-md_1763_2,902,0.06437,junk,,,,
ia_bim_eighteenth-century_a-new-and-accurate-syste_brookes-richard-md_1763_2,903,0.00327,junk,,,,
ia_bim_eighteenth-century_a-new-and-accurate-syste_brookes-richard-md_1763_2,904,0.00428,junk,,,,
ia_bim_eighteenth-century_a-new-and-accurate-syste_brookes-richard-md_1763_2,905,0.01231,junk,,,,
ia_bim_eighteenth-century_a-new-and-accurate-syste_brookes-richard-md_1763_2,906,0.20377,junk,,,,
ia_bim_eighteenth-century_a-new-and-accurate-syste_brookes-richard-md_1763_2,907,0.06032,junk,,,,
ia_bim_eighteenth-century_a-new-and-accurate-syste_brookes-richard-md_1763_2,908,0.05017,junk,,,,
ia_bim_eighteenth-century_a-new-and-accurate-syste_brookes-richard-md_1763_2,909,0.01618,junk,,,,
ia_bim_eighteenth-century_a-new-and-accurate-syste_brookes-richard-md_1763_2,910,0.0041,junk,,,,
ia_bim_eighteenth-century_a-new-and-accurate-syste_brookes-richard-md_1763_2,911,0.02314,junk,,,,
ia_bim_eighteenth-century_a-new-and-accurate-syste_brookes-richard-md_1763_2,912,0.01465,junk,,,,
ia_bim_eighteenth-century_a-new-and-accurate-syste_brookes-richard-md_1763_2,913,0.01108,junk,,,,
ia_bim_eighteenth-century_a-new-and-accurate-syste_brookes-richard-md_1763_2,914,0.01647,junk,,,,
ia_bim_eighteenth-century_a-new-and-accurate-syste_brookes-richard-md_1763_2,915,0.00055,junk,,,,
ia_bim_eighteenth-century_a-new-and-accurate-syste_brookes-richard-md_1763_2,916,0.00309,junk,,,,
ia_bim_eighteenth-century_a-new-and-accurate-syste_brookes-richard-md_1763_2,917,0.00078,junk,,,,
ia_bim_eighteenth-century_a-new-and-accurate-syste_brookes-richard-md_1763_2,918,0.03867,junk,,,,
ia_bim_eighteenth-century_a-new-and-accurate-syste_brookes-richard-md_1763_2,919,0.0498,junk,,,,
ia_bim_eighteenth-century_a-new-and-accurate-syste_brookes-richard-md_1763_2,920,0.00053,junk,,,,
ia_bim_eighteenth-century_a-new-and-accurate-syste_brookes-richard-md_1763_2,921,0.00308,junk,,,,
ia_bim_eighteenth-century_a-new-and-accurate-syste_brookes-richard-md_1763_2,922,0.2755,junk,,,,
ia_bim_eighteenth-century_a-new-and-accurate-syste_brookes-richard-md_1763_2,923,0.02484,junk,,,,
ia_bim_eighteenth-century_a-new-and-accurate-syste_brookes-richard-md_1763_2,924,0.00041,junk,,,,
ia_bim_eighteenth-century_a-new-and-accurate-syste_brookes-richard-md_1763_2,925,0.00283,junk,,,,
ia_bim_eighteenth-century_a-new-and-accurate-syste_brookes-richard-md_1763_2,926,0.07157,junk,,,,
ia_bim_eighteenth-century_a-new-and-accurate-syste_brookes-richard-md_1763_2,927,0.00379,junk,,,,
ia_bim_eighteenth-century_a-new-and-accurate-syste_brookes-richard-md_1763_2,928,0.00264,junk,,,,
ia_bim_eighteenth-century_a-new-and-accurate-syste_brookes-richard-md_1763_2,929,0.00818,junk,,,,
ia_bim_eighteenth-century_a-new-and-accurate-syste_brookes-richard-md_1763_2,930,0.0179,junk,,,,
ia_bim_eighteenth-century_a-new-and-accurate-syste_brookes-richard-md_1763_2,931,0.00852,junk,,,,
ia_bim_eighteenth-century_a-new-and-accurate-syste_brookes-richard-md_1763_2,932,0.00052,junk,,,,
ia_bim_eighteenth-century_a-new-and-accurate-syste_brookes-richard-md_1763_2,933,0.01816,junk,,,,
ia_bim_eighteenth-century_a-new-and-accurate-syste_brookes-richard-md_1763_2,934,0.00171,junk,,,,
ia_bim_eighteenth-century_a-new-and-accurate-syste_brookes-richard-md_1763_2,935,0.12617,junk,,,,
ia_bim_eighteenth-century_a-new-and-accurate-syste_brookes-richard-md_1763_2,936,0.00196,junk,,,,
ia_bim_eighteenth-century_a-new-and-accurate-syste_brookes-richard-md_1763_2,937,0.02366,junk,,,,
ia_bim_eighteenth-century_a-new-and-accurate-syste_brookes-richard-md_1763_2,938,0.0044,junk,,,,
ia_bim_eighteenth-century_a-new-and-accurate-syste_brookes-richard-md_1763_2,939,0.06891,junk,,,,
ia_bim_eighteenth-century_a-new-and-accurate-syste_brookes-richard-md_1763_2,940,0.07915,junk,,,,
ia_bim_eighteenth-century_a-new-and-accurate-syste_brookes-richard-md_1763_2,941,0.06891,junk,,,,
ia_bim_eighteenth-century_a-new-and-accurate-syste_brookes-richard-md_1763_2,942,0.03702,junk,,,,
ia_bim_eighteenth-century_a-new-and-accurate-syste_brookes-richard-md_1763_2,943,0.05045,junk,,,,
ia_bim_eighteenth-century_a-new-and-accurate-syste_brookes-richard-md_1763_2,944,0.00866,junk,,,,
ia_bim_eighteenth-century_a-new-and-accurate-syste_brookes-richard-md_1763_2,945,0.01133,junk,,,,
ia_bim_eighteenth-century_a-new-and-accurate-syste_brookes-richard-md_1763_2,946,0.01329,junk,,,,
ia_bim_eighteenth-century_a-new-and-accurate-syste_brookes-richard-md_1763_2,947,0.00283,junk,,,,
ia_bim_eighteenth-century_a-new-and-accurate-syste_brookes-richard-md_1763_2,948,0.00398,junk,,,,
ia_bim_eighteenth-century_a-new-and-accurate-syste_brookes-richard-md_1763_2,949,0.00413,junk,,,,
ia_bim_eighteenth-century_a-new-and-accurate-syste_brookes-richard-md_1763_2,950,0.00301,junk,,,,
ia_bim_eighteenth-century_a-new-and-accurate-syste_brookes-richard-md_1763_2,951,0.00367,junk,,,,
ia_bim_eighteenth-century_a-new-and-accurate-syste_brookes-richard-md_1763_2,952,0.01221,junk,,,,
ia_bim_eighteenth-century_a-new-and-accurate-syste_brookes-richard-md_1763_2,953,0.10504,junk,,,,
ia_bim_eighteenth-century_a-new-and-accurate-syste_brookes-richard-md_1763_2,954,0.00203,junk,,,,
ia_bim_eighteenth-century_a-new-and-accurate-syste_brookes-richard-md_1763_2,955,0.15462,junk,,,,
ia_bim_eighteenth-century_a-new-and-accurate-syste_brookes-richard-md_1763_2,956,0.1201,junk,,,,
ia_bim_eighteenth-century_a-new-and-accurate-syste_brookes-richard-md_1763_2,957,0.01593,junk,,,,
ia_bim_eighteenth-century_a-new-and-accurate-syste_brookes-richard-md_1763_2,958,0.00063,junk,,,,
ia_bim_eighteenth-century_a-new-and-accurate-syste_brookes-richard-md_1763_2,959,0.00393,junk,,,,
ia_bim_eighteenth-century_a-new-and-accurate-syste_brookes-richard-md_1763_2,960,0.01088,junk,,,,
ia_bim_eighteenth-century_a-new-and-accurate-syste_brookes-richard-md_1763_2,961,0.03351,junk,,,,
ia_bim_eighteenth-century_a-new-and-accurate-syste_brookes-richard-md_1763_2,962,0.03599,junk,,,,
ia_bim_eighteenth-century_a-new-and-accurate-syste_brookes-richard-md_1763_2,963,0.0076,junk,,,,
ia_bim_eighteenth-century_a-new-and-accurate-syste_brookes-richard-md_1763_2,964,0.00213,junk,,,,
ia_bim_eighteenth-century_a-new-and-accurate-syste_brookes-richard-md_1763_2,965,0.13742,junk,,,,
ia_bim_eighteenth-century_a-new-and-accurate-syste_brookes-richard-md_1763_2,966,0.00285,junk,,,,
ia_bim_eighteenth-century_a-new-and-accurate-syste_brookes-richard-md_1763_2,967,0.13742,junk,,,,
ia_bim_eighteenth-century_a-new-and-accurate-syste_brookes-richard-md_1763_2,968,0.00285,junk,,,,
ia_bim_eighteenth-century_a-new-and-accurate-syste_brookes-richard-md_1763_2,969,0.0324,junk,,,,
ia_bim_eighteenth-century_a-new-and-accurate-syste_brookes-richard-md_1763_2,970,0.00083,junk,,,,
ia_bim_eighteenth-century_a-new-and-accurate-syste_brookes-richard-md_1763_2,971,0.00676,junk,,,,
ia_bim_eighteenth-century_a-new-and-accurate-syste_brookes-richard-md_1763_2,972,0.00641,junk,,,,
ia_bim_eighteenth-century_a-new-and-accurate-syste_brookes-richard-md_1763_2,973,0.00883,junk,,,,
ia_bim_eighteenth-century_a-new-and-accurate-syste_brookes-richard-md_1763_2,974,0.00057,junk,,,,
ia_bim_eighteenth-century_a-new-and-accurate-syste_brookes-richard-md_1763_2,975,0.00102,junk,,,,
ia_bim_eighteenth-century_a-new-and-accurate-syste_brookes-richard-md_1763_2,976,0.02208,junk,,,,
ia_bim_eighteenth-century_a-new-and-accurate-syste_brookes-richard-md_1763_2,977,0.00097,junk,,,,
ia_bim_eighteenth-century_a-new-and-accurate-syste_brookes-richard-md_1763_2,978,0.00405,junk,,,,
ia_bim_eighteenth-century_a-new-and-accurate-syste_brookes-richard-md_1763_2,979,0.00538,junk,,,,
ia_bim_eighteenth-century_a-new-and-accurate-syste_brookes-richard-md_1763_2,980,0.00293,junk,,,,
ia_bim_eighteenth-century_a-new-and-accurate-syste_brookes-richard-md_1763_2,981,0.00391,junk,,,,
ia_bim_eighteenth-century_a-new-and-accurate-syste_brookes-richard-md_1763_2,982,0.00034,junk,,,,
ia_bim_eighteenth-century_a-new-and-accurate-syste_brookes-richard-md_1763_2,983,0.04934,junk,,,,
ia_bim_eighteenth-century_a-new-and-accurate-syste_brookes-richard-md_1763_2,984,0.02655,junk,,,,
ia_bim_eighteenth-century_a-new-and-accurate-syste_brookes-richard-md_1763_2,985,0.0021,junk,,,,
ia_bim_eighteenth-century_a-new-and-accurate-syste_brookes-richard-md_1763_2,986,0.0154,junk,,,,
ia_bim_eighteenth-century_a-new-and-accurate-syste_brookes-richard-md_1763_2,987,0.00146,junk,,,,
ia_bim_eighteenth-century_a-new-and-accurate-syste_brookes-richard-md_1763_2,988,0.0021,junk,,,,
ia_bim_eighteenth-century_a-new-and-accurate-syste_brookes-richard-md_1763_2,989,0.0154,junk,,,,
ia_bim_eighteenth-century_a-new-and-accurate-syste_brookes-richard-md_1763_2,990,0.00196,junk,,,,
ia_bim_eighteenth-century_a-new-and-accurate-syste_brookes-richard-md_1763_2,991,0.02734,junk,,,,
ia_bim_eighteenth-century_a-new-and-accurate-syste_brookes-richard-md_1763_2,992,0.03943,junk,,,,
ia_bim_eighteenth-century_a-new-and-accurate-syste_brookes-richard-md_1763_2,993,0.00394,junk,,,,
ia_bim_eighteenth-century_a-new-and-accurate-syste_brookes-richard-md_1763_2,994,0.00519,junk,,,,
ia_bim_eighteenth-century_a-new-and-accurate-syste_brookes-richard-md_1763_2,995,0.02737,junk,,,,
ia_bim_eighteenth-century_a-new-and-accurate-syste_brookes-richard-md_1763_2,996,0.02416,junk,,,,
ia_bim_eighteenth-century_a-new-and-accurate-syste_brookes-richard-md_1763_2,997,0.05003,junk,,,,
ia_bim_eighteenth-century_a-new-and-accurate-syste_brookes-richard-md_1763_2,998,0.00123,junk,,,,
ia_bim_eighteenth-century_a-new-and-accurate-syste_brookes-richard-md_1763_2,999,0.0126,junk,,,,
ia_bim_eighteenth-century_a-new-and-accurate-syste_brookes-richard-md_1763_2,1000,0.01243,junk,,,,
ia_bim_eighteenth-century_a-new-and-accurate-syste_brookes-richard-md_1763_2,1001,0.00181,junk,,,,
ia_bim_eighteenth-century_a-new-and-accurate-syste_brookes-richard-md_1763_2,1002,0.00076,junk,,,,
ia_bim_eighteenth-century_a-new-and-accurate-syste_brookes-richard-md_1763_2,1003,0.00102,junk,,,,
ia_bim_eighteenth-century_a-new-and-accurate-syste_brookes-richard-md_1763_2,1004,0.00629,junk,,,,
ia_bim_eighteenth-century_a-new-and-accurate-syste_brookes-richard-md_1763_2,1005,0.00064,junk,,,,
ia_bim_eighteenth-century_a-new-and-accurate-syste_brookes-richard-md_1763_2,1006,0.02753,junk,,,,
ia_bim_eighteenth-century_a-new-and-accurate-syste_brookes-richard-md_1763_2,1007,0.01513,junk,,,,
ia_bim_eighteenth-century_a-new-and-accurate-syste_brookes-richard-md_1763_2,1008,0.00936,junk,,,,
ia_bim_eighteenth-century_a-new-and-accurate-syste_brookes-richard-md_1763_2,1009,0.00196,junk,,,,
ia_bim_eighteenth-century_a-new-and-accurate-syste_brookes-richard-md_1763_2,1010,0.00131,junk,,,,
ia_bim_eighteenth-century_a-new-and-accurate-syste_brookes-richard-md_1763_2,1011,7e-05,junk,,,,
ia_bim_eighteenth-century_a-new-and-accurate-syste_brookes-richard-md_1763_2,1012,0.01369,junk,,,,
ia_bim_eighteenth-century_a-new-and-accurate-syste_brookes-richard-md_1763_2,1013,0.13917,junk,,,,
ia_bim_eighteenth-century_a-new-and-accurate-syste_brookes-richard-md_1763_2,1014,0.00057,junk,,,,
ia_bim_eighteenth-century_a-new-and-accurate-syste_brookes-richard-md_1763_2,1015,0.0044,junk,,,,
ia_bim_eighteenth-century_a-new-and-accurate-syste_brookes-richard-md_1763_2,1016,0.00138,junk,,,,
ia_bim_eighteenth-century_a-new-and-accurate-syste_brookes-richard-md_1763_2,1017,0.00138,junk,,,,
ia_bim_eighteenth-century_a-new-and-accurate-syste_brookes-richard-md_1763_2,1018,0.00763,junk,,,,
ia_bim_eighteenth-century_a-new-and-accurate-syste_brookes-richard-md_1763_2,1019,0.00797,junk,,,,
ia_bim_eighteenth-century_a-new-and-accurate-syste_brookes-richard-md_1763_2,1020,0.01127,junk,,,,
ia_bim_eighteenth-century_a-new-and-accurate-syste_brookes-richard-md_1763_2,1021,0.00172,junk,,,,
ia_bim_eighteenth-century_a-new-and-accurate-syste_brookes-richard-md_1763_2,1022,0.00198,junk,,,,
ia_bim_eighteenth-century_a-new-and-accurate-syste_brookes-richard-md_1763_2,1023,0.00248,junk,,,,
ia_bim_eighteenth-century_a-new-and-accurate-syste_brookes-richard-md_1763_2,1024,0.00123,junk,,,,
ia_bim_eighteenth-century_a-new-and-accurate-syste_brookes-richard-md_1763_2,1025,0.01061,junk,,,,
ia_bim_eighteenth-century_a-new-and-accurate-syste_brookes-richard-md_1763_2,1026,0.005,junk,,,,
ia_bim_eighteenth-century_a-new-and-accurate-syste_brookes-richard-md_1763_2,1027,0.0005,junk,,,,
ia_bim_eighteenth-century_a-new-and-accurate-syste_brookes-richard-md_1763_2,1028,0.00558,junk,,,,
ia_bim_eighteenth-century_a-new-and-accurate-syste_brookes-richard-md_1763_2,1029,0.00455,junk,,,,
ia_bim_eighteenth-century_a-new-and-accurate-syste_brookes-richard-md_1763_2,1030,0.00179,junk,,,,
ia_bim_eighteenth-century_a-new-and-accurate-syste_brookes-richard-md_1763_2,1031,0.00055,junk,,,,
ia_bim_eighteenth-century_a-new-and-accurate-syste_brookes-richard-md_1763_2,1032,0.00065,junk,,,,
ia_bim_eighteenth-century_a-new-and-accurate-syste_brookes-richard-md_1763_2,1033,0.02502,junk,,,,
ia_bim_eighteenth-century_a-new-and-accurate-syste_brookes-richard-md_1763_2,1034,0.00223,junk,,,,
ia_bim_eighteenth-century_a-new-and-accurate-syste_brookes-richard-md_1763_2,1035,0.01672,junk,,,,
ia_bim_eighteenth-century_a-new-and-accurate-syste_brookes-richard-md_1763_2,1036,0.96709,non_junk,non_divine_teleology,0.00924,0.96007,0.03069
ia_bim_eighteenth-century_a-new-and-accurate-syste_brookes-richard-md_1763_2,1037,0.50449,non_junk,non_divine_teleology,0.02482,0.94864,0.02654
ia_bim_eighteenth-century_a-new-and-accurate-syste_brookes-richard-md_1763_2,1038,0.04043,junk,,,,
ia_bim_eighteenth-century_a-new-and-accurate-syste_brookes-richard-md_1763_2,1039,0.0224,junk,,,,
ia_bim_eighteenth-century_a-new-and-accurate-syste_brookes-richard-md_1763_2,1040,0.0001,junk,,,,
ia_bim_eighteenth-century_a-new-and-accurate-syste_brookes-richard-md_1763_2,1041,0.00026,junk,,,,
ia_bim_eighteenth-century_a-new-and-accurate-syste_brookes-richard-md_1763_2,1042,0.00089,junk,,,,
ia_bim_eighteenth-century_a-new-and-accurate-syste_brookes-richard-md_1763_2,1043,0.00049,junk,,,,
ia_bim_eighteenth-century_a-new-and-accurate-syste_brookes-richard-md_1763_2,1044,0.00034,junk,,,,
ia_bim_eighteenth-century_a-new-and-accurate-syste_brookes-richard-md_1763_2,1045,0.00014,junk,,,,
ia_bim_eighteenth-century_a-new-and-accurate-syste_brookes-richard-md_1763_2,1046,0.00363,junk,,,,
ia_bim_eighteenth-century_a-new-and-accurate-syste_brookes-richard-md_1763_2,1047,0.0008,junk,,,,
ia_bim_eighteenth-century_a-new-and-accurate-syste_brookes-richard-md_1763_2,1048,0.00298,junk,,,,
ia_bim_eighteenth-century_a-new-and-accurate-syste_brookes-richard-md_1763_2,1049,0.00389,junk,,,,
ia_bim_eighteenth-century_a-new-and-accurate-syste_brookes-richard-md_1763_2,1050,0.00382,junk,,,,
ia_bim_eighteenth-century_a-new-and-accurate-syste_brookes-richard-md_1763_2,1051,0.00228,junk,,,,
ia_bim_eighteenth-century_a-new-and-accurate-syste_brookes-richard-md_1763_2,1052,0.00034,junk,,,,
ia_bim_eighteenth-century_a-new-and-accurate-syste_brookes-richard-md_1763_2,1053,0.00071,junk,,,,
ia_bim_eighteenth-century_a-new-and-accurate-syste_brookes-richard-md_1763_2,1054,0.00071,junk,,,,
ia_bim_eighteenth-century_a-new-and-accurate-syste_brookes-richard-md_1763_2,1055,0.00074,junk,,,,
ia_bim_eighteenth-century_a-new-and-accurate-syste_brookes-richard-md_1763_2,1056,0.00612,junk,,,,
ia_bim_eighteenth-century_a-new-and-accurate-syste_brookes-richard-md_1763_2,1057,0.00095,junk,,,,
ia_bim_eighteenth-century_a-new-and-accurate-syste_brookes-richard-md_1763_2,1058,0.00066,junk,,,,
ia_bim_eighteenth-century_a-new-and-accurate-syste_brookes-richard-md_1763_2,1059,5e-05,junk,,,,
ia_bim_eighteenth-century_a-new-and-accurate-syste_brookes-richard-md_1763_2,1060,0.00107,junk,,,,
ia_bim_eighteenth-century_a-new-and-accurate-syste_brookes-richard-md_1763_2,1061,0.00191,junk,,,,
ia_bim_eighteenth-century_a-new-and-accurate-syste_brookes-richard-md_1763_2,1062,0.00181,junk,,,,
ia_bim_eighteenth-century_a-new-and-accurate-syste_brookes-richard-md_1763_2,1063,0.00134,junk,,,,
