uid,sent_id,gate_prob_nonjunk,gate_pred,s2_pred,s2_p_divine_teleology,s2_p_non_divine_teleology,s2_p_internal_essence
ia_bim_eighteenth-century_histoire-naturelle-eng_leclerc-georges-louis-_1791,1,0.00046,junk,,,,
ia_bim_eighteenth-century_histoire-naturelle-eng_leclerc-georges-louis-_1791,2,0.00045,junk,,,,
ia_bim_eighteenth-century_histoire-naturelle-eng_leclerc-georges-louis-_1791,4,0.10175,junk,,,,
ia_bim_eighteenth-century_histoire-naturelle-eng_leclerc-georges-louis-_1791,5,0.00542,junk,,,,
ia_bim_eighteenth-century_histoire-naturelle-eng_leclerc-georges-louis-_1791,6,0.0118,junk,,,,
ia_bim_eighteenth-century_histoire-naturelle-eng_leclerc-georges-louis-_1791,9,0.01486,junk,,,,
ia_bim_eighteenth-century_histoire-naturelle-eng_leclerc-georges-louis-_1791,10,0.00104,junk,,,,
ia_bim_eighteenth-century_histoire-naturelle-eng_leclerc-georges-louis-_1791,12,0.00146,junk,,,,
ia_bim_eighteenth-century_histoire-naturelle-eng_leclerc-georges-louis-_1791,13,0.00258,junk,,,,
ia_bim_eighteenth-century_histoire-naturelle-eng_leclerc-georges-louis-_1791,14,0.02388,junk,,,,
ia_bim_eighteenth-century_histoire-naturelle-eng_leclerc-georges-louis-_1791,16,0.00141,junk,,,,
ia_bim_eighteenth-century_histoire-naturelle-eng_leclerc-georges-louis-_1791,18,0.00796,junk,,,,
ia_bim_eighteenth-century_histoire-naturelle-eng_leclerc-georges-louis-_1791,19,0.00033,junk,,,,
ia_bim_eighteenth-century_histoire-naturelle-eng_leclerc-georges-louis-_1791,20,0.00472,junk,,,,
ia_bim_eighteenth-century_histoire-naturelle-eng_leclerc-georges-louis-_1791,21,0.0353,junk,,,,
ia_bim_eighteenth-century_histoire-naturelle-eng_leclerc-georges-louis-_1791,22,0.14666,junk,,,,
ia_bim_eighteenth-century_histoire-naturelle-eng_leclerc-georges-louis-_1791,23,0.76804,non_junk,non_divine_teleology,0.0115,0.66682,0.32167
ia_bim_eighteenth-century_histoire-naturelle-eng_leclerc-georges-louis-_1791,25,0.93633,non_junk,non_divine_teleology,0.02391,0.88296,0.09313
ia_bim_eighteenth-century_histoire-naturelle-eng_leclerc-georges-louis-_1791,26,0.9987,non_junk,non_divine_teleology,0.11977,0.87181,0.00842
ia_bim_eighteenth-century_histoire-naturelle-eng_leclerc-georges-louis-_1791,27,0.00179,junk,,,,
ia_bim_eighteenth-century_histoire-naturelle-eng_leclerc-georges-louis-_1791,28,0.01026,junk,,,,
ia_bim_eighteenth-century_histoire-naturelle-eng_leclerc-georges-louis-_1791,29,0.44476,junk,,,,
ia_bim_eighteenth-century_histoire-naturelle-eng_leclerc-georges-louis-_1791,33,0.00169,junk,,,,
ia_bim_eighteenth-century_histoire-naturelle-eng_leclerc-georges-louis-_1791,35,0.00202,junk,,,,
ia_bim_eighteenth-century_histoire-naturelle-eng_leclerc-georges-louis-_1791,36,0.06177,junk,,,,
ia_bim_eighteenth-century_histoire-naturelle-eng_leclerc-georges-louis-_1791,37,0.00176,junk,,,,
ia_bim_eighteenth-century_histoire-naturelle-eng_leclerc-georges-louis-_1791,38,7e-05,junk,,,,
ia_bim_eighteenth-century_histoire-naturelle-eng_leclerc-georges-louis-_1791,40,0.01113,junk,,,,
ia_bim_eighteenth-century_histoire-naturelle-eng_leclerc-georges-louis-_1791,41,0.00021,junk,,,,
ia_bim_eighteenth-century_histoire-naturelle-eng_leclerc-georges-louis-_1791,42,0.00049,junk,,,,
ia_bim_eighteenth-century_histoire-naturelle-eng_leclerc-georges-louis-_1791,43,0.00537,junk,,,,
ia_bim_eighteenth-century_histoire-naturelle-eng_leclerc-georges-louis-_1791,44,0.00167,junk,,,,
ia_bim_eighteenth-century_histoire-naturelle-eng_leclerc-georges-louis-_1791,46,0.00065,junk,,,,
ia_bim_eighteenth-century_histoire-naturelle-eng_leclerc-georges-louis-_1791,47,0.00013,junk,,,,
ia_bim_eighteenth-century_histoire-naturelle-eng_leclerc-georges-louis-_1791,48,0.00084,junk,,,,
ia_bim_eighteenth-century_histoire-naturelle-eng_leclerc-georges-louis-_1791,50,0.00111,junk,,,,
ia_bim_eighteenth-century_histoire-naturelle-eng_leclerc-georges-louis-_1791,52,0.22732,junk,,,,
ia_bim_eighteenth-century_histoire-naturelle-eng_leclerc-georges-louis-_1791,53,0.02569,junk,,,,
ia_bim_eighteenth-century_histoire-naturelle-eng_leclerc-georges-louis-_1791,55,0.00166,junk,,,,
ia_bim_eighteenth-century_histoire-naturelle-eng_leclerc-georges-louis-_1791,56,0.02569,junk,,,,
ia_bim_eighteenth-century_histoire-naturelle-eng_leclerc-georges-louis-_1791,58,0.00166,junk,,,,
ia_bim_eighteenth-century_histoire-naturelle-eng_leclerc-georges-louis-_1791,60,0.82692,non_junk,non_divine_teleology,0.01609,0.56018,0.42373
ia_bim_eighteenth-century_histoire-naturelle-eng_leclerc-georges-louis-_1791,61,0.73771,non_junk,internal_essence,0.00552,0.23334,0.76114
ia_bim_eighteenth-century_histoire-naturelle-eng_leclerc-georges-louis-_1791,62,0.01776,junk,,,,
ia_bim_eighteenth-century_histoire-naturelle-eng_leclerc-georges-louis-_1791,63,0.00866,junk,,,,
ia_bim_eighteenth-century_histoire-naturelle-eng_leclerc-georges-louis-_1791,65,0.00545,junk,,,,
ia_bim_eighteenth-century_histoire-naturelle-eng_leclerc-georges-louis-_1791,66,0.00068,junk,,,,
ia_bim_eighteenth-century_histoire-naturelle-eng_leclerc-georges-louis-_1791,67,0.00545,junk,,,,
ia_bim_eighteenth-century_histoire-naturelle-eng_leclerc-georges-louis-_1791,69,0.00157,junk,,,,
ia_bim_eighteenth-century_histoire-naturelle-eng_leclerc-georges-louis-_1791,70,0.00183,junk,,,,
ia_bim_eighteenth-century_histoire-naturelle-eng_leclerc-georges-louis-_1791,73,0.97815,non_junk,non_divine_teleology,0.01642,0.9635,0.02008
ia_bim_eighteenth-century_histoire-naturelle-eng_leclerc-georges-louis-_1791,75,0.56831,non_junk,non_divine_teleology,0.01099,0.71314,0.27588
ia_bim_eighteenth-century_histoire-naturelle-eng_leclerc-georges-louis-_1791,77,0.00706,junk,,,,
ia_bim_eighteenth-century_histoire-naturelle-eng_leclerc-georges-louis-_1791,78,0.56831,non_junk,non_divine_teleology,0.01099,0.71314,0.27588
ia_bim_eighteenth-century_histoire-naturelle-eng_leclerc-georges-louis-_1791,79,0.00804,junk,,,,
ia_bim_eighteenth-century_histoire-naturelle-eng_leclerc-georges-louis-_1791,80,0.01498,junk,,,,
ia_bim_eighteenth-century_histoire-naturelle-eng_leclerc-georges-louis-_1791,81,0.78752,non_junk,internal_essence,0.02773,0.16959,0.80268
ia_bim_eighteenth-century_histoire-naturelle-eng_leclerc-georges-louis-_1791,82,0.99967,non_junk,non_divine_teleology,0.01495,0.96354,0.0215
ia_bim_eighteenth-century_histoire-naturelle-eng_leclerc-georges-louis-_1791,84,0.99967,non_junk,non_divine_teleology,0.01495,0.96354,0.0215
ia_bim_eighteenth-century_histoire-naturelle-eng_leclerc-georges-louis-_1791,85,0.00256,junk,,,,
ia_bim_eighteenth-century_histoire-naturelle-eng_leclerc-georges-louis-_1791,86,0.00051,junk,,,,
ia_bim_eighteenth-century_histoire-naturelle-eng_leclerc-georges-louis-_1791,87,0.12106,junk,,,,
ia_bim_eighteenth-century_histoire-naturelle-eng_leclerc-georges-louis-_1791,89,0.03856,junk,,,,
ia_bim_eighteenth-century_histoire-naturelle-eng_leclerc-georges-louis-_1791,92,0.03629,junk,,,,
ia_bim_eighteenth-century_histoire-naturelle-eng_leclerc-georges-louis-_1791,93,0.24955,junk,,,,
ia_bim_eighteenth-century_histoire-naturelle-eng_leclerc-georges-louis-_1791,96,0.02397,junk,,,,
ia_bim_eighteenth-century_histoire-naturelle-eng_leclerc-georges-louis-_1791,98,0.2859,junk,,,,
ia_bim_eighteenth-century_histoire-naturelle-eng_leclerc-georges-louis-_1791,99,0.48392,junk,,,,
ia_bim_eighteenth-century_histoire-naturelle-eng_leclerc-georges-louis-_1791,100,0.44306,junk,,,,
ia_bim_eighteenth-century_histoire-naturelle-eng_leclerc-georges-louis-_1791,102,0.44306,junk,,,,
ia_bim_eighteenth-century_histoire-naturelle-eng_leclerc-georges-louis-_1791,104,0.90657,non_junk,non_divine_teleology,0.00707,0.9877,0.00523
ia_bim_eighteenth-century_histoire-naturelle-eng_leclerc-georges-louis-_1791,105,0.29458,junk,,,,
ia_bim_eighteenth-century_histoire-naturelle-eng_leclerc-georges-louis-_1791,106,0.64731,non_junk,non_divine_teleology,0.06,0.70661,0.23339
ia_bim_eighteenth-century_histoire-naturelle-eng_leclerc-georges-louis-_1791,108,0.29458,junk,,,,
ia_bim_eighteenth-century_histoire-naturelle-eng_leclerc-georges-louis-_1791,109,0.64731,non_junk,non_divine_teleology,0.06,0.70661,0.23339
ia_bim_eighteenth-century_histoire-naturelle-eng_leclerc-georges-louis-_1791,110,0.03831,junk,,,,
ia_bim_eighteenth-century_histoire-naturelle-eng_leclerc-georges-louis-_1791,111,0.38628,junk,,,,
ia_bim_eighteenth-century_histoire-naturelle-eng_leclerc-georges-louis-_1791,114,0.00224,junk,,,,
ia_bim_eighteenth-century_histoire-naturelle-eng_leclerc-georges-louis-_1791,115,0.99439,non_junk,non_divine_teleology,0.00603,0.99175,0.00222
ia_bim_eighteenth-century_histoire-naturelle-eng_leclerc-georges-louis-_1791,117,0.00224,junk,,,,
ia_bim_eighteenth-century_histoire-naturelle-eng_leclerc-georges-louis-_1791,118,0.99439,non_junk,non_divine_teleology,0.00603,0.99175,0.00222
ia_bim_eighteenth-century_histoire-naturelle-eng_leclerc-georges-louis-_1791,119,0.01098,junk,,,,
ia_bim_eighteenth-century_histoire-naturelle-eng_leclerc-georges-louis-_1791,120,0.25263,junk,,,,
ia_bim_eighteenth-century_histoire-naturelle-eng_leclerc-georges-louis-_1791,121,0.01098,junk,,,,
ia_bim_eighteenth-century_histoire-naturelle-eng_leclerc-georges-louis-_1791,122,0.15268,junk,,,,
ia_bim_eighteenth-century_histoire-naturelle-eng_leclerc-georges-louis-_1791,125,0.07138,junk,,,,
ia_bim_eighteenth-century_histoire-naturelle-eng_leclerc-georges-louis-_1791,128,0.0039,junk,,,,
ia_bim_eighteenth-century_histoire-naturelle-eng_leclerc-georges-louis-_1791,129,0.00142,junk,,,,
ia_bim_eighteenth-century_histoire-naturelle-eng_leclerc-georges-louis-_1791,131,0.0039,junk,,,,
ia_bim_eighteenth-century_histoire-naturelle-eng_leclerc-georges-louis-_1791,132,0.00125,junk,,,,
ia_bim_eighteenth-century_histoire-naturelle-eng_leclerc-georges-louis-_1791,133,0.02094,junk,,,,
ia_bim_eighteenth-century_histoire-naturelle-eng_leclerc-georges-louis-_1791,134,0.0021,junk,,,,
ia_bim_eighteenth-century_histoire-naturelle-eng_leclerc-georges-louis-_1791,135,0.29438,junk,,,,
ia_bim_eighteenth-century_histoire-naturelle-eng_leclerc-georges-louis-_1791,136,0.0021,junk,,,,
ia_bim_eighteenth-century_histoire-naturelle-eng_leclerc-georges-louis-_1791,137,0.77064,non_junk,internal_essence,0.07117,0.17877,0.75006
ia_bim_eighteenth-century_histoire-naturelle-eng_leclerc-georges-louis-_1791,139,0.86594,non_junk,non_divine_teleology,0.12062,0.75245,0.12693
ia_bim_eighteenth-century_histoire-naturelle-eng_leclerc-georges-louis-_1791,140,0.00736,junk,,,,
ia_bim_eighteenth-century_histoire-naturelle-eng_leclerc-georges-louis-_1791,143,0.63633,non_junk,non_divine_teleology,0.00836,0.90139,0.09025
ia_bim_eighteenth-century_histoire-naturelle-eng_leclerc-georges-louis-_1791,145,0.63633,non_junk,non_divine_teleology,0.00836,0.90139,0.09025
ia_bim_eighteenth-century_histoire-naturelle-eng_leclerc-georges-louis-_1791,146,0.18374,junk,,,,
ia_bim_eighteenth-century_histoire-naturelle-eng_leclerc-georges-louis-_1791,148,0.44377,junk,,,,
ia_bim_eighteenth-century_histoire-naturelle-eng_leclerc-georges-louis-_1791,150,0.37042,junk,,,,
ia_bim_eighteenth-century_histoire-naturelle-eng_leclerc-georges-louis-_1791,151,0.93982,non_junk,non_divine_teleology,0.0263,0.88702,0.08668
ia_bim_eighteenth-century_histoire-naturelle-eng_leclerc-georges-louis-_1791,152,0.86291,non_junk,non_divine_teleology,0.07123,0.84607,0.0827
ia_bim_eighteenth-century_histoire-naturelle-eng_leclerc-georges-louis-_1791,153,0.81071,non_junk,non_divine_teleology,0.01783,0.95863,0.02355
ia_bim_eighteenth-century_histoire-naturelle-eng_leclerc-georges-louis-_1791,155,0.99695,non_junk,non_divine_teleology,0.00367,0.94901,0.04733
ia_bim_eighteenth-century_histoire-naturelle-eng_leclerc-georges-louis-_1791,156,0.73862,non_junk,non_divine_teleology,0.01284,0.90125,0.08591
ia_bim_eighteenth-century_histoire-naturelle-eng_leclerc-georges-louis-_1791,159,0.59152,non_junk,non_divine_teleology,0.00425,0.95787,0.03788
ia_bim_eighteenth-century_histoire-naturelle-eng_leclerc-georges-louis-_1791,161,0.12422,junk,,,,
ia_bim_eighteenth-century_histoire-naturelle-eng_leclerc-georges-louis-_1791,162,0.3477,junk,,,,
ia_bim_eighteenth-century_histoire-naturelle-eng_leclerc-georges-louis-_1791,165,0.07434,junk,,,,
ia_bim_eighteenth-century_histoire-naturelle-eng_leclerc-georges-louis-_1791,166,0.91,non_junk,non_divine_teleology,0.00931,0.80137,0.18931
ia_bim_eighteenth-century_histoire-naturelle-eng_leclerc-georges-louis-_1791,168,0.68763,non_junk,non_divine_teleology,0.01499,0.53175,0.45326
ia_bim_eighteenth-century_histoire-naturelle-eng_leclerc-georges-louis-_1791,169,0.64545,non_junk,non_divine_teleology,0.0264,0.55414,0.41947
ia_bim_eighteenth-century_histoire-naturelle-eng_leclerc-georges-louis-_1791,171,0.02237,junk,,,,
ia_bim_eighteenth-century_histoire-naturelle-eng_leclerc-georges-louis-_1791,172,0.12407,junk,,,,
ia_bim_eighteenth-century_histoire-naturelle-eng_leclerc-georges-louis-_1791,173,0.12281,junk,,,,
ia_bim_eighteenth-century_histoire-naturelle-eng_leclerc-georges-louis-_1791,174,0.6737,non_junk,non_divine_teleology,0.01556,0.62945,0.35499
ia_bim_eighteenth-century_histoire-naturelle-eng_leclerc-georges-louis-_1791,175,0.02408,junk,,,,
ia_bim_eighteenth-century_histoire-naturelle-eng_leclerc-georges-louis-_1791,176,0.55812,non_junk,non_divine_teleology,0.00661,0.92584,0.06755
ia_bim_eighteenth-century_histoire-naturelle-eng_leclerc-georges-louis-_1791,177,0.2519,junk,,,,
ia_bim_eighteenth-century_histoire-naturelle-eng_leclerc-georges-louis-_1791,179,0.05012,junk,,,,
ia_bim_eighteenth-century_histoire-naturelle-eng_leclerc-georges-louis-_1791,180,0.20039,junk,,,,
ia_bim_eighteenth-century_histoire-naturelle-eng_leclerc-georges-louis-_1791,181,0.35224,junk,,,,
ia_bim_eighteenth-century_histoire-naturelle-eng_leclerc-georges-louis-_1791,182,0.02434,junk,,,,
ia_bim_eighteenth-century_histoire-naturelle-eng_leclerc-georges-louis-_1791,184,0.54177,non_junk,non_divine_teleology,0.01277,0.85305,0.13417
ia_bim_eighteenth-century_histoire-naturelle-eng_leclerc-georges-louis-_1791,185,0.53088,non_junk,non_divine_teleology,0.02986,0.92693,0.04321
ia_bim_eighteenth-century_histoire-naturelle-eng_leclerc-georges-louis-_1791,187,0.16194,junk,,,,
ia_bim_eighteenth-century_histoire-naturelle-eng_leclerc-georges-louis-_1791,188,0.00212,junk,,,,
ia_bim_eighteenth-century_histoire-naturelle-eng_leclerc-georges-louis-_1791,189,0.01541,junk,,,,
ia_bim_eighteenth-century_histoire-naturelle-eng_leclerc-georges-louis-_1791,190,0.59164,non_junk,internal_essence,0.01846,0.28542,0.69612
ia_bim_eighteenth-century_histoire-naturelle-eng_leclerc-georges-louis-_1791,191,0.03409,junk,,,,
ia_bim_eighteenth-century_histoire-naturelle-eng_leclerc-georges-louis-_1791,192,0.74558,non_junk,internal_essence,0.06353,0.07329,0.86318
ia_bim_eighteenth-century_histoire-naturelle-eng_leclerc-georges-louis-_1791,193,0.79118,non_junk,internal_essence,0.05162,0.09407,0.8543
ia_bim_eighteenth-century_histoire-naturelle-eng_leclerc-georges-louis-_1791,194,0.16435,junk,,,,
ia_bim_eighteenth-century_histoire-naturelle-eng_leclerc-georges-louis-_1791,195,0.32393,junk,,,,
ia_bim_eighteenth-century_histoire-naturelle-eng_leclerc-georges-louis-_1791,196,0.19338,junk,,,,
ia_bim_eighteenth-century_histoire-naturelle-eng_leclerc-georges-louis-_1791,198,0.6529,non_junk,non_divine_teleology,0.01377,0.54498,0.44125
ia_bim_eighteenth-century_histoire-naturelle-eng_leclerc-georges-louis-_1791,199,0.00786,junk,,,,
ia_bim_eighteenth-century_histoire-naturelle-eng_leclerc-georges-louis-_1791,201,0.00081,junk,,,,
ia_bim_eighteenth-century_histoire-naturelle-eng_leclerc-georges-louis-_1791,202,0.78018,non_junk,non_divine_teleology,0.03742,0.87332,0.08926
ia_bim_eighteenth-century_histoire-naturelle-eng_leclerc-georges-louis-_1791,203,0.99035,non_junk,non_divine_teleology,0.08115,0.90557,0.01328
ia_bim_eighteenth-century_histoire-naturelle-eng_leclerc-georges-louis-_1791,206,0.92216,non_junk,non_divine_teleology,0.01436,0.96552,0.02012
ia_bim_eighteenth-century_histoire-naturelle-eng_leclerc-georges-louis-_1791,209,0.67656,non_junk,non_divine_teleology,0.01955,0.83254,0.14791
ia_bim_eighteenth-century_histoire-naturelle-eng_leclerc-georges-louis-_1791,210,0.00282,junk,,,,
ia_bim_eighteenth-century_histoire-naturelle-eng_leclerc-georges-louis-_1791,212,0.97827,non_junk,non_divine_teleology,0.01082,0.96729,0.02189
ia_bim_eighteenth-century_histoire-naturelle-eng_leclerc-georges-louis-_1791,213,0.93795,non_junk,non_divine_teleology,0.03115,0.92491,0.04394
ia_bim_eighteenth-century_histoire-naturelle-eng_leclerc-georges-louis-_1791,215,0.38009,junk,,,,
ia_bim_eighteenth-century_histoire-naturelle-eng_leclerc-georges-louis-_1791,217,0.51291,non_junk,non_divine_teleology,0.0512,0.90505,0.04375
ia_bim_eighteenth-century_histoire-naturelle-eng_leclerc-georges-louis-_1791,218,0.75211,non_junk,non_divine_teleology,0.06563,0.89948,0.03489
ia_bim_eighteenth-century_histoire-naturelle-eng_leclerc-georges-louis-_1791,221,0.37674,junk,,,,
ia_bim_eighteenth-century_histoire-naturelle-eng_leclerc-georges-louis-_1791,224,0.08191,junk,,,,
ia_bim_eighteenth-century_histoire-naturelle-eng_leclerc-georges-louis-_1791,225,0.08885,junk,,,,
ia_bim_eighteenth-century_histoire-naturelle-eng_leclerc-georges-louis-_1791,226,0.94891,non_junk,non_divine_teleology,0.04448,0.83047,0.12505
ia_bim_eighteenth-century_histoire-naturelle-eng_leclerc-georges-louis-_1791,227,0.00288,junk,,,,
ia_bim_eighteenth-century_histoire-naturelle-eng_leclerc-georges-louis-_1791,229,0.14685,junk,,,,
ia_bim_eighteenth-century_histoire-naturelle-eng_leclerc-georges-louis-_1791,230,0.53198,non_junk,non_divine_teleology,0.03217,0.65079,0.31704
ia_bim_eighteenth-century_histoire-naturelle-eng_leclerc-georges-louis-_1791,231,0.09962,junk,,,,
ia_bim_eighteenth-century_histoire-naturelle-eng_leclerc-georges-louis-_1791,232,0.32344,junk,,,,
ia_bim_eighteenth-century_histoire-naturelle-eng_leclerc-georges-louis-_1791,234,0.20744,junk,,,,
ia_bim_eighteenth-century_histoire-naturelle-eng_leclerc-georges-louis-_1791,235,0.99447,non_junk,non_divine_teleology,0.0063,0.97053,0.02318
ia_bim_eighteenth-century_histoire-naturelle-eng_leclerc-georges-louis-_1791,236,0.95646,non_junk,non_divine_teleology,0.01177,0.96597,0.02226
ia_bim_eighteenth-century_histoire-naturelle-eng_leclerc-georges-louis-_1791,237,0.72986,non_junk,non_divine_teleology,0.00806,0.98703,0.00491
ia_bim_eighteenth-century_histoire-naturelle-eng_leclerc-georges-louis-_1791,241,0.6373,non_junk,non_divine_teleology,0.14285,0.78703,0.07012
ia_bim_eighteenth-century_histoire-naturelle-eng_leclerc-georges-louis-_1791,242,0.02939,junk,,,,
ia_bim_eighteenth-century_histoire-naturelle-eng_leclerc-georges-louis-_1791,244,0.93299,non_junk,non_divine_teleology,0.19503,0.75166,0.05331
ia_bim_eighteenth-century_histoire-naturelle-eng_leclerc-georges-louis-_1791,245,0.87807,non_junk,non_divine_teleology,0.1711,0.79824,0.03066
ia_bim_eighteenth-century_histoire-naturelle-eng_leclerc-georges-louis-_1791,246,0.47815,junk,,,,
ia_bim_eighteenth-century_histoire-naturelle-eng_leclerc-georges-louis-_1791,248,0.26068,junk,,,,
ia_bim_eighteenth-century_histoire-naturelle-eng_leclerc-georges-louis-_1791,249,0.34235,junk,,,,
ia_bim_eighteenth-century_histoire-naturelle-eng_leclerc-georges-louis-_1791,250,0.02522,junk,,,,
ia_bim_eighteenth-century_histoire-naturelle-eng_leclerc-georges-louis-_1791,251,0.70071,non_junk,non_divine_teleology,0.00802,0.79877,0.1932
ia_bim_eighteenth-century_histoire-naturelle-eng_leclerc-georges-louis-_1791,254,0.24746,junk,,,,
ia_bim_eighteenth-century_histoire-naturelle-eng_leclerc-georges-louis-_1791,255,0.13479,junk,,,,
ia_bim_eighteenth-century_histoire-naturelle-eng_leclerc-georges-louis-_1791,256,0.97764,non_junk,non_divine_teleology,0.0028,0.99494,0.00226
ia_bim_eighteenth-century_histoire-naturelle-eng_leclerc-georges-louis-_1791,257,0.98194,non_junk,non_divine_teleology,0.03321,0.9435,0.02329
ia_bim_eighteenth-century_histoire-naturelle-eng_leclerc-georges-louis-_1791,258,0.97764,non_junk,non_divine_teleology,0.0028,0.99494,0.00226
ia_bim_eighteenth-century_histoire-naturelle-eng_leclerc-georges-louis-_1791,259,0.94343,non_junk,non_divine_teleology,0.03604,0.93987,0.02409
ia_bim_eighteenth-century_histoire-naturelle-eng_leclerc-georges-louis-_1791,260,0.04208,junk,,,,
ia_bim_eighteenth-century_histoire-naturelle-eng_leclerc-georges-louis-_1791,261,0.19401,junk,,,,
ia_bim_eighteenth-century_histoire-naturelle-eng_leclerc-georges-louis-_1791,264,0.19744,junk,,,,
ia_bim_eighteenth-century_histoire-naturelle-eng_leclerc-georges-louis-_1791,265,0.60289,non_junk,non_divine_teleology,0.01746,0.92064,0.0619
ia_bim_eighteenth-century_histoire-naturelle-eng_leclerc-georges-louis-_1791,266,0.00785,junk,,,,
ia_bim_eighteenth-century_histoire-naturelle-eng_leclerc-georges-louis-_1791,267,0.39634,junk,,,,
ia_bim_eighteenth-century_histoire-naturelle-eng_leclerc-georges-louis-_1791,268,0.18954,junk,,,,
ia_bim_eighteenth-century_histoire-naturelle-eng_leclerc-georges-louis-_1791,270,0.03633,junk,,,,
ia_bim_eighteenth-century_histoire-naturelle-eng_leclerc-georges-louis-_1791,271,0.22017,junk,,,,
ia_bim_eighteenth-century_histoire-naturelle-eng_leclerc-georges-louis-_1791,272,0.70088,non_junk,non_divine_teleology,0.01972,0.84502,0.13525
ia_bim_eighteenth-century_histoire-naturelle-eng_leclerc-georges-louis-_1791,274,0.12192,junk,,,,
ia_bim_eighteenth-century_histoire-naturelle-eng_leclerc-georges-louis-_1791,275,0.90149,non_junk,non_divine_teleology,0.04161,0.7279,0.23049
ia_bim_eighteenth-century_histoire-naturelle-eng_leclerc-georges-louis-_1791,279,0.00151,junk,,,,
ia_bim_eighteenth-century_histoire-naturelle-eng_leclerc-georges-louis-_1791,280,0.00248,junk,,,,
ia_bim_eighteenth-century_histoire-naturelle-eng_leclerc-georges-louis-_1791,281,0.40104,junk,,,,
ia_bim_eighteenth-century_histoire-naturelle-eng_leclerc-georges-louis-_1791,282,0.89262,non_junk,non_divine_teleology,0.00554,0.91063,0.08383
ia_bim_eighteenth-century_histoire-naturelle-eng_leclerc-georges-louis-_1791,283,0.8907,non_junk,non_divine_teleology,0.01059,0.82987,0.15954
ia_bim_eighteenth-century_histoire-naturelle-eng_leclerc-georges-louis-_1791,284,0.8945,non_junk,non_divine_teleology,0.01515,0.93517,0.04967
ia_bim_eighteenth-century_histoire-naturelle-eng_leclerc-georges-louis-_1791,285,0.00364,junk,,,,
ia_bim_eighteenth-century_histoire-naturelle-eng_leclerc-georges-louis-_1791,287,0.95147,non_junk,non_divine_teleology,0.02601,0.92837,0.04562
ia_bim_eighteenth-century_histoire-naturelle-eng_leclerc-georges-louis-_1791,288,0.87724,non_junk,non_divine_teleology,0.01697,0.91182,0.07121
ia_bim_eighteenth-century_histoire-naturelle-eng_leclerc-georges-louis-_1791,289,0.35542,junk,,,,
ia_bim_eighteenth-century_histoire-naturelle-eng_leclerc-georges-louis-_1791,290,0.02224,junk,,,,
ia_bim_eighteenth-century_histoire-naturelle-eng_leclerc-georges-louis-_1791,292,0.00732,junk,,,,
ia_bim_eighteenth-century_histoire-naturelle-eng_leclerc-georges-louis-_1791,293,0.01596,junk,,,,
ia_bim_eighteenth-century_histoire-naturelle-eng_leclerc-georges-louis-_1791,295,0.02484,junk,,,,
ia_bim_eighteenth-century_histoire-naturelle-eng_leclerc-georges-louis-_1791,298,0.92656,non_junk,non_divine_teleology,0.02096,0.94306,0.03599
ia_bim_eighteenth-century_histoire-naturelle-eng_leclerc-georges-louis-_1791,299,0.85999,non_junk,non_divine_teleology,0.0391,0.94162,0.01928
ia_bim_eighteenth-century_histoire-naturelle-eng_leclerc-georges-louis-_1791,300,0.13256,junk,,,,
ia_bim_eighteenth-century_histoire-naturelle-eng_leclerc-georges-louis-_1791,301,0.42372,junk,,,,
ia_bim_eighteenth-century_histoire-naturelle-eng_leclerc-georges-louis-_1791,302,0.63136,non_junk,non_divine_teleology,0.01552,0.87243,0.11204
ia_bim_eighteenth-century_histoire-naturelle-eng_leclerc-georges-louis-_1791,303,0.00508,junk,,,,
ia_bim_eighteenth-century_histoire-naturelle-eng_leclerc-georges-louis-_1791,306,0.01509,junk,,,,
ia_bim_eighteenth-century_histoire-naturelle-eng_leclerc-georges-louis-_1791,307,0.29599,junk,,,,
ia_bim_eighteenth-century_histoire-naturelle-eng_leclerc-georges-louis-_1791,308,0.00012,junk,,,,
ia_bim_eighteenth-century_histoire-naturelle-eng_leclerc-georges-louis-_1791,309,0.00865,junk,,,,
ia_bim_eighteenth-century_histoire-naturelle-eng_leclerc-georges-louis-_1791,310,0.00714,junk,,,,
ia_bim_eighteenth-century_histoire-naturelle-eng_leclerc-georges-louis-_1791,313,0.73291,non_junk,non_divine_teleology,0.04002,0.94444,0.01554
ia_bim_eighteenth-century_histoire-naturelle-eng_leclerc-georges-louis-_1791,314,0.04177,junk,,,,
ia_bim_eighteenth-century_histoire-naturelle-eng_leclerc-georges-louis-_1791,315,0.0419,junk,,,,
ia_bim_eighteenth-century_histoire-naturelle-eng_leclerc-georges-louis-_1791,316,0.30259,junk,,,,
ia_bim_eighteenth-century_histoire-naturelle-eng_leclerc-georges-louis-_1791,317,0.0419,junk,,,,
ia_bim_eighteenth-century_histoire-naturelle-eng_leclerc-georges-louis-_1791,318,0.18231,junk,,,,
ia_bim_eighteenth-century_histoire-naturelle-eng_leclerc-georges-louis-_1791,320,0.00154,junk,,,,
ia_bim_eighteenth-century_histoire-naturelle-eng_leclerc-georges-louis-_1791,321,0.57483,non_junk,non_divine_teleology,0.13405,0.85531,0.01064
ia_bim_eighteenth-century_histoire-naturelle-eng_leclerc-georges-louis-_1791,322,0.51208,non_junk,non_divine_teleology,0.00838,0.95556,0.03606
ia_bim_eighteenth-century_histoire-naturelle-eng_leclerc-georges-louis-_1791,323,0.15412,junk,,,,
ia_bim_eighteenth-century_histoire-naturelle-eng_leclerc-georges-louis-_1791,324,0.49968,junk,,,,
ia_bim_eighteenth-century_histoire-naturelle-eng_leclerc-georges-louis-_1791,325,0.75046,non_junk,non_divine_teleology,0.00827,0.84738,0.14435
ia_bim_eighteenth-century_histoire-naturelle-eng_leclerc-georges-louis-_1791,327,0.88368,non_junk,non_divine_teleology,0.00503,0.97329,0.02168
ia_bim_eighteenth-century_histoire-naturelle-eng_leclerc-georges-louis-_1791,328,0.00166,junk,,,,
ia_bim_eighteenth-century_histoire-naturelle-eng_leclerc-georges-louis-_1791,329,0.00948,junk,,,,
ia_bim_eighteenth-century_histoire-naturelle-eng_leclerc-georges-louis-_1791,330,0.00199,junk,,,,
ia_bim_eighteenth-century_histoire-naturelle-eng_leclerc-georges-louis-_1791,332,0.00196,junk,,,,
ia_bim_eighteenth-century_histoire-naturelle-eng_leclerc-georges-louis-_1791,334,0.17353,junk,,,,
ia_bim_eighteenth-century_histoire-naturelle-eng_leclerc-georges-louis-_1791,335,0.02639,junk,,,,
ia_bim_eighteenth-century_histoire-naturelle-eng_leclerc-georges-louis-_1791,336,0.93808,non_junk,non_divine_teleology,0.0171,0.90698,0.07593
ia_bim_eighteenth-century_histoire-naturelle-eng_leclerc-georges-louis-_1791,337,0.92833,non_junk,non_divine_teleology,0.06866,0.88006,0.05128
ia_bim_eighteenth-century_histoire-naturelle-eng_leclerc-georges-louis-_1791,340,0.05997,junk,,,,
ia_bim_eighteenth-century_histoire-naturelle-eng_leclerc-georges-louis-_1791,341,0.53609,non_junk,non_divine_teleology,0.0056,0.98714,0.00726
ia_bim_eighteenth-century_histoire-naturelle-eng_leclerc-georges-louis-_1791,342,0.73092,non_junk,non_divine_teleology,0.00362,0.97194,0.02444
ia_bim_eighteenth-century_histoire-naturelle-eng_leclerc-georges-louis-_1791,343,0.20057,junk,,,,
ia_bim_eighteenth-century_histoire-naturelle-eng_leclerc-georges-louis-_1791,344,0.22175,junk,,,,
ia_bim_eighteenth-century_histoire-naturelle-eng_leclerc-georges-louis-_1791,345,0.43948,junk,,,,
ia_bim_eighteenth-century_histoire-naturelle-eng_leclerc-georges-louis-_1791,346,0.6872,non_junk,non_divine_teleology,0.02104,0.73018,0.24878
ia_bim_eighteenth-century_histoire-naturelle-eng_leclerc-georges-louis-_1791,348,0.00139,junk,,,,
ia_bim_eighteenth-century_histoire-naturelle-eng_leclerc-georges-louis-_1791,350,0.79815,non_junk,non_divine_teleology,0.03446,0.81655,0.14899
ia_bim_eighteenth-century_histoire-naturelle-eng_leclerc-georges-louis-_1791,351,0.03414,junk,,,,
ia_bim_eighteenth-century_histoire-naturelle-eng_leclerc-georges-louis-_1791,353,0.0017,junk,,,,
ia_bim_eighteenth-century_histoire-naturelle-eng_leclerc-georges-louis-_1791,354,0.26491,junk,,,,
ia_bim_eighteenth-century_histoire-naturelle-eng_leclerc-georges-louis-_1791,358,0.02016,junk,,,,
ia_bim_eighteenth-century_histoire-naturelle-eng_leclerc-georges-louis-_1791,360,0.00177,junk,,,,
ia_bim_eighteenth-century_histoire-naturelle-eng_leclerc-georges-louis-_1791,361,0.08462,junk,,,,
ia_bim_eighteenth-century_histoire-naturelle-eng_leclerc-georges-louis-_1791,362,0.18658,junk,,,,
ia_bim_eighteenth-century_histoire-naturelle-eng_leclerc-georges-louis-_1791,363,0.34962,junk,,,,
ia_bim_eighteenth-century_histoire-naturelle-eng_leclerc-georges-louis-_1791,364,0.69599,non_junk,non_divine_teleology,0.01915,0.91116,0.06968
ia_bim_eighteenth-century_histoire-naturelle-eng_leclerc-georges-louis-_1791,365,0.15249,junk,,,,
ia_bim_eighteenth-century_histoire-naturelle-eng_leclerc-georges-louis-_1791,367,0.0224,junk,,,,
ia_bim_eighteenth-century_histoire-naturelle-eng_leclerc-georges-louis-_1791,368,0.00147,junk,,,,
ia_bim_eighteenth-century_histoire-naturelle-eng_leclerc-georges-louis-_1791,369,0.04498,junk,,,,
ia_bim_eighteenth-century_histoire-naturelle-eng_leclerc-georges-louis-_1791,370,0.83513,non_junk,non_divine_teleology,0.01363,0.95889,0.02748
ia_bim_eighteenth-century_histoire-naturelle-eng_leclerc-georges-louis-_1791,373,0.87395,non_junk,non_divine_teleology,0.01477,0.90609,0.07914
ia_bim_eighteenth-century_histoire-naturelle-eng_leclerc-georges-louis-_1791,374,0.00316,junk,,,,
ia_bim_eighteenth-century_histoire-naturelle-eng_leclerc-georges-louis-_1791,376,0.02366,junk,,,,
ia_bim_eighteenth-century_histoire-naturelle-eng_leclerc-georges-louis-_1791,377,0.90853,non_junk,non_divine_teleology,0.02183,0.82497,0.15319
ia_bim_eighteenth-century_histoire-naturelle-eng_leclerc-georges-louis-_1791,378,0.02006,junk,,,,
ia_bim_eighteenth-century_histoire-naturelle-eng_leclerc-georges-louis-_1791,379,0.15294,junk,,,,
ia_bim_eighteenth-century_histoire-naturelle-eng_leclerc-georges-louis-_1791,380,0.30758,junk,,,,
ia_bim_eighteenth-century_histoire-naturelle-eng_leclerc-georges-louis-_1791,382,0.00496,junk,,,,
ia_bim_eighteenth-century_histoire-naturelle-eng_leclerc-georges-louis-_1791,383,0.03623,junk,,,,
ia_bim_eighteenth-century_histoire-naturelle-eng_leclerc-georges-louis-_1791,387,0.00496,junk,,,,
ia_bim_eighteenth-century_histoire-naturelle-eng_leclerc-georges-louis-_1791,388,0.03623,junk,,,,
ia_bim_eighteenth-century_histoire-naturelle-eng_leclerc-georges-louis-_1791,389,0.62487,non_junk,non_divine_teleology,0.07152,0.62646,0.30201
ia_bim_eighteenth-century_histoire-naturelle-eng_leclerc-georges-louis-_1791,390,0.03924,junk,,,,
ia_bim_eighteenth-century_histoire-naturelle-eng_leclerc-georges-louis-_1791,391,0.96655,non_junk,non_divine_teleology,0.01953,0.94763,0.03285
ia_bim_eighteenth-century_histoire-naturelle-eng_leclerc-georges-louis-_1791,393,0.34706,junk,,,,
ia_bim_eighteenth-century_histoire-naturelle-eng_leclerc-georges-louis-_1791,394,0.97859,non_junk,non_divine_teleology,0.00826,0.95511,0.03663
ia_bim_eighteenth-century_histoire-naturelle-eng_leclerc-georges-louis-_1791,396,0.21285,junk,,,,
ia_bim_eighteenth-century_histoire-naturelle-eng_leclerc-georges-louis-_1791,397,0.90086,non_junk,non_divine_teleology,0.00947,0.92638,0.06415
ia_bim_eighteenth-century_histoire-naturelle-eng_leclerc-georges-louis-_1791,398,0.01561,junk,,,,
ia_bim_eighteenth-century_histoire-naturelle-eng_leclerc-georges-louis-_1791,399,0.2173,junk,,,,
ia_bim_eighteenth-century_histoire-naturelle-eng_leclerc-georges-louis-_1791,401,0.71134,non_junk,non_divine_teleology,0.00177,0.97662,0.02161
ia_bim_eighteenth-century_histoire-naturelle-eng_leclerc-georges-louis-_1791,405,0.07268,junk,,,,
ia_bim_eighteenth-century_histoire-naturelle-eng_leclerc-georges-louis-_1791,408,0.06535,junk,,,,
ia_bim_eighteenth-century_histoire-naturelle-eng_leclerc-georges-louis-_1791,409,0.81048,non_junk,non_divine_teleology,0.02674,0.76384,0.20942
ia_bim_eighteenth-century_histoire-naturelle-eng_leclerc-georges-louis-_1791,410,0.02842,junk,,,,
ia_bim_eighteenth-century_histoire-naturelle-eng_leclerc-georges-louis-_1791,411,0.00336,junk,,,,
ia_bim_eighteenth-century_histoire-naturelle-eng_leclerc-georges-louis-_1791,412,0.6143,non_junk,internal_essence,0.00335,0.15591,0.84075
ia_bim_eighteenth-century_histoire-naturelle-eng_leclerc-georges-louis-_1791,416,0.85607,non_junk,non_divine_teleology,0.0443,0.94372,0.01198
ia_bim_eighteenth-century_histoire-naturelle-eng_leclerc-georges-louis-_1791,417,0.00671,junk,,,,
ia_bim_eighteenth-century_histoire-naturelle-eng_leclerc-georges-louis-_1791,419,0.77926,non_junk,non_divine_teleology,0.03466,0.79292,0.17242
ia_bim_eighteenth-century_histoire-naturelle-eng_leclerc-georges-louis-_1791,421,0.18956,junk,,,,
ia_bim_eighteenth-century_histoire-naturelle-eng_leclerc-georges-louis-_1791,422,0.00302,junk,,,,
ia_bim_eighteenth-century_histoire-naturelle-eng_leclerc-georges-louis-_1791,425,0.53459,non_junk,non_divine_teleology,0.00685,0.86516,0.12799
ia_bim_eighteenth-century_histoire-naturelle-eng_leclerc-georges-louis-_1791,427,0.35036,junk,,,,
ia_bim_eighteenth-century_histoire-naturelle-eng_leclerc-georges-louis-_1791,428,0.80407,non_junk,internal_essence,0.10248,0.38826,0.50926
ia_bim_eighteenth-century_histoire-naturelle-eng_leclerc-georges-louis-_1791,429,0.99817,non_junk,non_divine_teleology,0.00584,0.97563,0.01853
ia_bim_eighteenth-century_histoire-naturelle-eng_leclerc-georges-louis-_1791,430,0.80407,non_junk,internal_essence,0.10248,0.38826,0.50926
ia_bim_eighteenth-century_histoire-naturelle-eng_leclerc-georges-louis-_1791,431,0.99817,non_junk,non_divine_teleology,0.00584,0.97563,0.01853
ia_bim_eighteenth-century_histoire-naturelle-eng_leclerc-georges-louis-_1791,432,0.71386,non_junk,non_divine_teleology,0.04786,0.93619,0.01595
ia_bim_eighteenth-century_histoire-naturelle-eng_leclerc-georges-louis-_1791,433,0.90459,non_junk,non_divine_teleology,0.07024,0.90084,0.02892
ia_bim_eighteenth-century_histoire-naturelle-eng_leclerc-georges-louis-_1791,436,0.00223,junk,,,,
ia_bim_eighteenth-century_histoire-naturelle-eng_leclerc-georges-louis-_1791,438,0.78073,non_junk,non_divine_teleology,0.01689,0.85075,0.13236
ia_bim_eighteenth-century_histoire-naturelle-eng_leclerc-georges-louis-_1791,439,0.00223,junk,,,,
ia_bim_eighteenth-century_histoire-naturelle-eng_leclerc-georges-louis-_1791,441,0.87955,non_junk,non_divine_teleology,0.08036,0.86101,0.05863
ia_bim_eighteenth-century_histoire-naturelle-eng_leclerc-georges-louis-_1791,442,0.9945,non_junk,non_divine_teleology,0.04057,0.8275,0.13193
ia_bim_eighteenth-century_histoire-naturelle-eng_leclerc-georges-louis-_1791,443,0.44708,junk,,,,
ia_bim_eighteenth-century_histoire-naturelle-eng_leclerc-georges-louis-_1791,444,0.04891,junk,,,,
ia_bim_eighteenth-century_histoire-naturelle-eng_leclerc-georges-louis-_1791,445,0.22826,junk,,,,
ia_bim_eighteenth-century_histoire-naturelle-eng_leclerc-georges-louis-_1791,446,0.00882,junk,,,,
ia_bim_eighteenth-century_histoire-naturelle-eng_leclerc-georges-louis-_1791,447,0.04891,junk,,,,
ia_bim_eighteenth-century_histoire-naturelle-eng_leclerc-georges-louis-_1791,448,0.22826,junk,,,,
ia_bim_eighteenth-century_histoire-naturelle-eng_leclerc-georges-louis-_1791,449,0.02215,junk,,,,
ia_bim_eighteenth-century_histoire-naturelle-eng_leclerc-georges-louis-_1791,450,0.00288,junk,,,,
ia_bim_eighteenth-century_histoire-naturelle-eng_leclerc-georges-louis-_1791,451,0.00862,junk,,,,
ia_bim_eighteenth-century_histoire-naturelle-eng_leclerc-georges-louis-_1791,452,0.98693,non_junk,non_divine_teleology,0.01722,0.96477,0.01801
ia_bim_eighteenth-century_histoire-naturelle-eng_leclerc-georges-louis-_1791,454,0.97923,non_junk,non_divine_teleology,0.03295,0.902,0.06505
ia_bim_eighteenth-century_histoire-naturelle-eng_leclerc-georges-louis-_1791,455,0.07292,junk,,,,
ia_bim_eighteenth-century_histoire-naturelle-eng_leclerc-georges-louis-_1791,456,0.97375,non_junk,non_divine_teleology,0.01556,0.96374,0.0207
ia_bim_eighteenth-century_histoire-naturelle-eng_leclerc-georges-louis-_1791,457,0.0755,junk,,,,
ia_bim_eighteenth-century_histoire-naturelle-eng_leclerc-georges-louis-_1791,459,0.00021,junk,,,,
ia_bim_eighteenth-century_histoire-naturelle-eng_leclerc-georges-louis-_1791,460,0.36062,junk,,,,
ia_bim_eighteenth-century_histoire-naturelle-eng_leclerc-georges-louis-_1791,462,0.03224,junk,,,,
ia_bim_eighteenth-century_histoire-naturelle-eng_leclerc-georges-louis-_1791,464,0.47484,junk,,,,
ia_bim_eighteenth-century_histoire-naturelle-eng_leclerc-georges-louis-_1791,465,0.05112,junk,,,,
ia_bim_eighteenth-century_histoire-naturelle-eng_leclerc-georges-louis-_1791,466,0.01094,junk,,,,
ia_bim_eighteenth-century_histoire-naturelle-eng_leclerc-georges-louis-_1791,467,0.16713,junk,,,,
ia_bim_eighteenth-century_histoire-naturelle-eng_leclerc-georges-louis-_1791,468,0.05112,junk,,,,
ia_bim_eighteenth-century_histoire-naturelle-eng_leclerc-georges-louis-_1791,469,0.01094,junk,,,,
ia_bim_eighteenth-century_histoire-naturelle-eng_leclerc-georges-louis-_1791,471,0.00141,junk,,,,
ia_bim_eighteenth-century_histoire-naturelle-eng_leclerc-georges-louis-_1791,472,0.01812,junk,,,,
ia_bim_eighteenth-century_histoire-naturelle-eng_leclerc-georges-louis-_1791,473,0.81976,non_junk,non_divine_teleology,0.04116,0.93138,0.02746
ia_bim_eighteenth-century_histoire-naturelle-eng_leclerc-georges-louis-_1791,474,0.14742,junk,,,,
ia_bim_eighteenth-century_histoire-naturelle-eng_leclerc-georges-louis-_1791,476,0.31019,junk,,,,
ia_bim_eighteenth-century_histoire-naturelle-eng_leclerc-georges-louis-_1791,477,0.01083,junk,,,,
ia_bim_eighteenth-century_histoire-naturelle-eng_leclerc-georges-louis-_1791,478,0.0559,junk,,,,
ia_bim_eighteenth-century_histoire-naturelle-eng_leclerc-georges-louis-_1791,479,0.00681,junk,,,,
ia_bim_eighteenth-century_histoire-naturelle-eng_leclerc-georges-louis-_1791,480,0.00494,junk,,,,
ia_bim_eighteenth-century_histoire-naturelle-eng_leclerc-georges-louis-_1791,481,0.00264,junk,,,,
ia_bim_eighteenth-century_histoire-naturelle-eng_leclerc-georges-louis-_1791,482,0.00668,junk,,,,
ia_bim_eighteenth-century_histoire-naturelle-eng_leclerc-georges-louis-_1791,483,0.662,non_junk,non_divine_teleology,0.02629,0.66796,0.30575
ia_bim_eighteenth-century_histoire-naturelle-eng_leclerc-georges-louis-_1791,484,0.02118,junk,,,,
ia_bim_eighteenth-century_histoire-naturelle-eng_leclerc-georges-louis-_1791,485,0.00045,junk,,,,
ia_bim_eighteenth-century_histoire-naturelle-eng_leclerc-georges-louis-_1791,489,0.00144,junk,,,,
ia_bim_eighteenth-century_histoire-naturelle-eng_leclerc-georges-louis-_1791,490,0.03157,junk,,,,
ia_bim_eighteenth-century_histoire-naturelle-eng_leclerc-georges-louis-_1791,491,0.02136,junk,,,,
ia_bim_eighteenth-century_histoire-naturelle-eng_leclerc-georges-louis-_1791,492,0.60126,non_junk,non_divine_teleology,0.0226,0.91558,0.06182
ia_bim_eighteenth-century_histoire-naturelle-eng_leclerc-georges-louis-_1791,493,0.1224,junk,,,,
ia_bim_eighteenth-century_histoire-naturelle-eng_leclerc-georges-louis-_1791,495,0.12102,junk,,,,
ia_bim_eighteenth-century_histoire-naturelle-eng_leclerc-georges-louis-_1791,496,0.79067,non_junk,non_divine_teleology,0.02747,0.60337,0.36916
ia_bim_eighteenth-century_histoire-naturelle-eng_leclerc-georges-louis-_1791,497,0.96261,non_junk,non_divine_teleology,0.06153,0.89977,0.0387
ia_bim_eighteenth-century_histoire-naturelle-eng_leclerc-georges-louis-_1791,498,0.94789,non_junk,non_divine_teleology,0.01814,0.97329,0.00857
ia_bim_eighteenth-century_histoire-naturelle-eng_leclerc-georges-louis-_1791,499,0.7209,non_junk,non_divine_teleology,0.0244,0.9063,0.06931
ia_bim_eighteenth-century_histoire-naturelle-eng_leclerc-georges-louis-_1791,501,0.54474,non_junk,internal_essence,0.08991,0.29917,0.61092
ia_bim_eighteenth-century_histoire-naturelle-eng_leclerc-georges-louis-_1791,502,0.35974,junk,,,,
ia_bim_eighteenth-century_histoire-naturelle-eng_leclerc-georges-louis-_1791,503,0.21232,junk,,,,
ia_bim_eighteenth-century_histoire-naturelle-eng_leclerc-georges-louis-_1791,504,0.79189,non_junk,internal_essence,0.00641,0.24251,0.75108
ia_bim_eighteenth-century_histoire-naturelle-eng_leclerc-georges-louis-_1791,506,0.91768,non_junk,non_divine_teleology,0.01055,0.97217,0.01728
ia_bim_eighteenth-century_histoire-naturelle-eng_leclerc-georges-louis-_1791,507,0.07714,junk,,,,
ia_bim_eighteenth-century_histoire-naturelle-eng_leclerc-georges-louis-_1791,508,0.05157,junk,,,,
ia_bim_eighteenth-century_histoire-naturelle-eng_leclerc-georges-louis-_1791,511,0.0879,junk,,,,
ia_bim_eighteenth-century_histoire-naturelle-eng_leclerc-georges-louis-_1791,512,0.98824,non_junk,non_divine_teleology,0.00843,0.9559,0.03567
ia_bim_eighteenth-century_histoire-naturelle-eng_leclerc-georges-louis-_1791,513,0.27827,junk,,,,
ia_bim_eighteenth-century_histoire-naturelle-eng_leclerc-georges-louis-_1791,514,0.92552,non_junk,non_divine_teleology,0.00594,0.84169,0.15237
ia_bim_eighteenth-century_histoire-naturelle-eng_leclerc-georges-louis-_1791,517,0.0078,junk,,,,
ia_bim_eighteenth-century_histoire-naturelle-eng_leclerc-georges-louis-_1791,518,0.03891,junk,,,,
ia_bim_eighteenth-century_histoire-naturelle-eng_leclerc-georges-louis-_1791,520,0.10579,junk,,,,
ia_bim_eighteenth-century_histoire-naturelle-eng_leclerc-georges-louis-_1791,521,0.9852,non_junk,non_divine_teleology,0.00637,0.97461,0.01901
ia_bim_eighteenth-century_histoire-naturelle-eng_leclerc-georges-louis-_1791,525,0.01169,junk,,,,
ia_bim_eighteenth-century_histoire-naturelle-eng_leclerc-georges-louis-_1791,526,0.94703,non_junk,non_divine_teleology,0.00603,0.97456,0.01941
ia_bim_eighteenth-century_histoire-naturelle-eng_leclerc-georges-louis-_1791,528,0.12052,junk,,,,
ia_bim_eighteenth-century_histoire-naturelle-eng_leclerc-georges-louis-_1791,529,0.00445,junk,,,,
ia_bim_eighteenth-century_histoire-naturelle-eng_leclerc-georges-louis-_1791,531,0.00291,junk,,,,
ia_bim_eighteenth-century_histoire-naturelle-eng_leclerc-georges-louis-_1791,532,0.07723,junk,,,,
ia_bim_eighteenth-century_histoire-naturelle-eng_leclerc-georges-louis-_1791,533,0.15335,junk,,,,
ia_bim_eighteenth-century_histoire-naturelle-eng_leclerc-georges-louis-_1791,534,0.51898,non_junk,internal_essence,0.01933,0.34168,0.63899
ia_bim_eighteenth-century_histoire-naturelle-eng_leclerc-georges-louis-_1791,535,0.02595,junk,,,,
ia_bim_eighteenth-century_histoire-naturelle-eng_leclerc-georges-louis-_1791,536,0.47235,junk,,,,
ia_bim_eighteenth-century_histoire-naturelle-eng_leclerc-georges-louis-_1791,538,0.13649,junk,,,,
ia_bim_eighteenth-century_histoire-naturelle-eng_leclerc-georges-louis-_1791,542,0.91014,non_junk,non_divine_teleology,0.02381,0.79517,0.18101
ia_bim_eighteenth-century_histoire-naturelle-eng_leclerc-georges-louis-_1791,543,0.98376,non_junk,non_divine_teleology,0.02159,0.53151,0.4469
ia_bim_eighteenth-century_histoire-naturelle-eng_leclerc-georges-louis-_1791,544,0.84587,non_junk,internal_essence,0.02616,0.17183,0.80201
ia_bim_eighteenth-century_histoire-naturelle-eng_leclerc-georges-louis-_1791,548,0.12676,junk,,,,
ia_bim_eighteenth-century_histoire-naturelle-eng_leclerc-georges-louis-_1791,549,0.86615,non_junk,internal_essence,0.0146,0.46743,0.51797
ia_bim_eighteenth-century_histoire-naturelle-eng_leclerc-georges-louis-_1791,551,0.79285,non_junk,non_divine_teleology,0.0052,0.97535,0.01946
ia_bim_eighteenth-century_histoire-naturelle-eng_leclerc-georges-louis-_1791,552,0.91239,non_junk,non_divine_teleology,0.01094,0.86454,0.12452
ia_bim_eighteenth-century_histoire-naturelle-eng_leclerc-georges-louis-_1791,554,0.987,non_junk,non_divine_teleology,0.13647,0.71705,0.14648
ia_bim_eighteenth-century_histoire-naturelle-eng_leclerc-georges-louis-_1791,555,0.82367,non_junk,non_divine_teleology,0.0887,0.87381,0.0375
ia_bim_eighteenth-century_histoire-naturelle-eng_leclerc-georges-louis-_1791,556,0.1157,junk,,,,
ia_bim_eighteenth-century_histoire-naturelle-eng_leclerc-georges-louis-_1791,557,0.00155,junk,,,,
ia_bim_eighteenth-century_histoire-naturelle-eng_leclerc-georges-louis-_1791,558,0.01745,junk,,,,
ia_bim_eighteenth-century_histoire-naturelle-eng_leclerc-georges-louis-_1791,560,0.70147,non_junk,non_divine_teleology,0.01308,0.95813,0.02879
ia_bim_eighteenth-century_histoire-naturelle-eng_leclerc-georges-louis-_1791,562,0.65971,non_junk,non_divine_teleology,0.02171,0.89758,0.08071
ia_bim_eighteenth-century_histoire-naturelle-eng_leclerc-georges-louis-_1791,563,0.27483,junk,,,,
ia_bim_eighteenth-century_histoire-naturelle-eng_leclerc-georges-louis-_1791,564,0.6411,non_junk,non_divine_teleology,0.13652,0.84759,0.01589
ia_bim_eighteenth-century_histoire-naturelle-eng_leclerc-georges-louis-_1791,565,0.00476,junk,,,,
ia_bim_eighteenth-century_histoire-naturelle-eng_leclerc-georges-louis-_1791,566,0.02833,junk,,,,
ia_bim_eighteenth-century_histoire-naturelle-eng_leclerc-georges-louis-_1791,568,0.22248,junk,,,,
ia_bim_eighteenth-century_histoire-naturelle-eng_leclerc-georges-louis-_1791,570,0.39009,junk,,,,
ia_bim_eighteenth-century_histoire-naturelle-eng_leclerc-georges-louis-_1791,571,0.76938,non_junk,non_divine_teleology,0.0095,0.93548,0.05502
ia_bim_eighteenth-century_histoire-naturelle-eng_leclerc-georges-louis-_1791,572,0.88047,non_junk,non_divine_teleology,0.03321,0.51597,0.45082
ia_bim_eighteenth-century_histoire-naturelle-eng_leclerc-georges-louis-_1791,575,0.45572,junk,,,,
ia_bim_eighteenth-century_histoire-naturelle-eng_leclerc-georges-louis-_1791,576,0.01673,junk,,,,
ia_bim_eighteenth-century_histoire-naturelle-eng_leclerc-georges-louis-_1791,578,0.00937,junk,,,,
ia_bim_eighteenth-century_histoire-naturelle-eng_leclerc-georges-louis-_1791,580,0.07851,junk,,,,
ia_bim_eighteenth-century_histoire-naturelle-eng_leclerc-georges-louis-_1791,581,0.32631,junk,,,,
ia_bim_eighteenth-century_histoire-naturelle-eng_leclerc-georges-louis-_1791,584,0.13577,junk,,,,
ia_bim_eighteenth-century_histoire-naturelle-eng_leclerc-georges-louis-_1791,585,0.37365,junk,,,,
ia_bim_eighteenth-century_histoire-naturelle-eng_leclerc-georges-louis-_1791,586,0.08739,junk,,,,
ia_bim_eighteenth-century_histoire-naturelle-eng_leclerc-georges-louis-_1791,587,0.01036,junk,,,,
ia_bim_eighteenth-century_histoire-naturelle-eng_leclerc-georges-louis-_1791,589,0.05682,junk,,,,
ia_bim_eighteenth-century_histoire-naturelle-eng_leclerc-georges-louis-_1791,590,0.01297,junk,,,,
ia_bim_eighteenth-century_histoire-naturelle-eng_leclerc-georges-louis-_1791,592,0.99912,non_junk,non_divine_teleology,0.03236,0.87411,0.09353
ia_bim_eighteenth-century_histoire-naturelle-eng_leclerc-georges-louis-_1791,593,0.01616,junk,,,,
ia_bim_eighteenth-century_histoire-naturelle-eng_leclerc-georges-louis-_1791,594,0.03813,junk,,,,
ia_bim_eighteenth-century_histoire-naturelle-eng_leclerc-georges-louis-_1791,595,0.89337,non_junk,non_divine_teleology,0.05543,0.89675,0.04782
ia_bim_eighteenth-century_histoire-naturelle-eng_leclerc-georges-louis-_1791,597,0.00036,junk,,,,
ia_bim_eighteenth-century_histoire-naturelle-eng_leclerc-georges-louis-_1791,598,9e-05,junk,,,,
ia_bim_eighteenth-century_histoire-naturelle-eng_leclerc-georges-louis-_1791,599,0.00115,junk,,,,
ia_bim_eighteenth-century_histoire-naturelle-eng_leclerc-georges-louis-_1791,600,0.01214,junk,,,,
ia_bim_eighteenth-century_histoire-naturelle-eng_leclerc-georges-louis-_1791,601,0.3214,junk,,,,
ia_bim_eighteenth-century_histoire-naturelle-eng_leclerc-georges-louis-_1791,604,0.92242,non_junk,non_divine_teleology,0.03651,0.75262,0.21087
ia_bim_eighteenth-century_histoire-naturelle-eng_leclerc-georges-louis-_1791,605,0.19057,junk,,,,
ia_bim_eighteenth-century_histoire-naturelle-eng_leclerc-georges-louis-_1791,606,0.12698,junk,,,,
ia_bim_eighteenth-century_histoire-naturelle-eng_leclerc-georges-louis-_1791,607,0.04457,junk,,,,
ia_bim_eighteenth-century_histoire-naturelle-eng_leclerc-georges-louis-_1791,608,0.86746,non_junk,non_divine_teleology,0.04826,0.9372,0.01454
ia_bim_eighteenth-century_histoire-naturelle-eng_leclerc-georges-louis-_1791,609,0.00379,junk,,,,
ia_bim_eighteenth-century_histoire-naturelle-eng_leclerc-georges-louis-_1791,611,0.86746,non_junk,non_divine_teleology,0.04826,0.9372,0.01454
ia_bim_eighteenth-century_histoire-naturelle-eng_leclerc-georges-louis-_1791,612,0.00577,junk,,,,
ia_bim_eighteenth-century_histoire-naturelle-eng_leclerc-georges-louis-_1791,613,0.27806,junk,,,,
ia_bim_eighteenth-century_histoire-naturelle-eng_leclerc-georges-louis-_1791,614,0.41927,junk,,,,
ia_bim_eighteenth-century_histoire-naturelle-eng_leclerc-georges-louis-_1791,615,0.27806,junk,,,,
ia_bim_eighteenth-century_histoire-naturelle-eng_leclerc-georges-louis-_1791,617,0.03535,junk,,,,
ia_bim_eighteenth-century_histoire-naturelle-eng_leclerc-georges-louis-_1791,618,0.03074,junk,,,,
ia_bim_eighteenth-century_histoire-naturelle-eng_leclerc-georges-louis-_1791,619,0.03535,junk,,,,
ia_bim_eighteenth-century_histoire-naturelle-eng_leclerc-georges-louis-_1791,620,0.03074,junk,,,,
ia_bim_eighteenth-century_histoire-naturelle-eng_leclerc-georges-louis-_1791,621,0.99915,non_junk,non_divine_teleology,0.00528,0.98622,0.0085
ia_bim_eighteenth-century_histoire-naturelle-eng_leclerc-georges-louis-_1791,622,0.97383,non_junk,non_divine_teleology,0.01754,0.90662,0.07584
ia_bim_eighteenth-century_histoire-naturelle-eng_leclerc-georges-louis-_1791,624,0.97383,non_junk,non_divine_teleology,0.01754,0.90662,0.07584
ia_bim_eighteenth-century_histoire-naturelle-eng_leclerc-georges-louis-_1791,625,0.01152,junk,,,,
ia_bim_eighteenth-century_histoire-naturelle-eng_leclerc-georges-louis-_1791,627,0.90293,non_junk,non_divine_teleology,0.0189,0.95385,0.02725
ia_bim_eighteenth-century_histoire-naturelle-eng_leclerc-georges-louis-_1791,628,0.57568,non_junk,internal_essence,0.01365,0.23753,0.74883
ia_bim_eighteenth-century_histoire-naturelle-eng_leclerc-georges-louis-_1791,630,0.00663,junk,,,,
ia_bim_eighteenth-century_histoire-naturelle-eng_leclerc-georges-louis-_1791,632,0.0536,junk,,,,
ia_bim_eighteenth-century_histoire-naturelle-eng_leclerc-georges-louis-_1791,634,0.85346,non_junk,non_divine_teleology,0.11092,0.69338,0.1957
ia_bim_eighteenth-century_histoire-naturelle-eng_leclerc-georges-louis-_1791,635,0.00094,junk,,,,
ia_bim_eighteenth-century_histoire-naturelle-eng_leclerc-georges-louis-_1791,636,0.00053,junk,,,,
ia_bim_eighteenth-century_histoire-naturelle-eng_leclerc-georges-louis-_1791,638,0.04685,junk,,,,
ia_bim_eighteenth-century_histoire-naturelle-eng_leclerc-georges-louis-_1791,639,0.14517,junk,,,,
ia_bim_eighteenth-century_histoire-naturelle-eng_leclerc-georges-louis-_1791,641,0.00126,junk,,,,
ia_bim_eighteenth-century_histoire-naturelle-eng_leclerc-georges-louis-_1791,643,0.55363,non_junk,non_divine_teleology,0.01846,0.60337,0.37816
ia_bim_eighteenth-century_histoire-naturelle-eng_leclerc-georges-louis-_1791,645,0.81088,non_junk,non_divine_teleology,0.01522,0.9504,0.03438
ia_bim_eighteenth-century_histoire-naturelle-eng_leclerc-georges-louis-_1791,646,0.06519,junk,,,,
ia_bim_eighteenth-century_histoire-naturelle-eng_leclerc-georges-louis-_1791,647,0.11545,junk,,,,
ia_bim_eighteenth-century_histoire-naturelle-eng_leclerc-georges-louis-_1791,648,0.81088,non_junk,non_divine_teleology,0.01522,0.9504,0.03438
ia_bim_eighteenth-century_histoire-naturelle-eng_leclerc-georges-louis-_1791,649,0.06519,junk,,,,
ia_bim_eighteenth-century_histoire-naturelle-eng_leclerc-georges-louis-_1791,650,0.10356,junk,,,,
ia_bim_eighteenth-century_histoire-naturelle-eng_leclerc-georges-louis-_1791,651,0.10043,junk,,,,
ia_bim_eighteenth-century_histoire-naturelle-eng_leclerc-georges-louis-_1791,652,0.27368,junk,,,,
ia_bim_eighteenth-century_histoire-naturelle-eng_leclerc-georges-louis-_1791,653,0.95485,non_junk,non_divine_teleology,0.00795,0.7949,0.19715
ia_bim_eighteenth-century_histoire-naturelle-eng_leclerc-georges-louis-_1791,654,0.0144,junk,,,,
ia_bim_eighteenth-century_histoire-naturelle-eng_leclerc-georges-louis-_1791,655,0.69335,non_junk,non_divine_teleology,0.00827,0.98278,0.00894
ia_bim_eighteenth-century_histoire-naturelle-eng_leclerc-georges-louis-_1791,656,0.22413,junk,,,,
ia_bim_eighteenth-century_histoire-naturelle-eng_leclerc-georges-louis-_1791,657,0.04254,junk,,,,
ia_bim_eighteenth-century_histoire-naturelle-eng_leclerc-georges-louis-_1791,658,0.69335,non_junk,non_divine_teleology,0.00827,0.98278,0.00894
ia_bim_eighteenth-century_histoire-naturelle-eng_leclerc-georges-louis-_1791,659,0.22413,junk,,,,
ia_bim_eighteenth-century_histoire-naturelle-eng_leclerc-georges-louis-_1791,662,0.55302,non_junk,non_divine_teleology,0.00628,0.6063,0.38742
ia_bim_eighteenth-century_histoire-naturelle-eng_leclerc-georges-louis-_1791,663,0.06038,junk,,,,
ia_bim_eighteenth-century_histoire-naturelle-eng_leclerc-georges-louis-_1791,666,0.00277,junk,,,,
ia_bim_eighteenth-century_histoire-naturelle-eng_leclerc-georges-louis-_1791,667,0.43027,junk,,,,
ia_bim_eighteenth-century_histoire-naturelle-eng_leclerc-georges-louis-_1791,668,0.80547,non_junk,non_divine_teleology,0.03618,0.81086,0.15296
ia_bim_eighteenth-century_histoire-naturelle-eng_leclerc-georges-louis-_1791,671,0.0,junk,,,,
ia_bim_eighteenth-century_histoire-naturelle-eng_leclerc-georges-louis-_1791,672,0.32024,junk,,,,
ia_bim_eighteenth-century_histoire-naturelle-eng_leclerc-georges-louis-_1791,673,0.58774,non_junk,internal_essence,0.00441,0.09081,0.90478
ia_bim_eighteenth-century_histoire-naturelle-eng_leclerc-georges-louis-_1791,674,0.06115,junk,,,,
ia_bim_eighteenth-century_histoire-naturelle-eng_leclerc-georges-louis-_1791,675,0.06799,junk,,,,
ia_bim_eighteenth-century_histoire-naturelle-eng_leclerc-georges-louis-_1791,676,0.00017,junk,,,,
ia_bim_eighteenth-century_histoire-naturelle-eng_leclerc-georges-louis-_1791,677,0.0018,junk,,,,
ia_bim_eighteenth-century_histoire-naturelle-eng_leclerc-georges-louis-_1791,678,0.62953,non_junk,non_divine_teleology,0.03187,0.48974,0.4784
ia_bim_eighteenth-century_histoire-naturelle-eng_leclerc-georges-louis-_1791,680,0.63384,non_junk,non_divine_teleology,0.0755,0.8283,0.09619
ia_bim_eighteenth-century_histoire-naturelle-eng_leclerc-georges-louis-_1791,682,0.00237,junk,,,,
ia_bim_eighteenth-century_histoire-naturelle-eng_leclerc-georges-louis-_1791,685,0.04808,junk,,,,
ia_bim_eighteenth-century_histoire-naturelle-eng_leclerc-georges-louis-_1791,686,0.00723,junk,,,,
ia_bim_eighteenth-century_histoire-naturelle-eng_leclerc-georges-louis-_1791,688,0.32381,junk,,,,
ia_bim_eighteenth-century_histoire-naturelle-eng_leclerc-georges-louis-_1791,689,0.33553,junk,,,,
ia_bim_eighteenth-century_histoire-naturelle-eng_leclerc-georges-louis-_1791,690,0.62273,non_junk,non_divine_teleology,0.04703,0.94233,0.01063
ia_bim_eighteenth-century_histoire-naturelle-eng_leclerc-georges-louis-_1791,691,0.59483,non_junk,non_divine_teleology,0.01072,0.95204,0.03723
ia_bim_eighteenth-century_histoire-naturelle-eng_leclerc-georges-louis-_1791,692,0.00566,junk,,,,
ia_bim_eighteenth-century_histoire-naturelle-eng_leclerc-georges-louis-_1791,693,0.97928,non_junk,non_divine_teleology,0.01358,0.97424,0.01218
ia_bim_eighteenth-century_histoire-naturelle-eng_leclerc-georges-louis-_1791,694,0.38221,junk,,,,
ia_bim_eighteenth-century_histoire-naturelle-eng_leclerc-georges-louis-_1791,696,0.31346,junk,,,,
ia_bim_eighteenth-century_histoire-naturelle-eng_leclerc-georges-louis-_1791,697,0.61314,non_junk,non_divine_teleology,0.02975,0.80903,0.16122
ia_bim_eighteenth-century_histoire-naturelle-eng_leclerc-georges-louis-_1791,698,0.11425,junk,,,,
ia_bim_eighteenth-century_histoire-naturelle-eng_leclerc-georges-louis-_1791,700,0.03852,junk,,,,
ia_bim_eighteenth-century_histoire-naturelle-eng_leclerc-georges-louis-_1791,702,0.03894,junk,,,,
ia_bim_eighteenth-century_histoire-naturelle-eng_leclerc-georges-louis-_1791,704,0.25564,junk,,,,
ia_bim_eighteenth-century_histoire-naturelle-eng_leclerc-georges-louis-_1791,705,0.13685,junk,,,,
ia_bim_eighteenth-century_histoire-naturelle-eng_leclerc-georges-louis-_1791,706,0.00526,junk,,,,
ia_bim_eighteenth-century_histoire-naturelle-eng_leclerc-georges-louis-_1791,707,0.81439,non_junk,internal_essence,0.01866,0.38847,0.59287
ia_bim_eighteenth-century_histoire-naturelle-eng_leclerc-georges-louis-_1791,708,0.00526,junk,,,,
ia_bim_eighteenth-century_histoire-naturelle-eng_leclerc-georges-louis-_1791,709,0.81439,non_junk,internal_essence,0.01866,0.38847,0.59287
ia_bim_eighteenth-century_histoire-naturelle-eng_leclerc-georges-louis-_1791,711,0.65896,non_junk,non_divine_teleology,0.00245,0.80022,0.19732
ia_bim_eighteenth-century_histoire-naturelle-eng_leclerc-georges-louis-_1791,713,0.03032,junk,,,,
ia_bim_eighteenth-century_histoire-naturelle-eng_leclerc-georges-louis-_1791,714,0.06141,junk,,,,
ia_bim_eighteenth-century_histoire-naturelle-eng_leclerc-georges-louis-_1791,718,0.0024,junk,,,,
ia_bim_eighteenth-century_histoire-naturelle-eng_leclerc-georges-louis-_1791,720,0.02175,junk,,,,
ia_bim_eighteenth-century_histoire-naturelle-eng_leclerc-georges-louis-_1791,721,0.09192,junk,,,,
ia_bim_eighteenth-century_histoire-naturelle-eng_leclerc-georges-louis-_1791,722,0.00044,junk,,,,
ia_bim_eighteenth-century_histoire-naturelle-eng_leclerc-georges-louis-_1791,724,0.16935,junk,,,,
ia_bim_eighteenth-century_histoire-naturelle-eng_leclerc-georges-louis-_1791,726,0.22285,junk,,,,
ia_bim_eighteenth-century_histoire-naturelle-eng_leclerc-georges-louis-_1791,727,0.05282,junk,,,,
ia_bim_eighteenth-century_histoire-naturelle-eng_leclerc-georges-louis-_1791,728,0.61075,non_junk,non_divine_teleology,0.00968,0.67836,0.31196
ia_bim_eighteenth-century_histoire-naturelle-eng_leclerc-georges-louis-_1791,730,0.60456,non_junk,internal_essence,0.01648,0.06743,0.91608
ia_bim_eighteenth-century_histoire-naturelle-eng_leclerc-georges-louis-_1791,734,0.66144,non_junk,internal_essence,0.00961,0.44449,0.5459
ia_bim_eighteenth-century_histoire-naturelle-eng_leclerc-georges-louis-_1791,735,0.06903,junk,,,,
ia_bim_eighteenth-century_histoire-naturelle-eng_leclerc-georges-louis-_1791,736,0.45135,junk,,,,
ia_bim_eighteenth-century_histoire-naturelle-eng_leclerc-georges-louis-_1791,737,0.27573,junk,,,,
ia_bim_eighteenth-century_histoire-naturelle-eng_leclerc-georges-louis-_1791,739,0.30547,junk,,,,
ia_bim_eighteenth-century_histoire-naturelle-eng_leclerc-georges-louis-_1791,740,0.19354,junk,,,,
ia_bim_eighteenth-century_histoire-naturelle-eng_leclerc-georges-louis-_1791,741,0.01485,junk,,,,
ia_bim_eighteenth-century_histoire-naturelle-eng_leclerc-georges-louis-_1791,744,0.89912,non_junk,internal_essence,0.04511,0.19067,0.76422
ia_bim_eighteenth-century_histoire-naturelle-eng_leclerc-georges-louis-_1791,747,0.06682,junk,,,,
ia_bim_eighteenth-century_histoire-naturelle-eng_leclerc-georges-louis-_1791,749,0.14743,junk,,,,
ia_bim_eighteenth-century_histoire-naturelle-eng_leclerc-georges-louis-_1791,750,0.09123,junk,,,,
ia_bim_eighteenth-century_histoire-naturelle-eng_leclerc-georges-louis-_1791,753,0.33479,junk,,,,
ia_bim_eighteenth-century_histoire-naturelle-eng_leclerc-georges-louis-_1791,754,0.8594,non_junk,internal_essence,0.01408,0.14404,0.84188
ia_bim_eighteenth-century_histoire-naturelle-eng_leclerc-georges-louis-_1791,755,0.8594,non_junk,internal_essence,0.01408,0.14404,0.84188
ia_bim_eighteenth-century_histoire-naturelle-eng_leclerc-georges-louis-_1791,757,0.02201,junk,,,,
ia_bim_eighteenth-century_histoire-naturelle-eng_leclerc-georges-louis-_1791,758,0.2502,junk,,,,
ia_bim_eighteenth-century_histoire-naturelle-eng_leclerc-georges-louis-_1791,760,0.57337,non_junk,internal_essence,0.00374,0.15094,0.84532
ia_bim_eighteenth-century_histoire-naturelle-eng_leclerc-georges-louis-_1791,761,0.16536,junk,,,,
ia_bim_eighteenth-century_histoire-naturelle-eng_leclerc-georges-louis-_1791,763,0.07161,junk,,,,
ia_bim_eighteenth-century_histoire-naturelle-eng_leclerc-georges-louis-_1791,764,0.1833,junk,,,,
ia_bim_eighteenth-century_histoire-naturelle-eng_leclerc-georges-louis-_1791,765,0.00181,junk,,,,
ia_bim_eighteenth-century_histoire-naturelle-eng_leclerc-georges-louis-_1791,767,0.18576,junk,,,,
ia_bim_eighteenth-century_histoire-naturelle-eng_leclerc-georges-louis-_1791,769,0.9055,non_junk,non_divine_teleology,0.0113,0.94368,0.04502
ia_bim_eighteenth-century_histoire-naturelle-eng_leclerc-georges-louis-_1791,770,0.28452,junk,,,,
ia_bim_eighteenth-century_histoire-naturelle-eng_leclerc-georges-louis-_1791,771,0.99966,non_junk,non_divine_teleology,0.01483,0.96985,0.01533
ia_bim_eighteenth-century_histoire-naturelle-eng_leclerc-georges-louis-_1791,773,0.28452,junk,,,,
ia_bim_eighteenth-century_histoire-naturelle-eng_leclerc-georges-louis-_1791,775,0.01118,junk,,,,
ia_bim_eighteenth-century_histoire-naturelle-eng_leclerc-georges-louis-_1791,776,0.99839,non_junk,non_divine_teleology,0.01022,0.96559,0.02419
ia_bim_eighteenth-century_histoire-naturelle-eng_leclerc-georges-louis-_1791,778,0.03163,junk,,,,
ia_bim_eighteenth-century_histoire-naturelle-eng_leclerc-georges-louis-_1791,779,0.03738,junk,,,,
ia_bim_eighteenth-century_histoire-naturelle-eng_leclerc-georges-louis-_1791,782,0.31369,junk,,,,
ia_bim_eighteenth-century_histoire-naturelle-eng_leclerc-georges-louis-_1791,783,0.71125,non_junk,non_divine_teleology,0.00571,0.95414,0.04015
ia_bim_eighteenth-century_histoire-naturelle-eng_leclerc-georges-louis-_1791,784,0.04811,junk,,,,
ia_bim_eighteenth-century_histoire-naturelle-eng_leclerc-georges-louis-_1791,785,0.93884,non_junk,non_divine_teleology,0.01617,0.7421,0.24173
ia_bim_eighteenth-century_histoire-naturelle-eng_leclerc-georges-louis-_1791,787,0.6954,non_junk,non_divine_teleology,0.00856,0.80455,0.18689
ia_bim_eighteenth-century_histoire-naturelle-eng_leclerc-georges-louis-_1791,790,0.0022,junk,,,,
ia_bim_eighteenth-century_histoire-naturelle-eng_leclerc-georges-louis-_1791,791,0.67152,non_junk,internal_essence,0.02204,0.16075,0.81721
ia_bim_eighteenth-century_histoire-naturelle-eng_leclerc-georges-louis-_1791,792,0.49301,junk,,,,
ia_bim_eighteenth-century_histoire-naturelle-eng_leclerc-georges-louis-_1791,793,0.35493,junk,,,,
ia_bim_eighteenth-century_histoire-naturelle-eng_leclerc-georges-louis-_1791,794,0.8571,non_junk,non_divine_teleology,0.04276,0.89016,0.06708
ia_bim_eighteenth-century_histoire-naturelle-eng_leclerc-georges-louis-_1791,798,0.75713,non_junk,non_divine_teleology,0.03333,0.94013,0.02654
ia_bim_eighteenth-century_histoire-naturelle-eng_leclerc-georges-louis-_1791,799,0.00521,junk,,,,
ia_bim_eighteenth-century_histoire-naturelle-eng_leclerc-georges-louis-_1791,800,0.99964,non_junk,non_divine_teleology,0.00208,0.99557,0.00235
ia_bim_eighteenth-century_histoire-naturelle-eng_leclerc-georges-louis-_1791,801,0.22208,junk,,,,
ia_bim_eighteenth-century_histoire-naturelle-eng_leclerc-georges-louis-_1791,802,0.00357,junk,,,,
ia_bim_eighteenth-century_histoire-naturelle-eng_leclerc-georges-louis-_1791,803,0.01412,junk,,,,
ia_bim_eighteenth-century_histoire-naturelle-eng_leclerc-georges-louis-_1791,804,0.74247,non_junk,non_divine_teleology,0.03308,0.91787,0.04906
ia_bim_eighteenth-century_histoire-naturelle-eng_leclerc-georges-louis-_1791,805,0.16423,junk,,,,
ia_bim_eighteenth-century_histoire-naturelle-eng_leclerc-georges-louis-_1791,807,0.02676,junk,,,,
ia_bim_eighteenth-century_histoire-naturelle-eng_leclerc-georges-louis-_1791,808,0.00831,junk,,,,
ia_bim_eighteenth-century_histoire-naturelle-eng_leclerc-georges-louis-_1791,809,0.00548,junk,,,,
ia_bim_eighteenth-century_histoire-naturelle-eng_leclerc-georges-louis-_1791,810,0.96107,non_junk,non_divine_teleology,0.00277,0.67519,0.32204
ia_bim_eighteenth-century_histoire-naturelle-eng_leclerc-georges-louis-_1791,811,0.00821,junk,,,,
ia_bim_eighteenth-century_histoire-naturelle-eng_leclerc-georges-louis-_1791,812,0.93925,non_junk,non_divine_teleology,0.01329,0.69774,0.28897
ia_bim_eighteenth-century_histoire-naturelle-eng_leclerc-georges-louis-_1791,814,0.0036,junk,,,,
ia_bim_eighteenth-century_histoire-naturelle-eng_leclerc-georges-louis-_1791,815,0.1231,junk,,,,
ia_bim_eighteenth-century_histoire-naturelle-eng_leclerc-georges-louis-_1791,817,0.97538,non_junk,non_divine_teleology,0.00667,0.97729,0.01604
ia_bim_eighteenth-century_histoire-naturelle-eng_leclerc-georges-louis-_1791,818,0.02669,junk,,,,
ia_bim_eighteenth-century_histoire-naturelle-eng_leclerc-georges-louis-_1791,819,0.47743,junk,,,,
ia_bim_eighteenth-century_histoire-naturelle-eng_leclerc-georges-louis-_1791,821,0.68434,non_junk,non_divine_teleology,0.02192,0.84925,0.12883
ia_bim_eighteenth-century_histoire-naturelle-eng_leclerc-georges-louis-_1791,822,0.96215,non_junk,non_divine_teleology,0.00456,0.97892,0.01652
ia_bim_eighteenth-century_histoire-naturelle-eng_leclerc-georges-louis-_1791,824,0.84339,non_junk,non_divine_teleology,0.03091,0.95339,0.01571
ia_bim_eighteenth-century_histoire-naturelle-eng_leclerc-georges-louis-_1791,825,0.01211,junk,,,,
ia_bim_eighteenth-century_histoire-naturelle-eng_leclerc-georges-louis-_1791,826,0.00728,junk,,,,
ia_bim_eighteenth-century_histoire-naturelle-eng_leclerc-georges-louis-_1791,827,0.00331,junk,,,,
ia_bim_eighteenth-century_histoire-naturelle-eng_leclerc-georges-louis-_1791,828,0.00496,junk,,,,
ia_bim_eighteenth-century_histoire-naturelle-eng_leclerc-georges-louis-_1791,830,0.2946,junk,,,,
ia_bim_eighteenth-century_histoire-naturelle-eng_leclerc-georges-louis-_1791,831,0.34552,junk,,,,
ia_bim_eighteenth-century_histoire-naturelle-eng_leclerc-georges-louis-_1791,833,0.80162,non_junk,non_divine_teleology,0.00464,0.94086,0.0545
ia_bim_eighteenth-century_histoire-naturelle-eng_leclerc-georges-louis-_1791,836,0.88947,non_junk,non_divine_teleology,0.01462,0.90433,0.08105
ia_bim_eighteenth-century_histoire-naturelle-eng_leclerc-georges-louis-_1791,837,0.90693,non_junk,non_divine_teleology,0.0172,0.94716,0.03564
ia_bim_eighteenth-century_histoire-naturelle-eng_leclerc-georges-louis-_1791,838,0.88947,non_junk,non_divine_teleology,0.01462,0.90433,0.08105
ia_bim_eighteenth-century_histoire-naturelle-eng_leclerc-georges-louis-_1791,840,0.18266,junk,,,,
ia_bim_eighteenth-century_histoire-naturelle-eng_leclerc-georges-louis-_1791,841,0.00035,junk,,,,
ia_bim_eighteenth-century_histoire-naturelle-eng_leclerc-georges-louis-_1791,842,0.03325,junk,,,,
ia_bim_eighteenth-century_histoire-naturelle-eng_leclerc-georges-louis-_1791,845,0.32861,junk,,,,
ia_bim_eighteenth-century_histoire-naturelle-eng_leclerc-georges-louis-_1791,846,0.00672,junk,,,,
ia_bim_eighteenth-century_histoire-naturelle-eng_leclerc-georges-louis-_1791,847,0.14009,junk,,,,
ia_bim_eighteenth-century_histoire-naturelle-eng_leclerc-georges-louis-_1791,848,0.00301,junk,,,,
ia_bim_eighteenth-century_histoire-naturelle-eng_leclerc-georges-louis-_1791,849,0.05731,junk,,,,
ia_bim_eighteenth-century_histoire-naturelle-eng_leclerc-georges-louis-_1791,851,0.00808,junk,,,,
ia_bim_eighteenth-century_histoire-naturelle-eng_leclerc-georges-louis-_1791,853,0.92535,non_junk,internal_essence,0.01551,0.25915,0.72535
ia_bim_eighteenth-century_histoire-naturelle-eng_leclerc-georges-louis-_1791,854,0.01555,junk,,,,
ia_bim_eighteenth-century_histoire-naturelle-eng_leclerc-georges-louis-_1791,855,0.77233,non_junk,non_divine_teleology,0.00873,0.9057,0.08557
ia_bim_eighteenth-century_histoire-naturelle-eng_leclerc-georges-louis-_1791,857,0.24738,junk,,,,
ia_bim_eighteenth-century_histoire-naturelle-eng_leclerc-georges-louis-_1791,860,0.01873,junk,,,,
ia_bim_eighteenth-century_histoire-naturelle-eng_leclerc-georges-louis-_1791,861,0.58434,non_junk,non_divine_teleology,0.01203,0.9352,0.05277
ia_bim_eighteenth-century_histoire-naturelle-eng_leclerc-georges-louis-_1791,862,0.82681,non_junk,non_divine_teleology,0.01663,0.92879,0.05458
ia_bim_eighteenth-century_histoire-naturelle-eng_leclerc-georges-louis-_1791,863,0.0996,junk,,,,
ia_bim_eighteenth-century_histoire-naturelle-eng_leclerc-georges-louis-_1791,864,0.011,junk,,,,
ia_bim_eighteenth-century_histoire-naturelle-eng_leclerc-georges-louis-_1791,865,0.57247,non_junk,non_divine_teleology,0.29095,0.67677,0.03229
ia_bim_eighteenth-century_histoire-naturelle-eng_leclerc-georges-louis-_1791,866,0.97964,non_junk,non_divine_teleology,0.08553,0.89702,0.01746
ia_bim_eighteenth-century_histoire-naturelle-eng_leclerc-georges-louis-_1791,868,0.01113,junk,,,,
ia_bim_eighteenth-century_histoire-naturelle-eng_leclerc-georges-louis-_1791,870,0.00112,junk,,,,
ia_bim_eighteenth-century_histoire-naturelle-eng_leclerc-georges-louis-_1791,871,0.0451,junk,,,,
ia_bim_eighteenth-century_histoire-naturelle-eng_leclerc-georges-louis-_1791,872,0.05313,junk,,,,
ia_bim_eighteenth-century_histoire-naturelle-eng_leclerc-georges-louis-_1791,875,0.00601,junk,,,,
ia_bim_eighteenth-century_histoire-naturelle-eng_leclerc-georges-louis-_1791,877,0.00046,junk,,,,
ia_bim_eighteenth-century_histoire-naturelle-eng_leclerc-georges-louis-_1791,880,0.24666,junk,,,,
ia_bim_eighteenth-century_histoire-naturelle-eng_leclerc-georges-louis-_1791,882,0.00048,junk,,,,
ia_bim_eighteenth-century_histoire-naturelle-eng_leclerc-georges-louis-_1791,883,0.17456,junk,,,,
ia_bim_eighteenth-century_histoire-naturelle-eng_leclerc-georges-louis-_1791,884,0.00357,junk,,,,
ia_bim_eighteenth-century_histoire-naturelle-eng_leclerc-georges-louis-_1791,885,0.17456,junk,,,,
ia_bim_eighteenth-century_histoire-naturelle-eng_leclerc-georges-louis-_1791,886,0.00561,junk,,,,
ia_bim_eighteenth-century_histoire-naturelle-eng_leclerc-georges-louis-_1791,888,0.97808,non_junk,non_divine_teleology,0.05472,0.81266,0.13262
ia_bim_eighteenth-century_histoire-naturelle-eng_leclerc-georges-louis-_1791,889,0.97759,non_junk,non_divine_teleology,0.06744,0.67307,0.25949
ia_bim_eighteenth-century_histoire-naturelle-eng_leclerc-georges-louis-_1791,890,0.99486,non_junk,non_divine_teleology,0.00939,0.96997,0.02064
ia_bim_eighteenth-century_histoire-naturelle-eng_leclerc-georges-louis-_1791,891,0.75478,non_junk,non_divine_teleology,0.01866,0.64522,0.33613
ia_bim_eighteenth-century_histoire-naturelle-eng_leclerc-georges-louis-_1791,892,0.01174,junk,,,,
ia_bim_eighteenth-century_histoire-naturelle-eng_leclerc-georges-louis-_1791,893,0.75478,non_junk,non_divine_teleology,0.01866,0.64522,0.33613
ia_bim_eighteenth-century_histoire-naturelle-eng_leclerc-georges-louis-_1791,895,0.01349,junk,,,,
ia_bim_eighteenth-century_histoire-naturelle-eng_leclerc-georges-louis-_1791,897,0.00512,junk,,,,
ia_bim_eighteenth-century_histoire-naturelle-eng_leclerc-georges-louis-_1791,898,0.03545,junk,,,,
ia_bim_eighteenth-century_histoire-naturelle-eng_leclerc-georges-louis-_1791,899,0.64538,non_junk,internal_essence,0.00484,0.46636,0.5288
ia_bim_eighteenth-century_histoire-naturelle-eng_leclerc-georges-louis-_1791,900,0.55815,non_junk,non_divine_teleology,0.00357,0.92973,0.0667
ia_bim_eighteenth-century_histoire-naturelle-eng_leclerc-georges-louis-_1791,902,0.39785,junk,,,,
ia_bim_eighteenth-century_histoire-naturelle-eng_leclerc-georges-louis-_1791,903,0.64725,non_junk,internal_essence,0.0289,0.45112,0.51998
ia_bim_eighteenth-century_histoire-naturelle-eng_leclerc-georges-louis-_1791,904,0.01795,junk,,,,
ia_bim_eighteenth-century_histoire-naturelle-eng_leclerc-georges-louis-_1791,906,0.86793,non_junk,non_divine_teleology,0.0303,0.95874,0.01096
ia_bim_eighteenth-century_histoire-naturelle-eng_leclerc-georges-louis-_1791,909,0.7955,non_junk,non_divine_teleology,0.03811,0.81423,0.14766
ia_bim_eighteenth-century_histoire-naturelle-eng_leclerc-georges-louis-_1791,910,0.83668,non_junk,non_divine_teleology,0.02987,0.94212,0.028
ia_bim_eighteenth-century_histoire-naturelle-eng_leclerc-georges-louis-_1791,911,0.0173,junk,,,,
ia_bim_eighteenth-century_histoire-naturelle-eng_leclerc-georges-louis-_1791,915,0.00983,junk,,,,
ia_bim_eighteenth-century_histoire-naturelle-eng_leclerc-georges-louis-_1791,916,0.89807,non_junk,non_divine_teleology,0.04137,0.89766,0.06097
ia_bim_eighteenth-century_histoire-naturelle-eng_leclerc-georges-louis-_1791,918,0.89807,non_junk,non_divine_teleology,0.04137,0.89766,0.06097
ia_bim_eighteenth-century_histoire-naturelle-eng_leclerc-georges-louis-_1791,921,0.00023,junk,,,,
ia_bim_eighteenth-century_histoire-naturelle-eng_leclerc-georges-louis-_1791,922,0.00147,junk,,,,
ia_bim_eighteenth-century_histoire-naturelle-eng_leclerc-georges-louis-_1791,923,0.03084,junk,,,,
ia_bim_eighteenth-century_histoire-naturelle-eng_leclerc-georges-louis-_1791,924,0.00529,junk,,,,
ia_bim_eighteenth-century_histoire-naturelle-eng_leclerc-georges-louis-_1791,925,0.00373,junk,,,,
ia_bim_eighteenth-century_histoire-naturelle-eng_leclerc-georges-louis-_1791,926,0.04017,junk,,,,
ia_bim_eighteenth-century_histoire-naturelle-eng_leclerc-georges-louis-_1791,927,0.00454,junk,,,,
ia_bim_eighteenth-century_histoire-naturelle-eng_leclerc-georges-louis-_1791,928,0.06135,junk,,,,
ia_bim_eighteenth-century_histoire-naturelle-eng_leclerc-georges-louis-_1791,930,0.03823,junk,,,,
ia_bim_eighteenth-century_histoire-naturelle-eng_leclerc-georges-louis-_1791,931,0.13991,junk,,,,
ia_bim_eighteenth-century_histoire-naturelle-eng_leclerc-georges-louis-_1791,933,0.70893,non_junk,non_divine_teleology,0.02183,0.81224,0.16592
ia_bim_eighteenth-century_histoire-naturelle-eng_leclerc-georges-louis-_1791,935,0.00865,junk,,,,
ia_bim_eighteenth-century_histoire-naturelle-eng_leclerc-georges-louis-_1791,936,0.07405,junk,,,,
ia_bim_eighteenth-century_histoire-naturelle-eng_leclerc-georges-louis-_1791,937,0.00244,junk,,,,
ia_bim_eighteenth-century_histoire-naturelle-eng_leclerc-georges-louis-_1791,939,0.24309,junk,,,,
ia_bim_eighteenth-century_histoire-naturelle-eng_leclerc-georges-louis-_1791,942,0.01028,junk,,,,
ia_bim_eighteenth-century_histoire-naturelle-eng_leclerc-georges-louis-_1791,944,0.60418,non_junk,non_divine_teleology,0.01544,0.93261,0.05195
ia_bim_eighteenth-century_histoire-naturelle-eng_leclerc-georges-louis-_1791,945,0.36677,junk,,,,
ia_bim_eighteenth-century_histoire-naturelle-eng_leclerc-georges-louis-_1791,946,0.33363,junk,,,,
ia_bim_eighteenth-century_histoire-naturelle-eng_leclerc-georges-louis-_1791,948,0.0519,junk,,,,
ia_bim_eighteenth-century_histoire-naturelle-eng_leclerc-georges-louis-_1791,951,0.16783,junk,,,,
ia_bim_eighteenth-century_histoire-naturelle-eng_leclerc-georges-louis-_1791,952,0.05565,junk,,,,
ia_bim_eighteenth-century_histoire-naturelle-eng_leclerc-georges-louis-_1791,953,0.09299,junk,,,,
ia_bim_eighteenth-century_histoire-naturelle-eng_leclerc-georges-louis-_1791,954,0.04489,junk,,,,
ia_bim_eighteenth-century_histoire-naturelle-eng_leclerc-georges-louis-_1791,956,0.12098,junk,,,,
ia_bim_eighteenth-century_histoire-naturelle-eng_leclerc-georges-louis-_1791,957,0.0059,junk,,,,
ia_bim_eighteenth-century_histoire-naturelle-eng_leclerc-georges-louis-_1791,958,0.20295,junk,,,,
ia_bim_eighteenth-century_histoire-naturelle-eng_leclerc-georges-louis-_1791,960,0.94958,non_junk,non_divine_teleology,0.02027,0.83661,0.14312
ia_bim_eighteenth-century_histoire-naturelle-eng_leclerc-georges-louis-_1791,963,0.31255,junk,,,,
ia_bim_eighteenth-century_histoire-naturelle-eng_leclerc-georges-louis-_1791,964,0.75008,non_junk,internal_essence,0.00254,0.03646,0.961
ia_bim_eighteenth-century_histoire-naturelle-eng_leclerc-georges-louis-_1791,965,0.42389,junk,,,,
ia_bim_eighteenth-century_histoire-naturelle-eng_leclerc-georges-louis-_1791,967,0.7686,non_junk,non_divine_teleology,0.01128,0.86859,0.12013
ia_bim_eighteenth-century_histoire-naturelle-eng_leclerc-georges-louis-_1791,969,0.00332,junk,,,,
ia_bim_eighteenth-century_histoire-naturelle-eng_leclerc-georges-louis-_1791,970,0.02589,junk,,,,
ia_bim_eighteenth-century_histoire-naturelle-eng_leclerc-georges-louis-_1791,971,0.09588,junk,,,,
ia_bim_eighteenth-century_histoire-naturelle-eng_leclerc-georges-louis-_1791,973,0.01588,junk,,,,
ia_bim_eighteenth-century_histoire-naturelle-eng_leclerc-georges-louis-_1791,975,0.00547,junk,,,,
ia_bim_eighteenth-century_histoire-naturelle-eng_leclerc-georges-louis-_1791,976,0.77944,non_junk,non_divine_teleology,0.02765,0.71568,0.25666
ia_bim_eighteenth-century_histoire-naturelle-eng_leclerc-georges-louis-_1791,977,0.81508,non_junk,non_divine_teleology,0.01829,0.74143,0.24027
ia_bim_eighteenth-century_histoire-naturelle-eng_leclerc-georges-louis-_1791,979,0.01765,junk,,,,
ia_bim_eighteenth-century_histoire-naturelle-eng_leclerc-georges-louis-_1791,980,0.82881,non_junk,non_divine_teleology,0.01593,0.95119,0.03288
ia_bim_eighteenth-century_histoire-naturelle-eng_leclerc-georges-louis-_1791,982,0.01903,junk,,,,
ia_bim_eighteenth-century_histoire-naturelle-eng_leclerc-georges-louis-_1791,983,0.32795,junk,,,,
ia_bim_eighteenth-century_histoire-naturelle-eng_leclerc-georges-louis-_1791,984,0.34346,junk,,,,
ia_bim_eighteenth-century_histoire-naturelle-eng_leclerc-georges-louis-_1791,985,0.48519,junk,,,,
ia_bim_eighteenth-century_histoire-naturelle-eng_leclerc-georges-louis-_1791,986,0.01087,junk,,,,
ia_bim_eighteenth-century_histoire-naturelle-eng_leclerc-georges-louis-_1791,987,0.04803,junk,,,,
ia_bim_eighteenth-century_histoire-naturelle-eng_leclerc-georges-louis-_1791,988,0.99269,non_junk,non_divine_teleology,0.00729,0.63244,0.36027
ia_bim_eighteenth-century_histoire-naturelle-eng_leclerc-georges-louis-_1791,989,0.16287,junk,,,,
ia_bim_eighteenth-century_histoire-naturelle-eng_leclerc-georges-louis-_1791,994,0.71799,non_junk,non_divine_teleology,0.0163,0.59275,0.39095
ia_bim_eighteenth-century_histoire-naturelle-eng_leclerc-georges-louis-_1791,996,0.00411,junk,,,,
ia_bim_eighteenth-century_histoire-naturelle-eng_leclerc-georges-louis-_1791,997,0.01109,junk,,,,
ia_bim_eighteenth-century_histoire-naturelle-eng_leclerc-georges-louis-_1791,998,0.00095,junk,,,,
ia_bim_eighteenth-century_histoire-naturelle-eng_leclerc-georges-louis-_1791,999,0.0021,junk,,,,
ia_bim_eighteenth-century_histoire-naturelle-eng_leclerc-georges-louis-_1791,1000,0.04818,junk,,,,
ia_bim_eighteenth-century_histoire-naturelle-eng_leclerc-georges-louis-_1791,1002,0.77971,non_junk,non_divine_teleology,0.04041,0.88826,0.07133
ia_bim_eighteenth-century_histoire-naturelle-eng_leclerc-georges-louis-_1791,1003,0.83426,non_junk,non_divine_teleology,0.00855,0.92239,0.06907
ia_bim_eighteenth-century_histoire-naturelle-eng_leclerc-georges-louis-_1791,1004,0.01269,junk,,,,
ia_bim_eighteenth-century_histoire-naturelle-eng_leclerc-georges-louis-_1791,1008,0.00127,junk,,,,
ia_bim_eighteenth-century_histoire-naturelle-eng_leclerc-georges-louis-_1791,1009,0.02491,junk,,,,
ia_bim_eighteenth-century_histoire-naturelle-eng_leclerc-georges-louis-_1791,1010,9e-05,junk,,,,
ia_bim_eighteenth-century_histoire-naturelle-eng_leclerc-georges-louis-_1791,1011,0.64569,non_junk,non_divine_teleology,0.01731,0.96266,0.02003
ia_bim_eighteenth-century_histoire-naturelle-eng_leclerc-georges-louis-_1791,1013,0.00102,junk,,,,
ia_bim_eighteenth-century_histoire-naturelle-eng_leclerc-georges-louis-_1791,1014,0.33335,junk,,,,
ia_bim_eighteenth-century_histoire-naturelle-eng_leclerc-georges-louis-_1791,1015,0.00293,junk,,,,
ia_bim_eighteenth-century_histoire-naturelle-eng_leclerc-georges-louis-_1791,1018,0.06781,junk,,,,
ia_bim_eighteenth-century_histoire-naturelle-eng_leclerc-georges-louis-_1791,1021,0.00047,junk,,,,
ia_bim_eighteenth-century_histoire-naturelle-eng_leclerc-georges-louis-_1791,1022,0.53719,non_junk,internal_essence,0.02369,0.34008,0.63623
ia_bim_eighteenth-century_histoire-naturelle-eng_leclerc-georges-louis-_1791,1023,0.01168,junk,,,,
ia_bim_eighteenth-century_histoire-naturelle-eng_leclerc-georges-louis-_1791,1024,0.00267,junk,,,,
ia_bim_eighteenth-century_histoire-naturelle-eng_leclerc-georges-louis-_1791,1026,0.1404,junk,,,,
ia_bim_eighteenth-century_histoire-naturelle-eng_leclerc-georges-louis-_1791,1027,0.00348,junk,,,,
ia_bim_eighteenth-century_histoire-naturelle-eng_leclerc-georges-louis-_1791,1028,0.00092,junk,,,,
ia_bim_eighteenth-century_histoire-naturelle-eng_leclerc-georges-louis-_1791,1030,0.0003,junk,,,,
ia_bim_eighteenth-century_histoire-naturelle-eng_leclerc-georges-louis-_1791,1031,0.93912,non_junk,non_divine_teleology,0.05527,0.70753,0.23721
ia_bim_eighteenth-century_histoire-naturelle-eng_leclerc-georges-louis-_1791,1032,0.0116,junk,,,,
ia_bim_eighteenth-century_histoire-naturelle-eng_leclerc-georges-louis-_1791,1034,0.03282,junk,,,,
ia_bim_eighteenth-century_histoire-naturelle-eng_leclerc-georges-louis-_1791,1037,0.00761,junk,,,,
ia_bim_eighteenth-century_histoire-naturelle-eng_leclerc-georges-louis-_1791,1038,0.00301,junk,,,,
ia_bim_eighteenth-century_histoire-naturelle-eng_leclerc-georges-louis-_1791,1040,0.06524,junk,,,,
ia_bim_eighteenth-century_histoire-naturelle-eng_leclerc-georges-louis-_1791,1041,0.3237,junk,,,,
ia_bim_eighteenth-century_histoire-naturelle-eng_leclerc-georges-louis-_1791,1043,0.81522,non_junk,non_divine_teleology,0.00981,0.97,0.02019
ia_bim_eighteenth-century_histoire-naturelle-eng_leclerc-georges-louis-_1791,1044,0.03107,junk,,,,
ia_bim_eighteenth-century_histoire-naturelle-eng_leclerc-georges-louis-_1791,1045,0.78067,non_junk,non_divine_teleology,0.01497,0.894,0.09102
ia_bim_eighteenth-century_histoire-naturelle-eng_leclerc-georges-louis-_1791,1046,0.65523,non_junk,non_divine_teleology,0.0384,0.77426,0.18734
ia_bim_eighteenth-century_histoire-naturelle-eng_leclerc-georges-louis-_1791,1047,0.99858,non_junk,non_divine_teleology,0.01822,0.92999,0.05178
ia_bim_eighteenth-century_histoire-naturelle-eng_leclerc-georges-louis-_1791,1048,0.11286,junk,,,,
ia_bim_eighteenth-century_histoire-naturelle-eng_leclerc-georges-louis-_1791,1050,0.06322,junk,,,,
ia_bim_eighteenth-century_histoire-naturelle-eng_leclerc-georges-louis-_1791,1051,0.32293,junk,,,,
ia_bim_eighteenth-century_histoire-naturelle-eng_leclerc-georges-louis-_1791,1052,0.11286,junk,,,,
ia_bim_eighteenth-century_histoire-naturelle-eng_leclerc-georges-louis-_1791,1053,0.0085,junk,,,,
ia_bim_eighteenth-century_histoire-naturelle-eng_leclerc-georges-louis-_1791,1054,0.06322,junk,,,,
ia_bim_eighteenth-century_histoire-naturelle-eng_leclerc-georges-louis-_1791,1055,0.34515,junk,,,,
ia_bim_eighteenth-century_histoire-naturelle-eng_leclerc-georges-louis-_1791,1056,0.52554,non_junk,non_divine_teleology,0.031,0.93947,0.02953
ia_bim_eighteenth-century_histoire-naturelle-eng_leclerc-georges-louis-_1791,1058,0.82792,non_junk,non_divine_teleology,0.08142,0.84806,0.07053
ia_bim_eighteenth-century_histoire-naturelle-eng_leclerc-georges-louis-_1791,1059,0.95576,non_junk,non_divine_teleology,0.03152,0.93443,0.03406
ia_bim_eighteenth-century_histoire-naturelle-eng_leclerc-georges-louis-_1791,1060,0.97114,non_junk,non_divine_teleology,0.02141,0.95508,0.02351
ia_bim_eighteenth-century_histoire-naturelle-eng_leclerc-georges-louis-_1791,1065,0.19222,junk,,,,
ia_bim_eighteenth-century_histoire-naturelle-eng_leclerc-georges-louis-_1791,1066,0.97903,non_junk,non_divine_teleology,0.02334,0.96645,0.01021
ia_bim_eighteenth-century_histoire-naturelle-eng_leclerc-georges-louis-_1791,1067,0.00455,junk,,,,
ia_bim_eighteenth-century_histoire-naturelle-eng_leclerc-georges-louis-_1791,1068,0.99557,non_junk,non_divine_teleology,0.0851,0.90166,0.01325
ia_bim_eighteenth-century_histoire-naturelle-eng_leclerc-georges-louis-_1791,1069,0.55152,non_junk,non_divine_teleology,0.03578,0.94392,0.0203
ia_bim_eighteenth-century_histoire-naturelle-eng_leclerc-georges-louis-_1791,1070,0.00179,junk,,,,
ia_bim_eighteenth-century_histoire-naturelle-eng_leclerc-georges-louis-_1791,1074,0.4144,junk,,,,
ia_bim_eighteenth-century_histoire-naturelle-eng_leclerc-georges-louis-_1791,1075,0.12014,junk,,,,
ia_bim_eighteenth-century_histoire-naturelle-eng_leclerc-georges-louis-_1791,1076,0.53803,non_junk,non_divine_teleology,0.00652,0.70145,0.29203
ia_bim_eighteenth-century_histoire-naturelle-eng_leclerc-georges-louis-_1791,1079,0.03411,junk,,,,
ia_bim_eighteenth-century_histoire-naturelle-eng_leclerc-georges-louis-_1791,1080,0.18368,junk,,,,
ia_bim_eighteenth-century_histoire-naturelle-eng_leclerc-georges-louis-_1791,1085,0.99026,non_junk,non_divine_teleology,0.00443,0.9891,0.00647
ia_bim_eighteenth-century_histoire-naturelle-eng_leclerc-georges-louis-_1791,1086,0.46517,junk,,,,
ia_bim_eighteenth-century_histoire-naturelle-eng_leclerc-georges-louis-_1791,1088,0.99026,non_junk,non_divine_teleology,0.00443,0.9891,0.00647
ia_bim_eighteenth-century_histoire-naturelle-eng_leclerc-georges-louis-_1791,1089,0.46517,junk,,,,
ia_bim_eighteenth-century_histoire-naturelle-eng_leclerc-georges-louis-_1791,1091,0.95639,non_junk,non_divine_teleology,0.01908,0.9607,0.02022
ia_bim_eighteenth-century_histoire-naturelle-eng_leclerc-georges-louis-_1791,1092,0.39863,junk,,,,
ia_bim_eighteenth-century_histoire-naturelle-eng_leclerc-georges-louis-_1791,1093,0.2942,junk,,,,
ia_bim_eighteenth-century_histoire-naturelle-eng_leclerc-georges-louis-_1791,1094,0.97175,non_junk,non_divine_teleology,0.01717,0.97143,0.0114
ia_bim_eighteenth-century_histoire-naturelle-eng_leclerc-georges-louis-_1791,1095,0.09087,junk,,,,
ia_bim_eighteenth-century_histoire-naturelle-eng_leclerc-georges-louis-_1791,1097,0.01017,junk,,,,
ia_bim_eighteenth-century_histoire-naturelle-eng_leclerc-georges-louis-_1791,1098,0.00217,junk,,,,
ia_bim_eighteenth-century_histoire-naturelle-eng_leclerc-georges-louis-_1791,1099,0.44131,junk,,,,
ia_bim_eighteenth-century_histoire-naturelle-eng_leclerc-georges-louis-_1791,1100,0.03228,junk,,,,
ia_bim_eighteenth-century_histoire-naturelle-eng_leclerc-georges-louis-_1791,1101,0.4993,junk,,,,
ia_bim_eighteenth-century_histoire-naturelle-eng_leclerc-georges-louis-_1791,1102,0.09066,junk,,,,
ia_bim_eighteenth-century_histoire-naturelle-eng_leclerc-georges-louis-_1791,1103,0.05768,junk,,,,
ia_bim_eighteenth-century_histoire-naturelle-eng_leclerc-georges-louis-_1791,1104,0.12798,junk,,,,
ia_bim_eighteenth-century_histoire-naturelle-eng_leclerc-georges-louis-_1791,1107,0.52786,non_junk,non_divine_teleology,0.01328,0.9784,0.00832
ia_bim_eighteenth-century_histoire-naturelle-eng_leclerc-georges-louis-_1791,1108,0.99669,non_junk,non_divine_teleology,0.03478,0.95237,0.01286
ia_bim_eighteenth-century_histoire-naturelle-eng_leclerc-georges-louis-_1791,1110,0.00746,junk,,,,
ia_bim_eighteenth-century_histoire-naturelle-eng_leclerc-georges-louis-_1791,1111,0.31028,junk,,,,
ia_bim_eighteenth-century_histoire-naturelle-eng_leclerc-georges-louis-_1791,1113,0.00098,junk,,,,
ia_bim_eighteenth-century_histoire-naturelle-eng_leclerc-georges-louis-_1791,1115,0.02345,junk,,,,
ia_bim_eighteenth-century_histoire-naturelle-eng_leclerc-georges-louis-_1791,1116,0.02426,junk,,,,
ia_bim_eighteenth-century_histoire-naturelle-eng_leclerc-georges-louis-_1791,1117,0.31228,junk,,,,
ia_bim_eighteenth-century_histoire-naturelle-eng_leclerc-georges-louis-_1791,1118,0.00224,junk,,,,
ia_bim_eighteenth-century_histoire-naturelle-eng_leclerc-georges-louis-_1791,1119,0.00279,junk,,,,
ia_bim_eighteenth-century_histoire-naturelle-eng_leclerc-georges-louis-_1791,1120,0.31581,junk,,,,
ia_bim_eighteenth-century_histoire-naturelle-eng_leclerc-georges-louis-_1791,1121,0.00105,junk,,,,
ia_bim_eighteenth-century_histoire-naturelle-eng_leclerc-georges-louis-_1791,1123,0.92146,non_junk,non_divine_teleology,0.00963,0.975,0.01537
ia_bim_eighteenth-century_histoire-naturelle-eng_leclerc-georges-louis-_1791,1125,0.01348,junk,,,,
ia_bim_eighteenth-century_histoire-naturelle-eng_leclerc-georges-louis-_1791,1127,0.10674,junk,,,,
ia_bim_eighteenth-century_histoire-naturelle-eng_leclerc-georges-louis-_1791,1128,0.0072,junk,,,,
ia_bim_eighteenth-century_histoire-naturelle-eng_leclerc-georges-louis-_1791,1130,0.00094,junk,,,,
ia_bim_eighteenth-century_histoire-naturelle-eng_leclerc-georges-louis-_1791,1133,0.25462,junk,,,,
ia_bim_eighteenth-century_histoire-naturelle-eng_leclerc-georges-louis-_1791,1137,0.05591,junk,,,,
ia_bim_eighteenth-century_histoire-naturelle-eng_leclerc-georges-louis-_1791,1139,0.07399,junk,,,,
ia_bim_eighteenth-century_histoire-naturelle-eng_leclerc-georges-louis-_1791,1145,0.00026,junk,,,,
ia_bim_eighteenth-century_histoire-naturelle-eng_leclerc-georges-louis-_1791,1146,0.09302,junk,,,,
ia_bim_eighteenth-century_histoire-naturelle-eng_leclerc-georges-louis-_1791,1147,0.69227,non_junk,non_divine_teleology,0.05536,0.89702,0.04761
ia_bim_eighteenth-century_histoire-naturelle-eng_leclerc-georges-louis-_1791,1148,0.50467,non_junk,divine_teleology,0.90048,0.09863,0.00089
ia_bim_eighteenth-century_histoire-naturelle-eng_leclerc-georges-louis-_1791,1149,0.85473,non_junk,divine_teleology,0.59909,0.38447,0.01645
ia_bim_eighteenth-century_histoire-naturelle-eng_leclerc-georges-louis-_1791,1151,0.00161,junk,,,,
ia_bim_eighteenth-century_histoire-naturelle-eng_leclerc-georges-louis-_1791,1152,0.02868,junk,,,,
ia_bim_eighteenth-century_histoire-naturelle-eng_leclerc-georges-louis-_1791,1153,0.12455,junk,,,,
ia_bim_eighteenth-century_histoire-naturelle-eng_leclerc-georges-louis-_1791,1154,0.99948,non_junk,non_divine_teleology,0.00304,0.98835,0.00861
ia_bim_eighteenth-century_histoire-naturelle-eng_leclerc-georges-louis-_1791,1155,0.83718,non_junk,non_divine_teleology,0.01907,0.83797,0.14296
ia_bim_eighteenth-century_histoire-naturelle-eng_leclerc-georges-louis-_1791,1156,0.99869,non_junk,non_divine_teleology,0.01368,0.98019,0.00613
ia_bim_eighteenth-century_histoire-naturelle-eng_leclerc-georges-louis-_1791,1157,0.99461,non_junk,non_divine_teleology,0.01235,0.97466,0.01299
ia_bim_eighteenth-century_histoire-naturelle-eng_leclerc-georges-louis-_1791,1158,0.96352,non_junk,non_divine_teleology,0.00457,0.98834,0.00709
ia_bim_eighteenth-century_histoire-naturelle-eng_leclerc-georges-louis-_1791,1159,0.03918,junk,,,,
ia_bim_eighteenth-century_histoire-naturelle-eng_leclerc-georges-louis-_1791,1160,0.01102,junk,,,,
ia_bim_eighteenth-century_histoire-naturelle-eng_leclerc-georges-louis-_1791,1161,0.00063,junk,,,,
ia_bim_eighteenth-century_histoire-naturelle-eng_leclerc-georges-louis-_1791,1162,0.73301,non_junk,non_divine_teleology,0.03278,0.95063,0.01659
ia_bim_eighteenth-century_histoire-naturelle-eng_leclerc-georges-louis-_1791,1163,0.9331,non_junk,non_divine_teleology,0.01643,0.95494,0.02863
ia_bim_eighteenth-century_histoire-naturelle-eng_leclerc-georges-louis-_1791,1164,0.10282,junk,,,,
ia_bim_eighteenth-century_histoire-naturelle-eng_leclerc-georges-louis-_1791,1168,0.00274,junk,,,,
ia_bim_eighteenth-century_histoire-naturelle-eng_leclerc-georges-louis-_1791,1169,0.00042,junk,,,,
ia_bim_eighteenth-century_histoire-naturelle-eng_leclerc-georges-louis-_1791,1170,0.41095,junk,,,,
ia_bim_eighteenth-century_histoire-naturelle-eng_leclerc-georges-louis-_1791,1173,0.39225,junk,,,,
ia_bim_eighteenth-century_histoire-naturelle-eng_leclerc-georges-louis-_1791,1176,0.91322,non_junk,non_divine_teleology,0.01556,0.98074,0.00371
ia_bim_eighteenth-century_histoire-naturelle-eng_leclerc-georges-louis-_1791,1177,0.06108,junk,,,,
ia_bim_eighteenth-century_histoire-naturelle-eng_leclerc-georges-louis-_1791,1180,0.00054,junk,,,,
ia_bim_eighteenth-century_histoire-naturelle-eng_leclerc-georges-louis-_1791,1183,0.42175,junk,,,,
ia_bim_eighteenth-century_histoire-naturelle-eng_leclerc-georges-louis-_1791,1184,0.02586,junk,,,,
ia_bim_eighteenth-century_histoire-naturelle-eng_leclerc-georges-louis-_1791,1187,0.00498,junk,,,,
ia_bim_eighteenth-century_histoire-naturelle-eng_leclerc-georges-louis-_1791,1188,0.0021,junk,,,,
ia_bim_eighteenth-century_histoire-naturelle-eng_leclerc-georges-louis-_1791,1190,0.00201,junk,,,,
ia_bim_eighteenth-century_histoire-naturelle-eng_leclerc-georges-louis-_1791,1192,0.00111,junk,,,,
ia_bim_eighteenth-century_histoire-naturelle-eng_leclerc-georges-louis-_1791,1194,0.13013,junk,,,,
ia_bim_eighteenth-century_histoire-naturelle-eng_leclerc-georges-louis-_1791,1195,0.03149,junk,,,,
ia_bim_eighteenth-century_histoire-naturelle-eng_leclerc-georges-louis-_1791,1198,0.00198,junk,,,,
ia_bim_eighteenth-century_histoire-naturelle-eng_leclerc-georges-louis-_1791,1199,0.04511,junk,,,,
ia_bim_eighteenth-century_histoire-naturelle-eng_leclerc-georges-louis-_1791,1200,0.00891,junk,,,,
ia_bim_eighteenth-century_histoire-naturelle-eng_leclerc-georges-louis-_1791,1201,0.05663,junk,,,,
ia_bim_eighteenth-century_histoire-naturelle-eng_leclerc-georges-louis-_1791,1202,0.1648,junk,,,,
ia_bim_eighteenth-century_histoire-naturelle-eng_leclerc-georges-louis-_1791,1203,0.06297,junk,,,,
ia_bim_eighteenth-century_histoire-naturelle-eng_leclerc-georges-louis-_1791,1205,0.00088,junk,,,,
ia_bim_eighteenth-century_histoire-naturelle-eng_leclerc-georges-louis-_1791,1206,0.00768,junk,,,,
ia_bim_eighteenth-century_histoire-naturelle-eng_leclerc-georges-louis-_1791,1207,0.00061,junk,,,,
ia_bim_eighteenth-century_histoire-naturelle-eng_leclerc-georges-louis-_1791,1209,0.00088,junk,,,,
ia_bim_eighteenth-century_histoire-naturelle-eng_leclerc-georges-louis-_1791,1210,0.00768,junk,,,,
ia_bim_eighteenth-century_histoire-naturelle-eng_leclerc-georges-louis-_1791,1211,0.00036,junk,,,,
ia_bim_eighteenth-century_histoire-naturelle-eng_leclerc-georges-louis-_1791,1214,0.69463,non_junk,non_divine_teleology,0.01305,0.95366,0.0333
ia_bim_eighteenth-century_histoire-naturelle-eng_leclerc-georges-louis-_1791,1215,0.31639,junk,,,,
ia_bim_eighteenth-century_histoire-naturelle-eng_leclerc-georges-louis-_1791,1217,0.00201,junk,,,,
ia_bim_eighteenth-century_histoire-naturelle-eng_leclerc-georges-louis-_1791,1218,0.64417,non_junk,non_divine_teleology,0.00824,0.76717,0.22459
ia_bim_eighteenth-century_histoire-naturelle-eng_leclerc-georges-louis-_1791,1219,0.64417,non_junk,non_divine_teleology,0.00824,0.76717,0.22459
ia_bim_eighteenth-century_histoire-naturelle-eng_leclerc-georges-louis-_1791,1220,0.98016,non_junk,non_divine_teleology,0.00958,0.98114,0.00928
ia_bim_eighteenth-century_histoire-naturelle-eng_leclerc-georges-louis-_1791,1221,0.047,junk,,,,
ia_bim_eighteenth-century_histoire-naturelle-eng_leclerc-georges-louis-_1791,1223,0.19425,junk,,,,
ia_bim_eighteenth-century_histoire-naturelle-eng_leclerc-georges-louis-_1791,1225,0.15761,junk,,,,
ia_bim_eighteenth-century_histoire-naturelle-eng_leclerc-georges-louis-_1791,1226,0.09604,junk,,,,
ia_bim_eighteenth-century_histoire-naturelle-eng_leclerc-georges-louis-_1791,1227,0.02832,junk,,,,
ia_bim_eighteenth-century_histoire-naturelle-eng_leclerc-georges-louis-_1791,1228,0.69933,non_junk,non_divine_teleology,0.00649,0.96366,0.02984
ia_bim_eighteenth-century_histoire-naturelle-eng_leclerc-georges-louis-_1791,1230,0.05215,junk,,,,
ia_bim_eighteenth-century_histoire-naturelle-eng_leclerc-georges-louis-_1791,1232,0.00199,junk,,,,
ia_bim_eighteenth-century_histoire-naturelle-eng_leclerc-georges-louis-_1791,1233,0.00028,junk,,,,
ia_bim_eighteenth-century_histoire-naturelle-eng_leclerc-georges-louis-_1791,1236,0.12268,junk,,,,
ia_bim_eighteenth-century_histoire-naturelle-eng_leclerc-georges-louis-_1791,1239,0.01737,junk,,,,
ia_bim_eighteenth-century_histoire-naturelle-eng_leclerc-georges-louis-_1791,1241,0.24162,junk,,,,
ia_bim_eighteenth-century_histoire-naturelle-eng_leclerc-georges-louis-_1791,1242,0.01615,junk,,,,
ia_bim_eighteenth-century_histoire-naturelle-eng_leclerc-georges-louis-_1791,1245,0.39425,junk,,,,
ia_bim_eighteenth-century_histoire-naturelle-eng_leclerc-georges-louis-_1791,1246,0.97422,non_junk,non_divine_teleology,0.0373,0.84532,0.11738
ia_bim_eighteenth-century_histoire-naturelle-eng_leclerc-georges-louis-_1791,1247,0.05047,junk,,,,
ia_bim_eighteenth-century_histoire-naturelle-eng_leclerc-georges-louis-_1791,1253,0.67372,non_junk,non_divine_teleology,0.01605,0.90974,0.07421
ia_bim_eighteenth-century_histoire-naturelle-eng_leclerc-georges-louis-_1791,1254,0.00754,junk,,,,
ia_bim_eighteenth-century_histoire-naturelle-eng_leclerc-georges-louis-_1791,1255,0.00131,junk,,,,
ia_bim_eighteenth-century_histoire-naturelle-eng_leclerc-georges-louis-_1791,1257,0.04661,junk,,,,
ia_bim_eighteenth-century_histoire-naturelle-eng_leclerc-georges-louis-_1791,1258,0.76762,non_junk,non_divine_teleology,0.01056,0.91216,0.07728
ia_bim_eighteenth-century_histoire-naturelle-eng_leclerc-georges-louis-_1791,1259,0.27598,junk,,,,
ia_bim_eighteenth-century_histoire-naturelle-eng_leclerc-georges-louis-_1791,1260,0.07033,junk,,,,
ia_bim_eighteenth-century_histoire-naturelle-eng_leclerc-georges-louis-_1791,1261,0.17329,junk,,,,
ia_bim_eighteenth-century_histoire-naturelle-eng_leclerc-georges-louis-_1791,1267,0.19815,junk,,,,
ia_bim_eighteenth-century_histoire-naturelle-eng_leclerc-georges-louis-_1791,1268,0.00183,junk,,,,
ia_bim_eighteenth-century_histoire-naturelle-eng_leclerc-georges-louis-_1791,1269,0.00162,junk,,,,
ia_bim_eighteenth-century_histoire-naturelle-eng_leclerc-georges-louis-_1791,1270,0.13248,junk,,,,
ia_bim_eighteenth-century_histoire-naturelle-eng_leclerc-georges-louis-_1791,1271,0.0119,junk,,,,
ia_bim_eighteenth-century_histoire-naturelle-eng_leclerc-georges-louis-_1791,1272,0.0011,junk,,,,
ia_bim_eighteenth-century_histoire-naturelle-eng_leclerc-georges-louis-_1791,1273,0.00679,junk,,,,
ia_bim_eighteenth-century_histoire-naturelle-eng_leclerc-georges-louis-_1791,1274,0.30032,junk,,,,
ia_bim_eighteenth-century_histoire-naturelle-eng_leclerc-georges-louis-_1791,1278,0.98944,non_junk,non_divine_teleology,0.01539,0.95237,0.03225
ia_bim_eighteenth-century_histoire-naturelle-eng_leclerc-georges-louis-_1791,1279,0.93811,non_junk,non_divine_teleology,0.0112,0.96364,0.02516
ia_bim_eighteenth-century_histoire-naturelle-eng_leclerc-georges-louis-_1791,1281,0.51484,non_junk,non_divine_teleology,0.00439,0.97901,0.0166
ia_bim_eighteenth-century_histoire-naturelle-eng_leclerc-georges-louis-_1791,1282,0.2914,junk,,,,
ia_bim_eighteenth-century_histoire-naturelle-eng_leclerc-georges-louis-_1791,1283,0.00036,junk,,,,
ia_bim_eighteenth-century_histoire-naturelle-eng_leclerc-georges-louis-_1791,1284,0.93991,non_junk,non_divine_teleology,0.01456,0.9335,0.05195
ia_bim_eighteenth-century_histoire-naturelle-eng_leclerc-georges-louis-_1791,1285,0.72042,non_junk,non_divine_teleology,0.01249,0.93063,0.05688
ia_bim_eighteenth-century_histoire-naturelle-eng_leclerc-georges-louis-_1791,1287,0.72042,non_junk,non_divine_teleology,0.01249,0.93063,0.05688
ia_bim_eighteenth-century_histoire-naturelle-eng_leclerc-georges-louis-_1791,1288,0.99405,non_junk,non_divine_teleology,0.00826,0.98473,0.00701
ia_bim_eighteenth-century_histoire-naturelle-eng_leclerc-georges-louis-_1791,1289,0.00328,junk,,,,
ia_bim_eighteenth-century_histoire-naturelle-eng_leclerc-georges-louis-_1791,1292,0.8157,non_junk,non_divine_teleology,0.01087,0.97654,0.01259
ia_bim_eighteenth-century_histoire-naturelle-eng_leclerc-georges-louis-_1791,1293,0.0622,junk,,,,
ia_bim_eighteenth-century_histoire-naturelle-eng_leclerc-georges-louis-_1791,1294,0.00409,junk,,,,
ia_bim_eighteenth-century_histoire-naturelle-eng_leclerc-georges-louis-_1791,1296,0.18352,junk,,,,
ia_bim_eighteenth-century_histoire-naturelle-eng_leclerc-georges-louis-_1791,1298,0.87207,non_junk,non_divine_teleology,0.00231,0.99418,0.00351
ia_bim_eighteenth-century_histoire-naturelle-eng_leclerc-georges-louis-_1791,1300,0.05615,junk,,,,
ia_bim_eighteenth-century_histoire-naturelle-eng_leclerc-georges-louis-_1791,1301,0.92108,non_junk,non_divine_teleology,0.00815,0.96149,0.03036
ia_bim_eighteenth-century_histoire-naturelle-eng_leclerc-georges-louis-_1791,1302,0.83948,non_junk,non_divine_teleology,0.02745,0.94731,0.02525
ia_bim_eighteenth-century_histoire-naturelle-eng_leclerc-georges-louis-_1791,1303,0.94026,non_junk,non_divine_teleology,0.02446,0.9575,0.01804
ia_bim_eighteenth-century_histoire-naturelle-eng_leclerc-georges-louis-_1791,1305,0.00091,junk,,,,
ia_bim_eighteenth-century_histoire-naturelle-eng_leclerc-georges-louis-_1791,1307,0.00226,junk,,,,
ia_bim_eighteenth-century_histoire-naturelle-eng_leclerc-georges-louis-_1791,1308,0.05902,junk,,,,
ia_bim_eighteenth-century_histoire-naturelle-eng_leclerc-georges-louis-_1791,1312,0.07001,junk,,,,
ia_bim_eighteenth-century_histoire-naturelle-eng_leclerc-georges-louis-_1791,1313,0.96205,non_junk,non_divine_teleology,0.00696,0.96971,0.02333
ia_bim_eighteenth-century_histoire-naturelle-eng_leclerc-georges-louis-_1791,1314,0.84406,non_junk,non_divine_teleology,0.02794,0.85609,0.11597
ia_bim_eighteenth-century_histoire-naturelle-eng_leclerc-georges-louis-_1791,1320,0.89056,non_junk,non_divine_teleology,0.00871,0.67269,0.3186
ia_bim_eighteenth-century_histoire-naturelle-eng_leclerc-georges-louis-_1791,1321,0.8954,non_junk,non_divine_teleology,0.05492,0.86195,0.08313
ia_bim_eighteenth-century_histoire-naturelle-eng_leclerc-georges-louis-_1791,1322,0.89975,non_junk,non_divine_teleology,0.01951,0.91787,0.06262
ia_bim_eighteenth-century_histoire-naturelle-eng_leclerc-georges-louis-_1791,1323,0.45435,junk,,,,
ia_bim_eighteenth-century_histoire-naturelle-eng_leclerc-georges-louis-_1791,1324,0.00073,junk,,,,
ia_bim_eighteenth-century_histoire-naturelle-eng_leclerc-georges-louis-_1791,1325,0.05004,junk,,,,
ia_bim_eighteenth-century_histoire-naturelle-eng_leclerc-georges-louis-_1791,1326,0.40392,junk,,,,
ia_bim_eighteenth-century_histoire-naturelle-eng_leclerc-georges-louis-_1791,1327,0.41136,junk,,,,
ia_bim_eighteenth-century_histoire-naturelle-eng_leclerc-georges-louis-_1791,1328,0.0105,junk,,,,
ia_bim_eighteenth-century_histoire-naturelle-eng_leclerc-georges-louis-_1791,1329,0.61529,non_junk,non_divine_teleology,0.00912,0.97925,0.01163
ia_bim_eighteenth-century_histoire-naturelle-eng_leclerc-georges-louis-_1791,1331,0.15708,junk,,,,
ia_bim_eighteenth-century_histoire-naturelle-eng_leclerc-georges-louis-_1791,1332,0.07488,junk,,,,
ia_bim_eighteenth-century_histoire-naturelle-eng_leclerc-georges-louis-_1791,1333,0.38137,junk,,,,
ia_bim_eighteenth-century_histoire-naturelle-eng_leclerc-georges-louis-_1791,1334,0.02706,junk,,,,
ia_bim_eighteenth-century_histoire-naturelle-eng_leclerc-georges-louis-_1791,1335,0.03384,junk,,,,
ia_bim_eighteenth-century_histoire-naturelle-eng_leclerc-georges-louis-_1791,1336,0.00096,junk,,,,
ia_bim_eighteenth-century_histoire-naturelle-eng_leclerc-georges-louis-_1791,1338,0.52334,non_junk,non_divine_teleology,0.06567,0.73578,0.19855
ia_bim_eighteenth-century_histoire-naturelle-eng_leclerc-georges-louis-_1791,1339,0.87359,non_junk,non_divine_teleology,0.03915,0.75915,0.2017
ia_bim_eighteenth-century_histoire-naturelle-eng_leclerc-georges-louis-_1791,1340,0.1647,junk,,,,
ia_bim_eighteenth-century_histoire-naturelle-eng_leclerc-georges-louis-_1791,1341,0.98549,non_junk,non_divine_teleology,0.00804,0.63709,0.35487
ia_bim_eighteenth-century_histoire-naturelle-eng_leclerc-georges-louis-_1791,1343,0.66921,non_junk,non_divine_teleology,0.00511,0.969,0.02589
ia_bim_eighteenth-century_histoire-naturelle-eng_leclerc-georges-louis-_1791,1345,0.0003,junk,,,,
ia_bim_eighteenth-century_histoire-naturelle-eng_leclerc-georges-louis-_1791,1346,0.06179,junk,,,,
ia_bim_eighteenth-century_histoire-naturelle-eng_leclerc-georges-louis-_1791,1347,0.27969,junk,,,,
ia_bim_eighteenth-century_histoire-naturelle-eng_leclerc-georges-louis-_1791,1348,0.06179,junk,,,,
ia_bim_eighteenth-century_histoire-naturelle-eng_leclerc-georges-louis-_1791,1351,0.42634,junk,,,,
ia_bim_eighteenth-century_histoire-naturelle-eng_leclerc-georges-louis-_1791,1352,0.06889,junk,,,,
ia_bim_eighteenth-century_histoire-naturelle-eng_leclerc-georges-louis-_1791,1354,0.15349,junk,,,,
ia_bim_eighteenth-century_histoire-naturelle-eng_leclerc-georges-louis-_1791,1355,0.042,junk,,,,
ia_bim_eighteenth-century_histoire-naturelle-eng_leclerc-georges-louis-_1791,1357,0.0207,junk,,,,
ia_bim_eighteenth-century_histoire-naturelle-eng_leclerc-georges-louis-_1791,1359,0.79145,non_junk,non_divine_teleology,0.02006,0.93415,0.04579
ia_bim_eighteenth-century_histoire-naturelle-eng_leclerc-georges-louis-_1791,1360,0.47287,junk,,,,
ia_bim_eighteenth-century_histoire-naturelle-eng_leclerc-georges-louis-_1791,1362,0.12461,junk,,,,
ia_bim_eighteenth-century_histoire-naturelle-eng_leclerc-georges-louis-_1791,1363,0.67035,non_junk,internal_essence,0.0238,0.28997,0.68623
ia_bim_eighteenth-century_histoire-naturelle-eng_leclerc-georges-louis-_1791,1364,0.67169,non_junk,internal_essence,0.00555,0.10755,0.8869
ia_bim_eighteenth-century_histoire-naturelle-eng_leclerc-georges-louis-_1791,1365,0.03239,junk,,,,
ia_bim_eighteenth-century_histoire-naturelle-eng_leclerc-georges-louis-_1791,1367,0.24075,junk,,,,
ia_bim_eighteenth-century_histoire-naturelle-eng_leclerc-georges-louis-_1791,1368,0.00489,junk,,,,
ia_bim_eighteenth-century_histoire-naturelle-eng_leclerc-georges-louis-_1791,1370,0.94187,non_junk,non_divine_teleology,0.01192,0.51745,0.47063
ia_bim_eighteenth-century_histoire-naturelle-eng_leclerc-georges-louis-_1791,1371,0.00175,junk,,,,
ia_bim_eighteenth-century_histoire-naturelle-eng_leclerc-georges-louis-_1791,1372,0.16275,junk,,,,
ia_bim_eighteenth-century_histoire-naturelle-eng_leclerc-georges-louis-_1791,1373,0.00028,junk,,,,
ia_bim_eighteenth-century_histoire-naturelle-eng_leclerc-georges-louis-_1791,1374,0.32407,junk,,,,
ia_bim_eighteenth-century_histoire-naturelle-eng_leclerc-georges-louis-_1791,1375,0.57027,non_junk,divine_teleology,0.90923,0.08935,0.00143
ia_bim_eighteenth-century_histoire-naturelle-eng_leclerc-georges-louis-_1791,1376,0.00016,junk,,,,
ia_bim_eighteenth-century_histoire-naturelle-eng_leclerc-georges-louis-_1791,1377,0.00315,junk,,,,
ia_bim_eighteenth-century_histoire-naturelle-eng_leclerc-georges-louis-_1791,1379,0.03147,junk,,,,
ia_bim_eighteenth-century_histoire-naturelle-eng_leclerc-georges-louis-_1791,1380,0.0025,junk,,,,
ia_bim_eighteenth-century_histoire-naturelle-eng_leclerc-georges-louis-_1791,1382,0.12325,junk,,,,
ia_bim_eighteenth-century_histoire-naturelle-eng_leclerc-georges-louis-_1791,1383,0.65557,non_junk,non_divine_teleology,0.06536,0.82909,0.10555
ia_bim_eighteenth-century_histoire-naturelle-eng_leclerc-georges-louis-_1791,1384,0.99844,non_junk,internal_essence,0.00522,0.1387,0.85608
ia_bim_eighteenth-century_histoire-naturelle-eng_leclerc-georges-louis-_1791,1385,0.00022,junk,,,,
ia_bim_eighteenth-century_histoire-naturelle-eng_leclerc-georges-louis-_1791,1386,0.3228,junk,,,,
ia_bim_eighteenth-century_histoire-naturelle-eng_leclerc-georges-louis-_1791,1388,0.00985,junk,,,,
ia_bim_eighteenth-century_histoire-naturelle-eng_leclerc-georges-louis-_1791,1389,0.20781,junk,,,,
ia_bim_eighteenth-century_histoire-naturelle-eng_leclerc-georges-louis-_1791,1392,0.03911,junk,,,,
ia_bim_eighteenth-century_histoire-naturelle-eng_leclerc-georges-louis-_1791,1395,0.26215,junk,,,,
ia_bim_eighteenth-century_histoire-naturelle-eng_leclerc-georges-louis-_1791,1396,0.00362,junk,,,,
ia_bim_eighteenth-century_histoire-naturelle-eng_leclerc-georges-louis-_1791,1398,0.13456,junk,,,,
ia_bim_eighteenth-century_histoire-naturelle-eng_leclerc-georges-louis-_1791,1399,0.98506,non_junk,non_divine_teleology,0.02668,0.73208,0.24124
ia_bim_eighteenth-century_histoire-naturelle-eng_leclerc-georges-louis-_1791,1401,0.00437,junk,,,,
ia_bim_eighteenth-century_histoire-naturelle-eng_leclerc-georges-louis-_1791,1402,0.02925,junk,,,,
ia_bim_eighteenth-century_histoire-naturelle-eng_leclerc-georges-louis-_1791,1403,0.00042,junk,,,,
ia_bim_eighteenth-century_histoire-naturelle-eng_leclerc-georges-louis-_1791,1404,0.98423,non_junk,non_divine_teleology,0.0065,0.93887,0.05463
ia_bim_eighteenth-century_histoire-naturelle-eng_leclerc-georges-louis-_1791,1405,0.08891,junk,,,,
ia_bim_eighteenth-century_histoire-naturelle-eng_leclerc-georges-louis-_1791,1406,0.98614,non_junk,non_divine_teleology,0.01247,0.95463,0.03289
ia_bim_eighteenth-century_histoire-naturelle-eng_leclerc-georges-louis-_1791,1407,4e-05,junk,,,,
ia_bim_eighteenth-century_histoire-naturelle-eng_leclerc-georges-louis-_1791,1408,0.00618,junk,,,,
ia_bim_eighteenth-century_histoire-naturelle-eng_leclerc-georges-louis-_1791,1409,0.03705,junk,,,,
ia_bim_eighteenth-century_histoire-naturelle-eng_leclerc-georges-louis-_1791,1410,0.00476,junk,,,,
ia_bim_eighteenth-century_histoire-naturelle-eng_leclerc-georges-louis-_1791,1412,0.02022,junk,,,,
ia_bim_eighteenth-century_histoire-naturelle-eng_leclerc-georges-louis-_1791,1413,0.03108,junk,,,,
ia_bim_eighteenth-century_histoire-naturelle-eng_leclerc-georges-louis-_1791,1414,0.96781,non_junk,non_divine_teleology,0.02009,0.9688,0.01111
ia_bim_eighteenth-century_histoire-naturelle-eng_leclerc-georges-louis-_1791,1415,0.00143,junk,,,,
ia_bim_eighteenth-century_histoire-naturelle-eng_leclerc-georges-louis-_1791,1416,0.02876,junk,,,,
ia_bim_eighteenth-century_histoire-naturelle-eng_leclerc-georges-louis-_1791,1417,0.98348,non_junk,non_divine_teleology,0.00743,0.93459,0.05798
ia_bim_eighteenth-century_histoire-naturelle-eng_leclerc-georges-louis-_1791,1419,0.00176,junk,,,,
ia_bim_eighteenth-century_histoire-naturelle-eng_leclerc-georges-louis-_1791,1420,0.00079,junk,,,,
ia_bim_eighteenth-century_histoire-naturelle-eng_leclerc-georges-louis-_1791,1421,0.82513,non_junk,non_divine_teleology,0.0032,0.97766,0.01914
ia_bim_eighteenth-century_histoire-naturelle-eng_leclerc-georges-louis-_1791,1422,0.3111,junk,,,,
ia_bim_eighteenth-century_histoire-naturelle-eng_leclerc-georges-louis-_1791,1424,0.9664,non_junk,non_divine_teleology,0.01658,0.9283,0.05512
ia_bim_eighteenth-century_histoire-naturelle-eng_leclerc-georges-louis-_1791,1426,0.00328,junk,,,,
ia_bim_eighteenth-century_histoire-naturelle-eng_leclerc-georges-louis-_1791,1427,0.00238,junk,,,,
ia_bim_eighteenth-century_histoire-naturelle-eng_leclerc-georges-louis-_1791,1429,0.59037,non_junk,non_divine_teleology,0.01521,0.50188,0.48291
ia_bim_eighteenth-century_histoire-naturelle-eng_leclerc-georges-louis-_1791,1432,0.75708,non_junk,internal_essence,0.00098,0.03873,0.96029
ia_bim_eighteenth-century_histoire-naturelle-eng_leclerc-georges-louis-_1791,1434,0.64471,non_junk,internal_essence,0.00165,0.04275,0.95559
ia_bim_eighteenth-century_histoire-naturelle-eng_leclerc-georges-louis-_1791,1435,0.62611,non_junk,internal_essence,0.00249,0.19353,0.80398
ia_bim_eighteenth-century_histoire-naturelle-eng_leclerc-georges-louis-_1791,1437,0.63811,non_junk,internal_essence,0.0015,0.09872,0.89978
ia_bim_eighteenth-century_histoire-naturelle-eng_leclerc-georges-louis-_1791,1438,0.7889,non_junk,internal_essence,0.00198,0.077,0.92102
ia_bim_eighteenth-century_histoire-naturelle-eng_leclerc-georges-louis-_1791,1439,0.78212,non_junk,internal_essence,0.00349,0.2721,0.72442
ia_bim_eighteenth-century_histoire-naturelle-eng_leclerc-georges-louis-_1791,1440,0.12016,junk,,,,
ia_bim_eighteenth-century_histoire-naturelle-eng_leclerc-georges-louis-_1791,1442,0.20331,junk,,,,
ia_bim_eighteenth-century_histoire-naturelle-eng_leclerc-georges-louis-_1791,1444,0.20657,junk,,,,
ia_bim_eighteenth-century_histoire-naturelle-eng_leclerc-georges-louis-_1791,1446,0.55838,non_junk,internal_essence,0.00141,0.04183,0.95676
ia_bim_eighteenth-century_histoire-naturelle-eng_leclerc-georges-louis-_1791,1447,0.14872,junk,,,,
ia_bim_eighteenth-century_histoire-naturelle-eng_leclerc-georges-louis-_1791,1449,0.88863,non_junk,internal_essence,0.00316,0.17138,0.82546
ia_bim_eighteenth-century_histoire-naturelle-eng_leclerc-georges-louis-_1791,1451,0.22677,junk,,,,
ia_bim_eighteenth-century_histoire-naturelle-eng_leclerc-georges-louis-_1791,1452,0.47257,junk,,,,
ia_bim_eighteenth-century_histoire-naturelle-eng_leclerc-georges-louis-_1791,1454,0.53406,non_junk,internal_essence,0.00137,0.10252,0.89611
ia_bim_eighteenth-century_histoire-naturelle-eng_leclerc-georges-louis-_1791,1455,0.49929,junk,,,,
ia_bim_eighteenth-century_histoire-naturelle-eng_leclerc-georges-louis-_1791,1458,0.22649,junk,,,,
ia_bim_eighteenth-century_histoire-naturelle-eng_leclerc-georges-louis-_1791,1459,0.38742,junk,,,,
ia_bim_eighteenth-century_histoire-naturelle-eng_leclerc-georges-louis-_1791,1461,0.9566,non_junk,internal_essence,0.00767,0.12971,0.86262
ia_bim_eighteenth-century_histoire-naturelle-eng_leclerc-georges-louis-_1791,1463,0.938,non_junk,non_divine_teleology,0.01934,0.80179,0.17887
ia_bim_eighteenth-century_histoire-naturelle-eng_leclerc-georges-louis-_1791,1465,0.00109,junk,,,,
ia_bim_eighteenth-century_histoire-naturelle-eng_leclerc-georges-louis-_1791,1466,0.00226,junk,,,,
ia_bim_eighteenth-century_histoire-naturelle-eng_leclerc-georges-louis-_1791,1468,0.91519,non_junk,non_divine_teleology,0.0095,0.95617,0.03433
ia_bim_eighteenth-century_histoire-naturelle-eng_leclerc-georges-louis-_1791,1471,0.00124,junk,,,,
ia_bim_eighteenth-century_histoire-naturelle-eng_leclerc-georges-louis-_1791,1472,0.06361,junk,,,,
ia_bim_eighteenth-century_histoire-naturelle-eng_leclerc-georges-louis-_1791,1474,0.13966,junk,,,,
ia_bim_eighteenth-century_histoire-naturelle-eng_leclerc-georges-louis-_1791,1475,0.14096,junk,,,,
ia_bim_eighteenth-century_histoire-naturelle-eng_leclerc-georges-louis-_1791,1476,0.75017,non_junk,non_divine_teleology,0.00797,0.96713,0.0249
ia_bim_eighteenth-century_histoire-naturelle-eng_leclerc-georges-louis-_1791,1477,0.17967,junk,,,,
ia_bim_eighteenth-century_histoire-naturelle-eng_leclerc-georges-louis-_1791,1478,0.02353,junk,,,,
ia_bim_eighteenth-century_histoire-naturelle-eng_leclerc-georges-louis-_1791,1479,0.05728,junk,,,,
ia_bim_eighteenth-century_histoire-naturelle-eng_leclerc-georges-louis-_1791,1481,0.09368,junk,,,,
ia_bim_eighteenth-century_histoire-naturelle-eng_leclerc-georges-louis-_1791,1482,0.00488,junk,,,,
ia_bim_eighteenth-century_histoire-naturelle-eng_leclerc-georges-louis-_1791,1483,0.06622,junk,,,,
ia_bim_eighteenth-century_histoire-naturelle-eng_leclerc-georges-louis-_1791,1484,0.09368,junk,,,,
ia_bim_eighteenth-century_histoire-naturelle-eng_leclerc-georges-louis-_1791,1485,0.07615,junk,,,,
ia_bim_eighteenth-century_histoire-naturelle-eng_leclerc-georges-louis-_1791,1486,0.3143,junk,,,,
ia_bim_eighteenth-century_histoire-naturelle-eng_leclerc-georges-louis-_1791,1487,0.00455,junk,,,,
ia_bim_eighteenth-century_histoire-naturelle-eng_leclerc-georges-louis-_1791,1488,0.3143,junk,,,,
ia_bim_eighteenth-century_histoire-naturelle-eng_leclerc-georges-louis-_1791,1489,0.00695,junk,,,,
ia_bim_eighteenth-century_histoire-naturelle-eng_leclerc-georges-louis-_1791,1490,0.94467,non_junk,non_divine_teleology,0.01738,0.97549,0.00713
ia_bim_eighteenth-century_histoire-naturelle-eng_leclerc-georges-louis-_1791,1492,0.10122,junk,,,,
ia_bim_eighteenth-century_histoire-naturelle-eng_leclerc-georges-louis-_1791,1493,0.25647,junk,,,,
ia_bim_eighteenth-century_histoire-naturelle-eng_leclerc-georges-louis-_1791,1494,0.04378,junk,,,,
ia_bim_eighteenth-century_histoire-naturelle-eng_leclerc-georges-louis-_1791,1495,0.9968,non_junk,non_divine_teleology,0.03859,0.92054,0.04088
ia_bim_eighteenth-century_histoire-naturelle-eng_leclerc-georges-louis-_1791,1496,0.98027,non_junk,non_divine_teleology,0.02703,0.85197,0.12101
ia_bim_eighteenth-century_histoire-naturelle-eng_leclerc-georges-louis-_1791,1499,0.99913,non_junk,non_divine_teleology,0.01946,0.97042,0.01012
ia_bim_eighteenth-century_histoire-naturelle-eng_leclerc-georges-louis-_1791,1501,0.94632,non_junk,non_divine_teleology,0.02153,0.9574,0.02106
ia_bim_eighteenth-century_histoire-naturelle-eng_leclerc-georges-louis-_1791,1502,0.02196,junk,,,,
ia_bim_eighteenth-century_histoire-naturelle-eng_leclerc-georges-louis-_1791,1503,0.2037,junk,,,,
ia_bim_eighteenth-century_histoire-naturelle-eng_leclerc-georges-louis-_1791,1504,0.00538,junk,,,,
ia_bim_eighteenth-century_histoire-naturelle-eng_leclerc-georges-louis-_1791,1505,0.09319,junk,,,,
ia_bim_eighteenth-century_histoire-naturelle-eng_leclerc-georges-louis-_1791,1506,0.00794,junk,,,,
ia_bim_eighteenth-century_histoire-naturelle-eng_leclerc-georges-louis-_1791,1507,0.83558,non_junk,non_divine_teleology,0.03734,0.74848,0.21417
ia_bim_eighteenth-century_histoire-naturelle-eng_leclerc-georges-louis-_1791,1509,0.02689,junk,,,,
ia_bim_eighteenth-century_histoire-naturelle-eng_leclerc-georges-louis-_1791,1510,0.99269,non_junk,non_divine_teleology,0.01266,0.95944,0.0279
ia_bim_eighteenth-century_histoire-naturelle-eng_leclerc-georges-louis-_1791,1511,0.24812,junk,,,,
ia_bim_eighteenth-century_histoire-naturelle-eng_leclerc-georges-louis-_1791,1512,0.99269,non_junk,non_divine_teleology,0.01266,0.95944,0.0279
ia_bim_eighteenth-century_histoire-naturelle-eng_leclerc-georges-louis-_1791,1513,0.24812,junk,,,,
ia_bim_eighteenth-century_histoire-naturelle-eng_leclerc-georges-louis-_1791,1515,0.02189,junk,,,,
ia_bim_eighteenth-century_histoire-naturelle-eng_leclerc-georges-louis-_1791,1516,0.05715,junk,,,,
ia_bim_eighteenth-century_histoire-naturelle-eng_leclerc-georges-louis-_1791,1517,0.00748,junk,,,,
ia_bim_eighteenth-century_histoire-naturelle-eng_leclerc-georges-louis-_1791,1518,0.99228,non_junk,non_divine_teleology,0.13411,0.84492,0.02097
ia_bim_eighteenth-century_histoire-naturelle-eng_leclerc-georges-louis-_1791,1519,0.98417,non_junk,non_divine_teleology,0.01079,0.96908,0.02014
ia_bim_eighteenth-century_histoire-naturelle-eng_leclerc-georges-louis-_1791,1520,0.39223,junk,,,,
ia_bim_eighteenth-century_histoire-naturelle-eng_leclerc-georges-louis-_1791,1521,0.25836,junk,,,,
ia_bim_eighteenth-century_histoire-naturelle-eng_leclerc-georges-louis-_1791,1522,0.01198,junk,,,,
ia_bim_eighteenth-century_histoire-naturelle-eng_leclerc-georges-louis-_1791,1523,0.9941,non_junk,non_divine_teleology,0.04446,0.93201,0.02352
ia_bim_eighteenth-century_histoire-naturelle-eng_leclerc-georges-louis-_1791,1524,0.9941,non_junk,non_divine_teleology,0.04446,0.93201,0.02352
ia_bim_eighteenth-century_histoire-naturelle-eng_leclerc-georges-louis-_1791,1525,0.20116,junk,,,,
ia_bim_eighteenth-century_histoire-naturelle-eng_leclerc-georges-louis-_1791,1529,0.26068,junk,,,,
ia_bim_eighteenth-century_histoire-naturelle-eng_leclerc-georges-louis-_1791,1530,0.6322,non_junk,non_divine_teleology,0.0576,0.83868,0.10372
ia_bim_eighteenth-century_histoire-naturelle-eng_leclerc-georges-louis-_1791,1531,5e-05,junk,,,,
ia_bim_eighteenth-century_histoire-naturelle-eng_leclerc-georges-louis-_1791,1532,0.11764,junk,,,,
ia_bim_eighteenth-century_histoire-naturelle-eng_leclerc-georges-louis-_1791,1534,0.03766,junk,,,,
ia_bim_eighteenth-century_histoire-naturelle-eng_leclerc-georges-louis-_1791,1535,0.05016,junk,,,,
ia_bim_eighteenth-century_histoire-naturelle-eng_leclerc-georges-louis-_1791,1537,0.00053,junk,,,,
ia_bim_eighteenth-century_histoire-naturelle-eng_leclerc-georges-louis-_1791,1538,0.02737,junk,,,,
ia_bim_eighteenth-century_histoire-naturelle-eng_leclerc-georges-louis-_1791,1539,0.06256,junk,,,,
ia_bim_eighteenth-century_histoire-naturelle-eng_leclerc-georges-louis-_1791,1540,0.29606,junk,,,,
ia_bim_eighteenth-century_histoire-naturelle-eng_leclerc-georges-louis-_1791,1541,0.00349,junk,,,,
ia_bim_eighteenth-century_histoire-naturelle-eng_leclerc-georges-louis-_1791,1542,0.29606,junk,,,,
ia_bim_eighteenth-century_histoire-naturelle-eng_leclerc-georges-louis-_1791,1543,0.99524,non_junk,non_divine_teleology,0.02148,0.93198,0.04653
ia_bim_eighteenth-century_histoire-naturelle-eng_leclerc-georges-louis-_1791,1545,0.92478,non_junk,non_divine_teleology,0.03306,0.59603,0.37092
ia_bim_eighteenth-century_histoire-naturelle-eng_leclerc-georges-louis-_1791,1546,0.36515,junk,,,,
ia_bim_eighteenth-century_histoire-naturelle-eng_leclerc-georges-louis-_1791,1547,0.00065,junk,,,,
ia_bim_eighteenth-century_histoire-naturelle-eng_leclerc-georges-louis-_1791,1549,0.75292,non_junk,non_divine_teleology,0.03719,0.8319,0.13091
ia_bim_eighteenth-century_histoire-naturelle-eng_leclerc-georges-louis-_1791,1550,0.55615,non_junk,non_divine_teleology,0.02867,0.85042,0.12091
ia_bim_eighteenth-century_histoire-naturelle-eng_leclerc-georges-louis-_1791,1551,0.99538,non_junk,non_divine_teleology,0.02702,0.95064,0.02234
ia_bim_eighteenth-century_histoire-naturelle-eng_leclerc-georges-louis-_1791,1554,0.93454,non_junk,non_divine_teleology,0.01584,0.73521,0.24895
ia_bim_eighteenth-century_histoire-naturelle-eng_leclerc-georges-louis-_1791,1556,0.93454,non_junk,non_divine_teleology,0.01584,0.73521,0.24895
ia_bim_eighteenth-century_histoire-naturelle-eng_leclerc-georges-louis-_1791,1557,0.98024,non_junk,non_divine_teleology,0.01634,0.92353,0.06012
ia_bim_eighteenth-century_histoire-naturelle-eng_leclerc-georges-louis-_1791,1558,0.42941,junk,,,,
ia_bim_eighteenth-century_histoire-naturelle-eng_leclerc-georges-louis-_1791,1559,0.91923,non_junk,non_divine_teleology,0.01591,0.64752,0.33657
ia_bim_eighteenth-century_histoire-naturelle-eng_leclerc-georges-louis-_1791,1560,0.99041,non_junk,non_divine_teleology,0.09315,0.60261,0.30423
ia_bim_eighteenth-century_histoire-naturelle-eng_leclerc-georges-louis-_1791,1561,0.92327,non_junk,non_divine_teleology,0.05335,0.85773,0.08892
ia_bim_eighteenth-century_histoire-naturelle-eng_leclerc-georges-louis-_1791,1562,0.99396,non_junk,non_divine_teleology,0.00897,0.9872,0.00383
ia_bim_eighteenth-century_histoire-naturelle-eng_leclerc-georges-louis-_1791,1563,0.97041,non_junk,non_divine_teleology,0.01469,0.92417,0.06114
ia_bim_eighteenth-century_histoire-naturelle-eng_leclerc-georges-louis-_1791,1565,0.02597,junk,,,,
ia_bim_eighteenth-century_histoire-naturelle-eng_leclerc-georges-louis-_1791,1566,0.70248,non_junk,non_divine_teleology,0.03442,0.82669,0.13888
ia_bim_eighteenth-century_histoire-naturelle-eng_leclerc-georges-louis-_1791,1567,0.99476,non_junk,non_divine_teleology,0.03157,0.89556,0.07287
ia_bim_eighteenth-century_histoire-naturelle-eng_leclerc-georges-louis-_1791,1568,0.99811,non_junk,non_divine_teleology,0.02852,0.94078,0.0307
ia_bim_eighteenth-century_histoire-naturelle-eng_leclerc-georges-louis-_1791,1570,0.92438,non_junk,non_divine_teleology,0.01795,0.9177,0.06435
ia_bim_eighteenth-century_histoire-naturelle-eng_leclerc-georges-louis-_1791,1571,0.13584,junk,,,,
ia_bim_eighteenth-century_histoire-naturelle-eng_leclerc-georges-louis-_1791,1572,0.00059,junk,,,,
ia_bim_eighteenth-century_histoire-naturelle-eng_leclerc-georges-louis-_1791,1573,0.00479,junk,,,,
ia_bim_eighteenth-century_histoire-naturelle-eng_leclerc-georges-louis-_1791,1574,0.99879,non_junk,non_divine_teleology,0.00513,0.98285,0.01202
ia_bim_eighteenth-century_histoire-naturelle-eng_leclerc-georges-louis-_1791,1575,0.98673,non_junk,non_divine_teleology,0.00616,0.9634,0.03044
ia_bim_eighteenth-century_histoire-naturelle-eng_leclerc-georges-louis-_1791,1576,0.32649,junk,,,,
ia_bim_eighteenth-century_histoire-naturelle-eng_leclerc-georges-louis-_1791,1578,0.07519,junk,,,,
ia_bim_eighteenth-century_histoire-naturelle-eng_leclerc-georges-louis-_1791,1579,0.07543,junk,,,,
ia_bim_eighteenth-century_histoire-naturelle-eng_leclerc-georges-louis-_1791,1580,0.93073,non_junk,non_divine_teleology,0.02953,0.86331,0.10716
ia_bim_eighteenth-century_histoire-naturelle-eng_leclerc-georges-louis-_1791,1581,0.9367,non_junk,non_divine_teleology,0.01757,0.94089,0.04154
ia_bim_eighteenth-century_histoire-naturelle-eng_leclerc-georges-louis-_1791,1582,0.32396,junk,,,,
ia_bim_eighteenth-century_histoire-naturelle-eng_leclerc-georges-louis-_1791,1583,0.07503,junk,,,,
ia_bim_eighteenth-century_histoire-naturelle-eng_leclerc-georges-louis-_1791,1584,0.27179,junk,,,,
ia_bim_eighteenth-century_histoire-naturelle-eng_leclerc-georges-louis-_1791,1586,0.97993,non_junk,non_divine_teleology,0.04653,0.90938,0.04409
ia_bim_eighteenth-century_histoire-naturelle-eng_leclerc-georges-louis-_1791,1587,0.9983,non_junk,non_divine_teleology,0.01561,0.93105,0.05333
ia_bim_eighteenth-century_histoire-naturelle-eng_leclerc-georges-louis-_1791,1588,0.74267,non_junk,non_divine_teleology,0.01083,0.63572,0.35345
ia_bim_eighteenth-century_histoire-naturelle-eng_leclerc-georges-louis-_1791,1589,0.03063,junk,,,,
ia_bim_eighteenth-century_histoire-naturelle-eng_leclerc-georges-louis-_1791,1591,0.5269,non_junk,non_divine_teleology,0.01877,0.95285,0.02838
ia_bim_eighteenth-century_histoire-naturelle-eng_leclerc-georges-louis-_1791,1592,0.06022,junk,,,,
ia_bim_eighteenth-century_histoire-naturelle-eng_leclerc-georges-louis-_1791,1593,0.98707,non_junk,non_divine_teleology,0.0084,0.95384,0.03776
ia_bim_eighteenth-century_histoire-naturelle-eng_leclerc-georges-louis-_1791,1594,0.31255,junk,,,,
ia_bim_eighteenth-century_histoire-naturelle-eng_leclerc-georges-louis-_1791,1595,0.78195,non_junk,non_divine_teleology,0.01698,0.94816,0.03486
ia_bim_eighteenth-century_histoire-naturelle-eng_leclerc-georges-louis-_1791,1596,0.04783,junk,,,,
ia_bim_eighteenth-century_histoire-naturelle-eng_leclerc-georges-louis-_1791,1598,0.02363,junk,,,,
ia_bim_eighteenth-century_histoire-naturelle-eng_leclerc-georges-louis-_1791,1599,0.00067,junk,,,,
ia_bim_eighteenth-century_histoire-naturelle-eng_leclerc-georges-louis-_1791,1600,0.00169,junk,,,,
ia_bim_eighteenth-century_histoire-naturelle-eng_leclerc-georges-louis-_1791,1601,0.02363,junk,,,,
ia_bim_eighteenth-century_histoire-naturelle-eng_leclerc-georges-louis-_1791,1602,0.00067,junk,,,,
ia_bim_eighteenth-century_histoire-naturelle-eng_leclerc-georges-louis-_1791,1603,0.00042,junk,,,,
ia_bim_eighteenth-century_histoire-naturelle-eng_leclerc-georges-louis-_1791,1604,0.15126,junk,,,,
ia_bim_eighteenth-century_histoire-naturelle-eng_leclerc-georges-louis-_1791,1605,0.01045,junk,,,,
ia_bim_eighteenth-century_histoire-naturelle-eng_leclerc-georges-louis-_1791,1606,0.5026,non_junk,non_divine_teleology,0.05306,0.84002,0.10692
ia_bim_eighteenth-century_histoire-naturelle-eng_leclerc-georges-louis-_1791,1609,0.36693,junk,,,,
ia_bim_eighteenth-century_histoire-naturelle-eng_leclerc-georges-louis-_1791,1610,0.01409,junk,,,,
ia_bim_eighteenth-century_histoire-naturelle-eng_leclerc-georges-louis-_1791,1613,0.00051,junk,,,,
ia_bim_eighteenth-century_histoire-naturelle-eng_leclerc-georges-louis-_1791,1616,0.18817,junk,,,,
ia_bim_eighteenth-century_histoire-naturelle-eng_leclerc-georges-louis-_1791,1618,0.00069,junk,,,,
ia_bim_eighteenth-century_histoire-naturelle-eng_leclerc-georges-louis-_1791,1619,0.14851,junk,,,,
ia_bim_eighteenth-century_histoire-naturelle-eng_leclerc-georges-louis-_1791,1621,0.29834,junk,,,,
ia_bim_eighteenth-century_histoire-naturelle-eng_leclerc-georges-louis-_1791,1622,0.09818,junk,,,,
ia_bim_eighteenth-century_histoire-naturelle-eng_leclerc-georges-louis-_1791,1623,0.96915,non_junk,non_divine_teleology,0.03392,0.88026,0.08582
ia_bim_eighteenth-century_histoire-naturelle-eng_leclerc-georges-louis-_1791,1625,0.02574,junk,,,,
ia_bim_eighteenth-century_histoire-naturelle-eng_leclerc-georges-louis-_1791,1627,0.00474,junk,,,,
ia_bim_eighteenth-century_histoire-naturelle-eng_leclerc-georges-louis-_1791,1629,0.02989,junk,,,,
ia_bim_eighteenth-century_histoire-naturelle-eng_leclerc-georges-louis-_1791,1632,0.88941,non_junk,non_divine_teleology,0.01903,0.9683,0.01267
ia_bim_eighteenth-century_histoire-naturelle-eng_leclerc-georges-louis-_1791,1635,0.00051,junk,,,,
ia_bim_eighteenth-century_histoire-naturelle-eng_leclerc-georges-louis-_1791,1636,0.0075,junk,,,,
ia_bim_eighteenth-century_histoire-naturelle-eng_leclerc-georges-louis-_1791,1637,0.00082,junk,,,,
ia_bim_eighteenth-century_histoire-naturelle-eng_leclerc-georges-louis-_1791,1638,0.98785,non_junk,non_divine_teleology,0.0209,0.87674,0.10236
ia_bim_eighteenth-century_histoire-naturelle-eng_leclerc-georges-louis-_1791,1639,0.16552,junk,,,,
ia_bim_eighteenth-century_histoire-naturelle-eng_leclerc-georges-louis-_1791,1640,0.00708,junk,,,,
ia_bim_eighteenth-century_histoire-naturelle-eng_leclerc-georges-louis-_1791,1641,0.02347,junk,,,,
ia_bim_eighteenth-century_histoire-naturelle-eng_leclerc-georges-louis-_1791,1642,0.06979,junk,,,,
ia_bim_eighteenth-century_histoire-naturelle-eng_leclerc-georges-louis-_1791,1646,0.37767,junk,,,,
ia_bim_eighteenth-century_histoire-naturelle-eng_leclerc-georges-louis-_1791,1647,0.00532,junk,,,,
ia_bim_eighteenth-century_histoire-naturelle-eng_leclerc-georges-louis-_1791,1648,0.05136,junk,,,,
ia_bim_eighteenth-century_histoire-naturelle-eng_leclerc-georges-louis-_1791,1649,0.01276,junk,,,,
ia_bim_eighteenth-century_histoire-naturelle-eng_leclerc-georges-louis-_1791,1650,0.58905,non_junk,non_divine_teleology,0.00705,0.9479,0.04505
ia_bim_eighteenth-century_histoire-naturelle-eng_leclerc-georges-louis-_1791,1651,0.87903,non_junk,non_divine_teleology,0.0066,0.9808,0.01261
ia_bim_eighteenth-century_histoire-naturelle-eng_leclerc-georges-louis-_1791,1652,0.04464,junk,,,,
ia_bim_eighteenth-century_histoire-naturelle-eng_leclerc-georges-louis-_1791,1653,0.30161,junk,,,,
ia_bim_eighteenth-century_histoire-naturelle-eng_leclerc-georges-louis-_1791,1655,0.02401,junk,,,,
ia_bim_eighteenth-century_histoire-naturelle-eng_leclerc-georges-louis-_1791,1656,0.00021,junk,,,,
ia_bim_eighteenth-century_histoire-naturelle-eng_leclerc-georges-louis-_1791,1658,0.07636,junk,,,,
ia_bim_eighteenth-century_histoire-naturelle-eng_leclerc-georges-louis-_1791,1659,0.06447,junk,,,,
ia_bim_eighteenth-century_histoire-naturelle-eng_leclerc-georges-louis-_1791,1660,0.40505,junk,,,,
ia_bim_eighteenth-century_histoire-naturelle-eng_leclerc-georges-louis-_1791,1661,0.66182,non_junk,non_divine_teleology,0.05015,0.74181,0.20804
ia_bim_eighteenth-century_histoire-naturelle-eng_leclerc-georges-louis-_1791,1662,0.00405,junk,,,,
ia_bim_eighteenth-century_histoire-naturelle-eng_leclerc-georges-louis-_1791,1663,0.0079,junk,,,,
ia_bim_eighteenth-century_histoire-naturelle-eng_leclerc-georges-louis-_1791,1664,0.00062,junk,,,,
ia_bim_eighteenth-century_histoire-naturelle-eng_leclerc-georges-louis-_1791,1665,0.90482,non_junk,non_divine_teleology,0.0083,0.94623,0.04547
ia_bim_eighteenth-century_histoire-naturelle-eng_leclerc-georges-louis-_1791,1666,0.55837,non_junk,non_divine_teleology,0.01547,0.86751,0.11701
ia_bim_eighteenth-century_histoire-naturelle-eng_leclerc-georges-louis-_1791,1667,0.90026,non_junk,non_divine_teleology,0.02333,0.8778,0.09887
ia_bim_eighteenth-century_histoire-naturelle-eng_leclerc-georges-louis-_1791,1668,0.00494,junk,,,,
ia_bim_eighteenth-century_histoire-naturelle-eng_leclerc-georges-louis-_1791,1669,0.90026,non_junk,non_divine_teleology,0.02333,0.8778,0.09887
ia_bim_eighteenth-century_histoire-naturelle-eng_leclerc-georges-louis-_1791,1670,0.00494,junk,,,,
ia_bim_eighteenth-century_histoire-naturelle-eng_leclerc-georges-louis-_1791,1672,0.47751,junk,,,,
ia_bim_eighteenth-century_histoire-naturelle-eng_leclerc-georges-louis-_1791,1673,0.00073,junk,,,,
ia_bim_eighteenth-century_histoire-naturelle-eng_leclerc-georges-louis-_1791,1674,0.22215,junk,,,,
ia_bim_eighteenth-century_histoire-naturelle-eng_leclerc-georges-louis-_1791,1675,0.00073,junk,,,,
ia_bim_eighteenth-century_histoire-naturelle-eng_leclerc-georges-louis-_1791,1676,0.63373,non_junk,non_divine_teleology,0.04848,0.53365,0.41787
ia_bim_eighteenth-century_histoire-naturelle-eng_leclerc-georges-louis-_1791,1677,0.33591,junk,,,,
ia_bim_eighteenth-century_histoire-naturelle-eng_leclerc-georges-louis-_1791,1679,0.01623,junk,,,,
ia_bim_eighteenth-century_histoire-naturelle-eng_leclerc-georges-louis-_1791,1680,0.00595,junk,,,,
ia_bim_eighteenth-century_histoire-naturelle-eng_leclerc-georges-louis-_1791,1681,0.38848,junk,,,,
ia_bim_eighteenth-century_histoire-naturelle-eng_leclerc-georges-louis-_1791,1684,0.85723,non_junk,non_divine_teleology,0.01812,0.82104,0.16084
ia_bim_eighteenth-century_histoire-naturelle-eng_leclerc-georges-louis-_1791,1685,4e-05,junk,,,,
ia_bim_eighteenth-century_histoire-naturelle-eng_leclerc-georges-louis-_1791,1687,0.32423,junk,,,,
ia_bim_eighteenth-century_histoire-naturelle-eng_leclerc-georges-louis-_1791,1692,0.07986,junk,,,,
ia_bim_eighteenth-century_histoire-naturelle-eng_leclerc-georges-louis-_1791,1693,0.00484,junk,,,,
ia_bim_eighteenth-century_histoire-naturelle-eng_leclerc-georges-louis-_1791,1694,0.99322,non_junk,non_divine_teleology,0.02583,0.72969,0.24448
ia_bim_eighteenth-century_histoire-naturelle-eng_leclerc-georges-louis-_1791,1695,0.88546,non_junk,non_divine_teleology,0.01816,0.89848,0.08336
ia_bim_eighteenth-century_histoire-naturelle-eng_leclerc-georges-louis-_1791,1696,0.95565,non_junk,non_divine_teleology,0.02943,0.93132,0.03926
ia_bim_eighteenth-century_histoire-naturelle-eng_leclerc-georges-louis-_1791,1698,0.9281,non_junk,non_divine_teleology,0.00855,0.96945,0.02199
ia_bim_eighteenth-century_histoire-naturelle-eng_leclerc-georges-louis-_1791,1699,0.00781,junk,,,,
ia_bim_eighteenth-century_histoire-naturelle-eng_leclerc-georges-louis-_1791,1700,0.11192,junk,,,,
ia_bim_eighteenth-century_histoire-naturelle-eng_leclerc-georges-louis-_1791,1701,0.01676,junk,,,,
ia_bim_eighteenth-century_histoire-naturelle-eng_leclerc-georges-louis-_1791,1702,0.01849,junk,,,,
ia_bim_eighteenth-century_histoire-naturelle-eng_leclerc-georges-louis-_1791,1703,0.00256,junk,,,,
ia_bim_eighteenth-century_histoire-naturelle-eng_leclerc-georges-louis-_1791,1706,0.00275,junk,,,,
ia_bim_eighteenth-century_histoire-naturelle-eng_leclerc-georges-louis-_1791,1707,0.00059,junk,,,,
ia_bim_eighteenth-century_histoire-naturelle-eng_leclerc-georges-louis-_1791,1708,0.77788,non_junk,non_divine_teleology,0.00678,0.98145,0.01177
ia_bim_eighteenth-century_histoire-naturelle-eng_leclerc-georges-louis-_1791,1709,0.61927,non_junk,internal_essence,0.00952,0.28372,0.70676
ia_bim_eighteenth-century_histoire-naturelle-eng_leclerc-georges-louis-_1791,1710,0.00042,junk,,,,
ia_bim_eighteenth-century_histoire-naturelle-eng_leclerc-georges-louis-_1791,1713,0.80483,non_junk,non_divine_teleology,0.16426,0.533,0.30274
ia_bim_eighteenth-century_histoire-naturelle-eng_leclerc-georges-louis-_1791,1714,0.91082,non_junk,non_divine_teleology,0.11063,0.87014,0.01924
ia_bim_eighteenth-century_histoire-naturelle-eng_leclerc-georges-louis-_1791,1715,0.77605,non_junk,non_divine_teleology,0.28717,0.50969,0.20314
ia_bim_eighteenth-century_histoire-naturelle-eng_leclerc-georges-louis-_1791,1716,0.91082,non_junk,non_divine_teleology,0.11063,0.87014,0.01924
ia_bim_eighteenth-century_histoire-naturelle-eng_leclerc-georges-louis-_1791,1717,0.92983,non_junk,non_divine_teleology,0.21545,0.71315,0.07141
ia_bim_eighteenth-century_histoire-naturelle-eng_leclerc-georges-louis-_1791,1718,0.97525,non_junk,internal_essence,0.01223,0.05973,0.92804
ia_bim_eighteenth-century_histoire-naturelle-eng_leclerc-georges-louis-_1791,1719,5e-05,junk,,,,
ia_bim_eighteenth-century_histoire-naturelle-eng_leclerc-georges-louis-_1791,1720,0.87586,non_junk,non_divine_teleology,0.02728,0.50217,0.47056
ia_bim_eighteenth-century_histoire-naturelle-eng_leclerc-georges-louis-_1791,1721,0.53288,non_junk,non_divine_teleology,0.03714,0.64718,0.31568
ia_bim_eighteenth-century_histoire-naturelle-eng_leclerc-georges-louis-_1791,1723,0.69829,non_junk,internal_essence,0.02477,0.22609,0.74915
ia_bim_eighteenth-century_histoire-naturelle-eng_leclerc-georges-louis-_1791,1725,0.00033,junk,,,,
ia_bim_eighteenth-century_histoire-naturelle-eng_leclerc-georges-louis-_1791,1726,0.00275,junk,,,,
ia_bim_eighteenth-century_histoire-naturelle-eng_leclerc-georges-louis-_1791,1728,0.00049,junk,,,,
ia_bim_eighteenth-century_histoire-naturelle-eng_leclerc-georges-louis-_1791,1729,0.00227,junk,,,,
ia_bim_eighteenth-century_histoire-naturelle-eng_leclerc-georges-louis-_1791,1731,0.00927,junk,,,,
ia_bim_eighteenth-century_histoire-naturelle-eng_leclerc-georges-louis-_1791,1732,0.0013,junk,,,,
ia_bim_eighteenth-century_histoire-naturelle-eng_leclerc-georges-louis-_1791,1733,0.00016,junk,,,,
ia_bim_eighteenth-century_histoire-naturelle-eng_leclerc-georges-louis-_1791,1734,0.00374,junk,,,,
ia_bim_eighteenth-century_histoire-naturelle-eng_leclerc-georges-louis-_1791,1735,0.00355,junk,,,,
