uid,raw_chars,clean_chars,quality_before,quality_after,usable
bhl_100200,212300,208381,0.9136,0.9153,1
bhl_100204,993119,961241,0.8099,0.8985,1
bhl_100300,110880,107828,0.8887,0.889,1
bhl_100301,185886,180589,0.869,0.8703,1
bhl_100489,2955520,2875300,0.8726,0.8782,1
bhl_100543,223504,218874,0.8932,0.8965,1
bhl_100549,1036179,1011249,0.8604,0.865,1
bhl_100925,1332010,1302703,0.853,0.8541,1
bhl_100974,245673,238561,0.9359,0.9408,1
bhl_100975,286366,279670,0.9167,0.9264,1
bhl_100984,531302,517955,0.8757,0.8802,1
bhl_100985,1152572,1126071,0.8313,0.835,1
bhl_101041,140175,136176,0.9492,0.9525,1
bhl_101115,452222,418472,0.648,0.6577,1
bhl_101116,1125824,1025093,0.6418,0.651,1
bhl_101177,91249,89110,0.9531,0.9641,1
bhl_101194,51374,50205,0.9585,0.9632,1
bhl_101230,57628,56382,0.9713,0.9748,1
bhl_101235,44417,43365,0.9443,0.9472,1
bhl_101367,259546,251986,0.9479,0.9528,1
bhl_101405,719423,702040,0.955,0.9566,1
bhl_101494,49208,47844,0.9299,0.9386,1
bhl_101495,289512,281937,0.9481,0.9546,1
bhl_101522,346875,336790,0.9188,0.92,1
bhl_101605,228551,223782,0.9145,0.917,1
bhl_101607,376438,363546,0.8939,0.8968,1
bhl_102770,2190091,2148668,0.9573,0.9622,1
bhl_103251,1303413,1272204,0.9158,0.919,1
bhl_103269,101902,99257,0.8909,0.8989,1
bhl_103307,181303,177154,0.9503,0.9567,1
bhl_103775,232036,225569,0.9705,0.979,1
bhl_103781,644462,620255,0.9605,0.9788,1
bhl_103837,645476,621969,0.8302,0.9103,1
bhl_103877,1364073,1329560,0.9247,0.925,1
bhl_103943,1196991,1166194,0.8804,0.8844,1
bhl_103948,62398,58660,0.8133,0.8177,1
bhl_104201,657996,642395,0.9664,0.9718,1
bhl_104300,976808,952018,0.9558,0.9652,1
bhl_104301,451285,438913,0.9524,0.9607,1
bhl_104497,1786718,1741957,0.9546,0.9614,1
bhl_104498,803752,784071,0.9144,0.9183,1
bhl_104500,957507,930504,0.869,0.881,1
bhl_104501,96540,93721,0.9404,0.9481,1
bhl_104507,773999,754637,0.9544,0.9572,1
bhl_104535,2462841,2420431,0.9655,0.9686,1
bhl_104561,756923,735594,0.9509,0.9619,1
bhl_104655,2557089,2507992,0.9551,0.9572,1
bhl_104872,2506791,2460455,0.9518,0.9538,1
bhl_104971,424071,412709,0.9095,0.9105,1
bhl_104984,400307,391705,0.9294,0.9306,1
bhl_105027,134637,129314,0.9301,0.9324,1
bhl_105132,367115,359097,0.9259,0.9274,1
bhl_105164,265259,256702,0.9515,0.9562,1
bhl_105176,368612,359991,0.9286,0.9309,1
bhl_105229,631907,608728,0.8275,0.9065,1
bhl_105230,642029,619938,0.8343,0.9165,1
bhl_105231,554109,533590,0.8286,0.9108,1
bhl_105238,739737,711135,0.819,0.9037,1
bhl_105289,416268,406975,0.9276,0.9298,1
bhl_105671,339287,329540,0.9495,0.9545,1
bhl_105773,1117651,1092545,0.9363,0.9392,1
bhl_105791,626056,612861,0.922,0.9223,1
bhl_105794,577589,552311,0.8435,0.8446,1
bhl_106365,41919,30704,0.6868,0.6947,1
bhl_106394,44972,37483,0.636,0.6424,1
bhl_106457,3040491,2976601,0.9092,0.9115,1
bhl_106469,949130,922270,0.8331,0.8385,1
bhl_106591,84887,79906,0.816,0.821,1
bhl_106596,266152,259656,0.9369,0.942,1
bhl_107084,359251,346589,0.9551,0.9629,1
bhl_107281,1291646,1259784,0.8862,0.8879,1
bhl_107894,138130,133498,0.9486,0.9542,1
bhl_107930,283760,276149,0.9527,0.9601,1
bhl_107935,283105,275199,0.9663,0.9742,1
bhl_108360,1418308,1204667,0.9575,0.966,1
bhl_108616,641969,531697,0.881,0.8872,1
bhl_108617,418392,343808,0.8904,0.8983,1
bhl_108653,353597,300668,0.9173,0.9237,1
bhl_108743,35606,34378,0.8996,0.902,1
bhl_109095,934554,790819,0.9554,0.9587,1
bhl_109096,1177762,997639,0.951,0.9544,1
bhl_109346,761910,712259,0.9236,0.9262,1
bhl_109425,1255595,1059514,0.9389,0.9418,1
bhl_109426,1944766,1643252,0.9126,0.9166,1
bhl_109530,865907,719916,0.876,0.8817,1
bhl_109531,753012,625969,0.9161,0.921,1
bhl_109794,980589,958881,0.9127,0.9191,1
bhl_109978,1370389,1322411,0.8033,0.8047,1
bhl_110532,2758916,2704464,0.838,0.839,1
bhl_110573,326157,316903,0.9335,0.9408,1
bhl_110595,209707,204517,0.9526,0.9549,1
bhl_110596,250880,244722,0.9289,0.9309,1
bhl_110597,186788,182145,0.9431,0.9434,1
bhl_110598,199649,194359,0.9458,0.9486,1
bhl_110695,708523,696257,0.9077,0.9092,1
bhl_110842,769112,747168,0.9225,0.9257,1
bhl_110901,2814599,2756646,0.8197,0.8204,1
bhl_110902,37903,34237,0.28,0.28,0
bhl_110910,548454,535707,0.8389,0.8423,1
bhl_110916,318325,307848,0.8905,0.8923,1
bhl_111025,216335,211422,0.9478,0.949,1
bhl_111026,212041,206169,0.9151,0.9167,1
bhl_111028,703491,602211,0.9307,0.9337,1
bhl_111033,173131,167804,0.9189,0.9204,1
bhl_111198,511509,496718,0.3654,0.3616,0
bhl_111303,364244,353502,0.9068,0.9138,1
bhl_111304,2134374,2096246,0.8932,0.8951,1
bhl_111310,389355,377418,0.9309,0.9367,1
bhl_111320,350062,338969,0.8414,0.8446,1
bhl_111332,402722,390977,0.8216,0.8255,1
bhl_111475,1346738,1318783,0.907,0.909,1
bhl_111591,1351414,1309095,0.8281,0.8324,1
bhl_111592,1759306,1693635,0.8195,0.8273,1
bhl_111666,678862,660945,0.9381,0.9466,1
bhl_111669,152885,147093,0.8735,0.8777,1
bhl_112021,213757,207319,0.9413,0.9431,1
bhl_112115,559322,543131,0.8265,0.8344,1
bhl_112183,1590380,1560430,0.8866,0.89,1
bhl_112187,292565,283314,0.8726,0.8777,1
bhl_112190,891490,869743,0.8895,0.897,1
bhl_112210,272409,265776,0.9342,0.9424,1
bhl_112211,1037361,1012291,0.8822,0.8858,1
bhl_112214,153681,148447,0.8586,0.8621,1
bhl_112223,620954,604906,0.8945,0.9013,1
bhl_113051,1220984,1193692,0.9199,0.9225,1
bhl_113052,1048205,901597,0.917,0.919,1
bhl_113053,1008683,983668,0.9035,0.905,1
bhl_113478,597969,509171,0.8835,0.8864,1
bhl_113480,224882,219540,0.8864,0.8891,1
bhl_113482,810029,781109,0.8539,0.8566,1
bhl_113483,1377302,1153787,0.7717,0.7734,1
bhl_113676,936636,915893,0.9539,0.957,1
bhl_113779,345308,337864,0.7772,0.7789,1
bhl_113816,40997,39660,0.898,0.9072,1
bhl_113891,911709,885179,0.8994,0.905,1
bhl_114041,343993,334861,0.9024,0.9056,1
bhl_114068,524471,511127,0.8736,0.8774,1
bhl_114120,753952,738456,0.9243,0.926,1
bhl_114183,203080,197829,0.6798,0.6822,1
bhl_114219,600788,582937,0.9198,0.926,1
bhl_114278,761693,739710,0.9046,0.9117,1
bhl_114281,29426,28234,0.5855,0.5902,0
bhl_114284,972513,954285,0.9469,0.9492,1
bhl_114463,869176,847307,0.938,0.944,1
bhl_114471,626511,613772,0.9602,0.9617,1
bhl_114500,567893,551629,0.955,0.9704,1
bhl_114505,3483071,3414233,0.9312,0.9344,1
bhl_114506,962867,937467,0.9023,0.9071,1
bhl_114510,866921,838634,0.9077,0.9111,1
bhl_114513,725530,710312,0.9183,0.9223,1
bhl_114523,275996,266857,0.7736,0.7758,1
bhl_114541,1195482,1171575,0.9572,0.9593,1
bhl_114544,2491588,2436770,0.9403,0.9444,1
bhl_114547,317058,308482,0.9582,0.9646,1
bhl_114556,1723065,1681285,0.9471,0.9501,1
bhl_114558,309208,299048,0.9666,0.9712,1
bhl_114571,1086762,1060653,0.934,0.9395,1
bhl_114576,1308733,1269635,0.9416,0.9522,1
bhl_114579,997466,972634,0.9202,0.9266,1
bhl_114586,514637,500441,0.9286,0.9331,1
bhl_114602,623416,608882,0.965,0.9674,1
bhl_114604,853933,832071,0.934,0.9352,1
bhl_114609,174973,169853,0.9132,0.917,1
bhl_114613,678467,663175,0.9692,0.9725,1
bhl_114615,643873,629132,0.9443,0.9462,1
bhl_114632,450026,437062,0.9487,0.9543,1
bhl_114637,3343475,3272044,0.8716,0.8761,1
bhl_114639,1618886,1582556,0.6138,0.6207,1
bhl_114642,1100662,1079673,0.9705,0.9721,1
bhl_114652,621150,606434,0.9784,0.9795,1
bhl_114663,520079,506517,0.9514,0.9577,1
bhl_114669,385376,375451,0.9116,0.9137,1
bhl_114681,93411,91278,0.9796,0.9857,1
bhl_114685,33264,32207,0.9576,0.9585,1
bhl_114689,1046010,1021333,0.9396,0.9443,1
bhl_114691,425850,412285,0.933,0.9348,1
bhl_114694,249529,243759,0.8877,0.8891,1
bhl_114705,1097313,1066560,0.9524,0.956,1
bhl_114719,879430,857386,0.9337,0.9381,1
bhl_114720,651659,636297,0.9583,0.9626,1
bhl_114721,411095,401307,0.9667,0.9682,1
bhl_114746,150056,146089,0.9301,0.9331,1
bhl_114748,288135,279277,0.9519,0.9573,1
bhl_114753,806243,787641,0.9221,0.9251,1
bhl_114764,1753916,1705297,0.944,0.9489,1
bhl_114772,373600,364002,0.9683,0.9717,1
bhl_114777,1741238,1693488,0.9443,0.948,1
bhl_114783,368275,359990,0.962,0.9652,1
bhl_114786,1235289,1201356,0.9336,0.9398,1
bhl_114792,662841,649544,0.9751,0.9767,1
bhl_114793,470176,455467,0.9599,0.9733,1
bhl_114815,40256,39275,0.8741,0.877,1
bhl_114829,271407,263176,0.968,0.974,1
bhl_114838,417375,404359,0.9007,0.9095,1
bhl_114840,712011,689671,0.9424,0.9541,1
bhl_114844,1613469,1576048,0.9384,0.9422,1
bhl_114847,306030,296063,0.9488,0.9504,1
bhl_114861,987428,964665,0.9616,0.9624,1
bhl_114867,579858,566074,0.9628,0.9649,1
bhl_114876,403176,390673,0.959,0.9618,1
bhl_114887,652834,624746,0.9319,0.9439,1
bhl_114889,869684,849481,0.9294,0.9349,1
bhl_114898,1041467,1018510,0.9684,0.9698,1
bhl_114902,89004,85308,0.9302,0.9483,1
bhl_114924,294428,287048,0.9091,0.9139,1
bhl_114925,1914210,1865095,0.9564,0.9656,1
bhl_114939,1122058,1100043,0.9629,0.9651,1
bhl_114950,257472,249607,0.9532,0.958,1
bhl_114955,1100638,1077912,0.9709,0.9732,1
bhl_114964,1126708,1099789,0.939,0.9508,1
bhl_114965,1322554,1286622,0.9495,0.9576,1
bhl_114966,574942,562551,0.954,0.9591,1
bhl_114968,418772,406794,0.953,0.9598,1
bhl_114988,1139832,1120852,0.935,0.9352,1
bhl_114996,751386,732739,0.9473,0.9519,1
bhl_114998,815098,799910,0.9219,0.9227,1
bhl_115017,243886,237292,0.8293,0.8317,1
bhl_115020,297532,289563,0.9294,0.9368,1
bhl_115024,218490,211642,0.9667,0.97,1
bhl_115031,275081,267580,0.9337,0.9436,1
bhl_115046,299430,290296,0.9306,0.9319,1
bhl_115052,394992,388053,0.9418,0.9423,1
bhl_115058,1295611,1257048,0.9432,0.954,1
bhl_115066,740063,716386,0.9101,0.9197,1
bhl_115067,519525,507010,0.9214,0.9246,1
bhl_115071,612022,596798,0.9542,0.9581,1
bhl_115073,618934,600208,0.8902,0.8967,1
bhl_115082,195183,189846,0.9743,0.9809,1
bhl_115090,494824,480822,0.9619,0.968,1
bhl_115093,366376,354579,0.9536,0.9619,1
bhl_115122,731560,716041,0.9775,0.9849,1
bhl_115132,963012,935262,0.9598,0.9706,1
bhl_115149,567992,553019,0.9506,0.9544,1
bhl_115151,295692,289165,0.9165,0.9203,1
bhl_115155,361684,345982,0.8604,0.8615,1
bhl_115159,881655,860379,0.9379,0.9444,1
bhl_115162,679652,660450,0.9459,0.9573,1
bhl_115164,495533,483765,0.9657,0.9703,1
bhl_115168,1672675,1636478,0.9365,0.9404,1
bhl_115169,973031,945255,0.941,0.948,1
bhl_115172,407767,395966,0.9578,0.9679,1
bhl_115173,525387,512861,0.969,0.9704,1
bhl_115184,291774,284025,0.9319,0.9381,1
bhl_115191,1153050,1120434,0.8994,0.905,1
bhl_115192,276701,268958,0.9632,0.9714,1
bhl_115198,1665835,1628343,0.9027,0.9097,1
bhl_115204,728159,707153,0.9659,0.9751,1
bhl_115219,240261,233435,0.9292,0.9392,1
bhl_115220,1464462,1425583,0.9467,0.9512,1
bhl_115222,214652,207425,0.9674,0.9697,1
bhl_115235,529134,514943,0.9675,0.9738,1
bhl_115260,1637906,1591541,0.9424,0.9569,1
bhl_115282,45466,44186,0.8959,0.8999,1
bhl_115284,426692,414732,0.9457,0.9497,1
bhl_115287,208959,202539,0.9316,0.9444,1
bhl_115289,111187,108793,0.9129,0.9168,1
bhl_115301,463292,455144,0.9058,0.9067,1
bhl_115304,277064,268569,0.9438,0.9473,1
bhl_115312,1178992,1152549,0.9618,0.9641,1
bhl_115318,1232460,1207833,0.8915,0.8923,1
bhl_115319,358901,349177,0.9675,0.9704,1
bhl_115322,1372147,1339368,0.8924,0.9,1
bhl_115356,2431268,2376225,0.862,0.868,1
bhl_115360,320984,314059,0.9505,0.956,1
bhl_115361,259191,254105,0.9599,0.9624,1
bhl_115367,1239706,1204208,0.9442,0.9513,1
bhl_115368,106429,103981,0.9488,0.9537,1
bhl_115384,514778,501717,0.9643,0.9663,1
bhl_115395,1511294,1477821,0.962,0.9652,1
bhl_115410,915184,893919,0.9554,0.9578,1
bhl_115422,912513,891146,0.9431,0.947,1
bhl_115434,93586,91334,0.944,0.951,1
bhl_115435,424256,410746,0.9315,0.9332,1
bhl_115438,347136,338376,0.9559,0.9582,1
bhl_115450,800009,777568,0.9558,0.96,1
bhl_115482,530490,515107,0.9563,0.9651,1
bhl_115493,771937,750744,0.9645,0.9692,1
bhl_115499,1075769,1046408,0.9507,0.9557,1
bhl_115501,80720,78107,0.9239,0.9244,1
bhl_115509,33411,32149,0.9231,0.9388,1
bhl_115511,1006103,983222,0.9574,0.9635,1
bhl_115516,717055,698954,0.9394,0.9457,1
bhl_115517,307250,298784,0.8824,0.8881,1
bhl_115518,213831,207583,0.9295,0.9342,1
bhl_115521,302992,292527,0.957,0.961,1
bhl_115537,419726,408597,0.9431,0.9448,1
bhl_115584,957803,936856,0.9718,0.9734,1
bhl_115591,420627,405028,0.9075,0.9121,1
bhl_115609,977132,949103,0.9503,0.957,1
bhl_115612,2958303,2866766,0.9512,0.9587,1
bhl_115624,717972,699025,0.971,0.9773,1
bhl_115641,203891,199891,0.9532,0.9544,1
bhl_115644,619128,603396,0.9165,0.9254,1
bhl_115656,820284,799310,0.9586,0.9671,1
bhl_115668,683965,665429,0.9556,0.9566,1
bhl_115672,186820,181321,0.9312,0.9321,1
bhl_115676,297714,288596,0.911,0.9155,1
bhl_115698,378737,368175,0.9606,0.9673,1
bhl_115701,1479181,1441614,0.9345,0.9385,1
bhl_115706,897352,877134,0.9681,0.974,1
bhl_115711,532843,519351,0.9642,0.9714,1
bhl_115715,37118,35655,0.9503,0.9556,1
bhl_115728,339387,330283,0.9618,0.9652,1
bhl_115729,368394,356684,0.9416,0.9503,1
bhl_115735,1669553,1625185,0.9393,0.9445,1
bhl_115741,521273,509817,0.9327,0.9382,1
bhl_115746,695011,673394,0.947,0.9534,1
bhl_115747,1216742,1183593,0.9473,0.9573,1
bhl_115753,1008630,983400,0.9605,0.9614,1
bhl_115756,1125422,1098383,0.9664,0.9727,1
bhl_115763,1599668,1559430,0.8959,0.9008,1
bhl_115767,1000740,975841,0.9371,0.9413,1
bhl_115788,216476,209694,0.9546,0.971,1
bhl_115791,195695,191103,0.925,0.9288,1
bhl_115798,676921,663336,0.9678,0.9697,1
bhl_115807,648587,631362,0.942,0.9473,1
bhl_115814,532983,518679,0.9653,0.9681,1
bhl_115849,447955,437304,0.9583,0.9621,1
bhl_115852,270627,262631,0.9653,0.9653,1
bhl_115856,755459,732863,0.8937,0.9103,1
bhl_115863,757396,739064,0.9168,0.9243,1
bhl_115864,734128,714541,0.9389,0.9466,1
bhl_115886,702104,683482,0.9423,0.9477,1
bhl_115898,649646,633277,0.9529,0.9555,1
bhl_115901,295314,287681,0.9417,0.9469,1
bhl_115903,884587,864769,0.9333,0.9412,1
bhl_115911,616851,600955,0.9569,0.9675,1
bhl_115920,358873,348178,0.9726,0.9731,1
bhl_115921,240339,233513,0.9293,0.9395,1
bhl_115923,348360,335559,0.9038,0.912,1
bhl_115931,1100961,1066223,0.9461,0.9498,1
bhl_115937,241174,234491,0.9746,0.9785,1
bhl_115939,581110,566774,0.976,0.9793,1
bhl_115941,1364182,1327518,0.9413,0.9515,1
bhl_115944,1494508,1461022,0.9481,0.9503,1
bhl_115946,486915,473767,0.9692,0.9733,1
bhl_115948,879501,859781,0.955,0.9598,1
bhl_115963,463107,451459,0.9388,0.9477,1
bhl_115969,725739,706019,0.9727,0.9802,1
bhl_115973,1526212,1492180,0.9338,0.9382,1
bhl_115976,279307,271077,0.9685,0.9807,1
bhl_115979,569200,553500,0.9629,0.9716,1
bhl_115984,855195,840271,0.9466,0.9499,1
bhl_115987,316520,309599,0.9485,0.9529,1
bhl_115998,698294,682182,0.9587,0.9617,1
bhl_116026,536265,520018,0.9056,0.9097,1
bhl_116030,525603,511908,0.9518,0.9555,1
bhl_116032,1552725,1516628,0.9221,0.9238,1
bhl_116037,328716,320590,0.9488,0.9548,1
bhl_116038,230959,223651,0.9617,0.9679,1
bhl_116039,1237561,1211973,0.9602,0.9627,1
bhl_116044,413072,403282,0.9736,0.9795,1
bhl_116046,669848,650896,0.973,0.9858,1
bhl_116049,851314,828654,0.931,0.935,1
bhl_116053,658426,641181,0.9567,0.9612,1
bhl_116054,590009,573444,0.9704,0.9729,1
bhl_116055,799586,779613,0.9713,0.9774,1
bhl_116063,637591,621407,0.9615,0.9649,1
bhl_116069,440687,429435,0.9677,0.9699,1
bhl_116074,3010327,2945852,0.9113,0.9136,1
bhl_116078,205894,200461,0.9195,0.926,1
bhl_116079,425711,414681,0.9606,0.964,1
bhl_116092,707672,690497,0.965,0.9697,1
bhl_116097,811200,791176,0.9521,0.9582,1
bhl_116100,390631,379985,0.953,0.9577,1
bhl_116104,526007,513810,0.9575,0.9608,1
bhl_116107,25526,24910,0.9361,0.9422,1
bhl_116110,160233,155757,0.9499,0.9599,1
bhl_116115,560619,545084,0.9668,0.9787,1
bhl_116119,1136039,1108836,0.9407,0.9525,1
bhl_116131,4030887,3907914,0.9508,0.9626,1
bhl_116134,1603685,1564221,0.9486,0.9568,1
bhl_116150,3524539,3455518,0.9339,0.9373,1
bhl_116154,564066,550587,0.8897,0.893,1
bhl_116156,867086,849207,0.9679,0.9715,1
bhl_116174,438546,427044,0.9673,0.9688,1
bhl_116176,390829,379815,0.838,0.8415,1
bhl_116179,477755,464377,0.9614,0.9662,1
bhl_116182,744912,722355,0.9591,0.9713,1
bhl_116196,1303355,1264740,0.9384,0.9485,1
bhl_116200,962839,937629,0.9008,0.9057,1
bhl_116204,546608,530774,0.9565,0.9608,1
bhl_116209,588135,569304,0.9619,0.9666,1
bhl_116214,405318,394459,0.9638,0.9686,1
bhl_116234,176632,170713,0.9488,0.9594,1
bhl_116241,166689,161497,0.8771,0.8834,1
bhl_116243,704721,686094,0.9413,0.9471,1
bhl_116252,102274,100058,0.9535,0.9614,1
bhl_116253,4204374,4134155,0.9048,0.9047,1
bhl_116255,286082,278032,0.9534,0.9627,1
bhl_116276,73686,70988,0.9034,0.9047,1
bhl_116282,1172373,1140440,0.925,0.935,1
bhl_116296,553364,540041,0.9349,0.9402,1
bhl_116309,361122,352945,0.9155,0.9184,1
bhl_116315,208250,203074,0.9559,0.9581,1
bhl_116317,943350,918578,0.9026,0.9073,1
bhl_116328,673261,660450,0.9522,0.9572,1
bhl_116334,883403,856449,0.9315,0.9421,1
bhl_116342,33915,32924,0.9425,0.9502,1
bhl_116347,1061148,1037633,0.9338,0.9376,1
bhl_116361,495641,481730,0.953,0.9575,1
bhl_116373,1331461,1296768,0.9314,0.9414,1
bhl_116377,318787,311077,0.9036,0.9061,1
bhl_116388,351390,339008,0.9572,0.9691,1
bhl_116393,538854,524646,0.9493,0.9557,1
bhl_116425,745724,727921,0.9698,0.9722,1
bhl_116441,1960173,1911735,0.9505,0.9548,1
bhl_116445,1022863,999045,0.9476,0.95,1
bhl_116450,289039,281613,0.9489,0.9552,1
bhl_116453,516605,501378,0.9537,0.9603,1
bhl_116454,190881,185867,0.9505,0.9532,1
bhl_116459,832515,810965,0.9465,0.9554,1
bhl_116471,69620,67905,0.9331,0.9357,1
bhl_116486,32797,31723,0.9581,0.9665,1
bhl_116488,1170226,1143844,0.9606,0.964,1
bhl_116498,996380,973860,0.9721,0.9802,1
bhl_116501,284228,276604,0.9676,0.9799,1
bhl_116502,1181210,1154848,0.96,0.9662,1
bhl_116511,1060613,1033490,0.9523,0.9527,1
bhl_116530,1513203,1479684,0.9239,0.9296,1
bhl_116532,215640,209486,0.6922,0.6986,1
bhl_116534,152539,149211,0.9505,0.9553,1
bhl_116543,650114,634901,0.9698,0.9761,1
bhl_116560,1180021,1153444,0.9506,0.9525,1
bhl_116565,478666,462940,0.9571,0.9637,1
bhl_116591,325461,317030,0.9642,0.9697,1
bhl_116598,649605,622918,0.9416,0.9473,1
bhl_116600,491380,480086,0.9224,0.9286,1
bhl_116617,466446,452495,0.9464,0.951,1
bhl_116639,778573,759700,0.8606,0.8639,1
bhl_116640,1729707,1683504,0.9158,0.9219,1
bhl_116641,299410,291264,0.9521,0.9567,1
bhl_116643,211919,203725,0.9529,0.9644,1
bhl_116650,323668,313938,0.9759,0.9814,1
bhl_116678,478452,463957,0.9524,0.9598,1
bhl_116681,509255,494151,0.914,0.9249,1
bhl_116687,430576,418334,0.9738,0.9846,1
bhl_116692,170207,166078,0.9632,0.9715,1
bhl_116694,2107231,2069746,0.9008,0.9026,1
bhl_116703,286635,281416,0.9421,0.9432,1
bhl_116704,1441715,1407703,0.9381,0.9441,1
bhl_116705,435812,425741,0.9631,0.9634,1
bhl_116713,1039796,1012794,0.9388,0.9496,1
bhl_116719,885305,861749,0.9476,0.9503,1
bhl_116727,176037,169315,0.9554,0.969,1
bhl_116742,643599,624037,0.9593,0.9652,1
bhl_116749,2314822,2268217,0.9365,0.9409,1
bhl_116755,726710,705534,0.9646,0.9738,1
bhl_116773,550860,537014,0.956,0.9631,1
bhl_116777,428677,416834,0.9546,0.9565,1
bhl_116780,1573154,1540380,0.9275,0.9332,1
bhl_116802,990856,962700,0.95,0.9599,1
bhl_116810,1268399,1236048,0.9347,0.9423,1
bhl_116822,380324,369884,0.9753,0.9877,1
bhl_116825,346611,334811,0.9429,0.9494,1
bhl_116829,619690,604690,0.9582,0.9697,1
bhl_116830,720169,699961,0.9603,0.9674,1
bhl_116834,171886,166932,0.9698,0.9733,1
bhl_116848,944477,922392,0.9633,0.9718,1
bhl_116849,2690654,2632045,0.9438,0.9458,1
bhl_116853,847940,825963,0.9309,0.9411,1
bhl_116855,430455,419603,0.9526,0.9569,1
bhl_116878,890723,867667,0.921,0.9302,1
bhl_116879,1166432,1136953,0.9605,0.9647,1
bhl_116886,284178,276640,0.9455,0.952,1
bhl_116888,344695,335688,0.9264,0.9327,1
bhl_116892,1619075,1577929,0.9425,0.9513,1
bhl_116897,489284,476051,0.9743,0.9777,1
bhl_116901,379867,368737,0.962,0.9676,1
bhl_116902,519848,503381,0.9481,0.9566,1
bhl_116905,403450,391763,0.9547,0.9615,1
bhl_116906,1401365,1354687,0.9503,0.9567,1
bhl_116908,497858,485223,0.9465,0.9551,1
bhl_116911,3165995,3098553,0.9555,0.9602,1
bhl_116916,421742,412081,0.9743,0.9766,1
bhl_116921,223933,218684,0.9712,0.9747,1
bhl_116929,191181,185559,0.9659,0.9721,1
bhl_116942,1033619,1005451,0.9454,0.9556,1
bhl_116948,205658,199261,0.9534,0.968,1
bhl_116953,1078620,1051224,0.9642,0.9686,1
bhl_116957,861194,829897,0.9609,0.9646,1
bhl_116960,168102,165142,0.9666,0.9679,1
bhl_116971,510278,497223,0.9636,0.9656,1
bhl_116974,722930,705509,0.932,0.9368,1
bhl_116979,142418,138830,0.9557,0.9626,1
bhl_116991,328225,316359,0.9347,0.941,1
bhl_116992,1390686,1356485,0.8877,0.8953,1
bhl_117012,452509,439915,0.9454,0.9523,1
bhl_117020,691906,673154,0.9517,0.9556,1
bhl_117023,170778,167030,0.9329,0.9402,1
bhl_117042,1317949,1285431,0.9596,0.9646,1
bhl_117047,624649,610188,0.9502,0.9557,1
bhl_117051,675947,657243,0.9726,0.983,1
bhl_117069,482670,469141,0.9365,0.9404,1
bhl_117079,185502,181445,0.9388,0.9457,1
bhl_117081,1034582,1007399,0.8501,0.8506,1
bhl_117083,541743,527540,0.9487,0.9552,1
bhl_117114,282640,275274,0.9687,0.9812,1
bhl_117117,145160,141406,0.9668,0.9703,1
bhl_117118,811576,793120,0.962,0.9662,1
bhl_117126,88872,85957,0.8845,0.8871,1
bhl_117132,251804,246045,0.9537,0.9573,1
bhl_117135,1472624,1434382,0.9193,0.9237,1
bhl_117138,342815,333091,0.9518,0.9542,1
bhl_117143,639498,624260,0.9549,0.9613,1
bhl_117153,1253553,1229270,0.9551,0.9604,1
bhl_117178,2476905,2427197,0.9483,0.9532,1
bhl_117186,675429,657870,0.9226,0.9246,1
bhl_117198,306151,297841,0.9657,0.9706,1
bhl_117210,1394913,1362317,0.9599,0.9646,1
bhl_117211,1472141,1439403,0.9257,0.9299,1
bhl_117212,824421,801442,0.9421,0.9523,1
bhl_117214,292293,284526,0.9598,0.9622,1
bhl_117222,358420,348002,0.9197,0.9341,1
bhl_117224,505920,493200,0.9405,0.9459,1
bhl_117237,818683,799761,0.9619,0.9644,1
bhl_117241,1223954,1190560,0.9325,0.9469,1
bhl_117250,1791814,1741727,0.9528,0.9649,1
bhl_117284,708240,691088,0.9424,0.9438,1
bhl_117293,534154,519918,0.9759,0.9822,1
bhl_117300,118421,114852,0.9579,0.9685,1
bhl_117306,557791,545882,0.9609,0.9628,1
bhl_117319,699771,681863,0.9588,0.9633,1
bhl_117325,251097,244908,0.9105,0.919,1
bhl_117326,843531,821827,0.9406,0.95,1
bhl_117334,553280,537011,0.9678,0.974,1
bhl_117349,688902,672102,0.9504,0.9562,1
bhl_117353,1783073,1735561,0.9455,0.9496,1
bhl_117356,55926,54447,0.903,0.9073,1
bhl_117365,1325234,1295686,0.9243,0.9241,1
bhl_117367,359607,349652,0.9615,0.965,1
bhl_117380,567208,552334,0.9426,0.9446,1
bhl_117384,503800,489231,0.9536,0.9595,1
bhl_117396,1397116,1350348,0.9514,0.9576,1
bhl_117401,209106,201516,0.9367,0.9422,1
bhl_117403,1063519,1040202,0.9657,0.9719,1
bhl_117404,797849,778001,0.9324,0.9351,1
bhl_117406,461742,449225,0.8048,0.8071,1
bhl_117411,794985,776805,0.9621,0.9659,1
bhl_117435,298595,289805,0.9703,0.9754,1
bhl_117438,1112982,1084974,0.8583,0.8637,1
bhl_117439,603168,587197,0.9544,0.9606,1
bhl_117446,660772,641835,0.9355,0.9387,1
bhl_117451,1103522,1067867,0.8896,0.8952,1
bhl_117454,764638,746648,0.9138,0.9185,1
bhl_117456,594531,578181,0.963,0.9651,1
bhl_117464,888607,860605,0.9413,0.9584,1
bhl_117467,386728,375206,0.9334,0.9391,1
bhl_117469,91748,89556,0.9132,0.9206,1
bhl_117474,624240,608240,0.9697,0.9721,1
bhl_117482,1093125,1063639,0.9459,0.9585,1
bhl_117485,361876,351757,0.9749,0.9794,1
bhl_117504,3190506,3115815,0.9533,0.9574,1
bhl_117507,324738,316629,0.9742,0.9812,1
bhl_117523,945944,926167,0.9168,0.9171,1
bhl_117526,769381,748837,0.9535,0.958,1
bhl_117535,1812264,1763155,0.94,0.9449,1
bhl_117537,1278886,1255377,0.9392,0.9438,1
bhl_117542,3494874,3434818,0.9444,0.9473,1
bhl_117543,363680,352653,0.946,0.9484,1
bhl_117571,881305,860491,0.9411,0.9448,1
bhl_117579,500143,486457,0.9553,0.9653,1
bhl_117580,797839,778255,0.9481,0.9566,1
bhl_117594,1996148,1969551,0.9713,0.9732,1
bhl_117608,1701431,1667979,0.9678,0.9709,1
bhl_117611,1924658,1871721,0.914,0.9254,1
bhl_117613,492202,479302,0.9526,0.9598,1
bhl_117645,815462,797022,0.9564,0.9639,1
bhl_117648,3522562,3453534,0.9342,0.9375,1
bhl_117649,425901,411704,0.9554,0.9733,1
bhl_117662,1414351,1379391,0.9248,0.929,1
bhl_117676,822299,798483,0.9402,0.9489,1
bhl_117686,30632,29776,0.953,0.9617,1
bhl_117687,173402,169560,0.9654,0.9748,1
bhl_117693,384869,374908,0.9108,0.9126,1
bhl_117725,708550,692154,0.8693,0.8724,1
bhl_117752,604453,589676,0.972,0.977,1
bhl_117754,969093,944895,0.949,0.9606,1
bhl_117756,1311472,1284998,0.9599,0.9625,1
bhl_117769,144838,141452,0.9292,0.9349,1
bhl_117775,1482633,1448482,0.9636,0.9652,1
bhl_117776,300673,290891,0.9624,0.9663,1
bhl_117777,41185,40018,0.9245,0.9293,1
bhl_117784,475732,462106,0.9381,0.9499,1
bhl_117788,967162,942390,0.9414,0.9438,1
bhl_117790,2488423,2437752,0.9481,0.9529,1
bhl_117817,1060583,1037750,0.9672,0.9734,1
bhl_117821,793603,771684,0.9636,0.9732,1
bhl_117827,1326996,1294161,0.9748,0.9854,1
bhl_117845,1103939,1077729,0.9526,0.9567,1
bhl_117848,396718,386429,0.9655,0.97,1
bhl_117851,850630,826705,0.9353,0.9409,1
bhl_117852,2785313,2720854,0.9347,0.9399,1
bhl_117864,1323032,1283959,0.9402,0.9504,1
bhl_117867,727701,707821,0.8911,0.895,1
bhl_117882,470884,457628,0.9423,0.9552,1
bhl_117888,977592,953373,0.9571,0.9614,1
bhl_117889,580674,566706,0.941,0.9479,1
bhl_117922,316330,306916,0.9169,0.9251,1
bhl_117923,964262,941464,0.9768,0.9846,1
bhl_117927,861720,836700,0.9643,0.9688,1
bhl_117935,612630,594832,0.9647,0.9746,1
bhl_117941,811194,788404,0.9675,0.9725,1
bhl_117943,1532676,1494444,0.9395,0.9444,1
bhl_117946,340440,330957,0.9237,0.9302,1
bhl_117949,1494713,1464490,0.8755,0.8801,1
bhl_117957,629198,613002,0.9623,0.9657,1
bhl_117965,148524,143597,0.8637,0.8672,1
bhl_117972,379021,367109,0.9549,0.9714,1
bhl_117973,983611,955535,0.9352,0.9412,1
bhl_117975,549388,533045,0.9666,0.9709,1
bhl_117979,49067,47984,0.925,0.9279,1
bhl_117985,423921,412792,0.962,0.9666,1
bhl_117989,269878,262983,0.9666,0.9694,1
bhl_117993,370678,359797,0.9611,0.9673,1
bhl_117996,1112502,1085911,0.9402,0.9521,1
bhl_117999,723838,708317,0.9591,0.9626,1
bhl_118007,107579,104746,0.9304,0.935,1
bhl_118016,307426,300067,0.9159,0.9185,1
bhl_118017,121780,118328,0.9074,0.9103,1
bhl_118033,751840,730794,0.9707,0.9846,1
bhl_118034,918330,894616,0.9443,0.9488,1
bhl_118037,1181013,1152438,0.9343,0.9415,1
bhl_118044,737186,720169,0.9454,0.9455,1
bhl_118045,306295,295995,0.9606,0.9675,1
bhl_118051,438213,425536,0.9318,0.9372,1
bhl_118052,469754,458929,0.962,0.9693,1
bhl_118053,1146214,1120653,0.9702,0.9716,1
bhl_118056,820957,792834,0.9569,0.9628,1
bhl_118076,299059,291426,0.954,0.9599,1
bhl_118078,1103758,1077270,0.9456,0.9496,1
bhl_118082,509864,494469,0.8962,0.9082,1
bhl_118090,369609,360263,0.9034,0.9081,1
bhl_118102,336680,325763,0.9469,0.9537,1
bhl_118104,975607,951001,0.9566,0.9609,1
bhl_118123,686551,668941,0.9363,0.9374,1
bhl_118126,314413,305007,0.9594,0.9643,1
bhl_118137,128775,124633,0.8828,0.8877,1
bhl_118144,322312,313186,0.8905,0.902,1
bhl_118145,662298,644306,0.9498,0.9552,1
bhl_118164,441184,430868,0.9643,0.9692,1
bhl_118177,793336,775294,0.9621,0.9658,1
bhl_118181,1243800,1217702,0.8846,0.8854,1
bhl_118213,1400975,1365319,0.659,0.6631,1
bhl_118216,1203830,1178829,0.9864,0.9899,1
bhl_118256,555593,538825,0.9604,0.9662,1
bhl_118257,718630,701023,0.9721,0.978,1
bhl_118261,154703,150053,0.9387,0.9488,1
bhl_118262,360707,348596,0.9534,0.9576,1
bhl_118263,159005,153627,0.9597,0.9729,1
bhl_118265,300188,289221,0.9463,0.957,1
bhl_118272,371374,360210,0.9597,0.9668,1
bhl_118279,837293,812872,0.9359,0.9428,1
bhl_118285,536429,523186,0.9786,0.9838,1
bhl_118299,392568,379611,0.9327,0.9344,1
bhl_118304,863286,843938,0.9639,0.9646,1
bhl_118305,1178926,1149918,0.9365,0.944,1
bhl_118309,432933,419702,0.8815,0.8894,1
bhl_118311,816346,797951,0.9563,0.9638,1
bhl_118315,414802,405948,0.9628,0.9631,1
bhl_118318,224075,216631,0.9715,0.9764,1
bhl_118339,188867,184256,0.9196,0.9299,1
bhl_118345,444069,433799,0.9684,0.9718,1
bhl_118354,541863,528478,0.9677,0.9722,1
bhl_118357,1470026,1433007,0.9341,0.9423,1
bhl_118361,590662,575505,0.9352,0.9375,1
bhl_118365,363700,353735,0.8792,0.8814,1
bhl_118380,449524,436146,0.9499,0.9622,1
bhl_118396,69569,64612,0.8343,0.8337,1
bhl_118397,220266,214414,0.909,0.9128,1
bhl_118398,349016,339133,0.8194,0.8224,1
bhl_118401,209571,203355,0.9497,0.9601,1
bhl_118402,401507,389523,0.9339,0.9362,1
bhl_118407,223883,217932,0.967,0.9787,1
bhl_118417,548373,531426,0.9395,0.9496,1
bhl_118420,165648,160731,0.9479,0.9587,1
bhl_118424,222449,216996,0.9475,0.954,1
bhl_118427,797510,771753,0.9441,0.9516,1
bhl_118435,1614536,1577840,0.9082,0.9153,1
bhl_118436,152523,148785,0.9657,0.974,1
bhl_118437,750587,733738,0.9586,0.9696,1
bhl_118446,620472,605031,0.9763,0.9825,1
bhl_118457,595395,581804,0.957,0.961,1
bhl_118476,284248,275527,0.9235,0.9291,1
bhl_118481,1130992,1097875,0.9025,0.9065,1
bhl_118489,1526052,1493089,0.966,0.9691,1
bhl_118493,1497536,1465054,0.9618,0.9656,1
bhl_118497,843789,820683,0.9662,0.9677,1
bhl_118510,1004423,983916,0.9058,0.9112,1
bhl_118513,341343,331993,0.951,0.9607,1
bhl_118516,1431713,1397556,0.9614,0.9694,1
bhl_118519,389592,380120,0.9611,0.9642,1
bhl_118535,263730,257486,0.9643,0.9762,1
bhl_118538,1107692,1081057,0.8877,0.8921,1
bhl_118543,260659,251826,0.9522,0.9579,1
bhl_118554,789386,771421,0.9624,0.9661,1
bhl_118558,849628,824780,0.9397,0.9467,1
bhl_118567,963419,940684,0.9776,0.9856,1
bhl_118568,426290,415492,0.9618,0.9645,1
bhl_118586,1607314,1568740,0.9327,0.9367,1
bhl_118596,1214036,1180402,0.8978,0.9037,1
bhl_118600,717377,697298,0.9374,0.9484,1
bhl_118601,375199,366887,0.9039,0.9079,1
bhl_118602,1004182,981026,0.9529,0.9532,1
bhl_118610,157091,151142,0.923,0.9272,1
bhl_118616,743972,719357,0.9428,0.9476,1
bhl_118662,2529635,2469821,0.9556,0.9655,1
bhl_118667,883029,860653,0.9456,0.9482,1
bhl_118686,385480,376136,0.9455,0.9497,1
bhl_118690,224045,216762,0.962,0.9763,1
bhl_118695,299965,290269,0.9371,0.9462,1
bhl_118702,961411,941713,0.9595,0.9639,1
bhl_118716,317923,309003,0.9676,0.9682,1
bhl_118717,1073067,1042392,0.9238,0.9329,1
bhl_118730,490087,476460,0.9607,0.9645,1
bhl_118741,982248,959858,0.9606,0.9695,1
bhl_118745,772135,750413,0.9687,0.9733,1
bhl_118749,905220,880404,0.9645,0.9701,1
bhl_118753,353388,342730,0.9142,0.9215,1
bhl_118758,702509,683200,0.9536,0.9587,1
bhl_118761,332725,322433,0.9534,0.9601,1
bhl_118776,583831,569130,0.9266,0.9266,1
bhl_118778,381473,369049,0.9503,0.9576,1
bhl_118783,705574,686323,0.956,0.9612,1
bhl_118784,1165589,1136627,0.9609,0.965,1
bhl_118785,2104128,2060025,0.9363,0.9456,1
bhl_118788,587989,574302,0.9624,0.9651,1
bhl_118791,1545411,1507524,0.9375,0.9438,1
bhl_118792,387732,379849,0.9127,0.9182,1
bhl_118793,895900,873182,0.8923,0.8951,1
bhl_118809,738209,721465,0.9834,0.9843,1
bhl_118812,952945,931211,0.9637,0.9661,1
bhl_118822,27505,26690,0.8774,0.8904,1
bhl_118838,249353,241345,0.9571,0.9641,1
bhl_118844,123506,120482,0.9524,0.9563,1
bhl_118853,530892,513791,0.9494,0.9582,1
bhl_118855,349479,339746,0.9503,0.9556,1
bhl_118857,42381,38149,0.5346,0.5351,0
bhl_118861,1201732,1173484,0.9261,0.935,1
bhl_118868,3554654,3475999,0.9317,0.9399,1
bhl_118875,256998,248801,0.9579,0.9738,1
bhl_118877,689001,673145,0.9705,0.9726,1
bhl_118881,347422,336784,0.9625,0.9713,1
bhl_118886,59841,58182,0.9431,0.9458,1
bhl_118890,942902,917575,0.9542,0.9587,1
bhl_118893,204851,199744,0.9194,0.9237,1
bhl_118902,288148,279099,0.9345,0.9381,1
bhl_118929,721970,701028,0.9249,0.932,1
bhl_119041,1871968,1818513,0.8078,0.8999,1
bhl_119045,64807,62997,0.9441,0.9508,1
bhl_119348,79779,75723,0.6729,0.6746,1
bhl_119656,522282,505391,0.9541,0.9678,1
bhl_120133,1433755,1399171,0.8937,0.8939,1
bhl_120138,1362833,1322025,0.8221,0.8231,1
bhl_120532,289028,281788,0.9033,0.9116,1
bhl_120576,374044,363984,0.9509,0.9558,1
bhl_120958,149830,143869,0.8854,0.8955,1
bhl_121140,1662338,1632013,0.8595,0.8594,1
bhl_121267,2215948,2176441,0.8517,0.852,1
bhl_121269,2114020,2073846,0.861,0.8618,1
bhl_121270,2194793,2154789,0.8811,0.8816,1
bhl_121271,1858271,1823241,0.8756,0.8758,1
bhl_121390,524942,508154,0.9537,0.9673,1
bhl_121405,772190,749350,0.9066,0.9169,1
bhl_121502,249567,239112,0.9024,0.9137,1
bhl_121516,259957,254938,0.9576,0.96,1
bhl_121554,1977457,1942548,0.8891,0.8897,1
bhl_121762,13259,12928,0.8824,0.8881,1
bhl_122046,464207,449546,0.8999,0.9064,1
bhl_122050,354722,344193,0.9736,0.979,1
bhl_122580,332681,325401,0.9247,0.934,1
bhl_122919,62609,60268,0.95,0.9585,1
bhl_122924,210995,204612,0.8538,0.8596,1
bhl_122927,664255,650107,0.7936,0.7955,1
bhl_122937,102579,100119,0.9477,0.9566,1
bhl_123170,903798,885954,0.9432,0.9486,1
bhl_123235,832798,810484,0.899,0.9011,1
bhl_123691,113963,110700,0.9107,0.9132,1
bhl_123735,376917,368280,0.8734,0.8772,1
bhl_124543,1232807,1202344,0.9463,0.9502,1
bhl_124545,1399909,1365998,0.9536,0.9599,1
bhl_124546,596543,584153,0.946,0.9511,1
bhl_124547,406914,397524,0.8672,0.869,1
bhl_124548,674579,661356,0.9228,0.9254,1
bhl_124827,2412712,2360919,0.9644,0.9701,1
bhl_124828,2563318,2507768,0.9623,0.9679,1
bhl_124864,88843,86588,0.9625,0.9647,1
bhl_124866,1327868,1291833,0.9732,0.9849,1
bhl_124910,195923,190290,0.8994,0.903,1
bhl_125013,538314,525170,0.9563,0.9621,1
bhl_125021,1273666,1249626,0.9623,0.9665,1
bhl_125043,553850,539377,0.9597,0.9628,1
bhl_125044,815306,790108,0.9579,0.9704,1
bhl_125045,686155,670112,0.9318,0.9398,1
bhl_125050,821596,798611,0.9292,0.9347,1
bhl_125494,106752,90539,0.9475,0.9514,1
bhl_126753,164797,159984,0.7853,0.7882,1
bhl_127293,172583,131488,0.8069,0.8119,1
bhl_127865,1603770,1549716,0.7498,0.8252,1
bhl_127868,179395,171499,0.7509,0.7526,1
bhl_128182,44867,43691,0.9596,0.9656,1
bhl_128207,53234,51264,0.8617,0.8693,1
bhl_128209,25418,24596,0.9622,0.9793,1
bhl_128286,257202,250998,0.8653,0.8651,1
bhl_130314,626870,528318,0.9711,0.9755,1
bhl_130386,35841,32867,0.7677,0.77,1
bhl_130441,37662,36617,0.8145,0.8153,1
bhl_130553,199363,192941,0.909,0.915,1
bhl_130651,176870,172947,0.9175,0.9201,1
bhl_131537,319865,306745,0.7544,0.8374,1
bhl_131600,1561057,1525758,0.9254,0.9308,1
bhl_131766,47015,45237,0.903,0.909,1
bhl_132264,814647,796617,0.9497,0.9542,1
bhl_132529,926324,901900,0.9567,0.9665,1
bhl_132540,1295198,1259226,0.9364,0.9481,1
bhl_132570,8356,6901,0.7938,0.7985,1
bhl_132571,226107,219208,0.7806,0.7831,1
bhl_132576,1094933,1060657,0.9032,0.9152,1
bhl_132577,943144,918081,0.9499,0.9605,1
bhl_132647,445269,430914,0.721,0.7774,1
bhl_132648,446982,433377,0.7257,0.7817,1
bhl_132651,958096,930780,0.8701,0.8821,1
bhl_132656,746255,722274,0.7171,0.7805,1
bhl_132660,238088,231603,0.8603,0.8631,1
bhl_132859,2225281,2184309,0.956,0.9604,1
bhl_132874,304978,297450,0.9524,0.9604,1
bhl_132900,699019,671751,0.8088,0.8184,1
bhl_132907,651467,635204,0.9459,0.9525,1
bhl_132912,1021376,1002079,0.9277,0.9357,1
bhl_132931,92980,90989,0.8858,0.892,1
bhl_132941,388195,377274,0.9625,0.9709,1
bhl_132946,383610,372392,0.9484,0.956,1
bhl_132950,926862,902835,0.9405,0.9469,1
bhl_132951,1225514,1195436,0.9379,0.9447,1
bhl_133378,104273,100430,0.957,0.9689,1
bhl_133504,1347900,1135582,0.9349,0.941,1
bhl_133841,768647,748197,0.9548,0.9644,1
bhl_134198,43785,41991,0.9002,0.9004,1
bhl_134207,911438,890715,0.9353,0.9417,1
bhl_134208,121856,115123,0.8766,0.8781,1
bhl_134211,55931,53877,0.8558,0.8627,1
bhl_134226,891509,865033,0.9139,0.9231,1
bhl_134234,731485,715169,0.9607,0.966,1
bhl_134297,751919,735505,0.9541,0.9581,1
bhl_134321,690491,673451,0.9621,0.963,1
bhl_134328,924927,901949,0.9505,0.9551,1
bhl_134331,725077,709203,0.9099,0.9157,1
bhl_134339,331381,323913,0.9069,0.9131,1
bhl_134342,687178,670839,0.9132,0.919,1
bhl_134486,3109871,3019111,0.9418,0.949,1
bhl_135402,147956,143111,0.9002,0.9087,1
bhl_135417,933022,909955,0.8193,0.8248,1
bhl_135954,1069932,1041813,0.969,0.9781,1
bhl_136741,252292,247484,0.8722,0.874,1
bhl_137684,730855,715183,0.9287,0.9299,1
bhl_137685,707349,690217,0.9289,0.9302,1
bhl_137686,1140974,1116922,0.9354,0.9365,1
bhl_137806,349601,343217,0.9234,0.9247,1
bhl_137944,41522,39353,0.8936,0.8944,1
bhl_138456,369184,360243,0.9536,0.9582,1
bhl_139187,537487,523239,0.9289,0.9298,1
bhl_141387,90591,84648,0.7459,0.7524,1
bhl_147984,5190,4988,0.8936,0.9037,1
bhl_147985,7974,7743,0.9413,0.9446,1
bhl_147989,16775,16312,0.9169,0.9202,1
bhl_148009,50251,49310,0.9518,0.9525,1
bhl_148049,22694,22078,0.9353,0.9445,1
bhl_148161,1658078,1627915,0.9545,0.9581,1
bhl_148243,26894,24898,0.7188,0.7213,1
bhl_150878,742172,725604,0.8878,0.8877,1
bhl_151095,75086,70368,0.6698,0.673,1
bhl_151113,574767,560371,0.9675,0.9748,1
bhl_152497,33827,32975,0.9518,0.9558,1
bhl_15508,646850,549269,0.9511,0.9595,1
bhl_15510,427952,364202,0.9437,0.9513,1
bhl_15519,353127,299834,0.8942,0.9,1
bhl_15522,407145,344529,0.8312,0.834,1
bhl_15533,322187,269953,0.785,0.7876,1
bhl_15537,409670,347051,0.9147,0.9236,1
bhl_15542,582687,493063,0.902,0.9144,1
bhl_15544,556396,464055,0.9022,0.9074,1
bhl_15554,321911,314683,0.948,0.9534,1
bhl_15556,1493252,1271673,0.9791,0.9886,1
bhl_15613,169800,164375,0.9349,0.9449,1
bhl_15618,2578264,2174800,0.9416,0.9504,1
bhl_15619,539455,453071,0.9011,0.908,1
bhl_15620,999273,852283,0.931,0.9368,1
bhl_15624,725367,609396,0.9589,0.9654,1
bhl_156281,208957,202311,0.8782,0.8798,1
bhl_15634,1042601,880542,0.9609,0.9703,1
bhl_15643,877035,744356,0.9182,0.9228,1
bhl_15644,154470,150417,0.9546,0.9592,1
bhl_15647,2006722,1699792,0.9409,0.9437,1
bhl_15653,1467811,1248265,0.9684,0.973,1
bhl_15656,1552548,1301580,0.8765,0.8809,1
bhl_15658,1050159,890906,0.9498,0.9578,1
bhl_15666,1093000,1066375,0.9303,0.9357,1
bhl_15671,235768,199645,0.9554,0.9704,1
bhl_15673,1602617,1360481,0.9635,0.9682,1
bhl_15674,354387,298857,0.9234,0.933,1
bhl_15682,454312,382647,0.8518,0.8551,1
bhl_15687,1349074,1151539,0.9389,0.9465,1
bhl_15690,1006461,853358,0.9402,0.9483,1
bhl_15691,303334,255533,0.9614,0.9723,1
bhl_15692,1115968,950760,0.9372,0.9435,1
bhl_15697,1259591,1228308,0.9661,0.9717,1
bhl_15698,593232,485828,0.9584,0.9663,1
bhl_15704,241188,203164,0.9574,0.9693,1
bhl_15705,435218,368546,0.9559,0.9728,1
bhl_15712,93070,78971,0.939,0.9429,1
bhl_15713,964283,814363,0.9519,0.9558,1
bhl_15729,377739,322122,0.9505,0.957,1
bhl_15734,538541,455900,0.9096,0.9106,1
bhl_15754,1854365,1576758,0.9417,0.9465,1
bhl_15795,265548,228213,0.8344,0.8421,1
bhl_15796,1292812,1083022,0.9428,0.943,1
bhl_15806,472155,406354,0.9479,0.9616,1
bhl_15808,456553,388290,0.9457,0.9461,1
bhl_15840,1989322,1689865,0.9498,0.953,1
bhl_15883,375555,314007,0.9564,0.958,1
bhl_15886,1203465,1017329,0.9721,0.9735,1
bhl_159303,439580,426167,0.9189,0.921,1
bhl_15949,924310,901184,0.9493,0.954,1
bhl_15954,849097,705430,0.8654,0.8657,1
bhl_15962,743504,722545,0.9392,0.9425,1
bhl_15966,1872689,1556609,0.9655,0.9705,1
bhl_15971,1766050,1502473,0.9294,0.934,1
bhl_15973,537754,443433,0.9449,0.9569,1
bhl_15975,230852,225125,0.9546,0.9642,1
bhl_15976,450590,380717,0.9104,0.9173,1
bhl_15978,273711,266346,0.9401,0.9462,1
bhl_15983,1945350,1647164,0.9338,0.9376,1
bhl_15985,591577,499095,0.9641,0.9733,1
bhl_15987,447737,377851,0.9578,0.9663,1
bhl_15988,713339,603275,0.9583,0.962,1
bhl_15991,1675941,1435246,0.9189,0.9234,1
bhl_15992,785981,664577,0.9537,0.9584,1
bhl_15993,971921,828600,0.954,0.9568,1
bhl_15995,1069693,916638,0.9106,0.9154,1
bhl_15999,186240,180608,0.9615,0.9712,1
bhl_16001,538801,525068,0.9624,0.9699,1
bhl_16002,1355689,1128375,0.9065,0.9123,1
bhl_16003,449314,438559,0.9704,0.9733,1
bhl_16014,1379021,1166329,0.9592,0.9694,1
bhl_16050,554722,471109,0.954,0.962,1
bhl_16057,881162,722792,0.9474,0.9483,1
bhl_161293,38638,37608,0.9174,0.9202,1
bhl_16164,752783,634589,0.9538,0.9564,1
bhl_16168,301889,255907,0.9636,0.9721,1
bhl_16169,779274,664865,0.9127,0.9209,1
bhl_16170,1585234,1351190,0.9231,0.9314,1
bhl_16171,870804,740867,0.9302,0.9382,1
bhl_16185,377490,321670,0.9604,0.9749,1
bhl_16189,446135,379633,0.9646,0.9748,1
bhl_16193,1094275,928537,0.9614,0.9708,1
bhl_16198,758949,640537,0.9665,0.9758,1
bhl_16199,611180,596271,0.9616,0.9719,1
bhl_162005,302700,293628,0.9012,0.9086,1
bhl_16204,1881547,1579276,0.9307,0.9346,1
bhl_16208,1307763,1096983,0.9208,0.9312,1
bhl_16218,1013855,858401,0.9473,0.9649,1
bhl_16219,582863,567408,0.9399,0.9468,1
bhl_16221,1155510,1115489,0.955,0.9709,1
bhl_16222,813268,685961,0.9533,0.9669,1
bhl_16231,282409,239605,0.9739,0.9772,1
bhl_16239,874896,743697,0.9679,0.9802,1
bhl_16245,120366,101877,0.9595,0.963,1
bhl_16251,613559,597301,0.952,0.9627,1
bhl_16257,106758,91346,0.9548,0.9721,1
bhl_16263,799977,674796,0.9508,0.9542,1
bhl_16265,1798516,1482677,0.6486,0.6525,1
bhl_16266,254400,214830,0.9509,0.9565,1
bhl_16269,258366,219533,0.9565,0.9587,1
bhl_162801,135557,130962,0.9295,0.9393,1
bhl_162802,169292,164270,0.944,0.9524,1
bhl_16316,98025,80330,0.87,0.8748,1
bhl_16317,982389,831186,0.9517,0.961,1
bhl_163197,70933,69254,0.736,0.7394,1
bhl_163215,329948,321721,0.9456,0.9458,1
bhl_163276,30499,29446,0.9456,0.9583,1
bhl_163284,27915,26772,0.9213,0.9248,1
bhl_163287,58756,56959,0.9685,0.976,1
bhl_163289,16000,15558,0.9517,0.9613,1
bhl_16329,202675,155916,0.9412,0.945,1
bhl_16348,496003,417416,0.9464,0.9543,1
bhl_16351,1094012,929327,0.9203,0.9304,1
bhl_16356,293665,249490,0.9713,0.9763,1
bhl_16373,920327,780153,0.948,0.9507,1
bhl_16378,318519,271095,0.9693,0.9816,1
bhl_16392,648331,546586,0.9698,0.9817,1
bhl_16393,1348866,1147868,0.9658,0.9722,1
bhl_16395,1958216,1671575,0.9679,0.971,1
bhl_16411,2120198,1803309,0.9538,0.9582,1
bhl_164141,102031,98524,0.815,0.9097,1
bhl_164149,192341,186519,0.8261,0.9307,1
bhl_16436,544075,459527,0.9433,0.9553,1
bhl_16439,455387,385989,0.9646,0.9718,1
bhl_16455,669197,570789,0.9528,0.9594,1
bhl_16471,148665,125714,0.8879,0.8926,1
bhl_16491,79470,67483,0.9333,0.9374,1
bhl_164935,640810,626043,0.9493,0.9539,1
bhl_16502,804138,681202,0.9474,0.959,1
bhl_16504,1433869,1224232,0.9608,0.9663,1
bhl_16507,239771,202414,0.959,0.9639,1
bhl_16520,1858488,1572295,0.9514,0.9596,1
bhl_165210,255100,248604,0.9169,0.92,1
bhl_165212,463609,451226,0.9364,0.9419,1
bhl_16525,617670,520375,0.9146,0.9179,1
bhl_16527,685803,576554,0.8655,0.8687,1
bhl_16528,240466,202654,0.9592,0.9643,1
bhl_16587,131837,112334,0.9631,0.9712,1
bhl_16588,1465611,1421371,0.767,0.7726,1
bhl_16697,523116,444267,0.9565,0.9695,1
bhl_16698,522268,443857,0.9575,0.9706,1
bhl_16720,2498757,2119656,0.9148,0.9227,1
bhl_16721,1687150,1441320,0.8995,0.9047,1
bhl_16725,752669,736156,0.9523,0.9563,1
bhl_16735,547966,454626,0.9369,0.9458,1
bhl_16738,2105075,1779533,0.9454,0.9505,1
bhl_16745,319990,273606,0.9526,0.9666,1
bhl_16750,1030001,865972,0.9592,0.9694,1
bhl_16758,658025,637793,0.954,0.9591,1
bhl_16760,913427,779060,0.9209,0.9252,1
bhl_16762,703918,597277,0.9708,0.9769,1
bhl_16763,1486016,1258864,0.9431,0.9542,1
bhl_16765,1636102,1401889,0.9451,0.9516,1
bhl_16767,1920794,1634044,0.9513,0.9559,1
bhl_16768,2469028,2095457,0.9206,0.9286,1
bhl_16777,593281,495023,0.9607,0.9675,1
bhl_16778,1562262,1331308,0.9378,0.9484,1
bhl_16781,823794,699335,0.9307,0.937,1
bhl_16787,1325324,1130937,0.9367,0.9437,1
bhl_16789,1475458,1247238,0.9436,0.9483,1
bhl_16791,658246,554046,0.9499,0.9554,1
bhl_16800,147842,145310,0.9328,0.935,1
bhl_16805,315516,265932,0.9724,0.9787,1
bhl_16806,471894,406773,0.9443,0.9483,1
bhl_16813,1076907,911030,0.9182,0.9268,1
bhl_16816,107524,88251,0.7671,0.7726,1
bhl_16817,777926,755982,0.9608,0.9656,1
bhl_16818,1041642,881482,0.9495,0.9584,1
bhl_16820,821842,693116,0.9634,0.9705,1
bhl_16821,1356390,1163490,0.939,0.9505,1
bhl_16822,507786,429040,0.9535,0.9614,1
bhl_16823,1929736,1631856,0.9491,0.9549,1
bhl_16824,158225,151976,0.8342,0.8414,1
bhl_16827,693284,585342,0.9414,0.9487,1
bhl_16828,286248,244187,0.9669,0.9765,1
bhl_16830,2116421,1774696,0.9567,0.961,1
bhl_16832,1499299,1269818,0.9386,0.9485,1
bhl_16836,1009193,859795,0.9592,0.9688,1
bhl_16837,2061026,1741475,0.9149,0.9217,1
bhl_16838,1033090,871675,0.9562,0.9615,1
bhl_16843,442491,375593,0.9583,0.9693,1
bhl_16844,396807,333580,0.9531,0.9575,1
bhl_16847,1579527,1346850,0.9228,0.9312,1
bhl_16848,35272,28897,0.8078,0.818,1
bhl_16849,671617,567508,0.9766,0.9801,1
bhl_16851,529743,446738,0.9607,0.9686,1
bhl_16853,2167081,1823950,0.9438,0.9497,1
bhl_16854,240917,204497,0.9747,0.9789,1
bhl_16855,1551855,1314291,0.9397,0.9503,1
bhl_16856,1409915,1190579,0.9396,0.9473,1
bhl_16857,1086680,923782,0.9639,0.9678,1
bhl_16858,1957208,1650734,0.94,0.9458,1
bhl_16863,1788711,1508758,0.9482,0.9539,1
bhl_16865,873536,738548,0.9481,0.9522,1
bhl_16867,650312,544350,0.942,0.9494,1
bhl_16873,1869973,1585214,0.9402,0.9451,1
bhl_16880,48984,41708,0.9749,0.9862,1
bhl_16888,527024,514370,0.9575,0.9609,1
bhl_16890,575671,482055,0.9714,0.9825,1
bhl_16892,563486,472182,0.9697,0.9799,1
bhl_16902,316424,266401,0.957,0.9667,1
bhl_16914,825416,701641,0.9247,0.9305,1
bhl_16919,1617263,1369585,0.9424,0.9494,1
bhl_16921,1610687,1363970,0.9423,0.9493,1
bhl_16926,454295,386408,0.9551,0.9574,1
bhl_16927,2139042,1809672,0.9403,0.9487,1
bhl_16929,572234,480021,0.9713,0.9816,1
bhl_16951,1129075,949585,0.9508,0.9646,1
bhl_16952,1242184,1055790,0.9172,0.9242,1
bhl_16956,1074351,909659,0.9384,0.9533,1
bhl_16958,491061,415360,0.9714,0.9857,1
bhl_16960,2443870,2073723,0.9691,0.9752,1
bhl_17047,549956,465366,0.9642,0.9802,1
bhl_17053,1606818,1363136,0.9379,0.9436,1
bhl_17055,2138929,1811018,0.951,0.9582,1
bhl_17083,276486,269136,0.9615,0.9717,1
bhl_17098,109512,93128,0.9583,0.9645,1
bhl_17099,255442,216157,0.9479,0.9647,1
bhl_17101,582467,568042,0.9626,0.9683,1
bhl_172892,65254,62054,0.5999,0.6047,1
bhl_173053,1036199,1001983,0.8894,0.8953,1
bhl_173311,88195,85987,0.9422,0.9511,1
bhl_174319,69971,67713,0.9488,0.9573,1
bhl_174325,83037,79611,0.6367,0.642,1
bhl_17464,47733,40616,0.9397,0.9441,1
bhl_17482,656307,553265,0.9675,0.9713,1
bhl_175162,1525598,1488959,0.9378,0.9411,1
bhl_175484,168937,164223,0.9527,0.9609,1
bhl_175507,210818,205247,0.9563,0.9644,1
bhl_175511,282780,275275,0.9579,0.965,1
bhl_175516,191124,186008,0.9523,0.9601,1
bhl_175518,248947,241081,0.9403,0.948,1
bhl_175520,213310,207816,0.9634,0.972,1
bhl_175530,303672,296075,0.9567,0.9647,1
bhl_175531,165048,160714,0.9533,0.9615,1
bhl_17565,318082,311287,0.9386,0.9461,1
bhl_175758,234426,228342,0.957,0.9643,1
bhl_17605,250848,212014,0.9621,0.9762,1
bhl_176637,85595,72225,0.9378,0.9447,1
bhl_176948,257627,249781,0.9626,0.9668,1
bhl_176998,26287,25554,0.9398,0.9449,1
bhl_17705,627036,532920,0.9715,0.9808,1
bhl_177274,248947,241990,0.8106,0.8105,1
bhl_17742,1396871,1358878,0.9228,0.9322,1
bhl_17746,1115019,1084521,0.929,0.9373,1
bhl_177983,831571,705719,0.9173,0.922,1
bhl_178552,112098,95560,0.9731,0.9783,1
bhl_178589,1730923,1477131,0.9534,0.9633,1
bhl_178640,1116669,950972,0.9506,0.96,1
bhl_178943,19944,16687,0.9372,0.941,1
bhl_178949,141528,117693,0.9718,0.977,1
bhl_178951,767706,644214,0.9568,0.9589,1
bhl_178967,798659,641123,0.9732,0.976,1
bhl_178968,776755,661441,0.9079,0.9162,1
bhl_179057,27657,23387,0.8463,0.8588,1
bhl_179070,1463802,1233263,0.9437,0.947,1
bhl_17914,271540,226514,0.9563,0.958,1
bhl_179163,285406,241697,0.9634,0.9698,1
bhl_179165,147770,124816,0.942,0.9482,1
bhl_179201,12287,10472,0.9687,0.9785,1
bhl_179336,26264,22154,0.9493,0.9672,1
bhl_179341,149990,127980,0.9262,0.9277,1
bhl_179547,8454,7149,0.9283,0.9291,1
bhl_179570,74653,62774,0.9703,0.9739,1
bhl_179861,1267718,1080821,0.9044,0.9098,1
bhl_179924,390199,376663,0.8899,0.8931,1
bhl_180000,94364,79376,0.9526,0.9578,1
bhl_180002,1434981,1215818,0.9047,0.9104,1
bhl_180022,1790426,1524894,0.8825,0.8861,1
bhl_180032,1544188,1309506,0.7881,0.7895,1
bhl_180051,159320,135833,0.9163,0.9276,1
bhl_180052,1507926,1273082,0.8767,0.8797,1
bhl_180064,1392849,1178088,0.884,0.8871,1
bhl_180065,860624,733676,0.9345,0.9388,1
bhl_180068,1271532,1074878,0.8198,0.821,1
bhl_180150,743728,631088,0.9408,0.946,1
bhl_180171,521136,503888,0.9363,0.9456,1
bhl_180173,1535263,1301448,0.8095,0.8112,1
bhl_180174,1539041,1318563,0.8907,0.895,1
bhl_180177,1627955,1401331,0.8562,0.8591,1
bhl_180183,1498882,1280412,0.8494,0.853,1
bhl_180282,444479,375081,0.9011,0.9026,1
bhl_180283,1661725,1408569,0.9305,0.9347,1
bhl_180329,94934,80282,0.9486,0.963,1
bhl_180331,69278,59050,0.9513,0.9675,1
bhl_180353,270445,230406,0.9178,0.9269,1
bhl_180355,112826,96545,0.9594,0.9631,1
bhl_180400,1570047,1331732,0.8021,0.8033,1
bhl_180402,1416983,1200330,0.9181,0.9217,1
bhl_180615,1355127,1145925,0.9043,0.9065,1
bhl_18066,1141975,1113301,0.9115,0.9184,1
bhl_180669,1284188,1093092,0.9692,0.9747,1
bhl_180953,2472839,2114434,0.9069,0.9136,1
bhl_181105,277107,235035,0.938,0.943,1
bhl_181193,714891,602337,0.953,0.9594,1
bhl_181212,1317133,1121830,0.9514,0.9586,1
bhl_181266,203782,198624,0.9478,0.951,1
bhl_18141,482109,409096,0.947,0.9512,1
bhl_181448,214327,207241,0.9365,0.9472,1
bhl_181502,75628,64753,0.9442,0.9468,1
bhl_18154,26552,22356,0.9643,0.9684,1
bhl_181613,85833,81396,0.8463,0.8492,1
bhl_181616,44056,41132,0.4902,0.4911,0
bhl_18162,448251,371736,0.891,0.9002,1
bhl_181652,1828693,1571553,0.9392,0.944,1
bhl_18167,136678,115696,0.951,0.9618,1
bhl_181728,804861,785371,0.9594,0.9614,1
bhl_181774,59032,57690,0.9799,0.9875,1
bhl_18182,988706,840524,0.9711,0.9799,1
bhl_181822,10845,9197,0.7005,0.7052,1
bhl_181895,813972,792455,0.8559,0.8601,1
bhl_181953,185342,180595,0.9559,0.9605,1
bhl_181965,125380,122586,0.9663,0.9761,1
bhl_182167,1500485,1254098,0.9544,0.9617,1
bhl_182208,718062,697667,0.9385,0.9462,1
bhl_18223,827540,701972,0.9381,0.9426,1
bhl_18229,1892608,1607183,0.9572,0.9621,1
bhl_182336,107901,91785,0.9162,0.9261,1
bhl_18237,450968,385192,0.9551,0.9629,1
bhl_182393,271874,231835,0.9222,0.9313,1
bhl_182426,2170657,2134469,0.9526,0.9564,1
bhl_182897,162190,156493,0.8912,0.8949,1
bhl_182921,995807,853745,0.9328,0.9396,1
bhl_182934,2227174,1899670,0.9361,0.9447,1
bhl_182939,146425,141421,0.8423,0.9259,1
bhl_182944,146253,141276,0.84,0.9277,1
bhl_182949,1251352,1068063,0.9366,0.945,1
bhl_18296,1010832,855272,0.9473,0.9649,1
bhl_182981,2646836,2248131,0.951,0.9603,1
bhl_182983,264525,224687,0.9571,0.9594,1
bhl_183007,879560,748959,0.9516,0.9565,1
bhl_183022,1315795,1100925,0.9541,0.9614,1
bhl_183023,205543,174450,0.9572,0.9618,1
bhl_183035,830204,704012,0.9673,0.9763,1
bhl_183302,308632,301521,0.8945,0.8961,1
bhl_18339,84826,70523,0.8292,0.8356,1
bhl_183439,147303,123934,0.9645,0.9796,1
bhl_18344,507068,432993,0.9418,0.9507,1
bhl_183445,105397,89155,0.9521,0.968,1
bhl_183449,11693,9995,0.9406,0.942,1
bhl_183451,34144,29068,0.944,0.9498,1
bhl_183477,292462,250579,0.9518,0.9632,1
bhl_18350,1023757,863467,0.932,0.9338,1
bhl_18357,82019,66535,0.8807,0.8862,1
bhl_18359,298374,253224,0.9536,0.9576,1
bhl_18362,1426577,1205403,0.9608,0.9633,1
bhl_18363,10605,9129,0.7019,0.712,1
bhl_18364,1588859,1339172,0.8164,0.9345,1
bhl_18365,1182749,997038,0.9396,0.9469,1
bhl_18366,1569211,1332270,0.949,0.9545,1
bhl_18367,701086,592100,0.9553,0.9621,1
bhl_18368,894198,763051,0.8974,0.901,1
bhl_18370,932093,791282,0.9635,0.9745,1
bhl_183724,1502772,1274036,0.9149,0.9208,1
bhl_18381,2690753,2299437,0.8505,0.8542,1
bhl_18387,965711,818606,0.9634,0.9705,1
bhl_18389,491826,415416,0.9564,0.9598,1
bhl_18398,191364,162215,0.9481,0.9532,1
bhl_18399,1493691,1272058,0.9771,0.986,1
bhl_18401,1266015,1072117,0.9635,0.9674,1
bhl_18405,1125694,958093,0.9862,0.9923,1
bhl_18416,931479,790511,0.9637,0.9748,1
bhl_184186,1849715,1579185,0.9197,0.9243,1
bhl_18419,1800361,1518810,0.8272,0.9417,1
bhl_18423,761906,647507,0.9412,0.9449,1
bhl_18424,1148507,973421,0.9493,0.9596,1
bhl_184340,14261,13590,0.7913,0.7917,1
bhl_184354,2197012,2151062,0.9134,0.9175,1
bhl_18454,508087,422021,0.8327,0.8339,1
bhl_184634,1712045,1456545,0.943,0.9446,1
bhl_184638,76142,65469,0.9526,0.9594,1
bhl_18506,507153,427336,0.943,0.9501,1
bhl_185132,702588,600998,0.9087,0.9167,1
bhl_185134,1133311,955447,0.8407,0.9438,1
bhl_185169,1252651,1059769,0.8986,0.9104,1
bhl_185170,314069,267465,0.9255,0.9329,1
bhl_185175,520147,442890,0.9189,0.9263,1
bhl_185188,886304,749791,0.9221,0.9342,1
bhl_185201,624764,521394,0.8881,0.8943,1
bhl_18522,372570,360713,0.9488,0.9589,1
bhl_185366,403782,334330,0.9113,0.9187,1
bhl_185371,1359716,1157509,0.9245,0.9297,1
bhl_185384,1692331,1434775,0.9324,0.938,1
bhl_185402,553118,471854,0.9046,0.9114,1
bhl_185409,958393,809404,0.9306,0.9405,1
bhl_185412,788260,665702,0.8054,0.9015,1
bhl_185419,430673,367271,0.9341,0.9419,1
bhl_185436,767853,656037,0.9098,0.919,1
bhl_18545,782138,662034,0.9671,0.9725,1
bhl_185503,256400,250981,0.9636,0.9638,1
bhl_185504,253280,247699,0.963,0.9631,1
bhl_185557,1079676,912778,0.9471,0.9585,1
bhl_185578,752237,597445,0.8718,0.8771,1
bhl_185580,1054663,890312,0.9519,0.9633,1
bhl_185621,8575,7656,0.6582,0.6647,1
bhl_185631,29028,26029,0.6853,0.6928,1
bhl_18569,1853577,1578490,0.9192,0.9272,1
bhl_18578,2057999,1750834,0.9549,0.9628,1
bhl_185906,2003493,1693001,0.9462,0.9515,1
bhl_185925,524361,447281,0.9231,0.9311,1
bhl_18593,2242678,1896452,0.9582,0.9619,1
bhl_185932,1703674,1444708,0.9522,0.9569,1
bhl_185933,1298038,1101505,0.9326,0.9432,1
bhl_18597,2935952,2485150,0.8956,0.8992,1
bhl_186102,1082899,1053289,0.922,0.9221,1
bhl_186413,1069249,905854,0.9181,0.9292,1
bhl_186435,593560,505876,0.9478,0.9556,1
bhl_186451,1422001,1205235,0.9186,0.9223,1
bhl_18655,67510,55032,0.6993,0.7,1
bhl_186573,7549,5888,0.3854,0.3844,0
bhl_186845,349581,296030,0.9132,0.9204,1
bhl_186850,1668455,1416168,0.9308,0.9353,1
bhl_186851,1131104,964844,0.9307,0.9327,1
bhl_186867,646838,628431,0.9068,0.9077,1
bhl_187086,1482006,1249406,0.9239,0.9345,1
bhl_187201,750355,626989,0.9063,0.9113,1
bhl_187209,756900,639281,0.9642,0.9737,1
bhl_187211,635486,537594,0.9261,0.9283,1
bhl_187697,919178,777195,0.8153,0.9137,1
bhl_187864,2245418,1904956,0.9561,0.9605,1
bhl_188133,841384,704950,0.8871,0.8928,1
bhl_188212,2330718,1993387,0.9572,0.9619,1
bhl_188318,532933,458573,0.9202,0.921,1
bhl_188445,1110646,951991,0.959,0.9688,1
bhl_188457,1204844,1185026,0.9674,0.9701,1
bhl_188500,1393140,1190664,0.9363,0.9452,1
bhl_188502,321566,272715,0.9707,0.9775,1
bhl_188504,1037468,885971,0.9417,0.9497,1
bhl_188505,609907,516276,0.9602,0.9731,1
bhl_188516,61291,52532,0.9712,0.9774,1
bhl_188517,163680,139296,0.9696,0.9825,1
bhl_188532,82488,70620,0.9601,0.9776,1
bhl_188536,961808,815550,0.9495,0.9515,1
bhl_188537,233163,197007,0.954,0.9623,1
bhl_188545,509209,500899,0.9495,0.9503,1
bhl_188592,130025,123960,0.9247,0.9329,1
bhl_188593,343838,329451,0.9466,0.9551,1
bhl_188594,178135,170977,0.9474,0.9562,1
bhl_188597,167141,161680,0.807,0.885,1
bhl_18865,665778,554996,0.9002,0.9031,1
bhl_188721,613813,519391,0.9439,0.9561,1
bhl_188726,2036270,1748981,0.9493,0.9571,1
bhl_188728,485219,409377,0.925,0.9381,1
bhl_188748,676371,575157,0.9549,0.9546,1
bhl_188923,2227422,1904559,0.9505,0.9551,1
bhl_189389,1497927,1283865,0.9823,0.9879,1
bhl_189392,729089,627586,0.9301,0.9316,1
bhl_189393,1089566,936625,0.9348,0.9364,1
bhl_189399,536539,455370,0.9495,0.9621,1
bhl_189424,2457247,2115340,0.9469,0.9558,1
bhl_189435,831751,707965,0.9687,0.9778,1
bhl_190675,148923,126881,0.954,0.961,1
bhl_190678,866612,739586,0.9632,0.9719,1
bhl_190679,885601,756540,0.9632,0.9741,1
bhl_190680,1070340,912493,0.9173,0.9286,1
bhl_190710,65184,55313,0.956,0.9582,1
bhl_191583,1064122,916431,0.8455,0.8538,1
bhl_192253,231328,197892,0.9532,0.9631,1
bhl_192369,845584,720817,0.9521,0.9678,1
bhl_192372,1232559,1194332,0.9467,0.9559,1
bhl_192588,2208583,1893754,0.9198,0.9326,1
bhl_192830,165234,158448,0.945,0.9498,1
bhl_192832,36099,34670,0.8789,0.9083,1
bhl_192837,743491,636300,0.9026,0.9029,1
bhl_193688,1931984,1649103,0.9484,0.9583,1
bhl_193689,2466789,2113352,0.9608,0.9695,1
bhl_193690,333635,285252,0.9778,0.9879,1
bhl_193691,3083604,2642772,0.9526,0.9557,1
bhl_193829,21070,17985,0.9582,0.9738,1
bhl_194065,644788,551911,0.9526,0.9649,1
bhl_194068,604060,511498,0.9458,0.9475,1
bhl_194069,566071,479974,0.9609,0.9637,1
bhl_194070,1745775,1492767,0.9474,0.9541,1
bhl_194072,20835,17639,0.9757,0.9862,1
bhl_194073,400395,347065,0.9536,0.9602,1
bhl_194120,1877338,1604334,0.9668,0.9804,1
bhl_194155,937421,799472,0.9066,0.9169,1
bhl_194274,910991,885655,0.9401,0.948,1
bhl_194277,600328,508335,0.818,0.8972,1
bhl_194278,555582,471600,0.8062,0.8791,1
bhl_195035,287401,246222,0.9506,0.9581,1
bhl_195043,73547,62804,0.868,0.8705,1
bhl_195060,1433193,1225047,0.9423,0.9457,1
bhl_195955,512277,437919,0.9544,0.9595,1
bhl_195971,1007173,859045,0.9598,0.9663,1
bhl_196084,137175,132933,0.8566,0.9168,1
bhl_196207,668226,569372,0.9657,0.9689,1
bhl_196285,161476,137161,0.9483,0.9594,1
bhl_197034,140769,138070,0.9412,0.9423,1
bhl_197159,384525,374535,0.9444,0.946,1
bhl_197165,252784,248322,0.9449,0.9463,1
bhl_197379,150910,147215,0.9487,0.9576,1
bhl_198106,146871,141808,0.8306,0.9219,1
bhl_198285,892978,769614,0.9342,0.9388,1
bhl_198287,867641,740304,0.9671,0.9764,1
bhl_198288,987411,846439,0.9479,0.9576,1
bhl_198289,1198303,1027610,0.9606,0.9697,1
bhl_198291,604583,515056,0.9625,0.9748,1
bhl_198292,662120,563676,0.9682,0.9786,1
bhl_198293,182696,155321,0.9467,0.9765,1
bhl_198295,1261847,1077294,0.9392,0.9523,1
bhl_198343,1506654,1308179,0.82,0.8266,1
bhl_198377,2017172,1723037,0.9575,0.9616,1
bhl_198378,590966,500178,0.9555,0.965,1
bhl_19951,61280,56874,0.535,0.5388,0
bhl_19969,1396122,1362326,0.9227,0.9297,1
bhl_199728,886227,756847,0.9615,0.9724,1
bhl_199735,2071997,1771242,0.958,0.9631,1
bhl_199738,893173,765643,0.9673,0.9711,1
bhl_199784,286428,244006,0.8461,0.9354,1
bhl_199792,1193271,1007515,0.8405,0.9303,1
bhl_199801,738143,625046,0.8623,0.9501,1
bhl_199814,134193,115048,0.8543,0.8698,1
bhl_199815,682785,580029,0.9623,0.9666,1
bhl_199818,563072,476267,0.9482,0.9559,1
bhl_199829,1093368,936593,0.9623,0.9666,1
bhl_199832,585869,499685,0.9658,0.9725,1
bhl_199841,391657,333738,0.964,0.97,1
bhl_20020,1302880,1110952,0.9753,0.9751,1
bhl_20025,504445,489345,0.8822,0.8866,1
bhl_200358,212084,180555,0.9687,0.9707,1
bhl_20037,392202,333651,0.9519,0.9617,1
bhl_20043,2256117,1909487,0.9627,0.9674,1
bhl_20045,268469,229557,0.8872,0.8878,1
bhl_20046,558465,477798,0.8509,0.8537,1
bhl_20054,259211,218721,0.9057,0.9055,1
bhl_200754,264985,226133,0.951,0.9636,1
bhl_200769,824637,701231,0.979,0.9863,1
bhl_200779,269136,231170,0.9442,0.9454,1
bhl_200798,178703,151475,0.8288,0.912,1
bhl_200838,650266,553697,0.9791,0.9822,1
bhl_200860,1126307,961290,0.946,0.9508,1
bhl_200891,1089930,939068,0.9486,0.9522,1
bhl_200894,439815,374414,0.9619,0.9705,1
bhl_200897,624252,530728,0.9434,0.9454,1
bhl_200917,32948,27785,0.924,0.9323,1
bhl_200919,236962,201965,0.9615,0.9666,1
bhl_200931,1074176,920842,0.9365,0.9457,1
bhl_20100,1348851,1153683,0.9397,0.9404,1
bhl_201008,408215,395420,0.7437,0.7832,1
bhl_201026,1436384,1236492,0.8964,0.9016,1
bhl_201048,604536,516940,0.9598,0.9629,1
bhl_201049,1134835,963273,0.8237,0.9067,1
bhl_201080,333815,284588,0.9645,0.9674,1
bhl_201112,444338,376416,0.9791,0.9814,1
bhl_201199,1274063,1091856,0.92,0.9257,1
bhl_201230,1221449,1053617,0.8306,0.8355,1
bhl_201261,25665,21912,0.9598,0.961,1
bhl_201291,122196,103744,0.8444,0.9556,1
bhl_201302,493690,421354,0.9611,0.9631,1
bhl_201325,359552,348236,0.7474,0.7944,1
bhl_20133,127097,107368,0.9279,0.9304,1
bhl_201453,752323,635694,0.9631,0.971,1
bhl_201462,261484,223448,0.9672,0.9722,1
bhl_201495,313077,265608,0.9591,0.9626,1
bhl_201523,448078,430093,0.9449,0.9487,1
bhl_201535,1038412,897377,0.9146,0.9218,1
bhl_201536,493387,417863,0.975,0.9789,1
bhl_201542,178252,151102,0.8448,0.9387,1
bhl_201567,1071086,913502,0.9572,0.9609,1
bhl_201608,485876,470377,0.7362,0.7827,1
bhl_20177,1790462,1508729,0.8996,0.9044,1
bhl_202438,1416622,1209549,0.9529,0.9578,1
bhl_202530,1060663,904977,0.9564,0.9607,1
bhl_202681,59089,57312,0.9701,0.9772,1
bhl_203122,7388,7157,0.8898,0.8968,1
bhl_204170,39397,35306,0.7589,0.7635,1
bhl_204461,99987,84564,0.9604,0.9675,1
bhl_204944,16729,14246,0.9253,0.9338,1
bhl_204969,27829,23661,0.9653,0.9769,1
bhl_205755,562367,475791,0.9549,0.9581,1
bhl_205764,113300,97092,0.9234,0.9252,1
bhl_205766,168274,143184,0.909,0.9179,1
bhl_205775,622234,527586,0.8222,0.9338,1
bhl_205783,256290,216849,0.8341,0.9417,1
bhl_205809,890822,764663,0.9175,0.9199,1
bhl_206004,39323,33512,0.9416,0.9509,1
bhl_206011,198059,170282,0.9445,0.9489,1
bhl_206504,932708,794188,0.8143,0.8987,1
bhl_206554,1404920,1201318,0.9505,0.9541,1
bhl_206798,160487,138102,0.9417,0.9433,1
bhl_206834,252939,216911,0.9392,0.9398,1
bhl_206894,1492840,1298548,0.9085,0.9126,1
bhl_20692,566439,478393,0.9495,0.9555,1
bhl_207009,1893690,1633847,0.9225,0.9212,1
bhl_207066,62977,53665,0.9151,0.9222,1
bhl_207312,355125,303434,0.9552,0.9593,1
bhl_207328,281158,240826,0.9485,0.9525,1
bhl_207335,26821,22849,0.9485,0.9516,1
bhl_207344,491963,424500,0.8892,0.8915,1
bhl_207559,2715023,2311510,0.9706,0.9735,1
bhl_207560,2617033,2236906,0.9683,0.9707,1
bhl_207607,2616216,2231021,0.9673,0.9696,1
bhl_207926,42215,35952,0.9587,0.9648,1
bhl_208426,200482,169612,0.9491,0.9498,1
bhl_208430,1104545,943777,0.9469,0.9488,1
bhl_208550,5105,4759,0.8299,0.8322,1
bhl_209137,253769,247010,0.8955,0.898,1
bhl_209152,179306,173676,0.8577,0.8642,1
bhl_209177,1348137,1153790,0.9083,0.9107,1
bhl_209247,129460,125004,0.5369,0.5351,0
bhl_209505,992703,843391,0.9199,0.9202,1
bhl_209517,566677,482021,0.9674,0.9692,1
bhl_209774,576975,560712,0.9666,0.974,1
bhl_209782,976953,826282,0.9621,0.9704,1
bhl_209797,1009548,855807,0.9492,0.9591,1
bhl_209809,2362837,2029356,0.8701,0.8707,1
bhl_209964,1376341,1177132,0.9364,0.938,1
bhl_209973,1004264,981092,0.8164,0.9121,1
bhl_210012,186373,177857,0.9319,0.9381,1
bhl_210075,1232172,1053976,0.8519,0.8562,1
bhl_210084,202513,197116,0.9175,0.9219,1
bhl_210089,193507,188180,0.9158,0.9158,1
bhl_210090,1051323,900194,0.9078,0.9107,1
bhl_210095,461054,448301,0.9112,0.911,1
bhl_210129,64922,55081,0.9592,0.9615,1
bhl_210152,478683,404874,0.963,0.9716,1
bhl_210198,107417,105016,0.7919,0.7949,1
bhl_210205,96289,94372,0.7162,0.7179,1
bhl_210496,544704,533094,0.9379,0.9405,1
bhl_210547,656325,565464,0.9028,0.9045,1
bhl_210586,298543,291074,0.9333,0.9357,1
bhl_210694,251392,245551,0.8735,0.8755,1
bhl_210695,183639,179324,0.9377,0.9406,1
bhl_21180,24196,23441,0.9468,0.9578,1
bhl_211924,2036683,1734812,0.9383,0.9429,1
bhl_212378,809783,690828,0.9318,0.9383,1
bhl_212979,181309,153203,0.86,0.8681,1
bhl_21332,23624,20086,0.9309,0.9366,1
bhl_213836,1079631,920730,0.9687,0.9722,1
bhl_214121,310066,282814,0.8948,0.9088,1
bhl_21428,25062,21188,0.9435,0.9524,1
bhl_214327,503011,488865,0.9518,0.962,1
bhl_214351,291308,281233,0.9321,0.9418,1
bhl_214459,1496828,1282508,0.8783,0.8845,1
bhl_214592,984537,847317,0.9495,0.9509,1
bhl_214640,213466,183569,0.8502,0.851,1
bhl_214676,218865,187824,0.9486,0.9528,1
bhl_214793,427935,367482,0.8367,0.8375,1
bhl_215223,72374,67793,0.8273,0.8291,1
bhl_215509,329140,280083,0.8814,0.8855,1
bhl_215510,61522,52497,0.9475,0.9598,1
bhl_215525,457183,390600,0.8827,0.8855,1
bhl_215548,12212,10378,0.9452,0.9471,1
bhl_215891,43016,40317,0.8377,0.8402,1
bhl_215892,40130,38130,0.8854,0.8862,1
bhl_216284,22633,19507,0.901,0.9084,1
bhl_21684,754680,635774,0.5887,0.5888,0
bhl_216989,998393,970315,0.8925,0.8989,1
bhl_217438,313159,304338,0.9316,0.9366,1
bhl_217529,292486,283018,0.9028,0.9063,1
bhl_218060,816530,793437,0.7102,0.7594,1
bhl_218379,940357,797569,0.8201,0.9102,1
bhl_219121,669499,651162,0.8943,0.8951,1
bhl_219195,591596,575151,0.8788,0.8792,1
bhl_219218,698586,680511,0.8998,0.9008,1
bhl_219223,761486,741481,0.9056,0.9064,1
bhl_219275,643266,621936,0.6939,0.747,1
bhl_220516,757050,736228,0.8889,0.8917,1
bhl_220878,57544,55579,0.9351,0.9495,1
bhl_221712,398983,381139,0.9089,0.9134,1
bhl_221746,568617,550932,0.9128,0.9157,1
bhl_222632,170014,164908,0.8406,0.8413,1
bhl_223688,2194657,1914629,0.6458,0.71,1
bhl_223689,1924984,1665531,0.7626,0.8187,1
bhl_223690,1422376,1237020,0.7174,0.8013,1
bhl_223691,771624,745451,0.7006,0.7687,1
bhl_223692,1946675,1701869,0.6557,0.7251,1
bhl_223693,1619734,1396002,0.73,0.7987,1
bhl_223724,1605543,1389626,0.7604,0.8224,1
bhl_224658,907728,779576,0.8692,0.8723,1
bhl_225690,1151516,982051,0.9561,0.9621,1
bhl_225834,775499,750981,0.8951,0.904,1
bhl_225906,812375,791043,0.9544,0.9592,1
bhl_225917,757415,736570,0.9415,0.9507,1
bhl_226080,1057749,904787,0.9559,0.9633,1
bhl_226107,636043,620544,0.9549,0.9627,1
bhl_226346,1169757,998881,0.9486,0.9544,1
bhl_226746,303978,293063,0.9341,0.9448,1
bhl_226747,375822,362812,0.9329,0.9409,1
bhl_227225,900901,766908,0.9062,0.9097,1
bhl_227659,209453,199759,0.9678,0.9737,1
bhl_227703,667753,564859,0.9511,0.9605,1
bhl_227707,100980,87265,0.9369,0.9428,1
bhl_228367,818123,700791,0.9341,0.9404,1
bhl_228408,62037,58040,0.9536,0.956,1
bhl_228432,161145,137108,0.9319,0.9444,1
bhl_228700,76580,65106,0.8135,0.8281,1
bhl_228743,153817,150122,0.9616,0.9615,1
bhl_229710,138743,118782,0.9272,0.928,1
bhl_229843,1235978,1050451,0.9561,0.9592,1
bhl_229941,1059237,906231,0.9302,0.9326,1
bhl_230861,575912,493140,0.927,0.9292,1
bhl_230985,883533,751879,0.9573,0.9601,1
bhl_231490,898261,878398,0.9661,0.9713,1
bhl_231605,42575,36842,0.694,0.6947,1
bhl_232812,90491,87381,0.9649,0.9682,1
bhl_233396,334223,284212,0.9489,0.956,1
bhl_233397,266050,226228,0.9509,0.9593,1
bhl_234814,41427,35369,0.9563,0.9638,1
bhl_235203,996446,845004,0.9513,0.9612,1
bhl_235215,967791,818749,0.9636,0.9719,1
bhl_235656,925031,782018,0.9593,0.967,1
bhl_235837,448514,380989,0.9464,0.9531,1
bhl_239832,106670,91047,0.9766,0.9808,1
bhl_24005,477134,404305,0.9623,0.9685,1
bhl_240562,601205,513001,0.9593,0.9589,1
bhl_24064,790926,669797,0.9565,0.9668,1
bhl_241743,1534528,1316452,0.7492,0.8501,1
bhl_242591,1411095,1207375,0.9317,0.9325,1
bhl_243634,1177874,1001372,0.9485,0.9487,1
bhl_243880,220766,190020,0.9235,0.9221,1
bhl_24524,218957,185862,0.9536,0.9549,1
bhl_24567,267041,228456,0.9517,0.9535,1
bhl_24584,118444,100508,0.8889,0.8917,1
bhl_245904,340282,292327,0.8491,0.8493,1
bhl_24665,189848,161765,0.8482,0.8487,1
bhl_24685,172673,146935,0.9559,0.9572,1
bhl_248827,362862,309127,0.9447,0.9447,1
bhl_24893,210864,179550,0.9552,0.9565,1
bhl_24927,244510,208504,0.9586,0.9599,1
bhl_249356,6778,5711,0.9373,0.9373,1
bhl_250965,577512,490857,0.9722,0.9723,1
bhl_250972,595019,505308,0.9683,0.9679,1
bhl_250978,534777,451577,0.8987,0.8995,1
bhl_251325,2614727,2199317,0.8467,0.9334,1
bhl_251725,8311579,7114577,0.8744,0.8736,1
bhl_251833,103335,84463,0.2718,0.2668,0
bhl_252479,52960,51235,0.9584,0.9592,1
bhl_252569,842216,705748,0.8378,0.9387,1
bhl_252717,172313,168503,0.9557,0.9555,1
bhl_252810,123785,121243,0.9543,0.954,1
bhl_252893,6342,6143,0.9265,0.9264,1
bhl_253279,534731,521057,0.9121,0.9117,1
bhl_253607,950020,881339,0.923,0.9228,1
bhl_25404,411188,347868,0.9517,0.9603,1
bhl_254112,447639,381629,0.9589,0.9618,1
bhl_254145,27882,27241,0.8731,0.8748,1
bhl_254166,336471,324081,0.9269,0.928,1
bhl_254198,471010,459152,0.8798,0.8795,1
bhl_25480,189797,155998,0.6651,0.6682,1
bhl_25482,142745,119781,0.9129,0.9163,1
bhl_255072,71250,69476,0.6012,0.6012,1
bhl_255207,168924,143725,0.9542,0.9544,1
bhl_256571,208039,177286,0.9363,0.937,1
bhl_256878,45777,38945,0.9693,0.9687,1
bhl_257272,251476,219501,0.4107,0.4258,0
bhl_257318,46776,41983,0.7112,0.7616,1
bhl_257461,26902,22964,0.9383,0.9385,1
bhl_257462,10472,8854,0.9661,0.9661,1
bhl_257499,17230,14645,0.9256,0.926,1
bhl_257524,42888,35766,0.915,0.9133,1
bhl_257537,65540,64089,0.9443,0.9441,1
bhl_257588,80406,78253,0.9037,0.9034,1
bhl_257589,174511,171456,0.9178,0.9182,1
bhl_25765,60759,51452,0.9585,0.9656,1
bhl_257961,61183,51918,0.8055,0.8075,1
bhl_259015,781255,666487,0.9489,0.9494,1
bhl_25925,1174832,989294,0.9479,0.9496,1
bhl_259278,90963,76539,0.9494,0.9499,1
bhl_260132,122682,104226,0.9651,0.9652,1
bhl_260843,102236,84184,0.9478,0.951,1
bhl_261417,586679,491805,0.7978,0.8832,1
bhl_261924,42213,35291,0.9288,0.929,1
bhl_26201,94605,80708,0.8943,0.897,1
bhl_262706,226899,189360,0.953,0.9538,1
bhl_262929,1781385,1538653,0.905,0.9051,1
bhl_263114,335986,280338,0.8425,0.9287,1
bhl_263349,215044,209316,0.7923,0.7945,1
bhl_263380,90068,79667,0.5253,0.5257,0
bhl_263443,28766,24604,0.9585,0.9584,1
bhl_264295,319045,272120,0.8951,0.8953,1
bhl_264427,571868,481283,0.9585,0.9581,1
bhl_264434,582806,494974,0.9591,0.9589,1
bhl_265585,447337,431146,0.741,0.7862,1
bhl_265827,205894,172544,0.9469,0.9465,1
bhl_265828,660896,559243,0.9498,0.957,1
bhl_266696,48169,40509,0.8447,0.9373,1
bhl_26676,18581,15248,0.8141,0.9021,1
bhl_266862,224578,191047,0.9591,0.9593,1
bhl_266877,250196,205328,0.9311,0.9322,1
bhl_266907,538942,520426,0.8889,0.8896,1
bhl_266952,219574,210253,0.9545,0.9543,1
bhl_267077,195973,188080,0.9568,0.9566,1
bhl_267091,117139,111792,0.9578,0.9578,1
bhl_267093,283211,271111,0.9548,0.955,1
bhl_267480,150458,137726,0.807,0.8879,1
bhl_267511,20180,15957,0.5877,0.5953,0
bhl_26753,409963,343230,0.9597,0.9677,1
bhl_267598,193007,188191,0.9054,0.9061,1
bhl_267897,8027,6337,0.5235,0.5299,0
bhl_267965,1387689,1365662,0.9625,0.9624,1
bhl_268047,549476,466131,0.971,0.9711,1
bhl_268756,1715959,1463699,0.9497,0.9498,1
bhl_268770,252030,214861,0.9515,0.9516,1
bhl_268829,181025,176013,0.794,0.7965,1
bhl_270676,703829,595833,0.9306,0.93,1
bhl_271206,1092835,915508,0.9161,0.9162,1
bhl_272608,415653,403747,0.9287,0.9283,1
bhl_273119,1655137,1388194,0.7183,0.7205,1
bhl_273183,10042,8499,0.9717,0.9703,1
bhl_273339,50757,43021,0.976,0.9753,1
bhl_273367,70014,59135,0.9674,0.9669,1
bhl_273374,19357,16340,0.9564,0.9568,1
bhl_273684,736732,716310,0.9037,0.9045,1
bhl_273705,1508703,1307053,0.859,0.8593,1
bhl_273723,290466,251245,0.7483,0.7499,1
bhl_273733,1033714,896108,0.7856,0.7866,1
bhl_273734,775148,668449,0.7822,0.7827,1
bhl_273763,365585,314910,0.7542,0.7547,1
bhl_273773,197787,177079,0.6366,0.6457,1
bhl_273993,308240,262950,0.9634,0.965,1
bhl_276433,169663,142340,0.8367,0.9173,1
bhl_279490,126560,105403,0.5821,0.5811,0
bhl_281920,947318,803110,0.9666,0.9667,1
bhl_281933,951577,806257,0.9799,0.9798,1
bhl_285144,190727,159713,0.9785,0.9779,1
bhl_286006,233237,198931,0.8854,0.8861,1
bhl_286269,2013707,1741586,0.9179,0.913,1
bhl_287484,246927,212134,0.7525,0.8426,1
bhl_287909,233736,197317,0.9792,0.9789,1
bhl_287910,208488,175698,0.9706,0.9704,1
bhl_290909,229664,215083,0.7693,0.8677,1
bhl_290923,418038,402283,0.8245,0.9219,1
bhl_29649,276343,233855,0.9313,0.9414,1
bhl_296524,1457471,1419115,0.8285,0.8309,1
bhl_29969,553107,466674,0.9627,0.9714,1
bhl_299742,23376,20252,0.7775,0.7904,1
bhl_301273,426456,409675,0.8852,0.8891,1
bhl_303798,370849,318138,0.8634,0.8665,1
bhl_304442,38517,34206,0.9196,0.9275,1
bhl_310425,205596,198123,0.8165,0.9032,1
bhl_311907,2753302,2668293,0.8409,0.9534,1
bhl_314210,575287,559158,0.9611,0.9668,1
bhl_314398,149859,143734,0.8617,0.9381,1
bhl_315258,32323,31568,0.9681,0.982,1
bhl_315272,66448,64809,0.9423,0.9498,1
bhl_315643,24917,24367,0.9476,0.9477,1
bhl_315728,822124,800837,0.9526,0.9601,1
bhl_315964,17643,17174,0.9656,0.9746,1
bhl_316608,728660,713950,0.8539,0.9409,1
bhl_317171,190245,184115,0.9476,0.9571,1
bhl_317220,33674,32427,0.9383,0.9485,1
bhl_317296,39605,38535,0.9435,0.9538,1
bhl_317608,240368,233054,0.9506,0.9563,1
bhl_317617,758945,737592,0.9501,0.9606,1
bhl_317620,676588,658040,0.9505,0.9566,1
bhl_31786,675578,577783,0.8698,0.87,1
bhl_317866,324078,314701,0.8581,0.8591,1
bhl_317874,474373,464389,0.8349,0.8357,1
bhl_317923,546629,531810,0.9479,0.9532,1
bhl_319200,321572,296109,0.5298,0.5428,0
bhl_319520,29597,28652,0.8663,0.8686,1
bhl_319801,268091,248426,0.6475,0.656,1
bhl_320406,632310,622324,0.9368,0.939,1
bhl_321348,61409,60530,0.9523,0.9534,1
bhl_321356,9569,8668,0.8146,0.8208,1
bhl_321368,5129,4770,0.8936,0.8995,1
bhl_321369,182375,175311,0.7725,0.8598,1
bhl_321372,6952,6500,0.8404,0.8456,1
bhl_321373,7469,7016,0.8856,0.891,1
bhl_321374,83949,80081,0.7693,0.8674,1
bhl_322047,619179,568364,0.552,0.565,0
bhl_322049,96410,89505,0.5931,0.6011,1
bhl_325178,549600,529911,0.8191,0.9379,1
bhl_325377,760429,738679,0.9506,0.9611,1
bhl_325664,796219,773478,0.9491,0.9596,1
bhl_326038,3486544,3417948,0.9725,0.974,1
bhl_326179,48897,47901,0.9593,0.9661,1
bhl_329337,220937,213022,0.8751,0.8838,1
bhl_330468,1202724,1178385,0.9655,0.9671,1
bhl_334788,62084,58119,0.87,0.8734,1
bhl_334977,270879,263475,0.9157,0.9211,1
bhl_335199,333976,323044,0.9628,0.9742,1
bhl_335629,1089798,1058957,0.9642,0.9721,1
bhl_336370,903391,878716,0.9637,0.9737,1
bhl_336452,1414566,1385184,0.8788,0.8804,1
bhl_336635,353302,345859,0.932,0.9341,1
bhl_336648,421325,410788,0.9082,0.9083,1
bhl_336653,314916,308238,0.9525,0.9559,1
bhl_336715,8696,7456,0.6888,0.6959,1
bhl_338619,54678,52572,0.826,0.8259,1
bhl_338651,85436,83029,0.8183,0.8224,1
bhl_338669,241389,236078,0.8824,0.8829,1
bhl_338670,267264,261291,0.9571,0.961,1
bhl_338760,475713,465959,0.8731,0.8712,1
bhl_339114,65687,63541,0.9296,0.9356,1
bhl_339216,1245108,1212069,0.7946,0.7953,1
bhl_340072,56345,50818,0.609,0.613,1
bhl_341870,227541,219332,0.9346,0.9446,1
bhl_342103,55337,53543,0.8569,0.8589,1
bhl_342271,672128,656355,0.9572,0.9592,1
bhl_342280,33801,32878,0.9731,0.9869,1
bhl_347276,1052427,1028931,0.9602,0.969,1
bhl_347280,1050789,1027546,0.9602,0.969,1
bhl_347408,1062262,1038348,0.9556,0.9642,1
bhl_347896,999830,972823,0.9435,0.9522,1
bhl_348055,534306,518116,0.8133,0.8175,1
bhl_348380,78603,77055,0.9412,0.944,1
bhl_348387,74192,72510,0.9406,0.9451,1
bhl_348389,42150,41313,0.9679,0.9714,1
bhl_349734,22084,19447,0.663,0.6745,1
bhl_349919,11016,10281,0.6634,0.6776,1
bhl_350898,246956,239212,0.9211,0.9248,1
bhl_351311,227945,220504,0.7882,0.7903,1
bhl_351317,229567,222254,0.7871,0.789,1
bhl_351740,205592,197909,0.8264,0.919,1
bhl_352538,402262,391130,0.9521,0.9566,1
bhl_35330,152668,129650,0.9044,0.906,1
bhl_37399,3097798,2566789,0.8827,0.8872,1
bhl_37411,180361,150631,0.9548,0.9583,1
bhl_37444,13121,10650,0.5481,0.5495,0
bhl_37455,3546433,2957041,0.8577,0.8629,1
bhl_40112,239048,231768,0.94,0.9415,1
bhl_41186,376597,366074,0.8956,0.8983,1
bhl_41452,435084,422723,0.9535,0.9611,1
bhl_41455,622700,602539,0.8291,0.9443,1
bhl_41514,527570,508359,0.8211,0.8242,1
bhl_41543,64998,63302,0.8355,0.838,1
bhl_41545,85577,83383,0.8709,0.8733,1
bhl_41546,110807,108021,0.8958,0.8997,1
bhl_41781,583426,564195,0.8108,0.9316,1
bhl_41793,268806,260362,0.9442,0.9499,1
bhl_41818,392997,385413,0.9109,0.9133,1
bhl_41855,362642,355732,0.9246,0.9258,1
bhl_41866,380166,372854,0.9452,0.9466,1
bhl_41889,1036449,1011889,0.882,0.8856,1
bhl_41893,1966541,1919529,0.9457,0.9559,1
bhl_42007,416246,405067,0.9439,0.9517,1
bhl_43722,364823,348382,0.8572,0.8582,1
bhl_44314,1060285,1038153,0.8308,0.8339,1
bhl_44316,180805,174631,0.8579,0.8635,1
bhl_44332,396580,388411,0.9273,0.9308,1
bhl_44334,762461,744048,0.9561,0.9669,1
bhl_44337,156604,152499,0.9635,0.9719,1
bhl_44504,485038,475250,0.9138,0.9175,1
bhl_44510,712703,615629,0.8639,0.8656,1
bhl_44511,596633,582926,0.8575,0.8592,1
bhl_44512,969434,949455,0.8937,0.8952,1
bhl_44516,645340,630758,0.8656,0.8715,1
bhl_44528,1076610,1045182,0.9223,0.9313,1
bhl_44558,81099,78855,0.9456,0.9496,1
bhl_44632,243150,235105,0.8815,0.884,1
bhl_44982,23327,20607,0.7013,0.7089,1
bhl_44984,697119,678117,0.8129,0.8149,1
bhl_44990,1072449,1049539,0.8702,0.8713,1
bhl_45008,833415,808567,0.9244,0.9345,1
bhl_45908,1722557,1673238,0.8882,0.8935,1
bhl_46153,649927,633306,0.9529,0.9608,1
bhl_46159,1507112,1472899,0.9392,0.9462,1
bhl_47294,74659,71206,0.8667,0.8724,1
bhl_47306,88844,84936,0.8536,0.8598,1
bhl_47315,420189,412202,0.8451,0.8462,1
bhl_47622,458626,444959,0.9116,0.9115,1
bhl_47630,1006577,983394,0.9574,0.9635,1
bhl_47631,133381,124186,0.811,0.8158,1
bhl_47833,841106,821035,0.9491,0.9542,1
bhl_47856,56537,55023,0.8975,0.9019,1
bhl_47857,375907,357786,0.9345,0.9417,1
bhl_47940,170221,164751,0.8677,0.8735,1
bhl_47943,111837,108115,0.9628,0.9683,1
bhl_47949,334781,326183,0.9502,0.9517,1
bhl_47950,580869,567300,0.8353,0.8383,1
bhl_47968,107642,104654,0.8819,0.8896,1
bhl_47971,90406,87683,0.9482,0.953,1
bhl_48006,638620,615645,0.7024,0.7469,1
bhl_48018,47511,45957,0.8683,0.8703,1
bhl_48182,1507873,1480491,0.9485,0.9496,1
bhl_48186,1001670,977524,0.9337,0.9433,1
bhl_48216,629054,612784,0.9605,0.964,1
bhl_48225,1689940,1658558,0.9495,0.954,1
bhl_48246,233064,227603,0.8469,0.8498,1
bhl_48260,496882,482916,0.9311,0.9347,1
bhl_48263,147433,144040,0.8443,0.8474,1
bhl_48267,427918,417380,0.9299,0.9353,1
bhl_48268,1020125,998005,0.8871,0.8885,1
bhl_48286,973191,952469,0.9432,0.9471,1
bhl_48296,425006,414858,0.9585,0.9591,1
bhl_48300,536866,520536,0.9036,0.9078,1
bhl_48304,344322,334712,0.9357,0.937,1
bhl_48305,288807,280336,0.9463,0.9538,1
bhl_48306,339293,330402,0.9593,0.964,1
bhl_48320,1627439,1590811,0.8923,0.896,1
bhl_48323,406533,394926,0.9439,0.9487,1
bhl_48327,365265,354224,0.9405,0.9455,1
bhl_48337,126516,121396,0.9446,0.9477,1
bhl_48342,2356446,2307158,0.8516,0.8518,1
bhl_48344,526333,513007,0.9175,0.9206,1
bhl_48351,321608,312281,0.9192,0.9217,1
bhl_48403,166854,162062,0.9391,0.9451,1
bhl_48536,1365894,1338172,0.9502,0.9541,1
bhl_48557,596689,581623,0.8013,0.8041,1
bhl_48569,248624,242581,0.9223,0.9267,1
bhl_48571,560082,543429,0.9517,0.9622,1
bhl_48575,9033,8509,0.9148,0.9177,1
bhl_48579,786708,763108,0.8681,0.8739,1
bhl_48608,120770,118212,0.9064,0.9127,1
bhl_48703,91974,89687,0.9674,0.9676,1
bhl_48714,372599,356332,0.8496,0.8506,1
bhl_48728,214691,210806,0.9559,0.9626,1
bhl_48788,663059,644788,0.9494,0.9547,1
bhl_48790,395906,387625,0.9199,0.9226,1
bhl_48815,333444,324114,0.8621,0.8663,1
bhl_48831,96841,94798,0.9346,0.9371,1
bhl_48890,318312,306273,0.9618,0.9716,1
bhl_48894,938167,912645,0.9326,0.9407,1
bhl_48896,862429,836176,0.947,0.9554,1
bhl_48898,63976,61674,0.9271,0.9417,1
bhl_48914,414620,404652,0.8367,0.8394,1
bhl_48927,311171,295742,0.9423,0.95,1
bhl_48929,97185,94902,0.9298,0.9337,1
bhl_48932,26727,25686,0.8757,0.8833,1
bhl_48935,89517,87583,0.9294,0.933,1
bhl_48937,561564,547894,0.9583,0.9606,1
bhl_48942,2006235,1949461,0.8661,0.8694,1
bhl_48943,291423,281663,0.9576,0.9686,1
bhl_48945,875822,853562,0.9372,0.9415,1
bhl_48947,860035,835745,0.9213,0.9287,1
bhl_49045,523390,511738,0.9596,0.9616,1
bhl_49048,355858,345331,0.8928,0.8992,1
bhl_49053,439604,427127,0.8893,0.8951,1
bhl_49054,481670,468454,0.8763,0.8821,1
bhl_49056,60032,58125,0.9528,0.9621,1
bhl_49057,425323,415145,0.9479,0.9533,1
bhl_49068,35662,34573,0.9355,0.9386,1
bhl_49070,93316,90641,0.8953,0.9004,1
bhl_49081,157347,153747,0.9243,0.9272,1
bhl_49265,697971,679241,0.9529,0.9565,1
bhl_49267,661950,642862,0.8712,0.8741,1
bhl_49345,38044,36980,0.948,0.9602,1
bhl_49350,283949,275974,0.9522,0.9643,1
bhl_49351,800982,785792,0.6604,0.6618,1
bhl_49375,198332,193729,0.9341,0.9356,1
bhl_49447,334839,327313,0.8888,0.8899,1
bhl_49448,102983,100386,0.9296,0.9329,1
bhl_49455,70225,68151,0.9085,0.9113,1
bhl_49464,32204,30273,0.8841,0.891,1
bhl_49465,595970,580546,0.9248,0.9247,1
bhl_49470,116168,113065,0.9173,0.9225,1
bhl_49480,471343,459777,0.8672,0.8685,1
bhl_49481,390529,376666,0.631,0.6314,1
bhl_49486,163405,160105,0.8168,0.8188,1
bhl_49552,704097,687733,0.8715,0.8721,1
bhl_49567,1680346,1642623,0.928,0.9303,1
bhl_49571,591826,578363,0.883,0.8837,1
bhl_49572,657100,641127,0.9477,0.9482,1
bhl_49573,710256,693308,0.8475,0.8481,1
bhl_49577,657111,632602,0.9402,0.9454,1
bhl_49579,587731,574459,0.8813,0.8823,1
bhl_49591,347849,337147,0.9616,0.9702,1
bhl_49596,3173533,3106562,0.9541,0.9587,1
bhl_49615,3561530,3489168,0.9292,0.9324,1
bhl_49648,195108,189740,0.9249,0.9279,1
bhl_49675,136655,133325,0.8665,0.8702,1
bhl_49676,417363,406908,0.8599,0.8617,1
bhl_49679,545970,535132,0.931,0.9334,1
bhl_49681,1149276,1122364,0.9538,0.9581,1
bhl_49758,581870,566699,0.9573,0.9678,1
bhl_49903,247538,241905,0.9208,0.9247,1
bhl_50068,290101,284878,0.9412,0.9424,1
bhl_50136,544644,528514,0.9434,0.9522,1
bhl_50147,811470,791921,0.9593,0.9645,1
bhl_50297,506158,495138,0.8544,0.854,1
bhl_50318,216409,208528,0.9155,0.9247,1
bhl_50320,227911,219902,0.8844,0.8919,1
bhl_50322,431588,418345,0.9189,0.9236,1
bhl_50332,112507,108823,0.9539,0.9632,1
bhl_50335,1273881,1245490,0.9061,0.9087,1
bhl_50337,1583117,1544336,0.8779,0.8806,1
bhl_50339,335632,321458,0.8782,0.8892,1
bhl_50341,334458,322949,0.8669,0.875,1
bhl_50345,348865,337791,0.9222,0.9269,1
bhl_50346,1373525,1343500,0.9047,0.9077,1
bhl_50348,1213669,1185582,0.9012,0.9041,1
bhl_50351,242636,230676,0.7588,0.7663,1
bhl_50366,208066,201106,0.8995,0.9064,1
bhl_50410,624836,610238,0.9639,0.9663,1
bhl_50428,260675,253289,0.9684,0.9706,1
bhl_50449,848053,828333,0.9236,0.9261,1
bhl_50454,132673,127637,0.9438,0.9445,1
bhl_50460,1277281,1237766,0.8043,0.8036,1
bhl_50464,1368475,1339915,0.9565,0.9566,1
bhl_50476,581464,564057,0.9308,0.9362,1
bhl_50512,533391,519437,0.9512,0.955,1
bhl_50513,1180978,1154148,0.9488,0.9507,1
bhl_50517,601584,586251,0.9701,0.9727,1
bhl_50539,446896,431646,0.9546,0.9612,1
bhl_50561,617079,523237,0.925,0.9252,1
bhl_50572,484078,471720,0.9294,0.9314,1
bhl_50608,740282,719174,0.9244,0.935,1
bhl_50662,152789,146688,0.8407,0.8483,1
bhl_50669,88567,85649,0.8865,0.889,1
bhl_50682,144677,139854,0.8936,0.8975,1
bhl_50686,733188,717433,0.9183,0.9224,1
bhl_51043,78563,76655,0.9268,0.9299,1
bhl_51044,98437,96091,0.9401,0.9439,1
bhl_51046,66954,65406,0.9332,0.9372,1
bhl_51070,189143,185839,0.9166,0.9199,1
bhl_51204,51227,50332,0.8999,0.902,1
bhl_51205,61275,60199,0.9241,0.926,1
bhl_51206,683238,664610,0.9458,0.9489,1
bhl_51224,8597,8237,0.6875,0.6894,1
bhl_51244,477839,464084,0.9526,0.962,1
bhl_51307,1743534,1703378,0.6162,0.6156,1
bhl_51312,675761,654722,0.9241,0.9329,1
bhl_51365,348226,336182,0.9361,0.9457,1
bhl_51366,339704,330245,0.9607,0.9642,1
bhl_51380,363041,356463,0.9473,0.9498,1
bhl_51382,292261,282336,0.9562,0.9672,1
bhl_51384,1510924,1472329,0.9129,0.9158,1
bhl_51400,828836,807324,0.947,0.9543,1
bhl_51460,73730,70674,0.8366,0.8414,1
bhl_51554,868928,842027,0.8886,0.8937,1
bhl_51556,408594,397603,0.9536,0.9619,1
bhl_51560,522601,511194,0.9604,0.9624,1
bhl_51564,995431,968023,0.9243,0.9323,1
bhl_51570,830025,806941,0.9084,0.9168,1
bhl_51574,1077684,1049015,0.9008,0.9052,1
bhl_51615,191758,186008,0.8894,0.8899,1
bhl_51636,568138,554032,0.9777,0.9808,1
bhl_51637,788201,768727,0.94,0.9477,1
bhl_51723,75159,73257,0.9187,0.9235,1
bhl_51725,68477,66728,0.8666,0.8716,1
bhl_51726,683915,665372,0.9528,0.9538,1
bhl_51752,410829,400447,0.9086,0.9122,1
bhl_51797,192127,187902,0.9004,0.9014,1
bhl_51802,1302383,1272981,0.9321,0.9333,1
bhl_51808,220750,215960,0.8563,0.8593,1
bhl_51817,121384,118286,0.9466,0.9556,1
bhl_51873,151418,147611,0.9551,0.9581,1
bhl_51874,106379,103732,0.9127,0.9173,1
bhl_51877,239586,234175,0.9492,0.952,1
bhl_51921,832706,813964,0.9165,0.9206,1
bhl_51953,23529,22567,0.666,0.6662,1
bhl_51974,836881,819273,0.91,0.9116,1
bhl_52067,2485345,2442857,0.9701,0.971,1
bhl_52100,732036,712532,0.964,0.9688,1
bhl_52114,839817,815000,0.9364,0.9429,1
bhl_52144,11040,10755,0.9369,0.9423,1
bhl_52149,1081118,1052865,0.9114,0.916,1
bhl_52226,531163,517120,0.9483,0.9547,1
bhl_52243,515016,505470,0.9265,0.9275,1
bhl_52245,1167756,1141653,0.9409,0.9453,1
bhl_52287,57960,56350,0.9173,0.9175,1
bhl_52288,1099623,1076916,0.943,0.9431,1
bhl_52332,420740,408964,0.9006,0.9048,1
bhl_52623,735757,716763,0.9232,0.9285,1
bhl_52675,54881,49582,0.5224,0.5384,0
bhl_52728,941487,919889,0.9062,0.9104,1
bhl_52916,305456,297208,0.9208,0.928,1
bhl_53027,294018,286022,0.9336,0.9399,1
bhl_53034,2581603,2541169,0.9696,0.9701,1
bhl_53044,539194,525662,0.9548,0.9606,1
bhl_53160,587418,570829,0.954,0.9612,1
bhl_53180,96921,94330,0.9289,0.9289,1
bhl_53216,817172,799498,0.9537,0.9546,1
bhl_53222,938429,918966,0.9549,0.9582,1
bhl_53268,1136440,1115721,0.9552,0.9571,1
bhl_53326,929807,904681,0.9274,0.9357,1
bhl_53554,970955,944484,0.9278,0.9332,1
bhl_53744,892309,874020,0.9542,0.9584,1
bhl_53839,734802,719047,0.9456,0.9473,1
bhl_53862,145401,140366,0.7449,0.7458,1
bhl_53957,1117339,1103949,0.9451,0.945,1
bhl_54015,352711,344738,0.9234,0.9298,1
bhl_54051,332845,321649,0.8456,0.8513,1
bhl_54054,159799,156133,0.9634,0.9663,1
bhl_54055,91597,88318,0.9428,0.9476,1
bhl_54061,587912,568943,0.8426,0.8506,1
bhl_54079,220095,211941,0.9216,0.9279,1
bhl_54167,448135,435051,0.9021,0.9065,1
bhl_54179,144101,137979,0.9353,0.9483,1
bhl_54184,416473,406239,0.8982,0.9021,1
bhl_54210,433483,420797,0.8795,0.8859,1
bhl_54211,1158192,1116843,0.8324,0.8373,1
bhl_54233,792337,771618,0.8853,0.8891,1
bhl_54278,277756,270145,0.9562,0.964,1
bhl_54279,323160,311878,0.8177,0.8226,1
bhl_54308,353954,346410,0.9444,0.9499,1
bhl_54472,1302404,1266862,0.9381,0.9495,1
bhl_54480,1065085,1041235,0.9415,0.9478,1
bhl_54488,46917,45670,0.838,0.8382,1
bhl_54491,65380,63754,0.9021,0.9107,1
bhl_54495,154373,149644,0.6484,0.6543,1
bhl_54498,46948,45818,0.9076,0.9104,1
bhl_54500,51804,49708,0.5801,0.5854,0
bhl_54507,728390,708473,0.9443,0.9451,1
bhl_54510,1151448,1127898,0.9408,0.9462,1
bhl_54559,246446,236673,0.8493,0.8567,1
bhl_54560,257592,247167,0.8468,0.8537,1
bhl_54561,216989,208438,0.855,0.8652,1
bhl_54563,220932,213005,0.874,0.8821,1
bhl_54565,240418,231869,0.8875,0.8955,1
bhl_54567,219751,211734,0.8769,0.8858,1
bhl_54569,219983,211923,0.8761,0.8851,1
bhl_54603,1855236,1787406,0.8842,0.8915,1
bhl_54618,221761,216699,0.9452,0.9519,1
bhl_54699,693552,676858,0.9113,0.918,1
bhl_54797,210936,206683,0.9517,0.9528,1
bhl_54876,652958,639307,0.9135,0.9164,1
bhl_54885,78650,76299,0.8905,0.8916,1
bhl_54891,619832,604907,0.908,0.916,1
bhl_55014,1743088,1707638,0.9631,0.9689,1
bhl_55090,1246589,1211443,0.9306,0.9367,1
bhl_55115,566424,554999,0.9085,0.9101,1
bhl_55137,984922,956183,0.9341,0.9408,1
bhl_55151,629825,613023,0.919,0.922,1
bhl_55171,453668,440423,0.8846,0.8903,1
bhl_55183,953275,927650,0.9239,0.9316,1
bhl_55185,776422,755344,0.916,0.923,1
bhl_55187,870710,847229,0.923,0.9305,1
bhl_55212,437201,425040,0.8894,0.895,1
bhl_55213,1004477,977019,0.902,0.9083,1
bhl_56398,653851,554213,0.979,0.9821,1
bhl_57518,501585,428408,0.9218,0.9217,1
bhl_59436,359534,303934,0.9749,0.9793,1
bhl_59440,272249,224943,0.8922,0.8946,1
bhl_59671,1249178,1063378,0.9451,0.9532,1
bhl_5968,107880,94016,0.7169,0.742,1
bhl_5969,76773,65600,0.7123,0.7263,1
bhl_59975,1513267,1293182,0.8503,0.8576,1
bhl_62579,497059,423446,0.9154,0.9189,1
bhl_63404,961545,816989,0.9524,0.9619,1
bhl_66765,842009,708071,0.9687,0.9786,1
bhl_66910,73761,61421,0.9204,0.9212,1
bhl_66912,166065,140318,0.8716,0.8731,1
bhl_66914,166555,140330,0.9373,0.9375,1
bhl_67040,213987,182014,0.9386,0.9431,1
bhl_67042,10142,8486,0.8744,0.8739,1
bhl_67043,504700,432013,0.9185,0.9183,1
bhl_67044,165787,140781,0.9537,0.9535,1
bhl_67045,105286,88129,0.9512,0.9534,1
bhl_67047,150415,127122,0.9406,0.9423,1
bhl_67088,126080,105350,0.9511,0.9502,1
bhl_69474,1161773,976117,0.9342,0.9355,1
bhl_69475,1604499,1348497,0.9161,0.917,1
bhl_69566,145005,122149,0.9534,0.9522,1
bhl_69567,282170,240416,0.9593,0.9632,1
bhl_70543,628071,530483,0.9546,0.9574,1
bhl_73532,491818,418373,0.9518,0.9595,1
bhl_75241,664995,568401,0.9291,0.9292,1
bhl_78693,524182,508395,0.8417,0.8464,1
bhl_78694,830904,797151,0.7872,0.8986,1
bhl_78697,307855,301920,0.912,0.9149,1
bhl_78699,256340,243968,0.8249,0.8298,1
bhl_79596,392644,382858,0.8239,0.8263,1
bhl_80997,632882,614869,0.8959,0.8991,1
bhl_81104,503019,490589,0.8341,0.837,1
bhl_81153,127998,124109,0.9296,0.931,1
bhl_81154,136568,132521,0.9244,0.9264,1
bhl_81158,448720,438857,0.8387,0.8393,1
bhl_81160,1224854,1197905,0.9306,0.9364,1
bhl_81221,676438,658276,0.9274,0.932,1
bhl_81228,52764,50745,0.8596,0.8616,1
bhl_81287,172645,164443,0.8528,0.8583,1
bhl_81339,528152,515820,0.9469,0.952,1
bhl_81378,784445,766737,0.9704,0.9725,1
bhl_81585,219952,184926,0.8878,0.8886,1
bhl_81831,807321,687703,0.9756,0.9845,1
bhl_84533,1597893,1561957,0.9316,0.9372,1
bhl_84556,7694,7387,0.9163,0.9209,1
bhl_84557,22518,21891,0.9177,0.9233,1
bhl_84580,329565,320615,0.8764,0.8818,1
bhl_84584,166556,159623,0.8908,0.8962,1
bhl_84603,129214,120859,0.8565,0.8684,1
bhl_85058,125170,120101,0.8907,0.892,1
bhl_85285,354634,341599,0.9307,0.9385,1
bhl_85311,7190,6820,0.9288,0.9334,1
bhl_85312,1112447,1098993,0.9453,0.9452,1
bhl_86745,242635,238536,0.948,0.9514,1
bhl_86753,366725,353573,0.856,0.8607,1
bhl_86914,501071,489754,0.9213,0.9263,1
bhl_87607,751542,722431,0.7106,0.7177,1
bhl_87634,612280,589626,0.7291,0.7385,1
bhl_87678,1545892,1504531,0.8892,0.8964,1
bhl_87727,449593,441040,0.9396,0.9417,1
bhl_87728,822156,805668,0.9307,0.9327,1
bhl_87806,1656443,1623841,0.8633,0.8665,1
bhl_87824,1861203,1818175,0.8403,0.8436,1
bhl_87977,1797684,1760343,0.9443,0.9504,1
bhl_88015,1255901,1231500,0.9573,0.9616,1
bhl_88018,1139309,1116447,0.9552,0.9609,1
bhl_88048,40442,39489,0.894,0.8993,1
bhl_88092,447139,435485,0.9647,0.9735,1
bhl_88105,717495,698490,0.9227,0.9286,1
bhl_88252,637260,617995,0.936,0.9488,1
bhl_88533,152109,147547,0.7088,0.7132,1
bhl_88585,1767383,1727988,0.9436,0.9469,1
bhl_88586,823188,799222,0.8193,0.9289,1
bhl_88595,796887,775945,0.9512,0.9611,1
bhl_88605,433799,425572,0.9536,0.9587,1
bhl_88621,869611,852635,0.9427,0.9487,1
bhl_88936,3484835,3425617,0.9505,0.9539,1
bhl_89080,130285,122897,0.7315,0.7348,1
bhl_89289,1588857,1362132,0.9144,0.9222,1
bhl_89312,1309466,1280002,0.9224,0.9289,1
bhl_89317,1327991,1297732,0.9417,0.9484,1
bhl_89321,127753,119674,0.7205,0.7236,1
bhl_89417,169303,161669,0.6307,0.6335,1
bhl_89418,121105,106868,0.565,0.5692,0
bhl_89420,1512815,1469360,0.9002,0.908,1
bhl_89654,1622606,1583990,0.9074,0.91,1
bhl_89674,764985,743208,0.9498,0.9607,1
bhl_89676,900500,873731,0.9586,0.9733,1
bhl_89678,1134165,1102692,0.948,0.9616,1
bhl_89770,2979088,2902222,0.9557,0.9613,1
bhl_90005,2524224,2455513,0.9447,0.9503,1
bhl_90958,120048,116551,0.7746,0.7775,1
bhl_91146,1184942,1163604,0.9615,0.9635,1
bhl_91158,1117893,1099042,0.9644,0.9665,1
bhl_91166,1339165,1253519,0.9595,0.9619,1
bhl_91180,171644,161160,0.7822,0.7879,1
bhl_91182,183279,174163,0.7498,0.7551,1
bhl_91185,194157,184160,0.5973,0.5989,0
bhl_91275,2184182,2137824,0.9692,0.9735,1
bhl_91278,1400048,1370962,0.8868,0.8883,1
bhl_91360,1216628,1195369,0.9622,0.9645,1
bhl_91385,2187133,2135171,0.9665,0.9707,1
bhl_91457,2179339,2136319,0.9648,0.9688,1
bhl_91498,1146088,1117173,0.9096,0.9162,1
bhl_91500,1401700,1364573,0.9218,0.9312,1
bhl_91501,1114840,1085038,0.9295,0.938,1
bhl_91515,1109282,1066000,0.8968,0.905,1
bhl_91614,143418,139781,0.9372,0.9442,1
bhl_91783,824686,799523,0.9452,0.953,1
bhl_91784,911979,885195,0.9614,0.9688,1
bhl_91785,217079,207484,0.8642,0.8708,1
bhl_92073,748821,728547,0.9499,0.9557,1
bhl_92074,360882,347655,0.9414,0.9516,1
bhl_92075,316804,307174,0.916,0.9243,1
bhl_92098,1249842,1228776,0.9644,0.9674,1
bhl_92521,377182,362559,0.9178,0.9272,1
bhl_92527,38243,36813,0.9353,0.9434,1
bhl_92533,660306,645641,0.8472,0.8494,1
bhl_92610,124880,119027,0.874,0.879,1
bhl_92611,154568,148306,0.847,0.8524,1
bhl_92613,139802,133397,0.8515,0.8563,1
bhl_92614,252036,243169,0.8182,0.8244,1
bhl_92675,257634,247425,0.7646,0.7704,1
bhl_92676,263978,253761,0.7584,0.7625,1
bhl_92719,1274640,1232043,0.8965,0.9015,1
bhl_93056,267220,259511,0.9512,0.9548,1
bhl_93071,1272714,1231578,0.8934,0.8983,1
bhl_93091,357968,348850,0.9672,0.9712,1
bhl_93094,753299,732997,0.9592,0.9659,1
bhl_93377,766889,746861,0.8727,0.8794,1
bhl_93393,417725,407574,0.8905,0.8909,1
bhl_93479,943860,921041,0.809,0.9146,1
bhl_93534,9418,8084,0.7161,0.7251,1
bhl_93716,996775,850691,0.9491,0.949,1
bhl_93722,30681,29686,0.9405,0.9569,1
bhl_93747,1362653,1334461,0.9523,0.9562,1
bhl_93808,1014739,866714,0.9339,0.9337,1
bhl_93929,982920,960738,0.8032,0.8045,1
bhl_94131,2488316,2445271,0.9704,0.9712,1
bhl_94444,167565,161352,0.9355,0.9376,1
bhl_94830,631588,616045,0.8775,0.8827,1
bhl_94894,641205,622972,0.9014,0.9083,1
bhl_94897,240523,232927,0.9511,0.9617,1
bhl_94898,292448,283162,0.9314,0.9409,1
bhl_95167,913459,887341,0.9278,0.935,1
bhl_95168,499767,491723,0.9045,0.9073,1
bhl_95205,298496,287716,0.9459,0.9555,1
bhl_95249,1103317,1072059,0.9371,0.9453,1
bhl_95470,1122387,1088248,0.92,0.9255,1
bhl_95471,1123017,1089853,0.9166,0.922,1
bhl_95528,832903,812264,0.9324,0.9364,1
bhl_95639,325604,316545,0.8816,0.8856,1
bhl_96668,362121,353180,0.9724,0.9809,1
bhl_97115,912043,892796,0.8654,0.8679,1
bhl_97134,520359,508582,0.8637,0.8686,1
bhl_97135,960199,937860,0.8473,0.8508,1
bhl_97231,1044428,1020356,0.8141,0.8171,1
bhl_97232,612515,599184,0.8437,0.8457,1
bhl_97241,871472,853734,0.8468,0.8483,1
bhl_97435,719242,704457,0.8717,0.8754,1
bhl_97489,193490,185170,0.699,0.7618,1
bhl_97525,210464,202229,0.5987,0.5999,0
bhl_97605,704568,689995,0.9511,0.9553,1
bhl_97662,353484,345404,0.9283,0.9298,1
bhl_98209,1148950,1124740,0.8918,0.8923,1
bhl_98541,703030,683760,0.9323,0.9353,1
bhl_98731,741184,723920,0.8843,0.8849,1
bhl_99104,304774,296951,0.9652,0.9722,1
bhl_99105,430224,416767,0.9695,0.9836,1
bhl_99170,520229,506683,0.9503,0.9566,1
bhl_99234,725272,706089,0.9636,0.9683,1
bhl_99235,776431,757937,0.9776,0.9848,1
bhl_99821,57249,53588,0.8882,0.889,1
bhl_99824,113043,106547,0.887,0.8878,1
bhl_99912,936677,915883,0.9066,0.9111,1
bhl_99914,1477428,1445557,0.9138,0.9183,1
ia_10030549bsb,81966,78932,0.8145,0.9277,1
ia_10074770bsb,367732,352119,0.8136,0.9274,1
ia_10075625bsb,261229,251907,0.8223,0.9248,1
ia_10076636bsb,533335,515636,0.8062,0.9115,1
ia_10225749bsb,878848,856380,0.7373,0.8218,1
ia_10226237bsb,818104,799788,0.7586,0.8586,1
ia_10229808bsb,109810,106683,0.7954,0.9066,1
ia_10231717bsb,475696,460596,0.8078,0.8981,1
ia_10231718bsb,429705,415316,0.8007,0.8876,1
ia_10281136bsb,611239,586763,0.796,0.8784,1
ia_10307269bsb,102543,98005,0.7839,0.8659,1
ia_10366820bsb,1081436,1051287,0.7793,0.8708,1
ia_10368383bsb,139199,133358,0.8226,0.9381,1
ia_10807411bsb,6763941,6585089,0.8103,0.9103,1
ia_10867534bsb,2357207,2300822,0.7585,0.839,1
ia_10867536bsb,469695,454882,0.8143,0.9143,1
ia_10928757bsb,404043,390856,0.7754,0.8645,1
ia_10928758bsb,409581,395569,0.7914,0.875,1
ia_10928759bsb,489645,471761,0.7792,0.8784,1
ia_11019210bsb,515354,500528,0.8203,0.9205,1
ia_11210850bsb,597131,584150,0.8517,0.9304,1
ia_11348830bsb,595558,573536,0.8189,0.8904,1
ia_11348831bsb,618871,595365,0.8163,0.8878,1
ia_11348832bsb,103168,99184,0.8152,0.8941,1
ia_11348833bsb,52488,50570,0.8272,0.9066,1
ia_11348834bsb,514038,496211,0.828,0.9112,1
ia_11348835bsb,523286,505295,0.8114,0.8945,1
ia_11348836bsb,423209,406791,0.8197,0.8951,1
ia_BIUSante_43148x01,243853,236656,0.7757,0.8637,1
ia_NHM6732,1053066,1020261,0.8009,0.9053,1
ia_adescriptionthr00boregoog,105779,102173,0.7929,0.8291,1
ia_adissertationon00primgoog,242768,232581,0.8046,0.8682,1
ia_anaturalhistory00albigoog,126844,121984,0.8436,0.8978,1
ia_anaturalhistory00costgoog,846452,828597,0.7472,0.8341,1
ia_anaturalhistory01edwagoog,317744,311961,0.7246,0.7586,1
ia_anessayonapplic00aikigoog,122196,117617,0.643,0.6965,1
ia_anessayonapplic00aitkgoog,129796,125000,0.7643,0.8554,1
ia_anessaytowardsa00ruttgoog,700970,579899,0.7748,0.8452,1
ia_australiaitssce00socigoog,302514,293869,0.9112,0.9188,1
ia_barrsbuffonbuff00degoog,433101,419380,0.812,0.9019,1
ia_bim_eighteenth-century_1790_2,210197,202245,0.8793,0.9545,1
ia_bim_eighteenth-century_a-collection-of-birds-an_barlow-francis_1799,38595,31814,0.7603,0.7727,1
ia_bim_eighteenth-century_a-collection-of-engravin_denman-thomas_1787,83115,77971,0.7546,0.8022,1
ia_bim_eighteenth-century_a-compendium-of-authenti_1756,574160,550050,0.8531,0.93,1
ia_bim_eighteenth-century_a-compendium-of-authenti_goldsmith-oliver_1766_1,642772,612185,0.8463,0.9126,1
ia_bim_eighteenth-century_a-compendium-of-the-most_1757_2,366068,347392,0.8684,0.931,1
ia_bim_eighteenth-century_a-concise-natural-histor_romans-bernard_1775,734880,698742,0.8523,0.8977,1
ia_bim_eighteenth-century_a-curious-antique-collec_bickham-george_1796,71180,60363,0.7509,0.7559,1
ia_bim_eighteenth-century_a-description-of-three-h_boreman-thomas_1753,257609,246308,0.8969,0.9441,1
ia_bim_eighteenth-century_a-description-of-three-h_boreman-thomas_1786,292804,276528,0.8922,0.9383,1
ia_bim_eighteenth-century_a-discourse-on-the-emigr_edwards-george-of-mark_1780,104664,101386,0.8735,0.9556,1
ia_bim_eighteenth-century_a-discourse-on-the-emigr_edwards-george-of-mark_1795,109576,105278,0.8734,0.9529,1
ia_bim_eighteenth-century_a-general-history-of-qua_beilby-ralph_1790,635575,611352,0.8961,0.965,1
ia_bim_eighteenth-century_a-general-history-of-qua_beilby-ralph_1791,654202,628983,0.8902,0.9551,1
ia_bim_eighteenth-century_a-journey-from-gibraltar_carter-francis_1777_1,218279,206394,0.8412,0.8967,1
ia_bim_eighteenth-century_a-key-to-natural-history_1798,13432,12441,0.8847,0.9528,1
ia_bim_eighteenth-century_a-modern-system-of-natur_ward-samuel-vicar-of-c_1775_2,219010,207918,0.875,0.9223,1
ia_bim_eighteenth-century_a-natural-history-of-bir_edwards-george_1750_3,169154,164568,0.9241,0.9704,1
ia_bim_eighteenth-century_a-natural-history-of-bri_hayes-william-draughts_1775,109009,102787,0.8245,0.8727,1
ia_bim_eighteenth-century_a-natural-history-of-eng_albin-eleazar_1779,158861,149226,0.8957,0.951,1
ia_bim_eighteenth-century_a-natural-history-of-fis_jones-stephen-freemaso_1795,342665,327939,0.8808,0.9503,1
ia_bim_eighteenth-century_a-natural-history-of-fos_mendes-da-costa-emanuel_1757,806671,787275,0.826,0.8858,1
ia_bim_eighteenth-century_a-natural-history-of-sin_albin-eleazar_1754,190017,181158,0.8888,0.9441,1
ia_bim_eighteenth-century_a-naturalists-calendar-_white-gilbert-of-selbo_1795,140226,130688,0.8685,0.9317,1
ia_bim_eighteenth-century_a-new-accurate-system-of_brookes-richard-md_1763_4,706438,675086,0.8657,0.9047,1
ia_bim_eighteenth-century_a-new-accurate-system-of_brookes-richard-md_1772_5,701502,670486,0.8498,0.9013,1
ia_bim_eighteenth-century_a-new-and-accurate-syste_brookes-richard-md_1763_2,791190,751829,0.8653,0.8962,1
ia_bim_eighteenth-century_a-new-and-accurate-syste_brookes-richard-md_1771_2,760934,732637,0.9031,0.9491,1
ia_bim_eighteenth-century_a-new-and-accurate-syste_brookes-richard-md_1772_6,763289,735318,0.8689,0.9325,1
ia_bim_eighteenth-century_a-new-lottery-book-of-bi_1771,10680,9138,0.833,0.8654,1
ia_bim_eighteenth-century_a-new-moral-system-of-na_1789,178811,172271,0.8694,0.9362,1
ia_bim_eighteenth-century_a-philosophical-and-medi_adair-james-makittrick_1787,410209,392395,0.8588,0.9517,1
ia_bim_eighteenth-century_a-second-dissertation-on_haller-albrecht-von_1757,204629,195832,0.8902,0.9564,1
ia_bim_eighteenth-century_a-seventh-eighth-and-ni_anderson-james-md_1787,14373,14006,0.8517,0.9198,1
ia_bim_eighteenth-century_a-short-essay-on-the-pro_elford-william_1786,123821,117344,0.8749,0.9625,1
ia_bim_eighteenth-century_a-short-treatise-on-cani_physician_1795,59064,56170,0.8693,0.9308,1
ia_bim_eighteenth-century_a-sixth-letter-to-sir-jo_anderson-james-md_1787,10335,9780,0.8458,0.8959,1
ia_bim_eighteenth-century_a-system-of-anatomy-and-_1787_2_0,1020456,981135,0.8676,0.9364,1
ia_bim_eighteenth-century_a-system-of-anatomy-and-_1791_1,1036731,985491,0.8545,0.9296,1
ia_bim_eighteenth-century_a-tenth-letter-to-sir-jo_anderson-james-md_1787,17013,16641,0.8715,0.9362,1
ia_bim_eighteenth-century_a-tour-to-cheltenham-spa_moreau-simeon_1783,299872,285739,0.8472,0.8941,1
ia_bim_eighteenth-century_a-treatise-on-comparativ_monro-alexander_1783,239113,229464,0.8418,0.8966,1
ia_bim_eighteenth-century_a-voyage-to-north-americ_charlevoix-pierre-fran_1766_1,645667,620462,0.8949,0.9459,1
ia_bim_eighteenth-century_an-account-of-the-first-_roberts-william_1763,243020,234435,0.845,0.8943,1
ia_bim_eighteenth-century_an-account-of-the-orific_home-sir-everard_1798,28030,27219,0.974,0.9804,1
ia_bim_eighteenth-century_an-easy-way-of-breeding-_1788,57916,55033,0.9066,0.9568,1
ia_bim_eighteenth-century_an-eleventh-letter-to-si_anderson-james-md_1787,18020,17222,0.843,0.8969,1
ia_bim_eighteenth-century_an-essay-on-comparative-_monro-alexander_1775,177816,168437,0.8825,0.9484,1
ia_bim_eighteenth-century_an-essay-on-humanity-to-_young-thomas_1798,154671,146830,0.8806,0.9456,1
ia_bim_eighteenth-century_an-essay-on-the-applicat_aikin-john_1777,137619,129881,0.8281,0.8956,1
ia_bim_eighteenth-century_an-essay-on-the-manageme_mills-john-f-r-s_1766,241290,230631,0.8935,0.9565,1
ia_bim_eighteenth-century_an-essay-on-the-method-o_kentish-richard_1787,119771,112306,0.8262,0.9136,1
ia_bim_eighteenth-century_an-essay-on-the-vital-an_whytt-robert_1751,495225,475722,0.873,0.9589,1
ia_bim_eighteenth-century_an-essay-towards-a-natur_dodd-james-solas_1752,208479,197181,0.8363,0.8755,1
ia_bim_eighteenth-century_an-experimental-history-_lewis-william-md_1769_2,764242,730280,0.8062,0.8734,1
ia_bim_eighteenth-century_an-experimental-inquiry-_hewson-william-frs_1771,181264,171531,0.879,0.9449,1
ia_bim_eighteenth-century_an-exposition-of-english_harris-moses_1782,513163,485735,0.7343,0.7732,1
ia_bim_eighteenth-century_an-historical-narrative-_1786,90232,87588,0.8768,0.9407,1
ia_bim_eighteenth-century_an-inaugural-dissertatio_seybert-adam_1793,126049,121207,0.848,0.9062,1
ia_bim_eighteenth-century_an-inaugural-essay-on-th_stock-john-edmonds_1797,76031,73306,0.8735,0.9616,1
ia_bim_eighteenth-century_an-oration-delivered-feb_rush-benjamin_1774,118413,112393,0.8406,0.8936,1
ia_bim_eighteenth-century_archives-of-entomology-_fuessli-johann-caspar_1795,594167,574721,0.6625,0.6866,1
ia_bim_eighteenth-century_arctic-zoology-arctic_pennant-thomas_1784_1,1052391,1008984,0.8542,0.9078,1
ia_bim_eighteenth-century_arctic-zoology-arctic_pennant-thomas_1784_2,728976,698198,0.8466,0.8968,1
ia_bim_eighteenth-century_arithmetical-questions-_butler-william_1788,178203,171938,0.8612,0.9229,1
ia_bim_eighteenth-century_barrs-buffon-buffons-_buffon-georges-louis-le_1797_6,452434,436576,0.8954,0.9701,1
ia_bim_eighteenth-century_beauties-of-natural-hist_1777,610918,587916,0.8842,0.9607,1
ia_bim_eighteenth-century_british-zoology-f_1776_3,567048,543069,0.8578,0.9114,1
ia_bim_eighteenth-century_british-zoology-fo_1776_1,675689,642782,0.8355,0.8829,1
ia_bim_eighteenth-century_british-zoology-fo_1776_2,506533,479286,0.8367,0.8855,1
ia_bim_eighteenth-century_british-zoology-fo_1777_4,217724,201948,0.8316,0.8867,1
ia_bim_eighteenth-century_british-zoology_pennant-thomas_1768_1,372086,352131,0.8199,0.862,1
ia_bim_eighteenth-century_british-zoology_pennant-thomas_1768_2,432823,413436,0.8362,0.8784,1
ia_bim_eighteenth-century_british-zoology_pennant-thomas_1769_3,544490,517523,0.8502,0.8998,1
ia_bim_eighteenth-century_british-zoology_pennant-thomas_1770_4,187776,168116,0.8158,0.8561,1
ia_bim_eighteenth-century_cimelia-physica-figures_shaw-george_1796,182777,177180,0.8229,0.8985,1
ia_bim_eighteenth-century_curious-and-authentic-me_1763,81653,78716,0.8648,0.9291,1
ia_bim_eighteenth-century_delineation-of-curious-f_burt-n-of-the-naval-a_1791,55315,52041,0.8748,0.9281,1
ia_bim_eighteenth-century_description-of-three-hu_boreman-thomas_1787,257623,244338,0.8737,0.9218,1
ia_bim_eighteenth-century_elegant-extracts-of-natu_heron-robert-miscellan_1792_1,824552,780293,0.8705,0.9356,1
ia_bim_eighteenth-century_elements-of-chemistry-a_fourcroy-antoine-frano_1796_2,809015,782749,0.8338,0.9172,1
ia_bim_eighteenth-century_elements-of-natural-hist_fourcroy-antoine-franco_1796_3,763367,727851,0.8552,0.9516,1
ia_bim_eighteenth-century_elements-of-natural-hist_fourcroy-antoine-frano_1790_2,1386432,1323610,0.8305,0.9041,1
ia_bim_eighteenth-century_elements-of-the-practic_fordyce-george-1736-18_1770,102209,97368,0.8624,0.9235,1
ia_bim_eighteenth-century_elements-of-the-practice_fordyce-george_1771,331440,309982,0.8438,0.9247,1
ia_bim_eighteenth-century_england-illustrated-or-_1764_2,1298797,1257523,0.85,0.8986,1
ia_bim_eighteenth-century_essays-on-the-microscope_adams-george-mathemati_1787,1048699,980039,0.8453,0.8959,1
ia_bim_eighteenth-century_essays-physiological-and_wilkinson-charles-henry_1798,292006,280627,0.8495,0.9322,1
ia_bim_eighteenth-century_every-lady-and-gentleman_spilsbury-francis-b-o_1791,75623,71465,0.8839,0.9536,1
ia_bim_eighteenth-century_experimental-inquiries-_hewson-william-f-rs_1777,163998,154678,0.8454,0.8986,1
ia_bim_eighteenth-century_experiments-on-animals-a_hunter-john-frs_1775,19646,18892,0.9055,0.9737,1
ia_bim_eighteenth-century_experiments-on-the-cause_caverhill-john_1770,59556,54947,0.8291,0.8648,1
ia_bim_eighteenth-century_fabulous-histories-desi_trimmer-mrs_1786,336758,319111,0.8899,0.9487,1
ia_bim_eighteenth-century_fabulous-histories-desi_trimmer-mrs_1786_0,294021,283569,0.8972,0.9597,1
ia_bim_eighteenth-century_five-letters-to-sir-jose_anderson-james-md_1787,29354,28536,0.8583,0.9157,1
ia_bim_eighteenth-century_forste-forsog-paa-norge_pontoppidan-erik-the-y_1775_2,856053,831706,0.8473,0.8982,1
ia_bim_eighteenth-century_four-dissertations-i-t_hume-david_1757,303533,288558,0.8435,0.9163,1
ia_bim_eighteenth-century_fundamenta-entomologiae_bladh-andreas-joannes_1772,81076,76916,0.8059,0.8777,1
ia_bim_eighteenth-century_genera-of-birds_pennant-thomas_1781,127422,118839,0.8171,0.8622,1
ia_bim_eighteenth-century_heads-of-a-course-of-lec_moyes-henry_1780,17564,16457,0.8258,0.8626,1
ia_bim_eighteenth-century_histoire-naturelle-eng_buffon-georges-louis-le_1775_1,843828,812316,0.8783,0.9457,1
ia_bim_eighteenth-century_histoire-naturelle-eng_buffon-georges-louis-le_1791,1431407,1385346,0.8981,0.9648,1
ia_bim_eighteenth-century_histoire-naturelle-eng_buffon-georges-louis-le_1791_7,786989,751429,0.8586,0.9156,1
ia_bim_eighteenth-century_histoire-naturelle-eng_le-clerc-georges-louis-_1791_1,757082,739350,0.8981,0.9613,1
ia_bim_eighteenth-century_histoire-naturelle-eng_le-clerc-georges-louis-_1791_2,638208,621872,0.9007,0.9648,1
ia_bim_eighteenth-century_histoire-naturelle-eng_leclerc-george-louis-c_1792_7,392219,375964,0.8892,0.9527,1
ia_bim_eighteenth-century_histoire-naturelle-eng_leclerc-georges-louis-_1780_1,812498,777062,0.8682,0.9427,1
ia_bim_eighteenth-century_histoire-naturelle-eng_leclerc-georges-louis-_1780_2,787479,750707,0.8662,0.9425,1
ia_bim_eighteenth-century_histoire-naturelle-eng_leclerc-georges-louis-_1780_3,733617,701851,0.8447,0.897,1
ia_bim_eighteenth-century_histoire-naturelle-eng_leclerc-georges-louis-_1780_4,555818,529357,0.8553,0.9111,1
ia_bim_eighteenth-century_histoire-naturelle-eng_leclerc-georges-louis-_1780_5,719854,688552,0.8404,0.8912,1
ia_bim_eighteenth-century_histoire-naturelle-eng_leclerc-georges-louis-_1780_6,792264,761365,0.8416,0.8878,1
ia_bim_eighteenth-century_histoire-naturelle-eng_leclerc-georges-louis-_1780_7,762480,728635,0.8356,0.8848,1
ia_bim_eighteenth-century_histoire-naturelle-eng_leclerc-georges-louis-_1780_8,579300,552823,0.8463,0.8946,1
ia_bim_eighteenth-century_histoire-naturelle-eng_leclerc-georges-louis-_1785_8,674462,635018,0.8565,0.9082,1
ia_bim_eighteenth-century_histoire-naturelle-eng_leclerc-georges-louis-_1785_9_0,607858,586123,0.8665,0.9362,1
ia_bim_eighteenth-century_histoire-naturelle-eng_leclerc-georges-louis-_1791,1520154,1460370,0.8907,0.9521,1
ia_bim_eighteenth-century_historiae-naturalis-et-_bontius-jacobus_1769,233289,223152,0.7458,0.773,1
ia_bim_eighteenth-century_history-of-british-birds_beilby-ralph_1797_0,406329,392060,0.8914,0.9689,1
ia_bim_eighteenth-century_illustration-of-british-_donovan-e-edward_1799,6541,6369,0.9196,0.9244,1
ia_bim_eighteenth-century_indian-zoology-second_pennant-thomas_1790,186134,175595,0.7713,0.8198,1
ia_bim_eighteenth-century_institutions-of-entomolo_linn-carl-von_1773,279509,261826,0.837,0.8966,1
ia_bim_eighteenth-century_instructions-for-collect_donovan-e-edward_1794,139979,134550,0.8754,0.9543,1
ia_bim_eighteenth-century_journal-of-a-voyage-to-n_white-john_1790,501364,477417,0.8628,0.9285,1
ia_bim_eighteenth-century_letters-concerning-the-_hamilton-william-bd-_1790,319411,300320,0.8109,0.8773,1
ia_bim_eighteenth-century_letters-concerning-the-n_hamilton-william_1786,193616,185878,0.8543,0.9475,1
ia_bim_eighteenth-century_letters-on-iceland-cont_troil-uno-von_1783,445232,425236,0.8481,0.9182,1
ia_bim_eighteenth-century_magazine-of-natural-hist_sibly-ebenezer_1794_3,1387559,1326925,0.8765,0.9376,1
ia_bim_eighteenth-century_melisselogia-an-enqui_thorley-john_1765,237067,225087,0.8519,0.9027,1
ia_bim_eighteenth-century_micrographia-illustrata_adams-george_1771,772963,741162,0.8851,0.9554,1
ia_bim_eighteenth-century_minor-morals-interspers_smith-charlotte-turner_1799_2,151087,143688,0.8839,0.9473,1
ia_bim_eighteenth-century_miscellaneous-tracts-and_falconer-william_1793,363671,338000,0.6562,0.6748,1
ia_bim_eighteenth-century_moral-and-literary-disse_percival-thomas_1784,344831,328908,0.8539,0.9357,1
ia_bim_eighteenth-century_natural-history-of-birds_1798_5,721654,674243,0.8791,0.9451,1
ia_bim_eighteenth-century_natural-history-of-birds_leclerc-georges-louis-_1793_3,383941,369180,0.8946,0.9594,1
ia_bim_eighteenth-century_natural-history-of-the-_hunter-john-frs_1778_0,174254,167542,0.8899,0.9606,1
ia_bim_eighteenth-century_naturgeschichte-fr-kin_raff-georg-christian_1796_1,527871,507034,0.9547,0.961,1
ia_bim_eighteenth-century_naturgeschichte-fr-kin_raff-georg-christian_1796_2,721981,693650,0.9539,0.96,1
ia_bim_eighteenth-century_observations-on-the-supe_saunders-william_1783,170247,162492,0.8711,0.9408,1
ia_bim_eighteenth-century_on-cruelty-to-animals_trusler-john_1796,14132,13762,0.7045,0.7263,1
ia_bim_eighteenth-century_on-the-conduct-of-man-to_nicholson-george_1797,284673,272605,0.8819,0.8829,1
ia_bim_eighteenth-century_opuscoli-di-fisica-anim_spallanzani-lazzaro_1784_1,637056,609242,0.853,0.9487,1
ia_bim_eighteenth-century_opuscoli-di-fisica-anim_spallanzani-lazzaro_1799,516308,495866,0.814,0.8746,1
ia_bim_eighteenth-century_ornithologia-britannica_fothergill-charles_1799,49345,47051,0.8982,0.8982,1
ia_bim_eighteenth-century_outlines-of-the-natural-_berkenhout-john_1769_1,272801,257393,0.8293,0.8724,1
ia_bim_eighteenth-century_outlines-of-the-natural_berkenhout-john_1789_2,586380,549820,0.8071,0.8692,1
ia_bim_eighteenth-century_philosophical-observatio_parsons-james_1752,348597,332621,0.8859,0.9596,1
ia_bim_eighteenth-century_physiological-essays-co_whytt-robert-the-elder_1755,230795,220318,0.8666,0.9429,1
ia_bim_eighteenth-century_proposals-for-publishing_1790,22860,21903,0.8321,0.9065,1
ia_bim_eighteenth-century_queries-drawn-up-for-the_sinclair-john-sir_1790,23637,22663,0.801,0.8299,1
ia_bim_eighteenth-century_queries-proposed-to-gent_society-of-antiquaries-o_1754,13466,12745,0.9067,0.9274,1
ia_bim_eighteenth-century_queries-proposed-to-the-_nichols-john_1787,12856,12570,0.8523,0.8892,1
ia_bim_eighteenth-century_remarkable-ruins-and-ro_cordiner-charles_1788,396823,380375,0.8308,0.8995,1
ia_bim_eighteenth-century_remarks-on-mr-david-hum_warburton-william_1757,76474,72602,0.8145,0.8626,1
ia_bim_eighteenth-century_remarks-upon-the-natural_stona-thomas_1758,137429,129960,0.7602,0.7984,1
ia_bim_eighteenth-century_rural-beauties-or-the-_botanista-theophilus_1757,379716,362269,0.8634,0.9217,1
ia_bim_eighteenth-century_select-dissertations-fro_1781,221721,197268,0.8193,0.8612,1
ia_bim_eighteenth-century_six-sketches-on-the-hist_home-henry-lord-kames_1776,471488,453775,0.8644,0.9286,1
ia_bim_eighteenth-century_spectacle-de-la-nature-_1757_0,752636,724639,0.8735,0.9297,1
ia_bim_eighteenth-century_spectacle-de-la-nature_pluche-noel-antoine_1757,906149,875142,0.8909,0.9437,1
ia_bim_eighteenth-century_speculum-linnaeanum-siv_shaw-george-naturalist_1790,32893,31307,0.6574,0.7008,1
ia_bim_eighteenth-century_syllabus-of-a-course-of-_moyes-henry_1790,12780,12066,0.8211,0.8611,1
ia_bim_eighteenth-century_synopsis-of-quadrupeds_pennant-thomas-natura_1771,650126,615127,0.8367,0.8801,1
ia_bim_eighteenth-century_synopsis-of-quadrupeds_pennant-thomas_1781_1,486807,466649,0.8585,0.9099,1
ia_bim_eighteenth-century_synopsis-of-quadrupeds_pennant-thomas_1781_2,423552,406312,0.8537,0.9037,1
ia_bim_eighteenth-century_telliamed-english-tel_maillet-benot-de_1750,559950,532142,0.894,0.9548,1
ia_bim_eighteenth-century_telliamed-or-discourse_maillet-benot-de_1750,584579,555393,0.8951,0.956,1
ia_bim_eighteenth-century_the-anatomical-instructo_pole-thomas_1790,400608,381279,0.8624,0.9558,1
ia_bim_eighteenth-century_the-anatomy-of-the-human_monro-alexander-md-f_1782,848652,815096,0.8606,0.9259,1
ia_bim_eighteenth-century_the-antiquities-natural_norden-friderik-ludvig-_1792,482653,427009,0.7497,0.7607,1
ia_bim_eighteenth-century_the-art-of-making-sugar_1752,120292,117416,0.8614,0.9323,1
ia_bim_eighteenth-century_the-aurelian-or-natura_harris-moses-entomolog_1766,267429,259757,0.9095,0.9658,1
ia_bim_eighteenth-century_the-bird-fanciers-neces_1760,138368,133001,0.9123,0.9421,1
ia_bim_eighteenth-century_the-birds-of-great-brita_lewin-william_1789-1790_1-2,137316,129238,0.87,0.9177,1
ia_bim_eighteenth-century_the-calendar-of-nature-_aikin-john_1789,96832,91849,0.8639,0.925,1
ia_bim_eighteenth-century_the-complete-cow-doctor_rowlin-joshua_1799,371518,357833,0.9493,0.9586,1
ia_bim_eighteenth-century_the-cry-of-nature-or-a_oswald-john_1791,79131,73124,0.8187,0.8635,1
ia_bim_eighteenth-century_the-emulation-of-the-ins_1754,12920,12150,0.8819,0.9394,1
ia_bim_eighteenth-century_the-experienced-bee-keep_bromwich-bryan-lanson_1783,115631,111236,0.8858,0.9545,1
ia_bim_eighteenth-century_the-farmers-wife-or-co_1780,191292,183633,0.9009,0.9516,1
ia_bim_eighteenth-century_the-farmers-wife-or-th_1780,184391,177887,0.9064,0.9601,1
ia_bim_eighteenth-century_the-fowler-containing-r_cox-nicholas_1795,158862,152725,0.9117,0.9589,1
ia_bim_eighteenth-century_the-general-magazine-of-_martin-benjamin_1755_1,962829,926990,0.8748,0.9241,1
ia_bim_eighteenth-century_the-hare-or-hunting-in_1799_0,48221,45656,0.8517,0.8961,1
ia_bim_eighteenth-century_the-husbandmans-compani_yonge-anthony_1767,114759,110116,0.9001,0.9547,1
ia_bim_eighteenth-century_the-insects-of-great-bri_lewin-william_1795,228925,218098,0.7598,0.789,1
ia_bim_eighteenth-century_the-natural-history-and-_white-gilbert_1789,936041,900651,0.8176,0.876,1
ia_bim_eighteenth-century_the-natural-history-of-b_1786,95176,91644,0.9118,0.9607,1
ia_bim_eighteenth-century_the-natural-history-of-b_1791_1,206900,198257,0.9014,0.9507,1
ia_bim_eighteenth-century_the-natural-history-of-b_1791_2,255770,245414,0.8962,0.9534,1
ia_bim_eighteenth-century_the-natural-history-of-b_1791_3,309879,297516,0.8738,0.9427,1
ia_bim_eighteenth-century_the-natural-history-of-b_1793,324494,309626,0.8943,0.955,1
ia_bim_eighteenth-century_the-natural-history-of-b_buffon-georges-louis-le_1792,671156,642177,0.8653,0.9225,1
ia_bim_eighteenth-century_the-natural-history-of-b_donovan-edward_1799_3,70118,67320,0.8175,0.8723,1
ia_bim_eighteenth-century_the-natural-history-of-b_hughes-griffith_1750,825249,794680,0.8648,0.9181,1
ia_bim_eighteenth-century_the-natural-history-of-b_jones-stephen_1793,328766,315361,0.8977,0.9607,1
ia_bim_eighteenth-century_the-natural-history-of-b_jones-stephen_1798_1,199063,190696,0.8588,0.9106,1
ia_bim_eighteenth-century_the-natural-history-of-b_tell-truth-t_1778,85846,80486,0.8937,0.9452,1
ia_bim_eighteenth-century_the-natural-history-of-e_hablitz-karl-ivanovich_1789,298380,288198,0.8645,0.9248,1
ia_bim_eighteenth-century_the-natural-history-of-e_martin-benjamin-optici_1759_1,949947,920952,0.8737,0.922,1
ia_bim_eighteenth-century_the-natural-history-of-f_1781,68887,65287,0.8731,0.9094,1
ia_bim_eighteenth-century_the-natural-history-of-i_1792,746793,727132,0.9068,0.9686,1
ia_bim_eighteenth-century_the-natural-history-of-m_1786,351042,331686,0.8074,0.8635,1
ia_bim_eighteenth-century_the-natural-history-of-t_aikin-arthur_1798,208658,198281,0.8761,0.9519,1
ia_bim_eighteenth-century_the-natural-history-of-t_buffon-georges-louis-le_1762,481520,460733,0.8838,0.9432,1
ia_bim_eighteenth-century_the-natural-history-of-t_harris-thaddeus-mason_1793,457098,442266,0.8579,0.9178,1
ia_bim_eighteenth-century_the-natural-history-of-t_hunter-john-f-r-s_1771,204202,194674,0.8776,0.9382,1
ia_bim_eighteenth-century_the-natural-history-of-t_lettsom-john-coakley_1772,111616,107925,0.8553,0.9333,1
ia_bim_eighteenth-century_the-natural-history-of-t_williams-john-mineral-_1789_1,721371,694254,0.8762,0.9564,1
ia_bim_eighteenth-century_the-naturalists-and-tra_lettsom-john-coakley_1772,98990,93671,0.8199,0.8828,1
ia_bim_eighteenth-century_the-new-and-complete-bir_thompson-william_1783,109955,105136,0.9032,0.9523,1
ia_bim_eighteenth-century_the-philosophy-of-natura_smellie-william-member_1790_1,640639,606223,0.8675,0.9508,1
ia_bim_eighteenth-century_the-philosophy-of-natura_smellie-william_1790,2077951,2019159,0.8737,0.958,1
ia_bim_eighteenth-century_the-philosophy-of-natura_smellie-william_1791,1033530,1001266,0.8489,0.9157,1
ia_bim_eighteenth-century_the-political-squabble-_neitherside-nicholas_1773,28210,26778,0.8505,0.9027,1
ia_bim_eighteenth-century_the-present-state-of-the_chnier-louis-de_1788_1,389049,373087,0.8608,0.9306,1
ia_bim_eighteenth-century_the-rational-brutes-or-_kilner-dorothy_1799,120430,114133,0.939,0.9418,1
ia_bim_eighteenth-century_the-reasonable-animals-_1780,12799,12161,0.8707,0.9073,1
ia_bim_eighteenth-century_the-vermin-killer-being_1765,149991,145574,0.8859,0.9171,1
ia_bim_eighteenth-century_the-visit-for-a-week-or_peacock-lucy_1794,338287,323585,0.8833,0.9475,1
ia_bim_eighteenth-century_the-woody-quiristers-or_1760,5751,5558,0.8759,0.927,1
ia_bim_eighteenth-century_the-young-ladys-introdu_demarville-young-lady_1766,494889,473008,0.8199,0.8606,1
ia_bim_eighteenth-century_three-years-travels-thro_carver-jonathan_1798,732486,693351,0.8726,0.9362,1
ia_bim_eighteenth-century_tillforladelige-efterre_horrebov-niels_1758,486680,467403,0.8841,0.9547,1
ia_bim_eighteenth-century_tracts-and-observations-_townson-robert_1799,249758,238878,0.9106,0.9258,1
ia_bim_eighteenth-century_tracts-relating-to-natur_smith-james-edward-sir_1798,314870,300525,0.842,0.917,1
ia_bim_eighteenth-century_travels-in-england-scot_faujas-de-st-fond-cit_1799_1,498442,472217,0.8499,0.9198,1
ia_bim_eighteenth-century_travels-into-dalmatia-c_fortis-alberto_1778,1145630,1105823,0.8204,0.8816,1
ia_bim_eighteenth-century_travels-through-italy-i_ferber-johann-jakob_1776,509933,487725,0.7434,0.7769,1
ia_bim_eighteenth-century_travels-through-spain-w_dillon-john-talbot-sir_1780_0,769463,740642,0.8542,0.9151,1
ia_bim_eighteenth-century_various-subjects-of-nat_miller-john-frederick_1776,18047,16984,0.6932,0.7114,1
ia_bim_eighteenth-century_zoologia-ethica-a-disqui_jones-william_1771,164059,155635,0.8582,0.9261,1
ia_biostor-236159,6976,5947,0.426,0.4621,0
ia_biostor-5796,110018,107603,0.8044,0.8911,1
ia_biostor-5804,5845,5709,0.8576,0.9404,1
ia_biostor-6043,11030,10791,0.7621,0.8459,1
ia_biostor-6094,18357,18006,0.8205,0.8938,1
ia_birdsGreatBrita00,112877,109729,0.7488,0.7961,1
ia_britishzoology04penngoog,465252,447412,0.7698,0.8395,1
ia_bub_gb_BcJ8tPdu2VsC,736090,710326,0.808,0.8785,1
ia_bub_gb_CzPlLupapjIC,1153684,975989,0.8253,0.9177,1
ia_bub_gb_da8WAAAAQAAJ,101092,96555,0.7425,0.7948,1
ia_bub_gb_jNW4-K2f8OMC,2783734,2392997,0.805,0.8839,1
ia_bub_gb_s89S2h_8924C,450921,433501,0.8049,0.8792,1
ia_comparisonsstru00compgoog,233920,227306,0.9572,0.9636,1
ia_elementschemist03fourgoog,618132,596235,0.7414,0.8293,1
ia_essaysuponnatur00edwagoog,262701,252197,0.7981,0.8714,1
ia_gleaningsnatura00plesgoog,345757,333720,0.7075,0.7427,1
ia_historybritishb01bewigoog,411898,395823,0.839,0.9282,1
ia_illustrationsna00drurgoog,412384,399054,0.6878,0.7296,1
ia_johnphysiophilu00borngoog,84444,81465,0.8038,0.8944,1
ia_naturalhistoryb02donogoog,107379,102023,0.7027,0.7728,1
ia_naturalhistoryf00wardgoog,391073,377038,0.7972,0.8618,1
ia_naturalhistoryh01huntgoog,309327,299376,0.9379,0.9448,1
ia_paper-doi-10_1098_rstl_1751_0013,29282,28575,0.8396,0.9412,1
ia_paper-doi-10_1098_rstl_1755_0039,10322,10061,0.813,0.9173,1
ia_paper-doi-10_1098_rstl_1755_0061,7804,7558,0.8568,0.9421,1
ia_paper-doi-10_1098_rstl_1755_0089,11932,11606,0.8189,0.9404,1
ia_paper-doi-10_1098_rstl_1757_0041,11908,11607,0.8096,0.9018,1
ia_paper-doi-10_1098_rstl_1761_0110,11557,11210,0.7554,0.823,1
ia_paper-doi-10_1098_rstl_1766_0023,18220,17790,0.8493,0.941,1
ia_paper-doi-10_1098_rstl_1766_0024,20601,19980,0.8224,0.9304,1
ia_paper-doi-10_1098_rstl_1767_0032,23306,21882,0.8343,0.947,1
ia_paper-doi-10_1098_rstl_1768_0014,10597,10254,0.8345,0.9257,1
ia_paper-doi-10_1098_rstl_1768_0034,15796,15382,0.8317,0.9247,1
ia_paper-doi-10_1098_rstl_1769_0028,10073,9829,0.8404,0.9404,1
ia_paper-doi-10_1098_rstl_1770_0016,5465,5306,0.8486,0.9197,1
ia_paper-doi-10_1098_rstl_1770_0022,8750,8535,0.8472,0.9341,1
ia_paper-doi-10_1098_rstl_1770_0028,28268,27575,0.8545,0.9471,1
ia_paper-doi-10_1098_rstl_1771_0029,25656,24986,0.7908,0.8893,1
ia_paper-doi-10_1098_rstl_1772_0022,102204,99687,0.8199,0.9332,1
ia_paper-doi-10_1098_rstl_1772_0024,7465,7261,0.8298,0.9124,1
ia_paper-doi-10_1098_rstl_1772_0030,64185,62088,0.7544,0.8278,1
ia_paper-doi-10_1098_rstl_1773_0018,16911,16306,0.7344,0.8415,1
ia_paper-doi-10_1098_rstl_1773_0031,69276,66957,0.8222,0.9231,1
ia_paper-doi-10_1098_rstl_1774_0029,14284,13907,0.8517,0.9306,1
ia_paper-doi-10_1098_rstl_1775_0021,82493,80744,0.6995,0.7747,1
ia_paper-doi-10_1098_rstl_1775_0044,19327,18876,0.8632,0.9448,1
ia_paper-doi-10_1098_rstl_1778_0002,58825,57234,0.8723,0.9507,1
ia_paper-doi-10_1098_rstl_1779_0025,34607,33802,0.8489,0.9387,1
ia_paper-doi-10_1098_rstl_1779_0029,29930,29238,0.8242,0.897,1
ia_paper-doi-10_1098_rstl_1779_0040,17705,17291,0.8359,0.9252,1
ia_paper-doi-10_1098_rstl_1780_0011,165455,161612,0.638,0.6958,1
ia_paper-doi-10_1098_rstl_1780_0034,18501,17844,0.8338,0.9317,1
ia_paper-doi-10_1098_rstl_1781_0003,9013,8808,0.8418,0.9364,1
ia_paper-doi-10_1098_rstl_1781_0048,11649,11303,0.8516,0.9277,1
ia_paper-doi-10_1098_rstl_1781_0055,24052,23417,0.8663,0.9499,1
ia_paper-doi-10_1098_rstl_1781_0058,27870,27250,0.8697,0.9494,1
ia_paper-doi-10_1098_rstl_1784_0021,15485,15048,0.8527,0.9357,1
ia_paper-doi-10_1098_rstl_1788_0016,32934,32223,0.8531,0.9513,1
ia_paper-doi-10_1098_rstl_1789_0004,31274,30630,0.8299,0.9268,1
ia_synopsisnatural00berkgoog,584093,559602,0.7097,0.7782,1
ia_tractsandobserv00towngoog,232488,224290,0.8884,0.9042,1
ia_travelsintonort00forsgoog,446412,423435,0.8163,0.8868,1
