review_id,category,period_bin,year,title,sentence,counts_as_category,notes,teacher_reasoning,work_id,uid,sent_id
1,divine_teleology,1750_1799,1757,"[Spectacle de la nature. English]. Spectacle de la nature: or, nature display'd.","Thus has the Goodness and Condescension of God provided for our better Accommodation, in allottin diflerent Talents and Habitations to the several Classes of Animals; it is for us that they are sagacious or stupid, nimble or aukward, tame or savage ; and the Fierceness of some ought to excite our Gratitude and Admiration as much as the Gentleness of others.",,,"This passage explicitly says God allotted animal traits and habitats 'for our better Accommodation' and 'it is for us' that animals have these characteristics. That is a direct claim that animal kinds serve a divinely intended purpose, so it is divine teleology.",pluche|spectacle de la nature or nature display d,ia_bim_eighteenth-century_spectacle-de-la-nature_pluche-noel-antoine_1757,488
2,divine_teleology,1750_1799,1758,The natural history of Iceland,"LIL Concerning the shore-birds eggs. — HE eggs of the sea and shore-birds are of a greenish colour with black or brown spots. ‘They have a thicker shell than land birds, fo ordered, I suppose, by Providence : for as these birds are obliged to seek nourishment at a very great distance from the place where they build, and lay their eggs, and consequently are sometimes a long while absent from their roost, the thickness of the shell must preserve fo much longer the in-",,,"The eggshell's thickness is explained as ordered by Providence for the purpose of preserving the egg while the parent birds are away. This supplies both purpose and divine grounding, satisfying divine_teleology.",horrebov|natural history of iceland,ia_10867536bsb,135
3,divine_teleology,1750_1799,1766,The Young Lady's introduction [sic] to natural history 1766,"The flesh of these animals are fesueculent, substantial, and petfeck, chat we abanden the . guisste dainties e 5 5 them, and are yed with the tefre sument they afford us. It i 3 — the goatʒ und ehe sheep, were con signed to us by Providence for the increase — | our substance.",,,"The passage says these animals serve the purpose of nourishing humans and explicitly attributes that role to Providence. That satisfies both purpose and divine grounding, making it DT.",demarvilleyoungladysintroductiontonaturalhistory|young lady s introduction to natural history 1766,ia_bim_eighteenth-century_the-young-ladys-introdu_demarville-young-lady_1766,171
4,divine_teleology,1750_1799,1770,Illustrations of natural history. Wherein are exhibited upwards of two hundred a,"With a particular DESCRIPTION of each INSECT: Interfperfed with Remarks and Rerrections on the Narurs and PROPERTIES. of many of them. . BAND Meee aes © Yeeeah To which is added hE RAINS LA Pl OaNeinto FRE N CH, —— Each Moss, Each Shell, each crawling Infect, holds a Rank Important in the Plan of Him, who fram’d This Scale of Beings; holds a Rank, which loft Would break the Chain, and leave behind a Gap Which Nature’s felf would rue.",,,"The passage says shells and insects 'hold a Rank' in 'the Plan of Him, who fram'd / This Scale of Beings,' attributing their place and purpose to a divine plan. That is not merely description or divine causation alone, but a purposive ordering of animals by God.",65766,bhl_132647,2
5,divine_teleology,1750_1799,1775,[Forste forsog paa Norges naturlige historie]. The natural history of Norway: ..,"When the horns grow bigger, there breeds within the skin a kind of worm, which eats away the root. The Rein-deer has over his eye-lids a kind of skin, through which he peeps, when otherwise, in the hard showers of snow, he would be obliged to shut his eyes entirely: a very great proof of the Creator's omniscience and benevolence, in providing for each creature's wants, acccording to its destin'd manner of living. Particularly a white dry moss, called thence Rein-deer moss. | | | In BP Rr” SST @ © 7 - —_— .",,,The eyelid structure is explicitly described by the purpose it serves—allowing the reindeer to see in snow—and that provision is attributed to the Creator's benevolent design for each creature's way of life. This satisfies both purpose and divine grounding.,pontoppidan|natural history of norway in two parts translated,ia_bim_eighteenth-century_forste-forsog-paa-norge_pontoppidan-erik-the-y_1775_2,71
6,divine_teleology,1750_1799,1776,British zoology.... - Fourth edition. 1776: Vol 1,"Hun. quad, HERE are many animals in which the Divin the creation, even the most contemptible, by adapt ing the parts to its destined course of life, appco No. 241.",,,"Despite the fragmentary OCR, the passage explicitly says that in animals the Divine appears by 'adapting the parts to its destined course of life.' That attributes the purpose of animal parts to a divine arranger, satisfying both purpose and divine grounding.",|british zoology fourth edition 1776 vol 1,ia_bim_eighteenth-century_british-zoology-fo_1776_1,340
7,divine_teleology,1750_1799,1786,The natural history of birds; containing a variety of facts selected from severa,"As these birds live upon prey only, or animal food, we see how kind Providence has been, in giving them very good eyes to see their prey at a distance ; and strong bills, and strong talons, to pull it in pieces; and they can fly very swiftly to overtake it, If 0.-F: BE. 24 If there were no Vultures in hot countries,. the dead bodies, and the inside of cows and sheep, which are thrown away, would sdon become very offensive, and occasion many disorders among the inhabitants ; besides, they eat the Serpents and Crocodile's eggs, and - prevent them from increasing too fast,",,,"The passage characterizes the birds' organs by the purposes they serve and explicitly attributes this fitting to 'Providence.' That satisfies both purposive function and divine grounding, making it divine_teleology rather than merely functional NDT.",|natural history of birds containing a variety of,ia_bim_eighteenth-century_the-natural-history-of-b_1786,33
8,divine_teleology,1750_1799,1790,"Indian zoology, - Second edition. 1790","AD Providence left the feathered tribe unendowed with any particular instinct, the birds of the torrid zone would have built their nests in the same unguarded manner as those of Europe ; but there the lesser species, having a certain prescience of the dangers that surround them, and of their own weakness, suspend their nests at the extreme branches of the trees; they are conscious of inhabiting a climate replete with enemies to them and their young ; with snakes that twine up the bodies of the trees, and apes that are perpetually in search of prey ; but, heaven instructed, they elude the gliding of the one, and the activity of the other.",,,"The passage defines these birds by a protective instinct and nest-building behavior serving the purpose of avoiding predators, and explicitly attributes that instinct to 'Providence' and being 'heaven instructed.' This satisfies both purposive and divine conditions for divine teleology.",pennant|indian zoology second edition 1790,ia_bim_eighteenth-century_indian-zoology-second_pennant-thomas_1790,112
9,divine_teleology,1750_1799,1790,"The beauties of the creation; or, a new moral system of natural history; display","This beautiful ereature is found upon the Willow, which it perfumes with an odour like that of a rose, so as to scent a whole meadow. Thus, we perceive, that Nature bestows on this insect this most grateful odour, to supply the want of those delightful scents of which meadows ar: deprived by the field flowers being shorn by the scythe of the mower 3 for it is observed, this charming Ceranibyx is produced in its- persect state about the general time of making hay. What care does Providence take to azcommodate man with a never-ceasing variety of c2:ights, adapted to charm every sense ! 10 GANG * > a NATURAL HISTORY. 35 GEN UuSs XVII „ TTT Character.",,,"The insect's odor is explicitly said to be bestowed in order to compensate for lost meadow scents, and this purposive arrangement is attributed to Providence accommodating man. That is a clear case of divine teleology rather than mere observation or divine causation alone.",|beauties of the creation or a new moral,ia_bim_eighteenth-century_1790_2,64
10,divine_teleology,1750_1799,1791,A general history of quadrupeds. The figures engraved upon wood by T. Bewick. Th,"HISTORY OF QUADRUPEDS. This ls antmat is a native of the icy regions of the North; where, by a wise and bountiful dispensation, which diffuses the common goods of Nature over every part of the habitable globe, it abounds, and is made subserrient to the wants of a hardy race of men inhabiting the countries near the pole, who would find it impossible to subsist among their fmowy mountains Wis out the aid of this most useful creature.",,,"The animal is characterized by the role it serves ('made subservient to the wants' of humans), and that role is explicitly framed as the result of a 'wise and bountiful dispensation.' Because the purpose is grounded in divine providence, this is divine teleology rather than non-divine teleology.",beilby|general history of quadrupeds the figures engraved upon,ia_bim_eighteenth-century_a-general-history-of-qua_beilby-ralph_1791,199
11,divine_teleology,1750_1799,1796,"[Naturgeschichte für kinder. English]. A system of natural history, ... 1796: Vo","The Creator, in replenishing the earth with animals, has provided for each its subsistence in the spot or country that gave it birth. Not one of them suffers famine in the midst of the icy regions of the north, or in the barren and sultry desarts of the torrid zone; all are equally satisfied, according to the wise appointments of Providence, F 2 A 124 VIVIPAROUS ANIMALS.",,,"This passage asserts that animals are providentially supplied with subsistence where they live, grounding their fitting-to-place in 'the Creator' and 'Providence.' That is a divine purposive characterization of animals' place in nature.",raff|system of natural history 1796 vol 2,ia_bim_eighteenth-century_naturgeschichte-fr-kin_raff-georg-christian_1796_2,405
12,divine_teleology,1750_1799,1798,"Beauties of the creation: or, A new moral system of natural history; displayed i","Atevery cell, the Creator has, most wifely, taught them to form a ledge, which fortifies ‘each aperture against the injuries they might receive trom the frequent ingreisand return of the bees. How grateful ought we to be for the creation of — this admirable infect!",,,"This passage attributes a specific functional feature of the bees' cells and behavior ('form a ledge' that 'fortifies each aperture') to 'the Creator,' so it combines purpose with divine grounding. That makes it divine teleology rather than mere observation or non-divine functional description.",176712,bhl_290923,407
13,divine_teleology,1750_1799,1798,"Tracts relating to natural history. By James Edward Smith, ... 1798","and there cast strong a light, that it is easy to count the fishes and worms of various kinds sporting among them. The Sucking-fish /Echeneis Remora}, which of itself could not without great difficulty swim fast enough to supply itself with food, has obtained from its Creator an instrument not much unlike a saw, with which it affixes itself to ships, and the larger kinds of fishes, and in this manner is transported gratis from one shore of the world to another. The fame Divine Artificer has given the fluggith Fishing Frog (Lophius piscatorius) a kind of rod, furnished with a bait, by which it beguiles little fishes into its jaws &.",,,This passage characterizes specific animal organs by the functions they serve and explicitly attributes those purposive provisions to 'its Creator' and the 'Divine Artificer.' That makes it divine teleology rather than merely non-divine functional description.,smith|tracts relating to natural history by james edward,ia_bim_eighteenth-century_tracts-relating-to-natur_smith-james-edward-sir_1798,27
14,divine_teleology,1750_1799,1798,"Beauties of the creation: or, A new moral system of natural history; displayed i","The reft have membranous lobes, which serve as wings to them in their flight. Thesinfect might, therefore, be justly called the Mercury of this part of the creation. ‘i he top of the head is membranous, shaped like an owl, and divided at its extremity. This animal is one of the innumerable instances which nature affords, to indicate the infinite wisdom of the Creator. Whenever any part of his wo:kmanthip is found to deviate from the general system, itis till formed to answer the design of its existence. This infect, having such long legs, could never have sustained itfelf in the air, had not providence bestowed on it a fspecies of wings, to balance its weight.",,,"The insect's wings are said to exist 'to balance its weight,' and this functional arrangement is attributed to 'the Creator' and 'providence.' Because both purpose and divine source are explicit, this is divine teleology rather than merely functional anatomy.",176712,bhl_290923,363
15,divine_teleology,1750_1799,1798,"Beauties of the creation: or, A new moral system of natural history; displayed i",", TY : Ts IS bird is another instance of the care of the. Creator, in providing for every creature according to their respective neceflities. Thas we fee the flamgingo, which livés about the shallow shores of the. ea and the mouths of rivers, provided with a most uncommon length of neck and legs ; the latter of which are fo long, that when walking in the water, it appears as if {wimming ; and the head, which is almoit constantly under water, in search of food, makes the bird seem no larger than a goole,. the body being ~ then only perceptible.",,,"The passage explicitly attributes the flamingo's traits to 'the care of the Creator' and says creatures are provided for according to their necessities. That joins function/purpose with divine grounding, satisfying both conditions for divine_teleology.",176712,bhl_290923,256
16,divine_teleology,1800_1829,1803,"Testacea Britannica, or, Natural history of British shells, marine, land, and fr","That the Teredines, as well as the Pholades, and many other aquatic animals were created, by the Father of the Universe, for equally beneficent purposes in that element cannot be disputed; for though they may seem to impede, and even destroy the operations of man in some degree, yet, they are of such importance in the great scale of nature, that, as it has been observed, it would not be dificult to prove, we should feet the want of one or two species of larger quadrupeds much less, than one or two species of these despicable-looking animals.",,,"The passage explicitly states that these aquatic animals were created by 'the Father of the Universe' and 'for... beneficent purposes.' It therefore combines divine agency with purposive role, which is exactly divine_teleology.",33927,bhl_78694,1567
17,divine_teleology,1800_1829,1804,"Animal biography, or, Authentic anecdotes of the lives, manners, and economy, of","This little animal is found throughout Europe, and indeed in most of the northern parts of the world. Being destitute of weapons of defence, it 1s endowed by Providence in a high degree with the sentiment of fear.",,,"The animal is characterized by a compensatory disposition serving defense, and that endowment is explicitly attributed to Providence. Because the functional trait is grounded in divine provision, this is divine_teleology rather than non_divine_teleology.",41622,bhl_91783,1357
18,divine_teleology,1800_1829,1807,A general history of quadrupeds,"“ Poor is the triumph o’er the timid Hare.” Another remarkable means of safety to tho Hare is its colour, which, being similar to the ground where it sits, secures it from the sight of its enemies ; and as a further instance of the care of Providence in the preservation of its creatures, these, as well as some other animals in more northern regions, are observed to change their colour, and become perfectly white during winter, which renders them less conspicuous in the snow.",,,"The hare's color is explicitly described as a means of safety, and this protective function is attributed to the care of Providence. That is purposive characterization grounded in divine agency, so it is DT.",115982,bhl_201453,796
19,divine_teleology,1800_1829,1807,A general history of quadrupeds,"This useful and hardy animal is the offspring of the Horse and the Ass, and being generally barren, furnishes an indisputable proof that the two species are perfectly distinct. Nature has providently stopped the further propagation of these heterogeneous produdlions, to preserve, uncontaminated, the form of each animal ; without which regulation, the races would in a short time be mixed with each other, and every creature, losing its original perfection, would rapidly degenerate.",,,"The passage says the barrenness of the mule serves the purpose of preserving the distinct form of each animal, and attributes that purposive arrangement to provident Nature. That is a teleological characterization grounded in a higher intentional order, so divine_teleology fits best.",115982,bhl_201453,41
20,divine_teleology,1800_1829,1807,A general history of quadrupeds,"This useful and hardy animal is the offspring of the Horse and the Ass, and being generally barren, furnishes an indisputable proof that the two species are perfectly distinct. Nature has providently stopped the further propagation of these heterogeneous produdlions, to preserve, uncontaminated, the form of each animal ; without which regulation, the races would in a short time be mixed with each other, and every creature, losing its original perfection, would rapidly degenerate.",,,"This explicitly says propagation is stopped 'providently' in order 'to preserve' the form of each animal, so it assigns a purpose to reproductive barrenness and grounds that purpose in providential design. That satisfies both the teleological and divine conditions.",115982,bhl_201453,40
21,divine_teleology,1800_1829,1808,"American ornithology, or, The natural history of the birds of the United States ","THERE is one striking peculiarity in the works of the great Creator, which becomes more amazing the more we reflect on it; namely, that he has formed no species of animals so minute, or obscure, that are not invested with certain powers and peculiarities, both of outward conformation and internal faculties, exactly suited to their pursuits, sufficient to distinguish them from all others; and forming for them a character solely and exclusively their own.",,,"Animals are said to be formed by 'the great Creator' with powers and conformations 'exactly suited to their pursuits.' This joins divine agency with purposive fitting, so it is DT rather than IE or junk.",97204,bhl_175511,355
22,divine_teleology,1800_1829,1812,British zoology,"Providence has implanted in them a benevolent disposition, and a fear of the human race, together with a certain consciousness of the services we can render them. Most of the hoofed quadrupeds are domestic, because necessity compels them to seek our protection : wild HORSE. Class I. beasts are provided with feet and claws, adapted to the formation of dens and retreats from the inclemency of the weather ; but the former, destitute of these advantages, are obliged to run to us for artificial shelter and harvested provision; as nature, in these climates, does not throughout the year supply them with necessary food.",,,"The passage assigns hoofed quadrupeds traits and a domestic role as implanted by Providence, combining purposive characterization with explicit divine grounding. That makes it DT rather than merely functional NDT.",106649,bhl_188133,97
23,divine_teleology,1800_1829,1812,British zoology,"The color approaches very near to that of the ground, which secures it more effectually from the sio;ht of men, and of beasts and birds of prey. Providence has been so careful in respect to the preservation of the species of animals, as to cause in northern countries these as ' well as many others to change color, and become white at the beginning of winter, to render them less conspicuous amidst the snow.",,,The passage assigns a protective function to the animal's coloration and explicitly attributes that purposive arrangement to Providence. It therefore satisfies both conditions for divine_teleology: purpose and divine grounding.,62215,bhl_109530,361
24,divine_teleology,1800_1829,1814,Lectures on comparative anatomy : in which are explained the preparations in the,"From these experiments, it is evident that the power of the sun’s, rays to scorch the skin of animals is destroyed, when applied to a black surface ; although the absolute heat, in consequence of the absorption of the rays, is greater. The same wise Providence which has given so extraordinary a provision to the Negro for the defence of his skin, while living within the tropics, has extended it to the bottom of the eye ; which otherwise would suffer in a greater or less degree, when exposed to strong light 5 the retina, from its transparency, allowing it to pass through without injury.",,,This explicitly attributes an animal feature to 'wise Providence' and states its purpose: defence of the skin and protection of the eye from strong light. That satisfies both divine grounding and purposive characterization.,169606,bhl_281920,324
25,divine_teleology,1800_1829,1816,"An introduction to entomology, or, Elements of the natural history of insects : ","Another aquatic beetle, Acilius sulcatus Leach, has not only its elytra sulcated, but the furrows of these, and a transverse one of the thorax, are thickly set with hair; whUe the male is smooth, and quite naked. Particular care seems to have been taken by the Creator, that when aU the above inhabitants of the water are paired, the male should be able to fix himself so firmly, by means » A remarkable anomalous exception to this rule sometimes occurs in the female of B. margimlis, which has smooth elytra like the male (Gyll.",,,"This explicitly attributes a purpose of the beetle's structure in pairing to 'the Creator,' satisfying both purposive and divine conditions. It is not merely saying God caused the beetle to exist, but that its traits were arranged for a reproductive end.",105744,bhl_187086,901
26,divine_teleology,1800_1829,1816,"An introduction to entomology, or, Elements of the natural history of insects : ","Indeed this mode of motion seems often to be given to this description of larva? by Providence, to enable them to return to their natural sta-. tion, when by any accident they have wandered away from it. Many apodous larvae inhabit the water, and therefore must be furnished with means of locomotion proper to that element.",,,"The larvae's mode of motion is explicitly said to be given by Providence for the purpose of returning them to their station, satisfying both purpose and divine grounding. The second sentence reinforces the functional characterization of the larvae's locomotion.",104741,bhl_185580,854
27,divine_teleology,1800_1829,1816,"An introduction to entomology, or, Elements of the natural history of insects : ","But the chief cause, perhaps, is the occasion (hereafter to be adverted to) which the spider sometimes has to employ its threads in their finer and unconnected state before they unite to form a single one. — The spider is gifted by her Creator with the power of closing the orifices of the spinners at pleasure, and can thus, in dropping FOOD OF INSECTS. ■407 from a height by her line, stop her progress at any point of her descent: and, according to Listera, she is also able to retract her threads within the abdomen; but this is doubted, and with apparent reason, by De Geerb. *",,,"This passage both attributes the spider's capacity to the 'Creator' and states the purpose it serves, namely controlling descent by its line. That combination makes it divine_teleology rather than non_divine_teleology.",104725,bhl_185557,1122
28,divine_teleology,1800_1829,1816,"An introduction to entomology, or, Elements of the natural history of insects : ","METAMORPHOSES. <V A question here naturally presents itself— Why are insects subject to these changes ? For what end is it that, instead of preserving- like other animals a the same general form from infancy to old age, they appear at one period under a shape so different from that which they finally assume ; and why should they pass through an intermediate state of torpidity so extraordinary ? I can only answer that such is the will of the Creator, who doubtless had the wisest ends in view, although we are incompetent satisfactorily to discover them.",,,"The passage explicitly asks the end of insect metamorphosis and answers that it is the 'will of the Creator' with 'wisest ends in view.' That satisfies both purpose and divine attribution, so it is divine teleology rather than mere divine causation.",104725,bhl_185557,197
29,divine_teleology,1800_1829,1816,"An introduction to entomology, or, Elements of the natural history of insects : ","The insects of the Triehoptcra order (Phr?/g(ine(i,lj.) are quiescent when they first assume the pupa, but become locomotive towards the close of their existence in that state. Since they inhabit the water when they become pupa?, Providence has furnished them with the means of quitting that fluid w ithout injury, when they are to exchange it for the air ; which in their winged state is their proper sphere of action.",,,The passage explicitly says Providence furnished these insects with means for a specific end: quitting water safely in order to live in air. That is a direct claim of divinely grounded function.,104741,bhl_185580,908
30,divine_teleology,1800_1829,1822,"An introduction to entomology, or, Elements of the natural history of insects : ","Amidst this infinite variety of motions, for purposes so numerous and diversified, and performed by such a multiplicity of instruments and organs, who does not "" De Geer, ii. 638—. » See above, p. 7. 374 MOTIONS OF INSECTS. discern and adore the Great Finsr Mover? From him all proceed, by him all are endowed, in him all move: and it is to accomplish his ends, and to go on his errands, that these little but not insignificant beings are thus gifted; since it is by them that he maintains this terraqueous globe in order and beauty, thus rendering it fit for the residence of his creature man.",,,"The passage explicitly says these insects are gifted in order ""to accomplish his ends"" and ""go on his errands,"" grounding their purpose in the divine ""Great First Mover."" That is a direct claim that the animals serve a God-given end, so it is divine teleology rather than merely a claim that God crea",65745,bhl_132529,1062
31,divine_teleology,1800_1829,1822,"A natural history of the Lepidopterous insects of New South Wales collected, eng","We consider this as a very curious insect, and it’s singular power of darting forth wounding stings as a property unknown in any larva of Lepidopterous Insects before observed, which has been given it, no doubt, for a defence against some formidable enemy to the larva race by a!lproviding Providence, designing him to live, as it were, in the face of many enemies without hiding. We have named it the Wounding Bombyx from this singular property in the larva.",,,"The passage characterizes the larva's stings as given 'for a defence' and explicitly attributes that purpose to 'allproviding Providence,' satisfying both purposive and divine conditions for divine teleology.",65146,bhl_131766,24
32,divine_teleology,1800_1829,1822,"An introduction to entomology, or, Elements of the natural history of insects : ","Linné named the tribe of parasites to which these belong, Minutz, on account of their generally diminutive size. But these little minims, under the superintendence of Providence, are amongst the greatest benefactors of the sufficiently distinguished from them and every other insect by its singular capillary wings.",,,"The animals are identified as 'parasites' and then described as operating 'under the superintendence of Providence,' which attributes their role to divine oversight. That combines a functional characterization with divine grounding, satisfying divine teleology.",65745,bhl_132540,90
33,divine_teleology,1800_1829,1822,"An introduction to entomology, or, Elements of the natural history of insects : ","But you will here, perhaps, ask— How can a pupa in her envelope, with all her limbs set fast, do this? This affords another instance of the wise provision of the beneficent Father of the universe for the welfare of his creatures. The antennze and legs of this tribe of insects, when they are pupz, are not included, as is the case with most that are quiescent in that state, in the general envelope; but each in a separate one, so as to allow it free motion. ‘Thus the insect when the time is come for its last change can use them (except the hind-legs, which being partly covered by the wing-cases remain without motion) with ease.",,,"The insect's anatomical arrangement is presented as a provision by the ""Father of the universe"" for the creature's welfare, and the free motion of the limbs is its purpose. This is explicitly purpose-directed and divinely grounded, so it is DT.",65745,bhl_132529,841
34,divine_teleology,1800_1829,1824,The conchologist's companion; comprising the instincts and construction of testa,"These feeble shell-fish have few attractions to recommend them, yet they are wonderfully made ; and many of the humblest in the estimation of their fellow CTeatures are endowed with qualities deserving of our warmest approbation and regard. Let us also, my friend, remember, that the same Almighty Being, who furnishes the defenceless Pholas with the means of forming a secure abode in the hardest substances ; who provides the dwelling of the Triton with a door, by tlie aid of which it excludes the rough beating of a bois¬ terous sea ; who enables the feeble Chiton to fold itself in a coat of mail, resendiling a perforated pebble, and thus elude the vigilance of its marine REFLECTIONS,",,,"This passage attributes specific protective functions of animal traits and dwellings to the 'Almighty Being.' Because it combines function or end ('secure abode,' 'excludes,' 'elude') with explicit divine provision, it is divine_teleology.",147972,bhl_248827,146
35,divine_teleology,1800_1829,1828,An introduction to entomology: or Elements of the natural history of insects: wi,"If 1 might hazard a conjecture, I should say that these organs were given to this animal by an all-provident Creator, to enable it to push itself forward, when in the heart of some tree it emerges from the pupa, that it may escape from its confinement. Another kind of moveable appendages are attached to the thorax of Lepidoptera, usually in the form of a pair of concavo-convex scales covered externally with a tuft of hairs?.",,,"The organs are explicitly said to be given by 'an all-provident Creator' in order to enable the animal to move and escape confinement. That states both divine source and functional purpose, which is the hallmark of divine teleology.",8131,bhl_54472,1696
36,divine_teleology,1830_1849,1830,The gardens and menagerie of the Zoological Society delineated,"Cuvier, that no process of reasoning a priori could have led to the conclusion that a parted hoof necessarily implied the existence of ruminating sto¬ machs ; but the universality of the fact, ascertained by observation, compels us to admit that this mutual dependence of parts having no immediate relationship Avith each other is the work of an overruling power, acting upon a uniform system, and in pursuance of a definite design.",,,"The passage names animal parts ('parted hoof,' 'ruminating stomachs') and concludes their coordinated arrangement is due to 'an overruling power' acting 'in pursuance of a definite design.' That is a direct attribution of purposive organization to divine agency.",149341,bhl_250965,695
37,divine_teleology,1830_1849,1832,The animal kingdom : arranged in conformity with its organization,"Some of tliem are omnivorous — such are the Termites, Ants, &c., whose ravages are but too well known. Several of those which are carnivorous, and all the species which feed on dead animal matters, &c., are a benefit conferred on us by the Author of Nature, and somewhat compensate for the inconvenience and injury we experience from the others.",,,"This explicitly characterizes certain animals by the beneficial role they serve and grounds that role in 'the Author of Nature.' That satisfies both purpose and divine attribution, making it divine_teleology rather than merely non_divine_teleology.",210565,bhl_108360,1692
38,divine_teleology,1830_1849,1834,"The natural history of the order Cetacea, and the oceanic inhabitants of the Arc","Thus we find great strength within a small space in this limb, because it was there required : thus illustrating the beauty of Providence, in accommodating every part to the office it is designed to perform.",,,"The limb is said to have strength where required and every part is accommodated to the office it is designed to perform, with that purposive fitting attributed to ""Providence."" That is explicit divine teleology.",2093,bhl_18367,357
39,divine_teleology,1830_1849,1834,The conchologist,"The species are very numerous: nearly seventy are found in Great Britain. The all-wise Creator has denied to these animals the use of feet and claws, to enable them to move from place to place; but has made them ample amends, in a way more commodious to their habits and mode of life, by the broad skin along each side of the belly, and the power of motion which this possesses.",,,This explicitly states both divine agency ('The all-wise Creator') and purposive fitting of an animal part to the animals' habits and mode of life. That satisfies both conditions for divine teleology.,10366,bhl_86753,325
40,divine_teleology,1830_1849,1834,"The animal kingdom, arranged according to its organization, serving as a foundat","At the beginning of these species we will place those whose antenn, always shorter than the head, are furnished with a plumous seta. Their body is short, and frequently pilose, and the wings are distant. At the first glance these Insects resemble Bombi, and as the larve of several inhabit the nest of those Hymenoptera, it seems as if the Author of nature clothed them in a similar manner, in order that they might penetrate into their habitations without danger.",,,"The insects' form is explained as being given by the ""Author of nature"" ""in order that"" they could enter nests safely. That is a functional characterization of the insects grounded in divine intention, so it is DT.",39976,bhl_89420,1890
41,divine_teleology,1830_1849,1834,The conchologist's companion,"fields of waving corn, or clumps of the majestic wineproducing phoenix, which cluster round the native villages, “‘plead haughtily”’ for the greatness and magnificence of Him who called them into being; whilst the humble Mya, enclosed in a solid and ponderous shell, that enables it to resist the action of rapid and agitated waters, tells us, in accents soft as the dew of Heaven, that ‘‘ His tender mercies are over all his works.” The shell of the Donax resembles a wedge. It is broad and thick at one end, and gradually tapers towards the other: a construction which considerably assists the animal in excavating his subterraneous dormitory.",,,"The passage characterizes the Donax shell by the purpose it serves—assisting the animal in excavation. Although nearby sentences invoke God, this extract's core evidence is the functional characterization of the animal part within a divine-themed passage, supporting divine_teleology.",16061,bhl_54278,127
42,divine_teleology,1830_1849,1834,The conchologist's companion,"The common Chickweed, and the different species which constitute the genus Helix, are apparently of little worth: yet the former, during winter, is nearly the sole support of innumerable flocks of birds; and, without the latter, a considerable proportion of the animal creation would be entirely destitute of food. In the formation of both, the Creator has deviated from his usual course, to provide for their security, and to compensate for all their various and necessary defects. The numerous species which compose the genus Helix; Snail, or Spiral, are principally land or freshwater shell-fish.",,,"This passage assigns Helix and chickweed roles in sustaining other animals and says the Creator formed them to provide for their security and compensate their defects. It combines purpose with explicit divine agency, making it divine_teleology.",16061,bhl_54278,277
43,divine_teleology,1830_1849,1834,The conchologist's companion,"Some inhabit ditches and stagnant waters, where they afford a constant supply of food to such birds as frequent their banks; others, no doubt with the same benevolent design, incrust marine plants in sandy barren places, near the sea; a large proportion remain concealed in the deep recesses of the ocean, where they furnish food to the finny tribes; others adhere to floating sea-weeds, and abundantly supply the wants of marine birds; and, lastly, exotic snails abound in many uncultivated regions of the globe, where they frequently afford a welcome repast to the fainting traveller. In some species of Univalves the forms of the con424 CONCHOLOGIST’S COMPANION.",,,"The passage assigns snails purposive roles—feeding birds, fish, and humans—and explicitly frames this as 'the same benevolent design.' That couples function with divine-style intentional design, so it is divine_teleology rather than mere NDT.",16061,bhl_54278,211
44,divine_teleology,1830_1849,1834,The conchologist's companion,"BIVALVES. 39 Nothing, then, is wanting to this feeble creature ; the same Almighty Being who hurls the tempest from his hand, provides for its security amid the fury of the storm. And yet, this is but a single member of a numerous family, and the family itself but a small colony of the myriads of shell-fish that extend from the Line to the Frozen Ocean. The remaining divisions of the genus Ostrea, consist of those which, in substance, form, and colouring, are more nearly allied to the common or eatable Oyster.",,,"The oyster is described as provided for by an 'Almighty Being' specifically for its 'security,' which assigns a protective purpose to the animal under divine governance. That is divine teleology, not just description or divine causation alone.",16061,bhl_54278,72
45,divine_teleology,1830_1849,1834,"The natural history of the order Cetacea, and the oceanic inhabitants of the Arc","existence of a God, for "" Each shell, each crawling insect, holds a rank Important in the plan of Him who form'd This scale of beings, holds a rank which lost, Would break the chain, and leave a gap Which nature's self would rue."" And, secondly, that every branch of Natural History is fully capable of yielding us innumerable objects for the formation of a pleasing, scientific, and even religious study.",,,"This explicitly assigns shells and insects a rank and role within the divine plan of their maker. It therefore states both purpose/order and divine grounding, which is exactly divine teleology.",2093,bhl_18367,829
46,divine_teleology,1830_1849,1836,On the Natural History and classification of Birds : vol. I and II,"I he smallest tongues are found among the night-jars and swallows, — two groups which are at the same time Qistinguished by the largest mouths ; but here, again, as in tnousand other instances, we may perceive that beautiful principle of design which pervades all nature. The nabits of the ducks render it essential that the tongue JoLnal‘„nho”uSirS No. ON THE CTiASSIFIOATION OF BIRDS.",,,"The passage links bird anatomy to a 'principle of design' pervading nature and immediately connects tongue structure to what ducks require, satisfying both purpose and divine-design language. That makes it DT rather than merely functional NDT.",130870,bhl_225917,123
47,divine_teleology,1830_1849,1838,A history of the British zoophytes,"As zoophytes are, iTiany of them, covered with a stony coat, the Creator has been pleased that they should receive nourishment by their naked flowers.",,,"This explicitly names an animal kind ('zoophytes') and says 'the Creator has been pleased' that they nourish themselves in a certain way, combining function ('receive nourishment') with divine intention. That satisfies both purpose and divine grounding.",110844,bhl_194155,54
48,divine_teleology,1830_1849,1838,"The entomologist's text book : an introduction to the natural history, structure","It was necessary, therefore, not only that the various articles should be divested, as much as possible, of technicality, but also that the attention of the reader should be constantly directed to the uses of organs of which the descriptions were laid before him; thus not only imparting to the subject a greater degree of interest, than though bare descriptions and technicalities had been given; but, which was of far higher importance, proving that in all the various formations exhibited by these tribes of animals, an All-wise Creator had bestowed those various structures for the performance, in the most satisfactory manner, of their different functions.",,,"The extract explicitly says animal structures were bestowed by an All-wise Creator for performing different functions. That clearly joins functional purpose to divine design, which is the hallmark of divine_teleology.",39827,bhl_88595,2
49,divine_teleology,1830_1849,1842,The breeds of the domestic animals of the British Islands,"At the limits, and beyond them, of the region of the Goat and the Sheep, exists a creature fitted by a bounteous Providence to subsist on the herbs of the arctic zone, and yield its milk for human support in lands of ice and snow.",,,"The animal is explicitly said to be ""fitted by a bounteous Providence"" and assigned purposes—subsisting there and yielding milk for human support. This is a clear case of purposive characterization grounded in divine agency.",159881,bhl_267965,1431
50,divine_teleology,1830_1849,1843,Lectures on the comparative anatomy and physiology of the invertebrate animals :,"The human species is characterised by the prolonged dependence of a slowly maturing offspring on parental cares and affections, in which are laid the foundations of the social system, and time given for instilling those principles on which Man’s best wisdom and truest happiness are based, and by which he is prepared for another and a higher sphere of existence. In this destination alone may we discern an adequate end and purpose in the great organic scheme developed upon our planet.",,,The passage defines the human species partly by a purposive developmental/social role and explicitly grounds that role in a higher destination and 'end and purpose' within the organic scheme. That makes it teleological and specifically divine-facing rather than merely functional.,113849,bhl_198288,80
51,divine_teleology,1830_1849,1843,The system of nature: an essay,"SYSTEM OF NATURE. the ant-eater and Echidna; it has .the same slenderness ; the same extraordinary extensibility ; the same viscid co¬ vering ; and is always employed for the same purpose. Again, the wryneck (Yunx Torquilla) “ is a feathered anteater , and is organized by its Creator to entrap its prey by the very same means as the quadruped ones.",,,"The wryneck is characterized functionally as organized 'to entrap its prey,' and that organization is explicitly attributed to 'its Creator.' This is therefore divine teleology, not merely non-divine functional description.",164291,bhl_273993,96
52,divine_teleology,1830_1849,1845,The natural history of animals,"Some exqrusitely beautiful, adorned with perfect elegance and symmetry of shape, others of hideous mien and rude uncouth exterior, but all agents in one great scheme, blindly fulfilhng duties that promote the general weal, and all concurring to produce one grand harmonious whole. No matter how dissimilar in their organization, or contrary in their habits ; whether they be feeble, and apparently impotent, or gifted \Hth strength and ferocity enabling them to domineer over their cohabitants of the realms of ocean ; whether they be the tyrants or the victims in that wide warfare that is perpetually carried on wherever animals are found, they are ahke mutually dependent, alike indispensable to the integrity of the mighty plan of Creation.",,,"This explicitly says animals are 'indispensable' to the 'plan of Creation,' grounding their role in a divine plan while also assigning them a purposive place in a larger whole. That satisfies both purpose and divine attribution, making it divine teleology rather than merely functional NDT.",113852,bhl_198291,301
53,divine_teleology,1830_1849,1846,"Lectures on the comparative anatomy and physiology of the vertebrate animals, de","The human species is characterised by the prolonged dependence of a slowly maturing offspring on parental cares and affections, in which are laid the foundations of the social system, and time given for instilling those principles on which Man’s best wisdom and truest happiness are based, and by which he is prepared for another and a higher sphere of existence. In this destination alone may we discern an adequate end and purpose in the great organic scheme developed upon our planet.",,,"The passage characterizes the human species by a purposive destination and explicitly speaks of an 'end and purpose' in the organic scheme. Though God is not named, the higher destination and overarching purposive scheme ground the animal kind in a transcendent plan, making this divine teleology rat",13539,bhl_48186,80
54,divine_teleology,1830_1849,1846,"An introduction to entomology; or, Elements of the natural history of insects: c","Amidst this infinite variety of motions, for purposes so numerous and diversified, and performed by such a multiplicity of instruments and organs, who does not discern and adore the Great First Mover? From him all proceed, by him all are endowed, in him all move: and it is to accomplish his ends, and to go on his errands, that these little but not insignificant beings are thus gifted; since it is by them that he maintains tbis terraqueous globe in order and beauty, thus rendering it fit for the residence of his creature man.",,,"The passage says these 'beings' are gifted in order 'to accomplish his ends' and 'go on his errands,' explicitly grounding animal purpose in a divine agent. That satisfies both purpose and divine-plan conditions for divine teleology.",48405,bhl_102770,3291
55,divine_teleology,1830_1849,1846,"An introduction to entomology; or, Elements of the natural history of insects: c","A question here naturally presents itsel—Why are insects subject to these changes? For what end is it that, instead of preserving, like other animals!, the same general form from infancy to old age, they appear at one period under a shape so different from that which they finally assume ; and why should they pass through an intermediate state of torpidity so extraordinary? I can only answer that such is the will of the Creator, who doubtless had the wisest ends in view, although we are incompetent satisfactorily to discover them.",,,"The passage asks 'For what end' insects undergo these changes and answers that it is the Creator's will with 'wisest ends in view.' That directly attributes animal form and transformation to divine purpose, making it divine teleology.",48405,bhl_102770,270
56,divine_teleology,1850_1869,1851,Outlines of comparative physiology : touching the structure and development of t,"This admirable strueture, affording as it does one of those striking examples of creative wisdom and design, extends through all the ramifications of the tracheae, giving the necessary elasticity and patency to tubes destined to convey air, and to ramify like blood-vessels through all parts of the head, antennae, palpi, legs, tarsi, wings, muscular, nervous and digestive systems ; OF RESPIEATTON. the stigmata, or spiracles, are provided with muscles to open and close them, and with valves, processes, and hairs, vaHead.",,,"The passage explicitly frames the animal structure as an example of 'creative wisdom and design' and states that the tubes are 'destined to convey air.' That is purposive language grounded in a creator, so it is divine teleology rather than mere functional anatomy.",113856,bhl_198295,714
57,divine_teleology,1850_1869,1853,"American ornithology, with notes by Jardine.  To which is added a synopsis of Am","It is worthy of remark, that the females of almost’ all our splendid feathered birds are dressed in plain and often obscure colors, as if Providence meant to favor their personal, concealment, and, consequently, that of their nest and young, from the depredations of birds of prey; while, among the latter, such as Eagles, Owls, Hawks, &c., which are under no such apprehension, the females are uniformly covered with richer-colored plumage than the males, ° The Summer Red-Bird delights ina flat, sandy country covered with wood, and interspersed with pine-trees, and is consequently more numerous towards the shores of the Atlantic than in the interior.",,,"This explicitly assigns a protective purpose to the plumage of female birds and grounds that purpose in 'Providence.' Because it joins function with divine intention, it is divine_teleology rather than merely non-divine functional description.",56939,bhl_117790,360
58,divine_teleology,1850_1869,1853,"American ornithology, with notes by Jardine.  To which is added a synopsis of Am","If the conjecture be well founded, we may, with some certainty, place this useful and delightful companion and friend of the human race as the first in order of birds of passage. Nature has furnished it with a long, strong, and nervous pinion; its legs are short, too, so as not to impede its passage; the head and body are flattish ; in short, it has every indication fram bodily formation, that Providence intended it as a bird of the longest flight.",,,"The bird is characterized by anatomical features in relation to the function of long flight, and that intended function is explicitly ascribed to 'Providence.' This is therefore divine_teleology rather than mere structural classification.",56939,bhl_117790,2090
59,divine_teleology,1850_1869,1854,The naturalist's library : containing scientific and popular descriptions of man,"The slow progress of the science of entomology has left to be discovered by future inquirers, many of the uses of insects in the economy of nature. From what is known, however, of certain races, the analogical inference, regarding the whole, may be deduced, as equally proofs of Divine wisdom and beneficence. Myriads of these small and incessant workers, by their feeding on dead, decayed, or excrementitious matters, not only preserve the atmosphere in purity, but themselves enjoy the blessings of existence.",,,"This passage asserts that insects have 'uses in the economy of nature' and links those uses to 'Divine wisdom and beneficence.' It therefore combines functional purpose with explicit divine grounding, satisfying both conditions for divine teleology.",41446,bhl_91457,3877
60,divine_teleology,1850_1869,1854,The naturalist's library : containing scientific and popular descriptions of man,"While animals, useful to others, are produced in amazing numbers, the fecundity of others, whose physical powers might otherwise give them a superiority, are limited, and species apparently the most defenceless, are provided with means of protection, which insure their perpetuity. To Man alone, as the intelligent head of the whole, is given the dominion over the inferior creatures; his reason has enabled him to apply to his use the whole of the organized and inorganic bodies around him, and left him, within certain limits, the accountable Master of the creation.",,,"The passage characterizes animals by the protective means and balancing roles they are provided with, and frames the whole order as assigned within creation, culminating in man's given dominion. That is purposive language grounded in a created order, so it is divine rather than merely functional.",41446,bhl_91457,70
61,divine_teleology,1850_1869,1857,"Insect architecture: to which are added, Miscellanies, on the ravages, the prese","The bee has leamt nothing by practice ; she makes her nest but once in her life, but it is then as complete and finished as if she had made a thousand. She has no pattern before her — but the Architect of all things has impressed a plan upon her mind, which she can realize without scale or compasses. Her two sharp teeth are the only tools with which she is provided for her laborious work ; and yet she bores a tunnel, twelve times the length of her own body, with greater ease than the workman who bores into the earth for water, with his apparatus of augurs adapted to every soil.",,,"The bee's nesting activity is presented as guided by a divinely impressed plan: the 'Architect of all things' has given her mind its pattern. That is a purposive characterization grounded explicitly in divine agency, so it is DT rather than merely functional NDT.",8433,bhl_201567,138
62,divine_teleology,1850_1869,1857,"Insect architecture: to which are added, Miscellanies, on the ravages, the prese","The bee has leamt nothing by practice ; she makes her nest but once in her life, but it is then as complete and finished as if she had made a thousand. She has no pattern before her — but the Architect of all things has impressed a plan upon her mind, which she can realize without scale or compasses. Her two sharp teeth are the only tools with which she is provided for her laborious work ; and yet she bores a tunnel, twelve times the length of her own body, with greater ease than the workman who bores into the earth for water, with his apparatus of augurs adapted to every soil.",,,"The bee's behavior is presented as guided by a plan impressed by 'the Architect of all things,' explicitly grounding the animal's purposive activity in divine intention. That satisfies both purpose and divine attribution, making it divine teleology.",8433,bhl_201567,136
63,divine_teleology,1850_1869,1857,Popular history of the aquarium of marine and fresh-water animals and plants,"Is this a life for a rational and responsible creature to lead ? ” We may say to the last question, “ Perhaps not ;” but it 92 POPULAR HISTORY OF THE AQUARIUM. is nevertheless a very good sort of life for an Anemone to lead, for it is that in which God has placed it, and it fulfils the end for which it was created.",,,"This explicitly says the anemone fulfils an end and that this end comes from God, satisfying both purpose and divine grounding. It is therefore divine teleology rather than mere divine causation.",10536,bhl_41452,174
64,divine_teleology,1850_1869,1859,"The domestic animals: embracing. I, The horse-to breed, break, feed, manage and ","WONDERFUL INSTINCTS AND CONTRIVANCES OF BEES.— The contrivances of bees in the construction of their combs are amongst the most wonderful works of God, as regards insect creation. “ The form of the comb is in every country the same, the proportions accurately alike, the size the same, to the fraction of a line — go where you will, and the form is proved to be that which the most refined analysis has enabled mathematicians to discover, as of all others the best adapted for the purpose of saving room, work, and materials.",,,"The passage presents bees' comb-building as one of the 'works of God' and immediately characterizes the comb's form by its purpose of saving room, work, and materials. Because purposive adaptation is explicitly linked to God, it is divine teleology rather than mere functional description.",135299,bhl_231490,1446
65,divine_teleology,1850_1869,1859,"On the classification and geographical distribution of the Mammalia, being a lec","The human species is characterised by the prolonged dependence of a slowly maturing offspring on parental cares and affections, in which are laid the foundations of the social system, and time given for instilling those principles on which Man’s best wisdom and truest happiness are based, and by which he is prepared for another and a higher sphere of existence. In this destination alone may we discern an adequate end and purpose in the great organic scheme developed upon our planet.",,,"The passage characterizes the human species by a purposive developmental arrangement and explicitly speaks of an 'end and purpose' in the 'great organic scheme.' The higher destination of man grounds the functional characterization in a larger providential scheme, making this divine rather than mere",1178,bhl_15975,47
66,divine_teleology,1850_1869,1859,The illustrated natural history,"The shake annihilated fear, and allowed no sense of horror in looking round at the beast. This peculiar state is probably produced in all animals / killed by the carnivora ; and, if so, is a merciful provision by our benevolent Creator for lessening the pain of death.”",,,The passage assigns a purpose to a state affecting animals—lessening the pain of death—and explicitly attributes that provision to the Creator. That satisfies both purpose and divine grounding.,15229,bhl_53034,875
67,divine_teleology,1850_1869,1860,Vestiges of the natural history of creation,"They are always perfect animals ; in many instances they are of large bulk as compared with other genera of their own orders, and are sometimes not without traits of organization calculated to excite our admiration. It is perfectly evident, in all of them, that they have been well fitted by creative wisdom for the part they had to play in the field of life.",,,"The animals are said to be 'fitted by creative wisdom' for a 'part' they 'had to play,' explicitly combining function with divine design. That makes the passage divine teleology rather than merely functional NDT.",2052,bhl_18182,300
68,divine_teleology,1850_1869,1860,Vestiges of the natural history of creation,"In making the desire of food, for example, with us an indefinite mental manifestation, instead of the definite one which it mainly is amongst the lower animals, the Creator has given us a means of deriving far greater gratifica-. tions from food (consistently with health) than the lower animals generally appear to be capable of. He has also given us reason to act as a guiding and controlling power over this and other propensities, so that they may be prevented from becoming causes of malady.",,,This explicitly attributes animal and human appetitive endowment to “the Creator” and states the purpose of that endowment—greater gratification and regulated health. It therefore satisfies both purpose and divine-grounding conditions for DT.,2052,bhl_18182,915
69,divine_teleology,1850_1869,1860,Vestiges of the natural history of creation,"By the same light we are enabled to see more clearly than ever the providential arrangement with respect to the various characters of animals : some to draw nutriment directly from the vegetable kingdom ; others to keep the numbers of these in check, and prevent their carcases from cumbering the earth — to be, in fact, a medium for returning their constituent substances to the atmosphere from which these were originally extracted by the vegetation \ others again destined to a higher and more intelligent enjoyment than either, and turning animal as well as vegetable substances to their use.",,,"The passage explicitly describes a ""providential arrangement"" and assigns different kinds of animals purposes or ends within that arrangement. Because the functional roles are grounded in providence, this is divine teleology rather than merely non-divine functional description.",2052,bhl_18182,747
70,divine_teleology,1850_1869,1861,"The principles of breeding, or, Glimpses at the physiological laws involved in t","Animals in cold climates are provided with a thicker covering of hair than in warmer ones. Indeed, it is said that in some of the tropical provinces of South America, there are cattle which have an extremely rare and fine fur in place of the ordinary pile of hair. Various other instances could be cited, if necessary, going to show that a beneficent Creator has implanted in many animals, to a certain extent, a power of accommodation to the circumstances and conditions amid which they are reared.",,,"This explicitly attributes an animal capacity—accommodation to circumstances—to a beneficent Creator, presenting it as a divinely bestowed feature serving a purpose. It is therefore divine teleology rather than merely causal theism.",57458,bhl_118407,58
71,divine_teleology,1850_1869,1863,"Principles of zoölogy : touching the structure, development, distribution, and n","The organs of progression in vertebrated animals never exeeed four in number, and to them the term dimds 1s more particularly applied. The study of these organs, as characteristic of the different groups of vertebrate animals, is most interesting, especially when prosecuted with a view to trace them all back to one fundamental plan, and to observe the modifications, oftentimes very slight, by which a very simple organ is adapted to every variety of movement. No part of the animal structure more fully illustrates the unity of design, or the skill of the Intellect which has so adapted a single organ to such multiplied ends.",,,The passage characterizes vertebrate limbs as adapted to ends and explicitly grounds that purposive adaptation in an 'Intellect' and 'unity of design.' That makes it teleological in a divine sense rather than merely functional.,39636,bhl_88092,216
72,divine_teleology,1850_1869,1866,British bees : an introduction to the study of the natural history and economy o,"Yet under every circumstance the wise arrangements of Providence suffice, for everything has its enemies or its parasites, which are also enemies, but frequently in disguise. For defence there is an implanted instinctive fear, or abhorrence; and the creature is then left to its skill, prudence, or strength, either to evade or to mitigate, to the extent of its capability, the danger of the attack. 110 BRITISH BEES.",,,"The passage characterizes animals as equipped for the purpose of defence and explicitly attributes this arrangement to 'Providence.' Because it combines functional characterization of animal instinct with divine grounding, it is divine teleology rather than merely non-divine teleology.",54569,bhl_115162,275
73,divine_teleology,1850_1869,1868,The ocean world : being a descriptive history of the sea and its living inhabita,"Attached each to its cell, they are driven to trust in Providence lor the food which never fails thorn ; moreover, what is eaten by each mouth profits the whole community. Urged on by a wonderful instinct, the polypes labour together at the same work; isolated, they would be weak and helpless ; in combination, they are strong.” M.",,,"The polypes are described as existing within a providential order: they 'trust in Providence for the food' they receive, and their communal labor is presented as part of that arrangement. This links animal life and its functional organization to divine governance, making it divine_teleology rather t",120024,bhl_209964,362
74,divine_teleology,1850_1869,1869,Our own birds; a familiar natural history of the birds of the United States,"With them commences the fourth order, Scansores or Zygodactyli, the Climbers, If we examine closely, we will find that the peculiarities of conformation of this order are very marked, and display in a wonderful degree the wisdom of the Creator in supplying His creatures with means precisely adapted to their wants. The food of the Woodpecker consists principally of insects and their eggs, which are deposited beneath the bark of decayed trees. In order to obtain these, it is gifted with a large, heavy looking, hammer-shaped head, and rather a long, sharp-pointed, and powerful bill, with which it strips away the bark by repeated blows, until it has uncov132 _ INSESSORES.",,,"The passage explicitly attributes the birds' conformation to 'the wisdom of the Creator' and says these means are 'adapted to their wants.' That is a clear claim that animal traits serve divinely intended purposes, not just secular function.",57846,bhl_118881,260
75,divine_teleology,1870_1889,1872,Fourteen weeks in zoology,"The Domestic Ox evinces no trace of its origin or that of its numerous varieties. Endowed by the Creator with inherent qualities adapting the genus to easy acclimation, it is everywhere found the companion of civilized man. There are in this country three noted breeds, each distinguished for peculiar excellencies. * The Short Horn, or Durham, from Durham county, England, * A careful study of Figs. 84, 85 and 86 will clearly define the points of distinction in these varieties, and enable the student to identify each in a herd or at a Fair, CLASS MAMMALS: ORDER UNGULATA. 61 Fig. 85.",,,"This passage attributes the ox's adaptive qualities to 'the Creator' and characterizes the genus by those qualities as suited to a role with humans. Because purpose/adaptation is explicitly grounded in divine endowment, it is divine teleology rather than merely non-divine function.",54964,bhl_115591,145
76,divine_teleology,1870_1889,1872,The ocean world: being a description of the sea and some of its inhabitants,"Those warlike engines, those arms of attack and defence with which man surrounds himself, Nature has freely bestowed on these little creatures with which the ocean swarms in some places. It might be said that, after having created these graceful creatures to ornament and decorate the depths of the ocean, the Creator was so pleased with his work that he furnished them with arms for their protection and defence against all attacks from without.",,,The passage explicitly assigns these sea creatures purposes—'to ornament and decorate' and to have arms 'for their protection and defence'—and grounds those purposes in 'the Creator.' That satisfies both purpose and divine attribution.,55370,bhl_116039,377
77,divine_teleology,1870_1889,1872,The natural history of birds: a popular introduction to ornithology,"SUCH are the feathered tribes; thus widely are they spread through every region, whether to ornament the loveliness of Nature, or fulfil, each in its separate sphere of usefulness, the will of H1M who sends them forth on their respective missions. Before the curtain falls on this grand spectacle, we may remark how very simple are the means employed to obtain such infinite results, such strange diversity of forms, of habits, and of instincts CONCLUSION. 445",,,Birds are here defined by purposes they serve—ornamenting nature and fulfilling a 'sphere of usefulness'—and those purposes are explicitly tied to 'the will of HIM who sends them forth.' That makes the passage divine teleology.,13605,bhl_48286,1592
78,divine_teleology,1870_1889,1872,The natural history of birds: a popular introduction to ornithology,"The females lay their eggs, which are generally numerous, upon the ground in some sheltered situation. The young are usually able to run as soon as they leave the egg; but at night, or on the approach of danger, they shelter themselves under the wing of their mother. The Galline may be generally described as being that Order more especially set apart by their Great Creator for the service of man. Hence they are more easily domesticated than any other birds; their flesh is the most palatable and their fecundity the greatest.",,,"This explicitly defines the order Gallinae by a purpose, 'for the service of man,' and explicitly grounds that purpose in 'their Great Creator.' That satisfies both requirements for divine_teleology.",13605,bhl_48286,980
79,divine_teleology,1870_1889,1872,Fourteen weeks in zoology,"Being an air-breathing animal, it must come quickly to the surface; hence its tail * is flattened horizontally instead of vertically, that a rapid stroke may throw up the head. Its skin consists of interlaced fibres, among which the fat is diffused to the depth, in some instances, of two feet,f forming the “blubber.” A wise Creator adapted this thick, nonconducting, India-rubber-like coating to withstand the tremendous pressure of the water { and to protect the body from the freezing cold. § To keep the water out of the Jungs when diving, the blowholes are provided with valves that, like a cork in a bottle, close more firmly the greater the pressure outside.",,,"The whale is described in terms of what its parts are for, and the blubber's protective function is explicitly attributed to 'A wise Creator.' That combination of function and divine adaptation makes this divine_teleology.",54964,bhl_115591,199
80,divine_teleology,1870_1889,1874,The life and habits of wild animals,"As we look upon their structure, so adapted to the life they are destined to live, so wonderfully fitted to the sphere they are formed to fill, how limitless appears the resources of Creative Power, which, having bestowed upon the land its countless forms of beauty, brings to the deep its own creatures made to dwell amid the mighty waves, or to sport over their everchanging surface!",,,"The creatures are described as 'adapted,' 'fitted,' and 'made to dwell' in a particular sphere, which is purposive language about what they are for. That purpose is explicitly tied to 'Creative Power,' making this divine teleology.",56211,bhl_116960,130
81,divine_teleology,1870_1889,1875,Elements of zoölogy : a textbook,"CONCLUDING REMARKS. 497 or a Radiate, or a Mollusk, or an Articulate, or a Vertebrate, so clearly, that by patient study, the student of nature is able to refer every one of to-day, and of by-gone ages, to its appropriate type — we are impressed with the great truth, that in the Animal Kingdom — and it is so in all nature — there is the greatest possible diversity, and that in this diversity there is perfect unity ; and hence we are forced to believe that all the animals of the past, and all those of the present, have appeared in accordance with a plan wrought out in the Divine Mind before the foundation of the world.",,,"This explicitly claims that all animals appear according to a plan in the Divine Mind, grounding the order of animal life in divine intention. That is precisely divine teleology, not a merely structural observation.",1749,bhl_16827,1211
82,divine_teleology,1870_1889,1876,"The history of creation, or, The development of the earth and its inhabitants by","The organic species, the various conceptions of which we have above designated as the real centre of dispute in the opposed views of creation, is looked upon by Agassiz, as by Cuvier and Linnzeus, as a form unchangeable in all its essential characteristics. The species may indeed change AGASSIZ ON CREATION, 63 and vary within certain narrow limits; never in essential qualities, but only in unessential points. No new species could ever proceed from the changes or varieties of a species. Not one of all organic species, therefore, is ever derived from another, but each individual species has been separately created by God. Each individual species, as Agassiz expresses it, is “an embodied creative thought ” of God.",,,"The species are characterized as divine creations and specifically as 'an embodied creative thought of God,' which makes their being grounded in divine intellect. This is more than causal creation alone because it identifies what species are in relation to God's thought.",45871,bhl_99235,142
83,divine_teleology,1870_1889,1878,"The bee and white ants, their manners and habits; with illustrations of animal i","The young bee just emerged from the cell, sets about the highly geometrical process of constructing its complicated hexagonal comb, and accomplishes its work with as much facility and perfection as the oldest inhabitant of the hive. 3. Instinct operates sometimes, but not invariably, by the intervention of physical appetite. Thus animals seek food, and the union of the sexes, not with the purposes which Nature designs to attain by these acts, but for the mere pleasure attending the gratification of appetite and passion. This pleasure is the bait which the Creator throws out to allure them to do what is indispensable for the preservation of the individual and the continuance of the species.",,,"The passage explicitly states the purpose of animal appetites—preservation of the individual and continuation of the species—and attributes that purposive arrangement to ""the Creator."" That combines function with divine design, making it DT.",54571,bhl_115164,657
84,divine_teleology,1870_1889,1878,"American ornithology, or, The natural history of the birds of the United States ","Le Brunet, Burr. 1v., 138.—Le Pingon de Virginie, Briss. 111., 165.—Cowpen-bird, Caress. 1., 84.—Larn. 11., 269.—Arct. Zool. 11., p. 371, No. 241.—Sturnus stercorarius, BartRAM, p. 291.t 3 THERE is one striking peculiarity in the works of the great Creator, which becomes more amazing the more we reflect on it; namely, that he has formed no species of animals so minute, or obscure, that are not invested with certain powers and peculiarities, both of outward conformation and internal faculties, exactly suited to their pursuits, sufficient to distinguish them from all others; and forming for them a character solely and exclusively their own.",,,"This explicitly says the 'great Creator' formed species of animals with powers and conformations 'exactly suited to their pursuits.' That combines purposive fit with divine authorship, satisfying both conditions for divine teleology.",7986,bhl_116911,2048
85,divine_teleology,1870_1889,1878,"The bee and white ants, their manners and habits; with illustrations of animal i","Instinct operates sometimes, but not invariably, by the intervention of physical appetite. Thus animals seek food, and the union of the sexes, not with the purposes which Nature designs to attain by these acts, but for the mere pleasure attending the gratification of appetite and passion. This pleasure is the bait which the Creator throws out to allure them to do what is indispensable for the preservation of the individual and the continuance of the species. Thus, although animals seek food to satisfy hunger, the act is still instinctive.",,,"The passage says animal appetites function to preserve the individual and continue the species, and explicitly attributes this purposive arrangement to 'the Creator.' That makes it divine_teleology rather than merely functional NDT.",54571,bhl_115164,658
86,divine_teleology,1870_1889,1878,"American ornithology, or, The natural history of the birds of the United States ","Heaven has wisely and graciously given to these birds rapidity of flight, and a disposition to range over vast uncultivated tracts of the earth; otherwise they must have perished in the districts where they resided, or devoured up the whole productions of agriculture, as well as those of the forests.",,,"The passage explicitly says 'Heaven' gave these birds traits for a purpose: so they would survive and not devastate agriculture. That satisfies both purpose and divine grounding, making it divine teleology rather than mere functional description.",7986,bhl_49596,2965
87,divine_teleology,1870_1889,1879,Our own birds; a familiar natural history of the birds of the United States,"With them commences the fourth order, Scansores or Zygodactyli, the Climbers, If we examine closely, we will find that the peculiarities of conformation of this order are very marked, and display in a wonderful degree the wisdom of the Creator in supplying His creatures with means precisely adapted to their wants. The food of the Woodpecker consists principally of insects and their eggs, which are deposited beneath the bark of decayed trees. In order to obtain these, it is gifted with a large, heavy looking, hammer-shaped head, and rather a long, sharp-pointed, and powerful bill, with which it strips away the bark by repeated blows, until it has uncov132 INSESSORES.",,,"The woodpecker's conformation is described as precisely adapted to its needs, and that adaptation is explicitly attributed to ""the wisdom of the Creator."" Because the passage combines organ function with divine design, it is divine teleology rather than mere non-divine functionalism.",1187,bhl_49591,251
88,divine_teleology,1870_1889,1880,"The wonders of the great deep, or, The physical, animal, geological, and vegetab","This is a very remarkable instance of the Divine care over the little creatures which rear these solid structures; they appear to be endowed with an instinctive knowledge, that if the reef were carried uninterruptedly along from one point to another, so as completely to shut in the lagoon, the water within would soon become unfit to support their existence, and would ultimately be dried up.",,,"The animals are said to be under ""Divine care"" and endowed so that their behavior preserves conditions needed for life. That combines purpose with explicit divine grounding, satisfying both conditions for divine teleology.",55316,bhl_115979,386
89,divine_teleology,1870_1889,1880,"Natural history of British fishes; their structure, economic uses and capture by","It will be perfectly impossible to understand aright the natural habits of the salmon unless we regard them from the proper point of view, viz., that the goings and comings of these curious migratory creatures are independent of human interference, and that they simply obey the Divine laws which have been laid down for them from the beginning of time. In the whole history of the salmon we may discern a wonderful order and foresight on the part of the Creator. The parent fish run up the rivers when the floods are coming down. These floods enable them to reach the only places which are fit for the hatching out of their ova.",,,"The salmon's behavior is explicitly interpreted as obeying 'Divine laws' and displaying the Creator's 'order and foresight,' while their migration serves the end of reaching places fit for hatching ova. That combines purpose with divine grounding, so it is divine_teleology.",14756,bhl_51206,874
90,divine_teleology,1870_1889,1880,"The wonders of the great deep, or, The physical, animal, geological, and vegetab","The head of one of these little creatures ‘exhibits a most astonishing display of the wisdom of God in creation. Around the mouth are placed six tentacles, each of which is covered with about three thousand red specks, which are seen by the microscope to be transparent cylinders, each containing about twenty little suckers, capable of being thrust out, and adapted for seizing and holding their minute prey.",,,"The second sentence gives the animal parts a clear purpose ('adapted for seizing and holding their minute prey'), and the first explicitly frames the structure as displaying 'the wisdom of God in creation.' Because both purposiveness and divine grounding are present, this is divine_teleology.",55316,bhl_115979,226
91,divine_teleology,1870_1889,1883,"Illustrated natural history : comprising descriptions of animals, birds, fishes,","The weight, when full grown, is that of a duck; and when it stands erect, it is five feet high. As it is aquatic, its feet are webbed ; Providence uniformly adapting creatures to their nature and mode of life. The flesh is delicate, and much resembles that of a partridge. The luxurious ancient gormandizing Romans knew the excellence of this bird for the purposes of the table, and held it in great estimation.",,,"This explicitly attributes an animal trait ('its feet are webbed') to purposive fitting by 'Providence' to the creature's mode of life. That satisfies both function/purpose and divine grounding, making it divine teleology rather than mere functional adaptation.",55416,bhl_116092,1007
92,divine_teleology,1870_1889,1883,"Illustrated natural history : comprising descriptions of animals, birds, fishes,","Considering the magnitude of the animal, its eyes are small; its ears are large, hanging down upon the side of its head. As the mouth cannot reach the ground either for eating ur drinking, Providence has furnished it with a most curious and useful member, called a proboscis.",,,"The proboscis is described as a useful member supplied by Providence in order to solve the animal's inability to reach the ground. That gives the animal part a purpose and grounds it in divine provision, satisfying divine teleology.",55416,bhl_116092,597
93,divine_teleology,1870_1889,1885,"Animate creation; popular edition of ""Our living world"" a natural history","We must follow the order of creation, and as far as our perceptions will permit, begin where the Creator began. We shall then find that no animal leads an isolated existence, for the minutest atom of animated life which God has enfranchised with an individual existence, forms, though independent in itself, an integral and necessary portion of His ever-changing yet eternal organic universe.",,,"The passage characterizes every animal as an 'integral and necessary portion' of God's organic universe, so animals are defined by a purposefully ordered place within a divine whole. This is not mere divine causation, because it asserts the animal's role in a divinely ordered system.",1241,bhl_207559,20
94,divine_teleology,1870_1889,1889,Toilers in the sea,"The lower portion has been left unoccupied, for it has become too straight for the tail, which has grown with the worm’s growth ; and the upper portion extends far beyond what may at first seem necessary, but its Creator foresaw that it was needful this lower work of His should be able at pleasure to hide the glories with which He has adorned it, — otherwise too seductive to the enemies that were enticed by the richness of the display. For its tube the worm seldom uses other material than soft mud, but in urgent need fine sand may be partially resorted to.",,,"The passage says the worm's structure was arranged because its Creator foresaw a need: to hide its adornment from enemies. That is a direct attribution of animal form to divine purpose, meeting both criteria for divine_teleology.",29659,bhl_199832,595
95,divine_teleology,1890_1909,1890,Mayhew's Illustrated horse management : containing descriptive remarks upon anat,"That Nature intentionally clothed the horse’s heels with long hair, to keep lowly-organized parts, warm and free from dust, is a fact neither thought of nor cared about. The man, specially retained to look after the quadrupeds, cuts away the provision which was instituted by theSource of all mercy ; then applies cold water to the organs GROOMS. which Wisdom saw reason to shelter, leaving the members to chill and chap, while he retires to his repose.",,,"The horse's hair is explicitly said to exist 'to keep' parts warm and dust-free, and this provision is attributed to 'the Source of all mercy' and 'Wisdom.' That satisfies both purpose and divine grounding.",112333,bhl_196207,694
96,divine_teleology,1890_1909,1895,"Natural history, lore and legend : being some few examples of quaint and by-gone","The celestial bodies, the vegetable and animal kingdoms were formed solely and entirely for man alone, as the centre round which the whole of creation revolved.",,,"The passage explicitly assigns the animal kingdom a purpose, namely existing for man, within a created order. That is a purposive characterization grounded in creation, so it is divine teleology rather than merely non-divine function.",105869,bhl_187211,195
97,divine_teleology,1890_1909,1895,The birds of North America; one hundred and nineteen artistic colored plates rep,"Heaven has wisely and graciously given to these birds rapidity of flight and a disposition to range over vast uncultivated tracts of the earth; otherwise they must have perished in the districts where they resided, or devoured the whole productions of agriculture, as well as those of the - forests.",,,"This sentence attributes specific traits of the birds to Heaven and explains those traits by the end they serve, namely preventing their extinction or agricultural devastation. It therefore combines purpose with divine attribution, satisfying both conditions for divine teleology.",65016,bhl_131600,756
98,divine_teleology,1890_1909,1899,"Rural bird life of England : being essays on ornithology, with instructions for ","Her treasured eggs are on the sandy shore, and the little sand-bird is trying to the utmost those powers which an All-wise Providence leads her to manifest for the safety of her one and all-absorbing care.",,,"The passage characterizes the bird's powers as being manifested for a purpose, namely the safety of her eggs, and explicitly grounds that purposive activity in 'an All-wise Providence.' That satisfies both purpose and divine attribution.",54029,bhl_114602,65
99,divine_teleology,1890_1909,1901,Wild life near home,"The narrow, wide-reaching wings and the long, forked tail are the perfection of lightness, swiftness, and power. A master designed him—saved every possible feather’s weight, bent from stem to stern, and rigged him to outsail the very winds. From the barn to the orchard is no great. journey; but it is the distance between two bird-lands. One must cross the Mississippi basin, the Rocky Mountains, or the Pacific Ocean to find a greater change in bird life than he finds in leaping the bars between the yard and the orchard.",,,"The bird's wings and tail are defined in purposive terms of flight performance, and that purposive fitting is explicitly attributed to a designer: 'A master designed him.' This satisfies both purpose and divine/design grounding, so it is divine_teleology.",54897,bhl_115521,260
100,divine_teleology,1890_1909,1903,"The mammals of Pennsylvania and New Jersey. A biographic, historic and descripti","That they are not always rejected may be seen by examining the lists of stomach contents and pellets or rejects of several species of hawks and owls. Some cats and dogs will eat them. The most offensive males may be generally rejected, and I doubt not this odor has a deterrent effect upon would-be offenders, acting as a preservative of the species. ‘The more I observe and inquire into the economy of the large mole shrew the more I am convinced that it is locally the most potent factor in preserving the economic equilibrium among the smaller mammalia which the Creator established as conserving the highest good of the greatest number.",,,"The large mole shrew is characterized by its role in 'preserving the economic equilibrium' among smaller mammals, and that equilibrium is explicitly said to be established by 'the Creator.' This combines function with divine plan, so it is DT.",14624,bhl_50686,1310
101,divine_teleology,1890_1909,1904,Denizens of the deep,"The amazing thing is that every individual of the countless millions feels the same impulse, obeys it at the same moment, and needs no other guide. ‘For the sake of the humans who depend upon them, it is a wonderfully valuable dispensation of Providence which compels them to seek the surface and the comparatively shallow waters near the shore to spawn, since otherwise it would be perfectly impossible to catch them.",,,This sentence assigns the animals' spawning behavior a purpose—benefiting humans who depend on them—and explicitly attributes that arrangement to 'Providence.' That is a clear case of divinely grounded purpose.,55720,bhl_116425,795
102,divine_teleology,1890_1909,1905,The wonders of life; a popular study of biological philosophy,"The energy of the plasm is wholly or partly subject to the immaterial vital force, which controls and directs the physical and chemical forces of the living matter. 3. The general regularity in the organization and in the vital processes it accomplishes is the outcome of conscious creation; it can only be explained by intelligent immaterial forces which are not subject to the law of substance. 4. All the various functions of organisms have been produced by design, the historical evolution (or phyletic transformation) being directed to a preconceived ideal end. 5.",,,"These sentences explicitly attribute the organization and functions of organisms to 'conscious creation' and 'design' directed to an 'ideal end.' That grounds organismal purpose in an intelligent immaterial creator, which is divine_teleology.",54540,bhl_115132,80
103,divine_teleology,1890_1909,1906,The animal life of our seashore. With special reference to the New Jersey coast ,"coast are inhabited by hermit crabs, which in many cases, possibly, obtained possession through the right of force of arms. Be this as it may, it is certain that the hermit has been providentially provided for, and that it has much to offer by way of gratitude to the dog-whelks.",,,"The passage characterizes the hermit crab's condition as something 'providentially provided for,' which attributes the animal's arrangement to divine purpose rather than mere description. This is more than causal creation language because it presents the animal as intentionally provided for.",55549,bhl_116234,43
104,divine_teleology,1890_1909,1908,Design in nature illustrated by spiral and other arrangements in the inorganic a,"Perhaps no better examples of the Creator’s continued presence in His work can be supplied than are afforded by the fertilisation of plants, and the organs and accessories used in this important function. These organs and accessories include the preparation of the male and female elements on the same or on different plants ; the direction and control of air currents ; the employment and guidance of insects and other animals as media for carrying and mixing the generative ingredients, &c.",,,"The extract explicitly attributes biological arrangements to 'the Creator’s continued presence' and describes organs and animals as used in an important function. That combines purposive language with divine grounding, satisfying both conditions for divine_teleology.",56768,bhl_117594,2466
105,divine_teleology,1890_1909,1908,Design in nature illustrated by spiral and other arrangements in the inorganic a,"He provides the rhythms and the intelligence, be it little or great, required by His creatures to fulfil their mission in life. To the spider, the bee, the ant, and the bird He guarantees the precise amount of intelligence for the due discharge of the duties assigned to them. Instinct always implies reason, and there must be a master mind behind animals to make sure that their acts never miscarry.",,,"The passage explicitly says these animals have duties assigned to them and that a master mind ensures they fulfill them, combining purposive animal roles with divine/intelligent ordination. That satisfies both conditions for divine teleology.",56768,bhl_117594,1653
106,divine_teleology,1890_1909,1908,Design in nature illustrated by spiral and other arrangements in the inorganic a,"Plants and animals are adapted to their habitats by the Great Designer, but they have also, up to a point, a power of adaptation in themselves. The rhinoceros was originally and is now a typical tropical or semi-tropical smooth-skinned pachyderm. When it migrated northwards, which it did at one period, to a colder climate, it grew hair, and hence the woolly species. The same is true of certain of the elephant tribe, which acted in a precisely similar fashion.",,,"The sentence directly says animals are adapted to habitats by the 'Great Designer,' combining purposive fit with explicit divine agency. The later rhinoceros example elaborates adaptation, but the primary ontological framing is divine teleological.",56768,bhl_117594,2382
107,divine_teleology,1910_1929,1911,Extinct monsters and creatures of other days : a popular account of some of the ,"However many ages ago it it was, whether millions or billions of years ago, that these primeval inhabitants of the world enjoyed their existence, the same unbroken laws of nature—the visible expressions of a Divine and All-powerful Will—were at work, fulfilling His purposes as now. Flesh and blood were then what they are now, and fulfilled the same functions. Bones grew then as they grow nowadays. ‘To those bones were attached muscles which expanded and contracted just as muscles do now. Wings were used for flying, fins and paddles for swimming, legs for walking, teeth for masticating food, just as they are now.",,,"The passage explicitly says natural laws and the animal world were 'fulfilling His purposes,' thereby attributing purpose to a divine will. The sentences about flesh, blood, and bones also characterize animal parts by their functions, but the divine grounding makes this DT rather than NDT.",40362,bhl_48937,115
108,divine_teleology,1910_1929,1911,The evolution of animal intelligence,"While it may not be necessary to define a term so well known as instinct, it may not be without interest to quote the following definitions which have been given by various writers: “We may call the instincts of animals those faculties implanted in them by the Creator, by which, independent of instruction, observation or experience, and without a knowledge of the end in view, they are all alike impelled to the performance of certain actions tending to the well being of the individual and the preservation of the species.’’— Kirpy anp Spence, Introduction to Entomology, 1858.",,,This defines animal instincts as faculties implanted by the Creator and directed toward ends: individual well-being and species preservation. It therefore combines purposive characterization with explicit divine grounding.,56034,bhl_116773,262
109,divine_teleology,1910_1929,1914,The American natural history; a foundation of useful knowledge of the higher ani,"The most wonderful feature of the Naked Bat is yet to be noticed. On seeing this species for the first time, one’s first thought is, how do the young bats cling to the parents during flight? Nature, ever wise and provident, has answered this question by placing under each arm of this bat a deep, wide pocket of rubber-like skin, in which the young are carried until they are able to fly! The mouth of this pocket is on a line between the elbow and the knee, and it extends upward and backward, over the entire shoulder, quite to the back-bone, where the two sacs are separated by a thin partition of skin.",,,"The pouch is explicitly characterized by the purpose it serves, carrying the young, and that purposive arrangement is attributed to 'Nature, ever wise and provident.' This personified, providential grounding makes the passage divine_teleology rather than merely functional NDT.",54676,bhl_118855,481
110,divine_teleology,1910_1929,1916,Studies in animal behavior,"2O Studies in Animal Behavior is expressed in the title of an earlier treatise Instinctus brutorum existensis Del, eiusdemque sapientissimi, indicem, issued in 1725. The wonderful instincts of animals cannot be explained on the basis of acquired habits ; they are innate endowments, perfectly adapted to secure the welfare of the individual animal or its progeny, and hence an irrefragable testimony to the wisdom and beneficence of the Creator.",,,"The extract states that animal instincts are 'adapted to secure the welfare' of animals and their offspring, clearly assigning them a purpose. It then grounds that purposiveness in 'the wisdom and beneficence of the Creator,' so this is divine teleology rather than mere evidence-talk alone.",57101,bhl_15705,36
111,divine_teleology,1910_1929,1916,What is instinct? Some thoughts on telepathy and subconsciousness in animals,"Why, we may ask, should feathers not be used in both cases, or in neither case, when the habits and mode of life of these two species is practically the same? We may feel sure, however, that this arrangement is not without design; when understood, nature’s adaptations are always purposeful. Again we marvel, how can the one bird know that in her case feathers must be collected and placed for a lining, and in the other that feathers must not be taken inside the nest ? Such knowledge in these tiny creatures is not of themselves, acquired, but spontaneous—of the Absolute.",,,"The birds' nesting behavior is said to be ""not without design"" and their adaptations ""always purposeful,"" with the knowledge attributed to ""the Absolute."" This is a clear claim of purposive animal arrangement grounded in a divine source, so DT.",54246,bhl_114829,86
112,divine_teleology,1910_1929,1916,Studies in animal behavior,"They grow without knowing it; they desire nothing; they know nothing, and if they act Animal Psychology, the Old and the New 17 with address, and in a manner that indicates intelligence, it is because God, in making them for selfpreservation, has constituted their bodies in such a way that they withdraw organically and without knowing it from all that can destroy them and that they seem to fear.”",,,"The passage says animals were made ""for selfpreservation"" and explicitly attributes that purpose to God. It therefore satisfies both conditions for divine teleology: purpose and divine grounding.",57101,bhl_117972,26
113,divine_teleology,1910_1929,1919,The natural history of South Africa ...,"away in the wild countries uninhabited by man, or at most, peopled by a few primitive savages, these animals are still fulfilling the mission for which the Creator evolved them.",,,"The passage explicitly says that ""these animals"" are fulfilling a ""mission"" and grounds that purpose in ""the Creator,"" satisfying both purpose and divine attribution. This is therefore divine teleology rather than merely a claim that God caused animals to exist.",54692,bhl_115304,336
114,divine_teleology,1910_1929,1922,Fur facts,"CHAPTER II AMERICAN FURS ARE POPULAR ALL OVER THE WORLD Fur bearing animals were created by a wise Providence for the use and benefit of mankind, and there is nothing that can take the place of furs for warmth, comfort and pleasure. No woman considers herself well dressed today without a piece of fur, and no woman can be really comfortable during the winter season without fur.",,,This explicitly states both that the animals were created by 'wise Providence' and that they exist 'for the use and benefit of mankind.' It therefore satisfies both the purpose and divine-grounding conditions for divine_teleology.,44584,bhl_115798,45
115,non_divine_teleology,1750_1799,1763,A New Accurate System of Natural History 1763: Vol 4,"However he means that the place where _ the heads: of other insekts terminate, in these are prolonged, so as to form the shape of a trunk, which 3 stiff, and never changes its form or position, with. out changing the head jeself. It is at the end of this - lengthened part, that the teeth are placed, or at leaf the instruments by means of which these insects take their nourishment; - One of this fort is the Scorpion Flee, so called, - because the male generally keeps the back part turned up towards the back, like that of 2 Scorpion when it is about to sting.",,,"The mouthparts are characterized functionally as instruments by which the insects take nourishment. That is a direct statement of what the part is for, with no divine grounding.",brookes|new accurate system of natural history 1763 vol,ia_bim_eighteenth-century_a-new-accurate-system-of_brookes-richard-md_1763_4,442
116,non_divine_teleology,1750_1799,1765,"A new system of geography, or a general description of the world: containing a p","The tail of this animal in some measure resembles that of a fox ; it is generally two feet long, almost flat, and covered with hair from fifteen to twenty. inches long ; it is harsh, very strong, and he can move it just as he pleases ; when he turns it upon his back, it entirely covers it, and defends him from the rain, which. he greatly diflikes. The armadillo has his head, body, and tail, covered with a shield of a bony substance, forming most beautiful scales.",,,"The armadillo's tail is characterized by what it does—covering the back and defending the animal from rain. That is a functional account of the organ, with no divine grounding.",fenning|new system of geography or a general description,ia_10807411bsb,2652
117,non_divine_teleology,1750_1799,1771,A new and accurate system of natural history. 1771: Vol 2,"Mee NN Of Birds of the SWalLow kind. B IR D:S.of the Swallow kind are distinguished from others in having a large head, a short bill, and a wide mouth, that it may catch flies more readily when it is upon the wing; the wings are also. very long, their flight fwift, and volible, that they may be able to follow their prey more speedily ; their feet are snort and fall, because they are never „ 8 N N W. a = % \ ""mY +: | eptember, to devour rice, and that both cocks and hens make a short visit together in tho WITT TIO” LSE IOC.",,,"This explicitly defines the swallow kind by the functions its parts serve: mouth for catching flies, wings for pursuing prey, feet shaped by their way of life. The purposive language is not grounded in God, so it is non-divine teleology.",brookes|new and accurate system of natural history 1771,ia_bim_eighteenth-century_a-new-and-accurate-syste_brookes-richard-md_1771_2,604
118,non_divine_teleology,1750_1799,1780,"[Histoire naturelle. English]. Natural history, ... 1780: Vol 2","The form of the nose, and its remarkable. prominency, are peculiar to the human species. Most animals have nostrils separated by a partition ; but none of them have an elevated and advanced nose. Even the apes may be said to have only nostrils; the nose of an ape has the same position as that of a man; but it is so short and flat, that it can hardly be regarded as similar. By this organ, men, and most animals, breathe, and smell odoriferous bodies, Birds have no cartilaginous nostrils ; they have only two holes or pipes for the purposes of | eats and smelling.",,,"The passage characterizes the nose and nostrils by their functions—breathing and smelling. Because the organ is defined through what it is for, without any appeal to divine purpose, this is non-divine teleology rather than mere structural description.",leclerc|natural history 1780 vol 2,ia_bim_eighteenth-century_histoire-naturelle-eng_leclerc-georges-louis-_1780_2,593
119,non_divine_teleology,1750_1799,1780,"[Histoire naturelle. English]. Natural history, ... 1780: Vol 5","Nat. de la Caroline, p. 76. +, In Louisiana, two species of squirrels are very common ; . the one is entirely similar. to those of France; the other has a little more of the ash-colour, and between the two fore-feet there is a membrane, by means of which they spring from one tree to another at considerable distances z Mem. fur la. | Louise bane, p. 81. | + The flying squirrels have received their denomination from their faculty of leaping from one tree to another, at the distance of above twenty-five or thirty feet.",,,"The class is identified by a functional capacity—its faculty of moving between trees by leaping/gliding. That is a functional characterization of what these squirrels are, with no divine grounding.",leclerc|natural history 1780 vol 5,ia_bim_eighteenth-century_histoire-naturelle-eng_leclerc-georges-louis-_1780_5,730
120,non_divine_teleology,1750_1799,1781,[Synopsis of quadrupeds]. History of quadrupeds ... 1781: Vol 2,"Grins. _ ears | like the human : 5 lessening towards the point: feet strong, and formed for digging : | shape of the body like that of a rat: size of a imail . of a dusky color: the hair rough. | s Guiana.",,,"The animal is characterized in part by a functional claim: its feet are ""formed for digging."" That assigns the body part a purpose without invoking divine design, so it is non_divine_teleology.",pennant|history of quadrupeds 1781 vol 2,ia_bim_eighteenth-century_synopsis-of-quadrupeds_pennant-thomas_1781_2,102
121,non_divine_teleology,1750_1799,1782,"The anatomy of the human bones, nerves, and lacteal sac and duct. By Alexander M","Nay, all the hollow parts of the body, even arteries, veins, &c. seem to be lined with a production of this membrane or one analogous to it, The use of this internal. coat of the stomach of fowls & to defend the more tender parts of that vi/cus from the hard rakes . and little stones those creatures take d . The digestion of these animals is performed merely | ""op attrition, as is evinced by many experiments.",,,"This characterizes a named animal part, the internal coat of the stomach of fowls, by the function it serves: protecting tender parts from hard matter. The purpose is not attributed to God, so it is non-divine teleology rather than divine teleology.",monro|anatomy of the human bones nerves and lacteal,ia_bim_eighteenth-century_the-anatomy-of-the-human_monro-alexander-md-f_1782,653
122,non_divine_teleology,1750_1799,1787,[Description of three hundred animals]. A description of above three hundred ani,"It has two horns, two grow before it, in the plaze where one would think the eyes should be; each of these has four joints, which are fringed with {mall bristles; the head seems round and ""tapering, ending in a sharp nose, which seems to have a'small hole, aud to be the. passage through which he sucks PV the blood. It hath: fix legs, covered with a very | each is divided into fix parts by these joints, and those have several small hairs; and at the end of each leg it has two very useful, claws, being thereby enabled to walk very securely both on the skin and hair.",,,The nose and claws are characterized by their functions: sucking blood and enabling secure walking on skin and hair. These are purposive descriptions of animal parts without any divine attribution.,boreman|description of above three hundred animals viz beasts,ia_bim_eighteenth-century_description-of-three-hu_boreman-thomas_1787,354
123,non_divine_teleology,1750_1799,1790,"The philosophy of natural history. By William Smellie, ... In two volumes. ... 1","When we come to treat of the hostilities of 90 THE PHILOSOPHY of animals, I hope to be able to show, wal Nature, in the formation of rapacious ere. tures, has acted with her usual wisdom, ai that beings of this kind have their uses in thei general system and oeconomy of the univerk As to the herbivorous tribes, or those an. 4 mals which feed upon grain and berg a slight variation of organs produces 0",,,"The key claim is that rapacious creatures 'have their uses in the general system and oeconomy of the universe,' which characterizes these animals by the role they serve. Because this purposive framing is attributed to Nature rather than God, it is non-divine teleology.",smelliewilliammemberoftheroyalsocietyofedinburgh|philosophy of natural history by william smellie in,ia_bim_eighteenth-century_the-philosophy-of-natura_smellie-william-member_1790_1,205
124,non_divine_teleology,1750_1799,1790,A general history of quadrupeds. The figures engraved on wood by T. Bewick. 1790,"The north-west part of Yorkshire, with all that mountainous tract of country .running towards Lancashire southward, and to Fort William northward, is occupied by a hardy, black-faced, wild-looking tribe, generally called short Sheep, which differ from our other breeds not only in the darkness of their complexions and horns, but principally in the coarse shaggy wool which they produce, not much unlike the hair growing upon a waterspaniel. Their eyes have a very sharp and wild cast; they run with astonishing agility, and seem quite adapted to the heathy mountains they inhabit.",,,"The sheep are characterized by suitability to a particular environment: they are 'adapted to the heathy mountains they inhabit.' That is a functional/ecological characterization of what this breed is, with no divine grounding.",beilby|general history of quadrupeds the figures engraved on,ia_bim_eighteenth-century_a-general-history-of-qua_beilby-ralph_1790,78
125,non_divine_teleology,1750_1799,1790,A general history of quadrupeds. The figures engraved on wood by T. Bewick. 1790,"The Civet is naturally savage, and somewhat ferocious; yet it is easily tamed, so as to be handled without danger. The teeth of this creature are Fog and sharp; but its claws are weak. It is an aCtive and-nimble animal. It leaps like a Cat, and runs with great swiftness. It lives by hunting ; surprizes small animals and birds; and, like the Weasel, will sometimes steal into the yard, and carry off poultry. —lIts eyes shine in the dark; and it is probable, that it can see well enough to pursue its prey during the night, as it is known 0 be most active at that time.",,,"The civet is characterized by its predatory role and nocturnal pursuit of prey, which defines it behaviorally and functionally. There is no divine plan invoked, so this is NDT.",beilby|general history of quadrupeds the figures engraved on,ia_bim_eighteenth-century_a-general-history-of-qua_beilby-ralph_1790,475
126,non_divine_teleology,1750_1799,1791,"The natural history of birds, ... 1791: Vol 3","Its s first” quill feathers have each a spot of white about me middle of he i inner web ; the four outer quill feathers, 9 bl J as 2 ̇ „ seem to be . in the 708 of a battle axe, at the , and are bent Ne The tail is black, the two middle 3 ingliviog to ash colour, and all the outer feathers. have the end half white on the inner * and tips: é It inhabits the more aue of 3 and feeds upon the kernels of cherries, Which it disseminates, it is injurious to gardens.",,,"The passage characterizes the bird by what it does in relation to cherries and gardens, assigning it an ecological/functional role as disseminator of kernels. This is purposive/role-based description without any divine grounding.",|natural history of birds 1791 vol 3,ia_bim_eighteenth-century_the-natural-history-of-b_1791_3,105
127,non_divine_teleology,1750_1799,1791,"[Histoire naturelle. English. Abridgement]. The system of natural history, ... 1","In this fortress the male and female hatch and bring up their brood with security, sheltered from all attacks but those of the climbing school-boy, who often finds his torn and bloody hands too dear a price for the eggs or che young ones. The magpie lays fix or seven eggs, of a pale green colour, spotted with brown.",,,"The nest is characterized functionally as a 'fortress' in which the magpie raises its brood securely, assigning the structure a protective reproductive role. This is a purposive characterization of an animal-related structure without any divine grounding.",leclerc|system of natural history 1791 vol 2,ia_bim_eighteenth-century_histoire-naturelle-eng_le-clerc-georges-louis-_1791_2,420
128,non_divine_teleology,1750_1799,1791,"[Histoire naturelle. English. Abridgments] Buffon's Natural history, abridged. I","E r Ihe inconstancy of this animal's nature is shewn by the irregularity of her actions; she walks, stops short, runs, jumps, advances, retreats, shews, then hides herself, or flies, and this all from caprice, or without any other determinate cause than her whimsical vivacity: and all the suppleness of the organs, all the nerves of the body, are scarcely sufficient for the petulance and rapidity of these. motions, which are all natural to her. =o That these animals are naturally fond of mankind, and that in uninhabited places they do not become wild, the following anecdote is a firiking confirmation.",,,"This passage characterizes the animals by a defining behavioral disposition, namely being naturally fond of mankind. That is a functional/dispositional account of the animal kind rather than a mere isolated observation.",buffon|buffon s natural history abridged including the history,ia_bim_eighteenth-century_histoire-naturelle-eng_buffon-georges-louis-le_1791,238
129,non_divine_teleology,1750_1799,1797,A short history of Insects ... designed as an introduction to the study of that ,"WATER-SCORPION. We have but three species of this genus ; all found in the water, as well as their larvae and chryfalids. The infefl sinks its eggs into the stalk of a bullrufti, or some other water-plant, fo that the egg lies concealed, and only the hairs or bristles at the end flick out* One may perceive in water these stalks loaded HEM! PTE R A#' loaded with eggs, and fee the larvae hatched under tone’s roof, These infe&s are voracious, and feed on other aquatic animals, which they pierce and tear with their {harp rostrum, while they hold them with the forceps of their forefeet, which, some fay, are their antennae.",,,"The water-scorpion's rostrum and forefeet are characterized by what they do in feeding—piercing, tearing, and holding prey. That is a functional characterization of animal parts, without divine attribution.",166220,bhl_276433,77
130,non_divine_teleology,1750_1799,1798,"Natural history of birds, fish, insects, and reptiles. Embellished with upwards ","Beside the wax thus digested, there is a large portion of the powder kneaded up for sood in every hive, and kept in separate cells, for winter provision ; this is called bee-bread, and contributes to the health and strength of the animal during winter.",,,"The passage assigns a purpose to bee-bread: it is kept 'for winter provision' and 'contributes to the health and strength of the animal during winter.' This is a functional characterization within animal life, with no appeal to divine purpose, so it is non_divine_teleology.",|natural history of birds fish insects and reptiles,ia_bim_eighteenth-century_natural-history-of-birds_1798_5,592
131,non_divine_teleology,1750_1799,1799,Tracts on the nature of animals and vegetables,Two species of viviparous animalcula are carnivorous. They swallow their prey by means of a great vortex drawing them to the mouth.,,,"The passage characterizes these animalcula by their feeding role and by the functional means of swallowing prey. This is a direct functional characterization of what the animals do, with no divine grounding, so it is non_divine_teleology.",118582,bhl_205775,143
132,non_divine_teleology,1750_1799,1799,[Opuscoli di fisica animale e vegetabile. English. Abridgments). Tracts on the n,"The rabbit and Guinea pig are examples ei the 1 | the beaver and synx, of the latter. Birds may, in this respect, — as divided into two classes. Some; Bke-quadrupeds, do not wander far from their native place, or at least do not change their elimate ; others have no fixed abode, but change their climate according to the seasonb, being apparently necessitated to make such changes, either from the scantiness of food, or from their inability to resist the rigour of winter, or eren 2 fight degree of colds #59 Birr",,,"The passage classifies birds into two kinds by their characteristic role and behavior relative to climate and migration. That is a functional/ecological categorization of what these birds are, with no appeal to divine design.",spallanzani|opuscoli di fisica animale e vegetabile english abridgments,ia_bim_eighteenth-century_opuscoli-di-fisica-anim_spallanzani-lazzaro_1799,46
133,non_divine_teleology,1750_1799,1799,"Australia: Its Scenery, Natural History, and Resources, with a Glance at Its ...","They are certainly not used as a nest, but as a place of resort for many individuals of both sexes, which, when there assembled, run through and around the bower in a sportive and playful manner, and that so frequently, that it is seldom entirely deserted."" Water-fowl are abundant on the tranquil creeks and silent lagoons along the coast, consisting of wild ducks, wild geese, and the majestic black swan with glossy and exquisite plumage.",,,"The bower is explicitly characterized by what it is used for by the birds, giving the structure a purposive role. No divine plan is invoked, so the teleology is non-divine.",religioustractsocietygreatbritain|australia its scenery natural history and resources with,ia_australiaitssce00socigoog,97
134,non_divine_teleology,1800_1829,1801,An inquiry into the structure and animal oeconomy of the horse : comprehending t,"The circular fibres surround the whole, and by their contra£tile power, prevent the fides of the hoof from bursting asunder. The degree of density in these fibres, will depend on the texture of the ikin from whence they originate, and, on this account, the hoofs of blood horses are commonly much harder and more compact than those of cart horses, whose skin is of a more spongy nature.",,,"The hoof fibres are characterized by what they do: they prevent the hoof from bursting apart. That is a functional account of an animal part, with no appeal to divine plan, so it fits non-divine teleology.",118590,bhl_205783,60
135,non_divine_teleology,1800_1829,1802,Lectures on comparative anatomy,"In the Sepiic, The ear is almofl; as simple as in cray-fijb % but it is entirely concealed in the body of the annular cartilage, which serves as the base of the great tentacula, or feet of these animals.",,,"The annular cartilage is characterized by what it serves as—the base of the tentacula or feet—so the animal part is defined functionally. There is no divine source invoked, making this non-divine teleology.",106307,bhl_201049,993
136,non_divine_teleology,1800_1829,1804,"Animal biography, or, Authentic anecdotes of the lives, manners, and economy, of","The Kanguroos have also vast strength in their tail, which they occasionally use as a weapon of defence; for with it they can strike with such astonishing force as even to break the leg of a man. The colonists for some time considered this as the animals’ chief defence; but having of late hunted them with Greyhounds, it was soon discovered that they use both their claws and teeth.",,,"The tail is characterized functionally as 'a weapon of defence,' and the passage further discusses claws and teeth as means of defence. This defines the parts by their defensive role, not by internal structure or divine plan.",41622,bhl_91783,1080
137,non_divine_teleology,1800_1829,1807,A general history of quadrupeds,"It copulates with the tame Cow. Their produce is employed in domestic purposes. Its tail is very valuable, and is sold at a great price in Thibet.",,,"The animal is characterized in part by its domestic use: 'Their produce is employed in domestic purposes.' That is a functional characterization without any appeal to divine design, so it fits non_divine_teleology.",115982,bhl_201453,101
138,non_divine_teleology,1800_1829,1812,A compendium of the anatomy of the human body intended principally for the use o,"There is no Cartilaginous External Ear in any of the class, but. instead of it, especially in Rapacious Birds, there is a Tuft of Feathers regularly arranged round the External Meatus, which excludes dust, insects, &c. but allows sound to enter readilv. a/ In the Oiel kind, and several others, chiefly Birds of prey, there is a Merribrano-muscular Valve over the passage, which has been compared to the Concha of the Human Ear. The edges of this have a number of slender Feathers placed in a circle, which gives a singular appearance to the Animal.",,,"The tuft of feathers is characterized by its function: excluding dust and insects while allowing sound to enter. This is a functional account of an animal part without any divine attribution, so it is NDT.",106818,bhl_188505,626
139,non_divine_teleology,1800_1829,1812,A companion to Mr. Bullock's London Museum and Pantherion : containing a brief d,"Native of the colder parts of America and Asia; burrows under ground, and has cheek pouches, with which it carries home its winter stock of provisions. 7. Flying Squirrel of America (S.",,,"The cheek pouches are characterized by what they are for: carrying home provisions. That predicates a function of an animal part, so it is definitional teleology without any divine grounding.",41854,bhl_92074,94
140,non_divine_teleology,1800_1829,1814,Lectures on comparative anatomy : in which are explained the preparations in the,"In birds there are no such parts, but a similar purpose is answered by the bills and gizzards; the first performing the office of cutting teeth, the second of the grinders.",,,"The bills and gizzards are defined by the office they perform, replacing cutting teeth and grinders. This is a straightforward functional characterization of animal parts with no divine attribution, so it is non_divine_teleology.",169615,bhl_281933,559
141,non_divine_teleology,1800_1829,1815,"Recreations in natural history, or, Popular sketches of British quadrupeds : des","Neither the length of the journey nor the unevenness of the way, nor ditches, nor rivers the most rapid can discourage him ; he springs through every obstacle, and as a bird whose career no impediment can check.” The horse was made subservient to the will of man in the earliest times, and therefore the use of this animal is probably almost coeval with mankind.",,,"The horse is characterized by its role as subservient to human will, which defines it functionally in relation to human use. There is no explicit divine planner here, so this is NDT rather than DT.",114890,bhl_199815,384
142,non_divine_teleology,1800_1829,1816,"An introduction to entomology, or, Elements of the natural history of insects : ",Not so the insect race ; to different tribes of which every part of a plant supplies appropriate food.,,,"This characterizes insect tribes by their food relation: plant parts are said to supply their appropriate food, which is a functional/ecological role. There is no divine grounding, so it is NDT rather than DT.",104725,bhl_185557,1062
143,non_divine_teleology,1800_1829,1822,"Physiological Lectures, exhibiting a general view of Mr. Hunter's Physiology, an","A kind and affectionate disposition belongs. to animals, and the same feeling, blended with considerations peculiar to man, constitutes benevolence, which is the chief excellence and ornament of his nature.",,,This assigns animals a defining behavioral disposition—'a kind and affectionate disposition'—which characterizes what animals are like without invoking God. It is a functional/dispositional characterization rather than a structural essence.,48975,bhl_103781,422
144,non_divine_teleology,1800_1829,1822,"Lectures on physiology, zoology, and the natural history of man delivered at the","Indeed, if we except some associated labours in the insect class, principally referring to the continuation of the species, and securing a supply of food, and some joint operations of the male and female in the higher classes, animals seem entirely incapable of concert or co-operation for common purposes, of combining various exertions for the attainment of a common end.",,,"The passage characterizes certain animal activities by the ends they serve—continuation of the species and securing food—so it predicates purpose of animals' behavior. Because those purposes are not grounded in God or divine planning, it is non-divine teleology rather than divine teleology.",104990,bhl_185933,502
145,non_divine_teleology,1800_1829,1822,"The philosophy of zoology, or, A general view of the structure, functions, and c","In others, there is a viscous substance secreted from their bodies, which, in the slug, may enable it to attach one part of its body more firmly to the surface on which it is moving, while it drags up the remainder to a new position.",,,"The slug's secretion is characterized by what it enables the animal to do: attach itself during movement. This is an implicit functional account of an animal feature, without any appeal to divine plan, so it is non_divine_teleology.",40282,bhl_89676,505
146,non_divine_teleology,1800_1829,1824,The conchologist's companion; comprising the instincts and construction of testa,"The S. botrycides, or grape-sponge, is composed of small hollow branches resembling grapes, of a bright yellow tint, and the openings at the tops are evidently the mouths by which the animals imbibe and discharge moisture. The surface, when highly magnified, appears co¬ vered with little groups of triple equi-distant shining spines : this species inhabit the English coasts.",,,"The passage identifies a specific part—the openings at the tops—as 'mouths' defined by their function of taking in and discharging moisture. That is a functional characterization of an animal part without divine reference, so it is non_divine_teleology.",147972,bhl_248827,46
147,non_divine_teleology,1800_1829,1827,An introduction to the comparative anatomy of animals : compiled with constant r,"The fluid is ejected only in order that the animal may be less burthened in its flight : and hence Townson observed, that it no longer happened when the animal was sufficiently domesticated, and ceased to be alarmed when touched. The observation made by him on the Testudo orbicularis is particularly remarkable, from which it would appear that these animals possess the power of taking up water through the anus; inasmuch as he satisfied himself that when the Tortoise was placed in water coloured with Litmus, the fluid subsequently ejected from the bladder had the same qualities.",,,"The passage assigns a specific function to the ejection of fluid: reducing the animal's burden during flight. This is a purposive characterization of the animal's behavior without any divine grounding, so it is non_divine_teleology.",113848,bhl_198287,695
148,non_divine_teleology,1800_1829,1827,An introduction to the comparative anatomy of animals : compiled with constant r,"The flexion and extension of the foot, which in most quadrupeds form nearly its only motions, and are effected by a deep ginglymoid joint between the Astragalus and Tibia, are here deficient ; whilst, on the contrary, the Fibula is articulated with the Astragalus by means of a process resembling the styloid process of the Ulna, and in such a manner that the motion of the foot is limited to rotation on its longitudinal axis, and the animal consequently, as is the case with the anterior extremity (§. 273), steps only on the outer edge of the foot;f a circumstance tending to impede walking, but facilitating the ascent of trees. (Tab.",,,"The passage characterizes the foot by what it is suited to do: it impedes walking but facilitates climbing trees. That is a functional account of the animal part, with no appeal to divine design.",114803,bhl_199728,703
149,non_divine_teleology,1830_1849,1831,The animal kingdom : arranged in conformity with its organization,"Their tail is always prehensile. The tail in some of them is in a great measure scaly. They live on trees in the Moluccas, where they feed on Insects and fruit. At the sight of a man they suspend themselves by their tails and if he gaze at them steadily for some time, they fall through lassitude.",,,"The key claim is that the animal part is ""prehensile,"" a direct functional characterization of the tail by what it does. That defines the part teleologically without invoking divine purpose, so it is non-divine teleology.",41463,bhl_18066,606
150,non_divine_teleology,1830_1849,1831,The animal kingdom : arranged in conformity with its organization,"This species also is extremely common, and varies greatly as to the spots(1). We have given the general name of Ruizostoma to that portion of the great genus Medusa which comprises species that have no mouth opening in the centre, and that appear to live by the suction exercised by their pedicles or tentacula.",,,"The group is characterized partly by how these medusae live: by suction through pedicles or tentacula. That functional mode of feeding helps define the class, and there is no divine grounding, so this is non_divine_teleology rather than merely structural taxonomy.",41463,bhl_91515,1670
151,non_divine_teleology,1830_1849,1831,The animal kingdom : arranged in conformity with its organization,"It also climbs up walls, to seek a shelter in their crevices, and for that purpose has two. little osseous tubercles under the palm of the hands. It never yisits the water except to couple, in the month of June; the female lays two strings of eggs, like the Common Toads; the voice of the male, which has also a sac under the throat, resembles that of the Tree Frog.",,,"This explicitly characterizes an animal part by its use: the osseous tubercles are present 'for that purpose' of climbing walls to seek shelter. The function is attributed to the organ without any divine grounding, so it is non-divine teleology.",41463,bhl_91501,407
152,non_divine_teleology,1830_1849,1831,"American ornithology, or the natural history of the birds of the United States","PURPLE GRAKLE. bill more than an inch lon^, strong, and furnished on the inside of the upper mandible with a sharp process, like the stump of the broken blade of a penknife, intended to assist the bird in macerating' its food ; tongue, thin, bifid at the end, and lacerated along the sides. The female is rather less, has the upper part of the head, neck, and the back, of a dark sooty brown j chin, breast, and belly, dull pale brown, lightest on the former ; wings, tall, lower parts of tlie back and vent, black, with a few reflections of dark green ; legs, feet, bill, and eyes, as in the nwle.",,,"The bird's bill is characterized by its intended role in 'assisting the bird in macerating its food.' That is a functional definition of an animal part, with no divine attribution, making it non_divine_teleology rather than internal_essence.",126233,bhl_219218,693
153,non_divine_teleology,1830_1849,1834,"The animal kingdom, arranged according to its organization, serving as a foundat","PULMONEA AQUATICA, Have only two tentacula, as already stated ; they are continually compelled to rise to the surface for the purpose of breathing, so that they cannot inhabit very deep water; they are usually found in fresh water or salt ponds, or at least in the vicinity of the seacoast and of the mouths of rivers. Some of them have no shell, such as Onchidium, Buchav*.",,,"The aquatic pulmonates are characterized by a purposive activity—rising to the surface for breathing—which explains what kind of animals they are ecologically. This is functional characterization, not divine teleology or mere incidental description.",39976,bhl_89289,205
154,non_divine_teleology,1830_1849,1834,A System of natural history : containing scientifci [sic] and popular descriptio,"It differs, however, in the mouth, which is round, and placed rather obliquely below the end of the nose. It more resembles the mouth of a leech thar an eel; and the animal has ahole on the top of the head, through which it spouts water, like the cetacea. There are seven holes on each side for respiration; and the fins are formed rather by a lengthening out of the skin, than any set of bones or spines for that purpose. As the mouth is formed resembling that of a leech, so it has a property resembling that animal, of sticking close to, and sucking any body it is applied to.",,,The animal’s parts are characterized by what they do: the holes are for respiration and the mouth serves suction. This is functional characterization of organs without any appeal to divine purpose.,41403,bhl_91275,3268
155,non_divine_teleology,1830_1849,1835,"General conchology, or, A description of shells arranged according to the Linnea","Other single pearls were sold for four pounds ten shillings, and ten pounds; and it is deserving of notice, that the last was sold a second time to Lady Glenlealy, who put it into a necklace, and refused eighty pounds for it from the Duchess of Ormond. The pearl is produced by a deposition of testaceous matter on the interior coat of the shell; itis a tubercle formed at pleasure by the animal, and is generally secreted to repair the damages made by certain worms that penetrate the inside of the shell near the edge of the valves, and, working themselves a passage between MYA. 89",,,"This characterizes the pearl functionally as something the animal forms to repair shell damage. The purpose is attributed to the animal's activity, not to divine planning, so it is non-divine teleology.",59817,bhl_122046,512
156,non_divine_teleology,1830_1849,1835,The natural history of the ruminating animals,"THE ELK, Oil MOOSE. the low herbage like cattle, hut crop the tops of the higher plants and low brushwood, or reach and pull down the branches of trees ; for, as Frederic Cuvier observes, their upper lip is a true organ of prehension, and that the whole of the manners of the animal, which he was enabled to study in confinement, plainly indicated the adaptation of its form to an abode in forests, and to a sustenance on the foliage of trees. The same animal, when wishing to graze, reached the ground with its muzzle with extreme difficulty, and often on such occasions fed leaning on its knees.",,,"The elk is characterized by the function of its upper lip and by its form being adapted to forest life and browsing foliage. This is purposive/functional characterization of the animal and its part without any divine grounding, so it is NDT.",131528,bhl_226746,201
157,non_divine_teleology,1830_1849,1835,The natural history of the ruminating animals,"THE BOVINE TRIBE, OR OXEN. The animals which we have now arrived at, and with which zoologists have generally concluded the family of the ruminants, arc fully equal to the woolbearing tribes in value and utility. The several species and various races of Oxen, in all countries, are most important in the economy of the inhabitants.",,,"Oxen are characterized by their utility and economic role, which defines them functionally in relation to human use. There is no appeal to divine plan, so this is non-divine teleology.",131528,bhl_226747,301
158,non_divine_teleology,1830_1849,1837,"Tales of animals, comprising quadrupeds, birds, fishes, reptiles and insects","It is common to see large herds of them in the parks of the great, in a state of domesticity like that of sheep. Dissensions about pasturage frequently occur amongst a herd of Fallow Deer; on such occasions it divides into two parts and commences an engagement for the disputed land, which the victorious party ever after retain. THE VIRGINIA DEER. This is the common Deer of America, of which there are several varieties.",,,"The passage identifies the deer through the functionally defined condition of 'domesticity,' and the guidelines specify that functionally defined classes such as domestic animals count as NDT. This is not merely geographic or anatomical description.",116047,bhl_201536,338
159,non_divine_teleology,1830_1849,1838,"The entomologist's text book : an introduction to the natural history, structure","Many species, accordingly, cease not to make DIPTERA: HABITS. 419 man their prey, by sucking his blood, whilst some either attack our cattle in ike manner, or deposit their eggs upon their bodies, within which the parasitic larve feed; others deposit their eggs, or young, upon our growing corn, and upon our prepared food of various kinds.",,,"The passage defines these animals through ecological and parasitic roles: making man or cattle their prey, sucking blood, and larvae feeding within hosts. Such role-based characterization is non-divine teleology.",39827,bhl_88595,975
160,non_divine_teleology,1830_1849,1841,"A general outline of the animal kingdom, and manual of comparative anatomy","From the disposition of the hood, and the tough coriaceous texture of its substance, it is evident that this part is calculated to perform the office of an operculum by closing the aperture of the shell when the body of the animal is retracted.",,,"The passage characterizes an animal part by the function it serves: the hood is 'calculated to perform the office of an operculum' and closes the shell aperture. This is a functional definition of the part without any appeal to divine intention, so it is non-divine teleology.",110811,bhl_194120,1153
161,non_divine_teleology,1830_1849,1843,"Lectures on the comparative anatomy and physiology of the invertebrate animals, ","The upper lip in the snail is armed with a crescentic dentated horny jaw, which is opposed by the bifid soft lip below. In the Tritonia, a curved trenchant horny plate works vertically upon another of similar form, and with these, as with a pair of curved scissors, this molluscous animal crops the tough sea-weed which constitutes its food.",,,The animal part is characterized by what it does: the plates function like scissors to crop seaweed. That is a functional account of the organ/animal without any divine attribution.,216863,bhl_347408,1078
162,non_divine_teleology,1830_1849,1844,The pictorial museum of animated nature,"With this instrument the elephant collects the herbage on which he feeds and puts it into his mouth; with this he strips the trees of their branches, or grasps his enemy and dashes him to the ground, But this admirable organ is not only adapted for seizing or holding substances of magnitude; it is also capable of plucking a single leaf, or of picking up a straw from the floor.",,,"The elephant's organ is characterized by what it does and what it is 'adapted for'—feeding, grasping, and plucking—so the organ is defined functionally. No divine grounding is present, so this is non-divine teleology rather than divine teleology.",67094,bhl_134486,1182
163,non_divine_teleology,1830_1849,1845,Animal chemistry : with reference to the physiology and pathology of man,"In the embryo of birds the respiration is carried on during the later stages of development, by the allantois, an extremely vascular membrane, over which the left umbilical artery is BLOOD. 137 especially distributed.",,,"This characterizes the allantois by the function it serves in the embryo of birds: carrying on respiration. It is a functional account of an animal part without any divine attribution, so it is NDT.",110932,bhl_194274,236
164,non_divine_teleology,1830_1849,1846,Lectures on the comparative anatomy and physiology of the vertebrate animals : d,"The existence of this highly developed form of pancreas over and above the spiral intestinal valve may relate to the high oi’ganisation of these Cartilaginous Fishes, and to the great development of the organs of locomotion, occasioning the necessity for rapid and complete digestion. But if we compare the few existing species of heavily-laden Ganoid fishes, we shall again find good evidence of the compensation for a pancreas by the extension of the intestinal mucous membrane within the canal, the circumstances calling for a more complete development of the digestive system in the predatory Sharks and large-finned Bays not being present.",,,"The pancreas and digestive structures are characterized by what they are for: enabling 'rapid and complete digestion' under particular locomotive and predatory conditions. This is a functional account of animal parts, not a divine one and not merely a bare mechanism acting on animals.",115683,bhl_200931,915
165,non_divine_teleology,1830_1849,1848,"The dodo and its kindred; or, The history, affinities, and osteology of the dodo","“The bird in question, from every account which we have of its economy, and from the appearance of its head and foot, is decidedly gallinaceous; and from the insufficiency of its wings for the purposes of flight, it may with equal certamty be pronounced to be of the Struthious structure, and referable to the present family (Strwthionide).",,,"The classification turns on the wings being insufficient 'for the purposes of flight,' which characterizes the part by function and uses that functional suitability to place the bird. This is teleological but not divine, since no God or divine plan is invoked.",43794,bhl_95168,122
166,non_divine_teleology,1850_1869,1850,The natural history of the British Entomostraca,"146 BRITISH ENTOMOSTRACA. this organization is fitted for both swimming and walking, the filaments assisting in the former, and the hooked claws at the extremity aiding in this latter purpose, enabling them to seize hold of the plants, &c. among whieh they li\e, and thus walk from place to place.",,,"The passage characterizes the organism's organization and parts by the functions they serve: swimming, walking, and seizing plants. This is purposive but not grounded in any divine plan, so it is non_divine_teleology rather than divine_teleology.",39641,bhl_16914,422
167,non_divine_teleology,1850_1869,1851,Natural history : Fishes,"The gill-aperture is small, and these fishes can in consequence live a long time out of the water.",,,"This links a specific animal part, the gill-aperture, to what it enables the fishes to do, namely live a long time out of water. That is a functional characterization of the part/animal, with no divine attribution.",6879,bhl_29969,376
168,non_divine_teleology,1850_1869,1851,"Principles of zoölogy : touching the structure, development, distribution, and n","trived for the spread of a wing, without increasing the weight of the body. The more firm and solid arm of the bird indicates a more sustained flight. The short arm of the whale, with his spreading fingers, resembles a strong oar. The enormous hand of the mole, with its long elbow, is constructed for the difficult and prolonged efforts requisite in burrowing. The twisted arm of the tortoise can be applied to no other movement than creeping. And finally, the arm of the fish, completely enveloped in the mass of the flesh, presents, externally, a mere delicate balancer, the pectoral fin. 179.",,,"These sentences characterize animal limbs by the functions they serve—rowing, burrowing, and creeping. The purposive language is about what the parts are for, with no appeal to God, so this is non-divine teleology.",1816,bhl_16929,240
169,non_divine_teleology,1850_1869,1853,"Principles of zoölogy : touching the structure, development, distribution, and n","Some of the mollusks, with their rasp-like tongue, (Fig. 58,) perforate the shells of other animals, and thus reach and extract the inhabitant. Insects have various piercers, suckers, or a protractile tongue for the OF DIGESTION. 109 same purpose, (Figs. 61-64.) Many Annelides, the leeches for example, have a sucker, which enables them to produce a vacuum, and thereby draw out blood from the perforations they make in other animals. Many microscopic animals are provided with hairs or cilia around the mouth, (Fig. 65,) which by their incessant motion produce currents that bring within reach the still more minute creatures or particles on which they feed.",,,"These sentences characterize animal parts by the specific functions they serve: tongues, piercers, and suckers are described in terms of what they are for. Because the purposive characterization is functional and not grounded in God, it is non_divine_teleology.",1816,bhl_16892,303
170,non_divine_teleology,1850_1869,1853,"Principles of zoölogy : touching the structure, development, distribution, and n","The contractions of some of them are entirely dependent on the will, as in the muscles of the limbs used for locomotion.",,,"The animal part is characterized by its use: muscles of the limbs are 'used for locomotion.' That is a functional description of an organ, with no divine reference, so it is non-divine teleology.",1816,bhl_16892,208
171,non_divine_teleology,1850_1869,1857,A popular history of British Crustacea : comprising a familiar account of their ,"He remarks that ‘the female differs in possessing several plates or valves beneath the body, situated between the two pairs of fins; the office of these is to carry and protect its eggs or young, at which time they extend very considerably, and form a kind of pouch.",,,"The passage characterizes the plates or valves by their function: 'the office of these is to carry and protect its eggs or young.' That is a direct purposive account of an animal part without any divine grounding, so it is non_divine_teleology.",14410,bhl_50322,501
172,non_divine_teleology,1850_1869,1857,"Insect architecture: to which are added, Miscellanies, on the ravages, the prese","Phryganea ), whicli weaves together a group of the leaves of aquatic plants AI 10- INSECT ARCHITECTURE. into a roundish ball, and in the interior of this forms a cell for its abode.",,,"The insect is characterized by the function of the constructed cell as its abode; this is a purposive description of what the structure is for. There is no divine grounding, so it is NDT rather than DT.",8433,bhl_201567,530
173,non_divine_teleology,1850_1869,1857,"Life in its lower, intermediate, and higher forms, or, Manifestations of the Div","jecting from the upper surface is the broad, flat sail—a soft, transparent membrane, but still strong enough for the light boat that bears it. “But if a sail be given to beings such as these, whose bodies are almost of the same density as the salt water in which they live, and at the same time so soft in their consistency, Some provision must be made to float the tiny ship, and keep it buoyant.",,,"The passage characterizes the animal part functionally: the sail and associated provision exist to float the organism and keep it buoyant. It is purposive language about the animal's structure without explicit divine attribution in the extract, so NDT fits best.",79168,bhl_151113,200
174,non_divine_teleology,1850_1869,1859,Illustrated natural history of the animal kingdom : being a systematic and popul,"These are carnivorous and oceanic, and possess shells almost exactly resembling those of the land-snail; they are without eyes, and secrete a sort of operculum, which operates as a float, bearing them about upon the water.",,,"The passage characterizes an animal part by its function: the operculum 'operates as a float' and serves to bear the animals on the water. That is a purposive description of what the part does, with no divine grounding.",102302,bhl_184354,3050
175,non_divine_teleology,1850_1869,1861,Forest creatures,It is only when driven to extremity that an eagle will descend upon the earth and battle with his prey. It is contrary to his instinct to do so.,,,"The eagle is characterized by an instinctive behavioral disposition—avoiding terrestrial combat except under extreme pressure. The passage defines the animal in terms of its instinctive role/behavior, which fits non-divine teleology rather than mere observation.",42526,bhl_93091,457
176,non_divine_teleology,1850_1869,1862,"Conchologia iconica, or, Illustrations of the shells of molluscous animals","Along with the discovery of the phenomenon that the mantle-lobes of the Brachiopods perform not only the office of secreting the shell, but also of respiration, another peculiarity was observed, namely, that the valves are differently placed from those of other bivalves, with regard to the position of the animal,—that, in fact, they are not side-valves connected dorsally by a cartilage and ligament, but dorsal and ventral valves connected, in the Teredratule, by closely interlocking tooth-like processes in relation with an internal apophysary skeleton, and a complicated system of muscles, to which may be added a force acquired through the habit of the animal in affixing itself to foreign bodies by a fibrous byssus-like tendon.",,,"The passage characterizes an animal part by the functions it performs: the mantle-lobes secrete the shell and serve in respiration. That is a functional definition of the part without any divine grounding, so it is NDT rather than IE.",8129,bhl_87607,6
177,non_divine_teleology,1850_1869,1863,The mammals of Australia,"To this latter section the present species, though destitute of the dorsal markings, also belongs. The food of this animal consists of bulbous and other roots, which it readily obtains by means of its powerful fore feet and claws.",,,"This characterizes the animal's fore feet and claws by what they are for—obtaining roots. The functional role is predicated of the animal's parts, with no appeal to God, so it is NDT rather than IE.",112962,bhl_197159,291
178,non_divine_teleology,1850_1869,1866,British bees : an introduction to the study of the natural history and economy o,"Passions of bees, 56. Pecten or comb, a fringe of very short stiff hair attached to an organ, for various purposes.",,,"The pecten or comb is characterized by what it is for: 'various purposes.' That is a functional characterization of an animal part without any divine grounding, so it is non-divine teleology.",54569,bhl_115162,862
179,non_divine_teleology,1850_1869,1866,"Homes without hands : being a description of the habitations of animals, classed","Nothing would have been easier than to have formed the cavity at the under side, so that the soft materials of the nest would exclude the light; but the Mouse had simply formed a comfortable hollow for her young, and therein she had placed her offspring. It is therefore evident that the Mouse has no fear of light, but that it only chooses darkness as a means of safety for its young. WHITE ANTS. 621 The rapidity with which the Mouse can make a nest is somewhat surprising.",,,"This characterizes the mouse's behavior by the end it serves: darkness is chosen for the safety of the young. The purpose is functional and not attributed to God, so it is non_divine_teleology.",57536,bhl_118516,2107
180,non_divine_teleology,1850_1869,1866,"Homes without hands : being a description of the habitations of animals, classed","We may often see the Bees hastening home with a load of yellow pollen on each of the hinder pair of legs, and this pollen is destined to be made into beebread. Such, then, is a brief outline of the wonderful social habitation which is made by the Hive-bee. THE HORNET. 457 WE now come to an insect which is as well known by name as the bee, though not so familiar to our eyes.",,,"The extract attributes a specific role to the pollen carried by bees and characterizes the hive-bee by its socially organized habitation-making. This is purposive and functional language about the animal's activity, without divine grounding.",57536,bhl_118516,1557
181,non_divine_teleology,1850_1869,1867,"Man: where, whence, and whither, being a glance at man in his natural-history re","The fruits and grains, the horse, ox, sheep, pig, dog, and the like, which characterise the one country, and have contributed so much to its civilisation, were totally wanting in the other, and had no analagous productions to represent them. <A vegetable and animal feeding people has ever the advantage in physical strength and mental activity over a purely vegetarian race ; and a country having a variety of soil, climate, and produce, is ever the most favourable for evoking an energetic and progressive civilisation.",,,"The passage treats domestic animals as a functionally defined class tied to human civilization, explicitly naming horse, ox, sheep, pig, and dog as characteristic contributors. Because the class is defined through its practical role rather than divine purpose or internal structure, it is non_divine_",50872,bhl_107935,63
182,non_divine_teleology,1850_1869,1867,Physiology at the farm in aid of rearing and feeding the live stock,"Of the flowers of this plant, as of those of the kindred plants in this family, the honey-bee is very fond. It deserves therefore to be cultivated in the farmer's garden, both for this purpose and as highly ornamental. Nor is this remark so much out of place as it may seem at first sight, since the honey-bee is in reality one of the farm animals from which the diligent agriculturist may derive both comfort and profit.",,,"The honey-bee is here assigned to the functionally defined class of farm animals, identified by the role it serves for the agriculturist. Because the classification rests on practical function without divine grounding, it is non-divine teleology.",102084,bhl_182167,770
183,non_divine_teleology,1850_1869,1868,The birds of Berkshire and Buckinghamshire : a contribution to the natural histo,"Our commonest Woodpecker. It is one of our handsomest birds, and does an immense deal of good by feeding upon ants and their eggs, and various insects. -I have occasionally observed these birds in Ditton Park, and it is a common species in Windsor Forest, near Cookham, in Langley Park, at Cliefden, and near Wantage; further north it is not so numerous.",,,"The woodpecker is characterized by the role it serves—doing good by eating ants and insects—which is a functional/ecological characterization. No divine grounding is present, so this is non-divine teleology.",13652,bhl_48351,127
184,non_divine_teleology,1870_1889,1870,A manual of zoology for the use of students : with a general introduction on the,"Secondly, the respiratory organs may be in the form of outward processes of the integument, exposed in tufts on the back and sides of the animal (as in the Nudibranchiata).",,,"The passage characterizes a class of animal parts specifically as 'respiratory organs,' i.e. by the function they serve. Since the purpose is not attributed to God, this is non-divine teleology.",99621,bhl_178589,954
185,non_divine_teleology,1870_1889,1870,Outlines of comparative physiology touching the structure and development of the,"THE power of voluntary motion is the second grand characteristic of animals (§ 65). Though they may not all have the means of transporting themselves from place to place, there is no animal which has not the power of executing some motions. The oyster, although fixed to the ground, opens and closes its shell at pleasure ; and the little coral animal protrudes itself from its retreat, and retires again at its will. § 206. The movements of animals are affected by means of muscles, which are organs designed expressly for this purpose, and make up that large portion of the body, commonly called flesh.",,,"Muscles are defined functionally as organs designed for movement, which is a teleological characterization of an animal part. Because no divine source is invoked, this is non_divine_teleology rather than divine_teleology.",1826,bhl_16951,363
186,non_divine_teleology,1870_1889,1872,The illustrated natural history,"These birds build, or rather weave, a fabric not unlike loose cloth, composed of hemp or flax. This nest is of the singular form represented in the engraving, and the entrance is at the side. In all probability this singular formation is for the purpose of keeping out the Black Snake, who is constantly on the lookout for young birds. The parent Orioles often attack the snake, and compel him to retreat.",,,"The passage assigns a specific purpose to the nest structure of these birds: keeping out the Black Snake. That is a functional characterization without any divine grounding, so it is non-divine teleology.",1781,bhl_16865,945
187,non_divine_teleology,1870_1889,1873,"American marine conchology, or, Descriptions of the shells of the Atlantic coast","The shelly tube of the ship-worm is subeylindrical, divided longitudinally and often concamerated by numerous, incomplete, transverse partitions ; the siphonal palettes or stylets assist in compressing and relaxing the siphons to facilitate the flow of water through the long canal. The Teredines live in most seas, perforating wood in the direction of the grain by means of the mechanical attrition of their valves; these tortuous perforations are lined by calcareous matter forming the tubes. The animal is useful in destroying fragments of wrecks and floating timber, but causes great destruction to dikes, wharves, and to ships when the timbers are not protected from its ravages.",,,"The passage characterizes a named animal part ('siphonal palettes or stylets') by what it does: it 'assist[s]' specific actions 'to facilitate the flow of water.' That is a functional characterization of the organ itself, so it is NDT rather than junk.",16339,bhl_55171,691
188,non_divine_teleology,1870_1889,1873,Advanced text-book of zoology for the use of schools,"The Typical Waders, as before said, spend most of their time wading about in shallow water, feeding upon small fishes, shell-fish, worms, and insects.",,,"The class label 'Typical Waders' is itself functionally/ecologically defined, and the sentence immediately characterizes these birds by their role and habitual activity in shallow water. That makes this a functional, non-divine characterization.",196420,bhl_315728,971
189,non_divine_teleology,1870_1889,1875,Log-book of a fisherman and zoologist,"The beaver never did, and never will, make use of his tail after this fashion ; it is simply the modification of a fin, enabling the animal to steer himself in the water and to obtain a fulcrum on marshy grounds and swamps, while he sits up on his haunches to work with his fore-paws and sharp, chisellike, teeth. The wing of the penguin is not unlike the tail of a beaver in general appearance. A chapter might be written on tails, showing the great diversity of work they have to do ; but who can tell the use of a pig's tail ?",,,"The passage characterizes the beaver's tail by what it does—steering in water and serving as a fulcrum—so it defines the part functionally. There is no appeal to God or divine plan, so this is NDT rather than DT.",99932,bhl_178951,101
190,non_divine_teleology,1870_1889,1877,A manual of zoology for the use of students : with a general introduction on the,"Brayon's-a (Gr. bragchia, the gills of fishes). A respiratory organ adapted to breathe air dissolved in water.",,,"This explicitly defines an animal organ by the function it serves: respiration in water. Because the characterization is purposive/functional and contains no divine grounding, it is non_divine_teleology.",56148,bhl_116892,2299
191,non_divine_teleology,1870_1889,1878,Elements of comparative anatomy,This organ also serves as a uterus for the ripe eggs. The testis has the same morphological characters.,,,"The key claim is functional: the organ 'serves as a uterus for the ripe eggs.' That characterizes the organ by what it does, not by divine purpose or purely structural essence, so it is non_divine_teleology.",106950,bhl_188726,744
192,non_divine_teleology,1870_1889,1880,Manual of cattle-feeding. A treatise on the laws of animal nutrition and the che,"By the term “ coarse fodder” we designate the various kinds of grass, hay, and straw, corn-fodder, stover, and, in short, all kinds of forage, whether fed green or dry. Coarse fodder commonly consists of the stalks and leaves of the plants, and is rich in woody fibre. Under ordinary circumstances it forms the bulk of the fodder of farm-animals, with the exception of the hog.",,,"The passage's animal reference is to 'farm-animals,' a functionally defined class identified by their agricultural role. Per the guidelines, a passage whose subject includes such a functionally defined animal class counts as non_divine_teleology.",66905,bhl_134226,396
193,non_divine_teleology,1870_1889,1885,"Animate creation; popular edition of ""Our living world"" a natural history","Like many other burrowing animals, it lays up a store of provisions for the winter, and generally chooses well-dried hay for that purpose. So hard does the animal labor at amassing this treasure, that in a single burrow there is generally found as much hay as will suffice a horse for a night.",,,"The animal is characterized by a purposive behavior: storing provisions for winter. That assigns a functional role or end to the behavior of this kind of animal without invoking divine design, so it is NDT.",1241,bhl_207559,3108
194,non_divine_teleology,1870_1889,1885,The standard natural history,"202 NATURAL HISTORY OF BIRDS. western and central Asia, Madeira, the Canary Islands, and Agores. The genus Caccabis contains about six species, with an unmottled plumage, with bright-colored bands on the flanks, and a general ashy and buff coloring, admirably adapted to conceal the birds in the rocky grounds they frequent.",,,"The birds are characterized by coloration 'adapted to conceal' them, which assigns a specific function to the plumage. Since no divine planner is invoked, this is non-divine teleology.",12300,bhl_48225,1149
195,non_divine_teleology,1870_1889,1887,Animal biology : an elementary text-book,"The protoplasm of sheep cannot become the protoplasm of man without being largely taken to pieces, chemically, and then put together again. Hence the necessity for digestive and assimilative organs to enable the animal to do this.",,,"The second sentence characterizes digestive and assimilative organs by what they are for: enabling the animal to break down and reassemble matter. That is a functional definition of animal parts without any divine grounding, so it is NDT rather than junk.",102817,bhl_183007,37
196,non_divine_teleology,1870_1889,1887,The variation of animals and plants under domestication,"How great the lapse of time has been since man first domesticated animals and cultivated plants, we begin dimly to see. When the lake-dwellings of Switzerland were inhabited during the Neolithic period, several animals were already domesticated and various plants cultivated. The science of language tells us that the art of ploughing and sowing the land was followed, and the chief animals had been already domesticated, at an epoch so immensely remote, that the Sanskrit, Greek, Latin, Gothic, Celtic, and Sclavonic languages had not as yet diverged from their common parent-tongne.*""^ It is scarcely possible to overrate the effects of selection occasionally carried on in various ways and places during thousands of generations.",,,"The passage's subject is ""domesticated animals,"" a functionally defined class whose identity depends on relation to human use, which counts as non-divine teleology under the guidelines. The rest is historical narration, but the class label itself provides the teleological characterization.",2090,bhl_18366,822
197,non_divine_teleology,1870_1889,1888,Text-book of zoology for junior students,"In accordance with the view originally entertained, the digits of the hand are here erroneously represented as five instead of four in number. dactyles passed their existence chiefly in the air, and did not simply leap from tree to tree, is shown by two characters in which they agree with the flying birds. Many of the bones, namely, were ‘‘ pneumatic ’—that is to say, were hollow, and were filled with air. Secondly, whilst the shoulder-girdle has many of the characters of that of birds, the breast -bone (sternum) is furnished with a prominent ridge or keel, serving for the attachment of the great muscles which work the wings.",,,"The sternum is characterized by what its keel serves for: attachment of wing-working muscles. That is a functional characterization of an animal part, so it is NDT rather than a merely descriptive structural observation.",55419,bhl_116097,869
198,non_divine_teleology,1870_1889,1889,Zoology for high schools and colleges,"It is very voracious, thrusting out its pharynx and seizing its prey with its two large pharyngeal teeth.",,,"The animal is characterized by predatory function: its pharynx and teeth are described in terms of seizing prey. This is a teleological description of what the parts do, not a purely structural essence claim.",55512,bhl_16832,638
199,non_divine_teleology,1870_1889,1889,"The Fauna of British India, including Ceylon and Burma",These fishes mostly delight in muddy localities and use their teetii very freely as organs of attack or defence.,,,"The fish are characterized through the function of their teeth as 'organs of attack or defence.' That is a purposive functional characterization of an animal part, with no divine grounding, so it is non_divine_teleology.",100755,bhl_180064,1717
200,non_divine_teleology,1890_1909,1892,Birds: the elements of ornithology ; with 174 illustrations whereof 140 are orig,"The connection of the head of the fibula with the side of the outer condyle of the femur also serves to maintain the limb in firmness and stability ; although the knee-joint is almost constantly more or less flexed during sleep, the weight of the body keeping it so, CHA PTE RLY: THE OTHER SYSTEMS OF ORGANS, AND THE DEVELOPMENT AND MIGRATION OF BIRDS.",,,"The passage characterizes an animal part by what it serves to do: the fibula's connection ""serves to maintain the limb in firmness and stability."" That is a functional characterization of the organ, with no appeal to God, so it is non-divine teleology.",13615,bhl_48300,474
201,non_divine_teleology,1890_1909,1894,Agricultural zoology,"Order : Insectivora (Insect-eating Mammals). Since the Insectivora feed upon very small animals (insects, worms, snails), they cannot themselves be large. Only those species (hedgehog) which feed on small mammals and birds or upon vegetable matter, in addition to insects, are of medium size. The native species all live on or in the ground.",,,"The class is explicitly defined by its feeding role—'Insect-eating Mammals'—which functionally characterizes what these animals are. Because the purposive/ecological role is not grounded in God, this is non_divine_teleology.",56038,bhl_201302,143
202,non_divine_teleology,1890_1909,1896,"The descent of man, and selection in relation to sex","As male birds are exposed by the English bird-catchers for a decoy near a trap, in order to catch other males by exciting their rivalry, so the females of this Turnix are employed in India. When thus exposed the females soon begin their “loud purring call, which can be heard a long “way off, and any females within ear-shot run rapidly to the “ spot, and commence fighting with the caged bird.” In this way from twelve to twenty birds, all breeding females, may be caught in the course of a single day. The natives assert that the females after laying their eggs associate in flocks, and leave the males to sit on them.",,,"The passage attributes to these female birds a characteristic behavioral disposition—calling and fighting in response to rivals—which functions to identify the kind behaviorally. That is a functional/behavioral characterization of the animal class, not merely a neutral anecdote.",55732,bhl_116441,2233
203,non_divine_teleology,1890_1909,1897,"The animal kingdom; based upon the writings of the eminent naturalists, Audubon,","Many of these are known as the favorite resort of the animal for several generations. They consist of moderately elevated grounds diversified by ridges and valleys tending toward the acclivities of the more considerable mountains or approachang the confines of extensive forests.” ‘The Kidang,” the same author observes, ‘“‘is impatient of confinement, and is not fitted for the same degree of domestication as the stag.",,,"The animal is characterized by its relation to domestication: it ""is not fitted for the same degree of domestication as the stag."" Because domestication is a functional class term and the sentence defines the Kidang in terms of that suitability, this is non-divine teleology.",15752,bhl_113676,868
204,non_divine_teleology,1890_1909,1897,Natural history,"The Hydra we have described is not an entirely stationary animal ; it can detach its disc and creep along by using alternately its tentacles and its disc, and sometimes even casts its body loose, using the expanded Hydroid Colonies discasa float and the tentacles for swimming.",,,"The passage characterizes the hydra's parts by their uses: the disc serves as a float and the tentacles for swimming. Those are functional claims about what the parts do, with no appeal to divine design, so this is non_divine_teleology.",56106,bhl_116849,4403
205,non_divine_teleology,1890_1909,1898,A manual of the anatomy of vertebrated animals,"The tail is often long, and sometimes prehensile. The genera Desmodus and Diphylia (of which the group Hematophilina has been formed) are the most completely blood-sucking of all the Bats in their habits.",,,"This characterizes a group of bats by their feeding role and habit, making blood-sucking the defining functional trait of the group. No divine grounding is present, so this is non_divine_teleology.",56906,bhl_117754,1383
206,non_divine_teleology,1890_1909,1900,Outlines of the comparative physiology and morphology of animals,"298 PHYSIOLOGY AND MORPHOLOGY OF ANIMALS. teeth, (2) the canines (tusks of carnivores, eye teeth of man), (3) premolars, or deciduous molars or bicuspids of man, and (4) the permanent or ¢rwe molars. The function of the first is the cu¢ting off of morsels of food, of the second is se¢zing and holding the prey.",,,"This passage defines kinds of teeth by their specific functions in feeding and predation. Because the characterization is functional and not attributed to God, it is non_divine_teleology rather than divine_teleology or mere description.",44007,bhl_125044,703
207,non_divine_teleology,1890_1909,1902,The living animals of the world; a popular natural history with one thousand ill,"In gannets, however, a slight indication of their sometime existence remains, though the nostril itself no longer serves as an air-passage; and these birds are compelled to breathe through the mouth.",,,"The passage characterizes the nostril by what it serves as—an air-passage—so the organ is being described functionally. There is no divine grounding, so this is non-divine teleology rather than divine teleology.",54278,bhl_114861,309
208,non_divine_teleology,1890_1909,1902,The living animals of the world; a popular natural history with one thousand ill,"The young are remarkable for the enormous size of the breast-fins, though even in the adult these are unusually large. Close allies of the Gurnards are the FLYING-GURNARDS, which, by reason of the extreme development of the breast-fins, are enabled to take flying leaps out of the water. One species is common in the Mediterranean. The flying-gurnard is not to be mistaken for the true “flying-fish,” or flying-herring, described later. The curious mail-clad ARMED BULL-HEAD, or POGGE, commonly taken in shrimp-nets, is an ally of the flying-gurnard. CHAPTER. ¥ LUMP-SUCKERS, GOBIES, BLENNIES, BARRACUDAS, GREY MULLET, STICKLEBACKS AND THEIR ALLIES, GARPIKE, AND FLYING-FISHES BY W.",,,"The passage characterizes the flying-gurnard by what its enlarged breast-fins enable it to do, giving the part a functional role. No divine grounding is present, so this is NDT rather than DT.",54278,bhl_114861,1066
209,non_divine_teleology,1890_1909,1906,Behavior of the lower organisms,"The function of this positive contact reaction is evidently, under ordinary conditions, to procure food for the animal.",,,"This explicitly characterizes an animal reaction by the function it serves: procuring food for the animal. The purpose is not attributed to God, so it is non-divine rather than divine teleology.",57732,bhl_118741,246
210,non_divine_teleology,1910_1929,1910,The birds of Dumfriesshire : a contribution to the fauna of the Solway area,"This species is a most useful bird to agriculture, and well deserves the protection it should receive under the Wild Birds Protection Acts. A “ rogue ”’ Kestrel, with a hungry young family of its own to provide for, learns bad habits and visits the Pheasant coops, and a keeper has told me that he was once an eye-witness of an attack by a Kestrel on a brood of young Partridges, but the marauder was kept at bay by the gallantry of the parent birds. However, 218 BIRDS OF DUMFRIESSHIRE",,,"The species is characterized by its role as a 'useful bird to agriculture,' which assigns it a functional role. There is no appeal to divine design, so this is non-divine teleology rather than divine teleology.",105128,bhl_186102,1037
211,non_divine_teleology,1910_1929,1910,The book of the animal kingdom. Mammals,"In the same way the animal becomes sensible of the faint air vibrations generated by a flying insect. It feels its prey, as it were, from afar.” It differs entirely from insect-eating birds in this respect, for the Spotted Flycatcher, adept as he is, must first see his prey before catching it.",,,"The passage characterizes the animal by its prey-detecting role and sensory capacity in relation to catching insects, and it explicitly invokes the functionally defined class ""insect-eating birds."" This is functional characterization without divine reference, so it is non_divine_teleology.",54958,bhl_115584,1433
212,non_divine_teleology,1910_1929,1910,Domesticated animals and plants; a brief treatise upon the origin and developmen,"Without this domestication our present state of civilization could not have developed, and we could not spare any of the prominent races now, either plant or animal, without detriment to man. The facts of this chapter will enable us to realize why the list of domesticated species is so extensive, and it will prepare us for a more particular and detailed study of special races both of animals and plants, as outlined in Part II, as it will also prepare us for a realization of the need of still further modifications and the means for effecting this improvement.",,,"This passage concerns 'domesticated species,' a functionally defined class of animals identified by their role in human civilization. That class label itself carries the teleological characterization, without any divine basis.",18377,bhl_116543,130
213,non_divine_teleology,1910_1929,1911,"Manual of farm animals; a practical guide to the choosing, breeding, and keep of","The Islands of Great Britain have developed more high grades of flesh-producing animals than any other country, and we find nutritious pastures over almost all of that country. The care that farm animals receive will go a long way towards determining the extent of variation they are likely to undergo. Farm animals that are well cared for, that is, properly housed, fed, watered, groomed, exercised, and the like, cannot fail to respond to such treatment. Many a man has fallen short of THE BREEDING OF ANIMALS, IN GENERAL TT success in breeding by depending upon blood alone for improvement of his stock.",,,"The class term 'flesh-producing animals' defines the animals by their human-use function, which is enough for non-divine teleology. The rest discusses their treatment and variation, but the key classificatory basis is functional rather than structural or divine.",57024,bhl_117888,317
214,non_divine_teleology,1910_1929,1912,Notes on animal parasites and parasitism. Lecture outlines of a course in parasi,"Head triangular, semilunate, antennae 4-jointed, mouth parts fitted for biting. Life history and habits—Eggs laid at base of feathers, especially around the vent, hatching in six to ten days.",,,"The animal is characterized by the function of its mouth parts, which are explicitly 'fitted for biting.' That is a functional description of what the part is for, with no divine grounding.",57131,bhl_118007,182
215,non_divine_teleology,1910_1929,1913,Fauna hawaiiensis; being the land-fauna of the Hawaiian islands,"Some of the parasitic species are especially variable in size, and this variation is often striking, when examples from different localities are compared in series. It is due entirely to the amount of food supply consumed, and this amount depends on the species of the host, in the nest of which the parasite is nurtured. On one occasion I obtained specimens of WV. volatzlis of gigantic size for this species, these having been bred in a colony of WV. asstmulans var. oahuensis. ‘The same species when obtained from colonies of WV. 4veta or NV. difficzlis is much smaller.",,,"The subject is a functionally defined class, 'parasitic species,' and the passage explains them through their host-dependent ecological role. Because the class label itself is functional and there is no divine grounding, this is NDT.",4628,bhl_339216,386
216,non_divine_teleology,1910_1929,1913,The diseases of animals; a book of brief and popular advice on the care and the ,"When it is necessary to keep the pet animals in a small yard or even in the house or barn, the Guinea pig is preferable to the vabbit.",,,"The phrase 'pet animals' is a functionally defined class, and the sentence evaluates animals in relation to that domestic role. This counts as non-divine teleology because the class identity is given by human use, not by internal structure or divine purpose.",57748,bhl_118758,148
217,non_divine_teleology,1910_1929,1914,An introduction to the study of fossils (plants and animals),"There are no special circulatory organs, no gills, respiration being effected by the whole mantle, and the head bears no eyes. Into the posterior aperture of the shell is drawn the water used for breathing, and through it is discharged the body waste.",,,"The passage characterizes parts of the animal by what they do: the mantle effects respiration and the shell aperture serves breathing and waste discharge. These are functional claims about organs/parts, not divine claims.",1421,bhl_16317,724
218,non_divine_teleology,1910_1929,1914,"Nature neighbors, embracing birds, plants, animals, minerals, in natural colors ","Ibises are gregarious, but, unlike the herons and cranes, are almost silent birds. Their food is chiefly animal matter, such as frogs, crawfish, and minnows. Their large beak is well adapted for extracting and crushing crawfish.",,,"The beak is characterized by the function it serves—extracting and crushing crawfish—so the animal part is defined teleologically by use. There is no appeal to divine design, so this is non-divine rather than divine teleology.",46713,bhl_101367,270
219,non_divine_teleology,1910_1929,1915,Principles of economic zoo̤logy,"Bats are divided into two groups: the large diurnal (.eg’achirop'tera), or fruit-eating bats, and the nocturnal (.VW7’crochirop’tera), or insect-eating bats. Megachiroptera.—The ordinary fruit bats or fox bats number about forty species. The fur is fox red, the muzzle long and pointed. The eyes are big and the ears upright, giving them a fox-like appearance.",,,"The groups are identified by feeding role: 'fruit-eating' and 'insect-eating' bats. Because the class labels themselves functionally characterize what these animals are, this counts as non-divine teleology.",54408,bhl_114996,1560
220,non_divine_teleology,1910_1929,1915,Practical zoology,"They live in the mud of the sea bottom and are of considerable economic importance because of their parasitic habits. All kinds of fish are attacked by them, but principally shad, sturgeon, cod, mackerel, and flounders. <A hole is rasped through the body wall just beneath the pectoral fins and the blood sucked out.",,,"The animals are identified through a functionally defined mode of life: 'their parasitic habits.' Because 'parasitic' is itself a functional/ecological characterization of what kind of animals they are, this is non_divine_teleology rather than junk.",56089,bhl_116830,776
221,non_divine_teleology,1910_1929,1917,The animal mind; a text-book of comparative psychology,"Hearing in Fishes Throughout the vertebrate animals there exist structures bearing analogy to our own ears, whose function might therefore be supposed to be auditory. (But in the lowest vertebrates the only structures of the human ear represented are the semicircular canals, and these suggest a static rather than eae. The cyclostomes, eel-like and semiparasitic forms classed below the true fishes, have a pair of sacs one on either side of the head, containing mineral bodies, and each leading into one or two semicircular canals. In the true fishes the sac has two Chambers, marked off from each other by a constriction.",,,"The passage characterizes animal structures by their function, explicitly discussing ear-analogues in vertebrate animals as auditory or static in function. Because the function is predicated of the animal part itself and not grounded in God, it is non_divine_teleology.",55215,bhl_115864,348
222,non_divine_teleology,1910_1929,1917,"Feeds and feeding abridged : the essentials of the feeding, care, and management","Efforts to keep horses on oats alone were unsuccessful, the horses refusing the oats after a few days. Evidently horses cannot live on concentrates alone, even oats with their straw-like hulls.",,,"This passage characterizes horses in terms of what they can live on, i.e. a functional relation to diet, without invoking God. It makes a general claim about the kind rather than merely reporting one feeding episode, so it fits non-divine teleology.",55654,bhl_116347,189
223,non_divine_teleology,1910_1929,1917,The study of animal life,"Carnivores prey upon herbivores, which sometimes unite in successful resistance. Birds of prey devour small mammals, and sometimes have to fight hard for their booty. Reptiles also have their battles — witness the combats between snake and mongoose. In many cases, however, carnivorous animals depend upon small fry ; thus many birds feed on fishes, insects, and worms, and many fishes live on minute crustaceans.",,,"The passage concerns the functionally defined class 'carnivores' and characterizes carnivorous animals by their ecological role of preying on other animals. Because the class label itself is functional and no divine grounding appears, this is NDT.",1759,bhl_16838,190
224,non_divine_teleology,1910_1929,1917,"Birds of other lands, reptiles, fishes, jointed animals and lower forms","fourteen, these feelers can be moved independently of the fins. As these fishes all live in muddy water, and have the eyes obscured by films, such tactile organs are necessary, in order to enable them to procure their food. In some species they attain an enormous length.",,,"The feelers are characterized by the role they serve: tactile organs necessary for obtaining food in muddy water. This is a direct organ-function characterization without divine grounding, so it is non_divine_teleology.",55113,bhl_115753,982
225,non_divine_teleology,1910_1929,1920,Vertebrate zoölogy,On the whole they are more extensively modified for aquatic life than are the sea-lions. 370 VERTEBRATE ZOOLOGY,,,"The passage characterizes the animals by what they are modified for, namely aquatic life, which is a functional/adaptive claim about their nature. There is no divine grounding, so this is non-divine teleology rather than divine teleology.",56532,bhl_117326,1314
226,non_divine_teleology,1910_1929,1920,Animal husbandry,"History. — The American Trotter, whose ancestry can be traced to the trotting and Thoroughbred horses of England, has been developed for the sole purpose of speed and pleasure. By selecting and mating the horses that made fast records, a type best suited for speed has been evolved. American Trotters are the fastest trotting horses in the world. Trotting bred horses that come up to certain standard requirements set forth by the American Trotting Register are known as “ Standard Bred Horses.” Characteristics. — The trot is a gait in which one front foot and the opposite hind foot are moved forward at the same time.",,,"This passage defines the American Trotter by its purpose and suitability for speed, explicitly characterizing the type functionally. The purposive language is not grounded in divine plan, so it is NDT rather than DT.",55665,bhl_116361,232
227,non_divine_teleology,1910_1929,1922,A study of farm animals,"Photograph by the author. by the lumbermen, dairy cattle and dairymen are. being developed on a greater scale than elsewhere in America. In fact, the farmer generally plans on the use of his cheaper, poorer lands as pasture for stock.",,,"The passage concerns the functionally defined class 'dairy cattle'; under the guidelines, such class labels themselves count as non-divine teleology because they identify animals by their economic role. It does not make a structural claim, so not internal essence.",51920,bhl_118890,58
228,non_divine_teleology,1910_1929,1929,Handbook of paleontology for beginners and amateurs,"Some animals go after their food, but some just attach themselves or burrow in the various bottoms and let the sea bring them their food, and still others float surrounded by their food supply.",,,"The passage characterizes animals by their feeding role and mode of life: going after food, attaching and letting food come, or floating amid food supply. That is a functional characterization of what these animals do, with no divine grounding.",59512,bhl_121405,63
229,internal_essence,1750_1799,1752,"An history of animals : containing descriptions of the birds, beasts, fishes, an","H E body of the Rana is broad and short, and has no tail ; the legs are four. •r ' , * . u . .. j'- Rana manibus tetrada&ylis fijfis , plantis pentada&ylis palmdtis , maxima.",,,"The passage defines Rana by structural bodily characters—broad short body, no tail, four legs, and digit arrangement. These internal and morphological features are used as the basis for categorizing the animal kind, making it internal_essence rather than junk.",149604,bhl_251325,715
230,internal_essence,1750_1799,1775,An essay on comparative anatomy. The second edition. 1775,"Man or Dog. which depends on the Comparative Anatomy. small Motion this Creature enjoys in it's Spine, which made such a Division needless: This also confirms what ! formerly advanced on this Head.",,,"Although fragmentary, the passage explicitly appeals to 'Comparative Anatomy' and to the creature's spinal structure as the basis for classification. That makes the classificatory claim structural rather than functional or divine.",monro|essay on comparative anatomy the second edition 1775,ia_bim_eighteenth-century_an-essay-on-comparative-_monro-alexander_1775,117
231,internal_essence,1750_1799,1780,"[Histoire naturelle. English]. Natural history, ... 1780: Vol 4","ATR 20 T HE PD Oo 6. we prefer genius to figure, cqurage to, strength, and sentiment to beauty; and, therefore, we are induced to think, that the chief excellence of an animal consists also of internal qualities. By these he differs from an automaton, rises above the vegetable tribes, and approaches the human species.",,,The passage characterizes what an animal's 'chief excellence' consists in—'internal qualities'—and uses these internal traits to distinguish animals from automata and vegetables. That is an ontological characterization based on internal features rather than function or divine purpose.,leclerc|natural history 1780 vol 4,ia_bim_eighteenth-century_histoire-naturelle-eng_leclerc-georges-louis-_1780_4,7
232,internal_essence,1750_1799,1780,"[Histoire naturelle. English]. Natural history, ... 1780: Vol 2","Plants and animals, which possess the power of multiplying by all their parts, are dat; bodies composed of similar organic bodies, the primitive and constituent particles of which are also organic and similar.",,,The passage defines a class of plants and animals by their internal constitution: they are bodies composed of similar organic constituent particles. That is a direct structural characterization rather than a purpose-based one.,leclerc|natural history 1780 vol 2,ia_bim_eighteenth-century_histoire-naturelle-eng_leclerc-georges-louis-_1780_2,32
233,internal_essence,1750_1799,1780,"[Histoire naturelle. English]. Natural history, ... 1780: Vol 2","As several species of animals are capable of being taught to pronounce words, and even to repeat sentences, this is an invincible proof that the want of speech among animals is not owing to any defect in their organs. Many other brutes might, perhaps, be taught to articulate _ words ; but, to make them conceive the ideas = which these words express, is beyond the power | of art.",,,"The passage makes a general claim about what explains animals' lack of speech: not defects in their organs, but inability to conceive ideas. That characterizes animals by an internal capacity rather than by function or divine purpose.",leclerc|natural history 1780 vol 2,ia_bim_eighteenth-century_histoire-naturelle-eng_leclerc-georges-louis-_1780_2,523
234,internal_essence,1750_1799,1780,"[Histoire naturelle. English]. Natural history, ... 1780: Vol 7","We have still greater reason, to . all the sneep and all the goats ag constituting. the same family; because they produce together mules, which ascend directly, and in the first generation, to the species of the sheep. To this numerous family of sheep and goats, we might add those — 1 8 1 „ OF: | * | _— * * * * * 5 * 0 E — hose of the guzelles and bubalus, wiüch are not those of ty n tess numerots.",,,"The passage groups sheep and goats into the same family on the basis of reproductive relation and hybrid descent, treating that internal generative capacity as what defines the family. That is a classificatory claim about what the animals are, not a mere observation.",leclerc|natural history 1780 vol 7,ia_bim_eighteenth-century_histoire-naturelle-eng_leclerc-georges-louis-_1780_7,1071
235,internal_essence,1750_1799,1785,"[Histoire naturelle. English]. Natural history, general and particular, by the C","between that animal and man. But this ape, or pigmy of the ancients, which so strongly tesembles man in external structure, and still more strongly in its internal organization, differs from him, however, by a quality, which, though relative in itself, is not the less essential.",,,"The passage contrasts the ape and man in terms of external structure, internal organization, and an essential distinguishing quality. Because it is making a classificatory claim about what differentiates the animal kind, it fits internal_essence.",leclerc|natural history general and particular by the count,ia_bim_eighteenth-century_histoire-naturelle-eng_leclerc-georges-louis-_1785_8,87
236,internal_essence,1750_1799,1791,"A new system of the natural history of quadrupeds, birds, fishes, and insects","The infeft tribe comprehends those small animals which are destitute of red blood, bones, and cartilages ; which are furnifned with a mouth, or else a trunk, opening lengtilwife ; and which breathe by means of dogmata, or apertures, upon the external parts of the body.",,,"This explicitly defines a class of animals by internal and structural features—absence of red blood, bones, and cartilages, and possession of specific bodily openings. The passage is classificatory by bodily constitution rather than by function or divine purpose.",125549,bhl_218379,813
237,internal_essence,1800_1829,1803,Tracts on the natural history of animals and vegetables,"The figure and “number of feet approximate it to the genus of - “mites or acari; and although neither eyes nor © antenne are perceptible, the other parts induce * us to class it with insects.’",,,"The passage classifies the animal by internal/structural features—figure, number of feet, and other parts—as the basis for what group it belongs to. Because the categorization rests on morphology rather than function or divine purpose, it is internal_essence.",10539,bhl_41455,987
238,internal_essence,1800_1829,1803,Tracts on the natural history of animals and vegetables,"exclude them from the rank of animals from too great simplicity in firu€ture or operations, than his inability to conceive how an organised being reproducing by division can have a foul. That beings simply animated, or animals whose life consists only in irritability of the parts, are poflible, I can easily believe; especially when {peaking of those whose actions are few and little varied, and that by this hypothesis the gradations of organised beings is better united by connecting the animal and vegetable kingdoms by means of such simply vital or irritable beings, inferior to an animal, and superior toa plant.",,,"The passage characterizes a class of animals by internal organization: life consisting only in irritability of parts and simple animation. That is an ontological claim grounded in structural/mechanistic constitution, so it is internal essence rather than teleology.",10539,bhl_41781,510
239,internal_essence,1800_1829,1804,"The natural history of British insects, explaining them in their several states ","Ins. ce CTT IE NLT SE EIR I See Proteus Diffluens, under some of its changes appears rather a {hapetefs mass, than an animated body; it consists of gelatinous, pellucid substance, replete with dark coloured molecules, which either direét or attend, the internal exertions and aétions of the animalculum ; it pufhes forth branches of various shapes.",,,"This passage characterizes a specific animal kind by what it consists of—its gelatinous pellucid substance and internal molecules—rather than by role or purpose. The internal structural composition is doing the classificatory work, so it fits internal_essence.",200962,bhl_321369,197
240,internal_essence,1800_1829,1816,"The elements of conchology, or, Natural history of shells : according to the Lin","In Turton’s Linné forty-two species are described; and six species have been found on the British shores. Genus 14th.--OSTREA, (or oyster.) Animal a Tethys: shell bivalve, generally with unequal valves, and slightly eared ; hinge without teeth, but furnished with an ovate hollow, and mostly lateral transverse grooves. fann.",,,"This passage defines the oyster genus by structural shell characters—bivalve shell, unequal valves, toothless hinge, grooves—which are used taxonomically to specify what the kind is. That is classification by internal/structural features rather than by function.",16030,bhl_54179,122
241,internal_essence,1800_1829,1822,"The philosophy of zoology, or, A general view of the structure, functions, and c","The front teeth, or Incisores, are four in number in each jaw, in Man ; and, in the lower animals, however numerous, they are distin- ‘guished by their insertion in the intermaxillary bone in the upper jaw; or, in the lower, by their opposition to the intermaxillary teeth or bone.",,,"This passage defines incisors by structural relations of the teeth to the intermaxillary bone, using anatomy as the basis of identification. That is a classificatory claim about what this tooth type is, not a functional or divine claim.",40282,bhl_89678,480
242,internal_essence,1800_1829,1822,"The philosophy of zoology, or, A general view of the structure, functions, and c","The remaining genera, with horizontal wings are destitute of the abdominal appendages.",,,This sentence classifies genera by structural features—horizontal wings and absence of abdominal appendages. The basis of categorization is internal/morphological rather than functional or divine.,40282,bhl_89678,2230
243,internal_essence,1800_1829,1824,"General zoology, or Systematic natural history","THEsE birds may be distinguished from the Phalaropes, which they greatly resemble, by the more slender form of their beak ; which somewhat reAMERICAN LOBEFOOT. 167 sembles that of the Sandpipers, and is but little depressed at the base.",,,"The passage explicitly distinguishes this kind of bird from another by a structural feature, the form of the beak. That makes internal morphology the basis of categorization, which fits internal_essence.",1593,bhl_179924,390
244,internal_essence,1800_1829,1825,"American ornithology; or, The natural history of birds inhabiting the United Sta","It is small both in the number and size of its species, consisting of the two smallest of the European birds, one of which is the subject of this article; an American species, the Ruby-crowned Gold-crest (Regulus calendulas), so well figured and described by Wilson; and a fourth from Asia. The most obvious characters that distinguish the genus Regulus from Sijlvia are, the bill remarkably slender throughout, and two small decomposed feathers, directed forwards so as to cover the nostrils. 24 FEMALE GOLDEN-CROWNED GOLD-CREST.",,,"This passage explicitly uses structural characters as the basis for distinguishing and defining a genus. The bird kind is categorized by internal/structural morphology, not by purpose or divine plan.",159403,bhl_266952,68
245,internal_essence,1800_1829,1825,"General zoology, or Systematic natural history","The Falconidz have the head clothed with feathers * ; the beak strong, bent down, and furnished with a cere; the nostrils lateral, placed in the cere, more or less rounded, and open ; the outer toes chiefly connected with the middle one; the claws stout, very acute, much incurved, and retractile. I wave followed the arrangement of this family proposed by Mr. Vigors, in the Zoological Journal, vol. i. p. 336, &c., as being a good exemplification of the natural system of the affinities of birds, according to the beautiful theory which I have endeavoured to illustrate. -",,,"This passage defines the family Falconidae by a suite of internal/structural morphological traits used to characterize the kind. The following remark about arrangement does not add teleology, so the classificatory basis is structural rather than functional.",1593,bhl_113482,658
246,internal_essence,1800_1829,1825,"Wodarch's introduction to the study of conchology : describing the orders, gener","Animal—a Limax: Shell univalve, spiral, gibbous, aperture ovate, terminating in a short canal, leaning to the right, with a retuse beak or projection; pillar-lip expanded. Tuis genus comprises two hundred species, which are remarkable for their great beauty and variety.",,,"This passage defines the genus by structural shell features, using morphology as the basis for what this animal kind is. That is a straightforward internal-structural characterization rather than a functional or divine one.",16163,bhl_54567,249
247,internal_essence,1800_1829,1826,"Zoological text-book comprising Cuvier's four grand divisions of animals : also,","Diomepea, (albatross, man-o-war bird,) bill straight, upper mandible hooked at the point, lower truncate ; nostrils oval, wide, prominent, lateral; tongue very small; feet four-toed, all placed forward. Larus, (gull, sea-mew,) bill straight, sharpedged, a little hooked at the tip, and without teeth; lower mandible gibbose below the point ; nostrils linear, broader on the fore part, and placed in the middle of the bill. nes Srerna, (tern, noddy,) bill subulate, straightish, pointed, a little compressed, without teeth ; nostrils linear; tongue pointed ; wings very long ; tail mostly forked.",,,"The passage classifies named bird kinds by anatomical characters of bill, nostrils, tongue, and feet, using structure as the basis of categorization. That is definitional by internal morphology rather than by function or divine purpose.",42226,bhl_92521,222
248,internal_essence,1800_1829,1827,An introduction to the comparative anatomy of animals compiled with constant ref,Animals having a Brain and Spinal Marrow . In these we always meet with a vertebral column and a skeleton; their Vascular System always circulates red blood ; the heart is uniformly single ; their organization in general is more complex ; and about three-fourths of them breathe air. §. 38.,,,"The passage characterizes a class of animals by internal structural features—brain, spinal marrow, vertebral column, skeleton, blood, and heart—as what defines this group. This is classificatory by bodily organization rather than by function or divine purpose.",108651,bhl_190679,78
249,internal_essence,1800_1829,1827,An introduction to the comparative anatomy of animals compiled with constant ref,"In the Maki Mococo, the length of the small §. 52S, Another series of Mammalia is formed rather on the type of Amphibia and Birds. The Ornithorhynchi, Ant-Eaters, Armadilloes, Sloths, as well as Bats, Rodentia, Shrews, Opossums, &c. have already been noticed as forming intermediate gradations between them and the superior species of Mammalia; and as the comparatively simple organization of the Stomach already presented approximations to those Classes, so also does it happen with the intestinal canal.",,,"This classifies certain mammals by internal structural features, specifically the organization of the stomach and intestinal canal, as the basis for their intermediate status. It is not merely descriptive because those anatomical traits are used to characterize what kind of mammalia they are.",108650,bhl_190678,312
250,internal_essence,1800_1829,1829,"The mineral conchology of Great Britain; or, Coloured figures and descriptions o","Knorr, part 2. pl. 1*. f. 1, 2. 3. & 4. — ee Tue short compressed form and suddenly contracted extremity serve to distinguish this species by, although the furrowed or striated apex may be concealed, which it often is.",,,"This passage uses structural morphology ('short compressed form,' 'contracted extremity,' 'striated apex') as what distinguishes the species. The claim is classificatory by form, not functional or divine.",14408,bhl_50339,351
251,internal_essence,1800_1829,1829,"The mineral conchology of Great Britain; or, Coloured figures and descriptions o","It is considered, with much probability, that they were enveloped entirely by their animals, because they have no large chamber for their lodgement. Several if not all the genera of minute chambered shells have probably been similarly situated, and agree also in the want of the siphuncle and in having convex septa.",,,"The passage groups these shell-bearing animals by internal structural features—no large chamber, no siphuncle, convex septa—as the basis of their characterization. That is an ontological classification by structure, not by function or divine purpose.",14408,bhl_50339,150
252,internal_essence,1830_1849,1831,The animal kingdom : arranged in conformity with its organization,"The Gasteropoda constitute a very numerous class of the Mollusca, an idea of which is afforded by the Slug.",,,"This is a classificatory statement placing gasteropods as a class within molluscs, with the slug as an exemplar. Although terse, it makes a taxonomic claim about what this animal kind is rather than merely describing an individual.",41463,bhl_91501,1421
253,internal_essence,1830_1849,1831,The animal kingdom : arranged in conformity with its organization,"In the remaining Insects of this tribe, which are always distinctly pentamerous, the four palpi terminate in a club; the last joint of the labials is almost always securiform.",,,"This classifies a tribe of insects by morphological characters—being pentamerous, clubbed palpi, securiform labial joint. Those structural features are presented as the basis of the category, so it is internal essence.",41463,bhl_91500,1627
254,internal_essence,1830_1849,1831,"Illustrations of British entomology; or, A synopsis of indigenous insects: conta","Closely resembling the genus Bagots in habit, but readily known therefrom by the absence of the pectoral groove: like the insects of that genus, they frequent damp and marshy places, and float about on the water: from the other allied genera the curvature of the tibia, combined with the attenuated elytra and deeply emarginated thorax, sufficiently distinguish it.",,,"The passage classifies the insect taxon by structural characters such as the absence of the pectoral groove, curved tibia, elytra, and thorax shape. These internal morphological features are presented as what distinguishes the genus, so this is internal_essence rather than mere description.",8133,bhl_97231,148
255,internal_essence,1830_1849,1834,"The animal kingdom, arranged according to its organization, serving as a foundat","VI, cap. xiv, p. 128; Rumph., Mus., XII, a, b, which I at first considered a distinct species, under the belief that these large individuals inhabited those islands exclusively. In all of them, or at all ages, the tail is somewhat shorter than the body, and triangular, the upper ridge finely denticulated and without any decided sulcus beneath. We will designate this species by the name of Limulus polyphemus.",,,"The passage uses stable structural characters of the animal's tail as the basis for identifying and designating the species. This is a classificatory claim grounded in morphology, not function or divine purpose.",39976,bhl_89289,1439
256,internal_essence,1830_1849,1834,"The animal kingdom, arranged according to its organization, serving as a foundat","The Iguanas, or Guanas, properly so called, have the body and tail covered with small imbricated scales; along the entire length of the back, they have a range of spines, or rather of recurved, compressed, and pointed scales; beneath the throat a pendent, compressed dewlap, the edge of which is supported by a cartilaginous process of the hyoid bone; a series of porous tubercles on their thighs, as in the true Lizards; and their head covered with plates.",,,"This passage characterizes iguanas by a suite of anatomical traits that define the kind. The classificatory basis is internal structure rather than function or divine purpose, so it is internal_essence.",39976,bhl_89317,217
257,internal_essence,1830_1849,1834,"The animal kingdom, arranged according to its organization, serving as a foundat","Leon Dufour, in his description of the Ornithomyie bilobee, has observed, that although this genus has had ocelli attributed to it, he has not been able to discover them. A fresh examination of such species as I could procure has in fact convinced me that we were mistaken*, and it may be considered as a general rule that the Pupipara are destitute of those organs.",,,"The passage generalizes a structural feature—absence of ocelli/'those organs'—as a rule for the whole group Pupipara, using anatomy to characterize the kind. That makes it a structural basis for categorization rather than a mere specimen note.",39976,bhl_89420,2068
258,internal_essence,1830_1849,1835,"General conchology, or, A description of shells arranged according to the Linnea","Angular plaits upon the pillar lip of Volutes, and some other shells. Protuberances, and fangs, on the hinges of Bivalve shells. Delicate, fleshy bodies, with which animals of the class Mollusca, are provided; they are capable of contraction and extension, and are endued with extreme sensibility. The horns of the snail are its tentacula.",,,"This passage characterizes Mollusca by bodily structure and capacities of those structures, identifying what these animals are anatomically. It does not assign divine purpose or external role, so the classification is by internal features.",59817,bhl_122046,148
259,internal_essence,1830_1849,1837,Illustrations of exotic entomology : containing upwards of six hundred and fifty,"The abdomen is grey, with a black line running from the thorax to the tail. Anterior wings not edged with orange; the tips are black, where the white bar is plainly seen, having an orange spot on the edge, near the external and lower corners. Posterior wings as on the upper side. This insect seems to form the type of a distinct subgenus between Nudaria and Callimorpha.",,,"The passage uses morphological wing features to place 'this insect' as the type of a distinct subgenus, so structure is serving as the basis of taxonomic characterization. It is more than mere description because it generalizes to classificatory status.",12137,bhl_44990,390
260,internal_essence,1830_1849,1839,"The conchologist's first book, or, A system of testaceous malacology, arranged e","Shell. Trapeziform, inequilateral, equivalve, heart-shaped ; beaks far apart, separated by the angular groove of the ligament, which is altogether external; hinge linear, straight, with small transverse teeth, having at its extremity from two to five parallel ribs ; valves minutely striated longitudinally ; margins crenulated. The Cucullea is distinguished from the Arca by the muscular impression, to one side of which is an auriform testaceous appendage; the shell also is more trapeziform.",,,"The passage explicitly distinguishes one kind from another by structural shell characters, using internal/formal morphology as the basis of classification. That makes it internal_essence rather than mere observation or functional description.",16157,bhl_54559,350
261,internal_essence,1830_1849,1840,"Odontography; or, A treatise on the comparative anatomy of the teeth; their phys","The largest and most fully developed teeth of the Siluroids, as those of the Platystoma, present under the microscope a modification of the reticulo-medullary type of structure, which nearly resembles that of the salmon and the pike : the meshes of the anastomosing medullary canals being open, pretty regular, and either subcircular or polygonal.",,,"This passage categorizes the teeth by a specific structural type, 'the reticulo-medullary type of structure,' and details the internal arrangement of the canals. Because the animal part is characterized through internal structure rather than function, it is internal_essence.",16281,bhl_198377,361
262,internal_essence,1830_1849,1842,"North American herpetology; or, A description of the reptiles inhabiting the Uni","The individuals of this family have all the general and particular characters given above, as appertaining to the order Ophidia, and family Serpentes, or true Serpents;—as superior, maxillary, and palate bones armed with teeth disposed in four rows; jaws dilatable, &c. &c.",,,"This passage defines the family by anatomical characters—bones, teeth arrangement, and dilatable jaws—as the basis for classification as 'true Serpents.' That is a structural essence claim, not a functional or divine one.",12492,bhl_111026,127
263,internal_essence,1830_1849,1842,The zoology of the voyage of H.M.S. Beagle ... during the years 1832-1836,"This new genus belongs to that section of the Scombride characterized by having a number of short free spines, instead of a first dorsal fin.",,,"The passage classifies a genus within Scombride by a structural character: short free spines replacing the first dorsal fin. That is a definitional taxonomic claim based on internal/morphological features, so it is internal_essence.",14216,bhl_49679,367
264,internal_essence,1830_1849,1842,"North American herpetology; or, A description of the reptiles inhabiting the Uni","H if Cnn yy Wie 48 “9 Gein yie or) | a re ee rae ae | e ~ ory ; 7) ou pe Lolshi Lavi v4 . i ws ea ch ga, oA tio if ' A wv i . i 7 7 ijt), t's ‘ ; ee ta , by ~ | a ‘ r ° 7 & , att - ¥. a : - . ‘y ee ria — re A 5a ond = i” 7 ies cm, 2 ha - 5208 om a] y a a ae aie: Alte J eye a ve II.—Venomous Serpents, with fangs fixed, and permanently erect.",,,"The class of serpents is being categorized by an internal structural feature—fixed, permanently erect fangs. That is a structural basis for classification, so it fits internal_essence rather than NDT.",12492,bhl_111026,114
265,internal_essence,1830_1849,1842,"Zoology of New York; or, The New York Fauna; comprising detailed descriptions of","TECTIBRANCHIA: The branchice are on the back, a little inclining to the right, composed of lamina more or less divided but not symmetrical, generally protected by expansions of the mantle.",,,"This passage defines the group Tectibranchia by a characteristic internal/anatomical arrangement of the branchiae and mantle. It is classificatory through structure, not through purpose or divine plan.",2079,bhl_18423,113
266,internal_essence,1830_1849,1843,"Lectures on the comparative anatomy and physiology of the invertebrate animals, ","Larva. (Lat. larva, a mask.) Applied to an insect in its first active state, which is generally different from, and as it were masks the ultimate form. Larviform, shaped like a larva. Larvirarous, (Lat. larva; pario, I produce.) The insects which produce their young in the condition of larve.",,,"This is explicitly definitional: a larva is identified as an insect in its first active state, i.e. by its developmental/structural condition. The categorization is based on internal life-stage status rather than function or divine purpose.",216863,bhl_347408,1412
267,internal_essence,1830_1849,1844,"A Cornish fauna; being a compendium of the natural history of the county, intent","The polypes are thus united mlo one co^p 0 animal as in the first order. The growth of the polyp' ^ is also similar in these widely separated genera, ),t the reproduction is also by ovarian vesicles, nothing c „»l be more natural than associating them together, it ext js characters alone were to be our guide; but the a o<l widely different.",,,"The passage makes a classificatory claim about polypes as “one compound animal” and contrasts grouping by external characters with deeper differences among the animals. That is an ontological/categorial claim grounded in structural and reproductive organization, not function or divine purpose.",120105,bhl_210095,325
268,internal_essence,1830_1849,1846,"Lectures on the comparative anatomy and physiology of the vertebrate animals, de","ing from an intermediate arch or basis of support, and you have the gill of an ordinary osseous or cartilaginous fish. Such a gill is the homologue, not of a single gill-sac, but of the contiguous halves of two distinct gill-sacs, in the Myxines. Already, in the Lampreys, the first stage of this bi-partition may be seen (fig. 67. m), and consequently in these Dermopteri, as in all higher fishes, a different artery goes to the anterior branchial surface of each sac or fissure from that which supplies the posterior branchial surface of the same fissure ; whilst one branchial artery is appropriated to each supporting septum or arch between the fissures.",,,"The passage characterizes the fish gill by its structural homology and arterial organization, using internal anatomical relations to say what this gill is. That is a definitional structural claim, so it is internal_essence rather than junk.",13539,bhl_48186,934
269,internal_essence,1830_1849,1846,Lectures on the comparative anatomy and physiology of the vertebrate animals : d,"The cellular subdivision is such in the air-bladder of the Amia, that Cuvier compared it to the lung of a reptile J ; and the transition from the air- or swim-bladder to the lung is completed in the Protopterus or Lepidosiren annectens, in which the cellular subdivision and multiplication of the vascular surface are combined with a complete bilateral partition of the bladder into two elongated sacs, with a supply of venous blood from a true pulmonary artery, and with the communication of the ductus pneumaticus, as in the Polypterus, with the ventral surface of the oesophagus.",,,"This passage characterizes the organ by detailed internal anatomical organization and uses those structures to identify it as a transition toward lung. The basis is structural and mechanistic, not functional purpose, so it is internal_essence.",115683,bhl_200931,1032
270,internal_essence,1830_1849,1849,"Twelve lectures on comparative embryology, delivered before the Lowell Institute","That the heart must be formed from the disso'- Istion, as it were, of parts of the substance of the germ, is plainly shown by its peculiar position ir* so many animals. In some of the Mollirsca it surrounds the alimentary canal, forming various sacs hi rruvny parts of the cavity,, And this showsplainly that there we have no regular development but a sort of decomposition of the animal substance, which is gradually restored, by the formation of more and more blood, by the process of di1gestion.",,,"This passage makes a general claim about what the heart is developmentally formed from, and uses internal formation and organization as the basis of that claim. That is a structural/mechanistic characterization of an animal part, not a functional or divine one.",1858,bhl_17047,668
271,internal_essence,1830_1849,1849,"The animal kingdom : arranged after its organization, forming a natural history ","Nove Hollandie, White), which is often entirely snow-white; but it appears that these white individuals constitute a variety only of a bird of the same country, pale ash-coloured above, white below, with vestiges of pale undulations. We may approximate to the Goshawk certain American Birds, with short wings and tarsi, the latter reticulated. [These are Tue Nicacuas (Herpethotheres, Vieillot ; Dedalion, Vigors),— A strongly characterized division, interesting, as presenting evidently a modification of the peculiar Osprey type, to which genus they alone appear to~be allied.",,,"The birds are grouped and related taxonomically on the basis of structural features like short wings and reticulated tarsi, and as a modification of a type. This is classificatory via morphology, not functional or divine.",34494,bhl_88936,1118
272,internal_essence,1850_1869,1850,On the principles of classification in the animal kingdom,"In no Hydroid Polyp is the structure of the tentacles more closely allied to that of some of the naked-eyed Medusae than in Syncoryna, for their club-shaped tentacles, with lasso cells, remind us most distinctly of the tentacles of Slabberia ; and, so far as these comparisons are conclusive, there remains no doubt in our mind that, from their structure and Morphology, the so-called Hydroid Polypi must be considered as true Medusae, among which they constitute a type analogous to the stalked Crinoid among Echinoderms ; an analogy which is the more remarkable, as in their ultimate generation Hydroid Polypi produce free Medusae, while the Comatulae arise from the Crinoids provided with stems.",,,"This explicitly defines Hydroid Polypi by internal structural and morphological features, concluding that they 'must be considered as true Medusae.' The categorization rests on structure and morphology rather than function or divine purpose.",3845,bhl_16880,67
273,internal_essence,1850_1869,1851,A monograph of the Crag Mollusca; with descriptions of shells from the upper Ter,"Animal ovate or suborbicular, with the edges of the mantle disconnected ; margins fringed.",,,"This is a concise morphological diagnosis of the animal, defining it by bodily form and mantle structure. It is an internal structural characterization rather than a functional or divine one.",11875,bhl_44512,969
274,internal_essence,1850_1869,1851,A monograph of the Crag Mollusca; with descriptions of shells from the upper Ter,"Animal thick and club-shaped; lobes of the mantle open in front, and reflected dorsally, by which the accessory valves are formed; siphonal tube long and extensile, divided at the extremity, and bordered with cirrhi; foot thick and truncated. This is, generally speaking, a marine genus, and most of the species are inhabitants of shallow water, ranging to about 25 fathoms.",,,"This is a taxonomic characterization of an animal genus by internal and morphological features such as mantle lobes, siphonal tube, and foot form. The defining basis is structural rather than functional or divine.",11875,bhl_44512,1354
275,internal_essence,1850_1869,1851,Natural history : Fishes,"A few genera, rather numerous in species, (which amount, according to Prince Bonaparte, to sixty-five), are grouped together here, distinguished by having the body short, very deep, and very thin ; a smooth, satiny skin, destitute of any apparent scales ; the rays of the dorsal, anal, and ventrals, often prolonged into slender filaments. The species are chiefly found in the tropical seas, and none are recorded as British, or even European. 5.",,,"These genera are explicitly grouped and distinguished by bodily structure and skin/fin-ray morphology. That is a classic internal structural basis for categorization, with no teleological or divine language.",6879,bhl_29969,282
276,internal_essence,1850_1869,1853,"Principles of zoölogy : touching the structure, development, distribution, and n","For this reason, they ai-e denominated cold-blooded animals ; and all animals which have such a structure of the heart that only a part of the blood which enters it is sent to the respiratory organs, are among them, (243.) 258. The production of animal heat is obviously connected with the respiratory process.",,,"The passage defines the class of cold-blooded animals by heart structure and circulation pattern. Because the classification is grounded in internal organization rather than purpose, it is internal_essence.",1816,bhl_16892,339
277,internal_essence,1850_1869,1854,"The animal kingdom : arranged after its organization, forming a natural history ","Naturelle, (and also my memoir in the Transactions of the Zoological Society of London, in which I haye described numerous species]. FOURTH GREAT DIVISION OF THE ANIMAL KINGDOM. THE RADIATA (Rapratep Animats, or Zoopuyres). [Nerrusr of these names is literally applicable, for all the animals in the division are not radiated ; and the very name Zoophyte, “‘ plant-animal,” is a contradiction. In England, the term Zoophyte is much more restricted than in France, but it is equally inapplicable, excepting, perhaps, to those species, about which there are still disputes as to whether they are animals or vegetables. ] These animals have no mesial plane, but may be variously divided into symmetrical parts, radiating from one or more axes.",,,The passage characterizes the Radiata by a structural property—the absence of a mesial plane and radial symmetry from one or more axes. That uses internal/formal organization to define the animal division.,56726,bhl_117542,5027
278,internal_essence,1850_1869,1857,Contributions to the natural history of the United States of America,"At about midway between the head and tail, this band is divided transversely, by four or five fissures, into so many block-like bodies (Pl. 9d, fig. 1, /; Pl. 9e, fig. 5, f; Pl 12, fig. 1, 7, fig. la, f; Pl. 24, fig. 13, 7). These blocks are the dorsal vertebree; and through them we recognize that the “broad band” of former pages is the vertebral layer or basis, from and by which the backbones, constituting the axis of the skeleton, are formed.",,,"The passage identifies the structural nature of the observed blocks and the broad band as the vertebral basis from which the backbone forms. This is a characterization of an animal part by internal structural identity, not by function.",12644,bhl_46153,416
279,internal_essence,1850_1869,1857,On animal and vegetable parasites of the human body a manual of their natural hi,"All these corpuscles with amseboid motion are diaphanous, homogeneous globules, which by slow movement give off all sorts of processes, sometimes like tails. These last are not animals; some of them, perhaps, are lymph-corpuscles, consisting of Ecker's contractile substance.",,,"The passage distinguishes animals from non-animals on the basis of internal structural/mechanistic constitution: these corpuscles are homogeneous globules and contractile substance, and therefore not animals. That is an ontological classification by internal features.",104579,bhl_185371,63
280,internal_essence,1850_1869,1860,"Palaeontology, or, A systematic summary of extinct animals and their geological ","176 PALEONTOLOGY “squamosal.” Above 27, between it and 8, is the “suprasquamosal.” Essentially it indicates the tendency to excessive dermal ossification of the skull, like that which extends into the superficial temporal fascia from the squamosal and mastoid in the Chelonia ; this separate ossification in Archegosaurus roofs over the temporal fossa. It is the homologue of the supernumerary surface-bone called “supersquamosal” in the Labyrinthodonts ; and both this and the “postorbital” correspond in position with the posterior suborbital scale-bones in Amia and Lepidosteus. The hinder angles of the skull are formed by the tympanic ; in young individuals the tympanic does not extend backward beyond the par-occipital, but as age advances it projects further backward.",,,"The passage categorizes skull elements by structural and homologous relations across animal groups, using internal anatomical features as the basis of characterization. It is not about function or divine purpose.",13917,bhl_48947,444
281,internal_essence,1850_1869,1862,Contributions to the natural history of the United States of America,"PeLaGiA proper embraces all those species thus far referred to the genus, which, like Pelagia noctiluca, cyanella, and panopyra, have sixteen equally developed pouches, each of which branches off into two distinct sacs near the margin, and are there so combined that the marginal lobes embrace one sac of two adjoining pouches, and that in the indentations dividing these lobes there are, alternately, one eye and one tentacle, the whole margin being divided into sixteen lobes, with Cuap.",,,"This passage defines what belongs to 'Pelagia proper' by internal morphological characters: pouches, sacs, lobes, eyes, and tentacles. The structural features are explicitly used as the basis for categorizing the genus, so it is internal_essence rather than mere description.",12644,bhl_54510,282
282,internal_essence,1850_1869,1868,"Appendix to the Manual of Mollusca of S.P. Woodward, A.L.S. : containing such re","Shell small, rounded, equivalve, equilateral; valves closed, smooth, or ornamented with oblique, curved striz ; hinge thick; right valve with a single, large, median, triangular tooth, depressed or channelled in the middle; left valve with two narrow, unequal, diverging teeth; lateral tooth wanting or rudimentary. Ligament internal, small; muscular scars small, equal, oval or ovate; pallial line simple. ; Distribution, 1 species.",,,"This is a taxonomic characterization of a shell-bearing animal kind through diagnostic structural traits of shell, valves, teeth, ligament, and scars. The animal is being categorized by morphology, not by function or divine purpose.",11773,bhl_44316,394
283,internal_essence,1850_1869,1868,"Appendix to the Manual of Mollusca of S.P. Woodward, A.L.S. : containing such re","Shell elongated ; margin of aperture slightly expanded ; operculum corneous, subspiral, without an internal process. Animal like that of Hydrobia, but the foot is furnished with lateral sinuses ; terrestrial or amphibious. Distribution, species.",,,"This is a classificatory statement that identifies the animal by internal/morphological structure of the foot and uses that feature to distinguish the kind. Because the basis of categorization is structural rather than purposive, it is internal_essence.",11773,bhl_44316,149
284,internal_essence,1850_1869,1869,"The museum of natural history, with introductory essay on the natural history of","Australian Spine-back (Notacanthus sex-spinis), The first-named genus is represented by one species in the Greenland seas, and by another on the coasts of Australia, but none of the family have been detected in the British seas. Famity XXVIII.—SCABBARD-FISHES (Gempylide).—Plate 11, fig. 56. The SCABBARD-FISHES, or GEMPYLIDS, are known by their greatly elongated, compressed bodies, combined with more or less of the mackerel aspect; but they have no corselet on the thorax, neither keel nor armature on the lateral line, and no caudal crests, Their heads are low, and their jaw-teeth compressed, acute, or lancet-shaped, resembling those of the Sphyrena, Palatine and vomerine teeth are present in some of the genera, but absent in others.",,,"This is a classificatory definition of the Scabbard-fishes by structural characters such as body shape, absence of keel, and tooth form. The basis of grouping is morphology, so it is internal_essence.",40342,bhl_90005,1772
285,internal_essence,1870_1889,1870,A manual of zoology for the use of students : with a general introduction on the,"Cetacea, comprising the true Whales and Dolphins, characterised by being aquatic Mammals, with a horizontal tail-fin, no sacrum nor hind-limbs, and fore-limbs in the form of swimming-paddles.",,,"The passage explicitly characterizes Cetacea by morphological traits used to define the group. Although 'swimming-paddles' hints at function, the classificatory basis is anatomical structure, so internal_essence fits best.",99621,bhl_178589,1748
286,internal_essence,1870_1889,1872,The origin of species by means of natural selection : or The preservation of fav,GLOSSARY. 485 Peloria or Pelorism. — The appearance of regularity of structure in the flowers of plants which normally bear irregular flowers. Pelvis. — The bony arch to which the hind limbs of vertebrate animals are articulated.,,,This is a definitional statement identifying an animal part by its internal structural relation to the hind limbs of vertebrate animals. It classifies the pelvis by anatomical structure rather than by function or divine purpose.,2106,bhl_18399,2023
287,internal_essence,1870_1889,1874,Outlines of comparative anatomy and medical zoology,"Blood, thus viewed in its broadest sense, is composed of a liquid (liquor sanguinis, serum) and corpuscles. — The liquor sanguinis very commonly is exclusively the product of the walls of the blood-vessel system; but, in lowly organized animals, it may receive accessions from without, as in Entozoa (q. v.). — The blood corpuscles are minute bodies, floating in the liquor sanguinis.",,,"This defines blood, an animal part, by its constitutive internal components and production within the vascular system. The characterization is structural and mechanistic rather than purposive, so it is internal_essence.",1111,bhl_15806,177
288,internal_essence,1870_1889,1875,"A history of the birds of Europe, not observed in the British Isles","Genus—Fatco. (Linneus.) Sub-genus—-Astur, (Bechstein.) Murierax, (Gray.) Sub-generic Characters—Wings short, reaching to about two thirds of the length of the tail; first quill feather much shorter than the second, the third nearly equal to the fourth, which is the longest.",,,"The passage explicitly gives sub-generic characters of the bird in terms of wing and feather structure, using morphology to define the taxon. That is internal structural categorization rather than function or divine design.",49740,bhl_105176,275
289,internal_essence,1870_1889,1875,Elements of zoölogy : a textbook,"THE ORDER OF GALLUP, OR PHEASANTS, ETC. THE birds included in the order of Gallinte — from the Latin gallus, a cock — have the bill short, stout, and hard ; the legs rather long ; the hind toe in most cases more or less elevated ; and the toes connected at their base by a VERTEBRATA : AVES OR BIRDS.",,,"The passage classifies the birds of this order by internal/structural characters of bill, legs, and toes. Those anatomical traits are presented as what defines the group, which makes this internal_essence rather than mere description.",1749,bhl_16827,479
290,internal_essence,1870_1889,1878,An introduction to the systematic zoology and morphology of vertebrate animals,"PsittamnorpJm [Huxley). — Parrots, the most specialized of birds in many respects, non-predaceous in habits, and characterized by possessing strong, arched, upper bills, which are Desmognathoiis, and usually shorter than their height, and having a cere at the base, in which are the nostrils.",,,"Parrots are categorized here by anatomical characters, especially bill structure and the cere, which are presented as what characterizes the group. Although 'non-predaceous' is functional, the primary classificatory basis is structural morphology.",116046,bhl_201535,1035
291,internal_essence,1870_1889,1878,A manual of zoology for the use of students : with a general introduction on the,"The upper portion of this small ciliated cavity is prolonged proximally into the larger chamber of the "" somatocyst."" The coenosarc bears pofypites, each of which is protected by a delicate glassy "" hydrophyllium."" Order IL Physophorid^. — This second order of the Oceanic Hydrozoa comprises those Siphonophora in which the hydrosonia consists of several polypites united by a flexible, contractile, nnbranched or very slightly branched canosarc, the proximal extremity of which is modified into a '■^ ptieimatophore"" and is sometimes provided with nectocalyces."" The polypites have either a single basal te?itacle, or the te?ttacles a?'ise directly from the coenosarc.",,,"This passage explicitly defines an order by internal structural organization: the composition of the hydrosoma, coenosarc, pneumatophore, and tentacles. The animal group is categorized by morphological features rather than by function or divine purpose.",102765,bhl_182934,388
292,internal_essence,1870_1889,1878,A manual of zoology for the use of students : with a general introduction on the,"Ornithodelphia, characterised by the fact that the uterine enlargements of the oviducts do not coalesce, even in their inferior portion, to form a common uterine cavity, but open separately as in the Birds and Reptiles. Furthermore, the two uteri open, not into a distinct vagina, but into a cloacal cavity, into which the rectum and ureters also discharge themselves ; so that the condition of parts is very much the same as it is in Birds. This division includes only the Duck-mole {OrnWiorhyncJms) and the Porcupine Ant-eaters {Echidna), forming collectively the single order of the Monotremata. b.",,,"This explicitly defines a taxonomic division by internal reproductive anatomy. The animal kind is categorized by structural features of the oviducts, uteri, and cloaca, so this is internal_essence.",102765,bhl_182934,2146
293,internal_essence,1870_1889,1879,Zoology : for students and general readers,"Rhynchocephalia.—The only living representative of this order is the Sphenodon or Hatteria of New Zealand ; a lizard-like form of simpler structure, however, than the lizards in general. This rare creature somewhat resembles an iguana in appearance, having a dorsal row of spines.",,,"The passage places Sphenodon in an order and characterizes it by structural form: a lizard-like animal of simpler structure with a dorsal row of spines. That is a classificatory claim grounded in morphology, not function.",54469,bhl_115058,1439
294,internal_essence,1870_1889,1879,Zoology : for students and general readers,"Pedipalpi.—This group embraces the scorpion (Fig. 318), the false scorpions (Fig. 319), the whip scorpions, and the harvest-man (Phalangiwm). In all these forms the abdomen is plainly segmented, the segments not being visible in the mites or spiders. Usually the maxillary palpi are much enlarged, and end in claws. The scorpion is viviparous, the young being brought forth alive.",,,"The passage explicitly defines the group Pedipalpi by shared internal structural characters: segmented abdomen and enlarged clawed palpi. That is a classificatory claim grounded in morphology, not function or divine purpose.",54469,bhl_115058,997
295,internal_essence,1870_1889,1879,Zoology : for students and general readers,"PRINCIPAL FORMS OF SHA-URCHINS. 123 Taking a rapid survey of the principal forms of seaurchins, we may divide the class of Echinoidea into two orders: the Palechinida, or older sea-urchins, in which the shell is composed of more than twenty rows of plates ; and the Autechinida with twenty rows of plates. * Order 1.",,,"This passage explicitly classifies sea-urchins into orders on the basis of a structural feature of the shell, using plate-row number as the defining criterion. That makes it a structural characterization of what these groups are, not merely a casual observation.",54469,bhl_115058,346
296,internal_essence,1870_1889,1880,An introduction to the study of fishes,"Tropical Amerten, LEPORINUS.—Dorsal fin placed nearly in the middle of the length of the body; anal short; ventrals below the dorsal. Body oblong, covered with scales of moderate size ; belly rounded, Cleft of the mouth small, with the lips well developed ; teeth in the intermaxillary and mandible, few in number, flattened, with the apex more or less truncated, and not serrated; the middle pair of teeth is the longest in both jaws ; palate toothless. This genus is generally distributed in the rivers east of the Andes ; about twenty species are known, some of which, like L. frederict, L. megalepis, are very common.",,,"The passage defines the genus Leporinus by anatomical and morphological characters such as fin placement, dentition, and body form. These internal structural traits are being used as the basis of classification, so it is internal_essence rather than mere description.",16294,bhl_114786,2145
297,internal_essence,1870_1889,1884,Text-book of zoology for schools and colleges,"In the so-called “simple” Ascidians the animal has the shape figured above, and is fixed to some solid object by one end of the test. In the “social” Ascidians the organism consists of a number of zoéids, produced by continuous budding, and connected together by a common tube, through which the blood circulates.",,,"The passage classifies kinds of Ascidians by their constitutive structural organization: a simple form versus an organism consisting of multiple connected zoeids. This is an ontological characterization by internal/organizational features, not by purpose or divine plan.",55748,bhl_116459,638
298,internal_essence,1870_1889,1885,Elementary text-book of zoology,"Large swimming bii-ds, with small head, well developed, often long and pointed wings, with swimming feet (^. stcyani).",,,"This classifies a group of birds by internal/structural morphological traits—head size, wings, and swimming feet—as what this kind of bird is. The passage is definitional through anatomy rather than through divine or purposive language.",101407,bhl_180953,3126
299,internal_essence,1870_1889,1885,The ornithology of Illinois,"Toes very short, the middle one much less than half the tarsus (only a little more than one third); lateral toes nearly equal; claws short, broad, nail-like. Subfamily Tantaline, Bill elongated, subconical, subcylindrical, the end attenuated and decurved, with the tip rounded; nostrils decidedly superior; toes long, the middle toe one half or more the length of the tarsus; lateral toes unequal, the outer decidedly longer than the inner; claws normal, moderately lengthened, rather narrow.",,,"This is classificatory morphology: the subfamily is characterized by internal/structural features of bill, nostrils, toes, and claws. It defines the animal group by bodily form rather than by function or divine purpose.",15162,bhl_52728,684
300,internal_essence,1870_1889,1886,Elements of zoology,"In some, the eyes are in different parts of the body—the head, tail, etc. ; in others, they are absent. In the leech, they are confined to the first three segments. In some, as the worms of the first class, two branching tubes are found that constitute a water vascular system similar to that of the Echinoderms. All the worms are developed from eggs, and many pass through remarkable changes before assuming the adult form. The worms include many animals that, though varying greatly in appearance, all possess certain characteristics in common. FLAT-WORMS, ETC. 43 Class I—FLat-Worms, etc. (Platyhelminthes).",,,"The passage makes a general classificatory claim that worms are grouped because they share common characteristics, i.e. defining structural traits. That is an internal-feature basis for categorization, not a functional or divine one.",57825,bhl_118853,132
301,internal_essence,1870_1889,1886,Elements of the comparative anatomy of vertebrates,Mammals.— The hair-like structures possessed by certain Reptiles and Birds are historically quite distinct from the true hairs of Mammals. The possession of hairs characterises Mammals quite as much as feathers distinguish Birds from all other animals. 1 See note on p. 62.,,,"This explicitly uses an internal structural feature—true hairs—as what characterizes Mammals as a kind. The categorization is based on morphology, not on function or divine purpose.",1006,bhl_15643,145
302,internal_essence,1870_1889,1888,"Entomology for beginners; for the use of young folks, fruitgrowers, farmers, and","The wings are seen to be clear and perfectly transparent, with no scales. They are formed of a clear membrane, hence the name of the order to which the bee belongs, i.e., Hymenoptera, or membrane-winged.",,,"The bee is assigned to an order on the basis of wing structure, with membrane wings serving as the defining taxonomic character. That is a structural basis for categorization, so internal_essence fits.",1713,bhl_16781,546
303,internal_essence,1870_1889,1888,Text-book of zoology for junior students,"They belong to a large section known as the “stalk-eyed” Crustaceans (Podophthalmutu), from the fact that the eyes are supported by long, movable stalks, They all further have the cephalothorax covered by a great shield or “ carapace,” under which the gills are carried. They include the Lobsters, Shrimps, Cray-fish, Crabs, Hermit-crabs, and other forms, and are the most highly organised and most familiar of the whole class of the Crustacea.",,,"The passage classifies this animal group by internal/structural characters: stalk-supported eyes and a carapace covering the cephalothorax. Those features are presented as what makes them members of the section, which is internal_essence rather than mere observation.",55419,bhl_116097,449
304,internal_essence,1890_1909,1893,Zoology of the invertebrata : a text-book for students,"The calcareous plates which constitute the shell of the animal are developed in the connective tissue of the integument. The apical series of plates consists of a dorso-central piece surrounded by ten plates; five of them, the radials or ocular plates, bear sense organs, the alternating five, interradial in position, are pierced by the genital pores.",,,"The shell of the animal is described as being constituted by a specific structural arrangement of plates. This is a characterization of the animal part in terms of its internal constitution and organization, not its function or divine purpose.",54827,bhl_115450,547
305,internal_essence,1890_1909,1895,"Materials for a carcinological fauna of India, no. 1-2...","Distinguished from all other Indian species by the form of the male chelipeds, of which the palm, instead of being long and slender, is short and broadly inflated.",,,"This classifies the species by a structural feature of an animal part, the form of the male chelipeds. The morphology is explicitly used as the basis for distinguishing the kind, which fits internal_essence.",16033,bhl_54233,183
306,internal_essence,1890_1909,1896,Text-book of comparative anatomy,"Steganobranchia. — With mantle, cavity, and ctenidium to the right ; with a shell and parapodia.",,,"This is a terse taxonomic characterization of a group by structural features: position of mantle cavity and ctenidium, plus shell and parapodia. It defines the kind by morphology, not by function or divine purpose.",12294,bhl_15983,48
307,internal_essence,1890_1909,1896,The study of animal life,"From tip to tail of the translucent body runs a supporting notochord ; above this is a spinal cord, with hardly a hint of brain. The pharynx bears « hundred or so gill-slits, which in the adult are covered over by folds of skin, so that the water which enters by the mouth finds its way out by a single posterior aperture. Although Amphioxus has no skull, nor jaws, nor brain, nor limbs, it deserves its position near the base of the Vertebrate series. The sexes are separate, and the eggs are fertilised outside of the body.",,,"Amphioxus is being positioned within the Vertebrate series on the basis of internal structural features such as the notochord and spinal cord. That uses internal organization, not function or divine purpose, to characterize what kind of animal it is.",56610,bhl_117411,819
308,internal_essence,1890_1909,1897,A text-book of zoology,"The gen.-ra Apus and Lepidurus belong to the family Apod id<> . sub-order JSuphyllopoda, order Phyllopoda, and sub-class JSntomoutraca. xi PHYLUM ARTHROPOD A 525 The indefinite number of segments, varying considerably in the species of both genera, and the presence of a shell-gland place them among the Entomostraca.",,,"The passage explicitly classifies these animals by structural characters—segment number and a shell-gland—so the basis of what they are is internal morphology. This is definitional taxonomy, not mere description.",1776,bhl_16858,1271
309,internal_essence,1890_1909,1897,Natural history,"The common grey seal (Halicherus qrypus), of the coasts of the whole North Atlantic, is the type of the sub-family Phocide, characterised by having three pairs of upper, and two of lower incisor teeth, well-developed claws on all the toes, and the hind-toes of nearly equal length, with the webs not reaching beyond their extremities. In the grey seal the cheekteeth, except the last one or two in the upper, and the last in the lower jaw, are single-rooted, and consist generally of a single compressed cusp, although additional cusps may be present in the two hinder’ pairs in the lower jaw. The typical seals (Phoca), all of which are confined to the Northern Fig. 53.—Common Seau (Phoca vitulina).",,,"This passage explicitly categorizes the grey seal's sub-family by structural traits like teeth, claws, and hind-toes. That is a definitional use of internal morphology rather than function or divine purpose.",56106,bhl_116849,599
310,internal_essence,1890_1909,1898,A student's text-book of zoology,"They are cosmopolitan and include about 6000 species. They generally become torpid during part of the year— in warm countries in the dry season (aestivation), in cold in winter (hibernation). Hibernation in this country lasts about one quarter of the year, and during it the heart beats no more than twice a minute. The mouth armature consists of an unpaired, horny upper jaw (which may be absent), and of a radula with a great number of teeth in the transverse row.",,,"This passage characterizes the animals by a structural anatomical configuration of the mouth armature, presented as a general feature of the group. That is classification by internal structure, hence internal_essence.",12293,bhl_16721,1311
311,internal_essence,1890_1909,1902,A manual of zoology,"The CHORDATA are united by the possession of an axial skeleton, the notochord, lying between the nervous system and the alimentary tract; a centra] nervous system entirely on one side of the digestive canal, and gill slits extending from the pharynx to the exterior. 2.",,,"The passage explicitly defines the animal group Chordata by internal structural features—notochord, nervous system position, and gill slits. That is a direct structural basis for what this kind of animal is.",57418,bhl_118357,2236
312,internal_essence,1890_1909,1908,"The fauna of British India, including Ceylon and Burma ... ed. by W.T. Blanford",Distinguished from other allied species by the finely and closely punctured head and thorax.,,,"The passage identifies the species by structural characters of the head and thorax, using those internal features as the basis of categorization. That is a straightforward structural definition rather than mere description.",48423,bhl_206894,429
313,internal_essence,1890_1909,1909,Report to the government of Baroda on the marine zoology of Okhamandal in Kattia,"The skeleton radiates from a very dense central "" nucleus "" and consists of well-defined bundles of oxea and triaenes, the bundles being separated from one another by fairly wide intervals free from megascleres. The cladomes of the orthotrieenes and anatrisenes for the most part he in the cortex, but some of them project, along with the ends of some of the oxea, into the encrusting layer of sand and foreign spicules.",,,"The passage characterizes the organism by its skeletal organization and spicule arrangement, using internal structural features to say what kind of body it has. This is a structural basis for characterization, so it fits internal_essence.",1073,bhl_15734,404
314,internal_essence,1910_1929,1910,A text-book of zoology,"The cells of an epithelium may be flattened (c, e\ their edges being cemented together so as to form a continuous membrane ; or they may be cubical or cylindrical or prismatic (a, 1}) ; in the case of a stratified epithelium the cells may be of different forms in different strata (i). The epidermis, which covers the outer surface of the body of an animal, is an example of an epithelium ; sometimes it is stratified, sometimes unstratified ; its cells sometimes possess cilia, sometimes are devoid of them.",,,"This passage identifies the epidermis of an animal as a kind of epithelium and characterizes it by internal cellular structure such as stratification and cilia. The basis of classification is structural, not functional or divine.",1678,bhl_16738,129
315,internal_essence,1910_1929,1910,"Guide to the gallery of birds in the Department of zoology, British museum (Natu","Of the Wrynecks, representing the third subfamily Jyngine, four species are known, all included in one genus, Jynv. They are characterised by their long tail, composed of soft flexible feathers, and by their mottled plumage somewhat similar to that of the Nightjar.",,,"The passage explicitly says the Wrynecks 'are characterised by' structural plumage and tail features, using those features to define the group. This is internal_essence rather than junk because the morphology is presented as the basis of categorization.",14139,bhl_49465,523
316,internal_essence,1910_1929,1910,The book of the animal kingdom. Mammals,"A fact of the greatest interest is the appearance of remains of Amphibians in the Carboniferous rocks. To this class belong Toads, Salamanders and Frogs, but the Amphibians of Carboniferous times were rather different from their modern representatives, and much more numerous in species. They are termed Labyrinthodonts, a name given to their kind on account of their peculiar teeth, which have a curiously complicated structure somewhat after the nature of a labyrinth.",,,"The animal kind is explicitly categorized by a structural feature of the teeth; the passage says what kind they are on account of that internal structure. This is structural essence, not functional or divine teleology.",54958,bhl_115584,1477
317,internal_essence,1910_1929,1912,A manual of zoology,"RHINOCEROTUXE, three toes on all feet, teeth I1,1 ,':;; one or two horns on the nasal bones; skin thick, hairless (hence these- were formerly united with elephants as Pachydermata). Rhinoceros,- single horn, India; Ci'mturliiiiits (Asia), Atdodus (Africa), two horns. EQUID^, a single functional toe (fig. 615, C); teeth |i-|-|; Equus caballus,* horse, a native of Asia; E. asinus, ass; E.",,,"The passage defines taxonomic groups by structural characters such as number of toes, teeth, horns, and skin. These internal/morphological features are being used as the basis for categorizing the animals, which fits internal_essence.",55971,bhl_16765,2305
318,internal_essence,1910_1929,1912,Comparative anatomy of vertebrates,"The Chordata are bilaterally symmetrical animals with metameric bodies, which agree in several features not found in the other groups.",,,"This defines a taxonomic group of animals by structural features: bilateral symmetry, metameric bodies, and shared traits absent elsewhere. The classification is grounded in internal organization rather than function or divine purpose.",54306,bhl_15620,12
319,internal_essence,1910_1929,1913,"An introduction to zoology, with directions for practical work (invertebrates)","A very large majority of insects, when adult, possess wings and can fly. Fig. 137 shows diagrammatically the general structure of the body of an adult insect. In all the higher insects, the division of the body into three regions—head, thorax, and abdomen—is very distinct.",,,"The passage uses a structural feature—the body being divided into head, thorax, and abdomen—to characterize higher insects as a kind. That is classification by internal/formal organization rather than by function or divine purpose.",57528,bhl_118497,615
320,internal_essence,1910_1929,1914,"Farm animals, covering the general field of animal industry","The place where it has been becomes the centrum, or most solid part of each vertebra. The notochord at first is continuous, and has no division into successive parts; but when the bony spinal column is developed, it consists of a series of successive vertebre.",,,"This passage defines vertebral structure in terms of internal developmental anatomy: centrum, notochord, and successive vertebrae. It is a structural characterization of an animal part rather than a mere incidental observation.",57474,bhl_118427,33
321,internal_essence,1910_1929,1916,A critique of the theory of evolution,"Cleavage stages of four types of eggs, showing the origin of the mesenchyme cells (stippled) and mesoderm cells (darker); a, Planarian; b, Annelid (Podarke) ; e, Mollusc (Crepidula), c, Molluse (Unio). been adult ancestors, and obviously if their resemblance has any meaning at all, it is that each group has retained the same general plan THEORY OF EVOLUTION 23 of cleavage, possessed by their common ancestor.",,,"The passage groups these animals by an inherited internal developmental structure, the ""general plan of cleavage."" That is a characterization through internal organization rather than function or divine purpose.",55993,bhl_116727,33
322,internal_essence,1910_1929,1917,"Guide to the British fresh-water fishes exhibited in the Department of Zoology, ","Sea Lamprey, Pctromyzon marinus (fig. 2). — This species has the suctorial disc completely covered with series of teeth (fig. 3a) ; its marbled or spotted coloration is also distinctive.",,,The passage identifies the species by distinctive internal/structural characters—its toothed suctorial disc and coloration—using these as the basis for categorization. That is classificatory by structural features rather than by function or divine purpose.,25284,bhl_66910,13
323,internal_essence,1910_1929,1917,"Birds of other lands, reptiles, fishes, jointed animals and lower forms","The SLIME-HEADS, which constitute the next family, derive their name from the presence on the head of large mucus-bearing cavities covered with a thin skin.",,,The family is identified by a structural feature of the head—large mucus-bearing cavities—which is used as the basis for naming and grouping the animals. That makes this a structural categorization rather than a functional or divine one.,55113,bhl_115753,978
324,internal_essence,1910_1929,1918,Medical contributions to the study of evolution,"This is present in the germ cells of every species in the form of a definite number of chromosomes which, in cells destined for fertilization, is reduced to one-half the number, so that the single nucleus—the segmentation nucleus—of the fertilized ovum contains the number of chromosomes characteristic of the cells of the individual of any particular species.",,,"The passage characterizes species through an internal cellular feature: a definite chromosome number characteristic of that species. This is an internal structural basis for categorization, not a functional or divine one.",55287,bhl_115948,359
325,internal_essence,1910_1929,1920,Zöology; a textbook for colleges and universities,"The Tunicata or Ascidians are marine animals which in the adult state appear under a variety of forms, some attached to rocks, others floating in the open sea. The name ""tunicate"" is derived from the tunic or coat forming the outer layer of the animal. The commoner species, known as ""sea squirts,"" are found attached to rocks ; when irritated they rapidly Drawings by W.",,,"This passage characterizes Tunicata as a kind of animal identified by a structural feature, the tunic or outer coat. That is a classificatory claim based on internal/structural organization rather than function or divine purpose.",1688,bhl_16750,785
326,internal_essence,1910_1929,1920,An introduction to entomology,"Family Eurypauropidce. — -The members of this family are characterized by the wide form of the body, which bears some resemblance to that of a sow-bug.",,,"The family is explicitly characterized by a bodily structural feature, the wide form of the body. That is a structural basis for categorization, making this internal_essence.",2775,bhl_20692,82
327,internal_essence,1910_1929,1922,A laboratory manual for comparative vertebrate anatomy,THE COMPARATIVE ANATOMY OF THE UROGENITAL SYSTEM The excretory organs of vertebrates consist of a pair of kidneys and their ducts and the reproductive system of a pair of gonads or sexual glands and their ducts.,,,"This states what the urogenital organs of vertebrates consist of, defining those animal systems by their constituent structure. The basis is internal anatomical composition, not function or divine purpose.",61507,bhl_15653,1574
