work_id,period_bin,subfield,n_rows,all_n,all_divine_teleology,all_non_divine_teleology,all_internal_essence,whole_n,whole_divine_teleology,whole_non_divine_teleology,whole_internal_essence,part_n,part_divine_teleology,part_non_divine_teleology,part_internal_essence
46330,1910_1929,paleontology,189,14,0,4,10,6,0,1,5,8,0,3,5
42673,1750_1799,general_or_unknown,2400,153,7,137,9,83,4,76,3,70,3,61,6
46365,1830_1849,taxonomy_systematics,124,10,0,2,8,3,0,0,3,7,0,2,5
46366,1850_1869,paleontology,170,9,0,1,8,4,0,0,4,5,0,1,4
10347,1870_1889,general_or_unknown,1200,264,0,71,193,16,0,11,5,248,0,60,188
46524,1910_1929,general_or_unknown,336,9,0,0,9,3,0,0,3,6,0,0,6
46527,1910_1929,paleontology,1200,28,0,3,25,27,0,2,25,1,0,1,0
46640,1870_1889,paleontology,1294,131,0,16,115,6,0,0,6,125,0,16,109
46668,1870_1889,general_or_unknown,329,29,0,25,4,20,0,17,3,9,0,8,1
46669,1890_1909,general_or_unknown,368,32,0,28,4,22,0,19,3,10,0,9,1
46674,1910_1929,natural_history_ecology_behavior,939,16,0,10,6,7,0,6,1,9,0,4,5
8133,1830_1849,general_or_unknown,5423,941,4,186,751,86,4,27,55,855,0,159,696
46713,1910_1929,natural_history_ecology_behavior,1433,206,0,199,7,78,0,78,0,128,0,121,7
46774,1850_1869,general_or_unknown,1015,0,0,0,0,0,0,0,0,0,0,0,0
46821,1800_1829,natural_history_ecology_behavior,134,39,0,23,16,4,0,2,2,35,0,21,14
46835,1870_1889,paleontology,58,8,0,1,7,2,0,1,1,6,0,0,6
46851,1890_1909,embryology_development,89,31,0,26,5,14,0,14,0,17,0,12,5
46855,1870_1889,natural_history_ecology_behavior,56,13,0,12,1,10,0,9,1,3,0,3,0
46944,1910_1929,taxonomy_systematics,957,59,2,48,9,34,1,29,4,25,1,19,5
46985,1870_1889,general_or_unknown,99,8,0,6,2,2,0,2,0,6,0,4,2
46986,1870_1889,general_or_unknown,639,100,0,74,26,37,0,31,6,63,0,43,20
47002,1890_1909,general_or_unknown,224,2,0,0,2,0,0,0,0,2,0,0,2
47043,1870_1889,general_or_unknown,517,31,0,2,29,4,0,1,3,27,0,1,26
1593,1800_1829,taxonomy_systematics,4773,361,2,243,116,48,1,46,1,313,1,197,115
48405,1830_1849,natural_history_ecology_behavior,1200,295,34,248,13,129,16,110,3,166,18,138,10
48632,1890_1909,natural_history_ecology_behavior,1200,17,0,12,5,5,0,4,1,12,0,8,4
48645,1910_1929,general_or_unknown,237,0,0,0,0,0,0,0,0,0,0,0,0
48665,1870_1889,comparative_anatomy_morphology,208,23,0,17,6,4,0,4,0,19,0,13,6
48970,1870_1889,natural_history_ecology_behavior,102,28,1,14,13,7,1,2,4,21,0,12,9
48975,1800_1829,comparative_anatomy_morphology,433,118,5,95,18,32,2,24,6,86,3,71,12
49008,1800_1829,taxonomy_systematics,1062,44,0,40,4,3,0,3,0,41,0,37,4
49026,1910_1929,natural_history_ecology_behavior,1200,236,0,164,72,44,0,35,9,192,0,129,63
49071,1890_1909,taxonomy_systematics,1200,72,0,12,60,17,0,2,15,55,0,10,45
49233,1870_1889,embryology_development,528,55,0,15,40,13,0,3,10,42,0,12,30
49320,1870_1889,natural_history_ecology_behavior,1200,274,0,75,199,34,0,11,23,240,0,64,176
49321,1870_1889,evolution_adaptation,183,13,0,6,7,5,0,3,2,8,0,3,5
49460,1870_1889,comparative_anatomy_morphology,1200,425,0,212,213,153,0,69,84,272,0,143,129
49461,1850_1869,natural_history_ecology_behavior,1501,65,0,58,7,17,0,17,0,48,0,41,7
48636,1800_1829,natural_history_ecology_behavior,1927,620,15,166,439,258,6,74,178,362,9,92,261
49464,1850_1869,evolution_adaptation,59,1,0,0,1,1,0,0,1,0,0,0,0
49480,1870_1889,natural_history_ecology_behavior,3600,779,1,597,181,167,0,157,10,612,1,440,171
49493,1830_1849,taxonomy_systematics,1146,185,7,84,94,80,5,37,38,105,2,47,56
49740,1870_1889,general_or_unknown,3930,178,5,62,111,28,2,20,6,150,3,42,105
49765,1750_1799,natural_history_ecology_behavior,301,19,0,18,1,7,0,7,0,12,0,11,1
49867,1800_1829,natural_history_ecology_behavior,397,52,2,44,6,23,1,21,1,29,1,23,5
49894,1750_1799,taxonomy_systematics,4443,138,0,125,13,35,0,35,0,103,0,90,13
50066,1850_1869,general_or_unknown,497,156,13,91,52,24,5,19,0,132,8,72,52
50139,1890_1909,general_or_unknown,1200,110,2,102,6,67,2,63,2,43,0,39,4
50141,1870_1889,natural_history_ecology_behavior,604,2,0,2,0,0,0,0,0,2,0,2,0
50434,1870_1889,taxonomy_systematics,2502,105,0,20,85,12,0,4,8,93,0,16,77
11812,1890_1909,general_or_unknown,1200,127,0,27,100,51,0,11,40,76,0,16,60
50464,1890_1909,comparative_anatomy_morphology,115,6,0,5,1,0,0,0,0,6,0,5,1
50589,1870_1889,natural_history_ecology_behavior,431,130,0,49,81,42,0,16,26,88,0,33,55
50671,1870_1889,natural_history_ecology_behavior,1200,102,0,83,19,23,0,19,4,79,0,64,15
50847,1800_1829,natural_history_ecology_behavior,105,22,0,21,1,4,0,4,0,18,0,17,1
50867,1870_1889,general_or_unknown,218,23,3,15,5,20,3,14,3,3,0,1,2
50872,1850_1869,evolution_adaptation,224,33,3,12,18,24,1,8,15,9,2,4,3
210565,1830_1849,comparative_anatomy_morphology,1200,524,1,299,224,98,1,70,27,426,0,229,197
62215,1800_1829,general_or_unknown,4323,350,12,260,78,94,9,79,6,256,3,181,72
51166,1830_1849,general_or_unknown,434,6,0,4,2,3,0,2,1,3,0,2,1
51200,1850_1869,natural_history_ecology_behavior,26,1,0,1,0,0,0,0,0,1,0,1,0
51357,1830_1849,natural_history_ecology_behavior,4800,90,2,79,9,42,1,39,2,48,1,40,7
51450,1800_1829,general_or_unknown,538,49,0,35,14,32,0,25,7,17,0,10,7
51562,1890_1909,taxonomy_systematics,1200,120,0,67,53,89,0,53,36,31,0,14,17
51631,1870_1889,natural_history_ecology_behavior,1200,11,0,1,10,5,0,1,4,6,0,0,6
61923,1910_1929,taxonomy_systematics,3600,172,0,73,99,53,0,30,23,119,0,43,76
51805,1830_1849,taxonomy_systematics,245,81,0,36,45,44,0,21,23,37,0,15,22
51821,1830_1849,general_or_unknown,997,133,0,75,58,21,0,16,5,112,0,59,53
12492,1830_1849,general_or_unknown,1329,118,0,41,77,19,0,15,4,99,0,26,73
51841,1870_1889,taxonomy_systematics,2175,192,0,102,90,43,0,32,11,149,0,70,79
51877,1870_1889,general_or_unknown,1200,174,0,118,56,53,0,43,10,121,0,75,46
11793,1870_1889,taxonomy_systematics,646,7,0,6,1,6,0,5,1,1,0,1,0
16333,1890_1909,general_or_unknown,1298,84,0,11,73,39,0,7,32,45,0,4,41
57744,1890_1909,taxonomy_systematics,1536,167,0,79,88,36,0,24,12,131,0,55,76
52024,1890_1909,general_or_unknown,1200,49,0,38,11,12,0,12,0,37,0,26,11
52028,1910_1929,natural_history_ecology_behavior,932,67,0,67,0,29,0,29,0,38,0,38,0
52039,1890_1909,general_or_unknown,408,23,0,13,10,8,0,8,0,15,0,5,10
52110,1850_1869,paleontology,1200,162,0,14,148,112,0,0,112,50,0,14,36
52120,1890_1909,paleontology,2400,189,0,36,153,29,0,7,22,160,0,29,131
52150,1850_1869,taxonomy_systematics,624,146,0,3,143,59,0,0,59,87,0,3,84
52151,1870_1889,paleontology,32,0,0,0,0,0,0,0,0,0,0,0,0
52327,1890_1909,natural_history_ecology_behavior,374,120,0,69,51,24,0,8,16,96,0,61,35
52350,1890_1909,paleontology,342,10,0,1,9,7,0,0,7,3,0,1,2
52382,1890_1909,paleontology,1200,31,0,2,29,11,0,0,11,20,0,2,18
52386,1870_1889,paleontology,301,16,0,1,15,15,0,0,15,1,0,1,0
9077,1870_1889,paleontology,548,28,0,4,24,23,0,3,20,5,0,1,4
52397,1890_1909,embryology_development,294,14,0,8,6,11,0,6,5,3,0,2,1
52398,1910_1929,general_or_unknown,1200,11,0,9,2,8,0,8,0,3,0,1,2
52401,1870_1889,paleontology,39,0,0,0,0,0,0,0,0,0,0,0,0
52405,1890_1909,paleontology,950,40,0,0,40,12,0,0,12,28,0,0,28
53118,1850_1869,taxonomy_systematics,3600,295,1,168,126,51,1,41,9,244,0,127,117
53461,1830_1849,taxonomy_systematics,447,14,0,7,7,4,0,3,1,10,0,4,6
15752,1890_1909,general_or_unknown,2400,449,4,344,101,143,2,119,22,306,2,225,79
53548,1850_1869,taxonomy_systematics,526,27,0,0,27,9,0,0,9,18,0,0,18
53571,1870_1889,natural_history_ecology_behavior,66,12,0,7,5,3,0,2,1,9,0,5,4
53623,1870_1889,general_or_unknown,1200,188,0,75,113,31,0,14,17,157,0,61,96
16033,1890_1909,natural_history_ecology_behavior,1687,149,0,16,133,27,0,3,24,122,0,13,109
53716,1910_1929,natural_history_ecology_behavior,700,16,0,5,11,2,0,0,2,14,0,5,9
53733,1850_1869,paleontology,793,99,0,53,46,16,0,8,8,83,0,45,38
53764,1830_1849,general_or_unknown,407,22,0,2,20,2,0,0,2,20,0,2,18
53770,1870_1889,natural_history_ecology_behavior,254,6,0,6,0,6,0,6,0,0,0,0,0
53804,1870_1889,taxonomy_systematics,995,37,0,12,25,13,0,10,3,24,0,2,22
53809,1890_1909,embryology_development,1200,74,0,57,17,15,0,9,6,59,0,48,11
53893,1870_1889,general_or_unknown,1200,573,0,279,294,173,0,61,112,400,0,218,182
53901,1910_1929,general_or_unknown,1200,107,0,106,1,59,0,58,1,48,0,48,0
53930,1890_1909,evolution_adaptation,707,151,5,50,96,76,4,24,48,75,1,26,48
53935,1870_1889,taxonomy_systematics,1200,140,0,70,70,18,0,9,9,122,0,61,61
53936,1890_1909,taxonomy_systematics,1200,127,0,36,91,6,0,5,1,121,0,31,90
53940,1890_1909,natural_history_ecology_behavior,2245,549,1,466,82,246,1,225,20,303,0,241,62
53943,1890_1909,paleontology,1200,75,1,65,9,31,0,31,0,44,1,34,9
53953,1910_1929,general_or_unknown,1337,179,0,50,129,107,0,39,68,72,0,11,61
53970,1890_1909,natural_history_ecology_behavior,1200,145,2,136,7,81,0,79,2,64,2,57,5
53973,1870_1889,taxonomy_systematics,1200,75,0,72,3,28,0,28,0,47,0,44,3
53976,1890_1909,general_or_unknown,636,183,0,161,22,28,0,25,3,155,0,136,19
53985,1910_1929,embryology_development,4800,1099,3,400,696,428,0,157,271,671,3,243,425
53987,1910_1929,general_or_unknown,593,124,0,120,4,37,0,35,2,87,0,85,2
54000,1890_1909,comparative_anatomy_morphology,944,62,0,12,50,4,0,0,4,58,0,12,46
54005,1870_1889,general_or_unknown,1200,469,2,205,262,114,0,51,63,355,2,154,199
46110,1890_1909,taxonomy_systematics,922,124,0,44,80,39,0,9,30,85,0,35,50
54014,1870_1889,general_or_unknown,731,129,0,104,25,37,0,35,2,92,0,69,23
54029,1890_1909,general_or_unknown,1013,196,5,190,1,102,3,99,0,94,2,91,1
54031,1890_1909,natural_history_ecology_behavior,1114,34,0,34,0,23,0,23,0,11,0,11,0
54036,1910_1929,general_or_unknown,179,5,0,2,3,1,0,0,1,4,0,2,2
54040,1890_1909,natural_history_ecology_behavior,1017,111,0,98,13,70,0,61,9,41,0,37,4
54042,1870_1889,natural_history_ecology_behavior,526,10,2,8,0,5,1,4,0,5,1,4,0
54058,1890_1909,general_or_unknown,469,34,0,29,5,19,0,15,4,15,0,14,1
54063,1870_1889,general_or_unknown,1200,52,0,40,12,23,0,19,4,29,0,21,8
54065,1870_1889,paleontology,1200,0,0,0,0,0,0,0,0,0,0,0,0
63153,1890_1909,evolution_adaptation,2400,608,2,469,137,280,2,188,90,328,0,281,47
54078,1910_1929,general_or_unknown,1200,323,0,294,29,97,0,87,10,226,0,207,19
54089,1890_1909,general_or_unknown,472,123,1,58,64,47,0,16,31,76,1,42,33
54095,1870_1889,paleontology,513,21,0,20,1,9,0,9,0,12,0,11,1
54107,1910_1929,evolution_adaptation,44,3,0,2,1,3,0,2,1,0,0,0,0
54111,1890_1909,general_or_unknown,65,1,0,1,0,1,0,1,0,0,0,0,0
41819,1890_1909,general_or_unknown,1200,79,0,69,10,43,0,40,3,36,0,29,7
54117,1870_1889,natural_history_ecology_behavior,746,41,1,40,0,22,0,22,0,19,1,18,0
54120,1890_1909,natural_history_ecology_behavior,293,7,0,6,1,2,0,2,0,5,0,4,1
54129,1910_1929,general_or_unknown,1200,345,0,192,153,144,0,80,64,201,0,112,89
69671,1850_1869,paleontology,2930,179,0,31,148,89,0,16,73,90,0,15,75
54144,1910_1929,natural_history_ecology_behavior,1200,84,0,77,7,58,0,52,6,26,0,25,1
54145,1890_1909,natural_history_ecology_behavior,666,30,0,28,2,7,0,7,0,23,0,21,2
54167,1910_1929,general_or_unknown,324,18,0,18,0,9,0,9,0,9,0,9,0
54173,1850_1869,natural_history_ecology_behavior,1200,136,0,78,58,21,0,16,5,115,0,62,53
54184,1890_1909,general_or_unknown,1200,384,0,200,184,115,0,57,58,269,0,143,126
54191,1910_1929,natural_history_ecology_behavior,565,62,1,61,0,39,0,39,0,23,1,22,0
54196,1910_1929,general_or_unknown,1200,429,0,215,214,119,0,58,61,310,0,157,153
54202,1890_1909,general_or_unknown,643,280,0,82,198,111,0,23,88,169,0,59,110
16294,1870_1889,general_or_unknown,2400,496,0,187,309,73,0,44,29,423,0,143,280
54210,1910_1929,natural_history_ecology_behavior,1200,316,0,265,51,164,0,146,18,152,0,119,33
54211,1850_1869,taxonomy_systematics,1182,384,16,94,274,223,12,48,163,161,4,46,111
54232,1910_1929,general_or_unknown,56,1,0,1,0,1,0,1,0,0,0,0,0
54246,1910_1929,general_or_unknown,424,116,5,103,8,65,2,56,7,51,3,47,1
54255,1910_1929,comparative_anatomy_morphology,537,95,0,49,46,19,0,8,11,76,0,41,35
54257,1890_1909,general_or_unknown,1200,461,0,256,205,111,0,62,49,350,0,194,156
54261,1890_1909,embryology_development,1200,333,0,96,237,145,0,32,113,188,0,64,124
54264,1910_1929,natural_history_ecology_behavior,637,16,1,15,0,9,1,8,0,7,0,7,0
54278,1890_1909,natural_history_ecology_behavior,1200,406,0,340,66,86,0,73,13,320,0,267,53
54284,1910_1929,general_or_unknown,296,30,0,30,0,18,0,18,0,12,0,12,0
54293,1910_1929,natural_history_ecology_behavior,689,13,0,12,1,2,0,2,0,11,0,10,1
54304,1910_1929,natural_history_ecology_behavior,693,94,0,90,4,34,0,33,1,60,0,57,3
54306,1910_1929,comparative_anatomy_morphology,2400,618,0,300,318,138,0,68,70,480,0,232,248
54315,1890_1909,embryology_development,1200,95,0,64,31,34,0,27,7,61,0,37,24
54319,1890_1909,taxonomy_systematics,195,112,0,33,79,26,0,8,18,86,0,25,61
54340,1910_1929,paleontology,117,9,0,3,6,3,0,2,1,6,0,1,5
54341,1870_1889,evolution_adaptation,1200,187,0,154,33,81,0,69,12,106,0,85,21
54364,1910_1929,general_or_unknown,467,52,0,50,2,20,0,20,0,32,0,30,2
54369,1910_1929,general_or_unknown,1200,527,0,352,175,194,0,123,71,333,0,229,104
54378,1890_1909,paleontology,1200,118,0,52,66,62,0,34,28,56,0,18,38
51926,1910_1929,general_or_unknown,1200,48,0,33,15,24,0,16,8,24,0,17,7
54380,1870_1889,natural_history_ecology_behavior,929,116,2,108,6,31,1,28,2,85,1,80,4
54382,1890_1909,natural_history_ecology_behavior,637,99,2,96,1,19,1,18,0,80,1,78,1
54401,1890_1909,general_or_unknown,4724,140,0,122,18,73,0,71,2,67,0,51,16
54408,1910_1929,general_or_unknown,1200,431,0,310,121,136,0,103,33,295,0,207,88
54428,1890_1909,taxonomy_systematics,399,5,0,0,5,1,0,0,1,4,0,0,4
54431,1910_1929,general_or_unknown,497,48,0,43,5,32,0,29,3,16,0,14,2
54435,1910_1929,natural_history_ecology_behavior,372,34,0,34,0,16,0,16,0,18,0,18,0
54442,1890_1909,embryology_development,225,6,0,3,3,2,0,1,1,4,0,2,2
54457,1910_1929,general_or_unknown,743,85,0,46,39,22,0,18,4,63,0,28,35
54463,1910_1929,general_or_unknown,1055,83,0,39,44,31,0,12,19,52,0,27,25
54469,1870_1889,taxonomy_systematics,1200,474,2,186,286,109,0,40,69,365,2,146,217
54477,1910_1929,general_or_unknown,1019,257,2,212,43,47,0,43,4,210,2,169,39
13645,1910_1929,general_or_unknown,2163,197,0,184,13,102,0,100,2,95,0,84,11
54483,1910_1929,natural_history_ecology_behavior,1200,68,0,67,1,53,0,53,0,15,0,14,1
54492,1890_1909,general_or_unknown,311,81,0,38,43,32,0,17,15,49,0,21,28
54500,1890_1909,general_or_unknown,801,312,0,148,164,113,0,44,69,199,0,104,95
54502,1910_1929,general_or_unknown,660,83,0,83,0,37,0,37,0,46,0,46,0
54530,1890_1909,general_or_unknown,577,136,5,114,17,84,3,68,13,52,2,46,4
54540,1890_1909,evolution_adaptation,808,259,6,103,150,167,5,56,106,92,1,47,44
54556,1890_1909,general_or_unknown,793,56,0,28,28,21,0,13,8,35,0,15,20
54558,1890_1909,natural_history_ecology_behavior,651,42,0,37,5,30,0,28,2,12,0,9,3
11500,1910_1929,taxonomy_systematics,2764,6,0,0,6,0,0,0,0,6,0,0,6
58790,1910_1929,general_or_unknown,1200,181,0,139,42,90,0,71,19,91,0,68,23
54569,1850_1869,natural_history_ecology_behavior,2781,796,17,624,155,370,11,304,55,426,6,320,100
54571,1870_1889,natural_history_ecology_behavior,914,187,13,152,22,112,6,88,18,75,7,64,4
12294,1890_1909,comparative_anatomy_morphology,4800,1555,0,790,765,444,0,200,244,1111,0,590,521
54574,1870_1889,taxonomy_systematics,735,36,0,22,14,16,0,9,7,20,0,13,7
54577,1890_1909,general_or_unknown,756,332,0,276,56,90,0,68,22,242,0,208,34
54578,1890_1909,general_or_unknown,1200,352,0,286,66,107,0,90,17,245,0,196,49
15677,1910_1929,paleontology,1282,19,0,19,0,12,0,12,0,7,0,7,0
1202,1890_1909,comparative_anatomy_morphology,2400,231,0,63,168,37,0,4,33,194,0,59,135
54596,1870_1889,evolution_adaptation,163,2,0,0,2,2,0,0,2,0,0,0,0
54601,1870_1889,comparative_anatomy_morphology,1200,82,0,33,49,10,0,3,7,72,0,30,42
54607,1870_1889,embryology_development,561,80,0,22,58,17,0,5,12,63,0,17,46
54620,1890_1909,natural_history_ecology_behavior,1260,106,0,25,81,16,0,14,2,90,0,11,79
54621,1890_1909,general_or_unknown,1200,416,0,214,202,101,0,47,54,315,0,167,148
54623,1890_1909,natural_history_ecology_behavior,484,8,0,8,0,4,0,4,0,4,0,4,0
54635,1910_1929,evolution_adaptation,474,43,0,24,19,29,0,13,16,14,0,11,3
54654,1910_1929,comparative_anatomy_morphology,1200,87,0,71,16,57,0,48,9,30,0,23,7
54674,1890_1909,general_or_unknown,66,4,0,0,4,1,0,0,1,3,0,0,3
54676,1910_1929,natural_history_ecology_behavior,3429,378,1,318,59,89,0,76,13,289,1,242,46
49250,1910_1929,general_or_unknown,269,34,0,28,6,16,0,14,2,18,0,14,4
54680,1910_1929,comparative_anatomy_morphology,55,0,0,0,0,0,0,0,0,0,0,0,0
54692,1910_1929,natural_history_ecology_behavior,2516,435,9,350,76,179,4,171,4,256,5,179,72
54700,1850_1869,natural_history_ecology_behavior,1200,73,4,57,12,33,1,31,1,40,3,26,11
54706,1910_1929,natural_history_ecology_behavior,409,127,0,120,7,32,0,31,1,95,0,89,6
54709,1890_1909,general_or_unknown,1200,62,0,58,4,55,0,52,3,7,0,6,1
54737,1870_1889,general_or_unknown,1200,46,0,27,19,17,0,14,3,29,0,13,16
54741,1910_1929,paleontology,675,44,0,11,33,3,0,0,3,41,0,11,30
54742,1910_1929,comparative_anatomy_morphology,521,100,0,51,49,18,0,2,16,82,0,49,33
54748,1890_1909,evolution_adaptation,1200,100,1,78,21,59,1,45,13,41,0,33,8
54749,1870_1889,taxonomy_systematics,242,2,0,0,2,1,0,0,1,1,0,0,1
54763,1910_1929,natural_history_ecology_behavior,836,219,1,196,22,73,1,68,4,146,0,128,18
54774,1850_1869,general_or_unknown,1200,246,0,234,12,100,0,92,8,146,0,142,4
54789,1890_1909,natural_history_ecology_behavior,1143,91,0,88,3,38,0,36,2,53,0,52,1
54799,1910_1929,general_or_unknown,1045,298,0,293,5,243,0,241,2,55,0,52,3
54811,1870_1889,general_or_unknown,139,8,0,7,1,4,0,3,1,4,0,4,0
54812,1870_1889,natural_history_ecology_behavior,742,36,1,35,0,20,0,20,0,16,1,15,0
54815,1890_1909,natural_history_ecology_behavior,520,34,0,33,1,21,0,21,0,13,0,12,1
54827,1890_1909,general_or_unknown,1200,495,0,261,234,141,0,73,68,354,0,188,166
54859,1890_1909,general_or_unknown,967,349,1,266,82,206,1,143,62,143,0,123,20
54870,1910_1929,physiology,1200,349,1,253,95,116,0,80,36,233,1,173,59
54876,1890_1909,natural_history_ecology_behavior,1200,275,2,233,40,75,1,66,8,200,1,167,32
54878,1890_1909,general_or_unknown,124,3,0,3,0,2,0,2,0,1,0,1,0
54886,1890_1909,general_or_unknown,47,0,0,0,0,0,0,0,0,0,0,0,0
13286,1890_1909,general_or_unknown,3600,358,0,355,3,178,0,176,2,180,0,179,1
54893,1910_1929,general_or_unknown,774,36,0,36,0,19,0,19,0,17,0,17,0
54894,1910_1929,general_or_unknown,494,63,0,54,9,29,0,26,3,34,0,28,6
54897,1890_1909,natural_history_ecology_behavior,649,34,1,33,0,21,0,21,0,13,1,12,0
54913,1910_1929,natural_history_ecology_behavior,498,18,0,18,0,11,0,11,0,7,0,7,0
54958,1910_1929,general_or_unknown,1200,303,0,253,50,95,0,83,12,208,0,170,38
54964,1870_1889,general_or_unknown,939,289,7,212,70,42,1,27,14,247,6,185,56
54981,1910_1929,general_or_unknown,1200,164,0,138,26,46,0,40,6,118,0,98,20
54984,1890_1909,general_or_unknown,1200,283,0,229,54,118,0,109,9,165,0,120,45
54995,1890_1909,evolution_adaptation,1679,191,12,115,64,96,9,50,37,95,3,65,27
55012,1870_1889,general_or_unknown,660,52,0,40,12,8,0,8,0,44,0,32,12
55015,1890_1909,comparative_anatomy_morphology,1129,64,0,57,7,59,0,53,6,5,0,4,1
13320,1870_1889,natural_history_ecology_behavior,1072,130,6,119,5,97,6,88,3,33,0,31,2
15034,1890_1909,general_or_unknown,2400,186,0,170,16,40,0,38,2,146,0,132,14
55039,1890_1909,paleontology,403,24,0,17,7,2,0,1,1,22,0,16,6
55042,1890_1909,general_or_unknown,540,101,0,101,0,50,0,50,0,51,0,51,0
55060,1890_1909,general_or_unknown,960,148,0,78,70,35,0,20,15,113,0,58,55
55063,1870_1889,general_or_unknown,4800,153,0,141,12,72,0,68,4,81,0,73,8
55068,1890_1909,natural_history_ecology_behavior,1200,223,10,180,33,113,6,90,17,110,4,90,16
55072,1910_1929,general_or_unknown,1664,153,0,109,44,116,0,83,33,37,0,26,11
55076,1910_1929,general_or_unknown,117,7,0,0,7,0,0,0,0,7,0,0,7
55089,1890_1909,natural_history_ecology_behavior,1184,93,0,93,0,43,0,43,0,50,0,50,0
55090,1910_1929,natural_history_ecology_behavior,565,43,0,40,3,20,0,18,2,23,0,22,1
55095,1910_1929,general_or_unknown,2400,879,1,405,473,224,1,98,125,655,0,307,348
87234,1910_1929,comparative_anatomy_morphology,797,214,0,164,50,63,0,44,19,151,0,120,31
55106,1910_1929,general_or_unknown,1200,334,0,257,77,117,0,101,16,217,0,156,61
58685,1890_1909,general_or_unknown,1200,55,0,52,3,18,0,18,0,37,0,34,3
55113,1910_1929,general_or_unknown,1200,398,0,340,58,73,0,64,9,325,0,276,49
55116,1910_1929,general_or_unknown,1200,331,0,219,112,144,0,102,42,187,0,117,70
55125,1870_1889,general_or_unknown,1200,53,2,51,0,41,2,39,0,12,0,12,0
55145,1890_1909,evolution_adaptation,216,15,1,7,7,12,1,4,7,3,0,3,0
55148,1910_1929,general_or_unknown,437,10,0,10,0,6,0,6,0,4,0,4,0
44584,1910_1929,general_or_unknown,1200,108,1,103,4,43,0,43,0,65,1,60,4
55164,1870_1889,general_or_unknown,1200,61,1,39,21,18,0,18,0,43,1,21,21
55170,1910_1929,general_or_unknown,907,335,3,290,42,118,1,108,9,217,2,182,33
55200,1910_1929,general_or_unknown,953,65,0,64,1,45,0,44,1,20,0,20,0
55203,1910_1929,general_or_unknown,575,14,0,14,0,5,0,5,0,9,0,9,0
55207,1890_1909,comparative_anatomy_morphology,374,22,0,8,14,17,0,5,12,5,0,3,2
55214,1870_1889,paleontology,506,56,0,1,55,46,0,1,45,10,0,0,10
55215,1910_1929,general_or_unknown,1200,155,0,127,28,88,0,72,16,67,0,55,12
55245,1910_1929,comparative_anatomy_morphology,849,4,0,4,0,1,0,1,0,3,0,3,0
55247,1910_1929,general_or_unknown,450,46,0,42,4,33,0,30,3,13,0,12,1
55248,1910_1929,evolution_adaptation,278,14,0,7,7,13,0,6,7,1,0,1,0
55254,1870_1889,evolution_adaptation,710,155,6,51,98,76,6,22,48,79,0,29,50
55262,1910_1929,natural_history_ecology_behavior,687,88,0,87,1,31,0,31,0,57,0,56,1
55264,1910_1929,general_or_unknown,760,130,0,104,26,56,0,44,12,74,0,60,14
55271,1890_1909,general_or_unknown,1200,449,0,239,210,154,0,82,72,295,0,157,138
55277,1890_1909,general_or_unknown,423,81,0,76,5,30,0,27,3,51,0,49,2
55279,1890_1909,natural_history_ecology_behavior,981,273,1,198,74,58,1,32,25,215,0,166,49
55280,1890_1909,comparative_anatomy_morphology,2400,1144,0,572,572,392,0,173,219,752,0,399,353
12620,1890_1909,general_or_unknown,2400,459,0,197,262,70,0,47,23,389,0,150,239
55285,1890_1909,evolution_adaptation,471,48,2,19,27,31,2,11,18,17,0,8,9
55287,1910_1929,evolution_adaptation,567,58,0,24,34,44,0,18,26,14,0,6,8
55302,1870_1889,comparative_anatomy_morphology,636,14,0,8,6,8,0,6,2,6,0,2,4
55308,1910_1929,evolution_adaptation,682,116,14,62,40,55,7,26,22,61,7,36,18
55313,1910_1929,evolution_adaptation,661,140,2,100,38,34,2,20,12,106,0,80,26
55316,1870_1889,general_or_unknown,545,106,19,84,3,31,5,25,1,75,14,59,2
55321,1910_1929,natural_history_ecology_behavior,1200,207,0,163,44,31,0,27,4,176,0,136,40
55324,1890_1909,general_or_unknown,511,186,0,121,65,44,0,34,10,142,0,87,55
55335,1890_1909,comparative_anatomy_morphology,1719,588,1,236,351,232,1,94,137,356,0,142,214
13615,1890_1909,taxonomy_systematics,1818,443,0,260,183,68,0,43,25,375,0,217,158
14535,1910_1929,taxonomy_systematics,2400,253,0,249,4,196,0,194,2,57,0,55,2
55364,1910_1929,natural_history_ecology_behavior,1200,27,0,27,0,20,0,20,0,7,0,7,0
55368,1890_1909,general_or_unknown,495,41,0,33,8,14,0,10,4,27,0,23,4
98121,1890_1909,natural_history_ecology_behavior,355,17,0,17,0,10,0,10,0,7,0,7,0
55370,1870_1889,general_or_unknown,1200,314,3,206,105,95,3,50,42,219,0,156,63
55374,1910_1929,general_or_unknown,958,270,0,138,132,101,0,52,49,169,0,86,83
55375,1890_1909,evolution_adaptation,738,164,12,96,56,88,10,47,31,76,2,49,25
55378,1890_1909,natural_history_ecology_behavior,1200,235,0,174,61,92,0,83,9,143,0,91,52
55382,1850_1869,general_or_unknown,1037,162,0,98,64,23,0,19,4,139,0,79,60
55383,1890_1909,natural_history_ecology_behavior,818,146,1,137,8,76,1,72,3,70,0,65,5
55384,1870_1889,comparative_anatomy_morphology,993,250,17,175,58,60,5,36,19,190,12,139,39
55391,1890_1909,natural_history_ecology_behavior,840,144,1,142,1,71,0,71,0,73,1,71,1
55397,1890_1909,general_or_unknown,786,320,0,296,24,137,0,127,10,183,0,169,14
55404,1890_1909,natural_history_ecology_behavior,325,13,0,9,4,5,0,3,2,8,0,6,2
55405,1850_1869,natural_history_ecology_behavior,655,56,0,51,5,24,0,23,1,32,0,28,4
55416,1870_1889,natural_history_ecology_behavior,1200,381,9,336,36,99,3,89,7,282,6,247,29
55419,1870_1889,general_or_unknown,1200,608,0,319,289,168,0,77,91,440,0,242,198
55425,1890_1909,general_or_unknown,1648,251,2,229,20,110,0,101,9,141,2,128,11
55428,1910_1929,embryology_development,36,1,0,1,0,1,0,1,0,0,0,0,0
55431,1890_1909,embryology_development,171,27,0,17,10,7,0,3,4,20,0,14,6
55436,1890_1909,evolution_adaptation,1507,388,3,267,118,177,2,116,59,211,1,151,59
55440,1870_1889,paleontology,1200,117,0,53,64,53,0,30,23,64,0,23,41
55451,1850_1869,physiology,1200,106,1,72,33,73,0,54,19,33,1,18,14
55454,1850_1869,comparative_anatomy_morphology,1200,424,3,230,191,40,0,22,18,384,3,208,173
7998,1890_1909,taxonomy_systematics,3600,423,1,188,234,76,0,39,37,347,1,149,197
55473,1870_1889,paleontology,2827,83,0,2,81,41,0,2,39,42,0,0,42
55475,1890_1909,evolution_adaptation,749,60,0,26,34,42,0,12,30,18,0,14,4
55491,1910_1929,natural_history_ecology_behavior,640,22,0,22,0,16,0,16,0,6,0,6,0
55495,1910_1929,general_or_unknown,738,122,1,110,11,64,1,56,7,58,0,54,4
55498,1890_1909,evolution_adaptation,902,138,4,87,47,93,4,56,33,45,0,31,14
55512,1870_1889,general_or_unknown,2400,897,3,368,526,225,0,87,138,672,3,281,388
55516,1890_1909,taxonomy_systematics,1200,115,0,29,86,9,0,6,3,106,0,23,83
55520,1890_1909,general_or_unknown,1068,273,0,225,48,84,0,67,17,189,0,158,31
46241,1890_1909,taxonomy_systematics,866,107,0,94,13,66,0,54,12,41,0,40,1
55530,1910_1929,evolution_adaptation,433,30,0,22,8,22,0,15,7,8,0,7,1
55549,1890_1909,general_or_unknown,304,85,2,69,14,16,1,13,2,69,1,56,12
55555,1910_1929,general_or_unknown,633,0,0,0,0,0,0,0,0,0,0,0,0
55557,1910_1929,general_or_unknown,753,38,0,38,0,20,0,20,0,18,0,18,0
55566,1890_1909,embryology_development,200,6,0,5,1,3,0,3,0,3,0,2,1
62705,1870_1889,natural_history_ecology_behavior,1200,54,0,9,45,2,0,0,2,52,0,9,43
11143,1870_1889,natural_history_ecology_behavior,445,99,0,53,46,58,0,27,31,41,0,26,15
55587,1910_1929,evolution_adaptation,47,1,1,0,0,1,1,0,0,0,0,0,0
55593,1890_1909,general_or_unknown,1200,29,0,20,9,24,0,17,7,5,0,3,2
55605,1870_1889,comparative_anatomy_morphology,1748,185,0,70,115,97,0,28,69,88,0,42,46
55617,1890_1909,paleontology,509,60,0,0,60,22,0,0,22,38,0,0,38
55623,1890_1909,natural_history_ecology_behavior,440,10,0,10,0,2,0,2,0,8,0,8,0
55625,1910_1929,taxonomy_systematics,1200,121,0,29,92,6,0,3,3,115,0,26,89
55635,1910_1929,comparative_anatomy_morphology,428,16,0,5,11,11,0,4,7,5,0,1,4
55641,1890_1909,comparative_anatomy_morphology,1200,364,0,115,249,46,0,19,27,318,0,96,222
55649,1890_1909,comparative_anatomy_morphology,22,2,0,0,2,1,0,0,1,1,0,0,1
55654,1910_1929,general_or_unknown,1200,330,1,325,4,267,1,264,2,63,0,61,2
55665,1910_1929,general_or_unknown,904,226,0,209,17,153,0,148,5,73,0,61,12
5383,1910_1929,comparative_anatomy_morphology,788,71,0,23,48,48,0,19,29,23,0,4,19
55689,1890_1909,embryology_development,417,62,0,24,38,18,0,3,15,44,0,21,23
55693,1870_1889,general_or_unknown,480,123,1,61,61,46,0,16,30,77,1,45,31
55720,1890_1909,general_or_unknown,1106,102,6,90,6,44,3,39,2,58,3,51,4
55732,1890_1909,evolution_adaptation,1200,192,0,160,32,80,0,63,17,112,0,97,15
55735,1870_1889,natural_history_ecology_behavior,1161,90,0,88,2,36,0,36,0,54,0,52,2
55740,1870_1889,general_or_unknown,644,99,0,75,24,38,0,34,4,61,0,41,20
55742,1890_1909,evolution_adaptation,604,14,0,12,2,8,0,7,1,6,0,5,1
55743,1910_1929,general_or_unknown,339,120,0,86,34,21,0,9,12,99,0,77,22
55748,1870_1889,general_or_unknown,2400,1107,0,566,541,289,0,127,162,818,0,439,379
55758,1910_1929,natural_history_ecology_behavior,105,15,0,15,0,4,0,4,0,11,0,11,0
55772,1890_1909,general_or_unknown,49,5,0,5,0,4,0,4,0,1,0,1,0
55774,1870_1889,general_or_unknown,1200,166,1,159,6,77,1,75,1,89,0,84,5
55783,1870_1889,natural_history_ecology_behavior,1200,113,1,96,16,41,0,39,2,72,1,57,14
55785,1850_1869,comparative_anatomy_morphology,717,211,1,132,78,118,0,71,47,93,1,61,31
55786,1910_1929,evolution_adaptation,2400,354,1,217,136,171,0,78,93,183,1,139,43
55793,1890_1909,natural_history_ecology_behavior,2400,532,0,443,89,143,0,130,13,389,0,313,76
55809,1910_1929,general_or_unknown,1200,39,0,34,5,33,0,31,2,6,0,3,3
55811,1850_1869,paleontology,236,24,0,3,21,9,0,1,8,15,0,2,13
55813,1910_1929,general_or_unknown,323,10,0,5,5,4,0,4,0,6,0,1,5
18377,1910_1929,embryology_development,841,178,1,168,9,127,1,122,4,51,0,46,5
55839,1870_1889,general_or_unknown,1200,20,0,18,2,16,0,14,2,4,0,4,0
48547,1890_1909,general_or_unknown,1067,232,0,160,72,68,0,59,9,164,0,101,63
55865,1910_1929,paleontology,363,53,0,50,3,3,0,3,0,50,0,47,3
55871,1890_1909,natural_history_ecology_behavior,1145,234,0,233,1,130,0,130,0,104,0,103,1
55872,1890_1909,general_or_unknown,1093,117,0,95,22,67,0,61,6,50,0,34,16
55909,1910_1929,paleontology,1200,90,0,11,79,26,0,0,26,64,0,11,53
55910,1890_1909,general_or_unknown,1200,76,0,76,0,69,0,69,0,7,0,7,0
55911,1910_1929,natural_history_ecology_behavior,547,12,0,12,0,7,0,7,0,5,0,5,0
55913,1910_1929,evolution_adaptation,272,18,1,7,10,11,1,6,4,7,0,1,6
59819,1870_1889,general_or_unknown,1107,141,0,82,59,54,0,24,30,87,0,58,29
55947,1890_1909,general_or_unknown,822,335,1,227,107,53,0,31,22,282,1,196,85
55955,1910_1929,evolution_adaptation,763,145,3,124,18,66,3,53,10,79,0,71,8
55959,1890_1909,general_or_unknown,317,24,0,12,12,6,0,3,3,18,0,9,9
14318,1870_1889,natural_history_ecology_behavior,1158,49,0,38,11,18,0,14,4,31,0,24,7
55971,1910_1929,general_or_unknown,2400,1041,1,462,578,363,1,163,199,678,0,299,379
55972,1910_1929,natural_history_ecology_behavior,831,41,0,40,1,13,0,13,0,28,0,27,1
55980,1890_1909,physiology,1142,188,0,107,81,72,0,43,29,116,0,64,52
55986,1890_1909,general_or_unknown,1200,283,0,175,108,94,0,65,29,189,0,110,79
55993,1910_1929,evolution_adaptation,204,11,0,5,6,6,0,4,2,5,0,1,4
56008,1910_1929,general_or_unknown,928,183,0,150,33,55,0,44,11,128,0,106,22
56013,1870_1889,comparative_anatomy_morphology,1088,66,0,20,46,48,0,14,34,18,0,6,12
56019,1890_1909,embryology_development,572,76,0,21,55,18,0,6,12,58,0,15,43
56034,1910_1929,evolution_adaptation,884,157,1,133,23,118,1,98,19,39,0,35,4
56038,1890_1909,general_or_unknown,1753,437,0,333,104,145,0,117,28,292,0,216,76
56041,1890_1909,general_or_unknown,1200,49,0,43,6,17,0,14,3,32,0,29,3
56062,1890_1909,evolution_adaptation,2324,325,1,257,67,133,1,99,33,192,0,158,34
60895,1910_1929,general_or_unknown,1200,226,0,177,49,104,0,85,19,122,0,92,30
56081,1890_1909,evolution_adaptation,444,95,0,47,48,62,0,27,35,33,0,20,13
56084,1890_1909,natural_history_ecology_behavior,498,14,0,13,1,6,0,5,1,8,0,8,0
56088,1910_1929,evolution_adaptation,754,83,0,46,37,66,0,34,32,17,0,12,5
56089,1910_1929,general_or_unknown,2400,762,0,642,120,290,0,248,42,472,0,394,78
56093,1890_1909,general_or_unknown,385,80,0,66,14,12,0,10,2,68,0,56,12
56106,1890_1909,natural_history_ecology_behavior,1200,495,0,269,226,65,0,50,15,430,0,219,211
56109,1890_1909,general_or_unknown,1200,29,0,14,15,20,0,12,8,9,0,2,7
56111,1890_1909,natural_history_ecology_behavior,743,192,0,187,5,130,0,126,4,62,0,61,1
56133,1910_1929,comparative_anatomy_morphology,518,31,0,7,24,17,0,4,13,14,0,3,11
56134,1910_1929,natural_history_ecology_behavior,1200,222,1,174,47,126,1,98,27,96,0,76,20
56141,1910_1929,general_or_unknown,299,27,0,11,16,18,0,8,10,9,0,3,6
56143,1890_1909,general_or_unknown,658,93,0,80,13,25,0,22,3,68,0,58,10
56148,1870_1889,taxonomy_systematics,1200,567,0,261,306,115,0,52,63,452,0,209,243
56153,1910_1929,natural_history_ecology_behavior,617,111,0,111,0,97,0,97,0,14,0,14,0
56157,1850_1869,natural_history_ecology_behavior,508,25,0,25,0,19,0,19,0,6,0,6,0
56158,1890_1909,general_or_unknown,703,136,0,83,53,50,0,35,15,86,0,48,38
56161,1890_1909,natural_history_ecology_behavior,632,106,3,102,1,24,1,22,1,82,2,80,0
56162,1890_1909,natural_history_ecology_behavior,1200,145,1,118,26,41,1,36,4,104,0,82,22
56164,1910_1929,general_or_unknown,761,21,0,21,0,13,0,13,0,8,0,8,0
7986,1870_1889,natural_history_ecology_behavior,2400,234,9,165,60,62,6,47,9,172,3,118,51
56171,1890_1909,paleontology,453,155,0,80,75,14,0,6,8,141,0,74,67
56176,1890_1909,general_or_unknown,308,64,0,63,1,33,0,32,1,31,0,31,0
48454,1890_1909,natural_history_ecology_behavior,439,17,0,17,0,8,0,8,0,9,0,9,0
56195,1870_1889,general_or_unknown,1200,57,0,54,3,25,0,24,1,32,0,30,2
56200,1850_1869,general_or_unknown,325,60,1,24,35,24,0,9,15,36,1,15,20
56204,1850_1869,comparative_anatomy_morphology,510,52,0,42,10,12,0,11,1,40,0,31,9
56208,1870_1889,natural_history_ecology_behavior,2400,711,2,476,233,160,1,131,28,551,1,345,205
56211,1870_1889,natural_history_ecology_behavior,291,33,2,31,0,9,2,7,0,24,0,24,0
56220,1910_1929,general_or_unknown,821,221,1,198,22,70,1,65,4,151,0,133,18
56223,1910_1929,comparative_anatomy_morphology,942,151,0,95,56,19,0,12,7,132,0,83,49
56228,1890_1909,general_or_unknown,273,18,0,18,0,12,0,12,0,6,0,6,0
56240,1870_1889,natural_history_ecology_behavior,916,181,1,133,47,41,0,28,13,140,1,105,34
45166,1890_1909,general_or_unknown,1200,54,0,51,3,45,0,42,3,9,0,9,0
28657,1910_1929,general_or_unknown,637,20,0,19,1,11,0,10,1,9,0,9,0
56265,1910_1929,general_or_unknown,1200,167,0,165,2,108,0,107,1,59,0,58,1
56268,1910_1929,general_or_unknown,177,5,0,4,1,4,0,4,0,1,0,0,1
56284,1850_1869,taxonomy_systematics,1200,198,4,141,53,41,2,33,6,157,2,108,47
56292,1870_1889,evolution_adaptation,749,135,2,100,33,66,1,49,16,69,1,51,17
56309,1890_1909,natural_history_ecology_behavior,893,28,0,28,0,16,0,16,0,12,0,12,0
56319,1850_1869,natural_history_ecology_behavior,197,19,0,10,9,16,0,8,8,3,0,2,1
56321,1890_1909,natural_history_ecology_behavior,963,51,0,47,4,39,0,39,0,12,0,8,4
56323,1910_1929,general_or_unknown,500,124,1,58,65,45,0,15,30,79,1,43,35
59984,1890_1909,natural_history_ecology_behavior,268,25,0,24,1,8,0,7,1,17,0,17,0
56353,1890_1909,natural_history_ecology_behavior,1039,224,3,174,47,168,0,129,39,56,3,45,8
14610,1890_1909,general_or_unknown,463,2,0,2,0,2,0,2,0,0,0,0,0
56365,1910_1929,paleontology,380,13,0,12,1,7,0,7,0,6,0,5,1
11802,1890_1909,natural_history_ecology_behavior,1200,313,0,166,147,144,0,79,65,169,0,87,82
56369,1910_1929,general_or_unknown,596,8,0,8,0,5,0,5,0,3,0,3,0
56374,1890_1909,natural_history_ecology_behavior,1157,74,4,61,9,45,3,36,6,29,1,25,3
1556,1910_1929,evolution_adaptation,2400,734,0,193,541,251,0,70,181,483,0,123,360
56403,1850_1869,general_or_unknown,1200,123,6,99,18,48,1,44,3,75,5,55,15
56409,1890_1909,general_or_unknown,1200,98,0,58,40,27,0,24,3,71,0,34,37
56420,1890_1909,embryology_development,330,46,0,21,25,8,0,3,5,38,0,18,20
56430,1890_1909,embryology_development,1200,179,0,57,122,75,0,23,52,104,0,34,70
56431,1890_1909,general_or_unknown,1200,11,0,8,3,7,0,5,2,4,0,3,1
12263,1890_1909,evolution_adaptation,750,117,4,65,48,54,4,21,29,63,0,44,19
56434,1910_1929,natural_history_ecology_behavior,431,76,0,72,4,23,0,23,0,53,0,49,4
56441,1890_1909,comparative_anatomy_morphology,231,18,0,6,12,8,0,4,4,10,0,2,8
11115,1870_1889,general_or_unknown,885,263,3,240,20,136,2,123,11,127,1,117,9
56454,1890_1909,natural_history_ecology_behavior,1200,149,0,139,10,53,0,48,5,96,0,91,5
56458,1890_1909,general_or_unknown,2608,257,0,220,37,123,0,105,18,134,0,115,19
44379,1870_1889,taxonomy_systematics,1200,229,0,167,62,96,0,65,31,133,0,102,31
56496,1910_1929,general_or_unknown,736,37,0,37,0,18,0,18,0,19,0,19,0
56504,1910_1929,evolution_adaptation,396,25,3,10,12,22,3,8,11,3,0,2,1
56510,1870_1889,general_or_unknown,204,11,0,10,1,5,0,4,1,6,0,6,0
56516,1890_1909,evolution_adaptation,836,73,0,39,34,16,0,9,7,57,0,30,27
56528,1910_1929,general_or_unknown,1200,79,0,75,4,32,0,30,2,47,0,45,2
56531,1890_1909,embryology_development,232,16,0,1,15,6,0,1,5,10,0,0,10
56532,1910_1929,general_or_unknown,1200,497,0,272,225,115,0,63,52,382,0,209,173
56539,1910_1929,taxonomy_systematics,1183,423,0,300,123,115,0,73,42,308,0,227,81
13149,1870_1889,comparative_anatomy_morphology,563,59,0,49,10,35,0,30,5,24,0,19,5
56557,1890_1909,general_or_unknown,1200,439,0,220,219,118,0,60,58,321,0,160,161
13369,1850_1869,taxonomy_systematics,282,8,0,0,8,2,0,0,2,6,0,0,6
7862,1910_1929,general_or_unknown,1200,56,0,27,29,9,0,9,0,47,0,18,29
56571,1910_1929,general_or_unknown,689,27,0,25,2,19,0,18,1,8,0,7,1
56583,1870_1889,natural_history_ecology_behavior,939,16,0,16,0,8,0,8,0,8,0,8,0
56587,1890_1909,natural_history_ecology_behavior,703,212,0,209,3,112,0,112,0,100,0,97,3
56598,1890_1909,natural_history_ecology_behavior,1200,156,1,128,27,38,1,31,6,118,0,97,21
56603,1870_1889,general_or_unknown,197,7,0,7,0,3,0,3,0,4,0,4,0
56605,1870_1889,natural_history_ecology_behavior,2400,574,0,483,91,191,0,162,29,383,0,321,62
56606,1870_1889,natural_history_ecology_behavior,688,36,0,31,5,14,0,13,1,22,0,18,4
56607,1890_1909,natural_history_ecology_behavior,677,10,0,10,0,8,0,8,0,2,0,2,0
56610,1890_1909,general_or_unknown,1200,284,0,165,119,140,0,77,63,144,0,88,56
56632,1910_1929,general_or_unknown,929,169,0,128,41,67,0,54,13,102,0,74,28
56635,1890_1909,comparative_anatomy_morphology,1200,317,0,133,184,53,0,20,33,264,0,113,151
56636,1910_1929,comparative_anatomy_morphology,761,170,0,79,91,30,0,14,16,140,0,65,75
56643,1910_1929,natural_history_ecology_behavior,428,33,0,30,3,17,0,16,1,16,0,14,2
95239,1850_1869,natural_history_ecology_behavior,2400,240,6,219,15,65,3,60,2,175,3,159,13
56651,1910_1929,general_or_unknown,1200,160,0,124,36,64,0,56,8,96,0,68,28
56653,1910_1929,general_or_unknown,775,84,0,66,18,37,0,33,4,47,0,33,14
56658,1890_1909,evolution_adaptation,2327,468,0,246,222,153,0,76,77,315,0,170,145
56663,1910_1929,embryology_development,45,0,0,0,0,0,0,0,0,0,0,0,0
56666,1890_1909,comparative_anatomy_morphology,1200,223,0,201,22,42,0,40,2,181,0,161,20
56676,1890_1909,evolution_adaptation,506,150,0,103,47,64,0,48,16,86,0,55,31
56693,1870_1889,comparative_anatomy_morphology,1200,246,0,139,107,27,0,13,14,219,0,126,93
56710,1890_1909,general_or_unknown,976,20,0,20,0,11,0,11,0,9,0,9,0
56713,1910_1929,natural_history_ecology_behavior,1200,138,0,127,11,74,0,69,5,64,0,58,6
56721,1890_1909,embryology_development,1200,109,0,76,33,61,0,42,19,48,0,34,14
56726,1850_1869,comparative_anatomy_morphology,1200,536,2,259,275,81,1,47,33,455,1,212,242
56727,1910_1929,general_or_unknown,432,54,0,23,31,9,0,4,5,45,0,19,26
56750,1910_1929,general_or_unknown,975,283,0,276,7,227,0,226,1,56,0,50,6
56757,1870_1889,natural_history_ecology_behavior,604,116,6,96,14,48,4,41,3,68,2,55,11
56758,1890_1909,natural_history_ecology_behavior,1200,162,0,124,38,48,0,35,13,114,0,89,25
56768,1890_1909,natural_history_ecology_behavior,2400,659,85,393,181,283,42,161,80,376,43,232,101
56781,1890_1909,evolution_adaptation,1200,116,6,81,29,75,6,51,18,41,0,30,11
56784,1870_1889,comparative_anatomy_morphology,1200,325,0,177,148,124,0,67,57,201,0,110,91
56786,1910_1929,evolution_adaptation,464,34,0,12,22,29,0,8,21,5,0,4,1
56813,1910_1929,evolution_adaptation,375,41,3,27,11,38,3,24,11,3,0,3,0
56817,1890_1909,evolution_adaptation,476,49,0,38,11,33,0,25,8,16,0,13,3
56828,1910_1929,general_or_unknown,1200,172,0,171,1,131,0,130,1,41,0,41,0
56839,1910_1929,general_or_unknown,1038,197,0,191,6,157,0,152,5,40,0,39,1
56849,1890_1909,general_or_unknown,74,3,0,3,0,3,0,3,0,0,0,0,0
56850,1870_1889,evolution_adaptation,78,5,0,0,5,5,0,0,5,0,0,0,0
56856,1870_1889,paleontology,504,17,0,15,2,6,0,6,0,11,0,9,2
56880,1910_1929,general_or_unknown,1130,113,0,112,1,50,0,50,0,63,0,62,1
56904,1910_1929,evolution_adaptation,239,23,1,17,5,16,0,12,4,7,1,5,1
56906,1890_1909,comparative_anatomy_morphology,1200,298,0,74,224,39,0,12,27,259,0,62,197
56908,1870_1889,general_or_unknown,1200,180,4,165,11,73,3,69,1,107,1,96,10
56920,1890_1909,embryology_development,142,5,0,0,5,3,0,0,3,2,0,0,2
56926,1890_1909,general_or_unknown,1200,528,0,300,228,119,0,70,49,409,0,230,179
56927,1890_1909,natural_history_ecology_behavior,753,205,2,157,46,53,0,41,12,152,2,116,34
56928,1890_1909,general_or_unknown,80,3,0,2,1,3,0,2,1,0,0,0,0
56933,1910_1929,evolution_adaptation,449,27,0,15,12,26,0,14,12,1,0,1,0
56937,1910_1929,general_or_unknown,1200,334,0,207,127,109,0,82,27,225,0,125,100
56939,1850_1869,general_or_unknown,1200,115,10,86,19,30,1,27,2,85,9,59,17
56964,1850_1869,comparative_anatomy_morphology,1046,266,17,195,54,73,9,47,17,193,8,148,37
56969,1890_1909,evolution_adaptation,1200,231,2,181,48,102,1,82,19,129,1,99,29
56985,1890_1909,general_or_unknown,1200,296,0,150,146,87,0,46,41,209,0,104,105
56988,1890_1909,evolution_adaptation,434,32,0,23,9,25,0,16,9,7,0,7,0
56991,1910_1929,embryology_development,658,91,0,20,71,34,0,8,26,57,0,12,45
56992,1910_1929,comparative_anatomy_morphology,1200,89,0,41,48,18,0,9,9,71,0,32,39
57002,1890_1909,general_or_unknown,1200,452,0,194,258,103,0,40,63,349,0,154,195
57004,1870_1889,general_or_unknown,1136,26,0,19,7,8,0,8,0,18,0,11,7
57018,1910_1929,general_or_unknown,749,42,0,38,4,26,0,25,1,16,0,13,3
57024,1910_1929,general_or_unknown,1200,164,0,161,3,113,0,111,2,51,0,50,1
57025,1910_1929,general_or_unknown,1859,23,0,4,19,8,0,2,6,15,0,2,13
57055,1870_1889,general_or_unknown,1270,27,0,22,5,12,0,11,1,15,0,11,4
57056,1890_1909,evolution_adaptation,1200,194,0,165,29,104,0,87,17,90,0,78,12
57060,1890_1909,general_or_unknown,1059,187,0,91,96,42,0,27,15,145,0,64,81
57068,1870_1889,natural_history_ecology_behavior,1200,415,4,331,80,106,0,82,24,309,4,249,56
57072,1870_1889,general_or_unknown,961,166,0,85,81,38,0,25,13,128,0,60,68
44117,1910_1929,embryology_development,1173,146,0,45,101,78,0,21,57,68,0,24,44
57077,1870_1889,general_or_unknown,778,19,0,18,1,9,0,8,1,10,0,10,0
57079,1890_1909,natural_history_ecology_behavior,1200,32,0,25,7,26,0,19,7,6,0,6,0
57086,1910_1929,natural_history_ecology_behavior,1650,288,2,283,3,139,0,139,0,149,2,144,3
57094,1870_1889,paleontology,28,0,0,0,0,0,0,0,0,0,0,0,0
57101,1910_1929,natural_history_ecology_behavior,1317,233,6,192,35,178,6,150,22,55,0,42,13
1042,1890_1909,general_or_unknown,2400,560,0,312,248,140,0,68,72,420,0,244,176
12369,1890_1909,physiology,1374,557,2,520,35,52,0,47,5,505,2,473,30
57108,1890_1909,general_or_unknown,143,0,0,0,0,0,0,0,0,0,0,0,0
57113,1910_1929,natural_history_ecology_behavior,755,207,0,191,16,82,0,76,6,125,0,115,10
57116,1890_1909,natural_history_ecology_behavior,613,19,0,19,0,8,0,8,0,11,0,11,0
57120,1890_1909,natural_history_ecology_behavior,507,1,0,1,0,0,0,0,0,1,0,1,0
57122,1870_1889,paleontology,1200,121,0,55,66,60,0,34,26,61,0,21,40
57125,1890_1909,comparative_anatomy_morphology,142,12,0,1,11,6,0,1,5,6,0,0,6
57131,1910_1929,general_or_unknown,264,50,0,32,18,30,0,19,11,20,0,13,7
57139,1910_1929,general_or_unknown,236,28,0,24,4,12,0,12,0,16,0,12,4
57153,1870_1889,evolution_adaptation,791,86,1,50,35,66,1,32,33,20,0,18,2
57154,1890_1909,physiology,1000,425,0,263,162,195,0,114,81,230,0,149,81
57157,1890_1909,general_or_unknown,2400,536,0,252,284,94,0,68,26,442,0,184,258
57160,1870_1889,natural_history_ecology_behavior,774,41,1,38,2,21,1,19,1,20,0,19,1
57161,1910_1929,natural_history_ecology_behavior,429,12,0,12,0,4,0,4,0,8,0,8,0
57166,1890_1909,natural_history_ecology_behavior,485,36,1,34,1,26,1,25,0,10,0,9,1
57167,1890_1909,general_or_unknown,1200,608,0,557,51,144,0,133,11,464,0,424,40
57187,1870_1889,taxonomy_systematics,562,121,1,115,5,84,1,81,2,37,0,34,3
57189,1890_1909,general_or_unknown,1200,315,0,155,160,86,0,41,45,229,0,114,115
57191,1910_1929,general_or_unknown,764,78,0,15,63,67,0,13,54,11,0,2,9
13243,1850_1869,natural_history_ecology_behavior,537,12,1,11,0,9,0,9,0,3,1,2,0
57209,1910_1929,paleontology,546,27,0,25,2,2,0,2,0,25,0,23,2
57211,1910_1929,general_or_unknown,1200,167,0,162,5,118,0,115,3,49,0,47,2
57230,1910_1929,general_or_unknown,1200,391,0,238,153,87,0,60,27,304,0,178,126
57233,1910_1929,natural_history_ecology_behavior,743,41,0,40,1,29,0,28,1,12,0,12,0
57246,1910_1929,general_or_unknown,379,18,0,13,5,14,0,10,4,4,0,3,1
13851,1890_1909,general_or_unknown,2400,267,0,264,3,163,0,163,0,104,0,101,3
57261,1910_1929,evolution_adaptation,308,62,4,41,17,39,1,24,14,23,3,17,3
57271,1890_1909,general_or_unknown,2400,568,2,341,225,290,0,158,132,278,2,183,93
57275,1870_1889,taxonomy_systematics,1200,32,0,14,18,11,0,9,2,21,0,5,16
57302,1890_1909,paleontology,536,28,0,10,18,16,0,3,13,12,0,7,5
57305,1910_1929,physiology,1200,455,3,137,315,211,2,55,154,244,1,82,161
57333,1890_1909,taxonomy_systematics,1186,433,0,306,127,124,0,81,43,309,0,225,84
57334,1890_1909,evolution_adaptation,458,120,0,87,33,68,0,46,22,52,0,41,11
57337,1910_1929,general_or_unknown,191,5,0,5,0,4,0,4,0,1,0,1,0
57338,1890_1909,natural_history_ecology_behavior,929,239,0,174,65,74,0,55,19,165,0,119,46
12092,1870_1889,general_or_unknown,172,18,0,3,15,0,0,0,0,18,0,3,15
57341,1890_1909,natural_history_ecology_behavior,435,30,0,28,2,10,0,9,1,20,0,19,1
57342,1890_1909,general_or_unknown,558,152,3,144,5,64,1,61,2,88,2,83,3
57348,1890_1909,general_or_unknown,2400,830,2,400,428,207,2,100,105,623,0,300,323
57354,1910_1929,evolution_adaptation,379,16,3,8,5,12,1,6,5,4,2,2,0
57370,1890_1909,natural_history_ecology_behavior,1200,333,0,294,39,84,0,80,4,249,0,214,35
57371,1910_1929,natural_history_ecology_behavior,2400,76,0,42,34,26,0,20,6,50,0,22,28
57375,1890_1909,general_or_unknown,206,2,0,2,0,1,0,1,0,1,0,1,0
57377,1910_1929,evolution_adaptation,369,36,2,24,10,35,2,23,10,1,0,1,0
57380,1890_1909,natural_history_ecology_behavior,632,44,0,44,0,22,0,22,0,22,0,22,0
57383,1890_1909,natural_history_ecology_behavior,240,17,0,17,0,6,0,6,0,11,0,11,0
57403,1910_1929,natural_history_ecology_behavior,48,0,0,0,0,0,0,0,0,0,0,0,0
57408,1910_1929,general_or_unknown,566,87,0,60,27,49,0,38,11,38,0,22,16
57416,1910_1929,evolution_adaptation,483,151,0,72,79,93,0,35,58,58,0,37,21
57418,1890_1909,general_or_unknown,1200,517,0,234,283,167,0,70,97,350,0,164,186
57421,1910_1929,natural_history_ecology_behavior,951,31,0,30,1,7,0,6,1,24,0,24,0
57425,1890_1909,paleontology,843,4,0,0,4,0,0,0,0,4,0,0,4
57439,1890_1909,evolution_adaptation,262,18,1,3,14,9,0,2,7,9,1,1,7
57450,1890_1909,general_or_unknown,138,0,0,0,0,0,0,0,0,0,0,0,0
57451,1910_1929,general_or_unknown,325,6,0,1,5,3,0,0,3,3,0,1,2
49381,1890_1909,general_or_unknown,278,21,0,20,1,15,0,14,1,6,0,6,0
57458,1850_1869,general_or_unknown,275,62,4,52,6,43,0,40,3,19,4,12,3
57466,1890_1909,general_or_unknown,967,319,0,178,141,54,0,28,26,265,0,150,115
57469,1870_1889,physiology,237,16,0,8,8,5,0,3,2,11,0,5,6
57474,1910_1929,taxonomy_systematics,1200,253,0,239,14,189,0,184,5,64,0,55,9
11330,1870_1889,comparative_anatomy_morphology,1200,90,0,38,52,11,0,7,4,79,0,31,48
11790,1890_1909,embryology_development,412,123,0,100,23,17,0,10,7,106,0,90,16
57482,1890_1909,evolution_adaptation,1695,204,0,182,22,177,0,159,18,27,0,23,4
57496,1870_1889,natural_history_ecology_behavior,935,88,2,81,5,54,0,49,5,34,2,32,0
57511,1850_1869,taxonomy_systematics,88,0,0,0,0,0,0,0,0,0,0,0,0
57521,1870_1889,natural_history_ecology_behavior,1200,369,0,328,41,68,0,63,5,301,0,265,36
57528,1910_1929,general_or_unknown,1200,402,0,299,103,97,0,70,27,305,0,229,76
57530,1870_1889,general_or_unknown,1200,81,0,26,55,23,0,13,10,58,0,13,45
57533,1850_1869,taxonomy_systematics,904,49,5,26,18,23,5,10,8,26,0,16,10
57536,1850_1869,general_or_unknown,1200,264,2,252,10,113,0,108,5,151,2,144,5
57539,1870_1889,natural_history_ecology_behavior,653,60,0,59,1,29,0,29,0,31,0,30,1
57554,1910_1929,embryology_development,302,55,0,32,23,38,0,25,13,17,0,7,10
57560,1890_1909,general_or_unknown,368,16,1,14,1,7,1,5,1,9,0,9,0
57578,1890_1909,evolution_adaptation,1200,194,0,157,37,101,0,81,20,93,0,76,17
57579,1890_1909,general_or_unknown,998,130,0,120,10,54,0,50,4,76,0,70,6
41835,1910_1929,general_or_unknown,1200,64,0,58,6,37,0,35,2,27,0,23,4
8972,1910_1929,general_or_unknown,1200,91,0,81,10,58,0,55,3,33,0,26,7
57608,1890_1909,evolution_adaptation,1034,92,0,73,19,52,0,36,16,40,0,37,3
57609,1890_1909,general_or_unknown,880,3,0,3,0,1,0,1,0,2,0,2,0
57616,1890_1909,general_or_unknown,391,60,0,46,14,19,0,17,2,41,0,29,12
57622,1870_1889,physiology,431,7,0,2,5,1,0,0,1,6,0,2,4
57660,1890_1909,general_or_unknown,1200,132,0,109,23,61,0,50,11,71,0,59,12
57665,1890_1909,general_or_unknown,1200,282,0,172,110,79,0,60,19,203,0,112,91
61822,1890_1909,general_or_unknown,585,43,0,41,2,28,0,26,2,15,0,15,0
57686,1910_1929,physiology,367,46,4,21,21,40,4,15,21,6,0,6,0
57696,1890_1909,taxonomy_systematics,2400,618,1,353,264,115,0,58,57,503,1,295,207
57709,1870_1889,natural_history_ecology_behavior,813,28,0,27,1,12,0,12,0,16,0,15,1
11889,1890_1909,paleontology,2400,322,1,136,185,97,0,37,60,225,1,99,125
57721,1870_1889,natural_history_ecology_behavior,811,59,0,57,2,32,0,31,1,27,0,26,1
57732,1890_1909,physiology,1200,172,0,124,48,135,0,97,38,37,0,27,10
57736,1870_1889,general_or_unknown,934,176,0,92,84,42,0,29,13,134,0,63,71
57740,1870_1889,embryology_development,1200,415,1,82,332,129,1,18,110,286,0,64,222
57748,1910_1929,general_or_unknown,1200,129,0,128,1,72,0,71,1,57,0,57,0
57750,1890_1909,general_or_unknown,770,153,0,81,72,42,0,24,18,111,0,57,54
7527,1890_1909,taxonomy_systematics,3418,733,0,569,164,164,0,148,16,569,0,421,148
57762,1890_1909,general_or_unknown,634,41,0,36,5,16,0,16,0,25,0,20,5
57767,1910_1929,general_or_unknown,1200,141,0,136,5,71,0,70,1,70,0,66,4
57768,1910_1929,natural_history_ecology_behavior,1200,230,0,187,43,125,0,102,23,105,0,85,20
57769,1890_1909,general_or_unknown,1200,61,0,49,12,30,0,25,5,31,0,24,7
62918,1890_1909,natural_history_ecology_behavior,879,0,0,0,0,0,0,0,0,0,0,0,0
58569,1870_1889,natural_history_ecology_behavior,706,22,0,19,3,15,0,14,1,7,0,5,2
57788,1890_1909,evolution_adaptation,1200,340,4,282,54,192,4,147,41,148,0,135,13
57791,1850_1869,natural_history_ecology_behavior,1200,71,1,57,13,31,0,28,3,40,1,29,10
57800,1870_1889,taxonomy_systematics,25,4,0,0,4,1,0,0,1,3,0,0,3
57814,1890_1909,natural_history_ecology_behavior,403,4,0,4,0,1,0,1,0,3,0,3,0
57820,1910_1929,general_or_unknown,212,4,0,2,2,4,0,2,2,0,0,0,0
57825,1870_1889,general_or_unknown,1200,342,0,247,95,45,0,33,12,297,0,214,83
57830,1870_1889,paleontology,1200,133,2,22,109,33,2,7,24,100,0,15,85
57835,1910_1929,general_or_unknown,1200,44,0,36,8,30,0,24,6,14,0,12,2
57841,1870_1889,evolution_adaptation,222,19,6,9,4,10,3,5,2,9,3,4,2
57842,1890_1909,general_or_unknown,865,220,0,166,54,64,0,59,5,156,0,107,49
57846,1850_1869,natural_history_ecology_behavior,602,75,5,68,2,19,0,18,1,56,5,50,1
57851,1890_1909,taxonomy_systematics,148,71,0,28,43,16,0,6,10,55,0,22,33
51920,1910_1929,general_or_unknown,1200,165,0,159,6,109,0,107,2,56,0,52,4
57858,1910_1929,evolution_adaptation,307,31,0,31,0,26,0,26,0,5,0,5,0
57883,1800_1829,general_or_unknown,1200,123,4,100,19,48,2,42,4,75,2,58,15
57940,1750_1799,taxonomy_systematics,1200,106,0,83,23,14,0,13,1,92,0,70,22
57942,1890_1909,embryology_development,23,1,0,1,0,1,0,1,0,0,0,0,0
64230,1890_1909,general_or_unknown,133,0,0,0,0,0,0,0,0,0,0,0,0
9136,1830_1849,natural_history_ecology_behavior,735,140,6,108,26,30,4,24,2,110,2,84,24
48423,1870_1889,natural_history_ecology_behavior,5735,367,0,39,328,64,0,12,52,303,0,27,276
58954,1870_1889,paleontology,344,7,0,0,7,4,0,0,4,3,0,0,3
58980,1800_1829,taxonomy_systematics,412,121,13,63,45,10,1,7,2,111,12,56,43
59206,1830_1849,paleontology,197,4,0,0,4,1,0,0,1,3,0,0,3
59327,1890_1909,natural_history_ecology_behavior,7200,455,0,236,219,147,0,102,45,308,0,134,174
59509,1830_1849,natural_history_ecology_behavior,738,138,3,109,26,30,2,26,2,108,1,83,24
59512,1910_1929,taxonomy_systematics,825,74,0,63,11,38,0,34,4,36,0,29,7
59538,1830_1849,general_or_unknown,553,101,1,31,69,11,0,5,6,90,1,26,63
59689,1850_1869,taxonomy_systematics,15,4,0,2,2,4,0,2,2,0,0,0,0
59817,1830_1849,taxonomy_systematics,1182,110,1,40,69,5,0,2,3,105,1,38,66
60182,1870_1889,taxonomy_systematics,241,32,0,1,31,9,0,1,8,23,0,0,23
60403,1800_1829,comparative_anatomy_morphology,77,9,0,8,1,0,0,0,0,9,0,8,1
60404,1800_1829,general_or_unknown,306,33,0,18,15,8,0,5,3,25,0,13,12
60405,1850_1869,general_or_unknown,885,70,0,28,42,10,0,4,6,60,0,24,36
60409,1870_1889,paleontology,151,1,0,0,1,1,0,0,1,0,0,0,0
60499,1870_1889,paleontology,1200,131,0,42,89,13,0,1,12,118,0,41,77
60525,1870_1889,natural_history_ecology_behavior,919,19,0,12,7,11,0,8,3,8,0,4,4
60821,1910_1929,general_or_unknown,958,34,0,5,29,12,0,3,9,22,0,2,20
61215,1850_1869,natural_history_ecology_behavior,2400,230,0,184,46,143,0,118,25,87,0,66,21
14216,1830_1849,paleontology,4873,431,0,181,250,49,0,33,16,382,0,148,234
61406,1890_1909,physiology,1200,353,0,294,59,120,0,105,15,233,0,189,44
61407,1890_1909,physiology,1200,327,0,270,57,132,0,106,26,195,0,164,31
61420,1870_1889,comparative_anatomy_morphology,123,33,0,16,17,4,0,1,3,29,0,15,14
61421,1890_1909,evolution_adaptation,1200,218,1,176,41,104,1,85,18,114,0,91,23
61439,1890_1909,paleontology,310,45,0,18,27,8,0,4,4,37,0,14,23
15688,1910_1929,comparative_anatomy_morphology,1352,299,0,120,179,30,0,12,18,269,0,108,161
61507,1910_1929,comparative_anatomy_morphology,2400,589,0,213,376,108,0,34,74,481,0,179,302
61528,1890_1909,embryology_development,561,103,0,40,63,23,0,6,17,80,0,34,46
44007,1890_1909,comparative_anatomy_morphology,1194,419,0,240,179,116,0,63,53,303,0,177,126
61530,1910_1929,general_or_unknown,1135,35,0,32,3,17,0,14,3,18,0,18,0
61535,1910_1929,embryology_development,579,74,0,21,53,23,0,9,14,51,0,12,39
61763,1910_1929,paleontology,122,10,0,0,10,6,0,0,6,4,0,0,4
62320,1890_1909,natural_history_ecology_behavior,169,2,0,2,0,1,0,1,0,1,0,1,0
62562,1910_1929,taxonomy_systematics,63,1,0,1,0,1,0,1,0,0,0,0,0
37018,1800_1829,taxonomy_systematics,1200,72,0,22,50,6,0,4,2,66,0,18,48
62824,1800_1829,general_or_unknown,256,2,0,0,2,0,0,0,0,2,0,0,2
62930,1830_1849,paleontology,66,4,1,1,2,0,0,0,0,4,1,1,2
62943,1890_1909,paleontology,40,0,0,0,0,0,0,0,0,0,0,0,0
62944,1870_1889,evolution_adaptation,42,4,3,0,1,2,2,0,0,2,1,0,1
62998,1850_1869,paleontology,275,33,0,0,33,8,0,0,8,25,0,0,25
213848,1910_1929,natural_history_ecology_behavior,26,0,0,0,0,0,0,0,0,0,0,0,0
64363,1800_1829,taxonomy_systematics,597,79,2,8,69,2,0,0,2,77,2,8,67
10416,1830_1849,taxonomy_systematics,4051,390,3,119,268,64,2,36,26,326,1,83,242
64985,1750_1799,natural_history_ecology_behavior,363,61,0,30,31,22,0,11,11,39,0,19,20
65016,1890_1909,taxonomy_systematics,1200,101,1,97,3,41,1,39,1,60,0,58,2
65146,1800_1829,natural_history_ecology_behavior,76,16,2,12,2,5,2,2,1,11,0,10,1
65519,1830_1849,comparative_anatomy_morphology,796,123,25,2,96,14,3,1,10,109,22,1,86
65745,1800_1829,natural_history_ecology_behavior,4800,1041,70,755,216,421,34,315,72,620,36,440,144
65766,1750_1799,taxonomy_systematics,1730,137,11,86,40,20,2,17,1,117,9,69,39
65767,1830_1849,natural_history_ecology_behavior,526,14,0,3,11,6,0,0,6,8,0,3,5
65817,1830_1849,natural_history_ecology_behavior,377,24,1,16,7,6,1,3,2,18,0,13,5
65988,1850_1869,natural_history_ecology_behavior,1200,300,31,257,12,123,11,109,3,177,20,148,9
65995,1830_1849,general_or_unknown,1434,121,3,88,30,47,2,35,10,74,1,53,20
66019,1800_1829,general_or_unknown,1020,80,0,22,58,22,0,14,8,58,0,8,50
66025,1870_1889,natural_history_ecology_behavior,3600,449,4,395,50,254,2,235,17,195,2,160,33
66041,1830_1849,comparative_anatomy_morphology,173,55,0,38,17,24,0,14,10,31,0,24,7
66051,1850_1869,natural_history_ecology_behavior,1030,243,2,175,66,76,2,68,6,167,0,107,60
37810,1830_1849,general_or_unknown,651,265,1,196,68,47,1,33,13,218,0,163,55
66343,1800_1829,paleontology,100,18,0,13,5,0,0,0,0,18,0,13,5
66447,1910_1929,embryology_development,1200,296,0,167,129,123,0,60,63,173,0,107,66
64988,1830_1849,taxonomy_systematics,1026,356,5,247,104,43,0,29,14,313,5,218,90
66881,1910_1929,general_or_unknown,114,4,0,3,1,3,0,3,0,1,0,0,1
66889,1910_1929,paleontology,1026,180,0,84,96,32,0,14,18,148,0,70,78
66891,1890_1909,paleontology,43,0,0,0,0,0,0,0,0,0,0,0,0
66905,1870_1889,general_or_unknown,786,137,0,131,6,116,0,110,6,21,0,21,0
66912,1910_1929,comparative_anatomy_morphology,631,50,0,43,7,47,0,40,7,3,0,3,0
66964,1890_1909,comparative_anatomy_morphology,1940,395,0,151,244,128,0,37,91,267,0,114,153
66976,1890_1909,evolution_adaptation,1123,272,0,254,18,32,0,27,5,240,0,227,13
66984,1890_1909,paleontology,907,80,0,2,78,3,0,0,3,77,0,2,75
66991,1890_1909,paleontology,451,29,0,0,29,6,0,0,6,23,0,0,23
66994,1870_1889,paleontology,1120,51,0,3,48,3,0,0,3,48,0,3,45
67094,1830_1849,general_or_unknown,1200,275,0,226,49,70,0,67,3,205,0,159,46
67706,1870_1889,general_or_unknown,304,93,0,57,36,26,0,21,5,67,0,36,31
67721,1850_1869,general_or_unknown,1200,84,0,38,46,4,0,2,2,80,0,36,44
82303,1850_1869,evolution_adaptation,1200,168,0,141,27,93,0,71,22,75,0,70,5
69239,1890_1909,natural_history_ecology_behavior,2245,33,0,25,8,17,0,17,0,16,0,8,8
69240,1890_1909,natural_history_ecology_behavior,1200,6,1,5,0,4,1,3,0,2,0,2,0
27080,1890_1909,general_or_unknown,2813,309,0,108,201,133,0,51,82,176,0,57,119
61477,1850_1869,general_or_unknown,56,0,0,0,0,0,0,0,0,0,0,0,0
70088,1890_1909,natural_history_ecology_behavior,1091,26,0,20,6,18,0,15,3,8,0,5,3
70845,1830_1849,taxonomy_systematics,87,0,0,0,0,0,0,0,0,0,0,0,0
77308,1890_1909,paleontology,7,2,0,0,2,0,0,0,0,2,0,0,2
77309,1890_1909,paleontology,13,2,0,1,1,0,0,0,0,2,0,1,1
77312,1890_1909,paleontology,30,4,0,0,4,0,0,0,0,4,0,0,4
77323,1890_1909,evolution_adaptation,82,8,0,5,3,0,0,0,0,8,0,5,3
77344,1910_1929,general_or_unknown,37,5,0,5,0,4,0,4,0,1,0,1,0
77375,1870_1889,paleontology,1221,182,0,100,82,28,0,16,12,154,0,84,70
79055,1890_1909,natural_history_ecology_behavior,1200,36,0,18,18,8,0,6,2,28,0,12,16
79164,1830_1849,taxonomy_systematics,109,0,0,0,0,0,0,0,0,0,0,0,0
79168,1850_1869,natural_history_ecology_behavior,826,287,23,188,76,86,4,51,31,201,19,137,45
80009,1910_1929,general_or_unknown,68,11,0,11,0,3,0,3,0,8,0,8,0
917,1890_1909,taxonomy_systematics,263,37,0,25,12,26,0,18,8,11,0,7,4
919,1850_1869,general_or_unknown,628,66,0,55,11,44,0,35,9,22,0,20,2
927,1890_1909,general_or_unknown,1362,176,0,47,129,104,0,36,68,72,0,11,61
941,1910_1929,natural_history_ecology_behavior,543,61,0,55,6,24,0,23,1,37,0,32,5
946,1910_1929,physiology,763,77,0,16,61,66,0,13,53,11,0,3,8
948,1890_1909,general_or_unknown,1010,66,8,51,7,27,3,21,3,39,5,30,4
957,1910_1929,paleontology,665,44,0,10,34,3,0,0,3,41,0,10,31
959,1890_1909,evolution_adaptation,1200,234,1,184,49,108,1,90,17,126,0,94,32
990,1850_1869,comparative_anatomy_morphology,2400,671,5,385,281,85,1,43,41,586,4,342,240
991,1910_1929,evolution_adaptation,570,61,0,15,46,24,0,5,19,37,0,10,27
996,1870_1889,comparative_anatomy_morphology,954,163,0,55,108,14,0,7,7,149,0,48,101
82382,1890_1909,natural_history_ecology_behavior,427,104,0,32,72,10,0,8,2,94,0,24,70
1003,1870_1889,comparative_anatomy_morphology,911,481,0,333,148,93,0,60,33,388,0,273,115
1006,1870_1889,comparative_anatomy_morphology,982,321,0,137,184,61,0,25,36,260,0,112,148
1007,1910_1929,evolution_adaptation,184,58,0,50,8,21,0,16,5,37,0,34,3
1016,1890_1909,comparative_anatomy_morphology,1200,370,0,166,204,69,0,23,46,301,0,143,158
1017,1910_1929,embryology_development,942,124,0,34,90,61,0,16,45,63,0,18,45
1021,1890_1909,comparative_anatomy_morphology,917,62,0,12,50,4,0,0,4,58,0,12,46
1025,1850_1869,general_or_unknown,327,60,1,26,33,23,0,8,15,37,1,18,18
1027,1890_1909,embryology_development,1200,191,0,65,126,73,0,22,51,118,0,43,75
1028,1910_1929,natural_history_ecology_behavior,688,17,0,13,4,17,0,13,4,0,0,0,0
1040,1910_1929,evolution_adaptation,280,11,0,5,6,10,0,4,6,1,0,1,0
1041,1910_1929,taxonomy_systematics,142,9,0,8,1,8,0,7,1,1,0,1,0
1046,1870_1889,natural_history_ecology_behavior,1200,179,2,166,11,105,1,95,9,74,1,71,2
1047,1890_1909,natural_history_ecology_behavior,722,39,0,33,6,28,0,24,4,11,0,9,2
1052,1910_1929,evolution_adaptation,281,17,1,6,10,11,1,5,5,6,0,1,5
1056,1890_1909,general_or_unknown,110,10,0,3,7,0,0,0,0,10,0,3,7
1057,1890_1909,evolution_adaptation,777,12,0,3,9,8,0,3,5,4,0,0,4
1071,1850_1869,taxonomy_systematics,515,246,0,72,174,55,0,13,42,191,0,59,132
1073,1890_1909,general_or_unknown,1079,82,0,40,42,29,0,14,15,53,0,26,27
1087,1890_1909,embryology_development,1200,323,0,93,230,134,0,36,98,189,0,57,132
1104,1870_1889,taxonomy_systematics,296,20,0,4,16,14,0,2,12,6,0,2,4
1105,1890_1909,general_or_unknown,2298,76,0,74,2,47,0,46,1,29,0,28,1
1111,1870_1889,comparative_anatomy_morphology,819,267,0,93,174,85,0,34,51,182,0,59,123
1134,1890_1909,evolution_adaptation,561,58,0,55,3,43,0,42,1,15,0,13,2
1137,1890_1909,embryology_development,1200,92,0,62,30,31,0,25,6,61,0,37,24
83722,1890_1909,paleontology,790,151,0,62,89,31,0,18,13,120,0,44,76
8147,1890_1909,comparative_anatomy_morphology,1951,388,0,145,243,126,0,39,87,262,0,106,156
111654,1910_1929,natural_history_ecology_behavior,2667,196,0,57,139,61,0,18,43,135,0,39,96
1166,1890_1909,taxonomy_systematics,1200,157,1,125,31,45,0,44,1,112,1,81,30
1169,1890_1909,comparative_anatomy_morphology,1200,79,0,34,45,5,0,2,3,74,0,32,42
1176,1890_1909,comparative_anatomy_morphology,516,94,0,42,52,16,0,7,9,78,0,35,43
1178,1850_1869,taxonomy_systematics,334,116,5,45,66,14,2,6,6,102,3,39,60
1179,1910_1929,physiology,309,61,0,49,12,49,0,38,11,12,0,11,1
1181,1910_1929,embryology_development,411,39,0,2,37,28,0,1,27,11,0,1,10
1187,1870_1889,natural_history_ecology_behavior,1265,170,13,155,2,55,3,52,0,115,10,103,2
1189,1870_1889,evolution_adaptation,612,151,1,81,69,24,0,15,9,127,1,66,60
1190,1870_1889,general_or_unknown,1200,50,0,35,15,17,0,14,3,33,0,21,12
1193,1870_1889,general_or_unknown,2400,77,0,21,56,14,0,7,7,63,0,14,49
1194,1870_1889,taxonomy_systematics,1087,73,0,71,2,43,0,43,0,30,0,28,2
3747,1910_1929,physiology,1083,249,1,66,182,106,1,19,86,143,0,47,96
1199,1890_1909,general_or_unknown,311,88,5,76,7,8,0,8,0,80,5,68,7
1203,1890_1909,physiology,207,50,5,35,10,12,2,9,1,38,3,26,9
1209,1890_1909,general_or_unknown,1200,352,0,242,110,167,0,116,51,185,0,126,59
34117,1910_1929,comparative_anatomy_morphology,614,157,0,69,88,65,0,28,37,92,0,41,51
84784,1830_1849,general_or_unknown,841,37,0,13,24,4,0,4,0,33,0,9,24
1318,1910_1929,comparative_anatomy_morphology,872,3,0,3,0,2,0,2,0,1,0,1,0
1321,1910_1929,comparative_anatomy_morphology,370,67,0,23,44,16,0,6,10,51,0,17,34
1322,1850_1869,general_or_unknown,809,81,0,42,39,51,0,21,30,30,0,21,9
1323,1870_1889,general_or_unknown,2400,894,1,441,452,244,1,120,123,650,0,321,329
1324,1910_1929,general_or_unknown,1109,107,0,14,93,14,0,2,12,93,0,12,81
1331,1910_1929,evolution_adaptation,367,66,3,37,26,42,1,23,18,24,2,14,8
1335,1910_1929,evolution_adaptation,392,69,0,30,39,29,0,11,18,40,0,19,21
1339,1890_1909,evolution_adaptation,1200,305,0,223,82,152,0,105,47,153,0,118,35
1343,1850_1869,embryology_development,836,239,0,70,169,101,0,25,76,138,0,45,93
1344,1910_1929,evolution_adaptation,1491,259,10,150,99,180,9,95,76,79,1,55,23
16625,1890_1909,natural_history_ecology_behavior,352,30,0,18,12,6,0,6,0,24,0,12,12
17250,1890_1909,evolution_adaptation,1200,60,0,14,46,19,0,6,13,41,0,8,33
1351,1890_1909,comparative_anatomy_morphology,1153,63,0,54,9,54,0,46,8,9,0,8,1
1359,1890_1909,taxonomy_systematics,1200,33,0,12,21,30,0,10,20,3,0,2,1
1360,1890_1909,general_or_unknown,777,26,0,16,10,15,0,10,5,11,0,6,5
1367,1910_1929,general_or_unknown,354,124,0,60,64,93,0,41,52,31,0,19,12
1372,1890_1909,evolution_adaptation,592,104,0,99,5,74,0,69,5,30,0,30,0
3734,1890_1909,evolution_adaptation,41,5,0,3,2,5,0,3,2,0,0,0,0
1386,1910_1929,evolution_adaptation,85,19,0,4,15,17,0,3,14,2,0,1,1
1390,1870_1889,natural_history_ecology_behavior,612,99,0,97,2,48,0,46,2,51,0,51,0
1392,1890_1909,natural_history_ecology_behavior,1053,1,0,0,1,0,0,0,0,1,0,0,1
1393,1910_1929,general_or_unknown,386,35,0,26,9,16,0,13,3,19,0,13,6
1396,1910_1929,general_or_unknown,393,72,0,61,11,61,0,53,8,11,0,8,3
86010,1870_1889,general_or_unknown,84,16,0,16,0,1,0,1,0,15,0,15,0
86011,1890_1909,general_or_unknown,175,24,0,23,1,16,0,16,0,8,0,7,1
33932,1800_1829,taxonomy_systematics,1713,142,0,5,137,2,0,1,1,140,0,4,136
1421,1910_1929,paleontology,1200,264,0,144,120,56,0,32,24,208,0,112,96
86332,1890_1909,paleontology,70,0,0,0,0,0,0,0,0,0,0,0,0
86342,1910_1929,general_or_unknown,399,29,2,19,8,17,2,10,5,12,0,9,3
86358,1910_1929,general_or_unknown,50,9,0,3,6,7,0,1,6,2,0,2,0
86364,1890_1909,comparative_anatomy_morphology,38,1,0,0,1,0,0,0,0,1,0,0,1
86367,1890_1909,comparative_anatomy_morphology,54,2,0,0,2,2,0,0,2,0,0,0,0
86369,1890_1909,comparative_anatomy_morphology,6,0,0,0,0,0,0,0,0,0,0,0,0
1429,1910_1929,general_or_unknown,206,4,0,2,2,0,0,0,0,4,0,2,2
1443,1890_1909,evolution_adaptation,736,89,0,76,13,55,0,48,7,34,0,28,6
1445,1890_1909,evolution_adaptation,1035,104,1,71,32,58,1,28,29,46,0,43,3
1447,1910_1929,evolution_adaptation,148,0,0,0,0,0,0,0,0,0,0,0,0
1461,1890_1909,comparative_anatomy_morphology,715,90,0,61,29,31,0,17,14,59,0,44,15
1478,1890_1909,evolution_adaptation,1200,123,4,82,37,71,4,49,18,52,0,33,19
12300,1870_1889,natural_history_ecology_behavior,3600,868,0,583,285,192,0,140,52,676,0,443,233
87000,1800_1829,taxonomy_systematics,355,69,3,64,2,13,1,12,0,56,2,52,2
1503,1910_1929,evolution_adaptation,431,25,0,17,8,24,0,16,8,1,0,1,0
1505,1910_1929,evolution_adaptation,234,40,0,35,5,24,0,21,3,16,0,14,2
1517,1910_1929,evolution_adaptation,704,28,0,13,15,19,0,8,11,9,0,5,4
1543,1890_1909,general_or_unknown,109,10,0,4,6,0,0,0,0,10,0,4,6
57368,1890_1909,general_or_unknown,1091,256,0,240,16,135,0,125,10,121,0,115,6
115671,1890_1909,natural_history_ecology_behavior,559,91,0,49,42,29,0,13,16,62,0,36,26
87781,1830_1849,natural_history_ecology_behavior,597,36,0,26,10,12,0,11,1,24,0,15,9
87783,1830_1849,natural_history_ecology_behavior,719,91,0,40,51,55,0,20,35,36,0,20,16
1571,1890_1909,evolution_adaptation,512,81,0,33,48,17,0,6,11,64,0,27,37
3771,1890_1909,comparative_anatomy_morphology,544,60,0,50,10,4,0,0,4,56,0,50,6
1572,1890_1909,natural_history_ecology_behavior,273,41,0,24,17,10,0,5,5,31,0,19,12
1602,1910_1929,comparative_anatomy_morphology,113,22,0,7,15,6,0,0,6,16,0,7,9
1603,1910_1929,general_or_unknown,2400,30,0,28,2,24,0,24,0,6,0,4,2
1667,1890_1909,taxonomy_systematics,541,208,1,86,121,99,1,40,58,109,0,46,63
1668,1890_1909,taxonomy_systematics,539,203,1,86,116,104,1,40,63,99,0,46,53
12293,1890_1909,general_or_unknown,2400,690,0,310,380,238,0,121,117,452,0,189,263
1675,1870_1889,general_or_unknown,1152,334,7,260,67,69,1,56,12,265,6,204,55
1678,1910_1929,general_or_unknown,1200,496,1,220,275,161,1,69,91,335,0,151,184
3738,1910_1929,general_or_unknown,368,36,0,10,26,23,0,5,18,13,0,5,8
1688,1910_1929,general_or_unknown,1200,319,0,189,130,119,0,73,46,200,0,116,84
1693,1910_1929,general_or_unknown,1028,282,0,209,73,83,0,53,30,199,0,156,43
59948,1890_1909,general_or_unknown,1096,392,0,221,171,104,0,60,44,288,0,161,127
1697,1870_1889,general_or_unknown,1200,432,0,188,244,103,0,41,62,329,0,147,182
1700,1910_1929,natural_history_ecology_behavior,1200,127,0,58,69,26,0,18,8,101,0,40,61
1709,1890_1909,general_or_unknown,1082,226,0,162,64,67,0,59,8,159,0,103,56
1713,1870_1889,general_or_unknown,1200,272,0,193,79,63,0,56,7,209,0,137,72
1717,1850_1869,comparative_anatomy_morphology,1200,236,0,121,115,51,0,19,32,185,0,102,83
1719,1890_1909,embryology_development,1200,101,0,65,36,64,0,37,27,37,0,28,9
3733,1910_1929,general_or_unknown,1138,333,0,252,81,81,0,63,18,252,0,189,63
1726,1870_1889,comparative_anatomy_morphology,112,45,0,29,16,15,0,11,4,30,0,18,12
1731,1870_1889,general_or_unknown,435,127,0,80,47,13,0,10,3,114,0,70,44
1732,1890_1909,general_or_unknown,762,299,0,141,158,98,0,59,39,201,0,82,119
1737,1910_1929,general_or_unknown,1200,304,0,237,67,117,0,99,18,187,0,138,49
1740,1870_1889,taxonomy_systematics,46,2,0,0,2,1,0,0,1,1,0,0,1
3846,1910_1929,physiology,1196,365,1,261,103,123,0,82,41,242,1,179,62
1741,1850_1869,taxonomy_systematics,1200,428,0,213,215,65,0,37,28,363,0,176,187
1744,1870_1889,paleontology,1200,125,0,50,75,65,0,32,33,60,0,18,42
1745,1910_1929,general_or_unknown,705,103,0,78,25,49,0,41,8,54,0,37,17
1746,1910_1929,general_or_unknown,2400,902,0,396,506,246,0,105,141,656,0,291,365
14607,1870_1889,taxonomy_systematics,434,70,0,36,34,2,0,0,2,68,0,36,32
1749,1870_1889,general_or_unknown,1200,448,4,227,217,91,3,46,42,357,1,181,175
59921,1890_1909,general_or_unknown,376,63,0,27,36,26,0,13,13,37,0,14,23
1752,1890_1909,general_or_unknown,1200,407,0,217,190,120,0,62,58,287,0,155,132
1757,1850_1869,general_or_unknown,1028,257,11,218,28,86,5,70,11,171,6,148,17
1758,1890_1909,embryology_development,1200,304,0,178,126,61,0,22,39,243,0,156,87
1759,1910_1929,general_or_unknown,1200,266,2,173,91,136,0,78,58,130,2,95,33
1763,1910_1929,evolution_adaptation,469,20,0,5,15,16,0,5,11,4,0,0,4
1764,1910_1929,comparative_anatomy_morphology,536,122,0,108,14,54,0,47,7,68,0,61,7
1767,1890_1909,general_or_unknown,1200,459,1,252,206,179,0,104,75,280,1,148,131
1768,1890_1909,natural_history_ecology_behavior,1002,272,1,200,71,58,1,38,19,214,0,162,52
1770,1870_1889,general_or_unknown,802,336,1,231,104,53,0,33,20,283,1,198,84
1772,1910_1929,general_or_unknown,402,66,0,49,17,24,0,16,8,42,0,33,9
1773,1890_1909,general_or_unknown,1200,414,1,168,245,86,0,33,53,328,1,135,192
1774,1910_1929,general_or_unknown,1200,442,0,261,181,120,0,78,42,322,0,183,139
1775,1910_1929,general_or_unknown,1200,375,0,306,69,151,0,124,27,224,0,182,42
1776,1890_1909,general_or_unknown,2400,905,0,395,510,239,0,105,134,666,0,290,376
1781,1870_1889,natural_history_ecology_behavior,1200,211,2,186,23,50,1,49,0,161,1,137,23
1783,1890_1909,general_or_unknown,1200,241,0,172,69,83,0,65,18,158,0,107,51
3746,1890_1909,embryology_development,1200,323,0,94,229,135,0,34,101,188,0,60,128
3845,1850_1869,taxonomy_systematics,67,18,0,3,15,10,0,3,7,8,0,0,8
1795,1830_1849,physiology,789,252,5,138,109,78,4,38,36,174,1,100,73
1816,1850_1869,physiology,1549,520,12,288,220,133,8,66,59,387,4,222,161
1802,1850_1869,natural_history_ecology_behavior,450,95,0,49,46,54,0,22,32,41,0,27,14
39641,1850_1869,natural_history_ecology_behavior,2912,491,0,315,176,104,0,78,26,387,0,237,150
3756,1870_1889,embryology_development,2400,474,0,119,355,245,0,56,189,229,0,63,166
1811,1870_1889,embryology_development,3727,640,0,153,487,282,0,73,209,358,0,80,278
95694,1890_1909,evolution_adaptation,169,2,0,0,2,2,0,0,2,0,0,0,0
1815,1870_1889,embryology_development,1200,225,0,61,164,88,0,24,64,137,0,37,100
1826,1870_1889,physiology,1200,401,8,214,179,84,3,40,41,317,5,174,138
1827,1850_1869,natural_history_ecology_behavior,1200,113,2,16,95,24,2,5,17,89,0,11,78
1831,1850_1869,taxonomy_systematics,1026,228,11,22,195,169,7,16,146,59,4,6,49
1832,1850_1869,taxonomy_systematics,585,199,8,49,142,117,6,27,84,82,2,22,58
1858,1830_1849,embryology_development,752,272,0,68,204,129,0,29,100,143,0,39,104
1879,1890_1909,general_or_unknown,348,4,0,3,1,3,0,3,0,1,0,0,1
1889,1870_1889,embryology_development,146,18,0,1,17,9,0,1,8,9,0,0,9
1890,1910_1929,general_or_unknown,362,23,0,19,4,12,0,10,2,11,0,9,2
1891,1870_1889,general_or_unknown,686,118,0,111,7,16,0,14,2,102,0,97,5
95127,1830_1849,taxonomy_systematics,85,0,0,0,0,0,0,0,0,0,0,0,0
95424,1870_1889,comparative_anatomy_morphology,90,29,0,4,25,2,0,0,2,27,0,4,23
96198,1870_1889,taxonomy_systematics,198,45,0,25,20,13,0,7,6,32,0,18,14
1927,1890_1909,embryology_development,48,11,0,7,4,9,0,5,4,2,0,2,0
1934,1910_1929,natural_history_ecology_behavior,1200,306,2,270,34,98,0,94,4,208,2,176,30
96956,1870_1889,natural_history_ecology_behavior,1200,65,0,56,9,13,0,12,1,52,0,44,8
97204,1800_1829,natural_history_ecology_behavior,2802,256,14,211,31,73,5,63,5,183,9,148,26
4789,1830_1849,comparative_anatomy_morphology,492,118,1,44,73,50,1,13,36,68,0,31,37
98164,1870_1889,physiology,83,44,0,18,26,3,0,2,1,41,0,16,25
98378,1890_1909,natural_history_ecology_behavior,455,17,0,17,0,4,0,4,0,13,0,13,0
98397,1910_1929,general_or_unknown,45,1,0,1,0,0,0,0,0,1,0,1,0
1980,1910_1929,evolution_adaptation,556,169,0,87,82,87,0,43,44,82,0,44,38
98554,1890_1909,natural_history_ecology_behavior,2858,115,0,75,40,33,0,29,4,82,0,46,36
41463,1830_1849,taxonomy_systematics,8400,2252,1,958,1293,346,1,169,176,1906,0,789,1117
99116,1850_1869,natural_history_ecology_behavior,959,123,0,86,37,52,0,38,14,71,0,48,23
99586,1850_1869,embryology_development,89,4,0,0,4,2,0,0,2,2,0,0,2
99621,1870_1889,taxonomy_systematics,1200,556,0,251,305,139,0,60,79,417,0,191,226
99672,1870_1889,comparative_anatomy_morphology,1200,270,0,73,197,33,0,12,21,237,0,61,176
99924,1890_1909,comparative_anatomy_morphology,19,1,0,0,1,0,0,0,0,1,0,0,1
99930,1800_1829,comparative_anatomy_morphology,1070,128,1,101,26,18,0,16,2,110,1,85,24
99932,1870_1889,general_or_unknown,1082,62,1,59,2,18,0,17,1,44,1,42,1
99946,1850_1869,natural_history_ecology_behavior,809,81,0,44,37,46,0,20,26,35,0,24,11
100003,1870_1889,general_or_unknown,1200,19,0,14,5,11,0,8,3,8,0,6,2
2010,1870_1889,comparative_anatomy_morphology,334,39,0,13,26,11,0,1,10,28,0,12,16
100073,1830_1849,embryology_development,268,10,0,3,7,6,0,1,5,4,0,2,2
100075,1830_1849,embryology_development,198,10,0,1,9,8,0,1,7,2,0,0,2
100110,1850_1869,embryology_development,10,0,0,0,0,0,0,0,0,0,0,0,0
100224,1830_1849,embryology_development,17,2,0,0,2,2,0,0,2,0,0,0,0
100229,1890_1909,general_or_unknown,441,38,0,26,12,10,0,9,1,28,0,17,11
100403,1870_1889,paleontology,6,2,0,0,2,0,0,0,0,2,0,0,2
100631,1870_1889,paleontology,1200,58,0,38,20,34,0,25,9,24,0,13,11
100728,1870_1889,general_or_unknown,1200,77,0,52,25,51,0,37,14,26,0,15,11
100738,1890_1909,natural_history_ecology_behavior,3285,222,0,38,184,44,0,15,29,178,0,23,155
100745,1890_1909,natural_history_ecology_behavior,4800,91,0,12,79,2,0,2,0,89,0,10,79
100754,1870_1889,general_or_unknown,107,3,0,3,0,1,0,1,0,2,0,2,0
100755,1870_1889,natural_history_ecology_behavior,2400,71,0,24,47,4,0,4,0,67,0,20,47
100761,1870_1889,comparative_anatomy_morphology,947,332,0,142,190,54,0,22,32,278,0,120,158
100786,1890_1909,evolution_adaptation,1836,341,1,217,123,238,0,130,108,103,1,87,15
100793,1890_1909,general_or_unknown,859,308,0,175,133,46,0,22,24,262,0,153,109
100797,1890_1909,natural_history_ecology_behavior,1200,54,0,10,44,7,0,4,3,47,0,6,41
100813,1870_1889,paleontology,515,14,0,13,1,6,0,6,0,8,0,7,1
100814,1870_1889,general_or_unknown,2400,153,0,100,53,72,0,54,18,81,0,46,35
100849,1830_1849,physiology,132,13,0,1,12,3,0,0,3,10,0,1,9
100851,1830_1849,embryology_development,73,19,2,0,17,11,1,0,10,8,1,0,7
100871,1870_1889,general_or_unknown,216,8,0,4,4,7,0,3,4,1,0,1,0
100872,1890_1909,evolution_adaptation,122,54,0,10,44,5,0,1,4,49,0,9,40
101101,1870_1889,general_or_unknown,1049,67,0,66,1,51,0,50,1,16,0,16,0
101407,1870_1889,general_or_unknown,1200,463,0,237,226,136,0,69,67,327,0,168,159
101478,1870_1889,comparative_anatomy_morphology,315,0,0,0,0,0,0,0,0,0,0,0,0
101537,1870_1889,comparative_anatomy_morphology,971,159,0,53,106,15,0,6,9,144,0,47,97
101554,1870_1889,general_or_unknown,1200,106,2,94,10,66,2,58,6,40,0,36,4
101595,1870_1889,general_or_unknown,143,16,0,16,0,10,0,10,0,6,0,6,0
210584,1910_1929,embryology_development,902,53,0,21,32,20,0,8,12,33,0,13,20
101720,1830_1849,natural_history_ecology_behavior,272,20,0,18,2,9,0,9,0,11,0,9,2
101746,1890_1909,general_or_unknown,87,2,0,1,1,2,0,1,1,0,0,0,0
2048,1890_1909,embryology_development,30,3,0,1,2,0,0,0,0,3,0,1,2
101795,1800_1829,natural_history_ecology_behavior,73,13,0,13,0,9,0,9,0,4,0,4,0
2049,1870_1889,general_or_unknown,598,63,0,38,25,25,0,16,9,38,0,22,16
101823,1890_1909,embryology_development,1200,323,0,83,240,141,0,31,110,182,0,52,130
2050,1910_1929,comparative_anatomy_morphology,122,5,0,2,3,4,0,1,3,1,0,1,0
101877,1850_1869,general_or_unknown,1200,83,3,80,0,46,0,46,0,37,3,34,0
101913,1850_1869,physiology,67,22,0,22,0,1,0,1,0,21,0,21,0
2052,1850_1869,natural_history_ecology_behavior,1175,289,28,152,109,122,18,55,49,167,10,97,60
101948,1800_1829,general_or_unknown,9,0,0,0,0,0,0,0,0,0,0,0,0
44848,1800_1829,general_or_unknown,2400,408,0,191,217,82,0,43,39,326,0,148,178
101985,1870_1889,general_or_unknown,261,22,1,19,2,7,0,7,0,15,1,12,2
101987,1890_1909,evolution_adaptation,161,41,0,19,22,4,0,0,4,37,0,19,18
102084,1850_1869,physiology,1200,231,0,192,39,102,0,88,14,129,0,104,25
102120,1830_1849,taxonomy_systematics,410,43,4,26,13,30,3,17,10,13,1,9,3
10304,1890_1909,embryology_development,1200,139,0,71,68,52,0,22,30,87,0,49,38
2063,1830_1849,general_or_unknown,1200,419,0,252,167,133,0,83,50,286,0,169,117
102216,1890_1909,general_or_unknown,97,8,0,8,0,1,0,1,0,7,0,7,0
102272,1870_1889,general_or_unknown,221,8,0,4,4,7,0,3,4,1,0,1,0
102302,1850_1869,natural_history_ecology_behavior,2400,511,8,408,95,159,4,133,22,352,4,275,73
102741,1800_1829,taxonomy_systematics,673,88,2,82,4,14,0,14,0,74,2,68,4
102754,1870_1889,embryology_development,1200,252,0,96,156,115,0,42,73,137,0,54,83
102765,1870_1889,taxonomy_systematics,1200,518,0,239,279,121,0,56,65,397,0,183,214
102775,1870_1889,comparative_anatomy_morphology,1200,485,0,164,321,114,0,37,77,371,0,127,244
2068,1890_1909,evolution_adaptation,1186,239,0,122,117,80,0,37,43,159,0,85,74
102792,1870_1889,comparative_anatomy_morphology,1200,682,2,476,204,127,0,76,51,555,2,400,153
102793,1870_1889,paleontology,362,47,0,29,18,0,0,0,0,47,0,29,18
102817,1870_1889,comparative_anatomy_morphology,1200,214,0,110,104,79,0,37,42,135,0,73,62
102832,1800_1829,evolution_adaptation,1200,176,1,170,5,81,1,80,0,95,0,90,5
102833,1850_1869,evolution_adaptation,299,26,0,6,20,0,0,0,0,26,0,6,20
102843,1890_1909,embryology_development,591,80,0,21,59,17,0,4,13,63,0,17,46
103110,1800_1829,comparative_anatomy_morphology,107,48,11,22,15,15,4,7,4,33,7,15,11
2079,1830_1849,natural_history_ecology_behavior,5928,271,1,121,149,59,0,46,13,212,1,75,136
103115,1830_1849,embryology_development,150,14,0,1,13,3,0,0,3,11,0,1,10
103118,1850_1869,comparative_anatomy_morphology,21,4,0,3,1,0,0,0,0,4,0,3,1
103120,1850_1869,general_or_unknown,42,0,0,0,0,0,0,0,0,0,0,0,0
103143,1850_1869,comparative_anatomy_morphology,362,137,0,28,109,24,0,4,20,113,0,24,89
2090,1870_1889,general_or_unknown,2400,202,0,167,35,124,0,108,16,78,0,59,19
2091,1800_1829,physiology,2040,275,6,216,53,98,2,79,17,177,4,137,36
2092,1870_1889,evolution_adaptation,2245,284,0,237,47,115,0,97,18,169,0,140,29
2093,1830_1849,natural_history_ecology_behavior,884,118,9,66,43,24,5,12,7,94,4,54,36
61554,1890_1909,paleontology,2400,466,0,103,363,58,0,14,44,408,0,89,319
2095,1870_1889,evolution_adaptation,2189,281,0,241,40,106,0,91,15,175,0,150,25
103293,1870_1889,general_or_unknown,1200,84,0,57,27,57,0,35,22,27,0,22,5
2100,1910_1929,paleontology,1200,253,0,52,201,63,0,13,50,190,0,39,151
2106,1870_1889,evolution_adaptation,1200,228,1,184,43,100,1,83,16,128,0,101,27
2109,1890_1909,evolution_adaptation,1182,161,2,139,20,91,1,74,16,70,1,65,4
2112,1870_1889,evolution_adaptation,986,155,0,121,34,59,0,46,13,96,0,75,21
103700,1890_1909,embryology_development,1200,312,0,98,214,133,0,29,104,179,0,69,110
103821,1850_1869,taxonomy_systematics,26,0,0,0,0,0,0,0,0,0,0,0,0
11627,1890_1909,general_or_unknown,2842,189,0,33,156,55,0,14,41,134,0,19,115
104056,1890_1909,general_or_unknown,1200,535,0,324,211,127,0,80,47,408,0,244,164
104060,1870_1889,comparative_anatomy_morphology,60,11,0,1,10,10,0,1,9,1,0,0,1
2129,1830_1849,general_or_unknown,666,81,0,41,40,24,0,8,16,57,0,33,24
171559,1800_1829,taxonomy_systematics,5896,601,5,199,397,73,2,45,26,528,3,154,371
106307,1800_1829,comparative_anatomy_morphology,4800,1294,0,762,532,197,0,105,92,1097,0,657,440
104502,1800_1829,paleontology,1200,196,17,131,48,91,12,60,19,105,5,71,29
104519,1800_1829,general_or_unknown,983,39,0,39,0,15,0,15,0,24,0,24,0
104530,1800_1829,general_or_unknown,869,63,0,55,8,22,0,21,1,41,0,34,7
3766,1800_1829,natural_history_ecology_behavior,547,92,3,60,29,19,1,18,0,73,2,42,29
104574,1800_1829,general_or_unknown,1060,57,2,30,25,7,0,5,2,50,2,25,23
104579,1850_1869,natural_history_ecology_behavior,1200,163,0,84,79,76,0,35,41,87,0,49,38
104588,1870_1889,general_or_unknown,1200,20,0,20,0,17,0,17,0,3,0,3,0
104610,1800_1829,general_or_unknown,1156,144,2,138,4,78,2,73,3,66,0,65,1
104612,1800_1829,comparative_anatomy_morphology,1200,365,2,232,131,78,1,44,33,287,1,188,98
2151,1870_1889,embryology_development,565,52,0,13,39,14,0,2,12,38,0,11,27
104695,1890_1909,natural_history_ecology_behavior,364,30,0,23,7,9,0,8,1,21,0,15,6
104696,1890_1909,natural_history_ecology_behavior,370,30,0,21,9,10,0,8,2,20,0,13,7
104725,1800_1829,paleontology,1200,225,21,195,9,126,13,108,5,99,8,87,4
104741,1800_1829,paleontology,1200,285,29,235,21,126,15,104,7,159,14,131,14
104756,1870_1889,natural_history_ecology_behavior,38,0,0,0,0,0,0,0,0,0,0,0,0
2156,1800_1829,paleontology,1200,80,0,35,45,15,0,9,6,65,0,26,39
2158,1870_1889,comparative_anatomy_morphology,1200,431,0,204,227,151,0,61,90,280,0,143,137
104963,1890_1909,general_or_unknown,1200,376,0,185,191,122,0,56,66,254,0,129,125
2162,1870_1889,evolution_adaptation,1200,170,0,144,26,66,0,56,10,104,0,88,16
104989,1890_1909,general_or_unknown,1200,399,0,204,195,101,0,56,45,298,0,148,150
104990,1800_1829,physiology,1074,189,5,121,63,64,1,33,30,125,4,88,33
2164,1890_1909,general_or_unknown,1200,54,0,5,49,6,0,3,3,48,0,2,46
105128,1910_1929,natural_history_ecology_behavior,1200,12,0,12,0,7,0,7,0,5,0,5,0
105343,1830_1849,physiology,930,78,0,57,21,45,0,33,12,33,0,24,9
105365,1850_1869,embryology_development,854,209,0,118,91,122,0,57,65,87,0,61,26
105381,1870_1889,comparative_anatomy_morphology,1200,94,0,79,15,52,0,48,4,42,0,31,11
2173,1870_1889,general_or_unknown,69,9,0,7,2,4,0,4,0,5,0,3,2
105633,1850_1869,evolution_adaptation,357,85,1,44,40,18,1,13,4,67,0,31,36
105638,1870_1889,comparative_anatomy_morphology,1200,75,0,31,44,22,0,10,12,53,0,21,32
105639,1870_1889,taxonomy_systematics,1200,101,0,15,86,20,0,4,16,81,0,11,70
105651,1870_1889,natural_history_ecology_behavior,1200,4,0,4,0,4,0,4,0,0,0,0,0
105744,1800_1829,paleontology,1200,317,11,182,124,83,2,49,32,234,9,133,92
105859,1800_1829,general_or_unknown,1200,103,5,57,41,24,4,14,6,79,1,43,35
105867,1850_1869,embryology_development,828,251,0,84,167,107,0,29,78,144,0,55,89
105869,1890_1909,natural_history_ecology_behavior,573,16,1,14,1,11,1,9,1,5,0,5,0
106468,1870_1889,evolution_adaptation,1200,161,0,137,24,63,0,53,10,98,0,84,14
106649,1800_1829,general_or_unknown,1200,134,8,119,7,55,6,48,1,79,2,71,6
106688,1870_1889,evolution_adaptation,1200,162,0,136,26,67,0,57,10,95,0,79,16
106755,1830_1849,paleontology,607,138,0,58,80,15,0,11,4,123,0,47,76
106794,1870_1889,comparative_anatomy_morphology,1200,284,0,72,212,25,0,8,17,259,0,64,195
20384,1890_1909,natural_history_ecology_behavior,7200,1454,6,1195,253,363,4,323,36,1091,2,872,217
106813,1830_1849,physiology,641,13,0,7,6,8,0,5,3,5,0,2,3
106815,1870_1889,comparative_anatomy_morphology,475,147,6,137,4,7,1,6,0,140,5,131,4
106817,1830_1849,physiology,490,35,0,30,5,22,0,18,4,13,0,12,1
106818,1800_1829,comparative_anatomy_morphology,1124,414,0,278,136,71,0,39,32,343,0,239,104
106829,1830_1849,comparative_anatomy_morphology,71,22,0,13,9,13,0,6,7,9,0,7,2
106830,1830_1849,physiology,199,70,0,33,37,18,0,9,9,52,0,24,28
106837,1800_1829,general_or_unknown,82,37,3,30,4,14,1,11,2,23,2,19,2
106841,1870_1889,taxonomy_systematics,1200,101,0,24,77,21,0,2,19,80,0,22,58
106842,1850_1869,taxonomy_systematics,297,41,0,17,24,1,0,0,1,40,0,17,23
106845,1890_1909,natural_history_ecology_behavior,1113,45,0,41,4,22,0,22,0,23,0,19,4
106860,1800_1829,natural_history_ecology_behavior,1027,169,4,141,24,43,0,38,5,126,4,103,19
106862,1750_1799,natural_history_ecology_behavior,261,56,0,55,1,22,0,22,0,34,0,33,1
106945,1800_1829,comparative_anatomy_morphology,1108,385,0,271,114,62,0,36,26,323,0,235,88
106950,1870_1889,comparative_anatomy_morphology,1200,442,0,198,244,151,0,65,86,291,0,133,158
106952,1800_1829,comparative_anatomy_morphology,242,26,0,18,8,1,0,1,0,25,0,17,8
106966,1870_1889,general_or_unknown,818,92,0,71,21,18,0,18,0,74,0,53,21
107131,1870_1889,evolution_adaptation,1200,160,0,134,26,62,0,55,7,98,0,79,19
107488,1870_1889,evolution_adaptation,1200,231,0,183,48,106,0,90,16,125,0,93,32
107491,1830_1849,paleontology,728,107,0,21,86,50,0,4,46,57,0,17,40
107492,1850_1869,paleontology,1200,132,0,31,101,47,0,3,44,85,0,28,57
107498,1800_1829,comparative_anatomy_morphology,196,52,0,37,15,8,0,3,5,44,0,34,10
107523,1870_1889,taxonomy_systematics,1200,521,0,222,299,147,0,63,84,374,0,159,215
107534,1870_1889,embryology_development,600,84,0,23,61,20,0,6,14,64,0,17,47
108647,1800_1829,comparative_anatomy_morphology,262,11,0,6,5,2,0,1,1,9,0,5,4
108650,1800_1829,comparative_anatomy_morphology,1046,422,0,256,166,88,0,47,41,334,0,209,125
108651,1800_1829,comparative_anatomy_morphology,1156,391,0,188,203,52,0,17,35,339,0,171,168
108652,1830_1849,physiology,958,82,0,62,20,51,0,40,11,31,0,22,9
108673,1890_1909,natural_history_ecology_behavior,299,58,0,58,0,22,0,22,0,36,0,36,0
109386,1800_1829,paleontology,1200,191,2,123,66,68,1,49,18,123,1,74,48
109828,1870_1889,general_or_unknown,253,71,0,37,34,27,0,18,9,44,0,19,25
109904,1850_1869,embryology_development,996,229,0,46,183,142,0,24,118,87,0,22,65
109907,1830_1849,physiology,646,13,0,8,5,6,0,4,2,7,0,4,3
110040,1850_1869,comparative_anatomy_morphology,1200,315,0,171,144,110,0,58,52,205,0,113,92
110098,1750_1799,natural_history_ecology_behavior,262,35,0,31,4,12,0,10,2,23,0,21,2
110099,1830_1849,paleontology,59,4,0,1,3,1,0,0,1,3,0,1,2
110102,1870_1889,natural_history_ecology_behavior,1125,8,0,6,2,2,0,2,0,6,0,4,2
110427,1830_1849,physiology,1083,164,7,71,86,26,1,11,14,138,6,60,72
110428,1850_1869,comparative_anatomy_morphology,1200,701,4,491,206,129,2,79,48,572,2,412,158
110429,1850_1869,comparative_anatomy_morphology,207,31,0,15,16,1,0,1,0,30,0,14,16
110430,1850_1869,natural_history_ecology_behavior,1200,450,1,308,141,92,0,58,34,358,1,250,107
110551,1800_1829,taxonomy_systematics,32,8,0,6,2,6,0,4,2,2,0,2,0
110760,1850_1869,comparative_anatomy_morphology,555,135,0,34,101,99,0,21,78,36,0,13,23
110763,1850_1869,natural_history_ecology_behavior,758,26,1,25,0,7,0,7,0,19,1,18,0
110764,1850_1869,natural_history_ecology_behavior,577,29,0,28,1,8,0,8,0,21,0,20,1
110765,1850_1869,natural_history_ecology_behavior,1200,301,3,185,113,93,0,52,41,208,3,133,72
110767,1870_1889,physiology,30,5,0,5,0,0,0,0,0,5,0,5,0
110768,1870_1889,comparative_anatomy_morphology,619,246,0,90,156,45,0,15,30,201,0,75,126
110811,1830_1849,comparative_anatomy_morphology,1200,785,5,559,221,141,1,77,63,644,4,482,158
110844,1830_1849,natural_history_ecology_behavior,857,189,6,92,91,99,6,34,59,90,0,58,32
110932,1830_1849,physiology,485,32,0,28,4,16,0,14,2,16,0,14,2
110936,1750_1799,general_or_unknown,2123,157,2,139,16,47,2,44,1,110,0,95,15
111581,1890_1909,general_or_unknown,321,9,0,4,5,6,0,3,3,3,0,1,2
111589,1890_1909,taxonomy_systematics,30,0,0,0,0,0,0,0,0,0,0,0,0
111603,1870_1889,general_or_unknown,1200,14,0,10,4,10,0,8,2,4,0,2,2
112230,1890_1909,physiology,369,41,0,40,1,9,0,9,0,32,0,31,1
112241,1890_1909,general_or_unknown,1200,277,0,229,48,79,0,71,8,198,0,158,40
112297,1750_1799,natural_history_ecology_behavior,61,1,0,1,0,1,0,1,0,0,0,0,0
112333,1890_1909,comparative_anatomy_morphology,991,251,6,232,13,72,3,64,5,179,3,168,8
112375,1890_1909,embryology_development,182,33,0,8,25,13,0,4,9,20,0,4,16
112962,1850_1869,general_or_unknown,1238,168,0,125,43,39,0,33,6,129,0,92,37
113210,1870_1889,general_or_unknown,137,0,0,0,0,0,0,0,0,0,0,0,0
113745,1750_1799,general_or_unknown,68,1,0,1,0,1,0,1,0,0,0,0,0
113846,1890_1909,general_or_unknown,1200,424,0,219,205,69,0,41,28,355,0,178,177
113848,1800_1829,comparative_anatomy_morphology,1045,430,0,268,162,89,0,51,38,341,0,217,124
113849,1830_1849,comparative_anatomy_morphology,1198,512,9,246,257,53,2,27,24,459,7,219,233
113850,1830_1849,comparative_anatomy_morphology,1200,590,3,319,268,161,1,76,84,429,2,243,184
113852,1830_1849,natural_history_ecology_behavior,657,321,17,225,79,109,9,72,28,212,8,153,51
113853,1830_1849,natural_history_ecology_behavior,654,337,14,307,16,96,4,89,3,241,10,218,13
113854,1800_1829,taxonomy_systematics,244,46,1,29,16,24,1,15,8,22,0,14,8
113856,1850_1869,physiology,1200,394,7,195,192,101,4,45,52,293,3,150,140
164031,1870_1889,general_or_unknown,8400,22,0,21,1,22,0,21,1,0,0,0,0
16281,1830_1849,comparative_anatomy_morphology,2869,831,2,356,473,48,0,19,29,783,2,337,444
113906,1800_1829,natural_history_ecology_behavior,886,138,2,124,12,51,1,46,4,87,1,78,8
39976,1830_1849,comparative_anatomy_morphology,6735,1574,3,710,861,243,2,125,116,1331,1,585,745
114803,1800_1829,comparative_anatomy_morphology,1150,387,0,193,194,51,0,19,32,336,0,174,162
114810,1890_1909,general_or_unknown,1200,428,0,218,210,131,0,65,66,297,0,153,144
114813,1890_1909,general_or_unknown,1200,292,0,174,118,155,0,84,71,137,0,90,47
114859,1750_1799,evolution_adaptation,292,44,0,32,12,16,0,10,6,28,0,22,6
114867,1750_1799,comparative_anatomy_morphology,1200,211,0,190,21,34,0,31,3,177,0,159,18
114876,1750_1799,taxonomy_systematics,975,228,10,209,9,68,4,64,0,160,6,145,9
114890,1800_1829,natural_history_ecology_behavior,914,209,5,192,12,94,1,93,0,115,4,99,12
114893,1800_1829,natural_history_ecology_behavior,847,133,2,126,5,43,0,42,1,90,2,84,4
29659,1870_1889,general_or_unknown,682,143,4,100,39,59,2,42,15,84,2,58,24
114909,1870_1889,general_or_unknown,451,96,2,68,26,32,0,25,7,64,2,43,19
2472,1870_1889,evolution_adaptation,1200,243,1,217,25,130,1,115,14,113,0,102,11
2473,1890_1909,general_or_unknown,421,4,0,4,0,1,0,1,0,3,0,3,0
115261,1910_1929,general_or_unknown,227,61,0,61,0,21,0,21,0,40,0,40,0
2476,1830_1849,natural_history_ecology_behavior,1200,151,6,105,40,58,5,37,16,93,1,68,24
2477,1910_1929,paleontology,990,66,0,27,39,10,0,7,3,56,0,20,36
2478,1890_1909,general_or_unknown,426,16,0,11,5,6,0,6,0,10,0,5,5
115528,1830_1849,general_or_unknown,253,42,4,34,4,27,3,21,3,15,1,13,1
115541,1890_1909,general_or_unknown,544,128,6,108,14,74,3,59,12,54,3,49,2
9889,1910_1929,natural_history_ecology_behavior,816,273,0,129,144,70,0,43,27,203,0,86,117
115564,1750_1799,physiology,134,33,1,21,11,23,1,14,8,10,0,7,3
115598,1890_1909,natural_history_ecology_behavior,867,75,0,59,16,38,0,31,7,37,0,28,9
115620,1850_1869,natural_history_ecology_behavior,1200,135,1,128,6,40,0,39,1,95,1,89,5
23952,1890_1909,physiology,1175,365,0,165,200,89,0,38,51,276,0,127,149
115652,1890_1909,natural_history_ecology_behavior,677,32,0,31,1,14,0,14,0,18,0,17,1
115669,1800_1829,taxonomy_systematics,20,4,0,3,1,2,0,2,0,2,0,1,1
115683,1830_1849,comparative_anatomy_morphology,1200,506,8,246,252,48,2,25,21,458,6,221,231
2490,1910_1929,natural_history_ecology_behavior,1200,37,0,18,19,13,0,9,4,24,0,9,15
153666,1750_1799,natural_history_ecology_behavior,2371,144,20,105,19,34,8,24,2,110,12,81,17
115744,1870_1889,paleontology,2400,161,0,82,79,90,0,55,35,71,0,27,44
115747,1890_1909,general_or_unknown,845,121,1,110,10,55,0,50,5,66,1,60,5
115769,1890_1909,general_or_unknown,412,109,1,85,23,36,0,22,14,73,1,63,9
115788,1870_1889,general_or_unknown,608,140,0,116,24,38,0,32,6,102,0,84,18
115840,1890_1909,comparative_anatomy_morphology,1200,310,0,145,165,55,0,27,28,255,0,118,137
115863,1850_1869,paleontology,29,1,0,1,0,0,0,0,0,1,0,1,0
115874,1800_1829,physiology,134,84,1,44,39,30,0,16,14,54,1,28,25
2497,1910_1929,paleontology,171,12,0,3,9,4,0,1,3,8,0,2,6
115982,1800_1829,taxonomy_systematics,1104,265,13,227,25,91,7,79,5,174,6,148,20
115988,1870_1889,physiology,179,18,0,7,11,0,0,0,0,18,0,7,11
116018,1870_1889,general_or_unknown,275,29,2,21,6,9,1,6,2,20,1,15,4
116036,1890_1909,natural_history_ecology_behavior,691,186,0,182,4,123,0,121,2,63,0,61,2
116046,1870_1889,comparative_anatomy_morphology,1200,407,0,68,339,27,0,6,21,380,0,62,318
116047,1830_1849,general_or_unknown,974,152,8,137,7,64,1,62,1,88,7,75,6
116052,1750_1799,comparative_anatomy_morphology,133,41,1,25,15,27,1,18,8,14,0,7,7
8433,1850_1869,taxonomy_systematics,1200,266,9,248,9,140,4,135,1,126,5,113,8
2507,1890_1909,paleontology,1200,52,0,6,46,8,0,2,6,44,0,4,40
116595,1870_1889,general_or_unknown,1200,302,5,266,31,77,1,67,9,225,4,199,22
116655,1850_1869,general_or_unknown,1197,245,4,218,23,61,2,56,3,184,2,162,20
116753,1850_1869,embryology_development,103,10,1,1,8,8,1,1,6,2,0,0,2
117007,1910_1929,paleontology,9,0,0,0,0,0,0,0,0,0,0,0,0
13969,1850_1869,paleontology,663,11,0,1,10,1,0,0,1,10,0,1,9
117695,1800_1829,natural_history_ecology_behavior,172,39,0,33,6,13,0,11,2,26,0,22,4
118057,1800_1829,general_or_unknown,17,4,0,4,0,0,0,0,0,4,0,4,0
118073,1800_1829,general_or_unknown,31,0,0,0,0,0,0,0,0,0,0,0,0
118563,1800_1829,natural_history_ecology_behavior,619,46,0,45,1,16,0,16,0,30,0,29,1
118572,1870_1889,general_or_unknown,192,8,0,6,2,5,0,3,2,3,0,3,0
118574,1800_1829,general_or_unknown,479,78,0,65,13,3,0,3,0,75,0,62,13
118582,1750_1799,natural_history_ecology_behavior,868,88,2,62,24,54,2,38,14,34,0,24,10
118590,1800_1829,comparative_anatomy_morphology,340,96,1,91,4,19,0,19,0,77,1,72,4
118611,1830_1849,comparative_anatomy_morphology,969,355,11,145,199,12,0,4,8,343,11,141,191
118650,1850_1869,general_or_unknown,28,0,0,0,0,0,0,0,0,0,0,0,0
118657,1870_1889,comparative_anatomy_morphology,247,76,0,41,35,7,0,1,6,69,0,40,29
99574,1850_1869,general_or_unknown,1200,321,4,218,99,108,2,68,38,213,2,150,61
118872,1890_1909,natural_history_ecology_behavior,517,126,0,54,72,48,0,22,26,78,0,32,46
118890,1910_1929,general_or_unknown,418,154,0,98,56,18,0,12,6,136,0,86,50
2775,1910_1929,general_or_unknown,749,279,0,145,134,78,0,44,34,201,0,101,100
118970,1910_1929,taxonomy_systematics,1200,10,0,1,9,0,0,0,0,10,0,1,9
118976,1890_1909,comparative_anatomy_morphology,90,0,0,0,0,0,0,0,0,0,0,0,0
119051,1870_1889,comparative_anatomy_morphology,352,56,0,14,42,12,0,5,7,44,0,9,35
27148,1890_1909,taxonomy_systematics,842,346,0,231,115,42,0,31,11,304,0,200,104
119063,1890_1909,taxonomy_systematics,12,0,0,0,0,0,0,0,0,0,0,0,0
119070,1910_1929,paleontology,788,149,0,63,86,34,0,20,14,115,0,43,72
1241,1870_1889,natural_history_ecology_behavior,3600,766,4,636,126,185,2,177,6,581,2,459,120
119225,1850_1869,general_or_unknown,12,0,0,0,0,0,0,0,0,0,0,0,0
119404,1870_1889,natural_history_ecology_behavior,329,5,0,5,0,3,0,3,0,2,0,2,0
119407,1910_1929,general_or_unknown,1200,311,0,209,102,100,0,76,24,211,0,133,78
119435,1890_1909,taxonomy_systematics,1,0,0,0,0,0,0,0,0,0,0,0,0
119693,1830_1849,natural_history_ecology_behavior,603,31,0,20,11,7,0,6,1,24,0,14,10
119699,1800_1829,paleontology,244,17,0,2,15,6,0,0,6,11,0,2,9
119710,1890_1909,general_or_unknown,1025,69,0,68,1,49,0,48,1,20,0,20,0
119857,1890_1909,natural_history_ecology_behavior,964,23,0,23,0,15,0,15,0,8,0,8,0
119864,1830_1849,natural_history_ecology_behavior,937,225,7,188,30,78,1,71,6,147,6,117,24
119938,1850_1869,natural_history_ecology_behavior,860,312,24,202,86,100,6,61,33,212,18,141,53
138591,1800_1829,natural_history_ecology_behavior,4560,735,36,657,42,276,17,250,9,459,19,407,33
168314,1870_1889,general_or_unknown,1253,27,0,1,26,8,0,1,7,19,0,0,19
120024,1850_1869,general_or_unknown,1200,311,5,206,100,100,3,65,32,211,2,141,68
120028,1750_1799,natural_history_ecology_behavior,538,77,7,66,4,30,0,28,2,47,7,38,2
120056,1800_1829,general_or_unknown,390,29,0,15,14,8,0,5,3,21,0,10,11
34177,1800_1829,taxonomy_systematics,1200,234,0,93,141,28,0,17,11,206,0,76,130
120098,1830_1849,natural_history_ecology_behavior,478,56,3,41,12,23,2,17,4,33,1,24,8
120101,1830_1849,natural_history_ecology_behavior,421,93,0,21,72,5,0,2,3,88,0,19,69
120102,1870_1889,natural_history_ecology_behavior,946,37,0,30,7,26,0,24,2,11,0,6,5
120105,1830_1849,natural_history_ecology_behavior,668,83,0,36,47,51,0,13,38,32,0,23,9
120141,1800_1829,general_or_unknown,187,31,0,31,0,0,0,0,0,31,0,31,0
120169,1830_1849,general_or_unknown,129,9,0,6,3,0,0,0,0,9,0,6,3
120176,1830_1849,general_or_unknown,65,8,0,2,6,0,0,0,0,8,0,2,6
120442,1830_1849,taxonomy_systematics,863,64,1,32,31,15,0,10,5,49,1,22,26
120508,1830_1849,taxonomy_systematics,309,33,0,8,25,1,0,1,0,32,0,7,25
42270,1910_1929,natural_history_ecology_behavior,142,15,0,14,1,6,0,6,0,9,0,8,1
121292,1870_1889,evolution_adaptation,1200,149,0,132,17,52,0,44,8,97,0,88,9
121533,1830_1849,general_or_unknown,975,136,0,86,50,38,0,27,11,98,0,59,39
14408,1800_1829,paleontology,2916,313,1,34,278,20,0,1,19,293,1,33,259
122491,1870_1889,embryology_development,1200,432,4,335,93,109,2,90,17,323,2,245,76
122700,1890_1909,general_or_unknown,183,4,0,4,0,2,0,2,0,2,0,2,0
122843,1850_1869,general_or_unknown,691,232,2,168,62,70,1,55,14,162,1,113,48
122851,1850_1869,general_or_unknown,441,48,3,18,27,14,2,9,3,34,1,9,24
122364,1890_1909,taxonomy_systematics,1200,60,0,26,34,25,0,17,8,35,0,9,26
122981,1890_1909,comparative_anatomy_morphology,1189,251,0,153,98,64,0,46,18,187,0,107,80
122994,1910_1929,paleontology,366,13,0,4,9,1,0,0,1,12,0,4,8
123276,1830_1849,taxonomy_systematics,341,30,0,16,14,3,0,3,0,27,0,13,14
123032,1890_1909,general_or_unknown,589,12,0,11,1,7,0,7,0,5,0,4,1
123033,1910_1929,general_or_unknown,91,15,0,15,0,15,0,15,0,0,0,0,0
123045,1910_1929,general_or_unknown,187,0,0,0,0,0,0,0,0,0,0,0,0
123066,1910_1929,general_or_unknown,15,1,0,1,0,0,0,0,0,1,0,1,0
123818,1910_1929,general_or_unknown,45,2,0,0,2,2,0,0,2,0,0,0,0
124615,1830_1849,taxonomy_systematics,1200,129,0,19,110,13,0,5,8,116,0,14,102
124925,1800_1829,taxonomy_systematics,985,104,0,39,65,16,0,13,3,88,0,26,62
58835,1750_1799,natural_history_ecology_behavior,1709,224,12,208,4,62,6,56,0,162,6,152,4
125549,1750_1799,natural_history_ecology_behavior,1200,367,5,281,81,119,5,107,7,248,0,174,74
126233,1830_1849,natural_history_ecology_behavior,3594,348,15,277,56,103,7,90,6,245,8,187,50
134730,1910_1929,paleontology,2005,110,0,28,82,32,0,7,25,78,0,21,57
127456,1800_1829,taxonomy_systematics,85,15,0,9,6,3,0,1,2,12,0,8,4
127948,1830_1849,paleontology,557,13,0,5,8,4,0,3,1,9,0,2,7
128474,1870_1889,natural_history_ecology_behavior,329,2,0,0,2,0,0,0,0,2,0,0,2
129151,1800_1829,taxonomy_systematics,6587,312,0,128,184,35,0,15,20,277,0,113,164
129930,1870_1889,general_or_unknown,471,32,0,14,18,5,0,1,4,27,0,13,14
130754,1890_1909,general_or_unknown,2400,260,0,256,4,126,0,124,2,134,0,132,2
130870,1830_1849,taxonomy_systematics,2219,517,9,338,170,59,0,45,14,458,9,293,156
131022,1830_1849,paleontology,2487,323,5,139,179,100,2,54,44,223,3,85,135
131528,1830_1849,natural_history_ecology_behavior,930,141,4,104,33,54,2,48,4,87,2,56,29
131886,1850_1869,natural_history_ecology_behavior,767,31,0,26,5,8,0,8,0,23,0,18,5
132236,1830_1849,natural_history_ecology_behavior,512,120,0,105,15,39,0,34,5,81,0,71,10
132273,1800_1829,natural_history_ecology_behavior,562,29,0,27,2,7,0,7,0,22,0,20,2
132277,1850_1869,taxonomy_systematics,196,13,0,1,12,2,0,0,2,11,0,1,10
132812,1890_1909,general_or_unknown,130,7,0,7,0,3,0,3,0,4,0,4,0
132831,1800_1829,natural_history_ecology_behavior,311,72,0,20,52,3,0,1,2,69,0,19,50
171558,1850_1869,natural_history_ecology_behavior,101,6,0,1,5,0,0,0,0,6,0,1,5
132957,1870_1889,taxonomy_systematics,306,51,2,26,23,8,0,6,2,43,2,20,21
133922,1890_1909,general_or_unknown,1200,163,1,147,15,76,0,73,3,87,1,74,12
133986,1870_1889,general_or_unknown,549,32,0,16,16,7,0,5,2,25,0,11,14
134833,1850_1869,natural_history_ecology_behavior,716,32,0,29,3,9,0,9,0,23,0,20,3
135299,1850_1869,general_or_unknown,1200,215,5,207,3,113,2,109,2,102,3,98,1
136491,1870_1889,taxonomy_systematics,29,0,0,0,0,0,0,0,0,0,0,0,0
169837,1800_1829,natural_history_ecology_behavior,766,82,1,69,12,17,0,15,2,65,1,54,10
138291,1910_1929,comparative_anatomy_morphology,55,17,0,12,5,4,0,4,0,13,0,8,5
139052,1830_1849,natural_history_ecology_behavior,540,57,1,45,11,12,0,12,0,45,1,33,11
141447,1870_1889,taxonomy_systematics,107,1,0,0,1,1,0,0,1,0,0,0,0
4801,1890_1909,embryology_development,676,38,0,0,38,32,0,0,32,6,0,0,6
141902,1890_1909,general_or_unknown,817,130,1,117,12,57,0,54,3,73,1,63,9
4820,1910_1929,general_or_unknown,497,56,0,56,0,12,0,12,0,44,0,44,0
142792,1800_1829,taxonomy_systematics,1200,29,0,14,15,0,0,0,0,29,0,14,15
143338,1870_1889,general_or_unknown,1200,282,0,113,169,47,0,28,19,235,0,85,150
5549,1850_1869,taxonomy_systematics,2400,116,0,18,98,3,0,1,2,113,0,17,96
144326,1890_1909,paleontology,397,66,0,24,42,2,0,2,0,64,0,22,42
4997,1830_1849,general_or_unknown,1634,143,0,61,82,33,0,25,8,110,0,36,74
5018,1870_1889,taxonomy_systematics,187,40,0,9,31,2,0,1,1,38,0,8,30
145944,1910_1929,paleontology,194,6,0,0,6,3,0,0,3,3,0,0,3
5049,1870_1889,natural_history_ecology_behavior,332,4,0,0,4,0,0,0,0,4,0,0,4
147972,1800_1829,taxonomy_systematics,395,111,19,77,15,21,2,15,4,90,17,62,11
42255,1910_1929,general_or_unknown,782,58,0,5,53,5,0,2,3,53,0,3,50
149341,1830_1849,general_or_unknown,762,162,1,104,57,45,0,34,11,117,1,70,46
149347,1830_1849,general_or_unknown,809,155,0,106,49,40,0,36,4,115,0,70,45
64835,1800_1829,taxonomy_systematics,1200,93,1,36,56,5,0,2,3,88,1,34,53
149604,1750_1799,general_or_unknown,1200,154,0,85,69,6,0,4,2,148,0,81,67
149955,1830_1849,paleontology,71,10,0,8,2,0,0,0,0,10,0,8,2
149997,1750_1799,natural_history_ecology_behavior,534,105,5,88,12,32,2,27,3,73,3,61,9
150060,1850_1869,general_or_unknown,590,54,0,45,9,19,0,16,3,35,0,29,6
150147,1850_1869,paleontology,14,5,0,0,5,0,0,0,0,5,0,0,5
150415,1870_1889,taxonomy_systematics,969,211,0,0,211,1,0,0,1,210,0,0,210
12644,1850_1869,taxonomy_systematics,4404,809,6,211,592,469,5,93,371,340,1,118,221
151045,1850_1869,general_or_unknown,772,145,3,130,12,30,2,28,0,115,1,102,12
151075,1890_1909,paleontology,32,2,0,0,2,1,0,0,1,1,0,0,1
151091,1890_1909,comparative_anatomy_morphology,397,30,0,19,11,5,0,5,0,25,0,14,11
48521,1890_1909,general_or_unknown,94,0,0,0,0,0,0,0,0,0,0,0,0
15858,1870_1889,embryology_development,212,35,0,19,16,8,0,4,4,27,0,15,12
151789,1850_1869,taxonomy_systematics,56,2,0,0,2,1,0,0,1,1,0,0,1
24333,1850_1869,general_or_unknown,189,22,0,22,0,14,0,14,0,8,0,8,0
152648,1830_1849,paleontology,217,24,3,14,7,3,2,0,1,21,1,14,6
152882,1910_1929,general_or_unknown,44,8,0,6,2,7,0,5,2,1,0,1,0
153157,1750_1799,general_or_unknown,53,6,2,4,0,2,1,1,0,4,1,3,0
153227,1910_1929,general_or_unknown,38,9,0,9,0,8,0,8,0,1,0,1,0
153228,1890_1909,general_or_unknown,26,0,0,0,0,0,0,0,0,0,0,0,0
153245,1910_1929,general_or_unknown,29,0,0,0,0,0,0,0,0,0,0,0,0
153262,1870_1889,general_or_unknown,87,4,0,4,0,3,0,3,0,1,0,1,0
153295,1870_1889,general_or_unknown,132,8,0,6,2,3,0,2,1,5,0,4,1
5484,1870_1889,embryology_development,100,10,0,10,0,3,0,3,0,7,0,7,0
153555,1890_1909,natural_history_ecology_behavior,37,0,0,0,0,0,0,0,0,0,0,0,0
154504,1830_1849,comparative_anatomy_morphology,107,17,1,13,3,7,1,6,0,10,0,7,3
155045,1850_1869,natural_history_ecology_behavior,129,8,0,3,5,0,0,0,0,8,0,3,5
155443,1890_1909,general_or_unknown,159,12,0,12,0,9,0,9,0,3,0,3,0
155808,1750_1799,general_or_unknown,959,132,5,111,16,29,1,27,1,103,4,84,15
156201,1800_1829,comparative_anatomy_morphology,58,6,0,5,1,1,0,1,0,5,0,4,1
5600,1870_1889,taxonomy_systematics,153,37,0,10,27,2,0,1,1,35,0,9,26
156640,1800_1829,taxonomy_systematics,587,69,2,8,59,1,0,0,1,68,2,8,58
156764,1830_1849,taxonomy_systematics,1200,96,0,8,88,8,0,0,8,88,0,8,80
156860,1750_1799,comparative_anatomy_morphology,258,44,0,38,6,8,0,7,1,36,0,31,5
156984,1830_1849,taxonomy_systematics,230,30,0,11,19,3,0,1,2,27,0,10,17
157030,1850_1869,embryology_development,23,3,0,2,1,0,0,0,0,3,0,2,1
6247,1870_1889,general_or_unknown,553,14,0,13,1,6,0,6,0,8,0,7,1
157772,1830_1849,natural_history_ecology_behavior,573,39,0,38,1,11,0,11,0,28,0,27,1
157775,1870_1889,general_or_unknown,879,138,3,120,15,92,2,83,7,46,1,37,8
158724,1890_1909,general_or_unknown,279,25,1,24,0,5,0,5,0,20,1,19,0
158725,1800_1829,natural_history_ecology_behavior,400,43,0,42,1,32,0,32,0,11,0,10,1
159239,1750_1799,natural_history_ecology_behavior,102,12,0,10,2,3,0,3,0,9,0,7,2
5761,1750_1799,taxonomy_systematics,12,5,0,3,2,0,0,0,0,5,0,3,2
159375,1890_1909,embryology_development,92,10,0,5,5,5,0,3,2,5,0,2,3
159380,1850_1869,paleontology,426,11,0,1,10,2,0,0,2,9,0,1,8
159388,1850_1869,general_or_unknown,1111,24,0,19,5,8,0,8,0,16,0,11,5
159403,1830_1849,natural_history_ecology_behavior,1059,141,0,67,74,40,0,28,12,101,0,39,62
159585,1750_1799,natural_history_ecology_behavior,270,9,0,9,0,5,0,5,0,4,0,4,0
5789,1800_1829,natural_history_ecology_behavior,419,26,2,21,3,23,2,18,3,3,0,3,0
159664,1800_1829,general_or_unknown,323,51,6,39,6,12,1,7,4,39,5,32,2
159881,1830_1849,general_or_unknown,1200,310,6,289,15,216,5,206,5,94,1,83,10
159911,1890_1909,general_or_unknown,443,58,0,52,6,6,0,6,0,52,0,46,6
160224,1910_1929,general_or_unknown,388,36,0,27,9,17,0,14,3,19,0,13,6
161764,1870_1889,natural_history_ecology_behavior,622,12,0,12,0,7,0,7,0,5,0,5,0
45263,1890_1909,general_or_unknown,2400,127,0,37,90,25,0,16,9,102,0,21,81
163142,1890_1909,general_or_unknown,885,68,0,59,9,29,0,26,3,39,0,33,6
67391,1910_1929,taxonomy_systematics,936,57,0,20,37,26,0,9,17,31,0,11,20
163574,1870_1889,general_or_unknown,16,1,0,1,0,0,0,0,0,1,0,1,0
163714,1870_1889,natural_history_ecology_behavior,53,7,0,7,0,5,0,5,0,2,0,2,0
163727,1870_1889,general_or_unknown,118,28,0,26,2,5,0,5,0,23,0,21,2
163732,1890_1909,general_or_unknown,29,1,0,1,0,0,0,0,0,1,0,1,0
164080,1800_1829,natural_history_ecology_behavior,131,1,0,1,0,1,0,1,0,0,0,0,0
164291,1830_1849,natural_history_ecology_behavior,344,112,7,47,58,33,3,9,21,79,4,38,37
166220,1750_1799,natural_history_ecology_behavior,308,103,1,88,14,22,0,22,0,81,1,66,14
169606,1800_1829,comparative_anatomy_morphology,913,188,4,112,72,41,2,15,24,147,2,97,48
169615,1800_1829,comparative_anatomy_morphology,1031,415,7,347,61,43,3,37,3,372,4,310,58
172558,1850_1869,natural_history_ecology_behavior,374,76,2,73,1,34,1,33,0,42,1,40,1
173224,1850_1869,paleontology,349,17,0,0,17,7,0,0,7,10,0,0,10
9241,1910_1929,taxonomy_systematics,1200,30,0,4,26,7,0,2,5,23,0,2,21
174245,1750_1799,taxonomy_systematics,413,26,1,14,11,2,0,1,1,24,1,13,10
174551,1890_1909,evolution_adaptation,578,119,0,39,80,39,0,11,28,80,0,28,52
176698,1750_1799,taxonomy_systematics,415,25,1,12,12,5,1,2,2,20,0,10,10
176712,1750_1799,natural_history_ecology_behavior,508,187,36,136,15,61,11,48,2,126,25,88,13
6744,1890_1909,natural_history_ecology_behavior,631,54,0,12,42,8,0,7,1,46,0,5,41
31910,1910_1929,paleontology,1200,40,0,1,39,14,0,0,14,26,0,1,25
6879,1850_1869,natural_history_ecology_behavior,752,198,2,112,84,39,1,30,8,159,1,82,76
183921,1830_1849,general_or_unknown,16,0,0,0,0,0,0,0,0,0,0,0,0
185366,1910_1929,taxonomy_systematics,487,13,0,4,9,7,0,4,3,6,0,0,6
187776,1890_1909,paleontology,450,46,0,3,43,44,0,3,41,2,0,0,2
188053,1800_1829,comparative_anatomy_morphology,34,1,0,1,0,1,0,1,0,0,0,0,0
192847,1750_1799,natural_history_ecology_behavior,209,40,0,27,13,13,0,9,4,27,0,18,9
193491,1750_1799,taxonomy_systematics,1200,360,31,258,71,65,5,49,11,295,26,209,60
17098,1890_1909,natural_history_ecology_behavior,932,284,0,190,94,72,0,50,22,212,0,140,72
195273,1750_1799,general_or_unknown,113,28,0,28,0,9,0,9,0,19,0,19,0
195967,1890_1909,general_or_unknown,66,9,0,0,9,7,0,0,7,2,0,0,2
195980,1870_1889,comparative_anatomy_morphology,105,15,0,7,8,3,0,3,0,12,0,4,8
196339,1890_1909,general_or_unknown,35,0,0,0,0,0,0,0,0,0,0,0,0
196420,1870_1889,general_or_unknown,1200,554,0,283,271,139,0,62,77,415,0,221,194
158659,1890_1909,general_or_unknown,29,1,0,1,0,1,0,1,0,0,0,0,0
197073,1750_1799,natural_history_ecology_behavior,1016,317,7,274,36,93,2,86,5,224,5,188,31
197509,1850_1869,general_or_unknown,191,50,1,23,26,27,1,11,15,23,0,12,11
197554,1890_1909,general_or_unknown,56,7,0,7,0,0,0,0,0,7,0,7,0
197623,1870_1889,taxonomy_systematics,67,6,0,2,4,1,0,1,0,5,0,1,4
197833,1870_1889,general_or_unknown,407,80,0,14,66,13,0,2,11,67,0,12,55
197839,1830_1849,taxonomy_systematics,1149,192,7,89,96,79,5,37,37,113,2,52,59
197842,1830_1849,natural_history_ecology_behavior,861,126,3,121,2,46,2,44,0,80,1,77,2
197349,1910_1929,general_or_unknown,999,63,0,7,56,11,0,2,9,52,0,5,47
198024,1830_1849,natural_history_ecology_behavior,443,25,7,18,0,15,2,13,0,10,5,5,0
199460,1890_1909,general_or_unknown,129,0,0,0,0,0,0,0,0,0,0,0,0
199159,1850_1869,general_or_unknown,268,0,0,0,0,0,0,0,0,0,0,0,0
200120,1830_1849,general_or_unknown,820,68,1,63,4,17,0,17,0,51,1,46,4
200951,1800_1829,natural_history_ecology_behavior,67,6,0,6,0,2,0,2,0,4,0,4,0
200962,1800_1829,natural_history_ecology_behavior,307,57,0,37,20,17,0,7,10,40,0,30,10
200964,1750_1799,general_or_unknown,103,11,0,3,8,3,0,3,0,8,0,0,8
204225,1750_1799,physiology,743,76,2,56,18,40,2,31,7,36,0,25,11
204369,1830_1849,taxonomy_systematics,1148,196,7,89,100,78,5,35,38,118,2,54,62
204617,1830_1849,taxonomy_systematics,1155,189,7,84,98,76,5,32,39,113,2,52,59
205055,1890_1909,embryology_development,91,3,0,1,2,3,0,1,2,0,0,0,0
207796,1800_1829,taxonomy_systematics,393,75,0,20,55,3,0,1,2,72,0,19,53
208772,1890_1909,natural_history_ecology_behavior,1200,106,0,102,4,48,0,47,1,58,0,55,3
210985,1890_1909,comparative_anatomy_morphology,78,0,0,0,0,0,0,0,0,0,0,0,0
211040,1830_1849,paleontology,399,16,1,6,9,5,1,3,1,11,0,3,8
211073,1890_1909,evolution_adaptation,464,57,3,33,21,24,2,14,8,33,1,19,13
211188,1850_1869,evolution_adaptation,1200,175,0,151,24,99,0,77,22,76,0,74,2
211507,1910_1929,evolution_adaptation,1086,166,4,106,56,93,2,55,36,73,2,51,20
39838,1830_1849,paleontology,8408,356,2,135,219,72,0,47,25,284,2,88,194
211569,1910_1929,general_or_unknown,2142,333,0,190,143,110,0,75,35,223,0,115,108
211579,1830_1849,natural_history_ecology_behavior,3,0,0,0,0,0,0,0,0,0,0,0,0
212394,1800_1829,general_or_unknown,240,10,0,3,7,1,0,0,1,9,0,3,6
4628,1910_1929,natural_history_ecology_behavior,1885,139,0,96,43,98,0,79,19,41,0,17,24
212397,1910_1929,general_or_unknown,403,7,0,7,0,0,0,0,0,7,0,7,0
212485,1850_1869,natural_history_ecology_behavior,85,25,3,9,13,14,2,3,9,11,1,6,4
40342,1850_1869,natural_history_ecology_behavior,2511,700,10,457,233,144,2,105,37,556,8,352,196
213399,1830_1849,natural_history_ecology_behavior,298,18,0,17,1,7,0,7,0,11,0,10,1
213441,1850_1869,paleontology,64,4,0,0,4,0,0,0,0,4,0,0,4
213484,1870_1889,general_or_unknown,1033,92,4,86,2,31,1,30,0,61,3,56,2
213488,1890_1909,evolution_adaptation,42,4,0,2,2,3,0,1,2,1,0,1,0
216768,1830_1849,comparative_anatomy_morphology,1200,583,3,305,275,169,1,73,95,414,2,232,180
216772,1830_1849,comparative_anatomy_morphology,1200,588,2,321,265,166,1,73,92,422,1,248,173
216863,1830_1849,comparative_anatomy_morphology,1200,587,0,312,275,167,0,76,91,420,0,236,184
217232,1830_1849,paleontology,1154,138,2,49,87,10,0,9,1,128,2,40,86
217312,1830_1849,general_or_unknown,951,39,0,25,14,7,0,7,0,32,0,18,14
217545,1910_1929,general_or_unknown,86,9,0,6,3,3,0,1,2,6,0,5,1
217550,1890_1909,general_or_unknown,110,19,0,14,5,9,0,7,2,10,0,7,3
217552,1910_1929,general_or_unknown,56,19,0,17,2,16,0,14,2,3,0,3,0
218555,1910_1929,general_or_unknown,5,0,0,0,0,0,0,0,0,0,0,0,0
217602,1800_1829,general_or_unknown,7,0,0,0,0,0,0,0,0,0,0,0,0
219435,1800_1829,taxonomy_systematics,223,47,2,44,1,25,2,23,0,22,0,21,1
219712,1830_1849,natural_history_ecology_behavior,522,15,0,4,11,8,0,1,7,7,0,3,4
219716,1830_1849,natural_history_ecology_behavior,541,14,0,4,10,5,0,0,5,9,0,4,5
220027,1750_1799,natural_history_ecology_behavior,239,40,0,23,17,13,0,5,8,27,0,18,9
220493,1890_1909,evolution_adaptation,316,17,2,14,1,10,0,9,1,7,2,5,0
9109,1890_1909,taxonomy_systematics,2400,229,1,94,134,49,1,36,12,180,0,58,122
9118,1890_1909,general_or_unknown,412,17,0,15,2,8,0,8,0,9,0,7,2
10351,1910_1929,taxonomy_systematics,1027,139,0,4,135,20,0,0,20,119,0,4,115
10536,1850_1869,general_or_unknown,653,149,2,125,22,44,1,34,9,105,1,91,13
10539,1800_1829,natural_history_ecology_behavior,1717,215,2,114,99,117,0,69,48,98,2,45,51
35758,1890_1909,general_or_unknown,1739,10,0,10,0,10,0,10,0,0,0,0,0
10714,1850_1869,general_or_unknown,308,67,2,42,23,23,1,15,7,44,1,27,16
10215,1890_1909,natural_history_ecology_behavior,1746,192,0,113,79,88,0,49,39,104,0,64,40
10739,1910_1929,evolution_adaptation,1200,287,1,169,117,145,0,84,61,142,1,85,56
10788,1890_1909,general_or_unknown,624,89,0,69,20,36,0,27,9,53,0,42,11
11771,1830_1849,taxonomy_systematics,1200,111,2,17,92,46,2,5,39,65,0,12,53
11773,1850_1869,taxonomy_systematics,421,100,0,5,95,5,0,1,4,95,0,4,91
11785,1890_1909,natural_history_ecology_behavior,688,13,0,13,0,12,0,12,0,1,0,1,0
11870,1890_1909,paleontology,888,96,0,8,88,8,0,0,8,88,0,8,80
11875,1850_1869,paleontology,2233,286,0,49,237,15,0,5,10,271,0,44,227
11876,1850_1869,paleontology,2248,292,0,50,242,17,0,6,11,275,0,44,231
11879,1870_1889,paleontology,1088,79,0,1,78,14,0,0,14,65,0,1,64
11899,1870_1889,general_or_unknown,199,81,0,55,26,18,0,13,5,63,0,42,21
11930,1890_1909,paleontology,774,160,0,38,122,7,0,5,2,153,0,33,120
12137,1830_1849,general_or_unknown,1208,82,10,43,29,18,4,8,6,64,6,35,23
12139,1890_1909,paleontology,871,38,0,0,38,10,0,0,10,28,0,0,28
8027,1830_1849,taxonomy_systematics,1200,292,1,61,230,19,1,7,11,273,0,54,219
12502,1830_1849,taxonomy_systematics,1200,104,0,2,102,5,0,0,5,99,0,2,97
13203,1850_1869,paleontology,533,84,0,5,79,8,0,1,7,76,0,4,72
13281,1910_1929,natural_history_ecology_behavior,2611,688,0,516,172,119,0,97,22,569,0,419,150
13287,1890_1909,taxonomy_systematics,161,31,0,5,26,14,0,3,11,17,0,2,15
13361,1850_1869,general_or_unknown,1155,146,7,122,17,52,2,45,5,94,5,77,12
13370,1890_1909,paleontology,849,79,0,31,48,3,0,1,2,76,0,30,46
13405,1910_1929,natural_history_ecology_behavior,195,17,1,15,1,14,1,12,1,3,0,3,0
13411,1870_1889,general_or_unknown,503,10,0,7,3,5,0,5,0,5,0,2,3
13412,1910_1929,general_or_unknown,1072,15,0,11,4,9,0,8,1,6,0,3,3
13429,1830_1849,comparative_anatomy_morphology,144,23,0,10,13,6,0,2,4,17,0,8,9
13432,1870_1889,natural_history_ecology_behavior,183,20,1,19,0,10,1,9,0,10,0,10,0
10313,1750_1799,natural_history_ecology_behavior,555,86,2,80,4,20,0,20,0,66,2,60,4
13452,1910_1929,general_or_unknown,60,1,0,1,0,1,0,1,0,0,0,0,0
13535,1890_1909,natural_history_ecology_behavior,1200,120,1,100,19,52,0,44,8,68,1,56,11
13539,1830_1849,comparative_anatomy_morphology,1200,520,11,242,267,58,2,29,27,462,9,213,240
13575,1910_1929,general_or_unknown,592,43,0,0,43,1,0,0,1,42,0,0,42
13588,1890_1909,natural_history_ecology_behavior,900,25,0,25,0,15,0,15,0,10,0,10,0
13590,1870_1889,natural_history_ecology_behavior,293,8,0,8,0,7,0,7,0,1,0,1,0
13594,1870_1889,general_or_unknown,539,32,0,10,22,4,0,0,4,28,0,10,18
13605,1870_1889,natural_history_ecology_behavior,1200,411,5,323,83,66,2,63,1,345,3,260,82
57106,1910_1929,natural_history_ecology_behavior,561,19,0,13,6,9,0,7,2,10,0,6,4
13618,1890_1909,taxonomy_systematics,818,159,0,132,27,28,0,27,1,131,0,105,26
13619,1870_1889,natural_history_ecology_behavior,461,71,0,71,0,37,0,37,0,34,0,34,0
13620,1870_1889,natural_history_ecology_behavior,565,19,0,19,0,10,0,10,0,9,0,9,0
13629,1870_1889,paleontology,1200,38,0,13,25,19,0,10,9,19,0,3,16
13630,1850_1869,natural_history_ecology_behavior,813,31,0,25,6,12,0,12,0,19,0,13,6
13634,1890_1909,general_or_unknown,704,21,1,20,0,12,0,12,0,9,1,8,0
13639,1910_1929,natural_history_ecology_behavior,193,6,0,5,1,3,0,2,1,3,0,3,0
13643,1870_1889,general_or_unknown,1200,20,0,4,16,8,0,1,7,12,0,3,9
13652,1850_1869,natural_history_ecology_behavior,700,19,0,16,3,11,0,11,0,8,0,5,3
13735,1830_1849,natural_history_ecology_behavior,1200,55,0,11,44,4,0,2,2,51,0,9,42
13754,1890_1909,paleontology,561,38,0,5,33,5,0,0,5,33,0,5,28
13765,1850_1869,taxonomy_systematics,475,40,0,8,32,7,0,5,2,33,0,3,30
13767,1830_1849,natural_history_ecology_behavior,681,137,24,112,1,40,5,34,1,97,19,78,0
13770,1870_1889,natural_history_ecology_behavior,29,2,0,2,0,2,0,2,0,0,0,0,0
11387,1910_1929,natural_history_ecology_behavior,1200,127,0,2,125,53,0,2,51,74,0,0,74
13790,1850_1869,comparative_anatomy_morphology,187,29,0,16,13,4,0,1,3,25,0,15,10
13824,1910_1929,general_or_unknown,129,7,0,6,1,3,0,2,1,4,0,4,0
13836,1850_1869,natural_history_ecology_behavior,399,16,0,0,16,1,0,0,1,15,0,0,15
13866,1870_1889,paleontology,465,27,0,0,27,16,0,0,16,11,0,0,11
13870,1870_1889,paleontology,453,53,0,4,49,14,0,0,14,39,0,4,35
13888,1890_1909,paleontology,412,94,0,65,29,10,0,7,3,84,0,58,26
13890,1870_1889,paleontology,1200,226,0,86,140,35,0,13,22,191,0,73,118
13892,1910_1929,paleontology,1200,274,0,153,121,64,0,40,24,210,0,113,97
13893,1910_1929,taxonomy_systematics,99,2,0,2,0,1,0,1,0,1,0,1,0
13899,1890_1909,paleontology,466,49,0,0,49,23,0,0,23,26,0,0,26
13905,1890_1909,natural_history_ecology_behavior,48,1,0,0,1,0,0,0,0,1,0,0,1
40362,1910_1929,paleontology,887,119,1,95,23,8,0,5,3,111,1,90,20
14833,1890_1909,paleontology,682,107,0,93,14,5,0,5,0,102,0,88,14
13917,1850_1869,paleontology,1050,276,1,93,182,15,0,3,12,261,1,90,170
32861,1890_1909,paleontology,765,96,0,86,10,9,0,8,1,87,0,78,9
13961,1910_1929,paleontology,460,61,0,17,44,12,0,4,8,49,0,13,36
13965,1870_1889,taxonomy_systematics,1125,158,0,19,139,5,0,4,1,153,0,15,138
13966,1870_1889,paleontology,592,23,0,2,21,5,0,1,4,18,0,1,17
13968,1850_1869,paleontology,85,9,0,1,8,1,0,0,1,8,0,1,7
13973,1890_1909,paleontology,48,1,0,0,1,1,0,0,1,0,0,0,0
13974,1870_1889,paleontology,194,9,0,0,9,8,0,0,8,1,0,0,1
13981,1890_1909,paleontology,220,3,0,0,3,0,0,0,0,3,0,0,3
14050,1890_1909,natural_history_ecology_behavior,834,138,1,136,1,65,0,65,0,73,1,71,1
12187,1910_1929,natural_history_ecology_behavior,706,19,0,3,16,7,0,1,6,12,0,2,10
14075,1850_1869,paleontology,44,4,0,1,3,1,0,0,1,3,0,1,2
14076,1890_1909,general_or_unknown,618,186,0,74,112,55,0,19,36,131,0,55,76
14077,1870_1889,taxonomy_systematics,827,65,0,9,56,18,0,3,15,47,0,6,41
14083,1890_1909,taxonomy_systematics,323,3,0,3,0,2,0,2,0,1,0,1,0
14123,1890_1909,taxonomy_systematics,7592,125,0,69,56,34,0,26,8,91,0,43,48
14124,1910_1929,general_or_unknown,170,23,0,23,0,10,0,10,0,13,0,13,0
14129,1890_1909,natural_history_ecology_behavior,106,12,0,12,0,0,0,0,0,12,0,12,0
14138,1890_1909,general_or_unknown,76,14,0,8,6,6,0,5,1,8,0,3,5
14139,1910_1929,natural_history_ecology_behavior,1148,250,0,191,59,59,0,52,7,191,0,139,52
14142,1870_1889,taxonomy_systematics,205,63,0,45,18,13,0,8,5,50,0,37,13
14151,1890_1909,general_or_unknown,383,15,0,10,5,9,0,5,4,6,0,5,1
14178,1890_1909,general_or_unknown,1200,71,0,58,13,24,0,21,3,47,0,37,10
14180,1870_1889,general_or_unknown,2400,98,0,61,37,28,0,26,2,70,0,35,35
14205,1870_1889,general_or_unknown,427,0,0,0,0,0,0,0,0,0,0,0,0
14220,1890_1909,general_or_unknown,1200,303,7,270,26,69,4,58,7,234,3,212,19
14252,1870_1889,evolution_adaptation,728,148,6,51,91,68,6,20,42,80,0,31,49
14283,1870_1889,general_or_unknown,448,8,0,6,2,3,0,3,0,5,0,3,2
14392,1910_1929,comparative_anatomy_morphology,835,11,0,1,10,1,0,0,1,10,0,1,9
14410,1850_1869,taxonomy_systematics,823,131,0,105,26,16,0,14,2,115,0,91,24
14420,1830_1849,embryology_development,151,48,2,34,12,13,1,8,4,35,1,26,8
14423,1910_1929,taxonomy_systematics,5920,1334,0,190,1144,184,0,29,155,1150,0,161,989
14469,1870_1889,general_or_unknown,1008,197,4,192,1,104,3,101,0,93,1,91,1
14486,1910_1929,physiology,522,88,0,86,2,8,0,8,0,80,0,78,2
14507,1890_1909,natural_history_ecology_behavior,1200,20,0,20,0,14,0,14,0,6,0,6,0
14511,1870_1889,natural_history_ecology_behavior,414,24,0,23,1,14,0,14,0,10,0,9,1
7886,1910_1929,natural_history_ecology_behavior,1200,0,0,0,0,0,0,0,0,0,0,0,0
14521,1890_1909,natural_history_ecology_behavior,1200,154,6,138,10,45,0,42,3,109,6,96,7
14526,1890_1909,natural_history_ecology_behavior,676,17,0,16,1,16,0,15,1,1,0,1,0
14536,1870_1889,general_or_unknown,1200,23,0,20,3,16,0,14,2,7,0,6,1
14539,1890_1909,general_or_unknown,954,53,0,51,2,24,0,23,1,29,0,28,1
14559,1890_1909,natural_history_ecology_behavior,681,116,3,112,1,53,2,50,1,63,1,62,0
14573,1800_1829,general_or_unknown,353,13,0,3,10,3,0,1,2,10,0,2,8
14580,1870_1889,general_or_unknown,948,35,0,17,18,11,0,10,1,24,0,7,17
14593,1890_1909,evolution_adaptation,1035,89,0,71,18,51,0,38,13,38,0,33,5
14620,1910_1929,general_or_unknown,444,17,0,15,2,16,0,14,2,1,0,1,0
14624,1890_1909,paleontology,1200,76,4,61,11,23,0,22,1,53,4,39,10
14712,1890_1909,embryology_development,159,20,0,6,14,4,0,0,4,16,0,6,10
14754,1870_1889,physiology,27,4,0,2,2,1,0,1,0,3,0,1,2
14755,1870_1889,paleontology,51,11,0,3,8,1,0,0,1,10,0,3,7
14756,1870_1889,natural_history_ecology_behavior,1200,131,6,111,14,40,4,32,4,91,2,79,10
14762,1870_1889,natural_history_ecology_behavior,7,0,0,0,0,0,0,0,0,0,0,0,0
14766,1830_1849,natural_history_ecology_behavior,821,119,4,46,69,24,2,15,7,95,2,31,62
14774,1870_1889,paleontology,1200,0,0,0,0,0,0,0,0,0,0,0,0
14779,1830_1849,paleontology,737,170,3,43,124,26,0,5,21,144,3,38,103
14816,1800_1829,general_or_unknown,386,100,1,99,0,56,1,55,0,44,0,44,0
14831,1870_1889,paleontology,384,56,0,32,24,15,0,8,7,41,0,24,17
58585,1910_1929,natural_history_ecology_behavior,1200,124,0,101,23,49,0,43,6,75,0,58,17
14851,1910_1929,general_or_unknown,1200,103,0,59,44,36,0,29,7,67,0,30,37
14892,1870_1889,general_or_unknown,129,6,0,6,0,4,0,4,0,2,0,2,0
14943,1890_1909,paleontology,1090,43,0,0,43,19,0,0,19,24,0,0,24
14945,1870_1889,paleontology,337,31,0,18,13,17,0,11,6,14,0,7,7
14948,1890_1909,paleontology,763,90,0,80,10,8,0,6,2,82,0,74,8
14952,1870_1889,taxonomy_systematics,1200,410,0,127,283,38,0,14,24,372,0,113,259
14957,1830_1849,general_or_unknown,1200,148,0,22,126,9,0,2,7,139,0,20,119
14959,1870_1889,paleontology,1200,36,0,1,35,6,0,0,6,30,0,1,29
14967,1910_1929,natural_history_ecology_behavior,489,1,0,1,0,0,0,0,0,1,0,1,0
14981,1890_1909,embryology_development,858,77,0,65,12,38,0,32,6,39,0,33,6
14982,1890_1909,comparative_anatomy_morphology,1200,122,0,51,71,9,0,5,4,113,0,46,67
15031,1890_1909,paleontology,51,0,0,0,0,0,0,0,0,0,0,0,0
15033,1890_1909,paleontology,78,0,0,0,0,0,0,0,0,0,0,0,0
15051,1850_1869,paleontology,992,127,0,28,99,90,0,18,72,37,0,10,27
15086,1870_1889,comparative_anatomy_morphology,212,48,0,5,43,6,0,1,5,42,0,4,38
15089,1870_1889,natural_history_ecology_behavior,1200,140,4,73,63,26,2,17,7,114,2,56,56
15093,1910_1929,general_or_unknown,496,26,0,21,5,15,0,12,3,11,0,9,2
15100,1870_1889,paleontology,257,28,0,4,24,6,0,0,6,22,0,4,18
15162,1870_1889,general_or_unknown,4800,159,0,53,106,32,0,19,13,127,0,34,93
15191,1890_1909,taxonomy_systematics,43,0,0,0,0,0,0,0,0,0,0,0,0
15206,1870_1889,natural_history_ecology_behavior,1200,147,0,75,72,20,0,12,8,127,0,63,64
15229,1850_1869,natural_history_ecology_behavior,3600,698,6,610,82,160,4,151,5,538,2,459,77
3956,1870_1889,evolution_adaptation,947,282,1,60,221,106,1,21,84,176,0,39,137
15243,1870_1889,taxonomy_systematics,696,40,0,23,17,21,0,10,11,19,0,13,6
15269,1890_1909,paleontology,22,0,0,0,0,0,0,0,0,0,0,0,0
15274,1800_1829,general_or_unknown,856,71,0,56,15,48,0,40,8,23,0,16,7
15297,1890_1909,general_or_unknown,479,128,1,62,65,50,0,17,33,78,1,45,32
15304,1890_1909,taxonomy_systematics,801,52,0,18,34,10,0,2,8,42,0,16,26
15306,1850_1869,general_or_unknown,1200,23,0,14,9,7,0,3,4,16,0,11,5
15319,1910_1929,general_or_unknown,102,5,0,0,5,0,0,0,0,5,0,0,5
15320,1890_1909,general_or_unknown,1200,127,0,53,74,20,0,17,3,107,0,36,71
15331,1910_1929,general_or_unknown,706,91,0,89,2,42,0,42,0,49,0,47,2
15455,1850_1869,general_or_unknown,623,42,0,32,10,26,0,22,4,16,0,10,6
15604,1890_1909,evolution_adaptation,232,18,0,9,9,10,0,4,6,8,0,5,3
176365,1830_1849,general_or_unknown,905,200,1,163,36,42,0,40,2,158,1,123,34
15731,1890_1909,natural_history_ecology_behavior,177,42,0,21,21,3,0,2,1,39,0,19,20
15746,1890_1909,natural_history_ecology_behavior,1200,86,0,41,45,13,0,12,1,73,0,29,44
15769,1870_1889,comparative_anatomy_morphology,1200,138,0,50,88,9,0,4,5,129,0,46,83
15782,1890_1909,embryology_development,677,104,1,28,75,38,1,7,30,66,0,21,45
15841,1910_1929,general_or_unknown,1200,9,0,8,1,4,0,4,0,5,0,4,1
49605,1890_1909,general_or_unknown,1023,136,0,122,14,38,0,36,2,98,0,86,12
15908,1910_1929,general_or_unknown,1200,60,0,56,4,14,0,14,0,46,0,42,4
15918,1890_1909,paleontology,82,0,0,0,0,0,0,0,0,0,0,0,0
46703,1870_1889,taxonomy_systematics,1200,69,0,63,6,18,0,18,0,51,0,45,6
15974,1890_1909,embryology_development,430,49,0,16,33,34,0,14,20,15,0,2,13
15996,1830_1849,natural_history_ecology_behavior,1184,368,0,94,274,34,0,14,20,334,0,80,254
15999,1850_1869,taxonomy_systematics,229,72,3,55,14,1,0,1,0,71,3,54,14
16000,1830_1849,general_or_unknown,77,15,0,14,1,4,0,4,0,11,0,10,1
16007,1800_1829,taxonomy_systematics,503,139,0,35,104,7,0,1,6,132,0,34,98
16030,1800_1829,taxonomy_systematics,318,85,0,23,62,4,0,1,3,81,0,22,59
16045,1830_1849,taxonomy_systematics,642,206,1,90,115,10,0,4,6,196,1,86,109
16046,1850_1869,taxonomy_systematics,1200,347,1,112,234,14,0,5,9,333,1,107,225
16061,1830_1849,general_or_unknown,357,105,31,68,6,17,6,9,2,88,25,59,4
16062,1800_1829,taxonomy_systematics,427,105,0,11,94,8,0,2,6,97,0,9,88
16077,1850_1869,paleontology,415,18,0,9,9,5,0,5,0,13,0,4,9
8131,1800_1829,natural_history_ecology_behavior,1200,325,13,183,129,94,5,45,44,231,8,138,85
16121,1870_1889,natural_history_ecology_behavior,55,0,0,0,0,0,0,0,0,0,0,0,0
16124,1870_1889,paleontology,147,3,0,0,3,3,0,0,3,0,0,0,0
16128,1870_1889,general_or_unknown,125,0,0,0,0,0,0,0,0,0,0,0,0
16131,1870_1889,paleontology,71,3,0,0,3,1,0,0,1,2,0,0,2
16137,1890_1909,general_or_unknown,1059,144,0,69,75,26,0,21,5,118,0,48,70
16157,1830_1849,taxonomy_systematics,775,99,1,20,78,6,0,2,4,93,1,18,74
16158,1830_1849,taxonomy_systematics,769,98,1,17,80,4,0,2,2,94,1,15,78
16159,1800_1829,taxonomy_systematics,254,90,0,19,71,4,0,1,3,86,0,18,68
16160,1800_1829,taxonomy_systematics,342,87,0,26,61,4,0,3,1,83,0,23,60
16161,1830_1849,taxonomy_systematics,488,76,0,20,56,5,0,1,4,71,0,19,52
16163,1800_1829,taxonomy_systematics,395,76,0,18,58,3,0,2,1,73,0,16,57
16164,1800_1829,taxonomy_systematics,391,79,0,18,61,2,0,1,1,77,0,17,60
16178,1890_1909,paleontology,1200,82,0,23,59,9,0,3,6,73,0,20,53
16184,1850_1869,paleontology,187,23,1,8,14,3,0,2,1,20,1,6,13
16203,1850_1869,general_or_unknown,820,35,0,5,30,8,0,3,5,27,0,2,25
16241,1910_1929,general_or_unknown,1024,53,0,53,0,34,0,34,0,19,0,19,0
16245,1890_1909,general_or_unknown,80,9,0,1,8,1,0,0,1,8,0,1,7
16247,1830_1849,taxonomy_systematics,854,33,0,0,33,2,0,0,2,31,0,0,31
16323,1890_1909,general_or_unknown,927,21,0,20,1,13,0,13,0,8,0,7,1
16330,1870_1889,taxonomy_systematics,729,43,0,27,16,21,0,12,9,22,0,15,7
16339,1870_1889,general_or_unknown,2276,307,0,38,269,11,0,7,4,296,0,31,265
16342,1850_1869,general_or_unknown,5237,587,5,280,302,84,0,46,38,503,5,234,264
17191,1890_1909,embryology_development,858,71,0,58,13,36,0,30,6,35,0,28,7
19614,1910_1929,evolution_adaptation,492,33,1,9,23,27,0,9,18,6,1,0,5
19821,1850_1869,paleontology,1200,145,0,65,80,11,0,5,6,134,0,60,74
201,1750_1799,natural_history_ecology_behavior,251,6,0,5,1,4,0,3,1,2,0,2,0
25201,1800_1829,natural_history_ecology_behavior,818,340,9,300,31,53,2,49,2,287,7,251,29
25284,1910_1929,taxonomy_systematics,141,26,0,6,20,2,0,1,1,24,0,5,19
25288,1890_1909,natural_history_ecology_behavior,338,54,0,43,11,29,0,28,1,25,0,15,10
25381,1870_1889,natural_history_ecology_behavior,414,133,0,92,41,13,0,10,3,120,0,82,38
199664,1910_1929,taxonomy_systematics,328,16,0,16,0,11,0,11,0,5,0,5,0
25384,1910_1929,natural_history_ecology_behavior,186,66,0,37,29,10,0,5,5,56,0,32,24
35791,1870_1889,natural_history_ecology_behavior,536,164,0,111,53,15,0,7,8,149,0,104,45
25418,1890_1909,taxonomy_systematics,187,24,0,15,9,5,0,5,0,19,0,10,9
27147,1890_1909,general_or_unknown,347,66,0,42,24,24,0,15,9,42,0,27,15
27984,1890_1909,natural_history_ecology_behavior,1005,252,1,207,44,69,0,61,8,183,1,146,36
29990,1890_1909,evolution_adaptation,534,54,0,46,8,38,0,36,2,16,0,10,6
33927,1800_1829,natural_history_ecology_behavior,1200,83,1,21,61,10,0,7,3,73,1,14,58
33930,1890_1909,general_or_unknown,560,19,0,19,0,5,0,5,0,14,0,14,0
34596,1890_1909,natural_history_ecology_behavior,492,26,0,5,21,8,0,2,6,18,0,3,15
35790,1890_1909,natural_history_ecology_behavior,233,56,0,21,35,22,0,11,11,34,0,10,24
35794,1890_1909,natural_history_ecology_behavior,539,28,0,12,16,14,0,6,8,14,0,6,8
35795,1910_1929,evolution_adaptation,1200,72,0,19,53,67,0,18,49,5,0,1,4
35828,1850_1869,natural_history_ecology_behavior,818,22,2,18,2,19,2,17,0,3,0,1,2
35835,1890_1909,natural_history_ecology_behavior,77,2,0,2,0,2,0,2,0,0,0,0,0
10631,1890_1909,natural_history_ecology_behavior,439,70,0,6,64,48,0,1,47,22,0,5,17
35874,1890_1909,embryology_development,1200,178,0,103,75,38,0,29,9,140,0,74,66
36017,1890_1909,paleontology,429,30,0,20,10,3,0,3,0,27,0,17,10
36197,1910_1929,evolution_adaptation,571,131,3,102,26,102,2,79,21,29,1,23,5
37835,1890_1909,general_or_unknown,1200,3,0,3,0,3,0,3,0,0,0,0,0
37840,1870_1889,taxonomy_systematics,6,1,0,1,0,0,0,0,0,1,0,1,0
37841,1870_1889,taxonomy_systematics,22,1,0,0,1,1,0,0,1,0,0,0,0
10333,1830_1849,taxonomy_systematics,552,54,0,9,45,6,0,3,3,48,0,6,42
37857,1830_1849,taxonomy_systematics,557,43,0,4,39,3,0,2,1,40,0,2,38
37960,1870_1889,general_or_unknown,341,7,0,7,0,3,0,3,0,4,0,4,0
34179,1830_1849,natural_history_ecology_behavior,437,80,2,70,8,23,1,20,2,57,1,50,6
38092,1870_1889,natural_history_ecology_behavior,6,0,0,0,0,0,0,0,0,0,0,0,0
38093,1870_1889,general_or_unknown,1200,71,0,63,8,22,0,21,1,49,0,42,7
39129,1870_1889,comparative_anatomy_morphology,305,23,0,8,15,6,0,1,5,17,0,7,10
10366,1830_1849,taxonomy_systematics,837,189,7,36,146,4,0,3,1,185,7,33,145
39198,1890_1909,embryology_development,714,76,0,36,40,15,0,8,7,61,0,28,33
8129,1830_1849,general_or_unknown,2400,87,0,13,74,22,0,1,21,65,0,12,53
39523,1910_1929,paleontology,1200,75,0,50,25,17,0,12,5,58,0,38,20
39555,1870_1889,general_or_unknown,1669,222,0,117,105,61,0,35,26,161,0,82,79
39566,1870_1889,paleontology,2400,374,0,33,341,28,0,3,25,346,0,30,316
39601,1870_1889,general_or_unknown,1200,35,0,33,2,22,0,20,2,13,0,13,0
39609,1850_1869,taxonomy_systematics,2400,528,12,393,123,167,3,143,21,361,9,250,102
39622,1800_1829,general_or_unknown,70,3,0,1,2,1,0,0,1,2,0,1,1
39636,1850_1869,physiology,591,223,6,123,94,50,5,19,26,173,1,104,68
39686,1830_1849,natural_history_ecology_behavior,560,70,2,16,52,13,1,2,10,57,1,14,42
39801,1890_1909,taxonomy_systematics,347,0,0,0,0,0,0,0,0,0,0,0,0
11606,1850_1869,taxonomy_systematics,1200,358,0,213,145,82,0,62,20,276,0,151,125
39825,1750_1799,taxonomy_systematics,1200,378,7,265,106,123,7,99,17,255,0,166,89
39827,1830_1849,taxonomy_systematics,1029,410,11,259,140,83,7,61,15,327,4,198,125
39830,1850_1869,paleontology,591,26,0,12,14,1,0,1,0,25,0,11,14
34494,1830_1849,comparative_anatomy_morphology,1200,527,2,269,256,82,1,49,32,445,1,220,224
40280,1830_1849,taxonomy_systematics,1159,190,7,85,98,76,5,34,37,114,2,51,61
40282,1800_1829,taxonomy_systematics,2382,686,4,415,267,255,2,164,89,431,2,251,178
41175,1830_1849,general_or_unknown,214,8,0,0,8,0,0,0,0,8,0,0,8
41372,1800_1829,general_or_unknown,446,76,0,19,57,10,0,6,4,66,0,13,53
41403,1830_1849,taxonomy_systematics,1200,344,6,262,76,103,4,83,16,241,2,179,60
41419,1850_1869,general_or_unknown,1200,341,6,261,74,98,3,73,22,243,3,188,52
41446,1850_1869,general_or_unknown,1200,332,6,243,83,80,2,63,15,252,4,180,68
48696,1890_1909,comparative_anatomy_morphology,232,10,0,3,7,6,0,1,5,4,0,2,2
41622,1800_1829,natural_history_ecology_behavior,2400,496,12,434,50,156,7,139,10,340,5,295,40
41623,1800_1829,general_or_unknown,375,31,0,16,15,13,0,9,4,18,0,7,11
41853,1830_1849,natural_history_ecology_behavior,1200,107,6,81,20,43,4,39,0,64,2,42,20
41854,1800_1829,taxonomy_systematics,562,87,2,76,9,21,1,19,1,66,1,57,8
42226,1800_1829,taxonomy_systematics,959,236,1,68,167,27,1,6,20,209,0,62,147
42229,1870_1889,general_or_unknown,41,18,0,7,11,8,0,2,6,10,0,5,5
42278,1830_1849,general_or_unknown,710,94,0,36,58,16,0,7,9,78,0,29,49
42279,1800_1829,general_or_unknown,990,77,0,14,63,3,0,0,3,74,0,14,60
11354,1870_1889,paleontology,2400,151,0,76,75,75,0,50,25,76,0,26,50
42502,1850_1869,natural_history_ecology_behavior,264,29,2,19,8,8,0,7,1,21,2,12,7
42514,1870_1889,paleontology,2400,170,0,84,86,84,0,56,28,86,0,28,58
42526,1850_1869,general_or_unknown,647,29,0,29,0,12,0,12,0,17,0,17,0
42528,1850_1869,general_or_unknown,763,67,1,51,15,26,0,21,5,41,1,30,10
42660,1890_1909,general_or_unknown,1268,119,0,49,70,60,0,24,36,59,0,25,34
42857,1870_1889,embryology_development,65,16,1,1,14,12,1,1,10,4,0,0,4
43409,1850_1869,natural_history_ecology_behavior,306,20,2,18,0,9,1,8,0,11,1,10,0
8148,1800_1829,taxonomy_systematics,749,63,3,23,37,12,0,5,7,51,3,18,30
17346,1830_1849,general_or_unknown,798,84,3,26,55,17,2,12,3,67,1,14,52
43793,1830_1849,general_or_unknown,2400,276,4,227,45,71,4,61,6,205,0,166,39
43794,1830_1849,paleontology,585,90,5,56,29,14,3,7,4,76,2,49,25
43814,1830_1849,taxonomy_systematics,350,46,0,39,7,24,0,21,3,22,0,18,4
44488,1800_1829,natural_history_ecology_behavior,458,134,1,86,47,36,1,25,10,98,0,61,37
44872,1750_1799,general_or_unknown,197,11,1,9,1,1,1,0,0,10,0,9,1
44925,1800_1829,paleontology,530,21,0,4,17,6,0,2,4,15,0,2,13
44966,1850_1869,paleontology,562,62,0,28,34,14,0,7,7,48,0,21,27
45414,1870_1889,general_or_unknown,577,10,0,8,2,0,0,0,0,10,0,8,2
45796,1850_1869,natural_history_ecology_behavior,401,50,0,17,33,15,0,8,7,35,0,9,26
45844,1870_1889,natural_history_ecology_behavior,463,121,1,54,66,49,0,17,32,72,1,37,34
45871,1870_1889,evolution_adaptation,1718,440,13,119,308,201,9,48,144,239,4,71,164
7529,1830_1849,paleontology,354,2,0,1,1,0,0,0,0,2,0,1,1
born|john physiophilus specimen of the natural history of,1750_1799,(IA supplement),89,0,0,0,0,0,0,0,0,0,0,0,0
bancroft|essay on the natural history of guiana in,1750_1799,(IA supplement),266,36,4,30,2,9,2,6,1,27,2,24,1
edwards|essays upon natural history,1750_1799,(IA supplement),199,29,10,17,2,16,7,7,2,13,3,10,0
venegas|natural and civil history of california containing an,1750_1799,(IA supplement),110,4,0,4,0,3,0,3,0,1,0,1,0
wallis|natural history and antiquities of northhumberland and of,1750_1799,(IA supplement),639,42,2,34,6,12,1,10,1,30,1,24,5
mendesdacosta|natural history of fossils 1 1,1750_1799,(IA supplement),597,8,0,0,8,8,0,0,8,0,0,0,0
lettsom|natural history of the tea tree,1750_1799,(IA supplement),42,0,0,0,0,0,0,0,0,0,0,0,0
pennant|history of quadrupeds 1,1750_1799,(IA supplement),895,74,5,58,11,27,5,21,1,47,0,37,10
pennant|history of quadrupeds 2,1750_1799,(IA supplement),707,81,0,76,5,19,0,19,0,62,0,57,5
nimmo|general history of stirlingshire containing an account of,1750_1799,(IA supplement),147,5,0,5,0,5,0,5,0,0,0,0,0
pennant|genera of birds,1750_1799,(IA supplement),222,37,0,34,3,9,0,9,0,28,0,25,3
forster|observations made during a voyage round the world,1750_1799,(IA supplement),504,59,0,52,7,30,0,29,1,29,0,23,6
goodwyn|connexion of life with respiration or an experimental,1750_1799,(IA supplement),84,2,0,2,0,0,0,0,0,2,0,2,0
fenning|new system of geography or a general description,1750_1799,(IA supplement),1200,125,7,114,4,64,1,62,1,61,6,52,3
hill|general natural history or new and accurate descriptions,1750_1799,(IA supplement),1200,92,0,13,79,44,0,9,35,48,0,4,44
horrebov|natural history of iceland,1750_1799,(IA supplement),263,43,7,36,0,21,2,19,0,22,5,17,0
pennant|british zoology 1,1750_1799,(IA supplement),631,106,7,95,4,27,3,24,0,79,4,71,4
pennant|british zoology 2,1750_1799,(IA supplement),602,65,0,59,6,18,0,18,0,47,0,41,6
pennant|british zoology 3,1750_1799,(IA supplement),678,70,4,33,33,13,2,9,2,57,2,24,31
|wonders of nature and art being an account,1750_1799,(IA supplement),420,53,4,47,2,11,2,9,0,42,2,38,2
hill|review of the works of the royal society,1750_1799,(IA supplement),435,50,2,32,16,6,0,6,0,44,2,26,16
latham|general synopsis of birds 1 1,1750_1799,(IA supplement),1059,46,0,37,9,8,0,8,0,38,0,29,9
latham|general synopsis of birds 1 2,1750_1799,(IA supplement),905,37,0,35,2,3,0,3,0,34,0,32,2
latham|general synopsis of birds 2 1,1750_1799,(IA supplement),163,2,0,2,0,1,0,1,0,1,0,1,0
latham|general synopsis of birds 2 2,1750_1799,(IA supplement),70,0,0,0,0,0,0,0,0,0,0,0,0
latham|general synopsis of birds 3 1,1750_1799,(IA supplement),764,33,0,30,3,4,0,4,0,29,0,26,3
latham|general synopsis of birds 3 2,1750_1799,(IA supplement),836,53,0,49,4,15,0,15,0,38,0,34,4
latham|general synopsis of birds 4 1,1750_1799,(IA supplement),808,16,0,14,2,3,0,2,1,13,0,12,1
bondt|account of the diseases natural history and medicines,1750_1799,(IA supplement),123,7,0,7,0,4,0,4,0,3,0,3,0
|observations made during a voyage round the world,1750_1799,(IA supplement),460,68,2,60,6,35,0,33,2,33,2,27,4
thomasboreman|description of three hundred animals viz beasts birds,1750_1799,(IA supplement),281,43,1,36,6,10,0,9,1,33,1,27,5
humphreyprimatt|dissertation on the duty of mercy and sin,1750_1799,(IA supplement),265,32,21,9,2,20,14,4,2,12,7,5,0
eleazaralbin|natural history of english song birds and such,1750_1799,(IA supplement),138,28,0,27,1,10,0,10,0,18,0,17,1
emanuelmendesdacosta|natural history of fossils,1750_1799,(IA supplement),623,4,0,1,3,4,0,1,3,0,0,0,0
georgeedwards|natural history of uncommon birds and of some,1750_1799,(IA supplement),514,15,0,9,6,1,0,1,0,14,0,8,6
johnaikin|essay on the application of natural history to,1750_1799,(IA supplement),84,5,0,5,0,4,0,4,0,1,0,1,0
johnaitkin|essay on the application of natural history to,1750_1799,(IA supplement),134,5,0,5,0,3,0,3,0,2,0,2,0
johnrutty|essay towards a natural history of the county,1750_1799,(IA supplement),150,4,0,4,0,4,0,4,0,0,0,0,0
religioustractsocietygreatbritain|australia its scenery natural history and resources with,1750_1799,(IA supplement),224,27,1,25,1,19,1,17,1,8,0,8,0
georgeslouisleclercbuffoncomtede|barr s buffon buffon s natural history containing,1750_1799,(IA supplement),151,5,0,5,0,4,0,4,0,1,0,1,0
|beauties of the creation or a new moral,1750_1799,(IA supplement),258,76,16,48,12,30,6,23,1,46,10,25,11
barlow|collection of birds and beasts on thirty six,1750_1799,(IA supplement),4,0,0,0,0,0,0,0,0,0,0,0,0
denman|collection of engravings tending to illustrate the generation,1750_1799,(IA supplement),35,5,0,5,0,3,0,3,0,2,0,2,0
|compendium of authentic and entertaining voyages digested in,1750_1799,(IA supplement),188,8,0,8,0,4,0,4,0,4,0,4,0
goldsmith|compendium of authentic and entertaining voyages digested in,1750_1799,(IA supplement),195,5,0,5,0,2,0,2,0,3,0,3,0
|compendium of the most approved modern travels containing,1750_1799,(IA supplement),183,20,0,20,0,9,0,9,0,11,0,11,0
romans|concise natural history of east and west florida,1750_1799,(IA supplement),317,18,1,17,0,13,1,12,0,5,0,5,0
bickham|curious antique collection of birds eye views of,1750_1799,(IA supplement),13,0,0,0,0,0,0,0,0,0,0,0,0
boreman|description of three hundred animals viz beasts birds,1750_1799,(IA supplement),573,78,0,70,8,10,0,9,1,68,0,61,7
boreman|description of three hundred animals viz beasts insects,1750_1799,(IA supplement),583,87,1,80,6,20,1,19,0,67,0,61,6
edwards|discourse on the emigration of british birds 1780,1750_1799,(IA supplement),126,15,4,11,0,11,4,7,0,4,0,4,0
edwards|discourse on the emigration of british birds 1795,1750_1799,(IA supplement),137,15,1,14,0,13,1,12,0,2,0,2,0
beilby|general history of quadrupeds the figures engraved on,1750_1799,(IA supplement),846,216,9,193,14,65,3,62,0,151,6,131,14
beilby|general history of quadrupeds the figures engraved upon,1750_1799,(IA supplement),865,215,11,187,17,61,7,54,0,154,4,133,17
carter|journey from gibraltar to malaga with a view,1750_1799,(IA supplement),75,2,0,2,0,0,0,0,0,2,0,2,0
|key to natural history to accompany the children,1750_1799,(IA supplement),62,15,0,12,3,3,0,3,0,12,0,9,3
ward|modern system of natural history containing accurate descriptions,1750_1799,(IA supplement),331,72,2,60,10,26,0,25,1,46,2,35,9
edwards|natural history of birds most of which have,1750_1799,(IA supplement),266,17,0,8,9,0,0,0,0,17,0,8,9
hayes|natural history of british birds c with their,1750_1799,(IA supplement),84,16,0,15,1,2,0,2,0,14,0,13,1
albin|natural history of english song birds including such,1750_1799,(IA supplement),168,20,1,17,2,4,0,4,0,16,1,13,2
jones|natural history of fishes 1795,1750_1799,(IA supplement),425,101,1,83,17,20,0,18,2,81,1,65,15
mendesdacosta|natural history of fossils by emanuel mendes da,1750_1799,(IA supplement),609,9,0,4,5,8,0,3,5,1,0,1,0
albin|natural history of singing birds and particularly that,1750_1799,(IA supplement),214,36,4,29,3,12,1,11,0,24,3,18,3
white|naturalist s calendar with observations in various branches,1750_1799,(IA supplement),180,19,1,17,1,4,0,3,1,15,1,14,0
brookes|new accurate system of natural history 1763 vol,1750_1799,(IA supplement),942,166,1,147,18,43,1,38,4,123,0,109,14
brookes|new accurate system of natural history 1772 vol,1750_1799,(IA supplement),370,7,1,0,6,4,0,0,4,3,1,0,2
brookes|new and accurate system of natural history 1763,1750_1799,(IA supplement),1063,62,0,59,3,6,0,6,0,56,0,53,3
brookes|new and accurate system of natural history 1771,1750_1799,(IA supplement),1200,157,0,133,24,11,0,10,1,146,0,123,23
brookes|new and accurate system of natural history 1772,1750_1799,(IA supplement),362,5,0,3,2,1,0,1,0,4,0,2,2
|new lottery book of birds and beasts for,1750_1799,(IA supplement),5,0,0,0,0,0,0,0,0,0,0,0,0
|new moral system of natural history or the,1750_1799,(IA supplement),365,108,12,91,5,40,6,33,1,68,6,58,4
adair|philosophical and medical sketch of the natural history,1750_1799,(IA supplement),185,30,0,28,2,9,0,9,0,21,0,19,2
haller|second dissertation on the motion of the blood,1750_1799,(IA supplement),355,4,0,2,2,1,0,0,1,3,0,2,1
anderson|seventh eighth and ninth letter to sir joseph,1750_1799,(IA supplement),7,2,0,2,0,1,0,1,0,1,0,1,0
elford|short essay on the propagation and dispersion of,1750_1799,(IA supplement),99,42,16,25,1,15,6,9,0,27,10,16,1
physician|short treatise on canine madness particularly the bite,1750_1799,(IA supplement),39,3,0,3,0,0,0,0,0,3,0,3,0
anderson|sixth letter to sir joseph banks baronet on,1750_1799,(IA supplement),7,2,0,2,0,0,0,0,0,2,0,2,0
|system of anatomy and physiology from the latest,1750_1799,(IA supplement),372,81,0,64,17,14,0,11,3,67,0,53,14
|system of anatomy and physiology with the comparative,1750_1799,(IA supplement),1018,243,2,192,49,4,0,3,1,239,2,189,48
anderson|tenth letter to sir joseph banks baronet on,1750_1799,(IA supplement),10,2,0,2,0,1,0,1,0,1,0,1,0
moreau|tour to cheltenham spa or gloucestershire display d,1750_1799,(IA supplement),95,0,0,0,0,0,0,0,0,0,0,0,0
monro|treatise on comparative anatomy by alexander monro published,1750_1799,(IA supplement),264,78,1,69,8,10,0,9,1,68,1,60,7
charlevoix|voyage to north america undertaken by command of,1750_1799,(IA supplement),388,40,4,35,1,18,1,17,0,22,3,18,1
roberts|account of the first discovery and natural history,1750_1799,(IA supplement),147,3,0,3,0,3,0,3,0,0,0,0,0
home|account of the orifice in the retina of,1750_1799,(IA supplement),20,2,0,2,0,0,0,0,0,2,0,2,0
|easy way of breeding canary birds and the,1750_1799,(IA supplement),59,17,0,16,1,4,0,4,0,13,0,12,1
anderson|eleventh letter to sir joseph banks baronet on,1750_1799,(IA supplement),11,1,0,0,1,0,0,0,0,1,0,0,1
monro|essay on comparative anatomy the second edition 1775,1750_1799,(IA supplement),191,94,2,85,7,14,1,11,2,80,1,74,5
young|essay on humanity to animals by thomas young,1750_1799,(IA supplement),170,17,4,13,0,11,3,8,0,6,1,5,0
aikin|essay on the application of natural history to,1750_1799,(IA supplement),130,4,0,4,0,2,0,2,0,2,0,2,0
mills|essay on the management of bees wherein is,1750_1799,(IA supplement),342,46,2,44,0,29,0,29,0,17,2,15,0
kentish|essay on the method of studying natural history,1750_1799,(IA supplement),91,19,1,5,13,4,1,0,3,15,0,5,10
whytt|essay on the vital and other involuntary motions,1750_1799,(IA supplement),274,40,2,28,10,7,1,4,2,33,1,24,8
dodd|essay towards a natural history of the herring,1750_1799,(IA supplement),178,9,3,6,0,5,2,3,0,4,1,3,0
lewis|experimental history of the materia medica or of,1750_1799,(IA supplement),301,6,0,5,1,2,0,2,0,4,0,3,1
hewson|experimental inquiry into the properties of the blood,1750_1799,(IA supplement),98,2,0,1,1,1,0,0,1,1,0,1,0
harris|exposition of english insects including the several classes,1750_1799,(IA supplement),519,22,4,16,2,6,0,6,0,16,4,10,2
|historical narrative of the discovery of new holland,1750_1799,(IA supplement),63,5,0,5,0,2,0,2,0,3,0,3,0
seybert|inaugural dissertation being an attempt to disprove the,1750_1799,(IA supplement),95,4,0,3,1,0,0,0,0,4,0,3,1
stock|inaugural essay on the effects of cold upon,1750_1799,(IA supplement),19,2,0,2,0,2,0,2,0,0,0,0,0
rush|oration delivered february 4 1774 before the american,1750_1799,(IA supplement),49,5,0,5,0,3,0,3,0,2,0,2,0
fuessli|archives of entomology containing the history or ascertaining,1750_1799,(IA supplement),357,27,0,11,16,11,0,7,4,16,0,4,12
pennant|arctic zoology 1784 vol 1,1750_1799,(IA supplement),1200,96,1,93,2,51,1,50,0,45,0,43,2
pennant|arctic zoology 1784 vol 2,1750_1799,(IA supplement),1200,40,4,36,0,15,2,13,0,25,2,23,0
butler|arithmetical questions having for the most part a,1750_1799,(IA supplement),32,0,0,0,0,0,0,0,0,0,0,0,0
buffon|barr s buffon buffon s natural history containing,1750_1799,(IA supplement),538,132,2,109,21,51,1,42,8,81,1,67,13
|beauties of natural history or elements of zoography,1750_1799,(IA supplement),984,239,9,214,16,74,5,67,2,165,4,147,14
|british zoology fourth edition 1776 vol 3,1750_1799,(IA supplement),1002,76,5,50,21,15,4,10,1,61,1,40,20
|british zoology fourth edition 1776 vol 1,1750_1799,(IA supplement),1036,126,7,115,4,38,5,33,0,88,2,82,4
|british zoology fourth edition 1776 vol 2,1750_1799,(IA supplement),716,67,0,57,10,23,0,20,3,44,0,37,7
|british zoology fourth edition 1777 vol 4,1750_1799,(IA supplement),391,29,1,17,11,8,0,6,2,21,1,11,9
pennant|british zoology 1768 vol 1,1750_1799,(IA supplement),455,62,4,56,2,9,0,9,0,53,4,47,2
pennant|british zoology 1768 vol 2,1750_1799,(IA supplement),578,58,0,50,8,11,0,11,0,47,0,39,8
pennant|british zoology 1769 vol 3,1750_1799,(IA supplement),817,67,2,46,19,13,2,9,2,54,0,37,17
pennant|british zoology 1770 vol 4,1750_1799,(IA supplement),138,3,0,3,0,2,0,2,0,1,0,1,0
shaw|cimelia physica figures of rare and curious quadrupeds,1750_1799,(IA supplement),258,32,0,23,9,7,0,7,0,25,0,16,9
|curious and authentic memoirs concerning a late peace,1750_1799,(IA supplement),87,3,0,3,0,2,0,2,0,1,0,1,0
burt|delineation of curious foreign beasts and birds in,1750_1799,(IA supplement),53,4,0,4,0,1,0,1,0,3,0,3,0
boreman|description of above three hundred animals viz beasts,1750_1799,(IA supplement),365,55,0,50,5,10,0,9,1,45,0,41,4
heron|elegant extracts of natural history collected and revised,1750_1799,(IA supplement),749,102,1,96,5,47,0,47,0,55,1,49,5
fourcroy|elements of chemistry and natural history to which,1750_1799,(IA supplement),310,6,0,4,2,4,0,3,1,2,0,1,1
fourcroy|elements of natural history and of chemistry 1796,1750_1799,(IA supplement),154,2,0,0,2,2,0,0,2,0,0,0,0
fourcroy|elements of natural history and chemistry by m,1750_1799,(IA supplement),497,21,0,19,2,19,0,18,1,2,0,1,1
fordyce|elements of the practice of physic part 11,1750_1799,(IA supplement),34,4,0,4,0,2,0,2,0,2,0,2,0
fordyce|elements of the practice of physic in two,1750_1799,(IA supplement),72,6,0,3,3,5,0,3,2,1,0,0,1
|england illustrated or a compendium of the natural,1750_1799,(IA supplement),398,9,0,9,0,6,0,6,0,3,0,3,0
adams|essays on the microscope containing a practical description,1750_1799,(IA supplement),749,147,8,114,25,32,4,22,6,115,4,92,19
wilkinson|essays physiological and philosophical on the distortion of,1750_1799,(IA supplement),147,20,0,19,1,1,0,1,0,19,0,18,1
spilsbury|every lady and gentleman their own dentist as,1750_1799,(IA supplement),41,10,1,7,2,0,0,0,0,10,1,7,2
hewson|experimental inquiries part the third containing a description,1750_1799,(IA supplement),86,15,1,13,1,3,1,2,0,12,0,11,1
hunter|experiments on animals and vegetables with respect to,1750_1799,(IA supplement),24,5,0,1,4,3,0,1,2,2,0,0,2
caverhill|experiments on the cause of heat in living,1750_1799,(IA supplement),51,0,0,0,0,0,0,0,0,0,0,0,0
trimmer|fabulous histories designed for the instruction of children,1750_1799,(IA supplement),375,21,8,13,0,16,8,8,0,5,0,5,0
trimmer|fabulous histories designed for the struction of children,1750_1799,(IA supplement),398,21,4,17,0,16,3,13,0,5,1,4,0
anderson|five letters to sir joseph banks baronet on,1750_1799,(IA supplement),25,4,0,3,1,2,0,2,0,2,0,1,1
pontoppidan|natural history of norway in two parts translated,1750_1799,(IA supplement),1156,150,32,109,9,43,10,30,3,107,22,79,6
hume|four dissertations i the natural history of religion,1750_1799,(IA supplement),103,0,0,0,0,0,0,0,0,0,0,0,0
bladh|fundamenta entomologiae or an introduction to the knowledge,1750_1799,(IA supplement),104,25,1,13,11,4,0,4,0,21,1,9,11
pennant|genera of birds 1781,1750_1799,(IA supplement),222,30,0,27,3,6,0,5,1,24,0,22,2
moyes|heads of a course of lectures on the,1750_1799,(IA supplement),8,0,0,0,0,0,0,0,0,0,0,0,0
buffon|natural history of animals vegetables and minerals with,1750_1799,(IA supplement),505,156,4,109,43,63,3,37,23,93,1,72,20
buffon|buffon s natural history abridged including the history,1750_1799,(IA supplement),1200,363,1,318,44,80,0,73,7,283,1,245,37
buffon|natural history general and particular by the count,1750_1799,(IA supplement),1200,186,0,120,66,55,0,38,17,131,0,82,49
leclerc|system of natural history 1791 vol 1,1750_1799,(IA supplement),1113,291,0,248,43,101,0,89,12,190,0,159,31
leclerc|system of natural history 1791 vol 2,1750_1799,(IA supplement),1200,298,1,261,36,55,0,54,1,243,1,207,35
leclerc|barr s buffon buffon s natural history containing,1750_1799,(IA supplement),432,98,0,75,23,30,0,26,4,68,0,49,19
leclerc|natural history 1780 vol 1,1750_1799,(IA supplement),334,10,0,7,3,4,0,3,1,6,0,4,2
leclerc|natural history 1780 vol 2,1750_1799,(IA supplement),647,140,3,49,88,90,2,33,55,50,1,16,33
leclerc|natural history 1780 vol 3,1750_1799,(IA supplement),697,150,4,112,34,71,2,51,18,79,2,61,16
leclerc|natural history 1780 vol 4,1750_1799,(IA supplement),716,141,0,112,29,58,0,48,10,83,0,64,19
leclerc|natural history 1780 vol 5,1750_1799,(IA supplement),1084,156,1,124,31,51,0,41,10,105,1,83,21
leclerc|natural history 1780 vol 6,1750_1799,(IA supplement),1137,162,1,136,25,47,1,44,2,115,0,92,23
leclerc|natural history 1780 vol 7,1750_1799,(IA supplement),1115,161,1,110,50,48,1,36,11,113,0,74,39
leclerc|natural history 1780 vol 8,1750_1799,(IA supplement),947,77,3,43,31,24,3,13,8,53,0,30,23
leclerc|natural history general and particular by the count,1750_1799,(IA supplement),1091,96,2,50,44,38,2,23,13,58,0,27,31
leclerc|natural history 1785 vol 9,1750_1799,(IA supplement),342,9,1,6,2,7,1,4,2,2,0,2,0
leclerc|buffon s natural history abridged including the history,1750_1799,(IA supplement),1200,381,3,332,46,79,0,69,10,302,3,263,36
bontius|account of the diseases natural history and medicines,1750_1799,(IA supplement),121,2,0,2,0,1,0,1,0,1,0,1,0
beilby|history of british birds the figures engraved on,1750_1799,(IA supplement),418,87,5,79,3,15,1,13,1,72,4,66,2
donovan|illustration of british zoology on may 1 1799,1750_1799,(IA supplement),11,0,0,0,0,0,0,0,0,0,0,0,0
pennant|indian zoology second edition 1790,1750_1799,(IA supplement),175,9,1,7,1,2,1,1,0,7,0,6,1
linn|institutions of entomology being a translation of linn,1750_1799,(IA supplement),287,110,1,59,50,9,0,7,2,101,1,52,48
donovan|instructions for collecting and preserving various subjects of,1750_1799,(IA supplement),102,17,1,11,5,5,0,2,3,12,1,9,2
white|journal of a voyage to new south wales,1750_1799,(IA supplement),309,30,0,22,8,5,0,5,0,25,0,17,8
hamilton|letters concerning the natural history of the basaltes,1750_1799,(IA supplement),131,1,1,0,0,0,0,0,0,1,1,0,0
hamilton|letters concerning the northern coast of the county,1750_1799,(IA supplement),87,4,1,3,0,3,0,3,0,1,1,0,0
troil|letters on iceland containing observations on the natural,1750_1799,(IA supplement),138,11,0,11,0,7,0,7,0,4,0,4,0
sibly|magazine of natural history comprehending the whole science,1750_1799,(IA supplement),1200,189,5,158,26,59,3,54,2,130,2,104,24
thorley|enquiry into the nature order and government of,1750_1799,(IA supplement),228,37,7,30,0,25,6,19,0,12,1,11,0
adams|micrographia illustrata or the microscope explained in several,1750_1799,(IA supplement),522,112,4,87,21,24,1,15,8,88,3,72,13
smith|minor morals interspersed with sketches of natural history,1750_1799,(IA supplement),51,4,0,4,0,3,0,3,0,1,0,1,0
falconer|miscellaneous tracts and collections relating to natural history,1750_1799,(IA supplement),169,0,0,0,0,0,0,0,0,0,0,0,0
percival|moral and literary dissertations on the following subjects,1750_1799,(IA supplement),105,3,1,2,0,3,1,2,0,0,0,0,0
|natural history of birds fish insects and reptiles,1750_1799,(IA supplement),738,235,3,211,21,62,1,57,4,173,2,154,17
leclerc|natural history of birds fish insects and reptiles,1750_1799,(IA supplement),441,119,2,104,13,19,1,17,1,100,1,87,12
hunter|practical treatise on the diseases of the teeth,1750_1799,(IA supplement),61,3,0,3,0,0,0,0,0,3,0,3,0
raff|system of natural history 1796 vol 1,1750_1799,(IA supplement),849,196,13,154,29,68,6,52,10,128,7,102,19
raff|system of natural history 1796 vol 2,1750_1799,(IA supplement),1200,256,10,233,13,83,4,74,5,173,6,159,8
saunders|observations on the superior efficacy of the red,1750_1799,(IA supplement),40,0,0,0,0,0,0,0,0,0,0,0,0
trusler|on cruelty to animals 1796,1750_1799,(IA supplement),10,0,0,0,0,0,0,0,0,0,0,0,0
nicholson|on the conduct of man to inferior animals,1750_1799,(IA supplement),329,43,5,36,2,22,3,17,2,21,2,19,0
spallanzani|dissertations relative to the natural history of animals,1750_1799,(IA supplement),805,62,1,50,11,20,0,18,2,42,1,32,9
spallanzani|opuscoli di fisica animale e vegetabile english abridgments,1750_1799,(IA supplement),586,51,0,36,15,28,0,19,9,23,0,17,6
fothergill|ornithologia britannica or a list of all the,1750_1799,(IA supplement),107,5,0,5,0,4,0,4,0,1,0,1,0
berkenhout|outlines of the natural history of great britain,1750_1799,(IA supplement),1152,11,1,3,7,2,1,0,1,9,0,3,6
berkenhout|synopsis of the natural history of great britain,1750_1799,(IA supplement),318,6,0,1,5,1,0,0,1,5,0,1,4
parsons|philosophical observations on the analogy between the propagation,1750_1799,(IA supplement),283,65,31,27,7,33,21,7,5,32,10,20,2
whytt|physiological essays containing i an inquiry into the,1750_1799,(IA supplement),156,18,1,6,11,1,0,0,1,17,1,6,10
|proposals for publishing by subscription by peter hill,1750_1799,(IA supplement),12,0,0,0,0,0,0,0,0,0,0,0,0
sinclair|queries drawn up for the purpose of elucidating,1750_1799,(IA supplement),15,0,0,0,0,0,0,0,0,0,0,0,0
societyofantiquariesoflondon|queries proposed to gentlemen in the several parts,1750_1799,(IA supplement),9,0,0,0,0,0,0,0,0,0,0,0,0
nichols|queries proposed to the nobility gentry and clergy,1750_1799,(IA supplement),10,0,0,0,0,0,0,0,0,0,0,0,0
cordiner|remarkable ruins and romantic prospects of north britain,1750_1799,(IA supplement),168,7,0,7,0,7,0,7,0,0,0,0,0
warburton|remarks on mr david hume s essay on,1750_1799,(IA supplement),27,0,0,0,0,0,0,0,0,0,0,0,0
stona|remarks upon the natural history of religion by,1750_1799,(IA supplement),72,0,0,0,0,0,0,0,0,0,0,0,0
botanista|rural beauties or the natural history of the,1750_1799,(IA supplement),192,14,2,11,1,8,2,5,1,6,0,6,0
|select dissertations from the am nitates academic a,1750_1799,(IA supplement),164,7,0,5,2,4,0,2,2,3,0,3,0
home|six sketches on the history of man containing,1750_1799,(IA supplement),242,39,13,25,1,33,10,23,0,6,3,2,1
|spectacle de la nature or nature display d,1750_1799,(IA supplement),399,48,5,43,0,38,5,33,0,10,0,10,0
pluche|spectacle de la nature or nature display d,1750_1799,(IA supplement),569,120,38,80,2,56,22,32,2,64,16,48,0
shaw|speculum linnaeanum sive zoologice linnaeanae illustratio genus omne,1750_1799,(IA supplement),42,8,0,4,4,2,0,1,1,6,0,3,3
moyes|syllabus of a course of lectures on the,1750_1799,(IA supplement),14,1,0,1,0,1,0,1,0,0,0,0,0
pennant|synopsis of quadrupeds 1771,1750_1799,(IA supplement),937,88,1,77,10,10,1,9,0,78,0,68,10
pennant|history of quadrupeds 1781 vol 1,1750_1799,(IA supplement),856,69,3,58,8,28,3,22,3,41,0,36,5
pennant|history of quadrupeds 1781 vol 2,1750_1799,(IA supplement),683,74,1,67,6,19,1,18,0,55,0,49,6
maillet|telliamed english telliamed or discourses between an indian,1750_1799,(IA supplement),299,18,1,13,4,7,1,6,0,11,0,7,4
maillet|telliamed or discourses between an indian philosopher and,1750_1799,(IA supplement),332,16,3,10,3,7,3,4,0,9,0,6,3
pole|anatomical instructor or an illustration of the modern,1750_1799,(IA supplement),174,24,3,21,0,7,1,6,0,17,2,15,0
monro|anatomy of the human bones nerves and lacteal,1750_1799,(IA supplement),696,246,1,217,28,14,0,11,3,232,1,206,25
norden|antiquities natural history ruins and other curiosities of,1750_1799,(IA supplement),59,0,0,0,0,0,0,0,0,0,0,0,0
|art of making sugar under the heads of,1750_1799,(IA supplement),30,0,0,0,0,0,0,0,0,0,0,0,0
harris|aurelian or natural history of english insects namely,1750_1799,(IA supplement),368,53,7,46,0,21,1,20,0,32,6,26,0
|bird fancier s necessary companion and sure guide,1750_1799,(IA supplement),176,27,0,26,1,10,0,10,0,17,0,16,1
lewin|birds of great britain with their eggs accurately,1750_1799,(IA supplement),216,4,0,4,0,0,0,0,0,4,0,4,0
aikin|calendar of nature or youth s delightful companion,1750_1799,(IA supplement),82,9,0,8,1,6,0,5,1,3,0,3,0
rowlin|complete cow doctor or farmer s companion treating,1750_1799,(IA supplement),357,80,1,76,3,35,1,34,0,45,0,42,3
oswald|cry of nature or an appeal to mercy,1750_1799,(IA supplement),62,7,1,6,0,2,0,2,0,5,1,4,0
|emulation of the insects or a minister chosen,1750_1799,(IA supplement),19,2,0,2,0,2,0,2,0,0,0,0,0
bromwich|experienced bee keeper containing an essay on the,1750_1799,(IA supplement),128,25,0,25,0,20,0,20,0,5,0,5,0
|farmer s wife or complete country housewife containing,1750_1799,(IA supplement),144,16,0,16,0,9,0,9,0,7,0,7,0
|farmer s wife or the complete country housewife,1750_1799,(IA supplement),140,17,0,17,0,10,0,10,0,7,0,7,0
cox|fowler containing rules for taking every species of,1750_1799,(IA supplement),189,19,0,19,0,5,0,5,0,14,0,14,0
martin|general magazine of arts and sciences philosophical philological,1750_1799,(IA supplement),362,17,3,14,0,11,3,8,0,6,0,6,0
|hare or hunting incompatible with humanity written as,1750_1799,(IA supplement),10,1,0,1,0,1,0,1,0,0,0,0,0
yonge|husbandman s companion and gentleman s amusement containing,1750_1799,(IA supplement),115,19,0,19,0,4,0,4,0,15,0,15,0
lewin|insects of great britain systematically arranged accurately engraved,1750_1799,(IA supplement),290,25,0,24,1,3,0,2,1,22,0,22,0
white|natural history and antiquities of selborne in the,1750_1799,(IA supplement),718,74,3,69,2,21,0,20,1,53,3,49,1
|natural history of birds containing a variety of,1750_1799,(IA supplement),143,45,4,37,4,3,1,2,0,42,3,35,4
|natural history of birds 1791 vol 1,1750_1799,(IA supplement),298,77,6,64,7,11,1,9,1,66,5,55,6
|natural history of birds 1791 vol 2,1750_1799,(IA supplement),355,70,2,66,2,15,1,14,0,55,1,52,2
|natural history of birds 1791 vol 3,1750_1799,(IA supplement),367,82,2,77,3,16,2,13,1,66,0,64,2
|natural history of beasts compiled from the best,1750_1799,(IA supplement),499,137,5,126,6,42,4,37,1,95,1,89,5
buffon|natural history of birds from the french of,1750_1799,(IA supplement),1032,108,0,87,21,28,0,27,1,80,0,60,20
donovan|natural history of british birds or a selection,1750_1799,(IA supplement),129,3,0,2,1,0,0,0,0,3,0,2,1
hughes|natural history of barbados in ten books by,1750_1799,(IA supplement),632,104,15,81,8,38,7,29,2,66,8,52,6
jones|natural history of birds compiled from the best,1750_1799,(IA supplement),473,113,0,109,4,25,0,24,1,88,0,85,3
jones|natural history of beasts compiled from the best,1750_1799,(IA supplement),227,97,7,89,1,45,2,43,0,52,5,46,1
telltruth|natural history of birds by t tell truth,1750_1799,(IA supplement),108,17,0,16,1,0,0,0,0,17,0,16,1
hablitz|natural history of east tartary 1789,1750_1799,(IA supplement),187,10,1,8,1,6,1,5,0,4,0,3,1
martin|natural history of england or a description of,1750_1799,(IA supplement),459,23,0,22,1,11,0,11,0,12,0,11,1
|natural history of four footed beasts by t,1750_1799,(IA supplement),89,16,0,13,3,1,0,1,0,15,0,12,3
|natural history of insects compiled from swammerdam brookes,1750_1799,(IA supplement),1005,302,6,270,26,96,0,96,0,206,6,174,26
|natural history of many curious and uncommon zoophytes,1750_1799,(IA supplement),359,73,0,35,38,25,0,8,17,48,0,27,21
aikin|natural history of the year being an enlargement,1750_1799,(IA supplement),156,29,0,29,0,13,0,13,0,16,0,16,0
buffon|natural history of the horse to which is,1750_1799,(IA supplement),571,146,7,113,26,53,3,39,11,93,4,74,15
harris|natural history of the bible or a description,1750_1799,(IA supplement),455,56,4,48,4,20,2,16,2,36,2,32,2
hunter|natural history of the human teeth explaining their,1750_1799,(IA supplement),102,30,0,26,4,1,0,1,0,29,0,25,4
lettsom|natural history of the tea tree with observations,1750_1799,(IA supplement),40,0,0,0,0,0,0,0,0,0,0,0,0
williams|natural history of the mineral kingdom 1789 vol,1750_1799,(IA supplement),195,3,0,3,0,3,0,3,0,0,0,0,0
lettsom|naturalist s and traveller s companion containing instructions,1750_1799,(IA supplement),69,0,0,0,0,0,0,0,0,0,0,0,0
thompson|new and complete bird fancyer or bird fancyer,1750_1799,(IA supplement),117,9,1,8,0,4,0,4,0,5,1,4,0
smelliewilliammemberoftheroyalsocietyofedinburgh|philosophy of natural history by william smellie in,1750_1799,(IA supplement),806,299,5,237,57,136,2,104,30,163,3,133,27
smellie|philosophy of natural history by william smellie 1790,1750_1799,(IA supplement),1200,288,8,225,55,142,4,112,26,146,4,113,29
smellie|philosophy of natural history by william smellie member,1750_1799,(IA supplement),1200,369,3,318,48,184,1,160,23,185,2,158,25
neitherside|political squabble or a scramble for the loaves,1750_1799,(IA supplement),16,0,0,0,0,0,0,0,0,0,0,0,0
chnier|present state of the empire of morocco its,1750_1799,(IA supplement),163,14,0,13,1,12,0,11,1,2,0,2,0
kilner|rational brutes or talking animals by m pelham,1750_1799,(IA supplement),141,1,0,1,0,1,0,1,0,0,0,0,0
|reasonable animals a satyrical sketch as it performed,1750_1799,(IA supplement),39,0,0,0,0,0,0,0,0,0,0,0,0
|vermin killer being a compleat and necessary family,1750_1799,(IA supplement),170,8,0,8,0,2,0,2,0,6,0,6,0
peacock|visit for a week or hints on the,1750_1799,(IA supplement),139,16,5,11,0,4,1,3,0,12,4,8,0
|woody quiristers or the birds harmony in two,1750_1799,(IA supplement),15,0,0,0,0,0,0,0,0,0,0,0,0
demarvilleyoungladysintroductiontonaturalhistory|young lady s introduction to natural history 1766,1750_1799,(IA supplement),275,48,6,39,3,11,3,8,0,37,3,31,3
carver|three years travels through the interior parts of,1750_1799,(IA supplement),362,44,1,42,1,16,0,16,0,28,1,26,1
horrebov|natural history of iceland translated from the danish,1750_1799,(IA supplement),357,49,3,45,1,30,1,28,1,19,2,17,0
townson|tracts and observations in natural history and physiology,1750_1799,(IA supplement),165,41,1,33,7,8,0,7,1,33,1,26,6
smith|tracts relating to natural history by james edward,1750_1799,(IA supplement),166,15,7,6,2,5,2,2,1,10,5,4,1
faujasdestfond|travels in england scotland and the hebrides undertaken,1750_1799,(IA supplement),148,1,0,1,0,0,0,0,0,1,0,1,0
fortis|travels into dalmatia containing general observations on the,1750_1799,(IA supplement),466,27,1,26,0,16,0,16,0,11,1,10,0
ferber|travels through italy in the years 1771 and,1750_1799,(IA supplement),289,0,0,0,0,0,0,0,0,0,0,0,0
dillon|travels through spain with a view to illustrate,1750_1799,(IA supplement),330,20,1,19,0,10,1,9,0,10,0,10,0
miller|1776,1750_1799,(IA supplement),3,0,0,0,0,0,0,0,0,0,0,0,0
jones|zoologia ethica a disquisition concerning the mosaic distinction,1750_1799,(IA supplement),155,12,6,5,1,8,5,2,1,4,1,3,0
jamesedwardsmith|introductory discourse on the rise and progress of,1750_1799,(IA supplement),43,1,0,0,1,1,0,0,1,0,0,0,0
edmundlambert|iv observations relating to the migration of birds,1750_1799,(IA supplement),12,0,0,0,0,0,0,0,0,0,0,0,0
johnbrand|xvi on the latin terms used in natural,1750_1799,(IA supplement),3,0,0,0,0,0,0,0,0,0,0,0,0
thomasmarsham|xxiii observations on the insects that infested the,1750_1799,(IA supplement),28,1,0,1,0,0,0,0,0,1,0,1,0
lewin|birds of great britain systematically arranged accurately engraved,1750_1799,(IA supplement),149,13,0,11,2,0,0,0,0,13,0,11,2
thomaspennant|british zoology,1750_1799,(IA supplement),671,54,0,52,2,19,0,19,0,35,0,33,2
johntalbotdillon|travels through spain with a view to illustrate,1750_1799,(IA supplement),304,23,1,22,0,13,1,12,0,10,0,10,0
|voyage to southamerica describing at large the spanish,1750_1799,(IA supplement),330,40,0,40,0,17,0,17,0,23,0,23,0
thomaspennant|genera of birds,1750_1799,(IA supplement),212,37,0,34,3,4,0,4,0,33,0,30,3
|general natural history or new and accurate descriptions,1750_1799,(IA supplement),1200,57,0,16,41,39,0,9,30,18,0,7,11
|present state of the empire of morocco its,1750_1799,(IA supplement),85,1,0,1,0,1,0,1,0,0,0,0,0
comparisons|comparisons of structure in animals the hand and,1750_1799,(IA supplement),254,170,21,133,16,12,5,3,4,158,16,130,12
antoinefranoisdefourcroy|elements of chemistry and natural history to which,1750_1799,(IA supplement),443,93,0,48,45,30,0,15,15,63,0,33,30
georgeedwards|essays upon natural history and other miscellaneous subjects,1750_1799,(IA supplement),200,34,12,22,0,16,7,9,0,18,5,13,0
georgeedwards|gleanings of natural history exhibiting figures of quadrupeds,1750_1799,(IA supplement),631,16,0,13,3,2,0,2,0,14,0,11,3
thomasbewick|history of british birds volume 1,1750_1799,(IA supplement),460,93,6,83,4,22,2,19,1,71,4,64,3
drudrury|illustrations of natural history wherein are exhibited upwards,1750_1799,(IA supplement),386,32,0,21,11,0,0,0,0,32,0,21,11
ignazborn|john physiophilus s specimen of the natural history,1750_1799,(IA supplement),75,3,0,3,0,3,0,3,0,0,0,0,0
edwarddonovan|natural history of british insects explaining them in,1750_1799,(IA supplement),190,12,0,6,6,2,0,2,0,10,0,4,6
samuelward|natural history of fishes,1750_1799,(IA supplement),538,97,6,87,4,18,0,17,1,79,6,70,3
johnhunter|natural history of the human teeth explaining their,1750_1799,(IA supplement),146,40,0,37,3,2,0,2,0,38,0,35,3
monsherissantthostack|experiments made on a great number of living,1750_1799,(IA supplement),41,0,0,0,0,0,0,0,0,0,0,0,0
rbrocklesby|account of some experiments on the sensibility and,1750_1799,(IA supplement),10,0,0,0,0,0,0,0,0,0,0,0,0
arussel|account of four undescribed fishes of aleppo in,1750_1799,(IA supplement),13,0,0,0,0,0,0,0,0,0,0,0,0
atrembleytbirch|account of a work published in italian by,1750_1799,(IA supplement),8,0,0,0,0,0,0,0,0,0,0,0,0
makenside|observations on the origin and use of the,1750_1799,(IA supplement),7,1,0,1,0,0,0,0,0,1,0,1,0
jellis|account of the male and female cochineal insects,1750_1799,(IA supplement),9,0,0,0,0,0,0,0,0,0,0,0,0
drparsons|observations upon animals commonly called amphibious by authors,1750_1799,(IA supplement),15,10,3,7,0,4,1,3,0,6,2,4,0
|account of some peculiar advantages in the structure,1750_1799,(IA supplement),24,4,0,4,0,0,0,0,0,4,0,4,0
tharmersclark|remarks on the very different accounts that have,1750_1799,(IA supplement),26,0,0,0,0,0,0,0,0,0,0,0,0
tpennant|account of the different species of the birds,1750_1799,(IA supplement),26,5,0,4,1,1,0,0,1,4,0,4,0
whewsonwhunter|account of the lymphatic system in birds by,1750_1799,(IA supplement),15,1,0,1,0,0,0,0,0,1,0,1,0
whewsonwhunter|account of the lymphatic system in amphibious animals,1750_1799,(IA supplement),10,1,0,1,0,1,0,1,0,0,0,0,0
thodavies|letter from captain davies to john ellis esquire,1750_1799,(IA supplement),4,0,0,0,0,0,0,0,0,0,0,0,0
dcirillo|letter to dr william watson f r s,1750_1799,(IA supplement),6,0,0,0,0,0,0,0,0,0,0,0,0
tskuckhan|four letters from mr t s kuckhan to,1750_1799,(IA supplement),29,6,0,6,0,0,0,0,0,6,0,6,0
mrmullerrhabennet|observations on some bivalve insects found in common,1750_1799,(IA supplement),43,15,0,10,5,6,0,2,4,9,0,8,1
dbarrington|essay on the periodical appearing and disappearing of,1750_1799,(IA supplement),128,9,0,9,0,3,0,3,0,6,0,6,0
cgullet|letter from mr christopher gullet to matthew maty,1750_1799,(IA supplement),5,0,0,0,0,0,0,0,0,0,0,0,0
jrforster|account of the birds sent from hudson s,1750_1799,(IA supplement),127,7,0,7,0,5,0,5,0,2,0,2,0
jrforster|account of some curious fishes sent from hudson,1750_1799,(IA supplement),18,0,0,0,0,0,0,0,0,0,0,0,0
dbarrington|experiments and observations on the singing of birds,1750_1799,(IA supplement),78,4,0,4,0,2,0,2,0,2,0,2,0
jhunter|account of certain receptacles of air in birds,1750_1799,(IA supplement),12,8,0,8,0,0,0,0,0,8,0,8,0
adicquemare|second essay on the natural history of the,1750_1799,(IA supplement),98,11,0,9,2,7,0,5,2,4,0,4,0
jhunter|experiments on animals and vegetables with respect to,1750_1799,(IA supplement),27,5,0,2,3,4,0,2,2,1,0,0,1
jhunter|of the heat c of animals and vegetables,1750_1799,(IA supplement),70,2,0,1,1,1,0,0,1,1,0,1,0
afontanajparadise|experiments and observations on the inflammable air breathed,1750_1799,(IA supplement),36,0,0,0,0,0,0,0,0,0,0,0,0
afontana|account of the airs extracted from different kinds,1750_1799,(IA supplement),7,0,0,0,0,0,0,0,0,0,0,0,0
jingenhousz|improvements in electricity by john ingenhousz f r,1750_1799,(IA supplement),3,0,0,0,0,0,0,0,0,0,0,0,0
afontana|memoria sopra il veleno americano detto ticunas by,1750_1799,(IA supplement),158,0,0,0,0,0,0,0,0,0,0,0,0
tcavallo|thermometrical experiments and observations by tiberius cavallo f,1750_1799,(IA supplement),10,0,0,0,0,0,0,0,0,0,0,0,0
jrforster|natural history and description of the tyger cat,1750_1799,(IA supplement),2,0,0,0,0,0,0,0,0,0,0,0,0
jkerrjbanks|natural history of the insect which produces the,1750_1799,(IA supplement),15,0,0,0,0,0,0,0,0,0,0,0,0
acrawfordjbanks|experiments on the power that animals when placed,1750_1799,(IA supplement),28,0,0,0,0,0,0,0,0,0,0,0,0
tcavallo|account of some thermometrical experiments containing i experiments,1750_1799,(IA supplement),10,0,0,0,0,0,0,0,0,0,0,0,0
wandrejbankswherschel|description of the teeth of the anarrhichas lupus,1750_1799,(IA supplement),24,4,0,2,2,0,0,0,0,4,0,2,2
ejenner|observations on the natural history of the cuckoo,1750_1799,(IA supplement),44,11,0,11,0,6,0,6,0,5,0,5,0
ewgray|observations on the class of animals called by,1750_1799,(IA supplement),40,7,0,0,7,0,0,0,0,7,0,0,7
johnberkenhout|synopsis of the natural history of great britain,1750_1799,(IA supplement),358,9,0,1,8,1,0,0,1,8,0,1,7
roberttownson|tracts and observations in natural history and physiology,1750_1799,(IA supplement),152,38,0,33,5,10,0,8,2,28,0,25,3
pehrkalm|travels into north america containing its natural history,1750_1799,(IA supplement),337,23,0,21,2,13,0,13,0,10,0,8,2
