work_id,period_bin,year,title,sources,volumes,n_rows,n_junk,n_explanatory,n_divine_teleology,n_non_divine_teleology,n_internal_essence,below_min_explanatory
georgeedwards|natural history of uncommon birds and of some,1750_1799,1750,A Natural History of Uncommon Birds: And of Some Other Rare and Undescribed ...,IA,1,514,499,15,0,9,6,1
edwards|natural history of birds most of which have,1750_1799,1750,"A natural history of birds. Most of which have not been figur'd or describ'd, and others very little known ... Containing the figures of sixty birds and two quadrupedes, engrav'd on fifty-two copper p",IA,1,266,249,17,0,8,9,1
maillet|telliamed english telliamed or discourses between an indian,1750_1799,1750,"Telliamed. English]. Telliamed: or, discourses between an Indian philosopher, and a French missionary, on the diminution of the sea, the formation of the earth, the origin of men and animals, ... Bein",IA,1,299,281,18,1,13,4,1
maillet|telliamed or discourses between an indian philosopher and,1750_1799,1750,"Telliamed: or, discourses between an Indian philosopher and a French missionary, on the diminution of the sea, the formation of the earth, the origin of men and animals, ... Being a translation from t",IA,1,332,316,16,3,10,3,1
hughes|natural history of barbados in ten books by,1750_1799,1750,"The natural history of Barbados. In ten books. By the Reverend Mr. Griffith Hughes, ... 1750",IA,1,632,528,104,15,81,8,0
112297,1750_1799,1751,"Observations on the inhabitants, climate, soil, rivers, productions, animals, and other matters worthy of notice, made by Mr. John Bartram, in his travels from Pensilvania to Onondago, Oswego, and the",BHL,1,61,60,1,0,1,0,1
113745,1750_1799,1751,"Observations on the inhabitants, climate, soil, rivers, productions, animals, and other matters worthy of notice",BHL,1,68,67,1,0,1,0,1
hill|general natural history or new and accurate descriptions,1750_1799,1751,"A General Natural History: Or, New and Accurate Descriptions Of The Animals, Vegetables, and Minerals, Of the Different Parts of the World: With Their Virtues and Uses, as far as hitherto certainly kn",IA,1,1200,1108,92,0,13,79,0
hill|review of the works of the royal society,1750_1799,1751,"A review of the works of the Royal Society of London: containing animadversions on such of the papers as deserve particular observation ; in eight parts: under the several heads of arts, antiquities, ",IA,1,435,385,50,2,32,16,0
whytt|essay on the vital and other involuntary motions,1750_1799,1751,"An essay on the vital and other involuntary motions of animals. By Robert Whytt, M.D. ... 1751",IA,1,274,234,40,2,28,10,0
monsherissantthostack|experiments made on a great number of living,1750_1799,1751,"Experiments Made on a Great Number of Living Animals, with the Poison of Lamas, and of Ticunas, by Mons. Herissant, Doctor of Physic, and F. R. S. Translated from the French, by Tho. Stack, M. D.",IA,1,41,41,0,0,0,0,1
149604,1750_1799,1752,"An history of animals : containing descriptions of the birds, beasts, fishes, and insects, of the several parts of the world, and including accounts of the several classes of animalcules, visible only",BHL,1,1200,1046,154,0,85,69,0
dodd|essay towards a natural history of the herring,1750_1799,1752,"An essay towards a natural history of the herring. By James Solas Dodd, ... 1752",IA,1,178,169,9,3,6,0,1
parsons|philosophical observations on the analogy between the propagation,1750_1799,1752,"Philosophical observations on the analogy between the propagation of animals and that of vegetables: in which are answered some objections against the indivisibility of the soul, ... With an explanati",IA,1,283,218,65,31,27,7,0
|art of making sugar under the heads of,1750_1799,1752,"The Art of making sugar: under the heads of I. The natural history of the sugar-cane. II. The culture of the sugar-cane. ... With an appendix containing The art of fermenting and distilling melasses, ",IA,1,30,30,0,0,0,0,1
boreman|description of three hundred animals viz beasts birds,1750_1799,1753,"A description of three hundred animals, viz. beasts, birds, fishes, serpents, and insects. With a particular account of the manner of their catching of whales in Greenland. Extracted from the best aut",IA,1,573,495,78,0,70,8,0
10313,1750_1799,1754,"The natural history of Carolina, Florida, and the Bahama Islands: containing the figures of birds, beasts, fishes, serpents, insects, and plants: particularly the forest-trees, shrubs, and other plant",BHL,1,555,469,86,2,80,4,0
albin|natural history of singing birds and particularly that,1750_1799,1754,"A natural history of singing birds; and particularly, that species of them most commonly bred in Scotland. ... By a lover of birds. 1754",IA,1,214,178,36,4,29,3,0
societyofantiquariesoflondon|queries proposed to gentlemen in the several parts,1750_1799,1754,"Queries proposed to gentlemen in the several parts of Great Britain, in hope of obtaining, from their answers, a better knowledge of its antiquities and natural history. 1754",IA,1,9,9,0,0,0,0,1
|emulation of the insects or a minister chosen,1750_1799,1754,"The emulation of the insects: or, a minister chosen. A fable. ... 1754",IA,1,19,17,2,0,2,0,1
192847,1750_1799,1755,"An essay towards a natural history of the corallines, and other marine productions of the like kind : commonly found on the coasts of Great Britain and Ireland. To which is added the description of a ",BHL,1,209,169,40,0,27,13,0
220027,1750_1799,1755,"An essay towards a natural history of the corallines, and other marine productions of the like kind, commonly found on the coasts of Great Britain and Ireland",BHL,1,239,199,40,0,23,17,0
whytt|physiological essays containing i an inquiry into the,1750_1799,1755,"Physiological essays, containing, I. An inquiry into the causes which promote the circulation of the fluids in the very small vessels of animals ... 1755",IA,1,156,138,18,1,6,11,1
martin|general magazine of arts and sciences philosophical philological,1750_1799,1755,"The general magazine of arts and sciences, philosophical, philological, mathematical, and mechanical: under the following heads, viz. I. The young gentlemen's and ladies philosophy; ... II. The natura",IA,1,362,345,17,3,14,0,1
rbrocklesby|account of some experiments on the sensibility and,1750_1799,1755,"An Account of Some Experiments on the Sensibility and Irritability of the Several Parts of Animals; In a Letter from Richard Brocklesby, M. D. F. R. S. to the Reverend Thomas Birch, D. D. Secr. R. S.",IA,1,10,10,0,0,0,0,1
arussel|account of four undescribed fishes of aleppo in,1750_1799,1755,"An Account of Four Undescribed Fishes of Aleppo; In a Letter to Mr. Peter Collinson, F.R.S. by Alexander Russel, M.D.",IA,1,13,13,0,0,0,0,1
atrembleytbirch|account of a work published in italian by,1750_1799,1755,"An Account of a Work Published in Italian by Vitaliano Donati, M. D. Containing, An Essay towards a Natural History of the Adriatic Sea: By Mr. Abraham Trembley, F. R. S. Translated from the French, b",IA,1,8,8,0,0,0,0,1
|compendium of authentic and entertaining voyages digested in,1750_1799,1756,"A compendium of authentic and entertaining voyages, digested in a chronological series. The whole exhibiting a clear view of the customs, manners, religion, government, commerce, and natural history o",IA,1,188,180,8,0,8,0,1
mendesdacosta|natural history of fossils 1 1,1750_1799,1757,"A Natural History Of Fossils. 1,1",IA,1,597,589,8,0,0,8,1
emanuelmendesdacosta|natural history of fossils,1750_1799,1757,A Natural History of Fossils,IA,1,623,619,4,0,1,3,1
|compendium of the most approved modern travels containing,1750_1799,1757,"A compendium of the most approved modern travels. Containing a distinct account of the religion, government, commerce, manners, and natural history of several nations. ... 1757: Vol 2",IA,1,183,163,20,0,20,0,1
mendesdacosta|natural history of fossils by emanuel mendes da,1750_1799,1757,"A natural history of fossils. By Emanuel Mendes da Costa, ... Vol. I. Part I. 1757",IA,1,609,600,9,0,4,5,1
haller|second dissertation on the motion of the blood,1750_1799,1757,"A second dissertation on the motion of the blood, and effects on [sic] bleeding; being a collection of two hundred thirty-five anatomical experiments made on living animals, ... By ... Dr. Albert Hall",IA,1,355,351,4,0,2,2,1
hume|four dissertations i the natural history of religion,1750_1799,1757,"Four dissertations. I. The natural history of religion. II. Of the passions. III. Of tragedy. IV. Of the standard of taste. By David Hume, esq. 1757",IA,1,103,103,0,0,0,0,1
warburton|remarks on mr david hume s essay on,1750_1799,1757,Remarks on Mr. David Hume's Essay on the natural history of religion: addressed to the Rev. Dr. Warburton. 1757,IA,1,27,27,0,0,0,0,1
botanista|rural beauties or the natural history of the,1750_1799,1757,"Rural beauties; or, the natural history of the four following western counties, viz. Cornwall, Devonshire, Dorsetshire, and Somersetshire. With additional remarks. 1757",IA,1,192,178,14,2,11,1,1
|spectacle de la nature or nature display d,1750_1799,1757,"Spectacle de la nature: or, nature display'd. Being discourses on such particulars of natural history as were thought most proper to exciste the curiosity, and form the minds of youth. Illustrated wit",IA,1,399,351,48,5,43,0,0
pluche|spectacle de la nature or nature display d,1750_1799,1757,"[Spectacle de la nature. English]. Spectacle de la nature: or, nature display'd. Being discourses on such particulars of natural history ... Vol. III. The eighth edition, revised and corrected. 1757",IA,1,569,449,120,38,80,2,0
makenside|observations on the origin and use of the,1750_1799,1757,"Observations on the Origin and Use of the Lymphatic Vessels of Animals: Being an Extract from the Gulstonian Lectures, Read in the Theatre of the College of Physicians of London, in June 1755. By Mark",IA,1,7,6,1,0,1,0,1
153666,1750_1799,1758,"Gleanings of natural history : exhibiting figures of quadrupeds, birds, insects, plants &c., most of which have not, till now, been either figured or described : with descriptions of seventy different",BHL,4,2371,2227,144,20,105,19,0
120028,1750_1799,1758,"The natural history of Cornwall : The air, climate, waters, rivers, lakes, sea and tides; of the stones, semimetals, metals, tin, and the manner of mining; the constitution of the stannaries, iron, co",BHL,1,538,461,77,7,66,4,0
193491,1750_1799,1758,"The book of nature, or, The history of insects : reduced to distinct classes, confirmed by particular instances, displayed in the anatomical analysis of many species : and illustrated with copper-plat",BHL,1,1200,840,360,31,258,71,0
horrebov|natural history of iceland,1750_1799,1758,The natural history of Iceland,IA,1,263,220,43,7,36,0,0
stona|remarks upon the natural history of religion by,1750_1799,1758,"Remarks upon The natural history of religion by Mr. Hume. With dialogues on heathen idolatry, and the Christian religion. By S. T. 1758",IA,1,72,72,0,0,0,0,1
horrebov|natural history of iceland translated from the danish,1750_1799,1758,[Tillforladelige Efterretninger om Island]. The natural history of Iceland: ... Translated from the Danish original of Mr. N. Horrebow. And illustrated with a new general map of the island. 1758,IA,1,357,308,49,3,45,1,0
|voyage to southamerica describing at large the spanish,1750_1799,1758,"A voyage to SouthAmerica describing at large The spanish cities towns, provinces &c. on that extensive continent, interspersed throughout with reflections on the genius, customs, manners and trade of ",IA,1,330,290,40,0,40,0,0
venegas|natural and civil history of california containing an,1750_1799,1759,"A Natural and Civil History of California: Containing An accurate Description of that Country, Its Soil, Mountains, Harbours, Lakes, Rivers and Seas, its Animals, Vegetables, Minerals and famous Fishe",IA,1,110,106,4,0,4,0,1
eleazaralbin|natural history of english song birds and such,1750_1799,1759,A Natural History of English Song-birds: And Such of the Foreign as are Usually Brought Over and ...,IA,1,138,110,28,0,27,1,1
martin|natural history of england or a description of,1750_1799,1759,"The natural history of England; or, a description of each particular county, ... Illustrated by a map of each county, ... By Benjamin Martin. 1759: Vol 1",IA,1,459,436,23,0,22,1,1
|bird fancier s necessary companion and sure guide,1750_1799,1760,"The bird-fancier's necessary companion and sure guide; being an easy way of breeding canary birds, and the best method of chusing and keeping them, both for breeding and song. Adorned with cuts. 1760",IA,1,176,149,27,0,26,1,1
|woody quiristers or the birds harmony in two,1750_1799,1760,"The woody quiristers; or, the birds harmony. In two parts. ... Tune, The bird-catcher's delight. Enter'd according to order. 1760",IA,1,15,15,0,0,0,0,1
jellis|account of the male and female cochineal insects,1750_1799,1761,"An Account of the Male and Female Cochineal Insects, That Breed on the Cactus Opuntia, or Indian Fig, in South Carolina and Georgia: In a Letter from John Ellis, Esq; to Peter Wych, Esq;",IA,1,9,9,0,0,0,0,1
buffon|natural history of the horse to which is,1750_1799,1762,"The natural history of the horse. To which is added that of the ass, bull, cow, ox, sheep, goat, and swine. ... Translated from the French of the celebrated M. de Buffon. 1762",IA,1,571,425,146,7,113,26,0
brookes|new accurate system of natural history 1763 vol,1750_1799,1763,A New Accurate System of Natural History 1763: Vol 4,IA,1,942,776,166,1,147,18,0
brookes|new and accurate system of natural history 1763,1750_1799,1763,A New and Accurate System of Natural History 1763: Vol 2,IA,1,1063,1001,62,0,59,3,0
roberts|account of the first discovery and natural history,1750_1799,1763,"An account of the first discovery, and natural history of Florida. With a particular detail of the several expeditions and descents made on that coast. Collected from the best authorities by William R",IA,1,147,144,3,0,3,0,1
|curious and authentic memoirs concerning a late peace,1750_1799,1763,"Curious and authentic memoirs concerning a late peace, concluded between the rooks and jackdaws. Extracted from the general history of the annual assembly of birds, and other undoubted authorities. 17",IA,1,87,84,3,0,3,0,1
|england illustrated or a compendium of the natural,1750_1799,1764,"England illustrated, or, a compendium of the natural history, geography, topography, and antiquities ecclesiastical and civil, of England and Wales. With maps of the several counties, and engravings .",IA,1,398,389,9,0,9,0,1
georgeedwards|gleanings of natural history exhibiting figures of quadrupeds,1750_1799,1764,"Gleanings of Natural History: Exhibiting Figures of Quadrupeds, Birds, Insects, Plants, Etc ...",IA,1,631,615,16,0,13,3,1
fenning|new system of geography or a general description,1750_1799,1765,"A new system of geography, or a general description of the world: containing a particular and circumstantial account of all the countries, kingdoms and states of Europe, Asia, Africa and America, thei",IA,1,1200,1075,125,7,114,4,0
thorley|enquiry into the nature order and government of,1750_1799,1765,"[Melisselogia]. An enquiry into the nature, order, and government of bees, those instructive and useful insects. ... by the Reverend Mr. John Thorley, of Oxon. - The second - edition. Illustrated with",IA,1,228,191,37,7,30,0,0
|vermin killer being a compleat and necessary family,1750_1799,1765,"The vermin-killer: being a compleat and necessary family-book. Shewing a ready way to destroy adders, badgers, birds, of all sorts, earwigs ... 1765",IA,1,170,162,8,0,8,0,1
155808,1750_1799,1766,"The British zoology. instituted for the promoting useful charities, and the knowledge of nature, among the descendants of the ancient Britons.... Class I, Quadrupeds",BHL,1,959,827,132,5,111,16,0
goldsmith|compendium of authentic and entertaining voyages digested in,1750_1799,1766,"A compendium of authentic and entertaining voyages, digested in a chronological series. The whole exhibiting a clear view of the customs, manners, religion, government, commerce, and natural history o",IA,1,195,190,5,0,5,0,1
charlevoix|voyage to north america undertaken by command of,1750_1799,1766,A voyage to North-America: undertaken by command of the present King of France. Containing the geographical description and natural history of Canada and Louisiana. ... By Father Charlevoix. ... In tw,IA,1,388,348,40,4,35,1,0
mills|essay on the management of bees wherein is,1750_1799,1766,An essay on the management of bees. Wherein is shewn the method of rearing those useful insects; and that the practice of saving their lives when their honey and wax are taken from them was known to t,IA,1,342,296,46,2,44,0,0
harris|aurelian or natural history of english insects namely,1750_1799,1766,"The Aurelian: or, natural history of English insects; namely, moths and butterflies. 1766",IA,1,368,315,53,7,46,0,0
demarvilleyoungladysintroductiontonaturalhistory|young lady s introduction to natural history 1766,1750_1799,1766,The Young Lady's introduction [sic] to natural history 1766,IA,1,275,227,48,6,39,3,0
drparsons|observations upon animals commonly called amphibious by authors,1750_1799,1766,"Observations upon Animals, Commonly Called Amphibious by Authors. Presented by Dr. Parsons, F. R. S.",IA,1,15,5,10,3,7,0,1
|account of some peculiar advantages in the structure,1750_1799,1766,"An Account of Some Peculiar Advantages in the Structure of the Asperae Arteriae, or Wind Pipes, of Several Birds, and in the Land-Tortoise",IA,1,24,20,4,0,4,0,1
yonge|husbandman s companion and gentleman s amusement containing,1750_1799,1767,"The husbandman's companion; and gentleman's amusement. Containing a cheap, easy and effectual method of curing the several disorders incident to horses, ... singing-birds, &c. With their nature and pr",IA,1,115,96,19,0,19,0,1
tharmersclark|remarks on the very different accounts that have,1750_1799,1767,"Remarks on the Very Different Accounts That Have Been Given of the Fecundity of Fishes, with Fresh Observations on That Subject: By Mr. Thomas Harmer; Communicated by Samuel Clark, Esq; F. R. S.",IA,1,26,26,0,0,0,0,1
195273,1750_1799,1768,"The universal directory for taking alive and destroying rats, and all other kinds of four-footed and winged vermin",BHL,1,113,85,28,0,28,0,1
pennant|british zoology 1,1750_1799,1768,British zoology. 1,IA,1,631,525,106,7,95,4,0
pennant|british zoology 2,1750_1799,1768,British zoology. 2,IA,1,602,537,65,0,59,6,0
pennant|british zoology 3,1750_1799,1768,British zoology. 3,IA,1,678,608,70,4,33,33,0
|wonders of nature and art being an account,1750_1799,1768,"The wonders of nature and art: being an account of whatever is most curious and remarkable throughout the world; wether relating to its animals ... or, to the buildings ... and discoveries of its inha",IA,1,420,367,53,4,47,2,0
pennant|british zoology 1768 vol 1,1750_1799,1768,British zoology... 1768: Vol 1,IA,1,455,393,62,4,56,2,0
pennant|british zoology 1768 vol 2,1750_1799,1768,British zoology... 1768: Vol 2,IA,1,578,520,58,0,50,8,0
tpennant|account of the different species of the birds,1750_1799,1768,"Account of the Different Species of the Birds, Called Pinguins, by Thomas Pennant, Esquire, F. R. S.",IA,1,26,21,5,0,4,1,1
whewsonwhunter|account of the lymphatic system in birds by,1750_1799,1768,"An Account of the Lymphatic System in Birds; By Mr. William Hewson, Reader in Anatomy: In a Letter to William Hunter, M. D. F. R. S. and by Him Communicated to the Society",IA,1,15,14,1,0,1,0,1
153157,1750_1799,1769,Indian zoology,BHL,1,53,47,6,2,4,0,1
bancroft|essay on the natural history of guiana in,1750_1799,1769,An Essay on the natural history of Guiana ... in South America ...,IA,1,266,230,36,4,30,2,0
wallis|natural history and antiquities of northhumberland and of,1750_1799,1769,"The Natural History And Antiquities Of Northhumberland: And of so much of the County of Durham A lies between the Rivers Tyne and Tweed; Commonly Called, North Bishoprick. In Two Volumes. 1",IA,1,639,597,42,2,34,6,0
bondt|account of the diseases natural history and medicines,1750_1799,1769,"An account of the diseases, natural history and medicines of the East Indies",IA,1,123,116,7,0,7,0,1
thomasboreman|description of three hundred animals viz beasts birds,1750_1799,1769,"A Description of Three Hundred Animals,: Viz. Beasts, Birds, Fishes ...",IA,1,281,238,43,1,36,6,0
lewis|experimental history of the materia medica or of,1750_1799,1769,"An experimental history of the materia medica, or of the natural and artificial substances made use of in medicine: containing a compendious view of their natural history, ... 1769: Vol 2",IA,1,301,295,6,0,5,1,1
pennant|british zoology 1769 vol 3,1750_1799,1769,British zoology... 1769: Vol 3,IA,1,817,750,67,2,46,19,0
bontius|account of the diseases natural history and medicines,1750_1799,1769,"[Historiae naturalis et medicae Indiae orientalis libri sex. English]. An account of the diseases, natural history, and medicines of the East Indies. 1769",IA,1,121,119,2,0,2,0,1
berkenhout|outlines of the natural history of great britain,1750_1799,1769,Outlines of the natural history of Great Britain and Ireland. 1769: Vol 1,IA,1,1152,1141,11,1,3,7,1
whewsonwhunter|account of the lymphatic system in amphibious animals,1750_1799,1769,"An Account of the Lymphatic System in Amphibious Animals. By Mr. William Hewson, Lecturer in Anatomy: In a Letter to William Hunter, M. D. F. R. S. and by Him Communicated to the Society",IA,1,10,9,1,0,1,0,1
65766,1750_1799,1770,"Illustrations of natural history. Wherein are exhibited upwards of two hundred and forty figures of exotic insects, according to their differt genera ... With a particular description of each insect: ",BHL,4,1730,1593,137,11,86,40,0
edwards|essays upon natural history,1750_1799,1770,Essays upon natural history ...,IA,1,199,170,29,10,17,2,1
pennant|british zoology 1770 vol 4,1750_1799,1770,British zoology... 1770: Vol 4,IA,1,138,135,3,0,3,0,1
fordyce|elements of the practice of physic part 11,1750_1799,1770,"[Elements of the practice of physic. Part 11. Elements of the practice of physic. Part the first. Containing the natural history of the human body. By George Fordyce, ... 1770",IA,1,34,30,4,0,4,0,1
caverhill|experiments on the cause of heat in living,1750_1799,1770,"Experiments on the cause of heat in living animals, and velocity of the nervous fluid. By John Caverhill, ... 1770",IA,1,51,51,0,0,0,0,1
georgeedwards|essays upon natural history and other miscellaneous subjects,1750_1799,1770,"Essays Upon Natural History, and Other Miscellaneous Subjects,",IA,1,200,166,34,12,22,0,0
thodavies|letter from captain davies to john ellis esquire,1750_1799,1770,"A Letter from Captain Davies to John Ellis, Esquire, F. R. S. on a Method of Preparing Birds for Preservation",IA,1,4,4,0,0,0,0,1
dcirillo|letter to dr william watson f r s,1750_1799,1770,"A Letter to Dr. William Watson, F. R. S. Giving Some Account of the Manna Tree, and of the Tarantula: By Dominico Cirillo, M. D. Professor of Natural History at the University of Naples",IA,1,6,6,0,0,0,0,1
tskuckhan|four letters from mr t s kuckhan to,1750_1799,1770,"Four Letters from Mr. T. S. Kuckhan, to the President and Members of the Royal Society, on the Preservation of Dead Birds",IA,1,29,23,6,0,6,0,1
58835,1750_1799,1771,"The natural history of Carolina, Florida, and the Bahama Islands : containing the figures of birds, beasts, fishes, serpents, insects, and plants : particularly, those not hitherto described, or incor",BHL,2,1709,1485,224,12,208,4,0
149997,1750_1799,1771,"Micrographia illustrata: or, The microscope explained ... Likewise, a natural history of aerial, terrestrial, and aquatic animals, &c., considered as microscopic objects",BHL,1,534,429,105,5,88,12,0
brookes|new and accurate system of natural history 1771,1750_1799,1771,A new and accurate system of natural history. 1771: Vol 2,IA,1,1200,1043,157,0,133,24,0
|new lottery book of birds and beasts for,1750_1799,1771,"A new lottery book of birds and beasts, for children to learn their letters by as soon as they can speak. 1771",IA,1,5,5,0,0,0,0,1
hewson|experimental inquiry into the properties of the blood,1750_1799,1771,"An experimental inquiry into the properties of the blood. With remarks on some of its morbid apperances: and an appendix, relating to the discovery of the lymphatic system in birds, fish, and the anim",IA,1,98,96,2,0,1,1,1
fordyce|elements of the practice of physic in two,1750_1799,1771,"Elements of the practice of physic, in two parts. Part I. containing, The natural history of the human body. Part II. the history and methods of treating fevers, ... 1771",IA,1,72,66,6,0,3,3,1
adams|micrographia illustrata or the microscope explained in several,1750_1799,1771,"Micrographia illustrata: or, the microscope explained, in several new inventions, ... Likewise a natural history ... By George Adams, ... 1771",IA,1,522,410,112,4,87,21,0
pennant|synopsis of quadrupeds 1771,1750_1799,1771,Synopsis of quadrupeds 1771,IA,1,937,849,88,1,77,10,0
hunter|natural history of the human teeth explaining their,1750_1799,1771,"The natural history of the human teeth: explaining their structure, use, formation, growth, and diseases. Illustrated with copper-plates. By John Hunter, ... 1771",IA,1,102,72,30,0,26,4,0
jones|zoologia ethica a disquisition concerning the mosaic distinction,1750_1799,1771,"Zoologia ethica A disquisition concerning the Mosaic distinction of animals into clean and unclean. ... By William Jones, ... 1771",IA,1,155,143,12,6,5,1,1
mrmullerrhabennet|observations on some bivalve insects found in common,1750_1799,1771,"Observations on Some Bivalve Insects, Found in Common Water, by Mr. Muller, of the New Academy of Sciences in Bavaria, and the Oeconomical Society at Bern; Communicated by R. H. A. Bennet, Esq; F. R. ",IA,1,43,28,15,0,10,5,1
pehrkalm|travels into north america containing its natural history,1750_1799,1771,Travels Into North America: Containing Its Natural History ... with the ...,IA,1,337,314,23,0,21,2,1
lettsom|natural history of the tea tree,1750_1799,1772,The natural history of the tea-tree,IA,1,42,42,0,0,0,0,1
johnrutty|essay towards a natural history of the county,1750_1799,1772,"An essay towards a natural history of the county of Dublin, accommodated to ...",IA,1,150,146,4,0,4,0,1
brookes|new accurate system of natural history 1772 vol,1750_1799,1772,A New Accurate System of Natural History 1772: Vol 5,IA,1,370,363,7,1,0,6,1
brookes|new and accurate system of natural history 1772,1750_1799,1772,A new and accurate system of natural history. 1772: Vol 6,IA,1,362,357,5,0,3,2,1
bladh|fundamenta entomologiae or an introduction to the knowledge,1750_1799,1772,"Fundamenta entomologiae: or, an introduction to the knowledge of insects. Being a translation of the fundamenta entomologiae of Linnaeus, farther illustrated with copper plates and additions by W. Cur",IA,1,104,79,25,1,13,11,1
lettsom|natural history of the tea tree with observations,1750_1799,1772,"The natural history of the tea-tree, with observations on the medical qualities of tea, and effects of tea-drinking. By John Coakley Lettsom, ... 1772",IA,1,40,40,0,0,0,0,1
lettsom|naturalist s and traveller s companion containing instructions,1750_1799,1772,"The naturalist's and traveller's companion. Containing instructions for discovering and preserving objects of natural history, under the following heads: ... 1772",IA,1,69,69,0,0,0,0,1
dbarrington|essay on the periodical appearing and disappearing of,1750_1799,1772,"An Essay on the Periodical Appearing and Disappearing of Certain Birds, at Different Times of the Year. In a Letter from the Honourable Daines Barrington, Vice-Pres. R. S. to William Watson, M. D. F. ",IA,1,128,119,9,0,9,0,1
cgullet|letter from mr christopher gullet to matthew maty,1750_1799,1772,"A Letter from Mr. Christopher Gullet to Matthew Maty, M. D. Sec. R. S. on the Effects of Elder, in Preserving Growing Plants from Insects and Flies",IA,1,5,5,0,0,0,0,1
jrforster|account of the birds sent from hudson s,1750_1799,1772,"An Account of the Birds Sent from Hudson's Bay; With Observations Relative to Their Natural History; And Latin Descriptions of Some of the Most Uncommon. By J. R. Forster, F. R. S.",IA,1,127,120,7,0,7,0,1
pennant|genera of birds,1750_1799,1773,Genera of birds,IA,1,222,185,37,0,34,3,0
linn|institutions of entomology being a translation of linn,1750_1799,1773,"Institutions of entomology: being a translation of Linnæus's Ordines et genera insectorum; or, systematic arrangement of insects. Collated with the different systems of Geoffroy, Schæffer and Scopoli;",IA,1,287,177,110,1,59,50,0
neitherside|political squabble or a scramble for the loaves,1750_1799,1773,"The political squabble; or, a scramble for the loaves and fishes. A poetical essay: (partly in hudibrastic verse,) adapted to the public characters of our statesmen in general, from the demise of his ",IA,1,16,16,0,0,0,0,1
thomaspennant|genera of birds,1750_1799,1773,Genera of Birds,IA,1,212,175,37,0,34,3,0
|general natural history or new and accurate descriptions,1750_1799,1773,"A General Natural History Or, New and Accurate Descriptions of the Animals, Vegetables, and Minerals of the Various Parts of the World; with the Virtues, and Uses, in Medecine and Mechanics ... by Joh",IA,1,1200,1143,57,0,16,41,0
drudrury|illustrations of natural history wherein are exhibited upwards,1750_1799,1773,Illustrations of Natural History.: Wherein are Exhibited Upwards of Two Hundred and Forty ...,IA,1,386,354,32,0,21,11,0
jrforster|account of some curious fishes sent from hudson,1750_1799,1773,"An Account of Some Curious Fishes, Sent from Hudson's Bay; By Mr. John Reinhold Forster, F. R. S. in a Letter to Thomas Pennant, Esq; F. R. S.",IA,1,18,18,0,0,0,0,1
dbarrington|experiments and observations on the singing of birds,1750_1799,1773,"Experiments and Observations on the Singing of Birds, by the Hon. Daines Barrington, Vice Pres. R. S. In a Letter to Mathew Maty, M. D. Sec. R. S.",IA,1,78,74,4,0,4,0,1
rush|oration delivered february 4 1774 before the american,1750_1799,1774,"An oration delivered February 4, 1774, before the American Philosophical Society, held at Philadelphia. Containing, an enquiry into the natural history of medicine among the indians in North-America. ",IA,1,49,44,5,0,5,0,1
jhunter|account of certain receptacles of air in birds,1750_1799,1774,"An Account of Certain Receptacles of Air, in Birds, Which Communicate with the Lungs, and are Lodged Both among the Fleshy Parts and in the Hollow Bones of Those Animals. By John Hunter, F. R. S.",IA,1,12,4,8,0,8,0,1
romans|concise natural history of east and west florida,1750_1799,1775,A concise natural history of East and West Florida; ... 1775,IA,1,317,299,18,1,17,0,1
ward|modern system of natural history containing accurate descriptions,1750_1799,1775,"A modern system of natural history. Containing accurate descriptions, and faithful histories, of animals, vegetables, and minerals. ... By the Rev. Samuel Ward, ... 1775: Vol 2",IA,1,331,259,72,2,60,10,0
hayes|natural history of british birds c with their,1750_1799,1775,"A natural history of British birds, &c. with their portraits, accurately drawn, and beautifully coloured from nature, by Mr. Hayes. 1775",IA,1,84,68,16,0,15,1,1
monro|essay on comparative anatomy the second edition 1775,1750_1799,1775,An essay on comparative anatomy. The second edition. 1775,IA,1,191,97,94,2,85,7,0
hunter|experiments on animals and vegetables with respect to,1750_1799,1775,"Experiments on animals and vegetables, with respect to the power of producing heat. By John Hunter, F.R.S. Read at the Royal Society, June 22, 1775. 1775",IA,1,24,19,5,0,1,4,1
pontoppidan|natural history of norway in two parts translated,1750_1799,1775,"[Forste forsog paa Norges naturlige historie]. The natural history of Norway: ... In two parts Translated from the Danish original of the Right Revd. Erich Pontoppidan, ... Illustrated with copper pla",IA,1,1156,1006,150,32,109,9,0
buffon|natural history of animals vegetables and minerals with,1750_1799,1775,"[Histoire naturelle. English]. The natural history of animals, vegetables, and minerals; with the theory of the earth in general. Translated from the French of Count de Buffon. ... By W. Kenrick, L.L.",IA,1,505,349,156,4,109,43,0
samuelward|natural history of fishes,1750_1799,1775,Natural history of fishes,IA,1,538,441,97,6,87,4,0
adicquemare|second essay on the natural history of the,1750_1799,1775,"A Second Essay on the Natural History of the Sea Anemonies. By the Abbe Dicquemare, Member of Several Academies, and Professor of Natural Philosophy, &c. at Havre de Grace. Translated from the French",IA,1,98,87,11,0,9,2,1
jhunter|experiments on animals and vegetables with respect to,1750_1799,1775,"Experiments on Animals and Vegetables, with Respect to the Power of Producing Heat. By John Hunter, F. R. S.",IA,1,27,22,5,0,2,3,1
humphreyprimatt|dissertation on the duty of mercy and sin,1750_1799,1776,A Dissertation on the Duty of Mercy and Sin of Cruelty to Brute Animals,IA,1,265,233,32,21,9,2,0
|british zoology fourth edition 1776 vol 3,1750_1799,1776,British Zoology. ... - Fourth edition. 1776: Vol 3,IA,1,1002,926,76,5,50,21,0
|british zoology fourth edition 1776 vol 1,1750_1799,1776,British zoology.... - Fourth edition. 1776: Vol 1,IA,1,1036,910,126,7,115,4,0
|british zoology fourth edition 1776 vol 2,1750_1799,1776,British zoology.... - Fourth edition. 1776: Vol 2,IA,1,716,649,67,0,57,10,0
home|six sketches on the history of man containing,1750_1799,1776,"Six sketches on the history of man. Containing, the progress of men as individuals. ... With an appendix, concerning, the propagation of animals, and the ... 1776",IA,1,242,203,39,13,25,1,0
ferber|travels through italy in the years 1771 and,1750_1799,1776,"Travels through Italy, in the years 1771 and 1772. Described in a series of letters to Baron Born, on the natural history, particularly the mountains and volcanos of that country, by John James Ferber",IA,1,289,289,0,0,0,0,1
miller|1776,1750_1799,1776,"[Various subjects of natural history wherein are delineated birds, animals, and many curious plants: with the parts of fructification of each plant, all of which are drawn and coloured from nature.] 1",IA,1,3,3,0,0,0,0,1
thomaspennant|british zoology,1750_1799,1776,British Zoology,IA,1,671,617,54,0,52,2,0
nimmo|general history of stirlingshire containing an account of,1750_1799,1777,"A general History of Stirlingshire: containing an Account of the ancient Monuments and most important and curious Transactions in that Shire, from the Roman Invasion of Scotland to the Present Times ;",IA,1,147,142,5,0,5,0,1
johnaikin|essay on the application of natural history to,1750_1799,1777,An Essay on the Application of Natural History to Poetry,IA,1,84,79,5,0,5,0,1
johnaitkin|essay on the application of natural history to,1750_1799,1777,An Essay on the Application of Natural History to Poetry,IA,1,134,129,5,0,5,0,1
carter|journey from gibraltar to malaga with a view,1750_1799,1777,"A journey from Gibraltar to Malaga; with a view of that garrison and its environs; a particular account of the towns in the Hoya of Malaga; the antient and natural history of those cities, of the coas",IA,1,75,73,2,0,2,0,1
aikin|essay on the application of natural history to,1750_1799,1777,An essay on the application of natural history to poetry. By J. Aikin. 1777,IA,1,130,126,4,0,4,0,1
|beauties of natural history or elements of zoography,1750_1799,1777,"Beauties of natural history; or, elements of zoography. ... With a preliminary essay, on the pleasure and advantage of this science. The whole illustrated by ... copper-plates, ... 1777",IA,1,984,745,239,9,214,16,0
|british zoology fourth edition 1777 vol 4,1750_1799,1777,British zoology.... - Fourth edition. 1777: Vol 4,IA,1,391,362,29,1,17,11,1
hewson|experimental inquiries part the third containing a description,1750_1799,1777,"Experimental inquiries: part the third. Containing a description of the red particles of the blood in the human subject and in other animals, with an account of the structure and offices of the lympha",IA,1,86,71,15,1,13,1,1
forster|observations made during a voyage round the world,1750_1799,1778,"Observations made during a voyage round the world, on physical geography, natural history, and ethic philosophy ...",IA,1,504,445,59,0,52,7,0
|observations made during a voyage round the world,1750_1799,1778,"Observations made during a voyage round the world [in H.M.S. Resolution] on physical geography, natural history, and ethic philosophy, especially on. 1, The Earth and its strata . 2, Water and the oce",IA,1,460,392,68,2,60,6,0
hunter|practical treatise on the diseases of the teeth,1750_1799,1778,"[Natural history of the human teeth. Part 2]. A practical treatise on the diseases of the teeth; intended as a supplement to the Natural history of those parts. By John Hunter, ... 1778",IA,1,61,58,3,0,3,0,1
telltruth|natural history of birds by t tell truth,1750_1799,1778,The natural history of birds. By T. Tell truth. Embellished with curious cuts. 1778,IA,1,108,91,17,0,16,1,1
fortis|travels into dalmatia containing general observations on the,1750_1799,1778,"Travels into Dalmatia; containing general observations on the natural history of that country and the neighbouring islands; ... in a series of letters from Abbe Alberto Fortis, to the Earl of Bute, th",IA,1,466,439,27,1,26,0,1
johnhunter|natural history of the human teeth explaining their,1750_1799,1778,"The Natural History of the Human Teeth: Explaining Their Structure, Use, Formation, Growth, and ...",IA,1,146,106,40,0,37,3,0
jhunter|of the heat c of animals and vegetables,1750_1799,1778,"Of the Heat, &c. of Animals and Vegetables. By Mr. John Hunter, F. R. S.",IA,1,70,68,2,0,1,1,1
albin|natural history of english song birds including such,1750_1799,1779,"A natural history of English song-birds, including such foreign birds as are usually brought over and esteamed for their singing: ... by Mr. Eleazar Albin,.. 1779",IA,1,168,148,20,1,17,2,1
afontanajparadise|experiments and observations on the inflammable air breathed,1750_1799,1779,"Experiments and Observations on the Inflammable Air Breathed by Various Animals. By the Abbe Fontana, Director of the Cabinet of Natural History Belonging to His Royal Highness the Grand Duke of Tusca",IA,1,36,36,0,0,0,0,1
afontana|account of the airs extracted from different kinds,1750_1799,1779,"Account of the Airs Extracted from Different Kinds of Waters; With Thoughts on the Salubrity of Air at Different Places. In a Letter from the Abbe Fontana, Director of the Cabinet of Natural History B",IA,1,7,7,0,0,0,0,1
jingenhousz|improvements in electricity by john ingenhousz f r,1750_1799,1779,"Improvements in Electricity. By John Ingenhousz, F. R. S. Body Physician to Their Imperial Majesties. Who was Nominated by the President and Council to Prosecute Discoveries in Natural History, Pursua",IA,1,3,3,0,0,0,0,1
edwards|discourse on the emigration of british birds 1780,1750_1799,1780,A discourse on the emigration of British birds: ... 1780,IA,1,126,111,15,4,11,0,1
moyes|heads of a course of lectures on the,1750_1799,1780,"Heads of a course of lectures on the philosophy of chemistry and natural history: to be delivered by Henry Moyes, ... 1780",IA,1,8,8,0,0,0,0,1
leclerc|natural history 1780 vol 1,1750_1799,1780,"[Histoire naturelle. English]. Natural history, ... 1780: Vol 1",IA,1,334,324,10,0,7,3,1
leclerc|natural history 1780 vol 2,1750_1799,1780,"[Histoire naturelle. English]. Natural history, ... 1780: Vol 2",IA,1,647,507,140,3,49,88,0
leclerc|natural history 1780 vol 3,1750_1799,1780,"[Histoire naturelle. English]. Natural history, ... 1780: Vol 3",IA,1,697,547,150,4,112,34,0
leclerc|natural history 1780 vol 4,1750_1799,1780,"[Histoire naturelle. English]. Natural history, ... 1780: Vol 4",IA,1,716,575,141,0,112,29,0
leclerc|natural history 1780 vol 5,1750_1799,1780,"[Histoire naturelle. English]. Natural history, ... 1780: Vol 5",IA,1,1084,928,156,1,124,31,0
leclerc|natural history 1780 vol 6,1750_1799,1780,"[Histoire naturelle. English]. Natural history, ... 1780: Vol 6",IA,1,1137,975,162,1,136,25,0
leclerc|natural history 1780 vol 7,1750_1799,1780,"[Histoire naturelle. English]. Natural history, ... 1780: Vol 7",IA,1,1115,954,161,1,110,50,0
leclerc|natural history 1780 vol 8,1750_1799,1780,"[Histoire naturelle. English]. Natural history, ... 1780: Vol 8",IA,1,947,870,77,3,43,31,0
|farmer s wife or complete country housewife containing,1750_1799,1780,"The farmer's wife; or complete country housewife. Containing full and ample directions for the breeding and management of turkies ... Instructions for fattening hogs, ... To which is added the art of ",IA,1,144,128,16,0,16,0,1
|farmer s wife or the complete country housewife,1750_1799,1780,"The farmer's wife; or the complete country housewife. Containing full and ample directions for the breeding and management of turkies, ... Instructions for fattening hogs, ... To which is added the ar",IA,1,140,123,17,0,17,0,1
|reasonable animals a satyrical sketch as it performed,1750_1799,1780,The reasonable animals; a satyrical sketch. As it performed at the Theatre-Royal in the Hay-Market. 1780,IA,1,39,39,0,0,0,0,1
dillon|travels through spain with a view to illustrate,1750_1799,1780,"Travels through Spain, with a view to illustrate the natural history and physical geography of that Kingdom, in a series of letters. ... adorned with copper-plates and a new map of Spain. ... Written ",IA,1,330,310,20,1,19,0,1
johntalbotdillon|travels through spain with a view to illustrate,1750_1799,1780,"Travels Through Spain, with a View to Illustrate the Natural History and Physical Geography of that Kingdom, in a Series of Letters. Including the Most Interesting Subjects Contained in the Memoirs of",IA,1,304,281,23,1,22,0,1
afontana|memoria sopra il veleno americano detto ticunas by,1750_1799,1780,"Memoria sopra il Veleno Americano detto Ticunas. By the Abbe Fontana, Director of the Cabinet of Natural History Belonging to His Royal Highness the Grand Duke of Tuscany; Communicated by John Paradis",IA,1,158,158,0,0,0,0,1
tcavallo|thermometrical experiments and observations by tiberius cavallo f,1750_1799,1780,"Thermometrical Experiments And Observations. By Tiberius Cavallo, F. R. S. Who Was Nominated by the President and Council to Prosecute Discoveries in Natural History, Pursuant to the Will of the Late ",IA,1,10,10,0,0,0,0,1
49894,1750_1799,1781,A general synopsis of birds,BHL,4,4443,4305,138,0,125,13,0
pennant|history of quadrupeds 1,1750_1799,1781,History of quadrupeds. 1,IA,1,895,821,74,5,58,11,0
pennant|history of quadrupeds 2,1750_1799,1781,History of quadrupeds. 2,IA,1,707,626,81,0,76,5,0
latham|general synopsis of birds 1 1,1750_1799,1781,"A general synopsis of birds. 1,1",IA,1,1059,1013,46,0,37,9,0
pennant|genera of birds 1781,1750_1799,1781,Genera of birds. 1781,IA,1,222,192,30,0,27,3,0
|select dissertations from the am nitates academic a,1750_1799,1781,"Select dissertations from the Amœnitates academicæ, a supplement to Mr. Stillingfleet's tracts relating to natural history. Translated by the Rev. F.J. Brand, M.A. In two volumes. Volume I. 1781",IA,1,164,157,7,0,5,2,1
pennant|history of quadrupeds 1781 vol 1,1750_1799,1781,[Synopsis of quadrupeds]. History of quadrupeds ... 1781: Vol 1,IA,1,856,787,69,3,58,8,0
pennant|history of quadrupeds 1781 vol 2,1750_1799,1781,[Synopsis of quadrupeds]. History of quadrupeds ... 1781: Vol 2,IA,1,683,609,74,1,67,6,0
|natural history of four footed beasts by t,1750_1799,1781,The natural history of four-footed beasts. By T. Teltruth. Embellished with curious cuts. 1781,IA,1,89,73,16,0,13,3,1
jrforster|natural history and description of the tyger cat,1750_1799,1781,"Natural History and Description of the Tyger-Cat of the Cape of Good Hope. By John Reinhold Forster, LL.D. F. R. and A. S.",IA,1,2,2,0,0,0,0,1
jkerrjbanks|natural history of the insect which produces the,1750_1799,1781,"Natural History of the Insect Which Produces the Gum Lacca. By Mr. James Kerr, of Patna; Communicated by Sir Joseph Banks, P. R. S.",IA,1,15,15,0,0,0,0,1
acrawfordjbanks|experiments on the power that animals when placed,1750_1799,1781,"Experiments on the Power That Animals, When Placed in Certain Circumstances, Possess of Producing Cold. By Adair Crawford, M. D.; Communicated by Sir Joseph Banks, Bart. P. R. S.",IA,1,28,28,0,0,0,0,1
tcavallo|account of some thermometrical experiments containing i experiments,1750_1799,1781,"An Account of Some Thermometrical Experiments; Containing, I. Experiments Relating to the Cold Produced by the Evaporation of Various Fluids, with a Method of Purifying Ether. II. Experiments Relating",IA,1,10,10,0,0,0,0,1
latham|general synopsis of birds 1 2,1750_1799,1782,"A general synopsis of birds. 1,2",IA,1,905,868,37,0,35,2,0
harris|exposition of english insects including the several classes,1750_1799,1782,"An exposition of English insects including the several classes of Neuroptera, Hymenoptera, & Diptera, or bees, flies, & libelullæ Exhibiting on 51 copper plates near 500 figures, accurately drawn, & h",IA,1,519,497,22,4,16,2,1
monro|anatomy of the human bones nerves and lacteal,1750_1799,1782,"The anatomy of the human bones, nerves, and lacteal sac and duct. By Alexander Monro, senior, ... A new edition. To which is added, An essay on comparative anatomy. 1782",IA,1,696,450,246,1,217,28,0
born|john physiophilus specimen of the natural history of,1750_1799,1783,John Physiophilus specimen of the natural history of the various orders of Monks,IA,1,89,89,0,0,0,0,1
latham|general synopsis of birds 2 1,1750_1799,1783,"A general synopsis of birds. 2,1",IA,1,163,161,2,0,2,0,1
latham|general synopsis of birds 2 2,1750_1799,1783,"A general synopsis of birds. 2,2",IA,1,70,70,0,0,0,0,1
moreau|tour to cheltenham spa or gloucestershire display d,1750_1799,1783,"A tour to Cheltenham Spa; or, Gloucestershire display'd. Containing,an account of Cheltenham, ... the natural history of the county of Gloucester, the city of Gloucester, ... 1783",IA,1,95,95,0,0,0,0,1
monro|treatise on comparative anatomy by alexander monro published,1750_1799,1783,"A treatise on comparative anatomy. By Alexander Monro, ... Published by his son, Alexander Monro, ... A new edition: with considerable improvements and additions, by other hands. 1783",IA,1,264,186,78,1,69,8,0
troil|letters on iceland containing observations on the natural,1750_1799,1783,"Letters on Iceland: containing observations on the natural history of the country, ... made, during a voyage undertaken in the year 1772, by Sir Joseph Banks, ... Written by Uno Von Troil, ... With no",IA,1,138,127,11,0,11,0,1
saunders|observations on the superior efficacy of the red,1750_1799,1783,"Observations on the superior efficacy of the red Peruvian bark, ... And an appendix, containing a more particular account of its natural history. By William Saunders; ... 1783",IA,1,40,40,0,0,0,0,1
bromwich|experienced bee keeper containing an essay on the,1750_1799,1783,"The experienced bee-keeper, containing an essay on the management of bees: wherein is shewn, the most easy and profitable Method of treating those useful insects. 1783",IA,1,128,103,25,0,25,0,1
thompson|new and complete bird fancyer or bird fancyer,1750_1799,1783,"The new and complete bird-fancyer; or bird-fancyer's recreation and delight. Containing the newest and very best instructions for catching, taking, feeding, rearing, &c. all the various sorts of song-",IA,1,117,108,9,1,8,0,1
ignazborn|john physiophilus s specimen of the natural history,1750_1799,1783,"John Physiophilus's Specimen of the Natural History of the Various Orders of Monks,: After the ...",IA,1,75,72,3,0,3,0,1
42673,1750_1799,1784,Arctic zoology,BHL,2,2400,2247,153,7,137,9,0
pennant|arctic zoology 1784 vol 1,1750_1799,1784,[Arctic zoology]. Arctic Zoology. 1784: Vol 1,IA,1,1200,1104,96,1,93,2,0
pennant|arctic zoology 1784 vol 2,1750_1799,1784,[Arctic zoology]. Arctic Zoology. 1784: Vol 2,IA,1,1200,1160,40,4,36,0,0
percival|moral and literary dissertations on the following subjects,1750_1799,1784,"Moral and literary dissertations, on the following subjects; 1. On truth and faithfulness. ... 6. On the alliance of natural history, and philosophy, with poetry. To which are added a tribute to the m",IA,1,105,102,3,1,2,0,1
spallanzani|dissertations relative to the natural history of animals,1750_1799,1784,"[Opuscoli di fisica animale e vegetabile. English]. Dissertations relative to the natural history of animals and vegetables. Translated from the Italian of the Abbe Spallanzani, ... to which are added",IA,1,805,743,62,1,50,11,0
wandrejbankswherschel|description of the teeth of the anarrhichas lupus,1750_1799,1784,"A Description of the Teeth of the Anarrhichas Lupus Linnaei, and of Those of the Chaetodon Nigricans of the Same Author; To Which is Added, an Attempt to Prove That the Teeth of Cartilaginous Fishes a",IA,1,24,20,4,0,2,2,1
156860,1750_1799,1785,The structure and physiology of fishes explained and compared with those of man and other animals,BHL,1,258,214,44,0,38,6,0
latham|general synopsis of birds 3 1,1750_1799,1785,"A general synopsis of birds. 3,1",IA,1,764,731,33,0,30,3,0
latham|general synopsis of birds 3 2,1750_1799,1785,"A general synopsis of birds. 3,2",IA,1,836,783,53,0,49,4,0
leclerc|natural history general and particular by the count,1750_1799,1785,"[Histoire naturelle. English]. Natural history, general and particular, by the Count de Buffon, translated into English. Illustrated with above 300 copper-plates, and occasional notes and observations",IA,1,1091,995,96,2,50,44,0
leclerc|natural history 1785 vol 9,1750_1799,1785,"[Histoire naturelle. English]. Natural history, ... 1785: Vol 9",IA,1,342,333,9,1,6,2,1
64985,1750_1799,1786,The natural history of many curious and uncommon zoophytes : collected from various parts of the globe,BHL,1,363,302,61,0,30,31,0
boreman|description of three hundred animals viz beasts insects,1750_1799,1786,"A description of three hundred animals, viz. beasts, ... insects. With a particular account of the manner of their catching whales in Greenland. Extracted from the best authors, and adapted to the use",IA,1,583,496,87,1,80,6,0
elford|short essay on the propagation and dispersion of,1750_1799,1786,"A short essay on the propagation and dispersion of animals and vegetables, being cheifly [sic] intended as an answer to a letter lately published, and supposed to be written by a gentleman of Exeter, ",IA,1,99,57,42,16,25,1,0
|historical narrative of the discovery of new holland,1750_1799,1786,"An historical narrative of the discovery of New Holland and New South Wales. Containing an account of the inhabitants, soil, animals, ... Illustrated with a chart ... 1786",IA,1,63,58,5,0,5,0,1
trimmer|fabulous histories designed for the instruction of children,1750_1799,1786,"Fabulous histories. Designed for the instruction of children, respecting their treatment of animals. By Mrs. Trimmer. 1786",IA,1,375,354,21,8,13,0,1
trimmer|fabulous histories designed for the struction of children,1750_1799,1786,"Fabulous histories. Designed for the [in]struction of children, respecting their treatment of animals. By Mrs. Trimmer. Second edition. 1786",IA,1,398,377,21,4,17,0,1
hamilton|letters concerning the northern coast of the county,1750_1799,1786,"Letters concerning the northern coast of the county of Antrim. Containing a natural history of its basaltes: with an account of ... the antiquities, manners and customs of that country. The whole illu",IA,1,87,83,4,1,3,0,1
|natural history of birds containing a variety of,1750_1799,1786,"The natural history of birds; containing a variety of facts selected from several writers, and intended for the amusement and instruction of children. With copper plates. Part I. Containing the first ",IA,1,143,98,45,4,37,4,0
|natural history of many curious and uncommon zoophytes,1750_1799,1786,"The natural history of many curious and uncommon zoophytes, collected from various parts of the Globe by the late John Ellis, arranged and described by the late Daniel Solander, systematically ... wit",IA,1,359,286,73,0,35,38,0
latham|general synopsis of birds 4 1,1750_1799,1787,"A general synopsis of birds. 4,1",IA,1,808,792,16,0,14,2,1
denman|collection of engravings tending to illustrate the generation,1750_1799,1787,"A collection of engravings, tending to illustrate the generation and parturition of animals, and of the human species. By Thomas Denman, ... 1787",IA,1,35,30,5,0,5,0,1
adair|philosophical and medical sketch of the natural history,1750_1799,1787,A philosophical and medical sketch of the natural history of the human body and mind. To which is subjoined an essay on the difficulties of attaining medical knowledge ... 1787,IA,1,185,155,30,0,28,2,0
anderson|seventh eighth and ninth letter to sir joseph,1750_1799,1787,"A seventh, eighth and ninth letter to Sir Joseph Banks Baronet ... on the subject of cochineal insects, discovered at Madras, by James Anderson, M.D. ... 1787",IA,1,7,5,2,0,2,0,1
anderson|sixth letter to sir joseph banks baronet on,1750_1799,1787,"A sixth letter to Sir Joseph Banks Baronet ... on the subject of cochineal insects, discovered at Madras, by James Anderson, M.D. ... 1787",IA,1,7,5,2,0,2,0,1
|system of anatomy and physiology from the latest,1750_1799,1787,"A System of anatomy and physiology; from the latest and best authors. Arranged, as nearly as the nature of the work would admit, in the order of the lectures delivered by the Professor of Anatomy in t",IA,1,372,291,81,0,64,17,0
anderson|tenth letter to sir joseph banks baronet on,1750_1799,1787,"A tenth letter to Sir Joseph Banks Baronet ... on the subject of cochineal insects, discovered at Madras, by James Anderson, M.D. ... 1787",IA,1,10,8,2,0,2,0,1
anderson|eleventh letter to sir joseph banks baronet on,1750_1799,1787,"An eleventh letter to Sir Joseph Banks Baronet ... on the subject of cochineal insects, discovered at Madras, by James Anderson, M.D. ... 1787",IA,1,11,10,1,0,0,1,1
kentish|essay on the method of studying natural history,1750_1799,1787,"An essay on the method of studying natural history; being an oration delivered to the Societas Naturae Studiosorum, at Edinburgh, in the year 1782. By Richard Kentish, M. D. ... 1787",IA,1,91,72,19,1,5,13,1
boreman|description of above three hundred animals viz beasts,1750_1799,1787,"[Description of three hundred animals]. A description of above three hundred animals, viz. beasts, birds, fishes, serpents, and insects. With a particular account of the manner of catching whales in G",IA,1,365,310,55,0,50,5,0
adams|essays on the microscope containing a practical description,1750_1799,1787,"Essays on the microscope; containing a practical description of the most improved microscopes: a general history of insects, ... By George Adams, ... 1787",IA,1,749,602,147,8,114,25,0
anderson|five letters to sir joseph banks baronet on,1750_1799,1787,"Five letters to Sir Joseph Banks Baronet ... on the subject to cochineal insects, discovered at Madras, by James Anderson, M.D. ... 1787",IA,1,25,21,4,0,3,1,1
nichols|queries proposed to the nobility gentry and clergy,1750_1799,1787,"Queries proposed to the nobility, gentry, and clergy, of Leicestershire; with a view of completing, from their answers, an account of the antiquities and natural history of the several parishes in tha",IA,1,10,10,0,0,0,0,1
159239,1750_1799,1788,"The figures, description, and history of exotic animals, comprised under the classes Amphibia and Pisces of Linnæus",BHL,1,102,90,12,0,10,2,1
goodwyn|connexion of life with respiration or an experimental,1750_1799,1788,"The connexion of life with respiration: or, an experimental inquiry into the effects of submersion, strangulation ... on living animals",IA,1,84,82,2,0,2,0,1
|easy way of breeding canary birds and the,1750_1799,1788,"An easy way of breeding canary birds; and the best method of chusing and keeping them, both for breeding and song, with directions for curing the disorders they are subject to. To which are added, ins",IA,1,59,42,17,0,16,1,1
butler|arithmetical questions having for the most part a,1750_1799,1788,"Arithmetical questions, having, for the most part, a reference either to sacred, profane, or natural history, chronology, geography, or commerce; designed as exercises in the four principal rules, ...",IA,1,32,32,0,0,0,0,1
cordiner|remarkable ruins and romantic prospects of north britain,1750_1799,1788,"Remarkable ruins, and romantic prospects, of North Britain. with [sic] ancient monuments, and singular subjects of natural history by the Revd. Charles Cordiner of Banff. The engravings by Peter Mazel",IA,1,168,161,7,0,7,0,1
chnier|present state of the empire of morocco its,1750_1799,1788,"The present state of the Empire of Morocco. Its animals, products, climate, soil, ... Translated from the French of M. Chenier. 1788: Vol 1",IA,1,163,149,14,0,13,1,1
|present state of the empire of morocco its,1750_1799,1788,"The Present State of the Empire of Morocco. Its Animals, Products, Climate, Soil, Cities, Ports, Provinces, Coins, Weights, and Measures. With the Language, Religion, Laws, Manners, Customs, and Chara",IA,1,85,84,1,0,1,0,1
ejenner|observations on the natural history of the cuckoo,1750_1799,1788,"Observations on the Natural History of the Cuckoo. By Mr. Edward Jenner. In a Letter to John Hunter, Esq. F. R. S.",IA,1,44,33,11,0,11,0,1
114867,1750_1799,1789,"The classical farrier : exhibiting the whole anatomy of that noble animal the horse : perfectly describing, by elegant engravings on copper-plates, the various parts of the head, body, and limbs, both",BHL,1,1200,989,211,0,190,21,0
5761,1750_1799,1789,Memoir on the regeneration of certain parts of the bodies of fishes,BHL,1,12,7,5,0,3,2,1
|new moral system of natural history or the,1750_1799,1789,"A new moral system of natural history, or, the beauties of nature displayed; in the most singular, curious, and beautiful quadrupeds, and birds, to which are added, in the history of the English song ",IA,1,365,257,108,12,91,5,0
berkenhout|synopsis of the natural history of great britain,1750_1799,1789,[Outlines of the natural history of Great Britain and Ireland]. Synopsis of the natural history. Of Great-Britain and Ireland. Containing a systematic arrangement and concise description of all the an,IA,1,318,312,6,0,1,5,1
lewin|birds of great britain with their eggs accurately,1750_1799,1789,"The birds of Great-Britain, with their eggs, accurately figured. By William Lewin. 1789-1790: Vol 1-2",IA,1,216,212,4,0,4,0,1
aikin|calendar of nature or youth s delightful companion,1750_1799,1789,"The calendar of nature: or, youth's delightful companion. Containing, details of natural history, the narrative variegated with poetical quotations from the most celebrated authors. Embellished with e",IA,1,82,73,9,0,8,1,1
white|natural history and antiquities of selborne in the,1750_1799,1789,"The natural history and antiquities of Selborne, in the county of Southampton: with engravings, and an appendix. 1789",IA,1,718,644,74,3,69,2,0
hablitz|natural history of east tartary 1789,1750_1799,1789,The natural history of East Tartary. 1789,IA,1,187,177,10,1,8,1,1
williams|natural history of the mineral kingdom 1789 vol,1750_1799,1789,The natural history of the mineral kingdom ... 1789: Vol 1,IA,1,195,192,3,0,3,0,1
ewgray|observations on the class of animals called by,1750_1799,1789,"Observations on the Class of Animals Called, by Linnaeus, Amphibia; Particularly on the Means of Distinguishing Those Serpents Which are Venomous, from Those Which are not So. By Edward Whitaker Gray,",IA,1,40,33,7,0,0,7,1
44872,1750_1799,1790,Indian zoology,BHL,1,197,186,11,1,9,1,1
|beauties of the creation or a new moral,1750_1799,1790,"The beauties of the creation; or, a new moral system of natural history; displayed in the most singular, curious, and beautiful, quadrupeds. birds, insects, trees, and flowers: designed to inspire you",IA,1,258,182,76,16,48,12,0
beilby|general history of quadrupeds the figures engraved on,1750_1799,1790,A general history of quadrupeds. The figures engraved on wood by T. Bewick. 1790,IA,1,846,630,216,9,193,14,0
fourcroy|elements of natural history and chemistry by m,1750_1799,1790,"Elements of natural history and chemistry. By M. Fourcroy; ... Translated from the last Paris edition, 1789, being the third, ... With an alphabetical comparative view of the ancient and modern names ",IA,1,497,476,21,0,19,2,1
pennant|indian zoology second edition 1790,1750_1799,1790,"Indian zoology, - Second edition. 1790",IA,1,175,166,9,1,7,1,1
white|journal of a voyage to new south wales,1750_1799,1790,"Journal of a voyage to New South Wales with sixty-five plates of non descript animals, birds, ... and other natural productions by John White ... 1790",IA,1,309,279,30,0,22,8,0
hamilton|letters concerning the natural history of the basaltes,1750_1799,1790,[Letters concerning the northern coast of the county of Antrim]. Letters concerning the natural history of the basaltes of the northern coast of the county of Antrim; with an account of its antiquitie,IA,1,131,130,1,1,0,0,1
|proposals for publishing by subscription by peter hill,1750_1799,1790,"Proposals for publishing by subscription, by Peter Hill at the Cross, A new system of the natural history of quadrupeds, birds, fishes, and insects. 1790",IA,1,12,12,0,0,0,0,1
sinclair|queries drawn up for the purpose of elucidating,1750_1799,1790,Queries drawn up for the purpose of elucidating the natural history and political state of Scotland. 1790,IA,1,15,15,0,0,0,0,1
shaw|speculum linnaeanum sive zoologice linnaeanae illustratio genus omne,1750_1799,1790,Speculum Linnaeanum: sive zoologice Linnaeanae illustratio; genus omne accurate explicans representasque ... or Linneaan zoology; containing a complete illustration ... 1790,IA,1,42,34,8,0,4,4,1
moyes|syllabus of a course of lectures on the,1750_1799,1790,Syllabus of a course of lectures on the philosophy of natural history. 1790,IA,1,14,13,1,0,1,0,1
pole|anatomical instructor or an illustration of the modern,1750_1799,1790,"The anatomical instructor, or, an illustration of the modern and most approved methods of preparing and preserving the different parts of the human body, and of quadrupeds, by injection, corrosion, ..",IA,1,174,150,24,3,21,0,1
smelliewilliammemberoftheroyalsocietyofedinburgh|philosophy of natural history by william smellie in,1750_1799,1790,"The philosophy of natural history. By William Smellie, ... In two volumes. ... 1790: Vol 1",IA,1,806,507,299,5,237,57,0
smellie|philosophy of natural history by william smellie 1790,1750_1799,1790,"The philosophy of natural history. By William Smellie, ... 1790",IA,1,1200,912,288,8,225,55,0
106862,1750_1799,1791,"Lord's Entire new system of ornithology, or, Oecumenical history of British birds ...",BHL,1,261,205,56,0,55,1,0
125549,1750_1799,1791,"A new system of the natural history of quadrupeds, birds, fishes, and insects",BHL,1,1200,833,367,5,281,81,0
beilby|general history of quadrupeds the figures engraved upon,1750_1799,1791,A general history of quadrupeds. The figures engraved upon wood by T. Bewick. The second edition. 1791,IA,1,865,650,215,11,187,17,0
|system of anatomy and physiology with the comparative,1750_1799,1791,"A system of anatomy and physiology, with the comparative anatomy of animals. Compiled from the latest and best authors, and arranged, as nearly as the work would admit, in the order of the lectures de",IA,1,1018,775,243,2,192,49,0
burt|delineation of curious foreign beasts and birds in,1750_1799,1791,"Delineation of curious foreign beasts and birds, in their natural colours; which are to be seen alive at the great room over Exeter change, and at the Lyceum, in the Strand. By N. Burt, of the Naval a",IA,1,53,49,4,0,4,0,1
spilsbury|every lady and gentleman their own dentist as,1750_1799,1791,"Every lady and gentleman their own dentist, as far as the operations will allow. Containing the natural history of the adult teeth and their diseases, ... By F.B. Spilsbury, surgeon, ... 1791",IA,1,41,31,10,1,7,2,1
buffon|buffon s natural history abridged including the history,1750_1799,1791,"[Histoire naturelle. English. Abridgments] Buffon's Natural history, abridged. Including the history of the elements, the earth, and its component parts, ... with a general view of the insect world. I",IA,1,1200,837,363,1,318,44,0
buffon|natural history general and particular by the count,1750_1799,1791,"[Histoire naturelle. English]. Natural history, general and particular, by the Count de Buffon. Translated into English, illustrated with above three hundred copper-plates, and occasional notes and ob",IA,1,1200,1014,186,0,120,66,0
leclerc|system of natural history 1791 vol 1,1750_1799,1791,"[Histoire naturelle. English. Abridgement]. The system of natural history, ... 1791: Vol 1",IA,1,1113,822,291,0,248,43,0
leclerc|system of natural history 1791 vol 2,1750_1799,1791,"[Histoire naturelle. English. Abridgement]. The system of natural history, ... 1791: Vol 2",IA,1,1200,902,298,1,261,36,0
leclerc|buffon s natural history abridged including the history,1750_1799,1791,"[Histoire naturelle. English. Abridgment]. Buffon's Natural history, abridged. Including the History of the elements of the earth, and its component parts, ... Illustrated with a great ... 1791",IA,1,1200,819,381,3,332,46,0
oswald|cry of nature or an appeal to mercy,1750_1799,1791,"The cry of Nature; or, an appeal to mercy and to justice, on behalf of the persecuted animals. By John Oswald, ... 1791",IA,1,62,55,7,1,6,0,1
|natural history of birds 1791 vol 1,1750_1799,1791,"The natural history of birds, ... 1791: Vol 1",IA,1,298,221,77,6,64,7,0
|natural history of birds 1791 vol 2,1750_1799,1791,"The natural history of birds, ... 1791: Vol 2",IA,1,355,285,70,2,66,2,0
|natural history of birds 1791 vol 3,1750_1799,1791,"The natural history of birds, ... 1791: Vol 3",IA,1,367,285,82,2,77,3,0
smellie|philosophy of natural history by william smellie member,1750_1799,1791,"The philosophy of natural history. By William Smellie, member of the Antiquarian and Royal Societies of Edinburgh. 1791",IA,1,1200,831,369,3,318,48,0
jamesedwardsmith|introductory discourse on the rise and progress of,1750_1799,1791,Introductory discourse on the rise and progress of Natural History,IA,1,43,42,1,0,0,1,1
57940,1750_1799,1792,"The animal kingdom, or zoological system, of the celebrated Sir Charles Linnæus. containing a complete systematic description, arrangement, and nomenclature, of all the known species and varieties of ",BHL,1,1200,1094,106,0,83,23,0
114876,1750_1799,1792,A general history of quadrupeds,BHL,1,975,747,228,10,209,9,0
197073,1750_1799,1792,The natural history of insects,BHL,1,1016,699,317,7,274,36,0
39825,1750_1799,1792,"A New system of the natural history of quadrupeds, birds, fishes and insects",BHL,1,1200,822,378,7,265,106,0
georgeslouisleclercbuffoncomtede|barr s buffon buffon s natural history containing,1750_1799,1792,"Barr's Buffon. Buffon's Natural history,: containing a theory of ..., Volume 1",IA,1,151,146,5,0,5,0,1
heron|elegant extracts of natural history collected and revised,1750_1799,1792,"Elegant extracts of natural history; collected and revised from a great variety of the most elegant and authentic writers ... With a preface, containing some hints on education, by Robert Heron. ... 1",IA,1,749,647,102,1,96,5,0
leclerc|barr s buffon buffon s natural history containing,1750_1799,1792,"[Histoire naturelle. English]. Barr's Buffon. Buffon's Natural history, containing a theory of the earth, a general history of man, of the brute creation, and of vegatables, minerals, &c. From the Fre",IA,1,432,334,98,0,75,23,0
norden|antiquities natural history ruins and other curiosities of,1750_1799,1792,"The antiquities, natural history, ruins, and other curiosities of Egypt, Nubia, and Thebes. Exemplified in near two hundred drawings, taken on the spot, by Frederic Lewis Norden, ... The whole engrave",IA,1,59,59,0,0,0,0,1
buffon|natural history of birds from the french of,1750_1799,1792,"The natural history of birds. From the French of the Count de Buffon. Illustrated with engravings; and a preface, notes, and additions, by the translator. In nine volumes. Vol.III. 1792",IA,1,1032,924,108,0,87,21,0
|natural history of insects compiled from swammerdam brookes,1750_1799,1792,"The natural history of insects, compiled from Swammerdam, Brookes, Goldsmith, &c. Embellished with copper-plates. Intended as a companion to Buffon's Natural History 1792",IA,1,1005,703,302,6,270,26,0
110936,1750_1799,1793,History of quadrupeds,BHL,2,2123,1966,157,2,139,16,0
200964,1750_1799,1793,Zoology and botany of New Holland and the isles adjacent : the zoological part,BHL,1,103,92,11,0,3,8,1
seybert|inaugural dissertation being an attempt to disprove the,1750_1799,1793,"An inaugural dissertation: being an attempt to disprove the doctrine of the putrefaction of the blood of living animals. Submitted to the examination of the Rev. John Ewing, S.T.P. provost; the truste",IA,1,95,91,4,0,3,1,1
falconer|miscellaneous tracts and collections relating to natural history,1750_1799,1793,"Miscellaneous tracts and collections relating to natural history, selected from the principal writers of antiquity on that subject. By W. Falconer, M.D. 1793",IA,1,169,169,0,0,0,0,1
leclerc|natural history of birds fish insects and reptiles,1750_1799,1793,"Natural history of birds, fish, insects and reptiles. Embellished with upwards of two hundred engravings. In five volumes. ... 1793: Vol 3",IA,1,441,322,119,2,104,13,0
|natural history of beasts compiled from the best,1750_1799,1793,"The natural history of beasts, compiled from the best authorities, and illustrated by a great variety of copper plates, ... 1793",IA,1,499,362,137,5,126,6,0
jones|natural history of birds compiled from the best,1750_1799,1793,"The natural history of birds, compiled from the best authorities, and illustrated by a great variety of copper plates, ... 1793",IA,1,473,360,113,0,109,4,0
harris|natural history of the bible or a description,1750_1799,1793,"The natural history of the Bible: or a description of all the beasts, birds, ... precious stones, &c. Mentioned in the sacred scriptures. Collected from the best authorities, and alphabetically arrang",IA,1,455,399,56,4,48,4,0
49765,1750_1799,1794,"Harmonia ruralis, or, An essay towards a natural history of British song birds : illustrated with figures the size of life, of the birds, male and female, in their most natural attitudes ...",BHL,1,301,282,19,0,18,1,1
110098,1750_1799,1794,"Portraits of rare and curious birds, with their descriptions : from the menagery of Osterly Park, in the county of Middlesex",BHL,1,262,227,35,0,31,4,0
donovan|instructions for collecting and preserving various subjects of,1750_1799,1794,"Instructions for collecting and preserving various subjects of natural history; as animals, birds, reptiles, shells, corals, plants, &c. Together with A treatise on the management of insects in their ",IA,1,102,85,17,1,11,5,1
sibly|magazine of natural history comprehending the whole science,1750_1799,1794,"Magazine of natural history. Comprehending the whole science of animals, plants, and minerals; divided into distinct parts, the characters separately described, and systematically arranged. By E. Sibl",IA,1,1200,1011,189,5,158,26,0
peacock|visit for a week or hints on the,1750_1799,1794,"The visit for a week; or, hints on the improvement of time. Containing original tales, ... from natural ... history, &c. designed for the amusement of youth. By the author of The six princesses of Bab",IA,1,139,123,16,5,11,0,1
edwards|discourse on the emigration of british birds 1795,1750_1799,1795,A discourse on the emigration of British birds; ... 1795,IA,1,137,122,15,1,14,0,1
jones|natural history of fishes 1795,1750_1799,1795,"A natural history of fishes, ... 1795",IA,1,425,324,101,1,83,17,0
white|naturalist s calendar with observations in various branches,1750_1799,1795,"A naturalist's calendar, with observations in various branches of natural history; extracted from the papers of the the late Rev. Gilbert White, ... 1795",IA,1,180,161,19,1,17,1,1
physician|short treatise on canine madness particularly the bite,1750_1799,1795,"A short treatise on canine madness, particularly the bite of mad dogs: some cautions to prevent the danger, and remedies for injuries received thereby: together with those of other enraged animals. By",IA,1,39,36,3,0,3,0,1
fuessli|archives of entomology containing the history or ascertaining,1750_1799,1795,"Archives of entomology, containing the history, or ascertaining the characters and classes of insects not hitherto described, imperfectly known, or erroneously classified. Translated from the German o",IA,1,357,330,27,0,11,16,1
cox|fowler containing rules for taking every species of,1750_1799,1795,"The fowler. Containing rules for taking every species of land and water fowl; whether by fowling piece, net, engine, or otherwise. ... Likewise, instructions for the choice and training of the dogs fo",IA,1,189,170,19,0,19,0,1
lewin|insects of great britain systematically arranged accurately engraved,1750_1799,1795,"The insects of Great Britain, systematically arranged, accurately engraved, and painted from nature, with the natural history of each species, ... The figures engraved ... by the author, W. Lewin, ...",IA,1,290,265,25,0,24,1,1
lewin|birds of great britain systematically arranged accurately engraved,1750_1799,1795,"The birds of Great Britain, systematically arranged, accurately engraved, and painted from nature ..",IA,1,149,136,13,0,11,2,1
johnberkenhout|synopsis of the natural history of great britain,1750_1799,1795,"Synopsis of the natural history of Great Britain and Ireland, Volume 2",IA,1,358,349,9,0,1,8,1
bickham|curious antique collection of birds eye views of,1750_1799,1796,"A curious antique collection of birds-eye views of the several counties in England & Wales; exhibiting a pleasing landscape of each county; ... Finely engraved on forty six plates. By George Bickham, ",IA,1,13,13,0,0,0,0,1
shaw|cimelia physica figures of rare and curious quadrupeds,1750_1799,1796,"Cimelia physica. Figures of rare and curious quadrupeds, birds, &c. together with several of the most elegant plants. Engraved and coloured from the subjects themselves by John Frederick Miller. With ",IA,1,258,226,32,0,23,9,0
fourcroy|elements of chemistry and natural history to which,1750_1799,1796,"Elements of chemistry, and natural history. To which is prefixed the philosophy of chemistry. By A. F. Fourcroy. Translated from the fourth and last edition of the original French work, by R. Heron. I",IA,1,310,304,6,0,4,2,1
fourcroy|elements of natural history and of chemistry 1796,1750_1799,1796,"Elements of natural history, and of chemistry: ... 1796: Vol 3",IA,1,154,152,2,0,0,2,1
raff|system of natural history 1796 vol 1,1750_1799,1796,"[Naturgeschichte für kinder. English]. A system of natural history, ... 1796: Vol 1",IA,1,849,653,196,13,154,29,0
raff|system of natural history 1796 vol 2,1750_1799,1796,"[Naturgeschichte für kinder. English]. A system of natural history, ... 1796: Vol 2",IA,1,1200,944,256,10,233,13,0
trusler|on cruelty to animals 1796,1750_1799,1796,On cruelty to animals. 1796,IA,1,10,10,0,0,0,0,1
antoinefranoisdefourcroy|elements of chemistry and natural history to which,1750_1799,1796,"Elements of Chemistry, and Natural History: To which is Prefixed the Philosophy of Chemistry.",IA,1,443,350,93,0,48,45,0
edwarddonovan|natural history of british insects explaining them in,1750_1799,1796,"The natural history of british insects: explaining them in their ..., Volume 5",IA,1,190,178,12,0,6,6,1
115564,1750_1799,1797,Observations on the structure and economy of plants : to which is added The analogy between the animal and the vegetable kingdom,BHL,1,134,101,33,1,21,11,0
116052,1750_1799,1797,Observations on the structure and economy of plants : to which is added the analogy between the animal and the vegetable kingdom,BHL,1,133,92,41,1,25,15,0
166220,1750_1799,1797,"A short history of Insects ... designed as an introduction to the study of that branch of Natural History, and as a pocket companion to those who visit the Leverian Museum",BHL,1,308,205,103,1,88,14,0
201,1750_1799,1797,"The natural history of the rarer lepidopterous insects of Georgia : including their systematic characters, the particulars of their several metamorphoses, and the plants on which they feed. Collected ",BHL,2,251,245,6,0,5,1,1
stock|inaugural essay on the effects of cold upon,1750_1799,1797,"An inaugural essay on the effects of cold upon the human body. Submitted to the examination of the Rev. John Ewing, S.T.P. provost, the medical professors and trustees, of the University of Pennsylvan",IA,1,19,17,2,0,2,0,1
buffon|barr s buffon buffon s natural history containing,1750_1799,1797,"Barr's Buffon. Buffon's Natural history. Containing a theory of the earth, a general history of man, of the brute creation, and of vegetables, minerals, &c. &c. &c. From the French. With notes by the ",IA,1,538,406,132,2,109,21,0
beilby|history of british birds the figures engraved on,1750_1799,1797,History of British birds. The figures engraved on wood by T. Bewick. Vol. 1. containing the history and description of land birds. 1797,IA,1,418,331,87,5,79,3,0
nicholson|on the conduct of man to inferior animals,1750_1799,1797,"On the conduct of man to inferior animals, &c. 1797",IA,1,329,286,43,5,36,2,0
edmundlambert|iv observations relating to the migration of birds,1750_1799,1797,IV. Observations relating to the Migration of Birds,IA,1,12,12,0,0,0,0,1
johnbrand|xvi on the latin terms used in natural,1750_1799,1797,XVI. On the Latin Terms used in Natural History,IA,1,3,3,0,0,0,0,1
thomasmarsham|xxiii observations on the insects that infested the,1750_1799,1797,"XXIII. Observations on the Insects that infested the Corn in the Year 1795. In a Letter to the Rev. Samuel Goodenough, LL. D. F. R. S. Tr. L. S",IA,1,28,27,1,0,1,0,1
thomasbewick|history of british birds volume 1,1750_1799,1797,"History of British birds, Volume 1",IA,1,460,367,93,6,83,4,0
174245,1750_1799,1798,"An epitome of the natural history of the insects of China. Comprising figures and descriptions of upwards of one hundred new, singular, and beautiful species; together with some that are of importance",BHL,1,413,387,26,1,14,11,1
176698,1750_1799,1798,"An epitome of the natural history of the insects of China : comprising figures and descriptions of upwards of one hundred new, singular, and beautiful species, together with some that are of importanc",BHL,1,415,390,25,1,12,12,1
176712,1750_1799,1798,"Beauties of the creation: or, A new moral system of natural history; displayed in the most singular, curious and beautiful quadrupeds, birds, insects, trees, shrubs & flowers ...",BHL,1,508,321,187,36,136,15,0
|key to natural history to accompany the children,1750_1799,1798,"A key to natural history, to accompany The children's cabinet. 1798",IA,1,62,47,15,0,12,3,1
home|account of the orifice in the retina of,1750_1799,1798,"An account of the orifice in the retina of the human eye, discovered by Professor Soemmering. To which are added, proofs of this appearance being extended to the eyes of other animals. By Everard Home",IA,1,20,18,2,0,2,0,1
young|essay on humanity to animals by thomas young,1750_1799,1798,"An essay on humanity to animals; by Thomas Young, ... 1798",IA,1,170,153,17,4,13,0,1
wilkinson|essays physiological and philosophical on the distortion of,1750_1799,1798,"Essays physiological and philosophical, on the distortion of the spine, the motive power of animals. 1798",IA,1,147,127,20,0,19,1,1
|natural history of birds fish insects and reptiles,1750_1799,1798,"Natural history of birds, fish, insects, and reptiles. Embellished with upwards of two hundred engravings. In five volumes. ... 1798: Vol 5",IA,1,738,503,235,3,211,21,0
jones|natural history of beasts compiled from the best,1750_1799,1798,"The natural history of beasts, compiled from the best authorities, and illustrated by a great variety of copper plates, ... 1798: Vol 1",IA,1,227,130,97,7,89,1,0
aikin|natural history of the year being an enlargement,1750_1799,1798,The natural history of the year; being an enlargement of Dr. Aikin's Calendar of nature. By Arthur Aikin. 1798,IA,1,156,127,29,0,29,0,1
carver|three years travels through the interior parts of,1750_1799,1798,"Three years travels through the interior parts of North-America, for more than five thousand miles; ... with a description of the birds, beasts, ... Together with a concise history of the ... Indians ",IA,1,362,318,44,1,42,1,0
smith|tracts relating to natural history by james edward,1750_1799,1798,"Tracts relating to natural history. By James Edward Smith, ... 1798",IA,1,166,151,15,7,6,2,1
114859,1750_1799,1799,"An account of the regular gradation in man, and in different animals and vegetables ...",BHL,1,292,248,44,0,32,12,0
118582,1750_1799,1799,Tracts on the nature of animals and vegetables,BHL,1,868,780,88,2,62,24,0
159585,1750_1799,1799,Fragments of the natural history of Pennsylvania,BHL,1,270,261,9,0,9,0,1
204225,1750_1799,1799,Tracts on the nature of animals and vegetables,BHL,1,743,667,76,2,56,18,0
religioustractsocietygreatbritain|australia its scenery natural history and resources with,1750_1799,1799,"Australia: Its Scenery, Natural History, and Resources, with a Glance at Its ...",IA,1,224,197,27,1,25,1,1
barlow|collection of birds and beasts on thirty six,1750_1799,1799,"A collection of birds and beasts; on thirty-six quarto plates; finely drawn and engraved after life, by Francis Barlow. 1799",IA,1,4,4,0,0,0,0,1
donovan|illustration of british zoology on may 1 1799,1750_1799,1799,"Illustration of British zoology. On May 1, 1799, will be published, the first number of an entirely new, complete, and elegant work, ... The natural history of British shells, ... By E. Donovan, ... L",IA,1,11,11,0,0,0,0,1
smith|minor morals interspersed with sketches of natural history,1750_1799,1799,"Minor morals, interspersed with sketches of natural history, historical anecdotes, and original stories. By Charlotte Smith, ... In two vols. ... 1799: Vol 2",IA,1,51,47,4,0,4,0,1
spallanzani|opuscoli di fisica animale e vegetabile english abridgments,1750_1799,1799,"[Opuscoli di fisica animale e vegetabile. English. Abridgments). Tracts on the nature of animals and vegetables. By Lazaro Spallanzani, ... 1799",IA,1,586,535,51,0,36,15,0
fothergill|ornithologia britannica or a list of all the,1750_1799,1799,"Ornithologia Britannica: or, a list of all the British birds. In Latin and English. Comprehending all those that visit us ... or that are domesticated; as well as those that are constant inhabitants .",IA,1,107,102,5,0,5,0,1
rowlin|complete cow doctor or farmer s companion treating,1750_1799,1799,"The complete cow-doctor; or, farmer's companion: treating of the most common disorders of black-cattle, their causes, symptoms, and cures: by Joshua Rowlin, ... To which is prefixed, the natural histo",IA,1,357,277,80,1,76,3,0
|hare or hunting incompatible with humanity written as,1750_1799,1799,"The hare; or, hunting incompatible with humanity: written as a stimulus to youth towards a proper treatment of animals. 1799",IA,1,10,9,1,0,1,0,1
donovan|natural history of british birds or a selection,1750_1799,1799,"The natural history of British birds; or, a selection of the most rare, beutiful, and interesting birds which inhabit this country: the description from the Systema naturae of Linnaeus; with general o",IA,1,129,126,3,0,2,1,1
kilner|rational brutes or talking animals by m pelham,1750_1799,1799,"The rational brutes; or, talking animals. By M. Pelham, ... 1799",IA,1,141,140,1,0,1,0,1
townson|tracts and observations in natural history and physiology,1750_1799,1799,"Tracts and observations in natural history and physiology. With seven plates. By Robert Townson, ... 1799",IA,1,165,124,41,1,33,7,0
faujasdestfond|travels in england scotland and the hebrides undertaken,1750_1799,1799,"Travels in England, Scotland, and the Hebrides; undertaken for the purpose of examining the state of the arts, the sciences, natural history and manners, in Great Britain: ... In two volumes with plat",IA,1,148,147,1,0,1,0,1
comparisons|comparisons of structure in animals the hand and,1750_1799,1799,Comparisons of structure in animals. The hand and the arm,IA,1,254,84,170,21,133,16,0
roberttownson|tracts and observations in natural history and physiology,1750_1799,1799,Tracts and Observations in Natural History and Physiology: With Seven Plates,IA,1,152,114,38,0,33,5,0
33932,1800_1829,1800,"The natural history of British shells : including figures and descriptions of all the species hitherto discovered in Great Britain, systematically arranged in the Linnean manner, with scientific and g",BHL,7,1713,1571,142,0,5,137,0
49008,1800_1829,1801,Supplement II to the General synopsis of birds,BHL,1,1062,1018,44,0,40,4,0
115874,1800_1829,1801,An introduction to the study of the animal economy,BHL,1,134,50,84,1,44,39,0
118590,1800_1829,1801,"An inquiry into the structure and animal oeconomy of the horse : comprehending the diseases to which his limbs and feet are subject, with proper directions for shoeing, and pointing out a method for a",BHL,1,340,244,96,1,91,4,0
60403,1800_1829,1802,"Account of the skeleton of the mammoth, a non-descript carnivorous animal of immense size, found in America",BHL,1,77,68,9,0,8,1,1
106307,1800_1829,1802,Lectures on comparative anatomy,BHL,4,4800,3506,1294,0,762,532,0
124925,1800_1829,1802,"The natural history of British fishes, including scientific and general descriptions of the most interesting species and an extensive selection of accurately finished coloured plates",BHL,2,985,881,104,0,39,65,0
66343,1800_1829,1803,"An historical disquisition on the mammoth : or, great American incognitum, an extinct, immense, carnivorous animal, whose fossil remains have been found in North America",BHL,1,100,82,18,0,13,5,1
2091,1800_1829,1803,"Zoonomia; or, The Laws of Organic Life ...",BHL,2,2040,1765,275,6,216,53,0
117695,1800_1829,1803,Description and Natural History of S. Polito's Collection of Living Beasts and Birds,BHL,1,172,133,39,0,33,6,0
10539,1800_1829,1803,Tracts on the natural history of animals and vegetables,BHL,2,1717,1502,215,2,114,99,0
33927,1800_1829,1803,"Testacea Britannica, or, Natural history of British shells, marine, land, and fresh-water, including the most minute : systematically arranged and embellished with figures",BHL,1,1200,1117,83,1,21,61,0
101795,1800_1829,1804,[African scenery and animals],BHL,1,73,60,13,0,13,0,1
120056,1800_1829,1804,"The British Miscellany: or coloured figures of new, rare, or little known animal subjects; many not before ascertained to be inhabitants of the British Isles and chiefly in the possession of the autho",BHL,1,390,361,29,0,15,14,1
200962,1800_1829,1804,"The natural history of British insects, explaining them in their several states with the periods of their transformations, their food, oeconomy, &c together with the history of such minute insects as ",BHL,1,307,250,57,0,37,20,0
41622,1800_1829,1804,"Animal biography, or, Authentic anecdotes of the lives, manners, and economy, of the animal creation : arranged according to the system of Linnaeus",BHL,2,2400,1904,496,12,434,50,0
118057,1800_1829,1805,"On the use of the sutures in the bones of animals : read before the Literary and Philosophical Society of Manchester, December 1, 1803",BHL,1,17,13,4,0,4,0,1
118073,1800_1829,1805,"Observations on the effect of madder root on the bones of animals : read before the Literary and Philosophical Society of Manchester April 10, 1801",BHL,1,31,31,0,0,0,0,1
37018,1800_1829,1806,"A general system of nature, through the three grand kingdoms of animals, vegetables, and minerals, systematically divided into their several classes, orders, genera, species, and varieties, with their",BHL,1,1200,1128,72,0,22,50,0
113906,1800_1829,1806,"The naturalist's cabinet : containing interesting sketches of animal history; illustrative of the natures, dispositions, manners, and habits, of all the most remarkable quadrupeds, birds, fishes, amph",BHL,1,886,748,138,2,124,12,0
114893,1800_1829,1806,"The naturalist's cabinet : containing interesting sketches of animal history; illustrative of the natures, dispositions, manners, and habits, of all the most remarkable quadrupeds, birds, fishes, amph",BHL,1,847,714,133,2,126,5,0
120141,1800_1829,1806,"An appendix to a Practical essay on distortion of the legs and feet of children, &c. Containing sixty two cases that have been successfully treated in patients between the ages of two weeks and twenty",BHL,1,187,156,31,0,31,0,0
129151,1800_1829,1806,"A general system of nature, through the three grand kingdoms of animals, vegetables, and minerals, systematically divided into their several classes, orders, genera, species, and varieties, with their",BHL,7,6587,6275,312,0,128,184,0
142792,1800_1829,1806,"A general system of nature, through the three grand kingdoms of animals, vegetables, and minerals ...",BHL,1,1200,1171,29,0,14,15,1
41623,1800_1829,1806,"The British miscellany, or, Coloured figures of new, rare, or little known animal subjects : many not before ascertained to be inhabitants of the British Isles : and chiefly in the possession of the a",BHL,1,375,344,31,0,16,15,0
104612,1800_1829,1807,A short system of comparative anatomy,BHL,1,1200,835,365,2,232,131,0
115982,1800_1829,1807,A general history of quadrupeds,BHL,1,1104,839,265,13,227,25,0
138591,1800_1829,1807,"Zoography; or, The beauties of nature displayed. In select descriptions from the animal, and vegetable, with additions from the mineral kingdom. Systematical arranged",BHL,5,4560,3825,735,36,657,42,0
25201,1800_1829,1807,"Goldsmith's history of the earth and animated nature, abridged : containing the natural history of animals, birds, fishes, reptiles, and insects; on the plan recommended by Miss Hannah More.  For the ",BHL,1,818,478,340,9,300,31,0
97204,1800_1829,1808,"American ornithology, or, The natural history of the birds of the United States : illustrated with plates engraved and colored from original drawings taken from nature",BHL,9,2802,2546,256,14,211,31,0
1593,1800_1829,1809,"General zoology, or Systematic natural history",BHL,5,4773,4412,361,2,243,116,0
119699,1800_1829,1809,"Petrificata derbiensia : or, figures and descriptions of petrifactions collected in Derbyshire",BHL,1,244,227,17,0,2,15,1
104519,1800_1829,1810,"A philosophical and practical treatise on horses and on the moral duties of man towards the brute creation: comprehending the choice, management, purchase, and sale of every description of the horse; ",BHL,1,983,944,39,0,39,0,0
104610,1800_1829,1810,"A philosophical and practical treatise on horses and on the moral duties of man towards the brute creation: comprehending the choice, management, purchase, and sale of every description of the horse; ",BHL,1,1156,1012,144,2,138,4,0
164080,1800_1829,1810,"The Naturalists Companion containing drawings with suitable descriptions of a vast variety of Quadrupeds, Birds, Fishes, Serpent and Insects; & accurately copied either from Living Animals or from the",BHL,1,131,130,1,0,1,0,1
58980,1800_1829,1811,"Arcana, or, The museum of natural history : containing the most recent discovered objects : embellished with coloured plates, and corresponding descriptions : with extracts relating to animals, and re",BHL,1,412,291,121,13,63,45,0
64363,1800_1829,1811,"Conchology, or, The natural history of shells : containing a new arrangement of the genera and species, illustrated by coloured engravings executed from the natural specimens, and including the latest",BHL,1,597,518,79,2,8,69,0
87000,1800_1829,1811,British ornithology : being the history with a coloured representation of every known species of British birds,BHL,2,355,286,69,3,64,2,0
156640,1800_1829,1811,"Conchology, or the natural history of shells: containing a new arrangement of the genera and species. Illustrated by coloured engravings executed from the natural specimens, and including the latest d",BHL,1,587,518,69,2,8,59,0
219435,1800_1829,1811,"An historical and descriptive account of the four species of Peruvian sheep, called carneros de la tierra : to which are added, particulars respecting the domestication of the two wild species, and th",BHL,1,223,176,47,2,44,1,0
62215,1800_1829,1812,British zoology,BHL,4,4323,3973,350,12,260,78,0
104530,1800_1829,1812,British zoology,BHL,1,869,806,63,0,55,8,0
104574,1800_1829,1812,British zoology,BHL,1,1060,1003,57,2,30,25,0
105859,1800_1829,1812,British zoology,BHL,1,1200,1097,103,5,57,41,0
106649,1800_1829,1812,British zoology,BHL,1,1200,1066,134,8,119,7,0
106818,1800_1829,1812,A compendium of the anatomy of the human body intended principally for the use of students,BHL,1,1124,710,414,0,278,136,0
106952,1800_1829,1812,A compendium of the anatomy of the human body intended principally for the use of students,BHL,1,242,216,26,0,18,8,1
107498,1800_1829,1812,A compendium of the anatomy of the human body intended principally for the use of students,BHL,1,196,144,52,0,37,15,0
14408,1800_1829,1812,"The mineral conchology of Great Britain; or, Coloured figures and descriptions of those remains of testaceous animals or shells, which have been preserved at various times and depths in the earth",BHL,8,2916,2603,313,1,34,278,0
41854,1800_1829,1812,"A companion to Mr. Bullock's London Museum and Pantherion : containing a brief description of upwards of fifteen thousand natural and foreign curiosities, antiquities, and productions of the fine arts",BHL,1,562,475,87,2,76,9,0
200951,1800_1829,1813,"Birds of New South Wales, with their natural history",BHL,4,67,61,6,0,6,0,1
99930,1800_1829,1814,Lectures on comparative anatomy : in which are explained the preparations in the Hunterian collection,BHL,4,1070,942,128,1,101,26,0
113854,1800_1829,1814,"Observations on some interesting phenomena in animal physiology, exhibited by several species of Planariæ",BHL,1,244,198,46,1,29,16,0
169606,1800_1829,1814,Lectures on comparative anatomy : in which are explained the preparations in the Hunterian collection,BHL,1,913,725,188,4,112,72,0
169615,1800_1829,1814,Lectures on comparative anatomy : in which are explained the preparations in the Hunterian collection,BHL,1,1031,616,415,7,347,61,0
41372,1800_1829,1814,"The zoological miscellany : being descriptions of new, or interesting animals",BHL,2,446,370,76,0,19,57,0
106860,1800_1829,1815,British ornithology : containing portraits of all the British birds including those of foreign origin which have become domesticated,BHL,3,1027,858,169,4,141,24,0
114890,1800_1829,1815,"Recreations in natural history, or, Popular sketches of British quadrupeds : describing their nature, habits and dispositions, and interspersed with original anecdotes, embellished with numerous engra",BHL,1,914,705,209,5,192,12,0
115669,1800_1829,1815,"Engravings, representing the generation of some animals; some circumstances attending parturition in the human species; and a few of the diseases to which the sex is liable",BHL,1,20,16,4,0,3,1,1
64835,1800_1829,1815,"General conchology, or, A description of shells, arranged according to the Linnean system : and illustrated with plates, drawn and coloured from nature",BHL,1,1200,1107,93,1,36,56,0
159664,1800_1829,1815,"An essay on the bots of horses, and other animals",BHL,1,323,272,51,6,39,6,0
16007,1800_1829,1815,"An introduction to the study of conchology : including observations on the Linnæan genera, and the arrangement of M. Lamarck, a glossary, and a table of English names : illustrated with coloured plate",BHL,1,503,364,139,0,35,104,0
51450,1800_1829,1816,"Hortus gramineus Woburnensis : or, an account of the results of experiments on the produce, and nutritive qualities of different grasses, and other plants, used as the food of the more valuable domest",BHL,1,538,489,49,0,35,14,0
66019,1800_1829,1816,Entomology,BHL,1,1020,940,80,0,22,58,0
104502,1800_1829,1816,"An introduction to entomology, or, Elements of the natural history of insects : with plates",BHL,1,1200,1004,196,17,131,48,0
104725,1800_1829,1816,"An introduction to entomology, or, Elements of the natural history of insects : with plates",BHL,1,1200,975,225,21,195,9,0
104741,1800_1829,1816,"An introduction to entomology, or, Elements of the natural history of insects : with plates",BHL,1,1200,915,285,29,235,21,0
105744,1800_1829,1816,"An introduction to entomology, or, Elements of the natural history of insects : with plates",BHL,1,1200,883,317,11,182,124,0
132831,1800_1829,1816,"The elements of conchology; or, natural history of shells. According to the Linnean system. With observations on modern arrangements",BHL,1,311,239,72,0,20,52,0
16030,1800_1829,1816,"The elements of conchology, or, Natural history of shells : according to the Linnean system : with observations on modern arrangements",BHL,1,318,233,85,0,23,62,0
217602,1800_1829,1817,Jacob Cist entomological workbooks,BHL,1,7,7,0,0,0,0,1
106945,1800_1829,1818,Outlines of comparative anatomy intended principally for the use of students,BHL,1,1108,723,385,0,271,114,0
48636,1800_1829,1819,"Horae entomologicae, or, Essays on the annulose animals",BHL,2,1927,1307,620,15,166,439,0
101948,1800_1829,1819,Plates to Selby's Illustrations of British ornithology,BHL,1,9,9,0,0,0,0,1
34177,1800_1829,1819,"The entomologist's useful compendium, or An introduction to the knowledge of British insects : comprising the best means of obtaining and preserving them, and a description of the apparatus generally ",BHL,1,1200,966,234,0,93,141,0
14816,1800_1829,1819,"A practical treatise on breeding, rearing, and fattening all kinds of domestic poultry, pheasants, pigeons, and rabbits : including an interesting account of the Egyptian method of hatching eggs by ar",BHL,1,386,286,100,1,99,0,0
16159,1800_1829,1820,"An introduction to the study of conchology : describing the orders, genera, and species of shells; their most prominent characteristics, and usual mode of classification : with observations on the nat",BHL,1,254,164,90,0,19,71,0
42279,1800_1829,1820,"Zoological illustrations, or, Original figures and descriptions of new, rare, or interesting animals : selected chiefly from the classes of ornithology, entomology, and conchology, and arranged on the",BHL,3,990,913,77,0,14,63,0
46821,1800_1829,1821,Observations on the natural history and structure of the Proteus anguinus,BHL,1,134,95,39,0,23,16,0
102741,1800_1829,1821,"British ornithology : being the history, with a coloured representation, of every known species of British birds",BHL,3,673,585,88,2,82,4,0
118574,1800_1829,1821,An introduction to the ornithology of Cuvier : for the use of students and travellers,BHL,1,479,401,78,0,65,13,0
127456,1800_1829,1821,"Some account of the Siren lacertina, and other species of the same genus of amphibious animals : in a letter from Professor Barton, of Philadelphia, to Mr. John Gottlob Schneider, of Saxony",BHL,1,85,70,15,0,9,6,1
158725,1800_1829,1821,"Useful knowledge: or a familiar account of the various productions of nature, mineral, vegetable, and animal, which are chiefly employed for the use of man. Illustrated with numerous figures, and inte",BHL,1,400,357,43,0,42,1,0
188053,1800_1829,1821,"Werner's nomenclature of colours : with additions, arranged so as to render it highly useful to the arts and sciences, particularly zoology, botany, chemistry, mineralogy, and morbid anatomy : annexed",BHL,1,34,33,1,0,1,0,1
39622,1800_1829,1821,"Exotic conchology : or, Figures and descriptions of rare, beautiful, or undescribed shells, drawn on stone from the most select specimens .... Vol. 1 (Parts 1-2)",BHL,1,70,67,3,0,1,2,1
48975,1800_1829,1822,"Physiological Lectures, exhibiting a general view of Mr. Hunter's Physiology, and of his researches in Comparative Anatomy",BHL,1,433,315,118,5,95,18,0
65146,1800_1829,1822,"A natural history of the Lepidopterous insects of New South Wales collected, engraved, and faithfully painted after nature",BHL,1,76,60,16,2,12,2,1
65745,1800_1829,1822,"An introduction to entomology, or, Elements of the natural history of insects : with plates",BHL,4,4800,3759,1041,70,755,216,0
104990,1800_1829,1822,"Lectures on physiology, zoology, and the natural history of man delivered at the Royal college of surgeons",BHL,1,1074,885,189,5,121,63,0
16160,1800_1829,1822,"Wodarch's introduction to the study of conchology : describing the orders, genera, and species of shells; with observations on the nature and properties of the animals : and directions for collecting,",BHL,1,342,255,87,0,26,61,0
40282,1800_1829,1822,"The philosophy of zoology, or, A general view of the structure, functions, and classification of animals",BHL,2,2382,1696,686,4,415,267,0
44925,1800_1829,1822,"A geological survey of the Yorkshire coast : describing the strata and fossils occurring between the Humber and the Tees, from the German ocean to the plain of York / by George Young and John Bird",BHL,1,530,509,21,0,4,17,1
49867,1800_1829,1823,"A treatise on British song-birds : including observations on their natural habits, manner of incubation, &c",BHL,1,397,345,52,2,44,6,0
102832,1800_1829,1823,"The modern farrier, or, The art of preserving the health and curing the diseases of horses, dogs, oxen, cows, sheep, & swine comprehending a great variety of original and approved recipes, instruction",BHL,1,1200,1024,176,1,170,5,0
171559,1800_1829,1823,"British entomology : being illustrations and descriptions of the genera of insects found in Great Britain and Ireland: containing coloured figures from nature of the most rare and beautiful species, a",BHL,8,5896,5295,601,5,199,397,0
156201,1800_1829,1823,"A letter to Mark Milbank, Esq. M.P. of Thorp Hall, and Barningham, in the County of York, with two plates descriptive of the character of the whistling swan, and of the peculiar structure of its trach",BHL,1,58,52,6,0,5,1,1
16062,1800_1829,1823,"The Linnæan system of conchology : describing the orders, genera, and species of shells arranged into divisions and families : with a view to facilitate the student's attainment of the science",BHL,1,427,322,105,0,11,94,0
50847,1800_1829,1824,"A practical treatise on British song birds : in which is given every information relative to their natural history, incubation, &c. : together with the method of rearing and managing both old and youn",BHL,1,105,83,22,0,21,1,1
44848,1800_1829,1824,"Zoological researches in Java, and the neighbouring islands",BHL,2,2400,1992,408,0,191,217,0
103110,1800_1829,1824,"An introductory lecture to a course in comparative anatomy, illustrative of Paley's Natural theology",BHL,1,107,59,48,11,22,15,0
169837,1800_1829,1824,"American ornithology; or, The natural history of the birds of the United States : illustrated with plates, engraved and colored from original drawings taken from nature",BHL,2,766,684,82,1,69,12,0
147972,1800_1829,1824,The conchologist's companion; comprising the instincts and construction of testaceous animals; with a general sketch of those extraordinary productions which connect the vegetable and animal kingdoms,BHL,1,395,284,111,19,77,15,0
5789,1800_1829,1824,A view of the present state of the salmon and channel-fisheries : and of the statute laws by which they are regulated ... comprehending also the natural history and habits of the salmon ... together w,BHL,1,419,393,26,2,21,3,1
15274,1800_1829,1824,"Hortus Gramineus Woburnensis; or, An account of the results of experiments on the produce and nutritive qualities of different grasses and other plants used as the food of the more valuable domestic a",BHL,1,856,785,71,0,56,15,0
57883,1800_1829,1825,"Illustrations of British ornithology. Part first, Land birds",BHL,1,1200,1077,123,4,100,19,0
109386,1800_1829,1825,A manual of the elements of natural history,BHL,1,1200,1009,191,2,123,66,0
118563,1800_1829,1825,"Wanderings in South America, the north-west of the United States and the Antilles, 1812, 1816, 1820 and 1824, with instructions for the perfect preservation of birds, etc., for cabinets of natural his",BHL,1,619,573,46,0,45,1,0
132273,1800_1829,1825,Supplement to the American ornithology of Alexander Wilson : Containing a sketch of the author's life ...,BHL,1,562,533,29,0,27,2,1
14573,1800_1829,1825,"Excursions in Madeira and Porto Santo, during the autumn of 1823, while on his third voyage to Africa",BHL,1,353,340,13,0,3,10,1
16163,1800_1829,1825,"Wodarch's introduction to the study of conchology : describing the orders, genera, and species of shells : with observations on the nature and properties of the animals and directions for collecting, ",BHL,1,395,319,76,0,18,58,0
60404,1800_1829,1826,Illustrations of ornithology,BHL,1,306,273,33,0,18,15,0
3766,1800_1829,1826,American natural history. Volume 3. Part 1.--Mastology,BHL,1,547,455,92,3,60,29,0
110551,1800_1829,1826,"On the structure and characters of the lernoea elongata, Gr. a new species from the Arctic seas",BHL,1,32,24,8,0,6,2,1
42226,1800_1829,1826,"Zoological text-book comprising Cuvier's four grand divisions of animals : also, Shaw's improved Linnean genera, arranged according to the classes and orders of Cuvier and Latreille : short descriptio",BHL,1,959,723,236,1,68,167,0
62824,1800_1829,1827,Illustrations of the conchology of Great Britain and Ireland,BHL,1,256,254,2,0,0,2,1
108647,1800_1829,1827,"An introduction to the comparative anatomy of animals compiled with constant reference to physiology, and elucidated by twenty copper-plates",BHL,1,262,251,11,0,6,5,1
108650,1800_1829,1827,"An introduction to the comparative anatomy of animals compiled with constant reference to physiology, and elucidated by twenty copper-plates",BHL,1,1046,624,422,0,256,166,0
108651,1800_1829,1827,"An introduction to the comparative anatomy of animals compiled with constant reference to physiology, and elucidated by twenty copper-plates",BHL,1,1156,765,391,0,188,203,0
113848,1800_1829,1827,"An introduction to the comparative anatomy of animals : compiled with constant reference to physiology, and elucidated by twenty copper-plates",BHL,1,1045,615,430,0,268,162,0
114803,1800_1829,1827,"An introduction to the comparative anatomy of animals : compiled with constant reference to physiology, and elucidated by twenty copper-plates",BHL,1,1150,763,387,0,193,194,0
207796,1800_1829,1827,"Wodarch's Introduction to the study of conchology: describing the orders, genera, and species of shells: with observations on the nature and properties of the animals; and directions for collecting, p",BHL,1,393,318,75,0,20,55,0
16164,1800_1829,1827,"Wodarch's introduction to the study of conchology: describing the orders, genera, and species of shells: with observations on the nature and properties of the animals; and directions for collecting, p",BHL,1,391,312,79,0,18,61,0
2156,1800_1829,1828,History of British animals,BHL,1,1200,1120,80,0,35,45,0
106837,1800_1829,1828,"An essay on the study of the animal kingdom : being an introductory lecture delivered in the University of London, on the 23rd of October, 1828",BHL,1,82,45,37,3,30,4,0
212394,1800_1829,1828,"Spicilegia zoologica, or, Original figures and short systematic descriptions of new and unfigured animals",BHL,2,240,230,10,0,3,7,1
8131,1800_1829,1828,An introduction to entomology: or Elements of the natural history of insects: with plates,BHL,1,1200,875,325,13,183,129,0
8148,1800_1829,1829,"British entomology : being illustrations and descriptions of the genera of insects found in Great Britain and Ireland: containing coloured figures from nature of the most rare and beautiful species, a",BHL,1,749,686,63,3,23,37,0
44488,1800_1829,1829,The Tower menagerie : comprising the natural history of the animals contained in that establishment; with anecdotes of their characters and history,BHL,1,458,324,134,1,86,47,0
159403,1830_1849,1825,"American ornithology; or, The natural history of birds inhabiting the United States, not given by Wilson",BHL,4,1059,918,141,0,67,74,0
8133,1830_1849,1828,"Illustrations of British entomology; or, A synopsis of indigenous insects: containing their generic and specific distinctions",BHL,8,5423,4482,941,4,186,751,0
42278,1830_1849,1829,"Zoological illustrations, or, Original figures and descriptions of new, rare, or interesting animals, selected chiefly from the classes of ornithology, entomology, and conchology, and arranged accordi",BHL,3,710,616,94,0,36,58,0
95127,1830_1849,1830,Illustrations of Indian zoology; chiefly selected from the collection of Major-General Hardwicke ...,BHL,1,85,85,0,0,0,0,1
119864,1830_1849,1830,The wonders of the animal kingdom. Exhibiting delineations of the most distinguished wild animals in the various menageries of this country,BHL,1,937,712,225,7,188,30,0
149341,1830_1849,1830,The gardens and menagerie of the Zoological Society delineated,BHL,1,762,600,162,1,104,57,0
149347,1830_1849,1830,The gardens and menagerie of the Zoological Society delineated,BHL,1,809,654,155,0,106,49,0
154504,1830_1849,1830,On the voice of birds,BHL,1,107,90,17,1,13,3,1
43814,1830_1849,1830,"The zoological keepsake, or, Zoology, and the garden and museum of the Zoological Society : for the year 1830",BHL,1,350,304,46,0,39,7,0
41463,1830_1849,1831,The animal kingdom : arranged in conformity with its organization,BHL,7,8400,6148,2252,1,958,1293,0
106830,1830_1849,1831,On the development of the vascular system in the foetus of vertebrated animals. Part 2,BHL,1,199,129,70,0,33,37,0
110099,1830_1849,1831,"Enumeration and account of some remarkable natural objects of the cabinet of Prof. Rafinesque, in Philadelphia; being animals, shells, plants and fossils, collected by him in North America, between 18",BHL,1,59,55,4,0,1,3,1
126233,1830_1849,1831,"American ornithology, or the natural history of the birds of the United States",BHL,4,3594,3246,348,15,277,56,0
197842,1830_1849,1831,The architecture of birds,BHL,1,861,735,126,3,121,2,0
14779,1830_1849,1831,Outlines of oryctology : An introduction to the study of fossil organic remains; especially those found in the British strata ... / by James Parkinson,BHL,1,737,567,170,3,43,124,0
16000,1830_1849,1831,Poems on conchology and botany : with plates and notes,BHL,1,77,62,15,0,14,1,1
16161,1830_1849,1831,"Wodarch's introduction to the study of conchology : describing the orders, genera, and species of shells : with observations on the nature and properties of the animals; and directions for collecting,",BHL,1,488,412,76,0,20,56,0
37857,1830_1849,1831,A manual of the land and fresh-water shells of the British Islands : arranged according to the more modern systems of classification; and described from perfect specimens in the author's cabinet : wit,BHL,1,557,514,43,0,4,39,0
210565,1830_1849,1832,The animal kingdom : arranged in conformity with its organization,BHL,1,1200,676,524,1,299,224,0
105343,1830_1849,1832,On the influence of physical agents on life,BHL,1,930,852,78,0,57,21,0
132236,1830_1849,1832,"Buffon's natural history of quadrupeds, birds, fishes, serpents, reptiles, and insects ...",BHL,1,512,392,120,0,105,15,0
9136,1830_1849,1833,"Natural history of the fishes of Massachusetts, embracing a practical essay on angling",BHL,1,735,595,140,6,108,26,0
131022,1830_1849,1833,Organic remains of a former world : an examination of the mineralized remains of the vegetables and animals of the Antediluvian world; generally termed extraneous fossils,BHL,3,2487,2164,323,5,139,179,0
156984,1830_1849,1833,"A monograph of the Ramphastidae, or family of toucans",BHL,1,230,200,30,0,11,19,0
13429,1830_1849,1833,Remarks on the comparative anatomy of certain birds of Cuba : with a view to their respective places in the system of nature or to their relations with other animals,BHL,1,144,121,23,0,10,13,1
43793,1830_1849,1833,Illustrations of British ornithology,BHL,2,2400,2124,276,4,227,45,0
59206,1830_1849,1834,"Synopsis of the organic remains of the Cretaceous group of the United States. Illustrated by nineteen plates. To which is added an appendix, containing a tabular view of the Tertiary fossils hitherto ",BHL,1,197,193,4,0,0,4,1
66041,1830_1849,1834,A paper on the nomenclature of the parts of the head of insects,BHL,1,173,118,55,0,38,17,0
101720,1830_1849,1834,The natural history of game-birds,BHL,1,272,252,20,0,18,2,1
103115,1830_1849,1834,"History of the development of the human ovum, with a comparative view of the development of the ova of mammalia and birds",BHL,1,150,136,14,0,1,13,1
2093,1830_1849,1834,"The natural history of the order Cetacea, and the oceanic inhabitants of the Arctic regions",BHL,1,884,766,118,9,66,43,0
39976,1830_1849,1834,"The animal kingdom, arranged according to its organization, serving as a foundation for the natural history of animals : and an introduction to comparative anatomy",BHL,8,6735,5161,1574,3,710,861,0
213399,1830_1849,1834,The natural history of game-birds,BHL,1,298,280,18,0,17,1,1
16061,1830_1849,1834,The conchologist's companion,BHL,1,357,252,105,31,68,6,0
10366,1830_1849,1834,The conchologist,BHL,1,837,648,189,7,36,146,0
39686,1830_1849,1834,"Lives of eminent zoologists, from Aristotle to Linnaeus : with introductory remarks on the study of natural history, and occasional observations on the progress of zoology",BHL,1,560,490,70,2,16,52,0
41403,1830_1849,1834,"A System of natural history : containing scientifci [sic] and popular descriptions of man, quadrupeds, birds, fishes, reptiles and insects",BHL,1,1200,856,344,6,262,76,0
49493,1830_1849,1835,A treatise on the geography and classification of animals,BHL,1,1146,961,185,7,84,94,0
51166,1830_1849,1835,The ornithological guide,BHL,1,434,428,6,0,4,2,1
59817,1830_1849,1835,"General conchology, or, A description of shells arranged according to the Linnean system ...",BHL,1,1182,1072,110,1,40,69,0
37810,1830_1849,1835,The grammar of entomology,BHL,1,651,386,265,1,196,68,0
79164,1830_1849,1835,Illustrations of the American ornithology of Alexander Wilson and Charles Lucian Bonaparte : with the addition of numerous recently discovered species and representations of the whole sylvae of North ,BHL,1,109,109,0,0,0,0,1
106829,1830_1849,1835,"A lecture, introductory to the science of comparative anatomy : showing the great importance of its perfect cultivation, and also its utility to those studying the physiology of the human frame : deli",BHL,1,71,49,22,0,13,9,1
2476,1830_1849,1835,"The Field naturalist : a review of animals, plants, minerals, the structure of the earth, and appearances of the sky",BHL,1,1200,1049,151,6,105,40,0
123276,1830_1849,1835,"A monograph of the Trogonidae, or family of trogons",BHL,4,341,311,30,0,16,14,0
127948,1830_1849,1835,"Illustrations of the geology of Yorkshire, or, A description of the strata and organic remains: accompanied by a geological map, sections and plates of the fossil plants and animals",BHL,2,557,544,13,0,5,8,1
131528,1830_1849,1835,The natural history of the ruminating animals,BHL,2,930,789,141,4,104,33,0
197839,1830_1849,1835,A treatise on the geography and classification of animals,BHL,1,1149,957,192,7,89,96,0
204369,1830_1849,1835,A treatise on the geography and classification of animals,BHL,1,1148,952,196,7,89,100,0
204617,1830_1849,1835,A treatise on the geography and classification of animals,BHL,1,1155,966,189,7,84,98,0
40280,1830_1849,1835,A treatise on the geography and classification of animals,BHL,1,1159,969,190,7,85,98,0
51821,1830_1849,1836,"North American herpetology, or, A description of the reptiles inhabiting the United States",BHL,3,997,864,133,0,75,58,0
64988,1830_1849,1836,On the natural history and classification of birds,BHL,1,1026,670,356,5,247,104,0
100849,1830_1849,1836,"History of the development of the human ovum, with a comparative view of the development of the ova of mammalia and birds",BHL,1,132,119,13,0,1,12,1
2063,1830_1849,1836,A Manual of entomology,BHL,1,1200,781,419,0,252,167,0
130870,1830_1849,1836,On the Natural History and classification of Birds : vol. I and II,BHL,2,2219,1702,517,9,338,170,0
100851,1830_1849,1837,On the unity of structure in the animal kingdom,BHL,1,73,54,19,2,0,17,1
116047,1830_1849,1837,"Tales of animals, comprising quadrupeds, birds, fishes, reptiles and insects",BHL,1,974,822,152,8,137,7,0
149955,1830_1849,1837,Supplementary notes to the first and second edition of Dr. Buckland's Bridgewater treatise : with a plate of the fossil head and restored figure of the Dinotherium,BHL,1,71,61,10,0,8,2,1
12137,1830_1849,1837,"Illustrations of exotic entomology : containing upwards of six hundred and fifty figures and descriptions of foreign insects, interspersed with remarks and reflections on their nature and properties",BHL,2,1208,1126,82,10,43,29,0
17346,1830_1849,1837,The naturalist's library,BHL,2,798,714,84,3,26,55,0
14216,1830_1849,1838,The zoology of the voyage of H.M.S. Beagle ... during the years 1832-1836,BHL,6,4873,4442,431,0,181,250,0
10416,1830_1849,1838,"Illustrations of the zoology of South Africa : consisting chiefly of figures and descriptions of the objects of natural history collected during an expedition into the interior of South Africa, in the",BHL,10,4051,3661,390,3,119,268,0
87781,1830_1849,1838,"A Cornish Fauna : being a compendium of the Natural History of the County, intended to form a companion to the Collection in the Museum of the Royal Institution of Cornwall. Part 1, the vertebrate ani",BHL,1,597,561,36,0,26,10,0
108652,1830_1849,1838,On the influence of physical agents on life,BHL,1,958,876,82,0,62,20,0
110844,1830_1849,1838,A history of the British zoophytes,BHL,1,857,668,189,6,92,91,0
120098,1830_1849,1838,"A Cornish fauna; being a compendium of the natural history of the county, intented to form a companion to the collection in the Museum of the Royal Institution of Cornwall. Part 1, Containing the vert",BHL,1,478,422,56,3,41,12,0
121533,1830_1849,1838,"Medical zoology, and mineralogy : or, illustrations and descriptions of the animals and minerals employed in medicine, and of the preparations derived from them: including also an account of animal an",BHL,1,975,839,136,0,86,50,0
139052,1830_1849,1838,The natural history of the birds of Great Britain and Ireland,BHL,1,540,483,57,1,45,11,0
39827,1830_1849,1838,"The entomologist's text book : an introduction to the natural history, structure, physiology and classification of insects, including the Crustacea and Arachnida",BHL,1,1029,619,410,11,259,140,0
41853,1830_1849,1838,Animals in menageries,BHL,1,1200,1093,107,6,81,20,0
100073,1830_1849,1839,Researches in embryology. (Second series),BHL,1,268,258,10,0,3,7,1
100075,1830_1849,1839,Researches in embryology. (First series),BHL,1,198,188,10,0,1,9,1
100224,1830_1849,1839,Observations in reply to T. Wharton Jones's strictures,BHL,1,17,15,2,0,0,2,1
102120,1830_1849,1839,"The philosophy of marriage in its social, moral, and physical relations; with an account of the diseases of the genito-urinary organs ... with the physiology of generation in the vegetable and animal ",BHL,1,410,367,43,4,26,13,0
157772,1830_1849,1839,"Wanderings in South America, the north-west of the United States, and the Antilles, in the years 1812, 1816, 1820 and 1824 : with original instructions for the perfect preservation of birds and for ca",BHL,1,573,534,39,0,38,1,0
16157,1830_1849,1839,"The conchologist's first book, or, A system of testaceous malacology, arranged expressly for the use of schools : in which the animals, according to Cuvier, are given with the shells, a great number o",BHL,1,775,676,99,1,20,78,0
16281,1830_1849,1840,"Odontography; or, A treatise on the comparative anatomy of the teeth; their physiological relations, mode of development, and microscopic structure, in the vertebrate animals",BHL,4,2869,2038,831,2,356,473,0
152648,1830_1849,1840,"The book of the great sea-dragons, Ichthyosauri and Plesiosauri, [gedolim taninim] gedolim taninim, of Moses. Extinct monsters of the ancient earth. With thirty plates, copied from skeletons in the au",BHL,1,217,193,24,3,14,7,1
200120,1830_1849,1840,Portraits of the game and wild animals of southern Africa,BHL,1,820,752,68,1,63,4,0
8027,1830_1849,1840,"Treatise on Malacology; or, the natural classification of shells and shell fish.  By William Swainson ...",BHL,1,1200,908,292,1,61,230,0
62930,1830_1849,1841,"Description of the Missourium, or Missouri leviathan : together with its supposed habits and Indian traditions concerning the location from whence it was exhumed : also, comparisons of the whale, croc",BHL,1,66,62,4,1,1,2,1
2129,1830_1849,1841,"A history of British starfishes, and other animals of the class Echinodermata",BHL,1,666,585,81,0,41,40,0
110811,1830_1849,1841,"A general outline of the animal kingdom, and manual of comparative anatomy",BHL,1,1200,415,785,5,559,221,0
119693,1830_1849,1841,The Cornish fauna,BHL,1,603,572,31,0,20,11,0
120101,1830_1849,1841,"A Cornish fauna; being a compendium of the natural history of the county, intented to form a companion to the collection in the Museum of the Royal Institution of Cornwall. Part 2, Containing the test",BHL,1,421,328,93,0,21,72,0
15996,1830_1849,1841,"Conchologia systematica, or Complete system of conchology: in which the Lepades and conchiferous Mollusca are described and classified according to their natural organization and habits",BHL,2,1184,816,368,0,94,274,0
34179,1830_1849,1841,The entomological cabinet; being a natural history of British insects,BHL,1,437,357,80,2,70,8,0
41175,1830_1849,1841,"Exotic conchology : or figures and descriptions of rare, beautiful, or undescribed shells ...",BHL,1,214,206,8,0,0,8,1
12492,1830_1849,1842,"North American herpetology; or, A description of the reptiles inhabiting the United States",BHL,4,1329,1211,118,0,41,77,0
65767,1830_1849,1842,"Natural history of the insects of India, containing upwards of two hundred and twenty figures and descriptions",BHL,1,526,512,14,0,3,11,1
65817,1830_1849,1842,"Natural history of the insects of China, containing upwards of two hundred and twenty figures and descriptions",BHL,1,377,353,24,1,16,7,1
2079,1830_1849,1842,"Zoology of New York; or, The New York Fauna; comprising detailed descriptions of all the animals hitherto observed within the state of New York, with brief notices of those occasionally found near its",BHL,8,5928,5657,271,1,121,149,0
115528,1830_1849,1842,"The relative influence of the sexes considered, in reference to propagation, as well in man as in the lower ranks of animals",BHL,1,253,211,42,4,34,4,0
4997,1830_1849,1842,"North American herpetology; or, A description of the reptiles inhabiting the United States",BHL,5,1634,1491,143,0,61,82,0
159881,1830_1849,1842,The breeds of the domestic animals of the British Islands,BHL,1,1200,890,310,6,289,15,0
39838,1830_1849,1842,Natural history of New York,BHL,8,8408,8052,356,2,135,219,0
219712,1830_1849,1842,Natural history of the insects of India. Containing upwards of two hundred and twenty figures and descriptions,BHL,1,522,507,15,0,4,11,1
219716,1830_1849,1842,Natural history of the insects of India. Containing upwards of two hundred and twenty figures and descriptions,BHL,1,541,527,14,0,4,10,1
13735,1830_1849,1842,"Zoology of New York, or the New-York fauna : comprising detailed descriptions of all the animals hitherto observed within the state of New York, with brief notices of those occasionally found near its",BHL,1,1200,1145,55,0,11,44,0
59509,1830_1849,1843,Natural history of the fishes of Massachusetts : embracing a practical essay on angling : with fifty-four wood engravings,BHL,1,738,600,138,3,109,26,0
113849,1830_1849,1843,"Lectures on the comparative anatomy and physiology of the invertebrate animals : delivered at the Royal college of surgeons, in 1843",BHL,1,1198,686,512,9,246,257,0
164291,1830_1849,1843,The system of nature: an essay,BHL,1,344,232,112,7,47,58,0
216768,1830_1849,1843,"Lectures on the comparative anatomy and physiology of the invertebrate animals, delivered at the Royal College of Surgeons, in 1843",BHL,1,1200,617,583,3,305,275,0
216772,1830_1849,1843,"Lectures on the comparative anatomy and physiology of the invertebrate animals, delivered at the Royal College of Surgeons, in 1843",BHL,1,1200,612,588,2,321,265,0
216863,1830_1849,1843,"Lectures on the comparative anatomy and physiology of the invertebrate animals, delivered at the Royal College of Surgeons, in 1843",BHL,1,1200,613,587,0,312,275,0
14766,1830_1849,1843,The natural history of British fishes,BHL,1,821,702,119,4,46,69,0
14957,1830_1849,1843,"A history of the molluscous animals of the counties of Aberdeen, Kincardine and Banff, to which is appended an account of the cirripedal animals of the same district",BHL,1,1200,1052,148,0,22,126,0
16247,1830_1849,1843,"[An illustrated, enlarged, and English edition of Lamarck's Species of shells : comprising the whole of the recent additions in Deshayes' last French edition, with numerous species not noticed by that",BHL,1,854,821,33,0,0,33,0
53764,1830_1849,1844,"The zoology of the voyage of H.M.S. Sulphur : under the command of Captain Sir Edward Belcher, during the years 1836-42",BHL,2,407,385,22,0,2,20,1
59538,1830_1849,1844,"Elements of conchology : according to the Linnean system, illustrated by twenty-eight plates, drawn from nature",BHL,1,553,452,101,1,31,69,0
67094,1830_1849,1844,The pictorial museum of animated nature,BHL,1,1200,925,275,0,226,49,0
87783,1830_1849,1844,"A Cornish Fauna : being a compendium of the Natural History of the County, intended to form a companion to the Collection in the Museum of the Royal Institution of Cornwall. Part 3, The Zoophytes and ",BHL,1,719,628,91,0,40,51,0
120105,1830_1849,1844,"A Cornish fauna; being a compendium of the natural history of the county, intented to form a companion to the collection in the Museum of the Royal Institution of Cornwall. Part 3, Containing the zoop",BHL,1,668,585,83,0,36,47,0
124615,1830_1849,1844,"Illustrations of the recent conchology of Great Britain and Ireland : with the description and localities of all the species marine, land, and fresh water",BHL,1,1200,1071,129,0,19,110,0
183921,1830_1849,1844,"Referenda for Jamaica, rough sketches of plants & animals to help in identification",BHL,1,16,16,0,0,0,0,1
198024,1830_1849,1844,"Essays on natural history, chiefly ornithology. Second series: with a continuation of the autobiography of the author",BHL,1,443,418,25,7,18,0,1
11771,1830_1849,1844,"Arcana entomologica, or, Illustrations of new, rare, and interesting insects",BHL,1,1200,1089,111,2,17,92,0
14420,1830_1849,1844,Notes on natural history : selected from the Microscopic cabinet,BHL,1,151,103,48,2,34,12,0
51805,1830_1849,1845,"On the alternation of generations : or The propagation and development of animals through alternate generations / by Joh. Japetus Sm. Steenstrup ... Tr. from the German version of C.H. Lorenzen, by Ge",BHL,1,245,164,81,0,36,45,0
106813,1830_1849,1845,Animal chemistry with reference to the physiology and pathology of man,BHL,1,641,628,13,0,7,6,1
106817,1830_1849,1845,Animal chemistry with reference to the physiology and pathology of man,BHL,1,490,455,35,0,30,5,0
109907,1830_1849,1845,Animal chemistry : with reference to the physiology and pathology of man,BHL,1,646,633,13,0,8,5,1
110932,1830_1849,1845,Animal chemistry : with reference to the physiology and pathology of man,BHL,1,485,453,32,0,28,4,0
113852,1830_1849,1845,The natural history of animals,BHL,1,657,336,321,17,225,79,0
113853,1830_1849,1845,The natural history of animals,BHL,1,654,317,337,14,307,16,0
211040,1830_1849,1845,"A history of the fossil insects in the secondary rocks of England. Accompanied by a particular account of the strata in which they occur, and of the circumstances connected with their preservation",BHL,1,399,383,16,1,6,9,1
211579,1830_1849,1845,"Harmonia ruralis; or, An essay towards a natural history of British song birds : illustrated with figures, the size of life, of the birds, male and female, in their most natural attitudes, their nests",BHL,1,3,3,0,0,0,0,1
13767,1830_1849,1845,Natural history of birds : their architecture habits and faculties,BHL,1,681,544,137,24,112,1,0
16158,1830_1849,1845,"The conchologist's first book, or, A system of testaceous malachology, arranged expressly for the use of schools : in which the animals, according to Cuvier, are given with the shells, and a great num",BHL,1,769,671,98,1,17,80,0
10333,1830_1849,1845,"Illustrations of the land and fresh water conchology of Great Britain and Ireland, with figures, descriptions, and localities of all the species",BHL,1,552,498,54,0,9,45,0
48405,1830_1849,1846,"An introduction to entomology; or, Elements of the natural history of insects: comprising an account of noxious and useful insects, of their metamorphoses, food, stratagems, habitations, societies, mo",BHL,1,1200,905,295,34,248,13,0
65995,1830_1849,1846,[Miscellaneous papers on insects],BHL,2,1434,1313,121,3,88,30,0
84784,1830_1849,1846,Gleanings from the menagerie and aviary at Knowsley Hall,BHL,2,841,804,37,0,13,24,0
4789,1830_1849,1846,Structure and classification of zoophytes,BHL,1,492,374,118,1,44,73,0
113850,1830_1849,1846,"Lectures on the comparative anatomy and physiology of the vertebrate animals : delivered at the Royal College of Surgeons of England, in 1844 and 1846 ... Part 1. Fishes",BHL,1,1200,610,590,3,319,268,0
115683,1830_1849,1846,"Lectures on the comparative anatomy and physiology of the vertebrate animals : delivered at the Royal College of Surgeons of England, in 1844 and 1846. Part 1 Fishes",BHL,1,1200,694,506,8,246,252,0
217232,1830_1849,1846,"A history of British fossil mammals, and birds",BHL,1,1154,1016,138,2,49,87,0
13539,1830_1849,1846,"Lectures on the comparative anatomy and physiology of the vertebrate animals, delivered at the Royal College of Surgeons of England, in 1844 and 1846",BHL,1,1200,680,520,11,242,267,0
16045,1830_1849,1846,"Initiamenta conchologica, or, Elements of conchology : comprising the physiological history of shells and their molluscous inhabitants : their structure, geographical distribution, habits, characters,",BHL,1,642,436,206,1,90,115,0
53461,1830_1849,1847,"Illustrations of Indian ornithology : containing fifty figures of new, unfigured and interesting species of birds, chiefly from the south of India",BHL,1,447,433,14,0,7,7,1
65519,1830_1849,1847,Comparative osteology: being morphological studies to demonstrate the archetype skeleton of vertebrated animals,BHL,1,796,673,123,25,2,96,0
110427,1830_1849,1847,"The human brain; its structure, physiology and diseases. With a description of the typical forms of brain in the animal kingdom",BHL,1,1083,919,164,7,71,86,0
8129,1830_1849,1847,"Conchologia iconica, or, Illustrations of the shells of molluscous animals",BHL,2,2400,2313,87,0,13,74,0
1795,1830_1849,1848,"Principles of zoology : touching the structure, development, distribution and natural arrangement of the races of animals, living and extinct; with numerous illustrations. For the use of schools and c",BHL,1,789,537,252,5,138,109,0
118611,1830_1849,1848,On the archetype and homologies of the vertebrate skeleton,BHL,1,969,614,355,11,145,199,0
120176,1830_1849,1848,The zoology of the voyage of H.M.S. Samarang; under the command of Captain Sir Edward Belcher ... during the years 1843-1846,BHL,1,65,57,8,0,2,6,1
217312,1830_1849,1848,Mammalia and ornithology,BHL,1,951,912,39,0,25,14,0
43794,1830_1849,1848,"The dodo and its kindred; or, The history, affinities, and osteology of the dodo, solitaire, and other extinct birds of the islands Mauritius, Rodriguez and Bourbon",BHL,1,585,495,90,5,56,29,0
46365,1830_1849,1849,A monograph of the Entomostraca of the Cretaceous formation of England,BHL,1,124,114,10,0,2,8,1
51357,1830_1849,1849,The natural history of Ireland,BHL,4,4800,4710,90,2,79,9,0
70845,1830_1849,1849,Zoophytes,BHL,1,87,87,0,0,0,0,1
1858,1830_1849,1849,"Twelve lectures on comparative embryology, delivered before the Lowell Institute, in Boston, December and January, 1848-9",BHL,1,752,480,272,0,68,204,0
106755,1830_1849,1849,Monograph on the fossil reptilia of the London clay,BHL,1,607,469,138,0,58,80,0
107491,1830_1849,1849,Monograph on the fossil reptilia of the London clay,BHL,1,728,621,107,0,21,86,0
120169,1830_1849,1849,"The zoology of the voyage of H.M.S. Samarang; under the command of Captain Sir Edward Belcher ... during the years 1843-1846. No. 4, Crustacea, part II / by Arthur Adams & Adam White",BHL,1,129,120,9,0,6,3,1
120442,1830_1849,1849,"Illustrations of the zoology of South Africa : consisting chiefly of figures and descriptions of the objects of natural history collected during an expedition into the interior of South Africa, in the",BHL,1,863,799,64,1,32,31,0
120508,1830_1849,1849,"Illustrations of the zoology of South Africa : consisting chiefly of figures and descriptions of the objects of natural history collected during an expedition into the interior of South Africa, in the",BHL,1,309,276,33,0,8,25,0
156764,1830_1849,1849,"Illustrations of the fossil conchology of Great Britain and Ireland, with the description. And localities of all the species",BHL,1,1200,1104,96,0,8,88,0
12502,1830_1849,1849,Illustrations of the fossil conchology of Great Britain and Ireland : with the description and localities of all the species,BHL,1,1200,1096,104,0,2,102,0
176365,1830_1849,1849,History of the mammalia,BHL,1,905,705,200,1,163,36,0
34494,1830_1849,1849,"The animal kingdom : arranged after its organization, forming a natural history of animals, and an introduction to comparative anatomy",BHL,1,1200,673,527,2,269,256,0
7529,1830_1849,1849,A history of British fossil reptiles,BHL,2,354,352,2,0,1,1,1
13969,1850_1869,1845,Description of the plates of the Fauna antiqua sivalensis,BHL,2,663,652,11,0,1,10,1
11875,1850_1869,1848,A monograph of the Crag Mollusca; with descriptions of shells from the upper Tertiaries of the British Isles,BHL,2,2233,1947,286,0,49,237,0
11876,1850_1869,1848,"A monograph of the Crag mollusca; or, Descriptions of shells from the middle and upper Tertiaries of the east of England",BHL,2,2248,1956,292,0,50,242,0
3845,1850_1869,1850,On the principles of classification in the animal kingdom,BHL,1,67,49,18,0,3,15,1
39641,1850_1869,1850,The natural history of the British Entomostraca,BHL,3,2912,2421,491,0,315,176,0
1827,1850_1869,1850,"Lake Superior: its physical character, vegetation, and animals, compared with those of other and similar regions",BHL,1,1200,1087,113,2,16,95,0
107492,1850_1869,1850,Monograph on the fossil reptilia of the London clay,BHL,1,1200,1068,132,0,31,101,0
197509,1850_1869,1850,"The invisible world revealed by the microscope ; or, thoughts on animalcules",BHL,1,191,141,50,1,23,26,0
44966,1850_1869,1850,"A pictorial atlas of fossil remains : consisting of coloured illustrations selected from Parkinson's ""Organic remains of a former world,"" and Artis's ""Antediluvian phytology""",BHL,1,562,500,62,0,28,34,0
1816,1850_1869,1851,"Principles of zoölogy : touching the structure, development, distribution, and natural arrangement of the races of animals, living and extinct, with numerous illustrations : part I, Comparative physio",BHL,2,1549,1029,520,12,288,220,0
113856,1850_1869,1851,"Outlines of comparative physiology : touching the structure and development of the races of animals, living and extinct",BHL,1,1200,806,394,7,195,192,0
151789,1850_1869,1851,An attempt to classify the Longicorn Coleoptera of the part of America north of Mexico,BHL,1,56,54,2,0,0,2,1
6879,1850_1869,1851,Natural history : Fishes,BHL,1,752,554,198,2,112,84,0
13765,1850_1869,1851,"Contributions to the natural history of the fresh water fishes of North America. I, A monograph of the cottoids",BHL,1,475,435,40,0,8,32,0
19821,1850_1869,1851,"Petrifactions and their teachings, or, A hand-book to the gallery of organic remains of the British Museum",BHL,1,1200,1055,145,0,65,80,0
11606,1850_1869,1851,Outlines of general zoology,BHL,1,1200,842,358,0,213,145,0
50066,1850_1869,1852,Popular British entomology; containing a familiar and technical description of the insects most common to the localities of the British Isles,BHL,1,497,341,156,13,91,52,0
56204,1850_1869,1852,"A practical treatise on the use of the microscope, including the different methods of preparing and examining animal, vegetable, and mineral structures",BHL,1,510,458,52,0,42,10,0
122851,1850_1869,1852,Entomology : exotic moths,BHL,1,441,393,48,3,18,27,0
13361,1850_1869,1852,Leaves from the note book of a naturalist,BHL,1,1155,1009,146,7,122,17,0
41419,1850_1869,1852,"The naturalist's library : containing scientific and popular descriptions of man, quadrupeds, birds, fishes, reptiles and insects",BHL,1,1200,859,341,6,261,74,0
56319,1850_1869,1853,A flora and fauna within living animals,BHL,1,197,178,19,0,10,9,1
56939,1850_1869,1853,"American ornithology, with notes by Jardine.  To which is added a synopsis of American birds, including those described by Bonaparte, Audubon, Nuttall, and Richardson, by T.M. Brewer",BHL,1,1200,1085,115,10,86,19,0
62998,1850_1869,1853,Description of the fossil remains of Mollusca found in the chalk of England : Cephalopoda,BHL,1,275,242,33,0,0,33,0
100110,1850_1869,1853,[Comments on three papers written by Martin Barry],BHL,1,10,10,0,0,0,0,1
122843,1850_1869,1853,Entomology : introduction to Entomology,BHL,1,691,459,232,2,168,62,0
151045,1850_1869,1853,Popular British ornithology : containing a familiar and technical description of the birds of the British Isles,BHL,1,772,627,145,3,130,12,0
13203,1850_1869,1853,A monograph of the Mollusca from the Great Oolite : chiefly from Minchinhampton and the coast of Yorkshire,BHL,1,533,449,84,0,5,79,0
16077,1850_1869,1853,"The ancient fauna of Nebraska: a description of remains of extinct mammalia and chelonia, from the Mauvaises Terres of Nebraska",BHL,1,415,397,18,0,9,9,1
42528,1850_1869,1853,A naturalist's rambles on the Devonshire coast,BHL,1,763,696,67,1,51,15,0
43409,1850_1869,1853,A natural history of the nests and eggs of British birds,BHL,1,306,286,20,2,18,0,1
52150,1850_1869,1854,"Contributions to British palæontology : or, First descriptions of three hundred and sixty species and several genera of fossil Radiata, Articulata, Mollusca, and Pisces from the Tertiary, Cretaceous, ",BHL,1,624,478,146,0,3,143,0
56403,1850_1869,1854,"Wilson's American ornithology, with notes by Jardine.  To which is added a synopsis of American birds, including those described by Bonaparte, Audubon, Nuttall, and Richardson, by T.M. Brewer",BHL,1,1200,1077,123,6,99,18,0
13369,1850_1869,1854,On the serpents of New York; with a notice of a species not hitherto included in the fauna of the state,BHL,2,282,274,8,0,0,8,1
56726,1850_1869,1854,"The animal kingdom : arranged after its organization, forming a natural history of animals and an introduction to comparative anatomy",BHL,1,1200,664,536,2,259,275,0
67721,1850_1869,1854,"Insecta britannica. [vol. III], Lepidoptera: Tineina",BHL,1,1200,1116,84,0,38,46,0
110040,1850_1869,1854,Comparative anatomy,BHL,1,1200,885,315,0,171,144,0
116753,1850_1869,1854,Researches upon nemerteans and planarians,BHL,1,103,93,10,1,1,8,1
13968,1850_1869,1854,Remarks on some fossil impressions in the sandstone rocks of Connecticut River,BHL,1,85,76,9,0,1,8,1
41446,1850_1869,1854,"The naturalist's library : containing scientific and popular descriptions of man, quadrupeds, birds, fishes, reptiles and insects",BHL,1,1200,868,332,6,243,83,0
55451,1850_1869,1855,"A history of the vegetable kingdom; embracing the physiology of plants, with their uses to man and the lower animals, and their application in the arts, manufactures, and domestic economy. Illus. by s",BHL,1,1200,1094,106,1,72,33,0
55785,1850_1869,1855,"The plant, an illustration of the organic life of the animal",BHL,2,717,506,211,1,132,78,0
60405,1850_1869,1855,"The Zoology of the voyage of H.M.S. Samarang, under the command of Captain Sir Edward Belcher, C.B., F.R.A.S., F.G.S., during the years 1843-1846",BHL,1,885,815,70,0,28,42,0
1717,1850_1869,1855,"A history of the British marine testaceous mollusca, distributed in their natural order on the basis of the organization of the animals",BHL,1,1200,964,236,0,121,115,0
110428,1850_1869,1855,General outline of the organization of the animal kingdom and manual of comparative anatomy,BHL,1,1200,499,701,4,491,206,0
112962,1850_1869,1855,The mammals of Australia,BHL,4,1238,1070,168,0,125,43,0
15999,1850_1869,1855,"Beautiful shells : their nature, structure, and uses familiarly explained, with directions for collecting, cleaning, and arranging them in the cabinet : descriptions of the most remarkable species, an",BHL,1,229,157,72,3,55,14,0
46366,1850_1869,1856,A monograph of the Tertiary Entomostraca of England,BHL,1,170,161,9,0,1,8,1
57511,1850_1869,1856,"The amateur's guide and flower-garden directory: containing every requisite detail for the successful cultivation of the flower-garden.  Embracing the classification of the best varieties of roses, an",BHL,1,88,88,0,0,0,0,1
57533,1850_1869,1856,On the variation of species : with especial reference to the Insecta : followed by an inquiry into the nature of genera,BHL,2,904,855,49,5,26,18,0
109904,1850_1869,1856,Ovum,BHL,1,996,767,229,0,46,183,0
132277,1850_1869,1856,Descriptions of terrestrial shells of North America,BHL,1,196,183,13,0,1,12,1
52110,1850_1869,1857,Monograph on the British fossil Echinodermata of the oolitic formations,BHL,1,1200,1038,162,0,14,148,0
79168,1850_1869,1857,"Life in its lower, intermediate, and higher forms, or, Manifestations of the Divine Wisdom in the natural history of animals",BHL,1,826,539,287,23,188,76,0
99116,1850_1869,1857,"On animal and vegetable parasites of the human body a manual of their natural history, diagnosis, and treatment",BHL,1,959,836,123,0,86,37,0
103143,1850_1869,1857,Detailed abstracts of papers on 1.- The morphological relations of the nervous systems in the annulose and vertebrate types of organization. 2.- The morphological constitution of the skeleton of the v,BHL,1,362,225,137,0,28,109,0
104579,1850_1869,1857,"On animal and vegetable parasites of the human body a manual of their natural history, diagnosis, and treatment",BHL,1,1200,1037,163,0,84,79,0
8433,1850_1869,1857,"Insect architecture: to which are added, Miscellanies, on the ravages, the preservation for purposes of study, and the classification of insects",BHL,1,1200,934,266,9,248,9,0
119938,1850_1869,1857,"Life in its lower, intermediate, and higher forms : or, manifestations of the divine wisdom in the natural history of animals",BHL,1,860,548,312,24,202,86,0
171558,1850_1869,1857,Figures of molluscous animals : selected from various authors : etched for the use of students,BHL,1,101,95,6,0,1,5,1
12644,1850_1869,1857,Contributions to the natural history of the United States of America,BHL,5,4404,3595,809,6,211,592,0
24333,1850_1869,1857,"River gardens; being an account of the best methods of cultivating fresh-water plants in aquaria, in such a manner as to afford suitable abodes to ornamental fish, and many interesting kinds of aquati",BHL,1,189,167,22,0,22,0,1
10536,1850_1869,1857,Popular history of the aquarium of marine and fresh-water animals and plants,BHL,1,653,504,149,2,125,22,0
14410,1850_1869,1857,A popular history of British Crustacea : comprising a familiar account of their classification and habits,BHL,1,823,692,131,0,105,26,0
66051,1850_1869,1858,"The butterfly vivarium; or, Insect home: being an account of a new method of observing the curious metamorphoses of some of the most beautiful of our native insects.  Comprising also a popular descrip",BHL,2,1030,787,243,2,175,66,0
61477,1850_1869,1858,Herpetology,BHL,1,56,56,0,0,0,0,1
1757,1850_1869,1858,The aquarian naturalist. A manual for the sea-side,BHL,1,1028,771,257,11,218,28,0
101877,1850_1869,1858,The rat: its history & destructive character,BHL,1,1200,1117,83,3,80,0,0
101913,1850_1869,1858,A new theory of the flight of birds,BHL,1,67,45,22,0,22,0,1
110429,1850_1869,1858,"On the mode of formation of shells of animals, of bone, and of several other structures by a process of molecular coalescence, demonstrable in certain artificially formed products",BHL,1,207,176,31,0,15,16,0
13836,1850_1869,1858,Contributions to the fauna of Chile,BHL,1,399,383,16,0,0,16,1
14075,1850_1869,1858,Remains of domestic animals discovered among Post-Pleiocene fossils in South Carolina,BHL,1,44,40,4,0,1,3,1
15051,1850_1869,1858,Figures and descriptions of Canadian organic remains,BHL,4,992,865,127,0,28,99,0
13243,1850_1869,1859,"The naturalist in Bermuda; a sketch of the geology, zoology, and botany of that remarkable group of islands; together with meteorological observations",BHL,1,537,525,12,1,11,0,1
82303,1850_1869,1859,"On the origin of species by means of natural selection, or, The preservation of favoured races in the struggle for life",BHL,1,1200,1032,168,0,141,27,0
1178,1850_1869,1859,"On the classification and geographical distribution of the Mammalia, being a lecture on Sir Robert Reade's foundation, delivered before the University of Cambridge ... May 10, 1859. To which is added ",BHL,1,334,218,116,5,45,66,0
1831,1850_1869,1859,An essay on classification,BHL,1,1026,798,228,11,22,195,0
102302,1850_1869,1859,"Illustrated natural history of the animal kingdom : being a systematic and popular description of the habits, structure, and classification of animals from the highest to the lowest forms, with their ",BHL,2,2400,1889,511,8,408,95,0
103118,1850_1869,1859,On the frequent occurrence of vegetable parasites in the hard structures of animals,BHL,1,21,17,4,0,3,1,1
135299,1850_1869,1859,"The domestic animals: embracing. I, The horse-to breed, break, feed, manage and cure",BHL,1,1200,985,215,5,207,3,0
159388,1850_1869,1859,[Collected articles from The Ibis on the ornithology of Central America],BHL,1,1111,1087,24,0,19,5,1
199159,1850_1869,1859,"National Museum, Victoria, Register Zoological Collection",BHL,2,268,268,0,0,0,0,1
211188,1850_1869,1859,"On the origin of species by means of natural selection, or, The preservation of favoured races in the struggle for life",BHL,1,1200,1025,175,0,151,24,0
15229,1850_1869,1859,The illustrated natural history,BHL,3,3600,2902,698,6,610,82,0
16184,1850_1869,1859,Dura Den : a monograph of the yellow sandstone and its remarkable fossil remains,BHL,1,187,164,23,1,8,14,1
42502,1850_1869,1859,"Glaucus, or, The wonders of the shore",BHL,1,264,235,29,2,19,8,1
56157,1850_1869,1860,Stray notes on fishing and natural history,BHL,1,508,483,25,0,25,0,1
56200,1850_1869,1860,Studies in animal life,BHL,1,325,265,60,1,24,35,0
56964,1850_1869,1860,"Evenings at the microscope : or, researches among the minuter organs and forms of animal life",BHL,1,1046,780,266,17,195,54,0
1025,1850_1869,1860,Studies in animal life.  By George Henry Lewes,BHL,1,327,267,60,1,26,33,0
2052,1850_1869,1860,Vestiges of the natural history of creation,BHL,1,1175,886,289,28,152,109,0
110430,1850_1869,1860,"A natural history of the animal kingdom being a systematic and popular description of the habits, structure, and classification of animals, from the lowest to the highest forms. Arranged according to ",BHL,1,1200,750,450,1,308,141,0
115620,1850_1869,1860,"Gatherings of a naturalist in Australasia : being observations principally on the animal and vegetable productions of New South Wales, New Zealand, and some of the Austral Islands",BHL,1,1200,1065,135,1,128,6,0
116655,1850_1869,1860,The sea and its living wonders,BHL,1,1197,952,245,4,218,23,0
13917,1850_1869,1860,"Palaeontology, or, A systematic summary of extinct animals and their geological relations",BHL,1,1050,774,276,1,93,182,0
16046,1850_1869,1860,Elements of conchology : an introduction to the natural history of shells and of the animals which form them,BHL,1,1200,853,347,1,112,234,0
95239,1850_1869,1861,"Sketches of the natural history of Ceylon : with narratives and anecdotes illustrative of the habits and instincts of the mammalia, birds, reptiles, fishes, insects, &c. : including a monograph of the",BHL,2,2400,2160,240,6,219,15,0
57458,1850_1869,1861,"The principles of breeding, or, Glimpses at the physiological laws involved in the reproduction and improvement of domestic animals",BHL,1,275,213,62,4,52,6,0
110760,1850_1869,1861,"The genetic cycle in organic nature; or, the succession of forms in the propagation of plants and animals",BHL,1,555,420,135,0,34,101,0
150060,1850_1869,1861,Zoological sketches,BHL,2,590,536,54,0,45,9,0
172558,1850_1869,1861,"Caterpillars, butterflies, & moths : an account of their habits, manners, and transformations",BHL,1,374,298,76,2,73,1,0
10714,1850_1869,1861,"Marvels of pond-life : or, A year's microscopic recreations among the polyps, infusoria, rotifers, water-bears, and polyzoa",BHL,1,308,241,67,2,42,23,0
42526,1850_1869,1861,Forest creatures,BHL,1,647,618,29,0,29,0,1
53118,1850_1869,1862,"The birds of India : being a natural history of all the birds known to inhabit continental India, with descriptions of the species, genera, families, tribes, and orders, and a brief notice of such fam",BHL,3,3600,3305,295,1,168,126,0
56284,1850_1869,1862,A treatise on some of the insects injurious to vegetation,BHL,1,1200,1002,198,4,141,53,0
106842,1850_1869,1862,Synopsis of the contents of the museum of the Royal College of Surgeons of England,BHL,1,297,256,41,0,17,24,0
16342,1850_1869,1862,"British conchology, or, An account of the Mollusca which now inhabit the British Isles and the surrounding seas",BHL,5,5237,4650,587,5,280,302,0
46774,1850_1869,1863,Bibliography of North American conchology previous to the year 1860,BHL,2,1015,1015,0,0,0,0,1
54211,1850_1869,1863,Methods of study in natural history,BHL,2,1182,798,384,16,94,274,0
55382,1850_1869,1863,"The angler-naturalist; a popular history of British fresh-water fish, with a plain explanation of the rudiments of ichthyology",BHL,1,1037,875,162,0,98,64,0
59689,1850_1869,1863,On the classification of the Brachyura and on the homologies of the antennary joints in Decapod Crustacea,BHL,1,15,11,4,0,2,2,1
99586,1850_1869,1863,"Researches on the development of the spinal cord in man, mammalia, and birds",BHL,1,89,85,4,0,0,4,1
103821,1850_1869,1863,"Photographic conchology, a second, or photographic series, of the Conchological miscellany. The photographs, forming a sequence to the Index testaceologicus (Hanley's edition), illustrative of species",BHL,1,26,26,0,0,0,0,1
39636,1850_1869,1863,"Principles of zoölogy : touching the structure, development, distribution, and natural arrangement of the races of animals, living and extinct with numerous illustrations : Part 1, Comparative physiol",BHL,1,591,368,223,6,123,94,0
45796,1850_1869,1863,Evidence as to man's place in nature /  by Thomas Henry Huxley,BHL,1,401,351,50,0,17,33,0
55811,1850_1869,1864,"The complete writings of Constantine Smaltz Rafinesque, on recent & fossil conchology",BHL,1,236,212,24,0,3,21,1
57791,1850_1869,1864,"The American angler's book: embracing the natural history of sporting fish, and the art of taking them. With instructions in fly-fishing, fly-making, and rod-making; and directions for fish-breeding. ",BHL,1,1200,1129,71,1,57,13,0
919,1850_1869,1864,"The utilization of minute life; being practical studies on insects, Crustacea, Moll sca, worms, polypes, Infusoria, and sponges. By Dr. T. L. Phipson",BHL,1,628,562,66,0,55,11,0
105365,1850_1869,1864,Metamorphoses of man and the lower animals,BHL,1,854,645,209,0,118,91,0
35828,1850_1869,1864,"The herring, its natural history and national importance",BHL,1,818,796,22,2,18,2,1
69671,1850_1869,1865,Palæozoic fossils,BHL,3,2930,2751,179,0,31,148,0
54700,1850_1869,1865,"The American angler's book; embracing the natural history of sporting fish, and the art of taking them. With instructions in Fly-fishing, fly-making, and rod-making; and directions for fish-breeding. ",BHL,1,1200,1127,73,4,57,12,0
1343,1850_1869,1865,"Mind in nature; or The origin of life, and the mode of development of animals",BHL,1,836,597,239,0,70,169,0
1741,1850_1869,1865,"Natural history : a manual of zoology for schools, colleges, and the general reader",BHL,1,1200,772,428,0,213,215,0
1802,1850_1869,1865,Seaside studies in natural history,BHL,1,450,355,95,0,49,46,0
102833,1850_1869,1865,"Memoir on the gorilla (Troglodytes Gorilla, savage)",BHL,1,299,273,26,0,6,20,1
105867,1850_1869,1865,"Mind in nature, or, The origin of life, and the mode of development of animals",BHL,1,828,577,251,0,84,167,0
118650,1850_1869,1865,On the scientific investigation of disease in animals and man,BHL,1,28,28,0,0,0,0,1
5549,1850_1869,1865,The fishes of Malabar,BHL,2,2400,2284,116,0,18,98,0
173224,1850_1869,1865,Palaeontology of Niti in the Northern Himalaya: being descriptions and figures of the Palaeozoic and secondary fossils collected by Colonel Richard Strachey ...,BHL,1,349,332,17,0,0,17,1
213441,1850_1869,1865,The tertiary rocks of South Australia,BHL,1,64,60,4,0,0,4,1
39830,1850_1869,1865,Cretaceous reptiles of the United States,BHL,1,591,565,26,0,12,14,1
53548,1850_1869,1866,Exotic ornithology : containing figures and descriptions of new or rare species of American birds,BHL,1,526,499,27,0,0,27,1
53733,1850_1869,1866,"A monograph of the British fossil Crustacea, belonging to the order Merostomata",BHL,1,793,694,99,0,53,46,0
54569,1850_1869,1866,British bees : an introduction to the study of the natural history and economy of the bees indigenous to the British Isles,BHL,3,2781,1985,796,17,624,155,0
54774,1850_1869,1866,"Homes without hands. : Being a description of the habitations of animals, classed according to their principle of construction",BHL,1,1200,954,246,0,234,12,0
55405,1850_1869,1866,"The sportsman and naturalist in Canada, or Notes on the natural history of the game, game birds, and fish of that country",BHL,1,655,599,56,0,51,5,0
55454,1850_1869,1866,On the anatomy of vertebrates,BHL,1,1200,776,424,3,230,191,0
57536,1850_1869,1866,"Homes without hands : being a description of the habitations of animals, classed according to their principle of construction",BHL,1,1200,936,264,2,252,10,0
990,1850_1869,1866,On the anatomy of vertebrates ...,BHL,2,2400,1729,671,5,385,281,0
103120,1850_1869,1866,"On the non-identity of the parasites met with in Favus, Tinea Tonsurans, and Pityriasis Versicolor including, proofs derived from the occurrence of these diseases amongst the lower animals, and their ",BHL,1,42,42,0,0,0,0,1
110763,1850_1869,1866,Curiosities of natural history,BHL,1,758,732,26,1,25,0,1
110764,1850_1869,1866,Curiosities of natural history,BHL,1,577,548,29,0,28,1,1
155045,1850_1869,1866,"Pseudorca crassidens, a cetacean hitherto unknown in the Danish fauna",BHL,1,129,121,8,0,3,5,1
157030,1850_1869,1866,"Observations on the arrested twin development of Jean Battista Dos Santos, born at Faro in Portugal in 1846",BHL,1,23,20,3,0,2,1,1
13630,1850_1869,1866,The birds of Middlesex. A contribution to the natural history of the county,BHL,1,813,782,31,0,25,6,0
13790,1850_1869,1866,On the structures and distribution of the genera of the arciferous Anura,BHL,1,187,158,29,0,16,13,1
50872,1850_1869,1867,"Man: where, whence, and whither, being a glance at man in his natural-history relations",BHL,1,224,191,33,3,12,18,0
51200,1850_1869,1867,"Sketches of the inhabitants, animal life and vegetation in the lowlands and high mountains of Ceylon :  as well as of the submarine scenery near the coast taken from a diving bell",BHL,1,26,25,1,0,1,0,1
54173,1850_1869,1867,The mammals of India : a natural history of all the animals known to inhabit continental India,BHL,1,1200,1064,136,0,78,58,0
65988,1850_1869,1867,"An introduction to entomology: or, Elements of the natural history of insects: comprising an account of noxious and useful insects, of their metamorphoses, food, stratagems, habitations, societies, mo",BHL,1,1200,900,300,31,257,12,0
102084,1850_1869,1867,Physiology at the farm in aid of rearing and feeding the live stock,BHL,1,1200,969,231,0,192,39,0
115863,1850_1869,1867,"On local anaesthesia by ether spray, as a means for the entire extinction of pain in operations on the inferior animals",BHL,1,29,28,1,0,1,0,1
150147,1850_1869,1867,Preliminary notice of new genera and species of fossils,BHL,1,14,9,5,0,0,5,1
61215,1850_1869,1868,The variation of animals and plants under domestication,BHL,2,2400,2170,230,0,184,46,0
1322,1850_1869,1868,A history of the British hydroid zoophytes,BHL,2,809,728,81,0,42,39,0
99946,1850_1869,1868,A history of the British hydroid zoophytes,BHL,2,809,728,81,0,44,37,0
99574,1850_1869,1868,The ocean world: being a descriptive history of the sea and its living inhabitants,BHL,1,1200,879,321,4,218,99,0
120024,1850_1869,1868,The ocean world : being a descriptive history of the sea and its living inhabitants,BHL,1,1200,889,311,5,206,100,0
212485,1850_1869,1868,"Natural history of birds : lectures on ornithology, in ten parts. Part I",BHL,1,85,60,25,3,9,13,1
11773,1850_1869,1868,"Appendix to the Manual of Mollusca of S.P. Woodward, A.L.S. : containing such recent and fossil shells as are not mentioned in the second edition of that work",BHL,1,421,321,100,0,5,95,0
13652,1850_1869,1868,The birds of Berkshire and Buckinghamshire : a contribution to the natural history of the two counties,BHL,1,700,681,19,0,16,3,1
16203,1850_1869,1868,Entomological notes,BHL,1,820,785,35,0,5,30,0
39609,1850_1869,1868,"The living world : containing descriptions of the several races of men, and all species of animals, birds, fishes, insects, etc., etc. : with numerous anecdotes, illustrative of their instincts, reaso",BHL,2,2400,1872,528,12,393,123,0
49461,1850_1869,1869,"The Malay Archipelago : the land of the orang-utan and the bird of paradise : a narrative of travel, with studies of man and nature",BHL,2,1501,1436,65,0,58,7,0
49464,1850_1869,1869,Darwinism tested by the science of language,BHL,1,59,58,1,0,0,1,1
57846,1850_1869,1869,Our own birds; a familiar natural history of the birds of the United States,BHL,1,602,527,75,5,68,2,0
1071,1850_1869,1869,An introduction to the classification of animals,BHL,1,515,269,246,0,72,174,0
1832,1850_1869,1869,Methods of study in natural history,BHL,1,585,386,199,8,49,142,0
105633,1850_1869,1869,Facts and arguements for Darwin,BHL,1,357,272,85,1,44,40,0
110765,1850_1869,1869,"The microscope: its history, construction, and application being a familiar introduction to the use of the instrument and the study of microscopical sciences",BHL,1,1200,899,301,3,185,113,0
119225,1850_1869,1869,"The Siamese twins, Chang and Eng : a biographical sketch",BHL,1,12,12,0,0,0,0,1
131886,1850_1869,1869,"The Malay archipelago : the land of the Orang-Utan, and the bird of paradise : a narrative of travel, with studies of man and nature",BHL,1,767,736,31,0,26,5,0
134833,1850_1869,1869,"The Malay archipelago : the land of the Orang-Utan, and the bird of paradise : a narrative of travel, with studies of man and nature",BHL,1,716,684,32,0,29,3,0
159380,1850_1869,1869,"Index to the fossil remains of Aves, Ornithosauria, and Reptilia, from the secondary system of strata arranged in the Woodwardian Museum of the University of Cambridge",BHL,1,426,415,11,0,1,10,1
40342,1850_1869,1869,"The museum of natural history, with introductory essay on the natural history of the primeval world : being a popular account of the structure, habits, and classification of the various departments of",BHL,3,2511,1811,700,10,457,233,0
15306,1850_1869,1869,My scrap book: or rough notes on Indian zoology and ornithology,BHL,1,1200,1177,23,0,14,9,1
15455,1850_1869,1869,"Hortus Gramineus Woburnensis; or, An account of the results of experiments on the produce and nutritive qualities of different grasses, &c. &c., used as the food of the more valuable domestic animals;",BHL,1,623,581,42,0,32,10,0
39566,1870_1889,1867,Cretaceous fauna of southern India,BHL,2,2400,2026,374,0,33,341,0
46985,1870_1889,1870,Additional observations on the parasites of man and domestic animals,BHL,1,99,91,8,0,6,2,1
46986,1870_1889,1870,The external and internal parasites of [man and] domestic animals,BHL,1,639,539,100,0,74,26,0
50867,1870_1889,1870,On comparative longevity in man and the lower animals,BHL,1,218,195,23,3,15,5,1
51631,1870_1889,1870,"Systematic lists illustrative of the Flora, Fauna, Palaeontology, and Archaeology of the North of Ireland",BHL,1,1200,1189,11,0,1,10,1
55740,1870_1889,1870,The external and internal parasites of man and domestic animals,BHL,1,644,545,99,0,75,24,0
55774,1870_1889,1870,"Beeton's book of poultry and domestic animals: showing how to rear and manage them, in sickness and in health",BHL,1,1200,1034,166,1,159,6,0
57004,1870_1889,1870,"Observations on the geology and zoology of Abyssinia, made during the progress of the British expedition to that country in 1867-68",BHL,1,1136,1110,26,0,19,7,1
60499,1870_1889,1870,"Synopsis of the extinct batrachia, reptilia and aves of North America",BHL,1,1200,1069,131,0,42,89,0
1826,1870_1889,1870,"Outlines of comparative physiology touching the structure and development of the races of animals, living and extinct : for the use of schools and colleges",BHL,1,1200,799,401,8,214,179,0
99621,1870_1889,1870,A manual of zoology for the use of students : with a general introduction on the principles of zoology,BHL,1,1200,644,556,0,251,305,0
101554,1870_1889,1870,[Every man his own cattle doctor,BHL,1,1200,1094,106,2,94,10,0
102775,1870_1889,1870,Forms of animal life,BHL,1,1200,715,485,0,164,321,0
110767,1870_1889,1870,"Observations on the ciliary muscle in fish, birds and quadrupeds",BHL,1,30,25,5,0,5,0,1
122491,1870_1889,1870,"The transformations (or metamorphoses) of insects : (Insecta, Myriapoda, Arachnida, and Crustacea)",BHL,1,1200,768,432,4,335,93,0
14762,1870_1889,1870,"Molluscan fauna of New Haven, by George H. Perkins (review)",BHL,1,7,7,0,0,0,0,1
37960,1870_1889,1870,Birds of Marlborough; being a contribution to the ornithology of the district,BHL,1,341,334,7,0,7,0,1
49320,1870_1889,1871,A manual of the anatomy of the vertebrated animals,BHL,1,1200,926,274,0,75,199,0
54117,1870_1889,1871,"The birds of Shakespeare; critically examined, explained, and illustrated",BHL,1,746,705,41,1,40,0,0
54812,1870_1889,1871,The birds of Shakespeare,BHL,1,742,706,36,1,35,0,0
11143,1870_1889,1871,Seaside studies in natural history,BHL,1,445,346,99,0,53,46,0
57830,1870_1889,1871,"Cope papers, 1871-[1897",BHL,1,1200,1067,133,2,22,109,0
62944,1870_1889,1871,Origin of species : a new theory / by B. G. Ferris,BHL,1,42,38,4,3,0,1,1
1740,1870_1889,1871,Arrangement of the families of mollusks,BHL,1,46,44,2,0,0,2,1
99672,1870_1889,1871,A manual of the anatomy of vertebrated animals,BHL,1,1200,930,270,0,73,197,0
102792,1870_1889,1871,General outline of the organization of the animal kingdom : and manual of comparative anatomy,BHL,1,1200,518,682,2,476,204,0
2092,1870_1889,1871,"The descent of man, and selection in relation to sex",BHL,2,2245,1961,284,0,237,47,0
104588,1870_1889,1871,"Animal plagues their history, nature, and prevention",BHL,1,1200,1180,20,0,20,0,1
104756,1870_1889,1871,"American ornithology, or, The natural history of the birds of the United States : illustrated with plates, engraved and colored from original drawings from nature",BHL,2,38,38,0,0,0,0,1
106794,1870_1889,1871,A manual of the anatomy of vertebrated animals,BHL,1,1200,916,284,0,72,212,0
110768,1870_1889,1871,Notes on comparative anatomy a syllabus of a course of lectures delivered at St. Thomas's Hospital,BHL,1,619,373,246,0,90,156,0
121292,1870_1889,1871,"The descent of man, and selection in relation to sex",BHL,1,1200,1051,149,0,132,17,0
132957,1870_1889,1871,"The mammals of Australia : illustrated by Miss Harriett Scott, and Mrs. Helena Forde, for the Council of Education; with a short account of all the species hitherto described",BHL,1,306,255,51,2,26,23,0
13432,1870_1889,1871,"The bird fancier's companion; or, Natural history of cage birds; their food, management, habits, treatment, diseases, etc., etc",BHL,1,183,163,20,1,19,0,1
14511,1870_1889,1871,"The birds of Canada : with descriptions of their habits, food, nests, eggs, times of arrival and departure",BHL,1,414,390,24,0,23,1,1
14831,1870_1889,1871,Monograph of the fossil Mammalia of the Mesozoic formations,BHL,1,384,328,56,0,32,24,0
53571,1870_1889,1872,Contributions to the fauna of the New York Croton water : microscopial observations during the years 1870-'71,BHL,1,66,54,12,0,7,5,1
54964,1870_1889,1872,Fourteen weeks in zoology,BHL,1,939,650,289,7,212,70,0
55370,1870_1889,1872,The ocean world: being a description of the sea and some of its inhabitants,BHL,1,1200,886,314,3,206,105,0
56510,1870_1889,1872,Animal and vegetable parasites of the human skin and hair,BHL,1,204,193,11,0,10,1,1
14607,1870_1889,1872,Arrangement of the families of mammals. With analytical tables. Prepared for the Smithsonian institution,BHL,2,434,364,70,0,36,34,0
1781,1870_1889,1872,The illustrated natural history,BHL,1,1200,989,211,2,186,23,0
2106,1870_1889,1872,The origin of species by means of natural selection : or The preservation of favored races in the struggle for life,BHL,1,1200,972,228,1,184,43,0
2112,1870_1889,1872,"The descent of man, and selection in relation to sex",BHL,1,986,831,155,0,121,34,0
2173,1870_1889,1872,"Illustrations of North American entomology, (United States and Canada,)",BHL,1,69,60,9,0,7,2,1
13605,1870_1889,1872,The natural history of birds: a popular introduction to ornithology,BHL,1,1200,789,411,5,323,83,0
14283,1870_1889,1872,Remarks on the Ornithology of Northern Norway,BHL,1,448,440,8,0,6,2,1
38092,1870_1889,1872,Natural history of the cetaceans and other marine mammals of the western coast of North America : with an account of the American whale fishery,BHL,1,6,6,0,0,0,0,1
39129,1870_1889,1872,On the form and structure of the Manatee (Manatus americanus),BHL,1,305,282,23,0,8,15,1
46668,1870_1889,1873,"The internal parasites of our domesticated animals : a manual of the Entozoa of the ox, sheep, dog, horse, pig, and cat",BHL,1,329,300,29,0,25,4,1
50589,1870_1889,1873,Evolution of life,BHL,1,431,301,130,0,49,81,0
50671,1870_1889,1873,A history of the birds of New Zealand,BHL,1,1200,1098,102,0,83,19,0
54574,1870_1889,1873,"The depths of the sea : An account of the general results of the dredging cruises of H.M. SS. ʻPorcupine ̓and ʻLightning ̓during the summers of 1868, 1869, and 1870, under the scientific direction of ",BHL,1,735,699,36,0,22,14,0
56757,1870_1889,1873,"Researches in zoology, illustrative of the structure, habits, and economy of animals",BHL,1,604,488,116,6,96,14,0
57721,1870_1889,1873,"The rod in India, being hints how to obtain sport with remarks on the natural history of fish, otters, etc., and illustrations of fish and tackle",BHL,1,811,752,59,0,57,2,0
2095,1870_1889,1873,"The descent of man, and selection in relation to sex",BHL,2,2189,1908,281,0,241,40,0
116018,1870_1889,1873,"Glaucus, or, The wonders of the shore",BHL,1,275,246,29,2,21,6,1
118657,1870_1889,1873,"Anatomy of the King Crab, Limulus Polyphemus, Latr",BHL,1,247,171,76,0,41,35,0
141447,1870_1889,1873,The object and method of zoological nomenclature,BHL,1,107,106,1,0,0,1,1
196420,1870_1889,1873,Advanced text-book of zoology for the use of schools,BHL,1,1200,646,554,0,283,271,0
13965,1870_1889,1873,"American marine conchology : or, Descriptions of the shells of the Atlantic coast of the United States from Maine to Florida",BHL,1,1125,967,158,0,19,139,0
16330,1870_1889,1873,"The depths of the sea. An account of the general results of the dredging cruises of H.M. SS. Porcupine and Lightning during the summers of 1868, 1869 and 1870, under the scientific direction of Dr. Ca",BHL,1,729,686,43,0,27,16,0
16339,1870_1889,1873,"American marine conchology, or, Descriptions of the shells of the Atlantic coast of the United States from Maine to Florida",BHL,2,2276,1969,307,0,38,269,0
45414,1870_1889,1873,Jottings during the cruise of H.M.S. Curacoa among the South Sea Islands in 1865,BHL,1,577,567,10,0,8,2,1
49233,1870_1889,1874,"The elements of Embryology, &c. Pt. 1",BHL,1,528,473,55,0,15,40,0
54063,1870_1889,1874,Birds of the Northwest: a hand-book of the ornithology of the region drained by the Missouri River and its tributaries,BHL,1,1200,1148,52,0,40,12,0
54341,1870_1889,1874,The descent of man : and selection in relation to sex,BHL,1,1200,1013,187,0,154,33,0
54596,1870_1889,1874,Evolution and origin of life,BHL,1,163,161,2,0,0,2,1
56211,1870_1889,1874,The life and habits of wild animals,BHL,1,291,258,33,2,31,0,0
56784,1870_1889,1874,Anatomy of the invertebrata,BHL,1,1200,875,325,0,177,148,0
57077,1870_1889,1874,"Field ornithology. Comprising a manual of instruction for procuring, preparing and preserving birds, and a check list of North American birds",BHL,1,778,759,19,0,18,1,1
57841,1870_1889,1874,What is Darwinism?,BHL,1,222,203,19,6,9,4,1
1111,1870_1889,1874,Outlines of comparative anatomy and medical zoology,BHL,1,819,552,267,0,93,174,0
1390,1870_1889,1874,The naturalist in Nicaragua: A narrative of a residence at the gold mines of Chontales; journeys in the savannahs and forests. With observations on animals and plants in reference to the theory of evo,BHL,1,612,513,99,0,97,2,0
96956,1870_1889,1874,"The Malay Archipelago, the land of the orang-utan and the bird of paradise : a narrative of travel, with studies of man and nature",BHL,1,1200,1135,65,0,56,9,0
100403,1870_1889,1874,A monograph on the British fossil reptilia of the Mesozoic formations,BHL,1,6,4,2,0,0,2,1
102793,1870_1889,1874,A monograph on the British fossil reptilia of the Mesozoic formations,BHL,1,362,315,47,0,29,18,0
2151,1870_1889,1874,The elements of embryology,BHL,1,565,513,52,0,13,39,0
13870,1870_1889,1874,"Prodromus of the palaeontology of Victoria : or, Figures and descriptions of Victorian organic remains",BHL,6,453,400,53,0,4,49,0
14077,1870_1889,1874,"Thesaurus entomologicus Oxoniensis : or, Illustrations of new, rare, and interesting insects, for the most part contained in the collections presented to the University of Oxford by the Rev. F.W. Hope",BHL,1,827,762,65,0,9,56,0
15206,1870_1889,1874,The mammals of India; a natural history of all the animals known to inhabit continental India,BHL,1,1200,1053,147,0,75,72,0
15243,1870_1889,1874,"The depths of the sea; an account of the general results of the  dredging cruises of H.M. SS. 'Porcupine' and 'Lightning' during the summers of 1868, 1869 and 1870, under the scientific direction of D",BHL,1,696,656,40,0,23,17,0
15769,1870_1889,1874,On the structure and development of the skull in the mammalia,BHL,1,1200,1062,138,0,50,88,0
47043,1870_1889,1875,On the batrachia and reptilia of Costa Rica : With notes on the herpetology and ichthyology of Nicaragua and Peru,BHL,1,517,486,31,0,2,29,0
49740,1870_1889,1875,"A history of the birds of Europe, not observed in the British Isles",BHL,5,3930,3752,178,5,62,111,0
54811,1870_1889,1875,History of the early settlement of Bowmanville and vicinity,BHL,1,139,131,8,0,7,1,1
13320,1870_1889,1875,The birds and seasons of New England,BHL,1,1072,942,130,6,119,5,0
56240,1870_1889,1875,"Natural history of animals. Containing brief descriptions of the animals figured on Tenney's Natural history tablets, but complete without the tablets",BHL,1,916,735,181,1,133,47,0
57800,1870_1889,1875,Outlines of a natural arrangement of the Falconidae,BHL,1,25,21,4,0,0,4,1
67706,1870_1889,1875,Notes on entomology: a syllabus of a course of lectures delivered at the Cornell University ...,BHL,1,304,211,93,0,57,36,0
1749,1870_1889,1875,Elements of zoölogy : a textbook,BHL,1,1200,752,448,4,227,217,0
99932,1870_1889,1875,Log-book of a fisherman and zoologist,BHL,1,1082,1020,62,1,59,2,0
119404,1870_1889,1875,A natural history of the nests and eggs of British birds,BHL,1,329,324,5,0,5,0,1
120102,1870_1889,1875,"St. Helena : a physical, historical, and topographical description of the island, including it geology, fauna, flora and meteorology",BHL,1,946,909,37,0,30,7,0
6247,1870_1889,1875,The marine invertebrates and fishes of St. Andrews,BHL,1,553,539,14,0,13,1,1
13966,1870_1889,1875,Figures of characteristic British fossils: with descriptive remarks,BHL,1,592,569,23,0,2,21,1
14580,1870_1889,1875,The ornithology of the Straits of Gibraltar,BHL,1,948,913,35,0,17,18,0
14945,1870_1889,1875,"Dawn of life: being the history of the oldest known fossil remains, and their relation to geological time and to the development of the animal kingdom",BHL,1,337,306,31,0,18,13,0
16131,1870_1889,1875,"Morgan expeditions, 1870-'71 ... : on the Devonian trilobites and mollusks of Ereré, province of Pará, Brazil",BHL,1,71,68,3,0,0,3,1
9077,1870_1889,1876,Palæontology. Fossil corals,BHL,1,548,520,28,0,4,24,1
62705,1870_1889,1876,"The fishes of India; being a natural history of the fishes known to inhabit the seas and fresh waters of India, Burma, and Ceylon",BHL,1,1200,1146,54,0,9,45,0
11115,1870_1889,1876,Animal parasites and messmates,BHL,1,885,622,263,3,240,20,0
1731,1870_1889,1876,First book of zoölogy,BHL,1,435,308,127,0,80,47,0
100631,1870_1889,1876,The geographical distribution of animals : with a study of the relations of living and extinct faunas as elucidating the past changes of the earth's surface,BHL,1,1200,1142,58,0,38,20,0
115744,1870_1889,1876,The geographical distribution of animals : with a study of the relations of living and extinct faunas as elucidating the past changes of the earth's surface,BHL,2,2400,2239,161,0,82,79,0
116595,1870_1889,1876,The sea and its living wonders : a popular account of the marvels of the deep and of the progress of maritime discovery from the earliest ages to the present time,BHL,1,1200,898,302,5,266,31,0
153262,1870_1889,1876,"Ornithology of Guadeloupe Island, based on notes and collections made by Dr. Edward Palmer",BHL,1,87,83,4,0,4,0,1
14959,1870_1889,1876,Mesozoic fossils,BHL,1,1200,1164,36,0,1,35,0
37840,1870_1889,1876,Description of a new genus and species of Decapod Crustacean,BHL,1,6,5,1,0,1,0,1
37841,1870_1889,1876,Description of seventeen new species of Crustacea,BHL,1,22,21,1,0,0,1,1
11354,1870_1889,1876,The geographical distribution of animals. With a study of the relations of living and extinct faunas as elucidating the past changes of the earth's surface,BHL,2,2400,2249,151,0,76,75,0
42514,1870_1889,1876,The geographical distribution of animals : with a study of the relations of living and extinct faunas as elucidating the past changes of the earth's surface,BHL,2,2400,2230,170,0,84,86,0
45871,1870_1889,1876,"The history of creation, or, The development of the earth and its inhabitants by the action of natural causes : doctrine of evolution in general, and of that of Darwin, Goethe, and Lamarck in particul",BHL,2,1718,1278,440,13,119,308,0
51877,1870_1889,1877,Economic entomology,BHL,1,1200,1026,174,0,118,56,0
53623,1870_1889,1877,Ornithological notes,BHL,1,1200,1012,188,0,75,113,0
54042,1870_1889,1877,By stream and sea. A book for wanderers and anglers,BHL,1,526,516,10,2,8,0,1
55254,1870_1889,1877,The doctrine of descent and Darwinism,BHL,1,710,555,155,6,51,98,0
55384,1870_1889,1877,"Evenings at the microscope : or, Researches among the minuter organs and forms of animal life",BHL,1,993,743,250,17,175,58,0
56148,1870_1889,1877,A manual of zoology for the use of students : with a general introduction on the principles of zoology,BHL,1,1200,633,567,0,261,306,0
77375,1870_1889,1877,Researches on the fossil remains of the extinct mammals of Australia : with a notice of the extinct marsupials of England,BHL,2,1221,1039,182,0,100,82,0
113210,1870_1889,1877,"Nomenclature in zoology and botany : a report to the American Association for the Advancement of Science at the Nashville meeting, August 31, 1877",BHL,1,137,137,0,0,0,0,1
13629,1870_1889,1877,Part I. Palæontology,BHL,1,1200,1162,38,0,13,25,0
13890,1870_1889,1877,The ancient life-history of the earth : a comprehensive outline of the principles and leading facts of palæontological science,BHL,1,1200,974,226,0,86,140,0
15100,1870_1889,1877,"Introduction and succession of vertebrate life in America : An address delivered before the American Association for the Advancement of Science, at Nashville, Tenn., Aug. 30, 1877",BHL,1,257,229,28,0,4,24,1
42857,1870_1889,1877,The development of the animal kingdom : a paper read at the fourth meeting of the Association for the Advancement of Woman,BHL,1,65,49,16,1,1,14,1
46640,1870_1889,1878,Monograph on the Lias Ammonites of the British islands,BHL,2,1294,1163,131,0,16,115,0
48665,1870_1889,1878,Anatomy of the Indian elephant,BHL,1,208,185,23,0,17,6,1
49460,1870_1889,1878,Elements of Comparative Anatomy,BHL,1,1200,775,425,0,212,213,0
50434,1870_1889,1878,"Anatomical and zoological researches: comprising an account of the zoological results of the two expeditions to western Yunnan in 1868 and 1875; and a monograph of the two cetacean genera, Platanista ",BHL,3,2502,2397,105,0,20,85,0
53804,1870_1889,1878,"Notes on Cladocera. Read December, 1877; printed with additions, November, 1878",BHL,1,995,958,37,0,12,25,0
54571,1870_1889,1878,"The bee and white ants, their manners and habits; with illustrations of animal instinct and intelligence",BHL,1,914,727,187,13,152,22,0
54737,1870_1889,1878,Birds of the Colorado valley ... scientific and popular information concerning North American ornithology,BHL,1,1200,1154,46,0,27,19,0
54749,1870_1889,1878,Descriptions of the first plumage in various species of North American birds,BHL,1,242,240,2,0,0,2,1
7986,1870_1889,1878,"American ornithology, or, The natural history of the birds of the United States : illustrated with plates engraved from drawings from nature",BHL,2,2400,2166,234,9,165,60,0
102765,1870_1889,1878,A manual of zoology for the use of students : with a general introduction on the principles of zoology,BHL,1,1200,682,518,0,239,279,0
2158,1870_1889,1878,Elements of comparative anatomy,BHL,1,1200,769,431,0,204,227,0
106950,1870_1889,1878,Elements of comparative anatomy,BHL,1,1200,758,442,0,198,244,0
116046,1870_1889,1878,An introduction to the systematic zoology and morphology of vertebrate animals,BHL,1,1200,793,407,0,68,339,0
118572,1870_1889,1878,The poisonous snakes of India : for the use of the officials and others residing in the Indian Empire,BHL,1,192,184,8,0,6,2,1
168314,1870_1889,1878,Scientific results of the Second Yarkand Mission : based upon the collections and notes of the late Ferdinand Stoliczka,BHL,3,1253,1226,27,0,1,26,1
153295,1870_1889,1878,"Scientific results of the Second Yarkand Mission : based upon the collections and notes of the late Ferdinand Stoliczka, Ph. D. 7, Ichthyology / by Francis Day",BHL,1,132,124,8,0,6,2,1
15086,1870_1889,1878,Johannes Müller on certain variations in the vocal organs of the Passeres that have hitherto escaped notice,BHL,1,212,164,48,0,5,43,0
16124,1870_1889,1878,"The Devonian Brachiopoda of the province of Pará, Brazil",BHL,1,147,144,3,0,0,3,1
49321,1870_1889,1879,Darwinism and other essays,BHL,1,183,170,13,0,6,7,1
54469,1870_1889,1879,Zoology : for students and general readers,BHL,1,1200,726,474,2,186,286,0
55214,1870_1889,1879,"On the structure and affinities of the ""tabulate corals"" of the Palaeozoic period. With critical descriptions of illustrative species, by H. Alleyne Nicholson",BHL,1,506,450,56,0,1,55,0
57530,1870_1889,1879,Fresh-water rhizopods of North America,BHL,1,1200,1119,81,0,26,55,0
57740,1870_1889,1879,The evolution of man: a popular exposition of the principal points of human ontogeny and phylogeny,BHL,1,1200,785,415,1,82,332,0
60409,1870_1889,1879,"History and methods of paleontological discovery. An address, delivered before the American Association for the Advancement of Science, at Saratoga, N. Y., August 28, 1879",BHL,1,151,150,1,0,0,1,1
1187,1870_1889,1879,Our own birds; a familiar natural history of the birds of the United States,BHL,2,1265,1095,170,13,155,2,0
1891,1870_1889,1879,Animal mechanism: a treatise on terrestrial and aerial locomotion,BHL,1,686,568,118,0,111,7,0
100728,1870_1889,1879,Parasites a treatise on the entozoa of man and animals including some account of the ectozoa,BHL,1,1200,1123,77,0,52,25,0
101478,1870_1889,1879,The microscopic organisms found in the blood of man and animals and their relation to disease,BHL,1,315,315,0,0,0,0,1
103293,1870_1889,1879,"Parasites : a treatise on the entozoa of man and animals, including some account of the ectozoa",BHL,1,1200,1116,84,0,57,27,0
115788,1870_1889,1879,The sea-shore,BHL,1,608,468,140,0,116,24,0
5484,1870_1889,1879,Development of Amblystoma punctatum,BHL,1,100,90,10,0,10,0,1
13411,1870_1889,1879,"The birds of Guernsey : and the neighboring islands Alderney, Sark, Jethou, Herm ; being a small contribution to the ornithology of the Channel Islands",BHL,1,503,493,10,0,7,3,1
14952,1870_1889,1879,A manual of palæontology for the use of students : with a general introduction on the principles of palæontology,BHL,1,1200,790,410,0,127,283,0
54095,1870_1889,1880,British animals extinct within historic times: with some account of British wild white cattle,BHL,1,513,492,21,0,20,1,1
16294,1870_1889,1880,An introduction to the study of fishes,BHL,2,2400,1904,496,0,187,309,0
55316,1870_1889,1880,"The wonders of the great deep, or, The physical, animal, geological, and vegetable curiosities of the ocean",BHL,1,545,439,106,19,84,3,0
55693,1870_1889,1880,The crayfish. An introduction to the study of zoology,BHL,1,480,357,123,1,61,61,0
56583,1870_1889,1880,"Siberia in Europe: a visit to the valley of the Petchora, in north-east Russia; with descriptions of the natural history, migration of birds, etc",BHL,1,939,923,16,0,16,0,1
56856,1870_1889,1880,British animals extinct within historic times: with some account of British wild white cattle,BHL,1,504,487,17,0,15,2,1
57153,1870_1889,1880,The refutation of Darwinism; and the converse theory of development; based exclusively upon Darwin's facts and comprising qualitative and quantitative analyses of the phenomena of variation; of revers,BHL,1,791,705,86,1,50,35,0
66905,1870_1889,1880,Manual of cattle-feeding. A treatise on the laws of animal nutrition and the chemistry of feeding stuffs in their application to the feeding of animals. With illustrations and an appendix of useful ta,BHL,1,786,649,137,0,131,6,0
1697,1870_1889,1880,Zoology for high schools and colleges,BHL,1,1200,768,432,0,188,244,0
3756,1870_1889,1880,A treatise on comparative embryology,BHL,2,2400,1926,474,0,119,355,0
100813,1870_1889,1880,British animals extinct within historic times : with some account of British wild white cattle,BHL,1,515,501,14,0,13,1,1
107488,1870_1889,1880,"The origin of species by means of natural selection, or, The preservation of favoured races in the struggle for life",BHL,1,1200,969,231,0,183,48,0
114909,1870_1889,1880,Ponds and ditches,BHL,1,451,355,96,2,68,26,0
143338,1870_1889,1880,An introduction to the study of fishes,BHL,1,1200,918,282,0,113,169,0
197833,1870_1889,1880,Zoological exercises for students in New Zealand,BHL,1,407,327,80,0,14,66,0
13619,1870_1889,1880,Friends worth knowing : glimpses of American natural history,BHL,1,461,390,71,0,71,0,0
13974,1870_1889,1880,Corals and bryozoa of the neozoic period in New Zealand,BHL,1,194,185,9,0,0,9,1
14205,1870_1889,1880,Contributions to the ornithology of Siberia,BHL,1,427,427,0,0,0,0,1
14469,1870_1889,1880,Rural bird life : being essays on ornithology with instructions for preserving objects relating to that science,BHL,1,1008,811,197,4,192,1,0
14756,1870_1889,1880,"Natural history of British fishes; their structure, economic uses and capture by net and rod, cultivation of fish-ponds, fish suited for acclimatisation, artificial breeding of salmon",BHL,1,1200,1069,131,6,111,14,0
3956,1870_1889,1880,"The history of creation, or, The development of the earth and its inhabitants by the action of natural causes : a popular exposition of the doctrine of evolution in general, and of that of Darwin, Goe",BHL,1,947,665,282,1,60,221,0
45844,1870_1889,1880,"The Crayfish : an introduction to the study of Zoology, &c",BHL,1,463,342,121,1,54,66,0
46855,1870_1889,1881,"Trichinae (pork worms, or flesh worms) : how to detect them and how to avoid them : being a popular account of their habits, modes of propagation, and means of dissemination, intended for the use of f",BHL,1,56,43,13,0,12,1,1
48970,1870_1889,1881,"Evolution, expression, and sensation, cell life and pathology / y John Cleland",BHL,1,102,74,28,1,14,13,1
11793,1870_1889,1881,"A handbook of the vertebrate fauna of Yorkshire : being a catalogue of British mammals, birds, reptiles, amphibians, and fishes",BHL,1,646,639,7,0,6,1,1
55012,1870_1889,1881,The seals and whales of the British seas,BHL,2,660,608,52,0,40,12,0
55783,1870_1889,1881,"The antelope and deer of America : a comprehensive treatise upon the natural history, including the characteristics, habits, affinities, and capacity for domestication of the Antilocapra and Cervidae ",BHL,1,1200,1087,113,1,96,16,0
14318,1870_1889,1881,The natural history of the cranes,BHL,2,1158,1109,49,0,38,11,0
56605,1870_1889,1881,Animal life as affected by the natural conditions of existence,BHL,2,2400,1826,574,0,483,91,0
12092,1870_1889,1881,A handbook of vertebrate dissection,BHL,1,172,154,18,0,3,15,1
86010,1870_1889,1881,The principles of myodynamics,BHL,1,84,68,16,0,16,0,1
1726,1870_1889,1881,The anatomy of the mouth-parts and of the sucking apparatus of some Diptera,BHL,1,112,67,45,0,29,16,0
106966,1870_1889,1881,"A manual of injurious insects : with methods of prevention and remedy for their attacks to food crops, forest trees, and fruit : and with short introduction to entomology",BHL,1,818,726,92,0,71,21,0
109828,1870_1889,1881,"Studies on Apus, Limulus and Scorpio",BHL,1,253,182,71,0,37,34,0
13643,1870_1889,1881,"The ornithological works of Arthur, ninth Marquis of Tweeddale",BHL,1,1200,1180,20,0,4,16,1
14180,1870_1889,1881,New England bird life: being a manual of New England ornithology,BHL,2,2400,2302,98,0,61,37,0
16121,1870_1889,1881,"The littoral marine fauna of Provincetown, Cape Cod, Massachusetts",BHL,1,55,55,0,0,0,0,1
38093,1870_1889,1881,The seal-islands of Alaska,BHL,1,1200,1129,71,0,63,8,0
10347,1870_1889,1882,Structural and systematic conchology: an introduction to the study of the Mollusca...,BHL,1,1200,936,264,0,71,193,0
53770,1870_1889,1882,The island of Nantucket : what it was and what it is : being a complete index and guide to this noted resort : containing descriptions of everything on or about the island in regard to which the visit,BHL,1,254,248,6,0,6,0,1
57055,1870_1889,1882,"The naturalist's assistant; a hand-book for the collector and student, with bibliography of fifteen hundred works necessary for the systematic zoölogist",BHL,2,1270,1243,27,0,22,5,1
11330,1870_1889,1882,"Anatomical technology as applied to the domestic cat; an introduction to human, veterinary, and comparative anatomy",BHL,1,1200,1110,90,0,38,52,0
1104,1870_1889,1882,Synopsis of the classification of the animal kingdom,BHL,1,296,276,20,0,4,16,1
100003,1870_1889,1882,"Animal plagues their history, nature, and prevention",BHL,1,1200,1181,19,0,14,5,1
2010,1870_1889,1882,Lucifer : a study in morphology,BHL,1,334,295,39,0,13,26,0
106815,1870_1889,1882,"The horse in motion : as shown by instantaneous photography, with a study on animal mechanics founded on anatomy and the revelations of the camera, in which is demonstrated the theory of quadrupedal l",BHL,1,475,328,147,6,137,4,0
107131,1870_1889,1882,"The descent of man, and selection in relation to sex",BHL,1,1200,1040,160,0,134,26,0
111603,1870_1889,1882,"Animal plagues : their history, nature and prevention : vol 2",BHL,1,1200,1186,14,0,10,4,1
15858,1870_1889,1882,"Selections from embryological monographs / comp. by Alexander Agassiz, Walter Faxon, and E.L. Mark ...",BHL,1,212,177,35,0,19,16,0
163714,1870_1889,1882,"A lecture on effects of weather on insects, delivered at the Royal agricultural college, Cirencester",BHL,1,53,46,7,0,7,0,1
14252,1870_1889,1882,The doctrine of descent and Darwinism,BHL,1,728,580,148,6,51,91,0
14892,1870_1889,1882,Forster's Animals of Hudson's Bay,BHL,1,129,123,6,0,6,0,1
46703,1870_1889,1882,A monograph of the seal-islands of Alaska,BHL,1,1200,1131,69,0,63,6,0
16128,1870_1889,1882,Lists of the dredging stations of the United States Fish Commission from 1871-1879 inclusive : with temperature and other observations,BHL,1,125,125,0,0,0,0,1
52386,1870_1889,1883,Contributions to the micro-palæontology of the Cambro-Silurian rocks of Canada,BHL,1,301,285,16,0,1,15,1
53973,1870_1889,1883,"The sportsman's gazetteer and general guide. The game animals, birds and fishes of North America: their habits and various methods of capture. Copious instructions in shooting, fishing, taxidermy, woo",BHL,1,1200,1125,75,0,72,3,0
55164,1870_1889,1883,New England bird life; being a manual of New England ornithology: rev.and ed. from the manuscript of Winfrid A. Stearns,BHL,1,1200,1139,61,1,39,21,0
55416,1870_1889,1883,"Illustrated natural history : comprising descriptions of animals, birds, fishes, reptiles, insects, etc., with sketches of their peculiar habits and characteristics",BHL,1,1200,819,381,9,336,36,0
57068,1870_1889,1883,Natural history. For the use of schools and families,BHL,1,1200,785,415,4,331,80,0
58954,1870_1889,1883,A review of the non-marine fossil mollusca of North America,BHL,1,344,337,7,0,0,7,1
61420,1870_1889,1883,"Morphology of the vertebrata. Dog-fish, cod, pigeon, and rabbit [with development of the dog-fish]",BHL,1,123,90,33,0,16,17,0
1046,1870_1889,1883,Animal intelligence,BHL,1,1200,1021,179,2,166,11,0
95424,1870_1889,1883,Essays on the conario-hypophysial tract and on the aspects of the body in vertebrate and invertebrate animals,BHL,1,90,61,29,0,4,25,1
101985,1870_1889,1883,Sea monsters unmasked,BHL,1,261,239,22,1,19,2,1
107534,1870_1889,1883,The elements of embryology,BHL,1,600,516,84,0,23,61,0
115988,1870_1889,1883,"On the inervation of the heart, with especial reference to the heart of the tortoise",BHL,1,179,161,18,0,7,11,1
136491,1870_1889,1883,Description of new or little known spiders of the family Attidae : from various parts of the United States of North America,BHL,1,29,29,0,0,0,0,1
157775,1870_1889,1883,The insect,BHL,1,879,741,138,3,120,15,0
13590,1870_1889,1883,Barton's Fragments of the natural history of Pennsylvania,BHL,1,293,285,8,0,8,0,1
13866,1870_1889,1883,The fossils and palæontological affinities of the Neocomian deposits of Upware and Brickhill (Cambridgeshire and Bedfordshire) : being the Sedgwick prize essay for the year 1879,BHL,1,465,438,27,0,0,27,1
42229,1870_1889,1883,A few facts about zoology,BHL,1,41,23,18,0,7,11,1
46835,1870_1889,1884,The evolution of the pearly Nautilus / by S. R. Pattison,BHL,1,58,50,8,0,1,7,1
54380,1870_1889,1884,Country cousins; short studies in the natural history of the United States,BHL,1,929,813,116,2,108,6,0
55748,1870_1889,1884,Text-book of zoology for schools and colleges,BHL,2,2400,1293,1107,0,566,541,0
56013,1870_1889,1884,Comparative anatomy of the vegetative organs of the phanerogams and ferns,BHL,1,1088,1022,66,0,20,46,0
56292,1870_1889,1884,Darwinism stated by Darwin himself. Characteristic passages from the writings of Charles Darwin,BHL,1,749,614,135,2,100,33,0
57275,1870_1889,1884,"The vertebrate zoology of Sind. A systematic account, with descriptions of all the known species of mammals, birds, and reptiles inhabiting the province ...",BHL,1,1200,1168,32,0,14,18,0
57521,1870_1889,1884,The popular natural history,BHL,1,1200,831,369,0,328,41,0
1194,1870_1889,1884,"The mammals of the Adirondack region, northeastern New York : with an introductory chapter treating of the location and boundaries of the region, its geological history, topography, climate, general f",BHL,1,1087,1014,73,0,71,2,0
1323,1870_1889,1884,Elementary text-book of zoology,BHL,2,2400,1506,894,1,441,452,0
100814,1870_1889,1884,Scientific papers and addresses,BHL,2,2400,2247,153,0,100,53,0
104060,1870_1889,1884,"A re-statement of the cell theory : with applications to the morphology, classification, and physiology of protists, plants, and animals : together with an hypothesis of cell-structure, and an hypothe",BHL,1,60,49,11,0,1,10,1
105381,1870_1889,1884,Scientific papers and addresses,BHL,1,1200,1106,94,0,79,15,0
105638,1870_1889,1884,Scientific papers and addresses,BHL,1,1200,1125,75,0,31,44,0
119051,1870_1889,1884,On the compound vision and the morphology of the eye in insects,BHL,1,352,296,56,0,14,42,0
11879,1870_1889,1884,On the Silurian Gastropoda and Pteropoda of Gotland,BHL,1,1088,1009,79,0,1,78,0
13594,1870_1889,1884,Ornithology,BHL,1,539,507,32,0,10,22,0
14754,1870_1889,1884,On the structure of the brain of the sessile-eyed Crustacea,BHL,1,27,23,4,0,2,2,1
15089,1870_1889,1884,Natural history of the Mammalia of India and Ceylon,BHL,1,1200,1060,140,4,73,63,0
49480,1870_1889,1885,Our living world; an artistic edition of the Rev. J. G. Wood's Natural history of animate creation,BHL,3,3600,2821,779,1,597,181,0
52151,1870_1889,1885,Kentucky fossil corals : a monograph of the fossil corals of the Silurian and Devonian rocks of Kentucky,BHL,1,32,32,0,0,0,0,1
52401,1870_1889,1885,Kentucky fossil corals : a monograph of the fossil corals of the Silurian and Devonian rocks of Kentucky,BHL,1,39,39,0,0,0,0,1
53893,1870_1889,1885,Text-book of zoology for junior students,BHL,1,1200,627,573,0,279,294,0
55125,1870_1889,1885,"The animal food resources of different nations, with mention of some of the special dainties of various people derived from the animal kingdom",BHL,1,1200,1147,53,2,51,0,0
55473,1870_1889,1885,Contributions to Canadian palæontology,BHL,4,2827,2744,83,0,2,81,0
56195,1870_1889,1885,The farmer's veterinary adviser : a guide to the prevention and treatment of disease in domestic animals,BHL,1,1200,1143,57,0,54,3,0
56603,1870_1889,1885,Wild life in Canara and Ganjam,BHL,1,197,190,7,0,7,0,1
57094,1870_1889,1885,Kentucky fossil corals; a monograph of the fossil corals of the Silurian and Devonian rocks of Kentucky,BHL,1,28,28,0,0,0,0,1
57496,1870_1889,1885,"Natural history sketches among the carnivora, wild and domesticated, with observations on their habits and mental faculties",BHL,1,935,847,88,2,81,5,0
66994,1870_1889,1885,Brachiopoda and Lamellibranchiata of the Raritan clays and greensand  marls of New Jersey,BHL,1,1120,1069,51,0,3,48,0
996,1870_1889,1885,An introduction to the osteology of the mammalia,BHL,1,954,791,163,0,55,108,0
1003,1870_1889,1885,Comparative anatomy and physiology,BHL,1,911,430,481,0,333,148,0
12300,1870_1889,1885,The standard natural history,BHL,3,3600,2732,868,0,583,285,0
1811,1870_1889,1885,The works of Francis Maitland Balfour ...,BHL,4,3727,3087,640,0,153,487,0
1815,1870_1889,1885,A treatise on comparative embryology,BHL,1,1200,975,225,0,61,164,0
96198,1870_1889,1885,"Visitors' guide to the collection of mammals in the American Museum of Natural History, (Central Park, Manhattan Square,) 77th Street and 8th Avenue, New York",BHL,1,198,153,45,0,25,20,0
101101,1870_1889,1885,The wanderings of plants and animals from their first home,BHL,1,1049,982,67,0,66,1,0
101407,1870_1889,1885,Elementary text-book of zoology,BHL,1,1200,737,463,0,237,226,0
101537,1870_1889,1885,An introduction to the osteology of the Mammalia,BHL,1,971,812,159,0,53,106,0
105639,1870_1889,1885,Natural history of Victoria : prodromus of the zoology of Victoria; or figures and descriptions of the living species of all classes of the Victorian indigenous animals,BHL,1,1200,1099,101,0,15,86,0
106841,1870_1889,1885,Natural history of Victoria : prodromus of the zoology of Victoria; or figures and descriptions of the living species of all classes of the Victorian indigenous animals,BHL,1,1200,1099,101,0,24,77,0
1241,1870_1889,1885,"Animate creation; popular edition of ""Our living world"" a natural history",BHL,3,3600,2834,766,4,636,126,0
5600,1870_1889,1885,"Guide to the collection of fossil fishes in the Department of Geology and Palæontology, British Museum (Natural History) ...",BHL,1,153,116,37,0,10,27,0
15162,1870_1889,1885,The ornithology of Illinois,BHL,4,4800,4641,159,0,53,106,0
54005,1870_1889,1886,Zoology for high schools and colleges,BHL,1,1200,731,469,2,205,262,0
54601,1870_1889,1886,"Anatomical technology as applied to the domestic cat; an introduction to human, veterinary, and comparative anatomy",BHL,1,1200,1118,82,0,33,49,0
55605,1870_1889,1886,Studies from the Morphological laboratory in the University of Cambridge. v.1-6,BHL,4,1748,1563,185,0,70,115,0
59819,1870_1889,1886,An elementary course in practical zoölogy,BHL,2,1107,966,141,0,82,59,0
56693,1870_1889,1886,The comparative anatomy of the domesticated animals,BHL,1,1200,954,246,0,139,107,0
56908,1870_1889,1886,Wild animals photographed and described,BHL,1,1200,1020,180,4,165,11,0
57187,1870_1889,1886,"The barn-yard: a manual of cattle, horse and sheep husbandry; or How to breed and rear the various species of domestic animals; with a chapter on bee-keeping",BHL,1,562,441,121,1,115,5,0
57709,1870_1889,1886,"Four feet, two feet, and no feet; or, Furry and feathery pets, and how they live",BHL,1,813,785,28,0,27,1,1
58569,1870_1889,1886,"A year in Brazil, with notes on the abolition of slavery, the finances of the empire, religion, meteorology, natural history, etc",BHL,1,706,684,22,0,19,3,1
57825,1870_1889,1886,Elements of zoology,BHL,1,1200,858,342,0,247,95,0
60182,1870_1889,1886,Monograph of the Mutillidae of North America,BHL,1,241,209,32,0,1,31,0
1006,1870_1889,1886,Elements of the comparative anatomy of vertebrates,BHL,1,982,661,321,0,137,184,0
1189,1870_1889,1886,The Mammalia in their relation to primeval times,BHL,1,612,461,151,1,81,69,0
1190,1870_1889,1886,The butterflies of the eastern United States. For the use of classes in zoology and private students,BHL,1,1200,1150,50,0,35,15,0
100761,1870_1889,1886,Elements of the comparative anatomy of vertebrates,BHL,1,947,615,332,0,142,190,0
163727,1870_1889,1886,Warbles in hides ...,BHL,1,118,90,28,0,26,2,1
213484,1870_1889,1886,Notes and jottings from animal life,BHL,1,1033,941,92,4,86,2,0
14755,1870_1889,1886,On the Carboniferous xiphosurous fauna of North America,BHL,1,51,40,11,0,3,8,1
53935,1870_1889,1887,"Key to North American birds. Containing a concise account of every species of living and fossil bird at present known from the continent north of the Mexican and United States boundary, inclusive of G",BHL,1,1200,1060,140,0,70,70,0
55440,1870_1889,1887,The geographical and geological distribution of animals,BHL,1,1200,1083,117,0,53,64,0
56208,1870_1889,1887,"The natural history of animals (class Mammalia-animals which suckle their young), in word and picture",BHL,2,2400,1689,711,2,476,233,0
57122,1870_1889,1887,The geographical and geological distribution of animals,BHL,1,1200,1079,121,0,55,66,0
57736,1870_1889,1887,A junior course of practical zoology,BHL,1,934,758,176,0,92,84,0
1675,1870_1889,1887,A popular zoology,BHL,1,1152,818,334,7,260,67,0
1744,1870_1889,1887,The geographical and geological distribution of animals,BHL,1,1200,1075,125,0,50,75,0
1889,1870_1889,1887,Observations on the embryology of insects and arachnids,BHL,1,146,128,18,0,1,17,1
100754,1870_1889,1887,"On the animal alkaloids : the ptomaïnes, leucomaïnes, and extractives in their pathological relations ...",BHL,1,107,104,3,0,3,0,1
102272,1870_1889,1887,"On animal alkaloids : the ptomaines, leucomaines, and extractives in their pathological relations ...",BHL,1,221,213,8,0,4,4,1
102754,1870_1889,1887,An introduction to the study of embryology,BHL,1,1200,948,252,0,96,156,0
102817,1870_1889,1887,Animal biology : an elementary text-book,BHL,1,1200,986,214,0,110,104,0
2090,1870_1889,1887,The variation of animals and plants under domestication,BHL,2,2400,2198,202,0,167,35,0
105651,1870_1889,1887,"A Vertebrate Fauna of Sutherland, Caithness, and West Cromarty",BHL,1,1200,1196,4,0,4,0,1
107523,1870_1889,1887,A manual of zoology for the use of students : with a general introduction on the principles of zoology,BHL,1,1200,679,521,0,222,299,0
129930,1870_1889,1887,Miscellaneous papers relating to Indo-China and the Indian Archipelago : second series,BHL,1,471,439,32,0,14,18,0
133986,1870_1889,1887,Miscellaneous papers relating to Indo-China and the Indian Archipelago : second series,BHL,1,549,517,32,0,16,16,0
163574,1870_1889,1887,"Notes on ox warble fly, or bot fly, Hypoderma bovis, DeGeer",BHL,1,16,15,1,0,1,0,1
197623,1870_1889,1887,A review of the muscles used in the classification of birds,BHL,1,67,61,6,0,2,4,1
13620,1870_1889,1887,Birds and bees; essays,BHL,1,565,546,19,0,19,0,1
51841,1870_1889,1888,"The cave fauna of North America, with remarks on the anatomy of the brain and origin of the blind species",BHL,2,2175,1983,192,0,102,90,0
54014,1870_1889,1888,"On the senses, instincts, and intelligence of animals, with special reference to insects",BHL,1,731,602,129,0,104,25,0
54065,1870_1889,1888,"Fossils of the British Islands stratigraphically and zoologically arranged. Vol. 1. Palæozoic comprising the Cambrian, Silurian, Devonian, Carboniferous, and Permian species, with supplementary append",BHL,1,1200,1200,0,0,0,0,1
55063,1870_1889,1888,Entomology [Miscellaneous publications],BHL,4,4800,4647,153,0,141,12,0
55419,1870_1889,1888,Text-book of zoology for junior students,BHL,1,1200,592,608,0,319,289,0
13149,1870_1889,1888,The origin of floral structures through insect and other agencies,BHL,1,563,504,59,0,49,10,0
57072,1870_1889,1888,A junior course of practical zoology,BHL,1,961,795,166,0,85,81,0
57469,1870_1889,1888,Dissection of the dog as a basis for the study of physiology,BHL,2,237,221,16,0,8,8,1
57622,1870_1889,1888,A course of elementary practical physiology and histology,BHL,1,431,424,7,0,2,5,1
48423,1870_1889,1888,"The fauna of British India, including Ceylon and Burma ... ed. by W.T. Blanford",BHL,5,5735,5368,367,0,39,328,0
1713,1870_1889,1888,"Entomology for beginners; for the use of young folks, fruitgrowers, farmers, and gardeners",BHL,1,1200,928,272,0,193,79,0
98164,1870_1889,1888,Note-book for dental students (dental anatomy and physiology),BHL,1,83,39,44,0,18,26,0
101595,1870_1889,1888,"Wonders of the tropical forests, from ""The tropical world""",BHL,1,143,127,16,0,16,0,1
2049,1870_1889,1888,"A contribution to American thalassography : Three cruises of the United States Coast and geodetic survey steamer ""Blake"", in the gulf of Mexico, in the Caribbean sea, and along the Atlantic coast of t",BHL,1,598,535,63,0,38,25,0
106688,1870_1889,1888,The descent of man and selection in-relation to sex,BHL,1,1200,1038,162,0,136,26,0
128474,1870_1889,1888,"Supplement to The fishes of India : being a natural history of the fishes known to inhabit the seas and fresh waters of India, Burma, and Ceylon",BHL,1,329,327,2,0,0,2,1
5018,1870_1889,1888,"Guide to the collection of fossil fishes in the Department of Geology and Palæontology, British Museum (Natural History) ...",BHL,1,187,147,40,0,9,31,0
5049,1870_1889,1888,"Supplement to The fishes of India : being a natural history of the fishes known to inhabit the seas and fresh waters of India, Burma, and Ceylon / by Francis Day",BHL,1,332,328,4,0,0,4,1
195980,1870_1889,1888,Observations upon the morphology of Gallus Bankiva of India. (Including a complete account of its skeleton),BHL,1,105,90,15,0,7,8,1
11899,1870_1889,1888,W. Hagelberg's manual of zoology : embracing faithful illustrations of the animal world in its most prominent types,BHL,1,199,118,81,0,55,26,0
14142,1870_1889,1888,Visitors' guide to the collection of birds in the American Museum of Natural History ...,BHL,1,205,142,63,0,45,18,0
14774,1870_1889,1888,Fossils of the British Islands : stratigraphically and zoologically arranged,BHL,1,1200,1200,0,0,0,0,1
25381,1870_1889,1888,Guide to the galleries of reptiles and fishes in the Department of Zoology of the British Museum (Natural History),BHL,1,414,281,133,0,92,41,0
35791,1870_1889,1888,"Guide to the shell and starfish galleries (Mollusca, Echinodermata, Vermes) in the Department of Zoology of the British Museum (Natural History) ...",BHL,2,536,372,164,0,111,53,0
50141,1870_1889,1889,"Biologia Centrali-Americana, or, Contributions to the knowledge of the fauna and flora of Mexico and Central America. Archaeology",BHL,4,604,602,2,0,2,0,1
54607,1870_1889,1889,The elements of embryology,BHL,1,561,481,80,0,22,58,0
55302,1870_1889,1889,The Bermuda islands: a contribution to the physical history and zoology of the Somers archipelago.  With an examination of the structure of coral reefs.  Researches undertaken under the auspices of th,BHL,1,636,622,14,0,8,6,1
55512,1870_1889,1889,Zoology for high schools and colleges,BHL,2,2400,1503,897,3,368,526,0
55735,1870_1889,1889,"Wanderings in South America, the North-west of the United States and the Antilles, in the years 1812, 1816, 1820, & 1824 : with original instructions for the perfect preservation of birds, etc. for ca",BHL,1,1161,1071,90,0,88,2,0
55839,1870_1889,1889,Notes on sport and ornithology,BHL,1,1200,1180,20,0,18,2,1
44379,1870_1889,1889,"A text-book of animal physiology, with introductory chapters on general biology and a full treatment of reproduction, for students of human and comparative (veterinary) medicine and of general biology",BHL,1,1200,971,229,0,167,62,0
56606,1870_1889,1889,"A naturalist in north Celebes : a narrative of travels in Minahassa, the Sangir and Talaut Islands, with notices of the fauna, flora and ethnology of the districts visited",BHL,1,688,652,36,0,31,5,0
56850,1870_1889,1889,Dr. Girardeau's anti-evolution: the logic of his reply,BHL,1,78,73,5,0,0,5,1
57160,1870_1889,1889,"Kloof and karroo: Sport, legend and natural history in Cape Colony, with a notice of the game birds, and of the present distribution of the antelopes and larger game",BHL,1,774,733,41,1,38,2,0
57539,1870_1889,1889,The naturalist in Siluria,BHL,1,653,593,60,0,59,1,0
60525,1870_1889,1889,Matabele land and the Victoria Falls; a naturalist's wanderings in the interior of South Africa,BHL,1,919,900,19,0,12,7,1
66025,1870_1889,1889,"American spiders and their spinning work. A natural history of the orbweaving spiders of the United States, with special regard to their industry and habits",BHL,3,3600,3151,449,4,395,50,0
1193,1870_1889,1889,The ornithology of Illinois,BHL,2,2400,2323,77,0,21,56,0
1770,1870_1889,1889,First lessons in zoology; Adapted for use in schools,BHL,1,802,466,336,1,231,104,0
100755,1870_1889,1889,"The Fauna of British India, including Ceylon and Burma",BHL,2,2400,2329,71,0,24,47,0
100871,1870_1889,1889,"On the animal alkaloids : the ptomaïnes, leucomaïnes, and extractives in their pathological relations",BHL,1,216,208,8,0,4,4,1
2162,1870_1889,1889,"The descent of man, and selection in relation to sex",BHL,1,1200,1030,170,0,144,26,0
106468,1870_1889,1889,The descent of man and selection in relation to sex,BHL,1,1200,1039,161,0,137,24,0
110102,1870_1889,1889,The vertebrate animals of Leicestershire and Rutland,BHL,1,1125,1117,8,0,6,2,1
164031,1870_1889,1889,Bibliography of the more important contributions to American economic entomology,BHL,7,8400,8378,22,0,21,1,1
29659,1870_1889,1889,Toilers in the sea,BHL,1,682,539,143,4,100,39,0
2472,1870_1889,1889,"Darwinism; an exposition of the theory of natural selection, with some of its applications",BHL,1,1200,957,243,1,217,25,0
150415,1870_1889,1889,An atlas of the fossil conchology of Great Britain and Ireland : with descriptions of all the species,BHL,1,969,758,211,0,0,211,0
161764,1870_1889,1889,East Africa and its big game : the narrative of a sporting trip from Zanzibar to the borders of the Masai,BHL,1,622,610,12,0,12,0,1
13770,1870_1889,1889,Natural history illustrations,BHL,1,29,27,2,0,2,0,1
14536,1870_1889,1889,Notes on sport and ornithology,BHL,1,1200,1177,23,0,20,3,1
39555,1870_1889,1889,"The Rotifera : or, Wheel-animalcules",BHL,2,1669,1447,222,0,117,105,0
39601,1870_1889,1889,Investigation of the fur-seal and other fisheries of Alaska,BHL,1,1200,1165,35,0,33,2,0
55872,1890_1909,1890,The animal parasites of sheep,BHL,1,1093,976,117,0,95,22,0
57696,1890_1909,1890,Handbook of field and general ornithology; a manual of the structure and classification of birds,BHL,2,2400,1782,618,1,353,264,0
57851,1890_1909,1890,Hand-book of animal classification for the use of medical and science students,BHL,1,148,77,71,0,28,43,0
61407,1890_1909,1890,The physiology of the domestic animals; a text-book for veterinary and medical students and practitioners,BHL,1,1200,873,327,0,270,57,0
66964,1890_1909,1890,"The anatomy, physiology, morphology and development of the blow-fly (Calliphora erythrocephala.)  A study in the comparative anatomy and morphology of insects; with plates and illustrations executed d",BHL,2,1940,1545,395,0,151,244,0
8147,1890_1909,1890,"The anatomy, physiology, morphology and development of the blow- fly (Calliphora erythrocephala), A study in the comparative anatomy and morphology of insects; with plates and illustrations executed d",BHL,2,1951,1563,388,0,145,243,0
3771,1890_1909,1890,The myology of the raven (Corvus corax sinuatus.) A guide to the study of the muscular system in birds,BHL,1,544,484,60,0,50,10,0
100797,1890_1909,1890,"The Fauna of British India, including Ceylon and Burma",BHL,1,1200,1146,54,0,10,44,0
112333,1890_1909,1890,"Mayhew's Illustrated horse management : containing descriptive remarks upon anatomy; medicine; shoeing; teeth; food; vices; stables; likewise a plain account of the situation, nature, and value of the",BHL,1,991,740,251,6,232,13,0
2507,1890_1909,1890,The Tertiary insects of North America,BHL,1,1200,1148,52,0,6,46,0
208772,1890_1909,1890,"Wild beasts and their ways : reminiscences of Europe, Asia, Africa and America",BHL,1,1200,1094,106,0,102,4,0
211073,1890_1909,1890,A primer of Darwinism and organic evolution,BHL,1,464,407,57,3,33,21,0
13287,1890_1909,1890,"Classification of birds; an attempt to diagnose the subclasses, orders, suborders, and some of the families of existing birds",BHL,1,161,130,31,0,5,26,0
14507,1890_1909,1890,The birds of Essex: a contribution to the natural history of the country,BHL,1,1200,1180,20,0,20,0,1
15269,1890_1909,1890,"Observations on the Terataspis grandis, Hall, the largest known trilobite",BHL,1,22,22,0,0,0,0,1
12294,1890_1909,1891,Text-book of comparative anatomy,BHL,4,4800,3245,1555,0,790,765,0
13286,1890_1909,1891,"A popular handbook of the ornithology of the United States and Canada, based on Nuttall's Manual",BHL,3,3600,3242,358,0,355,3,0
56607,1890_1909,1891,"Some account of the fauna and flora of Sinai, Petra, and Wâdy 'Arabah",BHL,1,677,667,10,0,10,0,1
57425,1890_1909,1891,The Vertebrata of the Pliocene deposits of Britain,BHL,1,843,839,4,0,0,4,1
10304,1890_1909,1891,The embryology and metamorphosis of the Macroura,BHL,1,1200,1061,139,0,71,68,0
119710,1890_1909,1891,Cultivated plants and domestic animals in their migration from Asia to Europe,BHL,1,1025,956,69,0,68,1,0
49071,1890_1909,1892,An introduction to the study of the genera of Palaeozoic Brachiopoda : part I / by James Hall,BHL,1,1200,1128,72,0,12,60,0
54621,1890_1909,1892,Outlines of zoology,BHL,1,1200,784,416,0,214,202,0
54995,1890_1909,1892,Darwin and after Darwin : An exposition of the Darwinian theory and a discussion of post-Darwinian questions,BHL,3,1679,1488,191,12,115,64,0
15034,1890_1909,1892,Fur-bearing animals in nature and in commerce,BHL,2,2400,2214,186,0,170,16,0
58685,1890_1909,1892,"The farmer's veterinary adviser, a guide to the prevention and treatment of disease in domestic animals",BHL,1,1200,1145,55,0,52,3,0
13615,1890_1909,1892,Birds: the elements of ornithology ; with 174 illustrations whereof 140 are original drawings,BHL,2,1818,1375,443,0,260,183,0
55368,1890_1909,1892,Living lights; a popular account of phosphorescent animals and vegetables,BHL,1,495,454,41,0,33,8,0
55425,1890_1909,1892,Animal coloration; an account of the principal facts and theories relating to the colours and markings of animals,BHL,2,1648,1397,251,2,229,20,0
55947,1890_1909,1892,First lessons in zoology : adapted for use in schools,BHL,1,822,487,335,1,227,107,0
57154,1890_1909,1892,The physiology of the Invertebrata,BHL,1,1000,575,425,0,263,162,0
57271,1890_1909,1892,The study of animal life,BHL,2,2400,1832,568,2,341,225,0
57560,1890_1909,1892,Along the Florida reef,BHL,1,368,352,16,1,14,1,1
64230,1890_1909,1892,Illustrations of the Zoology of H.M. Indian Marine Surveying Steamer Investigator,BHL,3,133,133,0,0,0,0,1
66984,1890_1909,1892,Gasteropoda and Cephalopoda of the Raritan clays and greensand marls of New Jersey,BHL,1,907,827,80,0,2,78,0
1767,1890_1909,1892,"Elementary text-book of zoology, tr. and ed. by Adam Sedgwick, with the assistance of F. G. Heathcote",BHL,1,1200,741,459,1,252,206,0
3746,1890_1909,1892,Text-book of the embryology of man and mammals,BHL,1,1200,877,323,0,94,229,0
100745,1890_1909,1892,"The Fauna of British India, including Ceylon and Burma",BHL,4,4800,4709,91,0,12,79,0
100786,1890_1909,1892,Essays upon heredity and kindred biological problems,BHL,2,1836,1495,341,1,217,123,0
101823,1890_1909,1892,Text-book of the embryology of man and mammals,BHL,1,1200,877,323,0,83,240,0
103700,1890_1909,1892,Text-book of the embryology of man and mammals,BHL,1,1200,888,312,0,98,214,0
104989,1890_1909,1892,Outlines of zoology,BHL,1,1200,801,399,0,204,195,0
114813,1890_1909,1892,The study of animal life,BHL,1,1200,908,292,0,174,118,0
2478,1890_1909,1892,A naturalist in the Transvaal,BHL,1,426,410,16,0,11,5,1
27148,1890_1909,1892,"Guide to the galleries of mammalia (mammalian, osteological, cetacean) in the Department of Zoology of the British Museum (Natural History)",BHL,2,842,496,346,0,231,115,0
141902,1890_1909,1892,Animal coloration : an account of the principal facts and theories relating to the colours and markings of animals,BHL,1,817,687,130,1,117,12,0
9109,1890_1909,1892,A history of Scandinavian fishes,BHL,2,2400,2171,229,1,94,134,0
13535,1890_1909,1892,"The naturalist on the river Amazons. A record of adventures, habits of animals, sketches of Brazilian and Indian life, and aspects of nature under the Equator, during eleven years of travel. With a me",BHL,1,1200,1080,120,1,100,19,0
14050,1890_1909,1892,The naturalist in La Plata,BHL,1,834,696,138,1,136,1,0
14083,1890_1909,1892,The mammalian fauna of the Edinburgh district : with records of occurrences of the rarer species throughout the south-east of Scotland generally,BHL,1,323,320,3,0,3,0,1
29990,1890_1909,1892,"Experimental evolution; lectures delivered in the ""Summer School of Art and Science"", University Hall, Edinburgh (August, 1891)",BHL,1,534,480,54,0,46,8,0
52405,1890_1909,1893,The Colorado formation and its invertebrate fauna,BHL,1,950,910,40,0,0,40,0
54031,1890_1909,1893,"Wild Spain (España agreste): records of sport with rifle, rod, and gun; natural history and exploration",BHL,1,1114,1080,34,0,34,0,0
54827,1890_1909,1893,Zoology of the invertebrata : a text-book for students,BHL,1,1200,705,495,0,261,234,0
55279,1890_1909,1893,American types of animal life,BHL,1,981,708,273,1,198,74,0
55324,1890_1909,1893,"An elementary manual of zoology, designed for the use of forest officers in India. Prepared for the Forest Department of India",BHL,1,511,325,186,0,121,65,0
55980,1890_1909,1893,The Wilder quarter-century book: a collection of original papers dedicated to Professor Burt Green Wilder at the close of his 25th year of service in Cornell University (1868-1893),BHL,1,1142,954,188,0,107,81,0
56081,1890_1909,1893,A theory of development and heredity,BHL,1,444,349,95,0,47,48,0
56176,1890_1909,1893,"Social habitations and parasitic nests. From ""Homes without hands""",BHL,1,308,244,64,0,63,1,0
56430,1890_1909,1893,Vertebrate embryology; a text-book for students and practitioners,BHL,1,1200,1021,179,0,57,122,0
57608,1890_1909,1893,Evolution of the colors of North American land birds,BHL,1,1034,942,92,0,73,19,0
79055,1890_1909,1893,The avifauna of Laysan and the neighbouring islands : with a complete history to date of the birds of the Hawaiian possessions,BHL,1,1200,1164,36,0,18,18,0
1027,1890_1909,1893,"Vertebrate embryology; a text-book for students and practitioners, by A. Milnes Marshall",BHL,1,1200,1009,191,0,65,126,0
3734,1890_1909,1893,Evolution and ethics,BHL,1,41,36,5,0,3,2,1
1572,1890_1909,1893,The fauna of the deep sea,BHL,1,273,232,41,0,24,17,0
59921,1890_1909,1893,A laboratory course in invertebrate zoöloy,BHL,1,376,313,63,0,27,36,0
1773,1890_1909,1893,Zoology for high schools and colleges,BHL,1,1200,786,414,1,168,245,0
102216,1890_1909,1893,"Descriptive zoopraxography; or, the science of animal locomotion made popular : with selected outline tracings reduced from some of the illustrations of ""Animal Locomotion"" an electro-photographic inv",BHL,1,97,89,8,0,8,0,1
23952,1890_1909,1893,"An elementary text-book of biology, comprising vegetable and animal morphology and physiology",BHL,1,1175,810,365,0,165,200,0
116036,1890_1909,1893,The industries of animals,BHL,1,691,505,186,0,182,4,0
122981,1890_1909,1893,Contributions to the anatomy of fishes. II. The air-bladder and Weberian ossicles in the siluroid fishes,BHL,1,1189,938,251,0,153,98,0
32861,1890_1909,1893,Extinct monsters : a popular account of some of the larger forms of ancient animal life,BHL,1,765,669,96,0,86,10,0
14593,1890_1909,1893,Evolution of the colors of North American land birds,BHL,1,1035,946,89,0,71,18,0
14712,1890_1909,1893,Further studies on the brain of Limulus polyphemus : with notes on its embryology,BHL,1,159,139,20,0,6,14,1
15974,1890_1909,1893,A contribution to insect embryology,BHL,1,430,381,49,0,16,33,0
52039,1890_1909,1894,"On the biology of our flat-fishes and on the decrease of our flat-fish fisheries, with some observations showing how to remedy the latter and promote the flat-fish fisheries in our seas east of the Sk",BHL,1,408,385,23,0,13,10,1
52350,1890_1909,1894,Paleontology of Missouri / by Charles Rollin Keyes,BHL,1,342,332,10,0,1,9,1
54111,1890_1909,1894,"Hoofs, claws and antlers of the Rocky Mountains, by the camera. Photographic reproductions of wild game from life",BHL,1,65,64,1,0,1,0,1
55277,1890_1909,1894,The common objects of the country,BHL,1,423,342,81,0,76,5,0
55280,1890_1909,1894,A text-book of invertebrate morphology,BHL,2,2400,1256,1144,0,572,572,0
98121,1890_1909,1894,Travels in a tree-top,BHL,1,355,338,17,0,17,0,1
7998,1890_1909,1894,"Key to North American birds. Containing a concise account of every species of living and fossil bird at present known from the continent north of the Mexican and United States boundary, inclusive of G",BHL,3,3600,3177,423,1,188,234,0
55649,1890_1909,1894,Guide for laboratory practice in plant morphology,BHL,1,22,20,2,0,0,2,1
56038,1890_1909,1894,Agricultural zoology,BHL,2,1753,1316,437,0,333,104,0
56171,1890_1909,1894,Life and rock: a collection of zooogical and geological essays,BHL,1,453,298,155,0,80,75,0
56676,1890_1909,1894,Lectures on the Darwinian theory delivered by the late Arthur Milnes Marshall,BHL,1,506,356,150,0,103,47,0
56969,1890_1909,1894,"The origin of species by means of natural selection, or, The preservation of favored races in the struggle for life",BHL,1,1200,969,231,2,181,48,0
66991,1890_1909,1894,Mollusca and Crustacea of the Miocene formations of New Jersey,BHL,1,451,422,29,0,0,29,1
948,1890_1909,1894,"A reprint of the North American zoology,  by George Ord. Being an exact reproduction of the part originally compiled by Mr. Ord for Johnson & Warner, and first published by them in their 2d American e",BHL,1,1010,944,66,8,51,7,0
17250,1890_1909,1894,Materials for the study of variation treated with especial regard to discontinuity in the origin of species,BHL,1,1200,1140,60,0,14,46,0
86011,1890_1909,1894,"The animal as a machine and a prime motor, and the laws of energetics",BHL,1,175,151,24,0,23,1,1
115671,1890_1909,1894,The fauna of the deep sea,BHL,2,559,468,91,0,49,42,0
1768,1890_1909,1894,Types of animal life,BHL,1,1002,730,272,1,200,71,0
100793,1890_1909,1894,Zoology,BHL,1,859,551,308,0,175,133,0
115769,1890_1909,1894,Ponds and rock pools : with hints on collecting for and the management of the micro-aquarium,BHL,1,412,303,109,1,85,23,0
130754,1890_1909,1894,A popular Handbook of the Ornithology of Eastern North America,BHL,2,2400,2140,260,0,256,4,0
11870,1890_1909,1894,The Lower Silurian Lamellibranchiata of Minnesota,BHL,1,888,792,96,0,8,88,0
13905,1890_1909,1894,"The land and fresh water Mollusca in the vicinity of New Philadelphia : a contribution to the natural history of Tuscarawas Co., Ohio",BHL,1,48,47,1,0,0,1,1
14076,1890_1909,1894,A synopsis of the animal kingdom : together with a laboratory practicum of invertebrate zoölogy / by Harris H. Wilder,BHL,1,618,432,186,0,74,112,0
15191,1890_1909,1894,Marine shells of South Africa,BHL,1,43,43,0,0,0,0,1
10631,1890_1909,1894,Crustacea caspia : contributions to the knowledge of the carcinological fauna of the Caspian Sea / by G.O. Sars,BHL,1,439,369,70,0,6,64,0
11812,1890_1909,1895,Technical series / Bureau of Entomology United States Department of Agriculture,BHL,1,1200,1073,127,0,27,100,0
16033,1890_1909,1895,"Materials for a carcinological fauna of India, no. 1-2...",BHL,3,1687,1538,149,0,16,133,0
53809,1890_1909,1895,The American lobster; a study of its habits and development,BHL,1,1200,1126,74,0,57,17,0
54145,1890_1909,1895,Summer studies of birds and books,BHL,1,666,636,30,0,28,2,0
54184,1890_1909,1895,Outlines of zoology,BHL,1,1200,816,384,0,200,184,0
54257,1890_1909,1895,"Comparative zoology : structural and systematic, for use in schools and colleges",BHL,1,1200,739,461,0,256,205,0
54500,1890_1909,1895,An introduction to the study of zoology,BHL,1,801,489,312,0,148,164,0
54984,1890_1909,1895,The animals of the world. Brehm's life of animals,BHL,1,1200,917,283,0,229,54,0
55391,1890_1909,1895,The naturalist in La Plata,BHL,1,840,696,144,1,142,1,0
55617,1890_1909,1895,Fauna of Baluchistan and N. W. frontier of India. Vol I. The Jurassic fauna,BHL,1,509,449,60,0,0,60,0
56454,1890_1909,1895,"Natural history with anecdotes: illustrating the nature, habits, manners and customs of animals, birds, fishes, reptiles, insects, etc., etc., etc",BHL,1,1200,1051,149,0,139,10,0
56516,1890_1909,1895,Studies in the evolution of animals,BHL,1,836,763,73,0,39,34,0
56666,1890_1909,1895,The structure and life of birds,BHL,1,1200,977,223,0,201,22,0
56927,1890_1909,1895,Natural history of animals,BHL,1,753,548,205,2,157,46,0
57002,1890_1909,1895,Zoology for high schools and colleges,BHL,1,1200,748,452,0,194,258,0
57166,1890_1909,1895,The pheasant. Natural history,BHL,1,485,449,36,1,34,1,0
57380,1890_1909,1895,"A year of sport and natural history, shooting, hunting, coursing, falconry and fishing",BHL,1,632,588,44,0,44,0,0
65016,1890_1909,1895,"The birds of North America; one hundred and nineteen artistic colored plates representing the different species and varieties, drawn and colored from nature. Including a copious text giving a popular ",BHL,1,1200,1099,101,1,97,3,0
69239,1890_1909,1895,A fauna of the Moray basin,BHL,2,2245,2212,33,0,25,8,0
101746,1890_1909,1895,Serpents' venom : artificial and natural immunity : antidotal properties of the blood-serum of immunized animals and of venomous serpents,BHL,1,87,85,2,0,1,1,1
104963,1890_1909,1895,Outlines of zoology,BHL,1,1200,824,376,0,185,191,0
2164,1890_1909,1895,"Oceanic ichthyology, a treatise on the deep-sea and pelagic fishes of the world, based chiefly upon the collections made by the steamers Blake, Albatross, and Fish Hawk in the northwestern Atlantic, w",BHL,1,1200,1146,54,0,5,49,0
105869,1890_1909,1895,"Natural history, lore and legend : being some few examples of quaint and by-gone beliefs gathered in from divers authorities, ancient and mediaeval, of varying degrees of reliability",BHL,1,573,557,16,1,14,1,1
111581,1890_1909,1895,The animal tuberculoses : and their relation to human tuberculosis,BHL,1,321,312,9,0,4,5,1
112230,1890_1909,1895,Movement,BHL,1,369,328,41,0,40,1,0
115747,1890_1909,1895,Animal coloration : an account of the principal facts and theories relating to the colours and markings of animals,BHL,1,845,724,121,1,110,10,0
119857,1890_1909,1895,"Seventeen trips through Somáliland : a record of exploration & big game shooting, 1885 to 1893, being the narrative of several journeys in the Hinterland of the Somali coast protectorate, dating from ",BHL,1,964,941,23,0,23,0,1
122364,1890_1909,1895,Revision of the Aphelininæ of North America : a subfamily of hymenopterous parasites of the family Chalcididæ,BHL,1,1200,1140,60,0,26,34,0
163732,1890_1909,1895,"Notes on ""licked beef"" and ""jelly"" : and injury to hides from attack of ox warble fly, or bot fly, Hypoderma bovis, De Geer",BHL,1,29,28,1,0,1,0,1
35758,1890_1909,1895,"Condition of seal life on the rookeries of the Pribilof Islands, 1893-1895",BHL,2,1739,1729,10,0,10,0,1
13981,1890_1909,1895,Canadian fossil insects : Part I. Myriapods and Arachnids / by Samuel H. Scudder,BHL,1,220,217,3,0,0,3,1
14220,1890_1909,1895,The sea and its living wonders; a popular account of the marvels of the deep and of the progress of maritime discovery from the earliest ages to the present time,BHL,1,1200,897,303,7,270,26,0
14521,1890_1909,1895,"The land birds in and around St. Andrews : including a condensed history of the British land birds, with extracts from the poets and observations and anecdotes on natural history",BHL,1,1200,1046,154,6,138,10,0
14526,1890_1909,1895,"The migration of British birds, including their post-glacial emigrations as traced by the application of a new law of disperal being a contribution to the study of migration, geographical distribution",BHL,1,676,659,17,0,16,1,1
15297,1890_1909,1895,"An introduction to the study of zoology, illustrated by the crayfish",BHL,1,479,351,128,1,62,65,0
53970,1890_1909,1896,From North pole to equator: studies of wild life and scenes in many lands,BHL,1,1200,1055,145,2,136,7,0
54040,1890_1909,1896,Habit and instinct,BHL,1,1017,906,111,0,98,13,0
54815,1890_1909,1896,The partridge. Natural history,BHL,1,520,486,34,0,33,1,0
55436,1890_1909,1896,The whence and the whither of man; a brief history of his origin and development through conformity to environment; being the Morse lectures of 1895,BHL,2,1507,1119,388,3,267,118,0
55732,1890_1909,1896,"The descent of man, and selection in relation to sex",BHL,1,1200,1008,192,0,160,32,0
56158,1890_1909,1896,"Aquatic microscopy for beginners; or, Common objects from the ponds and ditches",BHL,1,703,567,136,0,83,53,0
56420,1890_1909,1896,"The frog: an introduction to anatomy, histology, and embryology",BHL,1,330,284,46,0,21,25,0
56610,1890_1909,1896,The study of animal life,BHL,1,1200,916,284,0,165,119,0
56920,1890_1909,1896,The primitive streak and notochordal canal in Chelonia,BHL,1,142,137,5,0,0,5,1
56926,1890_1909,1896,Text book of zoology,BHL,1,1200,672,528,0,300,228,0
57334,1890_1909,1896,The present evolution of man,BHL,1,458,338,120,0,87,33,0
57450,1890_1909,1896,A nature calendar; a record of the appearance of the flowers and birds,BHL,1,138,138,0,0,0,0,1
61822,1890_1909,1896,Papers presented to the World's Congress on Ornithology,BHL,1,585,542,43,0,41,2,0
61439,1890_1909,1896,A guide to the fossil mammals and birds in the Department of Geology and Palæontology in the British Museum (Natural History),BHL,1,310,265,45,0,18,27,0
1134,1890_1909,1896,The evolution of bird-song : with observations on the influence of heredity and limitation,BHL,1,561,503,58,0,55,3,0
86364,1890_1909,1896,A contribution to the morphology of the Medulla oblongata of the rabbit,BHL,1,38,37,1,0,0,1,1
1668,1890_1909,1896,General principles of zoology,BHL,1,539,336,203,1,86,116,0
98378,1890_1909,1896,Four-handed folk,BHL,1,455,438,17,0,17,0,1
100872,1890_1909,1896,Address to the physiological section,BHL,1,122,68,54,0,10,44,0
2068,1890_1909,1896,The primary factors of organic evolution,BHL,1,1186,947,239,0,122,117,0
102843,1890_1909,1896,The elements of embryology,BHL,1,591,511,80,0,21,59,0
104056,1890_1909,1896,Text book of zoology,BHL,1,1200,665,535,0,324,211,0
112241,1890_1909,1896,Economic entomology for the farmer and fruit-grower : and for use as a text-book in agricultural schools and colleges,BHL,1,1200,923,277,0,229,48,0
112375,1890_1909,1896,On certain problems of vertebrate embryology,BHL,1,182,149,33,0,8,25,0
48521,1890_1909,1896,"Oceanic ichthyology : a treatise on the deep-sea and pelagic fishes of the world, based chiefly upon the collections made by the steamers ""Blake,"" ""Albatross,"" and ""Fishhawk"" in the northwestern Atlan",BHL,1,94,94,0,0,0,0,1
11930,1890_1909,1896,A guide to the fossil reptiles and fishes in the Department of geology and palaeontology,BHL,2,774,614,160,0,38,122,0
14123,1890_1909,1896,"The birds of Africa, comprising all the species which occur in the Ethiopian region",BHL,7,7592,7467,125,0,69,56,0
14948,1890_1909,1896,Extinct monsters : a popular account of some of the larger forms of ancient animal life,BHL,1,763,673,90,0,80,10,0
16323,1890_1909,1896,The Russian fur-seal islands,BHL,1,927,906,21,0,20,1,1
33930,1890_1909,1896,Observations on the fur seals of the Pribilof Islands. Preliminary report,BHL,1,560,541,19,0,19,0,1
35794,1890_1909,1896,On the deep and shallow water marine fauna of the Kerguelen Region of the Great Southern Ocean,BHL,1,539,511,28,0,12,16,1
35874,1890_1909,1896,The natural history of the marketable marine fishes of the British islands,BHL,1,1200,1022,178,0,103,75,0
46851,1890_1909,1897,A critical period in the development of the horse / by J. C. Ewart,BHL,1,89,58,31,0,26,5,0
57744,1890_1909,1897,The tailless batrachians of Europe,BHL,3,1536,1369,167,0,79,88,0
15752,1890_1909,1897,"The animal kingdom; based upon the writings of the eminent naturalists, Audubon, Wallace, Brehm, Wood and others",BHL,2,2400,1951,449,4,344,101,0
54315,1890_1909,1897,The life-histories of the British marine food-fishes,BHL,1,1200,1105,95,0,64,31,0
55015,1890_1909,1897,Experimental morphology,BHL,2,1129,1065,64,0,57,7,0
55375,1890_1909,1897,Organic evolution considered,BHL,1,738,574,164,12,96,56,0
56084,1890_1909,1897,"Familiar features of the roadside; the flowers, shrubs, birds, and insects",BHL,1,498,484,14,0,13,1,1
56106,1890_1909,1897,Natural history,BHL,1,1200,705,495,0,269,226,0
56161,1890_1909,1897,Wild neighbors: out-door studies in the United States,BHL,1,632,526,106,3,102,1,0
56587,1890_1909,1897,Wild traits in tame animals : being some familiar studies in evolution,BHL,1,703,491,212,0,209,3,0
56635,1890_1909,1897,Elements of the comparative anatomy of vertebrates,BHL,1,1200,883,317,0,133,184,0
56758,1890_1909,1897,Chapters on the natural history of the United States,BHL,1,1200,1038,162,0,124,38,0
57341,1890_1909,1897,Eye spy : afield with nature among flowers and animate things,BHL,1,435,405,30,0,28,2,0
57342,1890_1909,1897,Curious homes and their tenants,BHL,1,558,406,152,3,144,5,0
57439,1890_1909,1897,Pioneers of evolution from Thales to Huxley. With an intermediate chapter on the causes of arrest of the movement,BHL,1,262,244,18,1,3,14,1
57466,1890_1909,1897,Zoology,BHL,1,967,648,319,0,178,141,0
66976,1890_1909,1897,"Points of the horse; a treatise on the conformation, movements, breeds and evolution of the horse",BHL,1,1123,851,272,0,254,18,0
1137,1890_1909,1897,The life-histories of the British marine food-fishes,BHL,1,1200,1108,92,0,62,30,0
1667,1890_1909,1897,General principles of zoology,BHL,1,541,333,208,1,86,121,0
1709,1890_1909,1897,"Insect life; an introduction to nature-study and a guide for teachers, students, and others interested in out-of-door life",BHL,1,1082,856,226,0,162,64,0
1776,1890_1909,1897,A text-book of zoology,BHL,2,2400,1495,905,0,395,510,0
100738,1890_1909,1897,"The Fauna of British India, including Ceylon and Burma",BHL,3,3285,3063,222,0,38,184,0
113846,1890_1909,1897,Elementary text-book of zoology : special part : mollusca to man,BHL,1,1200,776,424,0,219,205,0
115840,1890_1909,1897,Elements of the comparative anatomy of vertebrates,BHL,1,1200,890,310,0,145,165,0
122700,1890_1909,1897,"Random records of a lifetime, 1846-1931 [actually 1932]. volume VIII, Cuba with Powell; Jamaica with Langley; Mexico with Gilbert and Dutton; California with McGee; physical anthropology, Hrdlicka, cu",BHL,1,183,179,4,0,4,0,1
196339,1890_1909,1897,A century's work on ornithology in the Kingsbridge District,BHL,1,35,35,0,0,0,0,1
54202,1890_1909,1898,Elementary zoology,BHL,1,643,363,280,0,82,198,0
54401,1890_1909,1898,The fur seals and fur-seal islands of the North Pacific ocean,BHL,4,4724,4584,140,0,122,18,0
54556,1890_1909,1898,Colour in nature; a study in biology,BHL,1,793,737,56,0,28,28,0
1202,1890_1909,1898,The structure and classification of birds,BHL,2,2400,2169,231,0,63,168,0
55404,1890_1909,1898,"Guide to localities illustrating the geology, marine zoology, and botany of the vicinity of Boston",BHL,1,325,312,13,0,9,4,1
55498,1890_1909,1898,Footnotes to evolution : a series of popular addresses on the evolution of life,BHL,1,902,764,138,4,87,47,0
56019,1890_1909,1898,The elements of embryology,BHL,1,572,496,76,0,21,55,0
56093,1890_1909,1898,Lessons in zoölogy. Common animal forms,BHL,1,385,305,80,0,66,14,0
56906,1890_1909,1898,A manual of the anatomy of vertebrated animals,BHL,1,1200,902,298,0,74,224,0
57762,1890_1909,1898,"Familiar life in field and forest; the animals, birds, frogs, and salamanders",BHL,1,634,593,41,0,36,5,0
27080,1890_1909,1898,"Zoological results based on material from New Britain, New Guinea, Loyalty Islands and elsewhere, collected during the years 1895, 1896, and 1897",BHL,3,2813,2504,309,0,108,201,0
1105,1890_1909,1898,The fur seals and fur-seal islands of the North Pacific ocean,BHL,2,2298,2222,76,0,74,2,0
1169,1890_1909,1898,Mammalian anatomy; a preparation for human and comparative anatomy,BHL,1,1200,1121,79,0,34,45,0
16625,1890_1909,1898,"An essay toward a natural history of La Salle County, Illinois, in two parts",BHL,1,352,322,30,0,18,12,0
12293,1890_1909,1898,A student's text-book of zoology,BHL,2,2400,1710,690,0,310,380,0
1758,1890_1909,1898,"A text-book of entomology, including the anatomy, physiology, embryology and metamorphoses of insects, for use in agricultural and technical schools and colleges as well as by the working entomologist",BHL,1,1200,896,304,0,178,126,0
20384,1890_1909,1898,"Animate creation; popular edition of ""Our Living World"" a natural history",BHL,6,7200,5746,1454,6,1195,253,0
115598,1890_1909,1898,The nature & development of animal intelligence,BHL,1,867,792,75,0,59,16,0
115652,1890_1909,1898,Riviera nature notes : a popular account of the more striking plants and animals of the Riviera and the Maritime Alps,BHL,1,677,645,32,0,31,1,0
123032,1890_1909,1898,Some miscellaneous results of the work of the Division of Entomology,BHL,1,589,577,12,0,11,1,1
45263,1890_1909,1898,Zoology of Egypt / by John Anderson,BHL,2,2400,2273,127,0,37,90,0
13634,1890_1909,1898,Gleanings from nature,BHL,1,704,683,21,1,20,0,1
14981,1890_1909,1898,The nature and development of animal intelligence,BHL,1,858,781,77,0,65,12,0
16178,1890_1909,1898,Fossil vertebrates in the American Museum of Natural History,BHL,1,1200,1118,82,0,23,59,0
17191,1890_1909,1898,The nature and development of animal intelligence,BHL,1,858,787,71,0,58,13,0
52024,1890_1909,1899,The fur seals and fur-seal islands of the North Pacific Ocean,BHL,1,1200,1151,49,0,38,11,0
53936,1890_1909,1899,"A manual of the vertebrate animals of the northern United States, including the district north and east of the Ozark mountains, south of the Laurentian hills, north of the southern boundary of Virgini",BHL,1,1200,1073,127,0,36,91,0
46110,1890_1909,1899,The anatomy of the central nervous system of man and of vertebrates in general,BHL,1,922,798,124,0,44,80,0
54029,1890_1909,1899,"Rural bird life of England : being essays on ornithology, with instructions for preserving objects relating to that science",BHL,1,1013,817,196,5,190,1,0
54428,1890_1909,1899,The birds,BHL,1,399,394,5,0,0,5,1
54442,1890_1909,1899,"Vertebrate histology : a guide for course 2, Department of microscopy, histology and embryology.  Cornell University and the New York State Veterinary College",BHL,1,225,219,6,0,3,3,1
54530,1890_1909,1899,The foundations of zoölogy,BHL,1,577,441,136,5,114,17,0
54620,1890_1909,1899,"Ichthyologia ohiensis; or, Natural history of the fishes inhabiting the river Ohio and its tributary streams",BHL,2,1260,1154,106,0,25,81,0
54674,1890_1909,1899,"Contributions to the herpetology of New Granada and Argentina, with descriptions of new forms",BHL,1,66,62,4,0,0,4,1
55383,1890_1909,1899,"Wild animals in captivity; being an account of the habits, food, management and treatment of the beasts and birds at the ""Zoo"", with reminiscences and anecdotes",BHL,1,818,672,146,1,137,8,0
55516,1890_1909,1899,"A manual of the vertebrate animals of the northern United States: including the district north and east of the Ozark Mountains, south of the Laurentian Hills, north of the southern boundary of Virgini",BHL,1,1200,1085,115,0,29,86,0
55641,1890_1909,1899,Text book of vertebrate zoology,BHL,1,1200,836,364,0,115,249,0
55986,1890_1909,1899,A text-book of agricultural zoology,BHL,1,1200,917,283,0,175,108,0
56111,1890_1909,1899,The industries of animals,BHL,1,743,551,192,0,187,5,0
56557,1890_1909,1899,Outlines of zoology,BHL,1,1200,761,439,0,220,219,0
57060,1890_1909,1899,A junior course of practical zoology,BHL,1,1059,872,187,0,91,96,0
57116,1890_1909,1899,Ways of wood folk,BHL,1,613,594,19,0,19,0,1
57665,1890_1909,1899,A text-book of agricultural zoology,BHL,1,1200,918,282,0,172,110,0
62943,1890_1909,1899,... Key to the upper Devonian of southern New York : designed for teachers and students in secondary schools,BHL,1,40,40,0,0,0,0,1
66891,1890_1909,1899,Key to the upper Devonian of southern New York,BHL,1,43,43,0,0,0,0,1
1087,1890_1909,1899,Text-book of the embryology of man and mammals,BHL,1,1200,877,323,0,93,230,0
86367,1890_1909,1899,On the morphology of the digestive tract of the cat,BHL,1,54,52,2,0,0,2,1
99924,1890_1909,1899,Anatomy and congenital defects of the ligamentum pectinatum,BHL,1,19,18,1,0,0,1,1
114810,1890_1909,1899,Outlines of zoology,BHL,1,1200,772,428,0,218,210,0
115541,1890_1909,1899,The foundations of zoölogy,BHL,1,544,416,128,6,108,14,0
133922,1890_1909,1899,"Cattle, sheep, swine, poultry, bees, dogs, pigeons and pets",BHL,1,1200,1037,163,1,147,15,0
155443,1890_1909,1899,"Nature study leaflet. Our common birds. Suggestions for the study of their life and work. Biology series, no. 2",BHL,1,159,147,12,0,12,0,1
6744,1890_1909,1899,"Ichthyologia Ohiensis : or, Natural history of the fishes inhabiting the river Ohio and its tributary streams",BHL,1,631,577,54,0,12,42,0
158659,1890_1909,1899,Educational value of bird-study,BHL,1,29,28,1,0,1,0,1
12139,1890_1909,1899,A monograph of the Cretaceous Lamellibranchia of England,BHL,1,871,833,38,0,0,38,0
13973,1890_1909,1899,Some of Wyoming's vertebrate fossils,BHL,1,48,47,1,0,0,1,1
15033,1890_1909,1899,The Neocene lake beds of western Montana and descriptions of some new vertebrates from the Loup Fork,BHL,1,78,78,0,0,0,0,1
53930,1890_1909,1900,The doctrine of descent and Darwinism,BHL,1,707,556,151,5,50,96,0
54859,1890_1909,1900,Animal life; a first book of zoölogy,BHL,1,967,618,349,1,266,82,0
54886,1890_1909,1900,"A Bibliography of Ezra Dwight Sanderson, to September 25, 1943",BHL,1,47,47,0,0,0,0,1
55068,1890_1909,1900,"Intelligence in plants and animals: being a new edition of the author's privately issued ""Soul and immortality.""",BHL,1,1200,977,223,10,180,33,0
55335,1890_1909,1900,An introduction to the study of the comparative anatomy of animals,BHL,2,1719,1131,588,1,236,351,0
55623,1890_1909,1900,Wilderness ways. 2d series,BHL,1,440,430,10,0,10,0,1
55910,1890_1909,1900,"The law of animals : a treatise on property in animals, wild and domestic and the rights and responsibilities arising therefrom",BHL,1,1200,1124,76,0,76,0,0
48454,1890_1909,1900,Squirrels and other fur-bearers,BHL,1,439,422,17,0,17,0,1
56228,1890_1909,1900,"Chapters on animals; dogs, cats and horses",BHL,1,273,255,18,0,18,0,1
56353,1890_1909,1900,Animal behaviour,BHL,1,1039,815,224,3,174,47,0
56431,1890_1909,1900,"[Collected reprints, 1911-1931",BHL,1,1200,1189,11,0,8,3,1
56985,1890_1909,1900,An elementary course of practical zoology,BHL,1,1200,904,296,0,150,146,0
57189,1890_1909,1900,An elementary course of practical zoology,BHL,1,1200,885,315,0,155,160,0
57348,1890_1909,1900,A manual of zoology,BHL,2,2400,1570,830,2,400,428,0
57616,1890_1909,1900,Studies of animal life : a series of laboratory exercises for the use of high schools,BHL,1,391,331,60,0,46,14,0
57942,1890_1909,1900,"A morphological study of the flower and embryo of the wild oat, Avena fatua L",BHL,1,23,22,1,0,1,0,1
44007,1890_1909,1900,Outlines of the comparative physiology and morphology of animals,BHL,1,1194,775,419,0,240,179,0
959,1890_1909,1900,Origin of species,BHL,1,1200,966,234,1,184,49,0
86369,1890_1909,1900,Additional observations on the morphology of the digestive tract of the cat,BHL,1,6,6,0,0,0,0,1
1461,1890_1909,1900,Selected morphological monographs,BHL,1,715,625,90,0,61,29,0
1783,1890_1909,1900,"Introduction to zoology; a guide to the study of animals, for the use of secondary schools",BHL,1,1200,959,241,0,172,69,0
61554,1890_1909,1900,Text-book of palaeontology,BHL,2,2400,1934,466,0,103,363,0
151075,1890_1909,1900,Fossils from Singapore,BHL,1,32,30,2,0,0,2,1
159911,1890_1909,1900,"Cleft palate and adenoids. Treatment of simple fractures by operation. Diseases of joints. Operative treatment of Cancer. Acquired deformities. Antrectomy. Hernia, etc",BHL,1,443,385,58,0,52,6,0
15304,1890_1909,1900,A monograph of the genus Casuarius,BHL,1,801,749,52,0,18,34,0
52327,1890_1909,1901,"A guide to the shell and starfish galleries (Mollusca, Polyzoa, Brachiopoda, Tunicata, Echinoderma, and worms). Department of Zoology, British museum (Natural history). With numerous illustrations",BHL,1,374,254,120,0,69,51,0
54000,1890_1909,1901,Anatomy of the cat,BHL,1,944,882,62,0,12,50,0
54261,1890_1909,1901,Text-book of the embryology of man and mammals,BHL,1,1200,867,333,0,96,237,0
54378,1890_1909,1901,The geographical and geological distribution of animals,BHL,1,1200,1082,118,0,52,66,0
54897,1890_1909,1901,Wild life near home,BHL,1,649,615,34,1,33,0,0
12620,1890_1909,1901,Amphibia and reptiles,BHL,2,2400,1941,459,0,197,262,0
55431,1890_1909,1901,Anatomy and physiology of Polygyra Albolabris and Limax Maximus and embryology of Limax Maximus,BHL,1,171,144,27,0,17,10,1
48547,1890_1909,1901,"Insect life; an introduction to nature study and a guide for teachers, students and others interested in out-of-door life",BHL,1,1067,835,232,0,160,72,0
14610,1890_1909,1901,The birds of Springfield and vicinity,BHL,2,463,461,2,0,2,0,1
12263,1890_1909,1901,"Lamarck, the founder of evolution; his life and work",BHL,1,750,633,117,4,65,48,0
56441,1890_1909,1901,Morphology of spermatophytes. [Part I. Gymnosperms],BHL,1,231,213,18,0,6,12,1
1042,1890_1909,1901,The sea-beach at ebb-tide : a guide to the study of the seaweeds and the lower animal life found between tidemarks,BHL,2,2400,1840,560,0,312,248,0
57167,1890_1909,1901,Text-book of zoology,BHL,1,1200,592,608,0,557,51,0
57375,1890_1909,1901,"The United States Bureau of Animal Industry, at the close of the nineteenth century. 1884-1900.  Souvenir volume",BHL,1,206,204,2,0,2,0,1
57383,1890_1909,1901,Little beasts of field & wood,BHL,1,240,223,17,0,17,0,1
11889,1890_1909,1901,"Studies in evolution; mainly reprints of occasional papers selected from the publications of the Laboratory of invertebrate paleontology, Peabody Museum, Yale University",BHL,2,2400,2078,322,1,136,185,0
57750,1890_1909,1901,"Introduction to the study of zoölogy, for use in high schools and academies",BHL,1,770,617,153,0,81,72,0
1021,1890_1909,1901,Anatomy of the cat /  by Jacob Reighard and H.S. Jennings with one hundred and seventy-three original figures drawn by Louise Burridge Jennings,BHL,1,917,855,62,0,12,50,0
1392,1890_1909,1901,"Fauna, flora & geology of the Clyde area",BHL,1,1053,1052,1,0,0,1,1
101987,1890_1909,1901,The evolution of the Mammalia,BHL,1,161,120,41,0,19,22,0
153555,1890_1909,1901,"A North American faunal index to the ""Ornithologist"" and ""Oölogist"". Part 1-4",BHL,1,37,37,0,0,0,0,1
195967,1890_1909,1901,Bird-killing as a method in ornithology,BHL,1,66,57,9,0,0,9,1
220493,1890_1909,1901,Charles Darwin and the theory of natural selection,BHL,1,316,299,17,2,14,1,1
9118,1890_1909,1901,The fly-fisher's entomology : with coloured representations of the natural and artificial insect; and a few observations and instructions on trout and grayling-fishing,BHL,1,412,395,17,0,15,2,1
10215,1890_1909,1901,The fauna and geography of the Maldive and Laccadive archipelagoes : being the account of the work carried on and of the collections made by an expedition during the years 1899 and 1900,BHL,3,1746,1554,192,0,113,79,0
14833,1890_1909,1901,Animals of the past,BHL,2,682,575,107,0,93,14,0
15604,1890_1909,1901,American carnation culture. The evolution of Dianthus caryophyllus semperflorens,BHL,1,232,214,18,0,9,9,1
15746,1890_1909,1901,"The great and small game of Europe, western & northern Asia and America; their distribution, habits, and structure",BHL,1,1200,1114,86,0,41,45,0
42660,1890_1909,1901,University of California publications. Zoology,BHL,2,1268,1149,119,0,49,70,0
48632,1890_1909,1902,"The Bermuda islands : an account of their scenery, climate, productions, physiography, natural history and geology, with sketches of their discovery and early history, and the changes in their flora a",BHL,1,1200,1183,17,0,12,5,1
54120,1890_1909,1902,Notes and letters on the natural history of Norfolk : more especially on the birds and fishes,BHL,1,293,286,7,0,6,1,1
54278,1890_1909,1902,The living animals of the world; a popular natural history with one thousand illustrations,BHL,1,1200,794,406,0,340,66,0
54319,1890_1909,1902,A synopsis of animal classification,BHL,1,195,83,112,0,33,79,0
54492,1890_1909,1902,A laboratory guide for beginners in zoology,BHL,1,311,230,81,0,38,43,0
54577,1890_1909,1902,Animal forms; a second book of zoology,BHL,1,756,424,332,0,276,56,0
54578,1890_1909,1902,Injurious and useful insects; an introduction to the study of economic entomology,BHL,1,1200,848,352,0,286,66,0
54623,1890_1909,1902,Stories of humble friends,BHL,1,484,476,8,0,8,0,1
55060,1890_1909,1902,Studies in zoology : an introduction to the study of animals for secondary schools and academies,BHL,1,960,812,148,0,78,70,0
55271,1890_1909,1902,Elementary text-book of zoology,BHL,1,1200,751,449,0,239,210,0
55566,1890_1909,1902,The fertilization and early development of the pigeon's egg,BHL,1,200,194,6,0,5,1,1
56062,1890_1909,1902,The descent of man : and selection in relation to sex,BHL,2,2324,1999,325,1,257,67,0
56109,1890_1909,1902,The pathology and differential diagnosis of infectious diseases of animals,BHL,1,1200,1171,29,0,14,15,1
56321,1890_1909,1902,"The Uganda protectorate; an attempt to give some description of the physical geography, botany, zoology, anthropology, languages and history of the territories under British protection in East Central",BHL,1,963,912,51,0,47,4,0
57418,1890_1909,1902,A manual of zoology,BHL,1,1200,683,517,0,234,283,0
49381,1890_1909,1902,Animal castration,BHL,1,278,257,21,0,20,1,1
57609,1890_1909,1902,A biological investigation of the Hudson Bay region,BHL,1,880,877,3,0,3,0,1
59327,1890_1909,1902,A natural history of the British Lepidoptera : a text-book for students and collectors,BHL,6,7200,6745,455,0,236,219,0
61528,1890_1909,1902,Human embryology and morphology,BHL,1,561,458,103,0,40,63,0
77308,1890_1909,1902,"A preliminary note on Arsinoitherium zitteli, Beadn., from the Upper Eocene strata of Egypt",BHL,1,7,5,2,0,0,2,1
77312,1890_1909,1902,A preliminary note on some new mammals from the Upper Eocene of Egypt,BHL,1,30,26,4,0,0,4,1
1199,1890_1909,1902,Animal mechanics,BHL,1,311,223,88,5,76,7,0
1360,1890_1909,1902,Variation in animals and plants,BHL,1,777,751,26,0,16,10,1
1372,1890_1909,1902,"Development and evolution, including psychophysical evolution, evolution by orthoplasy, and the theory of genetic modes",BHL,1,592,488,104,0,99,5,0
95694,1890_1909,1902,Mendel's principles of heredity : a defence,BHL,1,169,167,2,0,0,2,1
1879,1890_1909,1902,Animal experimentation; a series of statements indicating its value to biological and medical science,BHL,1,348,344,4,0,3,1,1
11627,1890_1909,1902,Marine investigations in South Africa,BHL,4,2842,2653,189,0,33,156,0
104696,1890_1909,1902,Handbook of instructions for collectors,BHL,1,370,340,30,0,21,9,0
132812,1890_1909,1902,"Nature portraits; studies with pen and camera of our wild birds, animals, fish and insects",BHL,1,130,123,7,0,7,0,1
153228,1890_1909,1902,Ornithology in the schools,BHL,1,26,26,0,0,0,0,1
158724,1890_1909,1902,Animals in motion : an electro-photographic investigation of consecutive phases of animal progressive movements,BHL,1,279,254,25,1,24,0,1
13888,1890_1909,1902,Animals before man in North America : their lives and times,BHL,1,412,318,94,0,65,29,0
14559,1890_1909,1902,Wild life of orchard and field,BHL,1,681,565,116,3,112,1,0
34596,1890_1909,1902,Notes on the natural history of East Finmark,BHL,1,492,466,26,0,5,21,1
35790,1890_1909,1902,"Guide to the coral gallery (Protozoa, Porifera or sponges, Hydrozoa, and Anthozoa), in the Department of Zoology, British Museum (Natural History) ...",BHL,1,233,177,56,0,21,35,0
16333,1890_1909,1903,The Tanganyika problem; an account of the researches undertaken concerning the existence of marine animals in Central Africa,BHL,2,1298,1214,84,0,11,73,0
52382,1890_1909,1903,The Carboniferous formations and faunas of Colorado,BHL,1,1200,1169,31,0,2,29,0
53940,1890_1909,1903,The natural history of animals: the animal life of the world in its various aspects and relations,BHL,2,2245,1696,549,1,466,82,0
53943,1890_1909,1903,"The mammals of Pennsylvania and New Jersey. A biographic, historic and descriptive account of the furred animals of land and sea, both living and extinct, known to have existed in these states ...",BHL,1,1200,1125,75,1,65,9,0
54709,1890_1909,1903,The principles of animal nutrition. With special reference to the nutrition of farm animals,BHL,1,1200,1138,62,0,58,4,0
55207,1890_1909,1903,Morphology of angiosperms (Morphology of spermatophytes. Part II),BHL,1,374,352,22,0,8,14,1
55520,1890_1909,1903,First lessons in zoology,BHL,1,1068,795,273,0,225,48,0
56710,1890_1909,1903,Seventeen trips through Somaliland and a visit to Abyssinia; with supplementary preface on the 'Mad Mullah' risings,BHL,1,976,956,20,0,20,0,1
56721,1890_1909,1903,"Mark anniversary volume; to Edward Laurens Mark, Hersey Professor of Anatomy and Director of the Zoölogical Laboratory at Harvard University, in celebration of twenty-five years of successful work fo",BHL,1,1200,1091,109,0,76,33,0
57056,1890_1909,1903,Evolution and adaptation,BHL,1,1200,1006,194,0,165,29,0
13851,1890_1909,1903,Birds in their relations to man; a manual of economic ornithology for the United States and Canada,BHL,2,2400,2133,267,0,264,3,0
57842,1890_1909,1903,"Mostly mammals, zoological essays",BHL,1,865,645,220,0,166,54,0
70088,1890_1909,1903,"The Vertebrate Fauna of ""Dee"" : the Ichthyological portion includes the Fishes of the east coast from Wick to Firth of Forth",BHL,1,1091,1065,26,0,20,6,1
77323,1890_1909,1903,On the evolution of the Proboscidea,BHL,1,82,74,8,0,5,3,1
917,1890_1909,1903,"Control of heredity; a study of the genesis of evolution and degeneracy, illustrated by diagrams and types of character, by Casper Lavater Redfield",BHL,1,263,226,37,0,25,12,0
1176,1890_1909,1903,"Mammalian anatomy, with special reference to the cat",BHL,1,516,422,94,0,42,52,0
1719,1890_1909,1903,"Mark anniversary volume ; to Edward Laurens Mark, Hersey professor of anatomy and director of the zoölogical laboratory at Harvard university, in celebration of twenty-five years of successful work fo",BHL,1,1200,1099,101,0,65,36,0
1927,1890_1909,1903,Studies on the embryology of the Sipunculidae. I. The embryonal envelope and its homologue. ...,BHL,1,48,37,11,0,7,4,1
98554,1890_1909,1903,"Fasciculi Malayenses : anthropological and zoological results of an expedition to Perak and the Siamese Malay states, 1901-1902",BHL,7,2858,2743,115,0,75,40,0
199460,1890_1909,1903,A record of Nebraska ornithology-pt. I,BHL,1,129,129,0,0,0,0,1
205055,1890_1909,1903,The early development of Lepidosteus osseus,BHL,1,91,88,3,0,1,2,1
13899,1890_1909,1903,The Carboniferous ammonoids of America / by James Perrin Smith,BHL,1,466,417,49,0,0,49,0
14151,1890_1909,1903,Insecta transvaaliensia; a contribution to the entomology of South Africa,BHL,1,383,368,15,0,10,5,1
14624,1890_1909,1903,"The mammals of Pennsylvania and New Jersey. A biographic, historic and descriptive account of thefurred animals of land and sea, both living and extinct, known to have existed in these states ...",BHL,1,1200,1124,76,4,61,11,0
14943,1890_1909,1903,"The Paleozoic faunas /  by Stuart Weller, Ph.D",BHL,1,1090,1047,43,0,0,43,0
39801,1890_1909,1903,Systematic results of the study of North American land mammals during the years 1901 and 1902,BHL,1,347,347,0,0,0,0,1
50139,1890_1909,1904,Wanderings in the great forests of Borneo; travels and researches of a naturalist in Sarawak,BHL,1,1200,1090,110,2,102,6,0
52397,1890_1909,1904,The development of the mesonephras and the Müllerian duct in Amphibia,BHL,1,294,280,14,0,8,6,1
63153,1890_1909,1904,The evolution theory,BHL,2,2400,1792,608,2,469,137,0
55039,1890_1909,1904,A guide to the fossil mammals and birds in the Department of geology and paleontology in the British museum (Natural history). With 6 plates and 88 text-figures,BHL,1,403,379,24,0,17,7,1
55145,1890_1909,1904,"At the deathbed of Darwinism, a series of papers",BHL,1,216,201,15,1,7,7,1
55689,1890_1909,1904,An introduction to vertebrate embryology,BHL,1,417,355,62,0,24,38,0
55720,1890_1909,1904,Denizens of the deep,BHL,1,1106,1004,102,6,90,6,0
55772,1890_1909,1904,Preservation of the wild animals of North America,BHL,1,49,44,5,0,5,0,1
56598,1890_1909,1904,The American natural history; a foundation of useful knowledge of the higher animals of North America,BHL,1,1200,1044,156,1,128,27,0
56658,1890_1909,1904,The primary factors of organic evolution,BHL,2,2327,1859,468,0,246,222,0
57120,1890_1909,1904,Nature's invitation; notes of a bird-gazer north and south,BHL,1,507,506,1,0,1,0,1
57125,1890_1909,1904,On the relation of phyllotaxis to mechanical laws,BHL,1,142,130,12,0,1,11,1
62918,1890_1909,1904,Distribution and migration of North American warblers,BHL,1,879,879,0,0,0,0,1
1166,1890_1909,1904,"American animals: a popular guide to the mammals of North America north of Mexico, with intimate biographies of the more familiar species",BHL,1,1200,1043,157,1,125,31,0
1443,1890_1909,1904,"An outline of the theory of organic evolution, with a description of some of the phenomena which it explains",BHL,1,736,647,89,0,76,13,0
59948,1890_1909,1904,Elements of comparative zoology,BHL,1,1096,704,392,0,221,171,0
104695,1890_1909,1904,Handbook of instructions for collectors,BHL,1,364,334,30,0,23,7,0
197554,1890_1909,1904,"A flamingo city, recording a recent exploration into a little-known field of ornithology",BHL,1,56,49,7,0,7,0,1
15918,1890_1909,1904,Miocene,BHL,1,82,82,0,0,0,0,1
27984,1890_1909,1904,The natural history of some common animals,BHL,1,1005,753,252,1,207,44,0
53976,1890_1909,1905,Sea-shore life; the invertebrates of the New York coast,BHL,1,636,453,183,0,161,22,0
54540,1890_1909,1905,The wonders of life; a popular study of biological philosophy,BHL,1,808,549,259,6,103,150,0
55089,1890_1909,1905,Animal snapshots and how made,BHL,2,1184,1091,93,0,93,0,0
55475,1890_1909,1905,The nature and origin of living matter,BHL,1,749,689,60,0,26,34,0
56309,1890_1909,1905,Two bird-lovers in Mexico,BHL,1,893,865,28,0,28,0,1
56928,1890_1909,1905,Insects and insecticides,BHL,1,80,77,3,0,2,1,1
57157,1890_1909,1905,A guide to the study of fishes,BHL,2,2400,1864,536,0,252,284,0
57338,1890_1909,1905,Animal activities; a first book in zoölogy,BHL,1,929,690,239,0,174,65,0
57482,1890_1909,1905,"Evolution, racial and habitudinal",BHL,2,1695,1491,204,0,182,22,0
7527,1890_1909,1905,Guide to the gallery of birds in the Department of Zoology of the British Museum (Natural History),BHL,3,3418,2685,733,0,569,164,0
61406,1890_1909,1905,The physiology of domestic animals,BHL,1,1200,847,353,0,294,59,0
62320,1890_1909,1905,Flora and fauna of Bucks County,BHL,1,169,167,2,0,2,0,1
77309,1890_1909,1905,"Notice of a new fossil mammal from Sioux County, Nebraska",BHL,1,13,11,2,0,1,1,1
927,1890_1909,1905,The British freshwater Rhizopoda and Heliozoa,BHL,5,1362,1186,176,0,47,129,0
1359,1890_1909,1905,"Species and varieties, their origin by mutation; lectures delivered at the University of California",BHL,1,1200,1167,33,0,12,21,0
119435,1890_1909,1905,Outline of a classification of North American birds,BHL,1,1,1,0,0,0,0,1
4801,1890_1909,1905,The organization and cell-lineage of the ascidian egg,BHL,1,676,638,38,0,0,38,0
144326,1890_1909,1905,"A Guide to the fossil reptiles, amphibians, and fishes in the Department of Geology and Palaeontology of the British Museum (Natural History)",BHL,1,397,331,66,0,24,42,0
17098,1890_1909,1905,"Natural history in zoological gardens; being some account of vertebrated animals, with special reference to those usually to be seen in the Zoological society's gardens in London and similar instituti",BHL,1,932,648,284,0,190,94,0
217550,1890_1909,1905,On the relation of the parasitic protozoa to each other and to human disease,BHL,1,110,91,19,0,14,5,1
13370,1890_1909,1905,Extinct animals,BHL,2,849,770,79,0,31,48,0
13588,1890_1909,1905,Two bird-lovers in Mexico,BHL,1,900,875,25,0,25,0,1
14539,1890_1909,1905,"The bird watcher in the Shetlands, with some notes on seals--and digressions",BHL,1,954,901,53,0,51,2,0
16245,1890_1909,1905,The Cumacea of the Siboga-expedition,BHL,1,80,71,9,0,1,8,1
48696,1890_1909,1905,"The radiating organs of the deep sea fishes /  by Robert von Lendenfeld ; with an appendix on the structure of the bud-like organs of Malthopsis spinulosa Garman, by Emanuel Trojan",BHL,1,232,222,10,0,3,7,1
46669,1890_1909,1906,The reactions of Planarians to light / by Herbert Eugene Walter,BHL,1,368,336,32,0,28,4,0
51562,1890_1909,1906,An investigation of evolution in chrysomelid beetles of the genus Leptinotarsa,BHL,1,1200,1080,120,0,67,53,0
54089,1890_1909,1906,The crayfish : an introduction to the study of zoology,BHL,1,472,349,123,1,58,64,0
41819,1890_1909,1906,Types and breeds of farm animals,BHL,1,1200,1121,79,0,69,10,0
54382,1890_1909,1906,Wild neighbors: out-door studies in the United States,BHL,1,637,538,99,2,96,1,0
54876,1890_1909,1906,The life of animals; the mammals,BHL,1,1200,925,275,2,233,40,0
55285,1890_1909,1906,"Haeckel, his life and work",BHL,1,471,423,48,2,19,27,0
55549,1890_1909,1906,The animal life of our seashore. With special reference to the New Jersey coast and the southern shore of Long Island,BHL,1,304,219,85,2,69,14,0
55793,1890_1909,1906,"The living animals of the world, a popular natural history.  An interesting description of beasts, birds, fishes, reptiles, insects, etc., with authentic anecdotes",BHL,2,2400,1868,532,0,443,89,0
56041,1890_1909,1906,A treatise on surgical therapeutics of domestic animals,BHL,1,1200,1151,49,0,43,6,0
56162,1890_1909,1906,The American natural history : a foundation of useful knowledge of the higher animals of North America,BHL,1,1200,1055,145,1,118,26,0
59984,1890_1909,1906,Familiar wild animals,BHL,1,268,243,25,0,24,1,1
11802,1890_1909,1906,Protozoa,BHL,1,1200,887,313,0,166,147,0
56458,1890_1909,1906,Veterinary surgery ...,BHL,3,2608,2351,257,0,220,37,0
56531,1890_1909,1906,"The development of the oculomotor nerve, the ciliary ganglion, and the abducent nerve in the chick",BHL,1,232,216,16,0,1,15,1
12369,1890_1909,1906,The bird; its form and function,BHL,2,1374,817,557,2,520,35,0
11790,1890_1909,1906,"The habits, anatomy, and embryology of the giant scallop, (Pecten tenuicostatus, Mighels)",BHL,2,412,289,123,0,100,23,0
57579,1890_1909,1906,Bombay ducks; an account of some of the every-day birds and beasts found in a naturalist's Eldorado,BHL,1,998,868,130,0,120,10,0
57732,1890_1909,1906,Behavior of the lower organisms,BHL,1,1200,1028,172,0,124,48,0
57788,1890_1909,1906,Darwinism and the problems of life; a study of familiar animal life,BHL,1,1200,860,340,4,282,54,0
69240,1890_1909,1906,A fauna of the Tay Basin & Strathmore / by J. A. Harvie-Brown,BHL,1,1200,1194,6,1,5,0,1
1203,1890_1909,1906,An anatomical disquisition on the motion of the heart & blood in animals,BHL,1,207,157,50,5,35,10,0
1732,1890_1909,1906,Explanation of terms used in entomology,BHL,1,762,463,299,0,141,158,0
1752,1890_1909,1906,Outlines of zoology,BHL,1,1200,793,407,0,217,190,0
100229,1890_1909,1906,Illustrations of British blood-sucking flies,BHL,2,441,403,38,0,26,12,0
2473,1890_1909,1906,Animal micrology; practical exercises in microscopical methods,BHL,1,421,417,4,0,4,0,1
118976,1890_1909,1906,"Studies on avian anatomy. II, Ceococcyx. Bube and Aeronutes",BHL,1,90,90,0,0,0,0,1
174551,1890_1909,1906,A picture book of evolution,BHL,2,578,459,119,0,39,80,0
187776,1890_1909,1906,The bryozoan fauna of the Rochester shale,BHL,1,450,404,46,0,3,43,0
213488,1890_1909,1906,Theories of evolution since Darwin,BHL,1,42,38,4,0,2,2,1
11785,1890_1909,1906,An ecological survey in northern Michigan,BHL,1,688,675,13,0,13,0,1
13754,1890_1909,1906,The Tertiary and Quaternary Pectens of California,BHL,1,561,523,38,0,5,33,0
39198,1890_1909,1906,Chimæroid fishes and their development,BHL,1,714,638,76,0,36,40,0
54558,1890_1909,1907,The fauna of Mayfield's cave,BHL,1,651,609,42,0,37,5,0
54789,1890_1909,1907,"Wanderings in South America, the North-west of the United States, and the Antilles, in the years 1812, 1816, 1820, & 1824. With original instructions for the perfect preservation of birds, etc., for c",BHL,1,1143,1052,91,0,88,3,0
54878,1890_1909,1907,Horses - breeding to colour,BHL,1,124,121,3,0,3,0,1
55871,1890_1909,1907,"Our domestic animals, their habits, intelligence and usefulness; tr. from the French of Gos. De Voogt, by Katharine P. Wormeley",BHL,1,1145,911,234,0,233,1,0
56849,1890_1909,1907,Regulations relating to animals' quarantine. 1907,BHL,1,74,71,3,0,3,0,1
57333,1890_1909,1907,A text-book in general zoölogy,BHL,1,1186,753,433,0,306,127,0
57814,1890_1909,1907,Wild-animal celebrities,BHL,1,403,399,4,0,4,0,1
82382,1890_1909,1907,"Guide to the great game animals (Ungulata) in the Department of Zoology, British Museum (Natural History) ...",BHL,1,427,323,104,0,32,72,0
1016,1890_1909,1907,Comparative anatomy of vertebrates,BHL,1,1200,830,370,0,166,204,0
1047,1890_1909,1907,The dancing mouse; a study in animal behavior,BHL,1,722,683,39,0,33,6,0
1056,1890_1909,1907,... The dogfish (Acanthias); an elasmobranch,BHL,1,110,100,10,0,3,7,1
83722,1890_1909,1907,A guide to the fossil invertebrate animals in the Department of geology and palaeontology in the British museum (Natural history),BHL,1,790,639,151,0,62,89,0
1339,1890_1909,1907,"Evolution and animal life; an elementary discussion of facts, processes, laws and theories relating to the life and evolution of animals",BHL,1,1200,895,305,0,223,82,0
1445,1890_1909,1907,"Darwinism to-day; a discussion of present-day scientific criticism of the Darwinian selection theories, together with a brief account of the principal other proposed auxiliary and alternative theories",BHL,1,1035,931,104,1,71,32,0
1543,1890_1909,1907,"Necturus, an urodele amphibian",BHL,1,109,99,10,0,4,6,1
1571,1890_1909,1907,Evolution of mammalian molar teeth to and from the triangular type including collected and revised researches trituberculy and new sections on the forms and homologies of the molar teeth in the differ,BHL,1,512,431,81,0,33,48,0
2109,1890_1909,1907,"On the origin of species by means of natural selection, or, The preservation of favoured races in the struggle for life",BHL,1,1182,1021,161,2,139,20,0
108673,1890_1909,1907,Pond and stream life :  sixty photographs from life,BHL,2,299,241,58,0,58,0,0
118872,1890_1909,1907,"Guide to the coral gallery (Protozoa, Porifera or sponges, Hydrozoa, and Anthozoa) : in the Department of Zoology, British Museum (Natural History) ...",BHL,2,517,391,126,0,54,72,0
119063,1890_1909,1907,Bibliography of marine fauna 1846-1900 ... Synopsis of the classification,BHL,1,12,12,0,0,0,0,1
163142,1890_1909,1907,Butterflies of Hongkong,BHL,1,885,817,68,0,59,9,0
210985,1890_1909,1907,Comparative anatomy of various breeds of domestic poultry to determine type differences,BHL,1,78,78,0,0,0,0,1
10788,1890_1909,1907,A laboratory manual of invertebrate zoölogy,BHL,1,624,535,89,0,69,20,0
16137,1890_1909,1907,"The game animals of India, Burma, Malaya, and Tibet; being a new and revised edition of 'The great and small game of India, Burma, and Tibet,'",BHL,1,1059,915,144,0,69,75,0
25418,1890_1909,1907,"Guide to the specimens of the horse family (Equidæ) exhibited in the Department of Zoology, British Museum (Natural History)",BHL,1,187,163,24,0,15,9,1
50464,1890_1909,1908,The morphology of Ruppia maritima,BHL,1,115,109,6,0,5,1,1
54058,1890_1909,1908,Pearls & parasites,BHL,1,469,435,34,0,29,5,0
54748,1890_1909,1908,Essays on evolution 1889-1907,BHL,1,1200,1100,100,1,78,21,0
55378,1890_1909,1908,"Goldfish breeds and other aquarium fishes, their care and propagation; a guide to freshwater and marine aquaria, their fauna, flora and management",BHL,1,1200,965,235,0,174,61,0
55397,1890_1909,1908,Animal life,BHL,1,786,466,320,0,296,24,0
55593,1890_1909,1908,The pathology and differential diagnosis of infectious diseases of animals,BHL,1,1200,1171,29,0,20,9,1
45166,1890_1909,1908,The principles of animal nutrition. With special reference to the nutrition of farm animals,BHL,1,1200,1146,54,0,51,3,0
56409,1890_1909,1908,"Venoms, venomous animals and antivenomous serum-therapeutics",BHL,1,1200,1102,98,0,58,40,0
56768,1890_1909,1908,"Design in nature illustrated by spiral and other arrangements in the inorganic and organic kingdoms as exemplified in matter, force, life, growth, rhythms, &c., especially in crystals, plants, and ani",BHL,2,2400,1741,659,85,393,181,0
57302,1890_1909,1908,"Final report presented to H. Ex. Dr. Lauro Severiano Müller, minister of industry, highways and public works",BHL,1,536,508,28,0,10,18,1
57578,1890_1909,1908,Evolution and adaptation,BHL,1,1200,1006,194,0,157,37,0
1209,1890_1909,1908,A text-book of the principles of animal histology,BHL,1,1200,848,352,0,242,110,0
1351,1890_1909,1908,Experimental morphology,BHL,1,1153,1090,63,0,54,9,0
2048,1890_1909,1908,The origin of the lung of Ampullaria,BHL,1,30,27,3,0,1,2,1
111589,1890_1909,1908,Bibliography of marine fauna...Synopsis of the classification (second draft),BHL,1,30,30,0,0,0,0,1
151091,1890_1909,1908,The elephant's head : studies in the comparative anatomy of the organs of the head of the Indian elephant and other mammals,BHL,1,397,367,30,0,19,11,0
159375,1890_1909,1908,Contributions to the study of the early development and imbedding of the human ovum. I. An early ovum imbedded in the decidua,BHL,1,92,82,10,0,5,5,1
13618,1890_1909,1908,The world's birds a simple and popular classification of the birds of the world,BHL,1,818,659,159,0,132,27,0
15320,1890_1909,1908,The game animals of Africa,BHL,1,1200,1073,127,0,53,74,0
15782,1890_1909,1908,The development of the chick; an introduction to embryology,BHL,1,677,573,104,1,28,75,0
25288,1890_1909,1908,A guide to the domesticated animals (other than horses) exhibited in the central and north halls of the British Museum (Natural History),BHL,1,338,284,54,0,43,11,0
37835,1890_1909,1908,A biological investigation of the Athabaska-Mackenzie region,BHL,1,1200,1197,3,0,3,0,1
47002,1890_1909,1909,Scientific and biological researches in the north Atlantic,BHL,1,224,222,2,0,0,2,1
52120,1890_1909,1909,"North American index fossils, invertebrates",BHL,2,2400,2211,189,0,36,153,0
55042,1890_1909,1909,Restraint of domestic animals; a book for the use of students and practitioners; 312 illustrations from pen drawings and 26 half tones from original photographs,BHL,1,540,439,101,0,101,0,0
46241,1890_1909,1909,The making of species,BHL,1,866,759,107,0,94,13,0
55742,1890_1909,1909,"Charles Darwin and the Origin of species; addresses, etc., in America and England in the year of the two anniversaries",BHL,1,604,590,14,0,12,2,1
55959,1890_1909,1909,A laboratory guide in elementary zoology,BHL,1,317,293,24,0,12,12,1
56143,1890_1909,1909,Popular official guide to the New York Zoological Park,BHL,1,658,565,93,0,80,13,0
56374,1890_1909,1909,"Wild beasts; a study of the characters and habits of the elephant, lion, leopard, panther, jaguar, tiger, puma, wolf, and grizzly bear",BHL,1,1157,1083,74,4,61,9,0
56781,1890_1909,1909,Darwin and modern science; essays in commemoration of the centenary of the birth of Charles Darwin and of the fiftieth anniversary of the publication of the Origin of species,BHL,1,1200,1084,116,6,81,29,0
56817,1890_1909,1909,"Fifty years of Darwinism : modern aspects of evolution ; centennial addresses in honor of Charles Darwin, before the American Association for the Advancement of Science, Baltimore, Friday, January 1, ",BHL,1,476,427,49,0,38,11,0
56988,1890_1909,1909,Darwinism and human life,BHL,1,434,402,32,0,23,9,0
57079,1890_1909,1909,"An ecological survey of Isle Royale, Lake Superior",BHL,1,1200,1168,32,0,25,7,0
57108,1890_1909,1909,Contributions to Texan herpetology,BHL,1,143,143,0,0,0,0,1
57370,1890_1909,1909,The wild beasts of the world,BHL,1,1200,867,333,0,294,39,0
57660,1890_1909,1909,"Veterinary obstetrics, including the diseases of breeding animals and of the new-born",BHL,1,1200,1068,132,0,109,23,0
57769,1890_1909,1909,"Diseases of metabolism and of the blood, animal parasites, toxicology",BHL,1,1200,1139,61,0,49,12,0
61421,1890_1909,1909,"The origin of species by means of natural selection; or, The preservation of favored races in the struggle for life",BHL,1,1200,982,218,1,176,41,0
1057,1890_1909,1909,"Mendel's principles of heredity, by W. Bateson",BHL,1,777,765,12,0,3,9,1
1073,1890_1909,1909,Report to the government of Baroda on the marine zoology of Okhamandal in Kattiawar,BHL,2,1079,997,82,0,40,42,0
86332,1890_1909,1909,The stratigraphic and faunal relations of the Waldron fauna in southern Indiana,BHL,1,70,70,0,0,0,0,1
1478,1890_1909,1909,Darwin and modern science; essays in commemoration of the centenary of the birth of Charles Darwin and of the fiftieth anniversary of the publication of the Origin of species,BHL,1,1200,1077,123,4,82,37,0
57368,1890_1909,1909,Concealing-coloration in the animal kingdom; an exposition of the laws of disguise through color and pattern: being a summary of Abbott H. Thayer's discoveries,BHL,1,1091,835,256,0,240,16,0
106845,1890_1909,1909,The natural history of British game birds,BHL,1,1113,1068,45,0,41,4,0
14129,1890_1909,1909,The habitat groups of North American birds in the American Museum of Natural History,BHL,1,106,94,12,0,12,0,1
14138,1890_1909,1909,Birds of Samoa ; a manual of ornithology of birds inhabiting these islands,BHL,1,76,62,14,0,8,6,1
14178,1890_1909,1909,The animals of New Zealand; an account of the dominion's air-breathing vertebrates,BHL,1,1200,1129,71,0,58,13,0
14982,1890_1909,1909,Osteology of birds,BHL,1,1200,1078,122,0,51,71,0
15031,1890_1909,1909,The fossil fields of Wyoming : reports / by members of the Union Pacific expedition,BHL,1,51,51,0,0,0,0,1
15731,1890_1909,1909,"Guide to the whales, porpoises, and dolphins (order Cetacea), exhibited in the Department of Zoology, British Museum (Natural History)",BHL,1,177,135,42,0,21,21,0
49605,1890_1909,1909,"Roosevelt's African trip; the story of his life, the voyage from New York to Mombasa, and the route through the heart of Africa, including the big game and other ferocious animals ... found in the cou",BHL,1,1023,887,136,0,122,14,0
27147,1890_1909,1909,"Guide to the exhibited series of insects in the Department of Zoology, British Museum (Nat. Hist.)",BHL,1,347,281,66,0,42,24,0
35835,1890_1909,1909,The Celtic province : its extent and its marine fauna,BHL,1,77,75,2,0,2,0,1
36017,1890_1909,1909,A guide to the fossil mammals and birds in the Department of geology and palontology in the British Museum (Natural history) ... With 6 plates and 88 text-figures,BHL,1,429,399,30,0,20,10,0
14423,1910_1929,1888,"The Coleoptera of the British islands : a descriptive account of the families, genera, and species indigenous to Great Britain and Ireland, with notes as to localities, habitats, etc",BHL,5,5920,4586,1334,0,190,1144,0
4628,1910_1929,1899,Fauna hawaiiensis; being the land-fauna of the Hawaiian islands,BHL,3,1885,1746,139,0,96,43,0
53953,1910_1929,1905,The British freshwater Rhizopoda and Heliozoa,BHL,5,1337,1158,179,0,50,129,0
54463,1910_1929,1909,Report to the government of Baroda on the marine zoology of Okhamandal in Kattiawar,BHL,2,1055,972,83,0,39,44,0
54078,1910_1929,1910,The world of animal life,BHL,1,1200,877,323,0,294,29,0
54107,1910_1929,1910,"Evolution, Darwinian and Spencerian; the Herbert Spencer lecture delivered at the museum, 8 December 1910",BHL,1,44,41,3,0,2,1,1
54255,1910_1929,1910,Mammalian anatomy : with special reference to the cat,BHL,1,537,442,95,0,49,46,0
54742,1910_1929,1910,"The anatomy of the common squid, Loligo pealii, Lesueur",BHL,2,521,421,100,0,51,49,0
54958,1910_1929,1910,The book of the animal kingdom. Mammals,BHL,1,1200,897,303,0,253,50,0
55095,1910_1929,1910,A text-book of zoology,BHL,2,2400,1521,879,1,405,473,0
87234,1910_1929,1910,The anatomy of the honey bee,BHL,1,797,583,214,0,164,50,0
55170,1910_1929,1910,A text-book of field zoology; insects and their near relatives and birds,BHL,1,907,572,335,3,290,42,0
55200,1910_1929,1910,Beasts & men; being experiences for half a century among wild animals,BHL,1,953,888,65,0,64,1,0
18377,1910_1929,1910,"Domesticated animals and plants; a brief treatise upon the origin and development of domesticated races, with special reference to the methods of improvement",BHL,1,841,663,178,1,168,9,0
56323,1910_1929,1910,"An introduction to the study of zoology : by T. H. Huxley, F. R. S. ; with eighty-two illustrations",BHL,1,500,376,124,1,58,65,0
56504,1910_1929,1910,"Luck, or cunning, as the main means of organic modification? An attempt to throw additional light upon Darwin's theory of natural selection",BHL,1,396,371,25,3,10,12,1
56643,1910_1929,1910,"Zambezia : a general description of the valley of the Zambezi River, from its delta to the River Aroangwa, with its history, agriculture, flora, fauna, and ethnography",BHL,1,428,395,33,0,30,3,0
56828,1910_1929,1910,Feeds and feeding; a hand-book for the student and stockman,BHL,1,1200,1028,172,0,171,1,0
57261,1910_1929,1910,Unconscious memory,BHL,1,308,246,62,4,41,17,0
57421,1910_1929,1910,Our search for a wilderness; an account of two ornithological expeditions to Venezuela and to British Guiana,BHL,1,951,920,31,0,30,1,0
15688,1910_1929,1910,Practical anatomy of the rabbit; an elementary laboratory textbook in mammalian anatomy,BHL,2,1352,1053,299,0,120,179,0
61530,1910_1929,1910,The prevention and treatment of diseases of the domestic animals including etiology and symptoms,BHL,1,1135,1100,35,0,32,3,0
1321,1910_1929,1910,The elements of insect anatomy; an outline for the use of students in entomological laboratories,BHL,1,370,303,67,0,23,44,0
1447,1910_1929,1910,The coming of evolution; the story of a great revolution in science,BHL,1,148,148,0,0,0,0,1
1678,1910_1929,1910,A text-book of zoology,BHL,1,1200,704,496,1,220,275,0
1693,1910_1929,1910,Animal biology; Human biology. Parts II & III of First course in biology,BHL,1,1028,746,282,0,209,73,0
1764,1910_1929,1910,"The aquarium : its inhabitants, structure, and management",BHL,1,536,414,122,0,108,14,0
1890,1910_1929,1910,The conquest of disease through animal experimentation,BHL,1,362,339,23,0,19,4,1
2050,1910_1929,1910,William Keith Brooks : a sketch of his life by some of his former pupils and associates,BHL,1,122,117,5,0,2,3,1
105128,1910_1929,1910,The birds of Dumfriesshire : a contribution to the fauna of the Solway area,BHL,1,1200,1188,12,0,12,0,1
9889,1910_1929,1910,"Guide to the Crustacea, Arachnida, Onychophora and Myriopoda exhibited in the Department of Zoology, British Museum (Natural History) ...",BHL,2,816,543,273,0,129,144,0
134730,1910_1929,1910,Records of the Western Australian Museum and Art Gallery,BHL,2,2005,1895,110,0,28,82,0
152882,1910_1929,1910,Biological investigations on the Illinois river : [1. The work of the Illinois biological station ; 2. The investigation of a river system in the interest of its fisheries,BHL,1,44,36,8,0,6,2,1
217552,1910_1929,1910,Some considerations on the phenomena of parasitism amongst protozoa,BHL,1,56,37,19,0,17,2,1
13824,1910_1929,1910,"The home-life of the spoonbill, the stork and some herons",BHL,1,129,122,7,0,6,1,1
14124,1910_1929,1910,"A record of the A.O.U. expedition to Eyre's Peninsula, October, 1909, with notes on ornithology, botany and entomology",BHL,1,170,147,23,0,23,0,1
14139,1910_1929,1910,"Guide to the gallery of birds in the Department of zoology, British museum (Natural history)",BHL,1,1148,898,250,0,191,59,0
14392,1910_1929,1910,Aves. Appendix: On some points in the anatomy of Bradypterus cinnamomeus,BHL,1,835,824,11,0,1,10,1
39523,1910_1929,1910,"The age of mammals in Europe, Asia and North America",BHL,1,1200,1125,75,0,50,25,0
46330,1910_1929,1911,A monograph of the terrestrial Carboniferous Arachnida of Great Britain,BHL,1,189,175,14,0,4,10,1
48645,1910_1929,1911,Entomology and zoology at the Massachusetts Agricultural College,BHL,1,237,237,0,0,0,0,1
52398,1910_1929,1911,A biological survey of the waters of Woods Hole and vicinity,BHL,1,1200,1189,11,0,9,2,1
53901,1910_1929,1911,"Wild life in China ; or, Chats on Chinese birds and beasts",BHL,1,1200,1093,107,0,106,1,0
54232,1910_1929,1911,"Tuberculosis: a plain statement of facts regarding the disease, prepared especially for farmers and others interested in live stock",BHL,1,56,55,1,0,1,0,1
54293,1910_1929,1911,Jungle by-ways in India; leaves from the note-book of a sportsman and a naturalist,BHL,1,689,676,13,0,12,1,1
54635,1910_1929,1911,"Recent progress in the study of variation, heredity, and evolution",BHL,1,474,431,43,0,24,19,0
54741,1910_1929,1911,American Permian vertebrates,BHL,1,675,631,44,0,11,33,0
54870,1910_1929,1911,The animals and man; an elementary textbook of zoology and human physiology,BHL,1,1200,851,349,1,253,95,0
54894,1910_1929,1911,Veterinary parasitology,BHL,1,494,431,63,0,54,9,0
55072,1910_1929,1911,Animal intelligence; experimental studies,BHL,2,1664,1511,153,0,109,44,0
55106,1910_1929,1911,"Elements of zoology, to accompany the field and laboratory study of animals",BHL,1,1200,866,334,0,257,77,0
55321,1910_1929,1911,Natural history of the American lobster...,BHL,1,1200,993,207,0,163,44,0
55530,1910_1929,1911,Darwinism and human life,BHL,1,433,403,30,0,22,8,0
55635,1910_1929,1911,The Eusporangiatae; the comparative morphology of the Ophioglossaceae and Marattiaceae,BHL,1,428,412,16,0,5,11,1
55913,1910_1929,1911,Heredity in relation to evolution and animal breeding,BHL,1,272,254,18,1,7,10,1
56034,1910_1929,1911,The evolution of animal intelligence,BHL,1,884,727,157,1,133,23,0
56164,1910_1929,1911,Clever Hans (the horse of Mr. Von Osten) a contribution to experimental animal and human psychology,BHL,1,761,740,21,0,21,0,1
56268,1910_1929,1911,"A treatise on Apis (the bee), Tella Araneae (cobweb), Spongia and Cantharis",BHL,1,177,172,5,0,4,1,1
56369,1910_1929,1911,Big game shooting in Upper Burma,BHL,1,596,588,8,0,8,0,1
56632,1910_1929,1911,A guide for the study of animals,BHL,1,929,760,169,0,128,41,0
56713,1910_1929,1911,"Nature sketches in temperate America, a series of sketches and  a popular account of insects, birds, and plants, treated from some aspects of   their evolution and ecological relations",BHL,1,1200,1062,138,0,127,11,0
57024,1910_1929,1911,"Manual of farm animals; a practical guide to the choosing, breeding, and keep of horses, cattle, sheep, and swine",BHL,1,1200,1036,164,0,161,3,0
44117,1910_1929,1911,Text-book of embryology,BHL,1,1173,1027,146,0,45,101,0
57230,1910_1929,1911,Entomology for medical officers,BHL,1,1200,809,391,0,238,153,0
57371,1910_1929,1911,Distribution and origin of life in America,BHL,2,2400,2324,76,0,42,34,0
957,1910_1929,1911,American Permian vertebrates,BHL,1,665,621,44,0,10,34,0
1052,1910_1929,1911,Heredity in relation to evolution and animal breeding,BHL,1,281,264,17,1,6,10,1
1324,1910_1929,1911,... North Pacific ophiurans in the collection of the United States National museum,BHL,1,1109,1002,107,0,14,93,0
1331,1910_1929,1911,Evolution,BHL,1,367,301,66,3,37,26,0
86342,1910_1929,1911,The monkeyfolk of South Africa,BHL,1,399,370,29,2,19,8,1
3846,1910_1929,1911,The animans and man; an elementary textbook of zoology and human physiology,BHL,1,1196,831,365,1,261,103,0
1980,1910_1929,1911,The doctrine of evolution; its basis and its scope,BHL,1,556,387,169,0,87,82,0
119070,1910_1929,1911,A guide to the fossil invertebrate animals in the Department of geology and palaeontology in the British museum (Natural history) ...,BHL,1,788,639,149,0,63,86,0
218555,1910_1929,1911,"Rhoads, Samuel Nicholson: Ecuador Expedition, 1911",BHL,1,5,5,0,0,0,0,1
11387,1910_1929,1911,"Zoological results of the fishing experiments carried on by F.I.S. ""Endeavour,"" 1909-14 under H.C. Dannevig, commonwealth director of fisheries. Volume 1-5",BHL,1,1200,1073,127,0,2,125,0
40362,1910_1929,1911,"Extinct monsters and creatures of other days : a popular account of some of the larger forms of ancient animal life / by Rev. H. N. Hutchinson. With illustrations by J. Smit, Alice B. Woodward, J. Gre",BHL,1,887,768,119,1,95,23,0
15319,1910_1929,1911,Supplement to the game animals of Africa,BHL,1,102,97,5,0,0,5,1
46944,1910_1929,1912,"Coral and atolls: a history and description of the Keeling-Cocos Islands, with an account of their fauna and flora, and a discussion of the method of development and transformation of coral structures",BHL,1,957,898,59,2,48,9,0
61923,1910_1929,1912,The Macrolepidoptera of the world : a systematic account of all the known Macrolepidoptera,BHL,3,3600,3428,172,0,73,99,0
54210,1910_1929,1912,The childhood of animals,BHL,1,1200,884,316,0,265,51,0
54284,1910_1929,1912,The feeding of crops and stock : an introduction to the science of the nutrition of plants and animals,BHL,1,296,266,30,0,30,0,0
54306,1910_1929,1912,Comparative anatomy of vertebrates,BHL,2,2400,1782,618,0,300,318,0
55148,1910_1929,1912,The experimental method of testing the efficiency of warning and cryptic coloration in protecting animals from their enemies,BHL,1,437,427,10,0,10,0,1
55491,1910_1929,1912,Wild life and the camera,BHL,1,640,618,22,0,22,0,1
55587,1910_1929,1912,On a novel method of regarding the association of two variates classed solely in alternate categories,BHL,1,47,46,1,1,0,0,1
55971,1910_1929,1912,A manual of zoology,BHL,2,2400,1359,1041,1,462,578,0
56008,1910_1929,1912,"Elementary biology, animal and human",BHL,1,928,745,183,0,150,33,0
1556,1910_1929,1912,The evolution of the vertebrates and their kin,BHL,2,2400,1666,734,0,193,541,0
56539,1910_1929,1912,A textbook in general zoology,BHL,1,1183,760,423,0,300,123,0
7862,1910_1929,1912,A history of the birds of Colorado,BHL,1,1200,1144,56,0,27,29,0
56786,1910_1929,1912,"Heredity and eugenics : a course of lectures summarizing recent advances in knowledge in variation, heredity, and evolution ...",BHL,1,464,430,34,0,12,22,0
57018,1910_1929,1912,Clinical diagnostics of the internal diseases of domestic animals,BHL,1,749,707,42,0,38,4,0
57131,1910_1929,1912,Notes on animal parasites and parasitism. Lecture outlines of a course in parasitology with special reference to forms of economic importance,BHL,1,264,214,50,0,32,18,0
57835,1910_1929,1912,Special pathology and therapeutics of the diseases of domestic animals,BHL,1,1200,1156,44,0,36,8,0
66889,1910_1929,1912,The Eurypterida of New York,BHL,2,1026,846,180,0,84,96,0
1367,1910_1929,1912,The individual in the animal kingdom,BHL,1,354,230,124,0,60,64,0
1396,1910_1929,1912,Plant-animals; a study in symbiosis,BHL,1,393,321,72,0,61,11,0
3733,1910_1929,1912,Elementary entomology,BHL,1,1138,805,333,0,252,81,0
1772,1910_1929,1912,"The loose leaf system of laboratory notes, for guidance in the dissection and elementary study of animal types",BHL,1,402,336,66,0,49,17,0
1774,1910_1929,1912,College zoology,BHL,1,1200,758,442,0,261,181,0
2490,1910_1929,1912,Distribution and origin of life in America,BHL,1,1200,1163,37,0,18,19,0
117007,1910_1929,1912,Further note on the Caroni series at Savaneta,BHL,1,9,9,0,0,0,0,1
42255,1910_1929,1912,Publication. Zoological series,BHL,2,782,724,58,0,5,53,0
153227,1910_1929,1912,The starling. A study in agricultural zoology,BHL,1,38,29,9,0,9,0,1
14486,1910_1929,1912,The flight of birds,BHL,1,522,434,88,0,86,2,0
19614,1910_1929,1912,The growth of groups in the animal kingdom,BHL,1,492,459,33,1,9,23,0
54304,1910_1929,1913,Texas nature observations and reminiscences,BHL,1,693,599,94,0,90,4,0
54502,1910_1929,1913,Animal competitors; profit and loss from the wild four-footed tenants of the farm,BHL,1,660,577,83,0,83,0,0
54763,1910_1929,1913,The infancy of animals,BHL,1,836,617,219,1,196,22,0
55955,1910_1929,1913,The meaning of evolution,BHL,1,763,618,145,3,124,18,0
56220,1910_1929,1913,The infancy of animals,BHL,1,821,600,221,1,198,22,0
56265,1910_1929,1913,Animal husbandry for schools,BHL,1,1200,1033,167,0,165,2,0
56365,1910_1929,1913,Hunting extinct animals in the Patagonian pampas,BHL,1,380,367,13,0,12,1,1
56653,1910_1929,1913,"The dry-fly man's handbook; a complete manual, including The fisherman's entomology and the making and management of a fishery",BHL,1,775,691,84,0,66,18,0
56904,1910_1929,1913,"The further evolution of man, a study from observed phenomena",BHL,1,239,216,23,1,17,5,1
56937,1910_1929,1913,A text-book of agricultural zoology,BHL,1,1200,866,334,0,207,127,0
57025,1910_1929,1913,Artificial parthenogenesis and fertilization,BHL,2,1859,1836,23,0,4,19,1
57113,1910_1929,1913,Animal geography : the faunas of the natural regions of the globe,BHL,1,755,548,207,0,191,16,0
57161,1910_1929,1913,Field-days in California,BHL,1,429,417,12,0,12,0,1
57451,1910_1929,1913,Reversion in guinea-pigs and its explanation,BHL,1,325,319,6,0,1,5,1
57528,1910_1929,1913,"An introduction to zoology, with directions for practical work (invertebrates)",BHL,1,1200,798,402,0,299,103,0
57748,1910_1929,1913,The diseases of animals; a book of brief and popular advice on the care and the common ailments of farm animals,BHL,1,1200,1071,129,0,128,1,0
1017,1910_1929,1913,Outlines of chordate development,BHL,1,942,818,124,0,34,90,0
1028,1910_1929,1913,"Guide to the study of animal ecology,  by Charles C. Adams",BHL,1,688,671,17,0,13,4,1
1393,1910_1929,1913,The wanderings of animals,BHL,1,386,351,35,0,26,9,0
1517,1910_1929,1913,Problems of genetics,BHL,1,704,676,28,0,13,15,1
1603,1910_1929,1913,A biological survey of the waters of Woods Hole and vicinity,BHL,2,2400,2370,30,0,28,2,0
1737,1910_1929,1913,"Entomology, with special reference to its biological and economic aspects",BHL,1,1200,896,304,0,237,67,0
2100,1910_1929,1913,Text-book of paleontology,BHL,1,1200,947,253,0,52,201,0
115261,1910_1929,1913,"Insect life, its why and wherefore",BHL,1,227,166,61,0,61,0,0
119407,1910_1929,1913,A text-book of agricultural zoology,BHL,1,1200,889,311,0,209,102,0
153245,1910_1929,1913,Keep bird plumage out of the United States,BHL,1,29,29,0,0,0,0,1
160224,1910_1929,1913,The wanderings of animals,BHL,1,388,352,36,0,27,9,0
31910,1910_1929,1913,Research in China,BHL,1,1200,1160,40,0,1,39,0
15331,1910_1929,1913,Fur-farming in Canada,BHL,1,706,615,91,0,89,2,0
15841,1910_1929,1913,A statement submitted in re the fur-seal herd of Alaska to the House Committee on expenditures in the Department of Commerce,BHL,1,1200,1191,9,0,8,1,1
46713,1910_1929,1914,"Nature neighbors, embracing birds, plants, animals, minerals, in natural colors by color photography",BHL,3,1433,1227,206,0,199,7,0
53985,1910_1929,1914,Text-book of embryology,BHL,4,4800,3701,1099,3,400,696,0
54431,1910_1929,1914,"Animal castration, a book for the use of students and practitioners; 240 pages with over 200 halftone illustrations from original photographs",BHL,1,497,449,48,0,43,5,0
54477,1910_1929,1914,The fur traders and fur bearing animals,BHL,1,1019,762,257,2,212,43,0
54676,1910_1929,1914,The American natural history; a foundation of useful knowledge of the higher animals of North America,BHL,4,3429,3051,378,1,318,59,0
54680,1910_1929,1914,A guide to dissection of the blood vessels and nerves of the        pectoral and pelvic limbs of the horse,BHL,1,55,55,0,0,0,0,1
54893,1910_1929,1914,Through the Brazilian wilderness,BHL,1,774,738,36,0,36,0,0
55076,1910_1929,1914,Laboratory outlines for systematic vertebrate zoology,BHL,1,117,110,7,0,0,7,1
55264,1910_1929,1914,Animal parasites and parasitic diseases,BHL,1,760,630,130,0,104,26,0
55308,1910_1929,1914,"Evolution, old & new; or, The theories of Buffon, Dr. Erasmus Darwin and Lamarck, as compared with that of Charles Darwin",BHL,1,682,566,116,14,62,40,0
55743,1910_1929,1914,Animal life by the sea-shore,BHL,1,339,219,120,0,86,34,0
56434,1910_1929,1914,Concerning animals and other matters,BHL,1,431,355,76,0,72,4,0
56496,1910_1929,1914,Through the Brazilian wilderness,BHL,1,736,699,37,0,37,0,0
56880,1910_1929,1914,Fur-farming in Canada,BHL,1,1130,1017,113,0,112,1,0
56992,1910_1929,1914,The anatomy of the domestic animals,BHL,1,1200,1111,89,0,41,48,0
57191,1910_1929,1914,The germ-cell cycle in animals,BHL,1,764,686,78,0,15,63,0
57305,1910_1929,1914,Zoological philosophy; an exposition with regard to the natural history of animals ...,BHL,1,1200,745,455,3,137,315,0
57474,1910_1929,1914,"Farm animals, covering the general field of animal industry",BHL,1,1200,947,253,0,239,14,0
57554,1910_1929,1914,The recapitulation theory and human infancy,BHL,1,302,247,55,0,32,23,0
57768,1910_1929,1914,The wonder of life,BHL,1,1200,970,230,0,187,43,0
60821,1910_1929,1914,"A contribution to the zoögeography of the West Indies, with especial reference to amphibians andreptiles",BHL,1,958,924,34,0,5,29,0
946,1910_1929,1914,"The germ-cell cycle in animals,  by Robert W. Hegner ...",BHL,1,763,686,77,0,16,61,0
111654,1910_1929,1914,"Natural History Reports / British Antarctic (""Terra Nova"") Expedition, 1910-13. Zoology",BHL,3,2667,2471,196,0,57,139,0
1179,1910_1929,1914,"Defensive ferments of the animal organism against substances out of harmony with the body, the blood-plasma and the cells; their demonstration, and their diagnostic significance for testing the functi",BHL,1,309,248,61,0,49,12,0
1386,1910_1929,1914,A mechanico-physiological theory of organic evolution,BHL,1,85,66,19,0,4,15,1
1421,1910_1929,1914,An introduction to the study of fossils (plants and animals),BHL,1,1200,936,264,0,144,120,0
118890,1910_1929,1914,Guide to the galleries of mammals in the Department of Zoology of the British Museum,BHL,1,418,264,154,0,98,56,0
123045,1910_1929,1914,Cumulative index to service and regulatory announcements. 1914-41 : Bureau of Entomology and Plant Quarantine. Nos. 1-149 inclusive,BHL,1,187,187,0,0,0,0,1
67391,1910_1929,1914,The butterflies of Australia : a monograph of the Australian Rhopalocera : introducing a complete scheme of structural classification and giving descriptions and illustrations of all the butterflies f,BHL,1,936,879,57,0,20,37,0
13961,1910_1929,1914,The Deseado Formation of Patagonia,BHL,1,460,399,61,0,17,44,0
14851,1910_1929,1914,Life-histories of African game animals,BHL,1,1200,1097,103,0,59,44,0
15093,1910_1929,1914,Ethnozoology of the Tewa Indians,BHL,1,496,470,26,0,21,5,1
54408,1910_1929,1915,Principles of economic zoo̤logy,BHL,1,1200,769,431,0,310,121,0
54483,1910_1929,1915,An ecological study of prairie and forest invertebrates,BHL,1,1200,1132,68,0,67,1,0
49250,1910_1929,1915,Animal castration,BHL,1,269,235,34,0,28,6,0
14535,1910_1929,1915,"Propagation of wild birds; a manual of applied ornithology, treating of practical methods of propagation of quails, grouse, wild turkey, pheasants, partridges, pigeons and doves, and waterfowl, in Ame",BHL,2,2400,2147,253,0,249,4,0
55374,1910_1929,1915,A course in invertebrate zoölogy; a guide to the dissection and comparative study of invertebrate animals,BHL,1,958,688,270,0,138,132,0
56089,1910_1929,1915,Practical zoology,BHL,2,2400,1638,762,0,642,120,0
56134,1910_1929,1915,The wonder of life,BHL,1,1200,978,222,1,174,47,0
56651,1910_1929,1915,Handbook of medical entomology,BHL,1,1200,1040,160,0,124,36,0
57377,1910_1929,1915,Social adaptation; a study in the development of the doctrine of adaptation as a theory of social progress,BHL,1,369,333,36,2,24,10,0
57403,1910_1929,1915,"The periodicity and distribution of radial growth in trees and their relation to the development of ""annual"" rings",BHL,1,48,48,0,0,0,0,1
61535,1910_1929,1915,A laboratory manual and text-book of embryology,BHL,1,579,505,74,0,21,53,0
1041,1910_1929,1915,Modes of research in genetics,BHL,1,142,133,9,0,8,1,1
1775,1910_1929,1915,Elementary textbook of economic zoology and entomology,BHL,1,1200,825,375,0,306,69,0
138291,1910_1929,1915,The eyelids and lachrymal apparatus of birds,BHL,1,55,38,17,0,12,5,1
217545,1910_1929,1915,Observations on the common intestinal protozoa of man : their diagnosis and pathogenicity,BHL,1,86,77,9,0,6,3,1
10351,1910_1929,1915,"The Syrphid of the Ethiopian region based on material in the collection of the British Museum (Natural history), with descriptions of new genera and species",BHL,2,1027,888,139,0,4,135,0
13405,1910_1929,1915,Pine Hills bird notes,BHL,1,195,178,17,1,15,1,1
58585,1910_1929,1915,"Natural history of Hawaii, being an account of the Hawaiian people, the geology and geography of the islands, and the native and introduced plants and animals of the group",BHL,1,1200,1076,124,0,101,23,0
16241,1910_1929,1915,"The fur seals and other life of the Pribilof islands, Alaska, in 1914",BHL,1,1024,971,53,0,53,0,0
49026,1910_1929,1916,Wild life of the world : a descriptive survey of the geographical distribution of animals,BHL,1,1200,964,236,0,164,72,0
52028,1910_1929,1916,"The cruise of the Tomas Barrera; the narrative of a scientific expedition to western Cuba and the Colorados reefs, with observations on the geology, fauna, and flora of the region",BHL,2,932,865,67,0,67,0,0
54196,1910_1929,1916,Outlines of zoology,BHL,1,1200,771,429,0,215,214,0
54246,1910_1929,1916,What is instinct? Some thoughts on telepathy and subconsciousness in animals,BHL,1,424,308,116,5,103,8,0
54264,1910_1929,1916,Wild animal ways,BHL,1,637,621,16,1,15,0,1
54340,1910_1929,1916,The prodromus of Nicolaus Steno's dissertation concerning a solid body enclosed by process of nature within a solid; an English version with an introduction and explanatory notes,BHL,1,117,108,9,0,3,6,1
54981,1910_1929,1916,Judging farm animals,BHL,1,1200,1036,164,0,138,26,0
55625,1910_1929,1916,"A manual of the vertebrate animals of the northern United States : including the district north and east of the Ozark mountains, south of the Laurentian hills, north of the southern boundary of Virgin",BHL,1,1200,1079,121,0,29,92,0
55758,1910_1929,1916,The habitat groups of North American birds in the American Museum of Natural History,BHL,1,105,90,15,0,15,0,1
55809,1910_1929,1916,The pathology and differential diagnosis of infectious diseases of animals : prepared for students and practitioners of veterinary medicine,BHL,1,1200,1161,39,0,34,5,0
55813,1910_1929,1916,Gonadectomy in relation to the secondary sexual characters of some domestic birds,BHL,1,323,313,10,0,5,5,1
55993,1910_1929,1916,A critique of the theory of evolution,BHL,1,204,193,11,0,5,6,1
56750,1910_1929,1916,Productive feeding of farm animals,BHL,1,975,692,283,0,276,7,0
57101,1910_1929,1916,Studies in animal behavior,BHL,2,1317,1084,233,6,192,35,0
57858,1910_1929,1916,"A revolution in egg production, being an exposition of practical, tested and successful methods for continuous laying",BHL,1,307,276,31,0,31,0,0
3747,1910_1929,1916,Form and function : a contribution to the history of animal morphology,BHL,1,1083,834,249,1,66,182,0
34117,1910_1929,1916,Morphology of invertebrate types,BHL,1,614,457,157,0,69,88,0
2497,1910_1929,1916,Mesozoic and Tertiary insects of Queensland and New South Wales. With 6 text-figures and 9 plates,BHL,1,171,159,12,0,3,9,1
4820,1910_1929,1916,The expression of the emotions in man and animals,BHL,1,497,441,56,0,56,0,0
197349,1910_1929,1916,"Scientific reports,. Series C, Zoology and botany",BHL,2,999,936,63,0,7,56,0
13412,1910_1929,1916,A contribution to the ornithology of the Orinoco region,BHL,1,1072,1057,15,0,11,4,1
57106,1910_1929,1916,The sea-trout. A study in natural history,BHL,1,561,542,19,0,13,6,1
13639,1910_1929,1916,The birds of Shakespeare,BHL,1,193,187,6,0,5,1,1
54167,1910_1929,1917,Animal and plant life in Oklahoma,BHL,1,324,306,18,0,18,0,1
15677,1910_1929,1917,Extinct Pennsylvania animals,BHL,2,1282,1263,19,0,19,0,1
55113,1910_1929,1917,"Birds of other lands, reptiles, fishes, jointed animals and lower forms",BHL,1,1200,802,398,0,340,58,0
55215,1910_1929,1917,The animal mind; a text-book of comparative psychology,BHL,1,1200,1045,155,0,127,28,0
55313,1910_1929,1917,The theory of evolution : with special reference to the evidence upon which it is founded,BHL,2,661,521,140,2,100,38,0
55654,1910_1929,1917,"Feeds and feeding abridged : the essentials of the feeding, care, and management of farm animals, including poultry : adapted and condensed from Feeds and feeding (16th ed.)",BHL,1,1200,870,330,1,325,4,0
56133,1910_1929,1917,Morphology of gymnosperms,BHL,1,518,487,31,0,7,24,0
56141,1910_1929,1917,The biology of twins (mammals),BHL,1,299,272,27,0,11,16,1
56528,1910_1929,1917,"McClure's American horse, cattle and sheep doctor; being a full description of the diseases common to these animals, together with a complete list and method of administering the medicines required in",BHL,1,1200,1121,79,0,75,4,0
56839,1910_1929,1917,The feeding of animals,BHL,1,1038,841,197,0,191,6,0
56991,1910_1929,1917,A laboratory manual and text-book of embryology,BHL,1,658,567,91,0,20,71,0
57209,1910_1929,1917,"Hunting dinosaurs in the bad lands of the Red Deer River, Alberta, Canada; a sequel to The life of a fossil hunter",BHL,1,546,519,27,0,25,2,1
57211,1910_1929,1917,"Manual of farm animals; a practical guide to the choosing, breeding, and keep of horses, cattle, sheep, and swine",BHL,1,1200,1033,167,0,162,5,0
57337,1910_1929,1917,"The sterility of cows, its causes and treatment",BHL,1,191,186,5,0,5,0,1
57686,1910_1929,1917,Organism and environment as illustrated by the physiology of breathing,BHL,2,367,321,46,4,21,21,0
57767,1910_1929,1917,The diseases of animals; a book of brief and popular advice on the care and the common ailments of farm animals,BHL,1,1200,1059,141,0,136,5,0
57820,1910_1929,1917,The effect of length of blind alleys on maze learning: an experiment on twenty-four white rates,BHL,1,212,208,4,0,2,2,1
1181,1910_1929,1917,Three lectures on experimental embryology,BHL,1,411,372,39,0,2,37,0
86358,1910_1929,1917,Sperm formation in the domestic animals with consideration of the sterility and fertility in mules,BHL,1,50,41,9,0,3,6,1
1759,1910_1929,1917,The study of animal life,BHL,1,1200,934,266,2,173,91,0
98397,1910_1929,1917,Trapping moles and utilizing their skins : with especial reference to the Pacific Coast states,BHL,1,45,44,1,0,1,0,1
210584,1910_1929,1917,Contributions to embryology,BHL,2,902,849,53,0,21,32,0
145944,1910_1929,1917,The earlier Mesozoic floras of New Zealand,BHL,1,194,188,6,0,0,6,1
13893,1910_1929,1917,"Studies in paleopathology, general consideration of the evidences of pathological conditions found among fossil animals. I",BHL,1,99,97,2,0,2,0,1
25284,1910_1929,1917,"Guide to the British fresh-water fishes exhibited in the Department of Zoology, British Museum (Natural History)",BHL,1,141,115,26,0,6,20,1
46524,1910_1929,1918,Zoological results of a tour in the Far East,BHL,1,336,327,9,0,0,9,1
46674,1910_1929,1918,Molluscan fauna from San Francisco bay,BHL,1,939,923,16,0,10,6,1
13645,1910_1929,1918,"Wild animals of Glacier National Park. The mammals, with notes on physiography and life zones; The birds",BHL,2,2163,1966,197,0,184,13,0
55287,1910_1929,1918,Medical contributions to the study of evolution,BHL,1,567,509,58,0,24,34,0
5383,1910_1929,1918,The structure and development of mosses and ferns (Archegoniatae),BHL,1,788,717,71,0,23,48,0
60895,1910_1929,1918,Animal parasites and human disease,BHL,1,1200,974,226,0,177,49,0
56223,1910_1929,1918,The anatomy of the domestic fowl,BHL,1,942,791,151,0,95,56,0
62562,1910_1929,1918,Effects of the hydrogen ion concentration and oxygen content of water upon regeneration and metabolism in tadpoles,BHL,1,63,62,1,0,1,0,1
66912,1910_1929,1918,"Agricultural bacteriology; a study of the relation of germ life to the farm, with laboratory experiments for students, microorganisms of soil, fertilizers, sewage, water, dairy products, miscellaneous",BHL,1,631,581,50,0,43,7,0
941,1910_1929,1918,"Forced movements, tropisms, and animal conduct.  by Jacques  Loeb",BHL,1,543,482,61,0,55,6,0
1505,1910_1929,1918,The evolution of the earth and its inhabitants; a series delivered before the Yale chapter of the Sigma xi during the academic year 1916-1917,BHL,1,234,194,40,0,35,5,0
3738,1910_1929,1918,The main currents of zoölogy,BHL,1,368,332,36,0,10,26,0
123033,1910_1929,1918,"Regulations for the inspection and quarantine of horses, cattle, sheep, swine, and other animals imported into the United States",BHL,1,91,76,15,0,15,0,1
10739,1910_1929,1918,The causes and course of organic evolution,BHL,1,1200,913,287,1,169,117,0
35795,1910_1929,1918,The mechanism of evolution in leptinotarsa,BHL,1,1200,1128,72,0,19,53,0
46527,1910_1929,1919,"Fossil corals from Central America, Cuba, and Porto Rico : with an account of the American Tertiary, Pleistocene, and recent coral reefs",BHL,1,1200,1172,28,0,3,25,1
53716,1910_1929,1919,The Congo Expedition of the American Museum of Natural History,BHL,1,700,684,16,0,5,11,1
54692,1910_1929,1919,The natural history of South Africa ...,BHL,4,2516,2081,435,9,350,76,0
55203,1910_1929,1919,Snapshots of the wild,BHL,1,575,561,14,0,14,0,1
55495,1910_1929,1919,Secrets of animal life,BHL,1,738,616,122,1,110,11,0
55555,1910_1929,1919,"The ornithology of Chester County, Pennsylvania",BHL,2,633,633,0,0,0,0,1
55557,1910_1929,1919,Through the Brazilian wilderness,BHL,1,753,715,38,0,38,0,0
55972,1910_1929,1919,The new book of birds : an album of natural history,BHL,1,831,790,41,0,40,1,0
56933,1910_1929,1919,Inbreeding and outbreeding : their genetic and sociological significance,BHL,1,449,422,27,0,15,12,1
57408,1910_1929,1919,Animal life and human progress,BHL,1,566,479,87,0,60,27,0
213848,1910_1929,1919,"Scientific reports, series C: zoology and botany",BHL,1,26,26,0,0,0,0,1
66881,1910_1929,1919,Tables for the determination of types and breeds of domestic animals,BHL,1,114,110,4,0,3,1,1
991,1910_1929,1919,"The morphology and evolutional significance of the pineal body : being part I of a contribution to the study of the epiphysis cerebri with an interpretation of the morphological, physiological and cli",BHL,1,570,509,61,0,15,46,0
1503,1910_1929,1919,Inbreeding and outbreeding; their genetic and sociological significance,BHL,1,431,406,25,0,17,8,1
13575,1910_1929,1919,Studies in ichthyology; a monographic review of the family of Atherinidae or silversides,BHL,1,592,549,43,0,0,43,0
14620,1910_1929,1919,A review of the ornithology of Minnesota,BHL,1,444,427,17,0,15,2,1
14967,1910_1929,1919,A handbook to the vertebrate fauna of north Wales,BHL,1,489,488,1,0,1,0,1
199664,1910_1929,1919,"Guide to the gallery of birds in the Department of Zoology, British Museum (Natural History). Part 2, Nesting-series of British birds",BHL,1,328,312,16,0,16,0,1
54036,1910_1929,1920,Experiments in the breeding of cerions,BHL,1,179,174,5,0,2,3,1
54129,1910_1929,1920,A manual of elementary zoology,BHL,1,1200,855,345,0,192,153,0
54457,1910_1929,1920,"South African mammals; a short manual for the use of field naturalists, sportsmen and travellers",BHL,1,743,658,85,0,46,39,0
58790,1910_1929,1920,"Parasites and parasitosis of the domestic animals, the zoölogy and control of the animal parasites and the pathogenesis and treatment of parasitic disease",BHL,1,1200,1019,181,0,139,42,0
55247,1910_1929,1920,Animal castration : a book for the use of students and practitioners,BHL,1,450,404,46,0,42,4,0
55262,1910_1929,1920,Wild creatures of garden and hedgerow,BHL,1,687,599,88,0,87,1,0
55428,1910_1929,1920,The influence of yeast upon fertility and hatchability of hens' eggs,BHL,1,36,35,1,0,1,0,1
55665,1910_1929,1920,Animal husbandry,BHL,1,904,678,226,0,209,17,0
56153,1910_1929,1920,Territory in bird life,BHL,1,617,506,111,0,111,0,0
56532,1910_1929,1920,Vertebrate zoölogy,BHL,1,1200,703,497,0,272,225,0
56571,1910_1929,1920,On the edge of the wilderness; tales of our wild animal neighbors,BHL,1,689,662,27,0,25,2,1
57246,1910_1929,1920,The nature of animal light,BHL,1,379,361,18,0,13,5,1
41835,1910_1929,1920,Types and breeds of farm animals,BHL,1,1200,1136,64,0,58,6,0
80009,1910_1929,1920,Maintenance of the fur supply,BHL,1,68,57,11,0,11,0,1
1344,1910_1929,1920,The system of animate nature; the Gifford lectures delivered in the University of St. Andrews in the years 1915 and 1916,BHL,2,1491,1232,259,10,150,99,0
1429,1910_1929,1920,Experiments in the breeding of cerions,BHL,1,206,202,4,0,2,2,1
1688,1910_1929,1920,Zöology; a textbook for colleges and universities,BHL,1,1200,881,319,0,189,130,0
1700,1910_1929,1920,"Orthoptera of northeastern America, with especial reference to the faunas of Indiana and Florida",BHL,1,1200,1073,127,0,58,69,0
1745,1910_1929,1920,A laboratory manual of invertebrate zoölogy,BHL,1,705,602,103,0,78,25,0
1763,1910_1929,1920,"Life and death, heredity and evolution in unicellular organisms",BHL,1,469,449,20,0,5,15,1
2775,1910_1929,1920,An introduction to entomology,BHL,1,749,470,279,0,145,134,0
122994,1910_1929,1920,The hadrosaur Edmontosaurus from the upper Cretaceous of Alberta,BHL,1,366,353,13,0,4,9,1
212397,1910_1929,1920,"The life of Samuel White : soldier, naturalist, sailor",BHL,1,403,396,7,0,7,0,1
13452,1910_1929,1920,Essays on early ornithology and kindred subjects,BHL,1,60,59,1,0,1,0,1
7886,1910_1929,1920,"A geographical bibliography of British ornithology from the earliest time to the end of 1918, arranged under counties, being a record of printed books, published articles, notes and records relating t",BHL,1,1200,1200,0,0,0,0,1
54191,1910_1929,1921,A philosopher with nature,BHL,1,565,503,62,1,61,0,0
54369,1910_1929,1921,Zoology for medical students,BHL,1,1200,673,527,0,352,175,0
51926,1910_1929,1921,A text-book of the diseases of the small domestic animals,BHL,1,1200,1152,48,0,33,15,0
54435,1910_1929,1921,Animal life under water,BHL,1,372,338,34,0,34,0,0
11500,1910_1929,1921,"A synopsis of the Accipitres (diurnal birds of prey) : comprising species and subspecies described up to 1920, with their characters and distribution",BHL,3,2764,2758,6,0,0,6,1
54654,1910_1929,1921,The diseases of the genital organs of domestic animals,BHL,1,1200,1113,87,0,71,16,0
54799,1910_1929,1921,Productive feeding of farm animals,BHL,1,1045,747,298,0,293,5,0
54913,1910_1929,1921,Wanderings of a naturalist,BHL,1,498,480,18,0,18,0,1
55090,1910_1929,1921,Edge of the jungle,BHL,1,565,522,43,0,40,3,0
55245,1910_1929,1921,"Life of Alfred Newton, professor of comparative anatomy, Cambridg university, 1866-1907",BHL,1,849,845,4,0,4,0,1
55248,1910_1929,1921,The trend of the race; a study of present tendencies in the biological development of civilized mankind,BHL,1,278,264,14,0,7,7,1
55786,1910_1929,1921,"Readings in evolution, genetics, and eugenics",BHL,2,2400,2046,354,1,217,136,0
55911,1910_1929,1921,Trapping wild animals in Malay jungles,BHL,1,547,535,12,0,12,0,1
56088,1910_1929,1921,The relative value of the processes causing evolution,BHL,1,754,671,83,0,46,37,0
28657,1910_1929,1921,"Across Mongolian plains: a naturalist's account of China's ""great northwest""",BHL,1,637,617,20,0,19,1,1
56636,1910_1929,1921,Practical anatomy of the rabbit : an elementary laboratory textbook in mammalian anatomy,BHL,1,761,591,170,0,79,91,0
56813,1910_1929,1921,Social adaptation; a study in the development of the doctrine of adaptation as a theory of social progress,BHL,1,375,334,41,3,27,11,0
8972,1910_1929,1921,"Sanitary entomology; the entomology of disease, hygiene and sanitation",BHL,1,1200,1109,91,0,81,10,0
77344,1910_1929,1921,Hunting down stock killers,BHL,1,37,32,5,0,5,0,1
1040,1910_1929,1921,The trend of the race; a study of present tendencies in the biological development of civilized mankind,BHL,1,280,269,11,0,5,6,1
1318,1910_1929,1921,"Life of Alfred Newton : professor of comparative anatomy, Cambridge University, 1866-1907",BHL,1,872,869,3,0,3,0,1
1746,1910_1929,1921,A text-book of zoology,BHL,2,2400,1498,902,0,396,506,0
2477,1910_1929,1921,A monograph of the fossil insects of the British coal measures,BHL,2,990,924,66,0,27,39,0
13281,1910_1929,1921,"Guide to the gallery of birds in the department of zoology, British Museum (Natural History)",BHL,4,2611,1923,688,0,516,172,0
13892,1910_1929,1921,An introduction to the study of fossils (plants and animals),BHL,1,1200,926,274,0,153,121,0
15908,1910_1929,1921,The fur trade of America,BHL,1,1200,1140,60,0,56,4,0
53987,1910_1929,1922,The haunts of life,BHL,1,593,469,124,0,120,4,0
54144,1910_1929,1922,The minds and manners of wild animals; a book of personal observations,BHL,1,1200,1116,84,0,77,7,0
54364,1910_1929,1922,"Denizens of the desert; a book of southwestern mammals, birds, and reptiles, by Edmund C. Jaeger ...",BHL,1,467,415,52,0,50,2,0
54706,1910_1929,1922,Marvels of the animal world,BHL,1,409,282,127,0,120,7,0
55116,1910_1929,1922,"Zoology; a text-book for universities, colleges and normal schools",BHL,1,1200,869,331,0,219,112,0
44584,1910_1929,1922,Fur facts,BHL,1,1200,1092,108,1,103,4,0
55364,1910_1929,1922,The naturalisation of animals & plants in New Zealand,BHL,1,1200,1173,27,0,27,0,1
55865,1910_1929,1922,Animals of the past; an account of some of the creatures of the ancient world,BHL,1,363,310,53,0,50,3,0
55909,1910_1929,1922,Ordovician fossils of north China,BHL,1,1200,1110,90,0,11,79,0
56663,1910_1929,1922,"The morphology, development, and economic aspects of Schizophyllum commune Fries",BHL,1,45,45,0,0,0,0,1
56727,1910_1929,1922,Practical zoology for medical & junior students,BHL,1,432,378,54,0,23,31,0
57086,1910_1929,1922,The naturalist in La Plata,BHL,2,1650,1362,288,2,283,3,0
57139,1910_1929,1922,Mites injurious to domestic animals (with an appendix on the acarine disease of hive bees),BHL,1,236,208,28,0,24,4,1
57233,1910_1929,1922,Watched by wild animals,BHL,1,743,702,41,0,40,1,0
57354,1910_1929,1922,"Luck, or cunning, as the main means of organic modification?",BHL,1,379,363,16,3,8,5,1
57416,1910_1929,1922,The evolution of continuity in the natural world,BHL,1,483,332,151,0,72,79,0
51920,1910_1929,1922,A study of farm animals,BHL,1,1200,1035,165,0,159,6,0
61507,1910_1929,1922,A laboratory manual for comparative vertebrate anatomy,BHL,2,2400,1811,589,0,213,376,0
1007,1910_1929,1922,"Arboreal life and the evolution of the human eye : a revised publication of the Bowman lecture delivered before the Ophthalmological Society of the United Kingdom in May, 1921",BHL,1,184,126,58,0,50,8,0
1335,1910_1929,1922,The evolution of man; a series of lectures delivered before the Yale chapter of the Sigma xi during the academic year 1921-1922,BHL,1,392,323,69,0,30,39,0
1602,1910_1929,1922,A guide for the dissection of the dogfish (Squalus acanthias),BHL,1,113,91,22,0,7,15,1
1934,1910_1929,1922,The natural history of aquatic insects,BHL,1,1200,894,306,2,270,34,0
42270,1910_1929,1922,Leaflet /  Field Museum of Natural History. Dept. of Zoology,BHL,3,142,127,15,0,14,1,1
123066,1910_1929,1923,Regulations for the protection of land fur-bearing animals in Alaska,BHL,1,15,14,1,0,1,0,1
9241,1910_1929,1923,Exotic microlepidoptera,BHL,1,1200,1170,30,0,4,26,0
211569,1910_1929,1923,"The mammals of South Australia. Parts I-III, 1923-1925",BHL,3,2142,1809,333,0,190,143,0
12187,1910_1929,1923,The amphibia of the Indo-Australian archipelago,BHL,1,706,687,19,0,3,16,1
25384,1910_1929,1923,"Guide to the Mollusca exhibited in the Zoological Department, British Museum (Natural History)  [Prepared by G.C. Robson]",BHL,1,186,120,66,0,37,29,0
36197,1910_1929,1923,The morality of nature,BHL,1,571,440,131,3,102,26,0
185366,1910_1929,1925,"Studies on the variation, distribution, and evolution of the genus Partula",BHL,1,487,474,13,0,4,9,1
118970,1910_1929,1926,Descriptions of new Genera and Species of Lepidoptera Phalaenae of the subfamily Noctuinae (Noctuidae) in the British Museum (Natural History),BHL,1,1200,1190,10,0,1,9,1
123818,1910_1929,1927,Regulations governing the recognition of breeds and purebred animals,BHL,1,45,43,2,0,0,2,1
66447,1910_1929,1928,General and professional biology : with special reference to man,BHL,1,1200,904,296,0,167,129,0
59512,1910_1929,1929,Handbook of paleontology for beginners and amateurs,BHL,1,825,751,74,0,63,11,0
61763,1910_1929,1929,The gastropod genus Yvania; contribution to the paleontology of Illinois,BHL,1,122,112,10,0,0,10,1
211507,1910_1929,1929,The story of evolution; facts and theories on the development of life,BHL,1,1086,920,166,4,106,56,0
