uid,work_id,source,year,period_bin,animal_chunks,n_sentences,n_sentences_before_cap
bhl_100200,46330,BHL,1911,1910_1929,92,189,189
bhl_100204,42673,BHL,1785,1750_1799,492,1200,2033
bhl_100300,46365,BHL,1849,1830_1849,50,124,124
bhl_100301,46366,BHL,1856,1850_1869,81,170,170
bhl_100489,10347,BHL,1882,1870_1889,1266,1200,5738
bhl_100543,46524,BHL,1918,1910_1929,118,336,336
bhl_100549,46527,BHL,1919,1910_1929,462,1200,1251
bhl_100925,46640,BHL,1878,1870_1889,680,1200,1811
bhl_100974,46668,BHL,1873,1870_1889,130,329,329
bhl_100975,46669,BHL,1906,1890_1909,143,368,368
bhl_100984,46674,BHL,1918,1910_1929,263,939,939
bhl_100985,8133,BHL,1832,1830_1849,301,527,527
bhl_101041,46713,BHL,1914,1910_1929,74,290,290
bhl_101115,46774,BHL,1864,1850_1869,108,205,205
bhl_101116,46774,BHL,1863,1850_1869,319,810,810
bhl_101177,46821,BHL,1821,1800_1829,61,134,134
bhl_101194,46835,BHL,1884,1870_1889,26,58,58
bhl_101230,46851,BHL,1897,1890_1909,38,89,89
bhl_101235,46855,BHL,1881,1870_1889,23,56,56
bhl_101367,46713,BHL,1914,1910_1929,139,548,548
bhl_101405,46944,BHL,1912,1910_1929,405,957,957
bhl_101494,46985,BHL,1870,1870_1889,28,99,99
bhl_101495,46986,BHL,1870,1870_1889,158,639,639
bhl_101522,47002,BHL,1909,1890_1909,99,224,224
bhl_101605,47043,BHL,1875,1870_1889,125,517,517
bhl_101607,1593,BHL,1809,1800_1829,195,846,846
bhl_102770,48405,BHL,1846,1830_1849,1576,1200,3846
bhl_103251,48632,BHL,1902,1890_1909,531,1200,1989
bhl_103269,48645,BHL,1911,1910_1929,57,237,237
bhl_103307,48665,BHL,1878,1870_1889,88,208,208
bhl_103775,48970,BHL,1881,1870_1889,69,102,102
bhl_103781,48975,BHL,1822,1800_1829,221,433,433
bhl_103837,49008,BHL,1801,1800_1829,349,1062,1062
bhl_103877,49026,BHL,1916,1910_1929,834,1200,2617
bhl_103943,49071,BHL,1892,1890_1909,540,1200,1462
bhl_103948,46640,BHL,1878,1870_1889,30,94,94
bhl_104201,49233,BHL,1874,1870_1889,248,528,528
bhl_104300,49320,BHL,1871,1870_1889,479,1200,1666
bhl_104301,49321,BHL,1879,1870_1889,114,183,183
bhl_104497,49460,BHL,1878,1870_1889,808,1200,1973
bhl_104498,49461,BHL,1869,1850_1869,370,798,798
bhl_104500,48636,BHL,1819,1800_1829,460,958,958
bhl_104501,49464,BHL,1869,1850_1869,34,59,59
bhl_104507,49461,BHL,1869,1850_1869,340,703,703
bhl_104535,49480,BHL,1885,1870_1889,1587,1200,4509
bhl_104561,49493,BHL,1835,1830_1849,356,1146,1146
bhl_104655,49480,BHL,1885,1870_1889,1510,1200,5216
bhl_104872,49480,BHL,1885,1870_1889,1576,1200,4945
bhl_104971,49740,BHL,1876,1870_1889,246,778,778
bhl_104984,49740,BHL,1875,1870_1889,257,813,813
bhl_105027,49765,BHL,1794,1750_1799,75,301,301
bhl_105132,49740,BHL,1875,1870_1889,232,760,760
bhl_105164,49867,BHL,1823,1800_1829,152,397,397
bhl_105176,49740,BHL,1875,1870_1889,240,753,753
bhl_105229,49894,BHL,1782,1750_1799,338,1025,1025
bhl_105230,49894,BHL,1781,1750_1799,345,1200,1239
bhl_105231,49894,BHL,1783,1750_1799,289,1018,1018
bhl_105238,49894,BHL,1783,1750_1799,393,1200,1277
bhl_105289,49740,BHL,1875,1870_1889,263,826,826
bhl_105671,50066,BHL,1852,1850_1869,186,497,497
bhl_105773,50139,BHL,1904,1890_1909,579,1200,1220
bhl_105791,50141,BHL,1889,1870_1889,207,375,375
bhl_105794,50141,BHL,1897,1890_1909,166,189,189
bhl_106365,50141,BHL,1889,1870_1889,9,15,15
bhl_106394,50141,BHL,1889,1870_1889,17,25,25
bhl_106457,50434,BHL,1878,1870_1889,1740,1200,5424
bhl_106469,11812,BHL,1895,1890_1909,442,1200,1306
bhl_106591,50434,BHL,1878,1870_1889,29,102,102
bhl_106596,50464,BHL,1908,1890_1909,60,115,115
bhl_107084,50589,BHL,1873,1870_1889,173,431,431
bhl_107281,50671,BHL,1873,1870_1889,783,1200,1987
bhl_107894,50847,BHL,1824,1800_1829,67,105,105
bhl_107930,50867,BHL,1870,1870_1889,109,218,218
bhl_107935,50872,BHL,1867,1850_1869,150,224,224
bhl_108360,210565,BHL,1832,1830_1849,650,1200,2477
bhl_108616,62215,BHL,1812,1800_1829,286,860,860
bhl_108617,62215,BHL,1812,1800_1829,165,1063,1063
bhl_108653,51166,BHL,1835,1830_1849,172,434,434
bhl_108743,51200,BHL,1867,1850_1869,13,26,26
bhl_109095,51357,BHL,1849,1830_1849,561,1200,1528
bhl_109096,51357,BHL,1849,1830_1849,701,1200,1991
bhl_109346,51450,BHL,1816,1800_1829,290,538,538
bhl_109425,51357,BHL,1849,1830_1849,714,1200,2066
bhl_109426,51357,BHL,1849,1830_1849,982,1200,3186
bhl_109530,62215,BHL,1812,1800_1829,400,1200,1323
bhl_109531,62215,BHL,1812,1800_1829,356,1200,1298
bhl_109794,51562,BHL,1906,1890_1909,576,1200,1329
bhl_109978,51631,BHL,1870,1870_1889,490,1200,1343
bhl_110532,61923,BHL,1912,1910_1929,1532,1200,5648
bhl_110573,51805,BHL,1845,1830_1849,150,245,245
bhl_110595,51821,BHL,1836,1830_1849,120,356,356
bhl_110596,12492,BHL,1842,1830_1849,131,384,384
bhl_110597,51821,BHL,1838,1830_1849,97,313,313
bhl_110598,51821,BHL,1838,1830_1849,109,328,328
bhl_110695,51841,BHL,1888,1870_1889,359,1058,1058
bhl_110842,51877,BHL,1877,1870_1889,402,1200,1376
bhl_110901,61923,BHL,1914,1910_1929,1531,1200,4163
bhl_110910,8133,BHL,1829,1800_1829,194,362,362
bhl_110916,11793,BHL,1881,1870_1889,143,646,646
bhl_111025,12492,BHL,1842,1830_1849,115,337,337
bhl_111026,12492,BHL,1842,1830_1849,110,315,315
bhl_111028,16333,BHL,1903,1890_1909,274,644,644
bhl_111033,12492,BHL,1842,1830_1849,85,293,293
bhl_111303,57744,BHL,1897,1890_1909,179,534,534
bhl_111304,52024,BHL,1899,1890_1909,1210,1200,3912
bhl_111310,52028,BHL,1916,1910_1929,205,465,465
bhl_111320,57744,BHL,1898,1890_1909,157,464,464
bhl_111332,52039,BHL,1894,1890_1909,215,408,408
bhl_111475,52110,BHL,1857,1850_1869,591,1200,1206
bhl_111591,52120,BHL,1909,1890_1909,500,1200,1947
bhl_111592,52120,BHL,1909,1890_1909,524,1200,1734
bhl_111666,52150,BHL,1854,1850_1869,339,624,624
bhl_111669,52151,BHL,1885,1870_1889,29,32,32
bhl_112021,52327,BHL,1901,1890_1909,112,374,374
bhl_112115,52350,BHL,1894,1890_1909,168,342,342
bhl_112183,52382,BHL,1903,1890_1909,728,1200,1769
bhl_112187,52386,BHL,1883,1870_1889,133,301,301
bhl_112190,9077,BHL,1876,1870_1889,310,548,548
bhl_112210,52397,BHL,1904,1890_1909,118,294,294
bhl_112211,52398,BHL,1911,1910_1929,546,1200,1669
bhl_112214,52401,BHL,1885,1870_1889,31,39,39
bhl_112223,52405,BHL,1893,1890_1909,320,950,950
bhl_113051,53118,BHL,1862,1850_1869,627,1200,2712
bhl_113052,53118,BHL,1863,1850_1869,485,1200,2448
bhl_113053,53118,BHL,1864,1850_1869,523,1200,2178
bhl_113478,1593,BHL,1819,1800_1829,278,862,862
bhl_113480,53461,BHL,1847,1830_1849,129,447,447
bhl_113482,1593,BHL,1825,1800_1829,390,1200,1466
bhl_113483,1593,BHL,1826,1800_1829,431,1200,1277
bhl_113676,15752,BHL,1897,1890_1909,587,1200,1999
bhl_113779,53548,BHL,1866,1850_1869,181,526,526
bhl_113816,53571,BHL,1872,1870_1889,22,66,66
bhl_113891,53623,BHL,1877,1870_1889,460,1200,1532
bhl_114041,16033,BHL,1895,1890_1909,158,368,368
bhl_114068,53716,BHL,1919,1910_1929,258,700,700
bhl_114120,53733,BHL,1866,1850_1869,353,793,793
bhl_114183,53764,BHL,1844,1830_1849,78,191,191
bhl_114219,53770,BHL,1882,1870_1889,165,254,254
bhl_114278,53804,BHL,1878,1870_1889,345,995,995
bhl_114284,53809,BHL,1895,1890_1909,590,1200,2142
bhl_114463,53893,BHL,1885,1870_1889,456,1200,1685
bhl_114471,53901,BHL,1911,1910_1929,495,1200,1698
bhl_114500,53930,BHL,1900,1890_1909,301,707,707
bhl_114505,53935,BHL,1887,1870_1889,2156,1200,8408
bhl_114506,53936,BHL,1899,1890_1909,460,1200,3463
bhl_114510,53940,BHL,1903,1890_1909,429,1200,1566
bhl_114513,53943,BHL,1903,1890_1909,459,1200,1733
bhl_114523,53953,BHL,1919,1910_1929,88,215,215
bhl_114541,53970,BHL,1896,1890_1909,766,1200,1816
bhl_114544,53973,BHL,1883,1870_1889,1484,1200,5510
bhl_114547,53976,BHL,1905,1890_1909,177,636,636
bhl_114556,53985,BHL,1914,1910_1929,901,1200,2115
bhl_114558,53987,BHL,1922,1910_1929,184,593,593
bhl_114571,54000,BHL,1901,1890_1909,390,944,944
bhl_114576,54005,BHL,1886,1870_1889,664,1200,1973
bhl_114579,46110,BHL,1899,1890_1909,386,922,922
bhl_114586,54014,BHL,1888,1870_1889,253,731,731
bhl_114602,54029,BHL,1899,1890_1909,354,1013,1013
bhl_114604,54031,BHL,1893,1890_1909,424,1114,1114
bhl_114609,54036,BHL,1920,1910_1929,94,179,179
bhl_114613,54040,BHL,1896,1890_1909,347,1017,1017
bhl_114615,54042,BHL,1877,1870_1889,251,526,526
bhl_114632,54058,BHL,1908,1890_1909,193,469,469
bhl_114637,54063,BHL,1874,1870_1889,1962,1200,6025
bhl_114639,54065,BHL,1888,1870_1889,674,1200,1730
bhl_114642,63153,BHL,1904,1890_1909,728,1200,1486
bhl_114652,54078,BHL,1910,1910_1929,349,1200,1254
bhl_114663,54089,BHL,1906,1890_1909,243,472,472
bhl_114669,54095,BHL,1880,1870_1889,217,513,513
bhl_114681,54107,BHL,1910,1910_1929,25,44,44
bhl_114685,54111,BHL,1894,1890_1909,24,65,65
bhl_114689,41819,BHL,1906,1890_1909,598,1200,1904
bhl_114691,54117,BHL,1871,1870_1889,213,746,746
bhl_114694,54120,BHL,1902,1890_1909,149,293,293
bhl_114705,54129,BHL,1920,1910_1929,624,1200,1851
bhl_114719,69671,BHL,1865,1850_1869,435,1200,1302
bhl_114720,54144,BHL,1922,1910_1929,334,1200,1318
bhl_114721,54145,BHL,1895,1890_1909,273,666,666
bhl_114746,54167,BHL,1917,1910_1929,73,324,324
bhl_114748,46713,BHL,1914,1910_1929,163,595,595
bhl_114753,54173,BHL,1867,1850_1869,441,1200,1857
bhl_114764,54184,BHL,1895,1890_1909,869,1200,2801
bhl_114772,54191,BHL,1921,1910_1929,215,565,565
bhl_114777,54196,BHL,1916,1910_1929,866,1200,2851
bhl_114783,54202,BHL,1898,1890_1909,196,643,643
bhl_114786,16294,BHL,1880,1870_1889,610,1200,2568
bhl_114792,54210,BHL,1912,1910_1929,520,1200,1442
bhl_114793,54211,BHL,1863,1850_1869,282,590,590
bhl_114815,54232,BHL,1911,1910_1929,21,56,56
bhl_114829,54246,BHL,1916,1910_1929,151,424,424
bhl_114838,54255,BHL,1910,1910_1929,177,537,537
bhl_114840,54257,BHL,1895,1890_1909,360,1200,1398
bhl_114844,54261,BHL,1901,1890_1909,706,1200,1601
bhl_114847,54264,BHL,1916,1910_1929,180,637,637
bhl_114861,54278,BHL,1902,1890_1909,571,1200,1698
bhl_114867,54284,BHL,1912,1910_1929,178,296,296
bhl_114876,54293,BHL,1911,1910_1929,241,689,689
bhl_114887,54304,BHL,1913,1910_1929,322,693,693
bhl_114889,54306,BHL,1912,1910_1929,435,1200,1426
bhl_114898,54315,BHL,1897,1890_1909,603,1200,2017
bhl_114902,54319,BHL,1902,1890_1909,38,195,195
bhl_114924,54340,BHL,1916,1910_1929,68,117,117
bhl_114925,54341,BHL,1874,1870_1889,1311,1200,3401
bhl_114939,63153,BHL,1904,1890_1909,762,1200,1457
bhl_114950,54364,BHL,1922,1910_1929,151,467,467
bhl_114955,54369,BHL,1921,1910_1929,621,1200,1472
bhl_114964,54378,BHL,1901,1890_1909,720,1200,1813
bhl_114965,51926,BHL,1921,1910_1929,598,1200,1937
bhl_114966,54380,BHL,1884,1870_1889,362,929,929
bhl_114968,54382,BHL,1906,1890_1909,257,637,637
bhl_114988,54401,BHL,1898,1890_1909,625,1200,2335
bhl_114996,54408,BHL,1915,1910_1929,389,1200,1712
bhl_114998,54401,BHL,1898,1890_1909,429,1124,1124
bhl_115017,54428,BHL,1899,1890_1909,116,399,399
bhl_115020,54431,BHL,1914,1910_1929,143,497,497
bhl_115024,54435,BHL,1921,1910_1929,128,372,372
bhl_115031,54442,BHL,1899,1890_1909,87,225,225
bhl_115046,54457,BHL,1920,1910_1929,149,743,743
bhl_115052,54463,BHL,1909,1890_1909,171,381,381
bhl_115058,54469,BHL,1879,1870_1889,662,1200,1958
bhl_115066,54477,BHL,1914,1910_1929,420,1019,1019
bhl_115067,13645,BHL,1918,1910_1929,336,1085,1085
bhl_115071,53940,BHL,1903,1890_1909,356,1045,1045
bhl_115073,54483,BHL,1915,1910_1929,326,1200,1515
bhl_115082,54492,BHL,1902,1890_1909,97,311,311
bhl_115090,54500,BHL,1895,1890_1909,269,801,801
bhl_115093,54502,BHL,1913,1910_1929,201,660,660
bhl_115122,54530,BHL,1899,1890_1909,360,577,577
bhl_115132,54540,BHL,1905,1890_1909,361,808,808
bhl_115149,54556,BHL,1898,1890_1909,310,793,793
bhl_115151,54558,BHL,1907,1890_1909,171,651,651
bhl_115155,11500,BHL,1921,1910_1929,159,915,915
bhl_115159,58790,BHL,1920,1910_1929,478,1200,1945
bhl_115162,54569,BHL,1866,1850_1869,364,918,918
bhl_115164,54571,BHL,1878,1870_1889,306,914,914
bhl_115168,12294,BHL,1896,1890_1909,656,1200,1475
bhl_115169,54574,BHL,1873,1870_1889,350,735,735
bhl_115172,54577,BHL,1902,1890_1909,212,756,756
bhl_115173,54578,BHL,1902,1890_1909,335,1200,1243
bhl_115184,15677,BHL,1917,1910_1929,186,643,643
bhl_115191,1202,BHL,1898,1890_1909,529,1200,1774
bhl_115192,54596,BHL,1874,1870_1889,104,163,163
bhl_115198,54601,BHL,1886,1870_1889,637,1200,1481
bhl_115204,54607,BHL,1889,1870_1889,275,561,561
bhl_115219,54620,BHL,1899,1890_1909,109,628,628
bhl_115220,54621,BHL,1892,1890_1909,719,1200,2466
bhl_115222,54623,BHL,1902,1890_1909,108,484,484
bhl_115235,54635,BHL,1911,1910_1929,229,474,474
bhl_115260,54654,BHL,1921,1910_1929,759,1200,2062
bhl_115282,54674,BHL,1899,1890_1909,20,66,66
bhl_115284,54676,BHL,1914,1910_1929,226,838,838
bhl_115287,49250,BHL,1915,1910_1929,108,269,269
bhl_115289,54680,BHL,1914,1910_1929,32,55,55
bhl_115301,54463,BHL,1916,1910_1929,246,674,674
bhl_115304,54692,BHL,1919,1910_1929,156,499,499
bhl_115312,54700,BHL,1865,1850_1869,657,1200,1972
bhl_115318,54401,BHL,1898,1890_1909,681,1200,1771
bhl_115319,54706,BHL,1922,1910_1929,215,409,409
bhl_115322,54709,BHL,1903,1890_1909,641,1200,1440
bhl_115356,54737,BHL,1878,1870_1889,1403,1200,5279
bhl_115360,54741,BHL,1911,1910_1929,199,675,675
bhl_115361,54742,BHL,1910,1910_1929,123,263,263
bhl_115367,54748,BHL,1908,1890_1909,554,1200,1681
bhl_115368,54749,BHL,1878,1870_1889,57,242,242
bhl_115384,54763,BHL,1913,1910_1929,278,836,836
bhl_115395,54774,BHL,1866,1850_1869,924,1200,2377
bhl_115410,54789,BHL,1907,1890_1909,436,1143,1143
bhl_115422,54799,BHL,1921,1910_1929,485,1045,1045
bhl_115434,54811,BHL,1875,1870_1889,55,139,139
bhl_115435,54812,BHL,1871,1870_1889,211,742,742
bhl_115438,54815,BHL,1896,1890_1909,230,520,520
bhl_115450,54827,BHL,1893,1890_1909,382,1200,1226
bhl_115482,54859,BHL,1900,1890_1909,278,967,967
bhl_115493,54870,BHL,1911,1910_1929,401,1200,1231
bhl_115499,54876,BHL,1906,1890_1909,635,1200,1870
bhl_115501,54878,BHL,1907,1890_1909,43,124,124
bhl_115509,54886,BHL,1900,1890_1909,7,47,47
bhl_115511,13286,BHL,1891,1890_1909,589,1200,1927
bhl_115516,54893,BHL,1914,1910_1929,318,774,774
bhl_115517,53953,BHL,1905,1890_1909,133,281,281
bhl_115518,54894,BHL,1911,1910_1929,102,494,494
bhl_115521,54897,BHL,1901,1890_1909,182,649,649
bhl_115537,54913,BHL,1921,1910_1929,203,498,498
bhl_115584,54958,BHL,1910,1910_1929,632,1200,1688
bhl_115591,54964,BHL,1872,1870_1889,191,939,939
bhl_115609,54981,BHL,1916,1910_1929,544,1200,1797
bhl_115612,54984,BHL,1895,1890_1909,1821,1200,5689
bhl_115624,54995,BHL,1892,1890_1909,355,812,812
bhl_115641,55012,BHL,1881,1870_1889,114,326,326
bhl_115644,55015,BHL,1897,1890_1909,282,672,672
bhl_115656,13320,BHL,1875,1870_1889,382,1072,1072
bhl_115668,15034,BHL,1892,1890_1909,362,1200,1570
bhl_115672,55039,BHL,1904,1890_1909,95,403,403
bhl_115676,55042,BHL,1909,1890_1909,156,540,540
bhl_115698,55060,BHL,1902,1890_1909,191,960,960
bhl_115701,55063,BHL,1888,1870_1889,732,1200,2431
bhl_115706,55068,BHL,1900,1890_1909,479,1200,1379
bhl_115711,55072,BHL,1911,1910_1929,291,775,775
bhl_115715,55076,BHL,1914,1910_1929,19,117,117
bhl_115728,55089,BHL,1905,1890_1909,210,592,592
bhl_115729,55090,BHL,1921,1910_1929,224,565,565
bhl_115735,55095,BHL,1910,1910_1929,881,1200,2259
bhl_115741,87234,BHL,1910,1910_1929,320,797,797
bhl_115746,55106,BHL,1911,1910_1929,353,1200,1589
bhl_115747,58685,BHL,1892,1890_1909,605,1200,1777
bhl_115753,55113,BHL,1917,1910_1929,575,1200,1695
bhl_115756,55116,BHL,1922,1910_1929,577,1200,2267
bhl_115763,55063,BHL,1888,1870_1889,854,1200,3056
bhl_115767,55125,BHL,1885,1870_1889,496,1200,1619
bhl_115788,55145,BHL,1904,1890_1909,99,216,216
bhl_115791,55148,BHL,1912,1910_1929,110,437,437
bhl_115798,44584,BHL,1922,1910_1929,468,1200,1393
bhl_115807,55164,BHL,1883,1870_1889,361,1200,1493
bhl_115814,55170,BHL,1910,1910_1929,294,907,907
bhl_115849,55200,BHL,1910,1910_1929,253,953,953
bhl_115852,55203,BHL,1919,1910_1929,145,575,575
bhl_115856,55207,BHL,1903,1890_1909,202,374,374
bhl_115863,55214,BHL,1879,1870_1889,287,506,506
bhl_115864,55215,BHL,1917,1910_1929,387,1200,1334
bhl_115886,55063,BHL,1888,1870_1889,418,1200,1316
bhl_115898,55245,BHL,1921,1910_1929,316,849,849
bhl_115901,55247,BHL,1920,1910_1929,139,450,450
bhl_115903,55248,BHL,1921,1910_1929,169,278,278
bhl_115911,55254,BHL,1877,1870_1889,318,710,710
bhl_115920,55262,BHL,1920,1910_1929,274,687,687
bhl_115921,54620,BHL,1899,1890_1909,110,632,632
bhl_115923,55264,BHL,1914,1910_1929,155,760,760
bhl_115931,55271,BHL,1902,1890_1909,529,1200,1909
bhl_115937,55277,BHL,1894,1890_1909,133,423,423
bhl_115939,55279,BHL,1893,1890_1909,322,981,981
bhl_115941,55280,BHL,1894,1890_1909,684,1200,1484
bhl_115944,12620,BHL,1901,1890_1909,891,1200,3179
bhl_115946,55285,BHL,1906,1890_1909,202,471,471
bhl_115948,55287,BHL,1918,1910_1929,330,567,567
bhl_115963,55302,BHL,1889,1870_1889,213,636,636
bhl_115969,55308,BHL,1914,1910_1929,367,682,682
bhl_115973,12294,BHL,1891,1890_1909,700,1200,1790
bhl_115976,55313,BHL,1917,1910_1929,160,334,334
bhl_115979,55316,BHL,1880,1870_1889,274,545,545
bhl_115984,55321,BHL,1911,1910_1929,529,1200,1588
bhl_115987,55324,BHL,1893,1890_1909,171,511,511
bhl_115998,55335,BHL,1902,1890_1909,426,956,956
bhl_116026,13615,BHL,1892,1890_1909,264,897,897
bhl_116030,14535,BHL,1915,1910_1929,277,1200,1206
bhl_116032,55364,BHL,1922,1910_1929,818,1200,2811
bhl_116037,55368,BHL,1892,1890_1909,167,495,495
bhl_116038,98121,BHL,1894,1890_1909,134,355,355
bhl_116039,55370,BHL,1872,1870_1889,723,1200,2107
bhl_116044,55374,BHL,1915,1910_1929,213,958,958
bhl_116046,55375,BHL,1897,1890_1909,292,738,738
bhl_116049,55378,BHL,1908,1890_1909,461,1200,1627
bhl_116053,55382,BHL,1863,1850_1869,374,1037,1037
bhl_116054,55383,BHL,1899,1890_1909,332,818,818
bhl_116055,55384,BHL,1877,1870_1889,411,993,993
bhl_116063,55391,BHL,1895,1890_1909,373,840,840
bhl_116069,55397,BHL,1908,1890_1909,262,786,786
bhl_116074,50434,BHL,1878,1870_1889,1728,1200,5497
bhl_116078,55404,BHL,1898,1890_1909,90,325,325
bhl_116079,55405,BHL,1866,1850_1869,249,655,655
bhl_116092,55416,BHL,1883,1870_1889,437,1200,1393
bhl_116097,55419,BHL,1888,1870_1889,441,1200,1514
bhl_116100,54676,BHL,1914,1910_1929,209,811,811
bhl_116104,55425,BHL,1892,1890_1909,277,828,828
bhl_116107,55428,BHL,1920,1910_1929,14,36,36
bhl_116110,55431,BHL,1901,1890_1909,70,171,171
bhl_116115,55436,BHL,1896,1890_1909,250,753,753
bhl_116119,55440,BHL,1887,1870_1889,719,1200,1813
bhl_116131,55451,BHL,1855,1850_1869,1733,1200,3227
bhl_116134,55454,BHL,1866,1850_1869,1012,1200,2486
bhl_116150,7998,BHL,1896,1890_1909,2127,1200,8427
bhl_116154,55473,BHL,1899,1890_1909,246,515,515
bhl_116156,55475,BHL,1905,1890_1909,424,749,749
bhl_116174,55491,BHL,1912,1910_1929,246,640,640
bhl_116176,53953,BHL,1909,1890_1909,166,393,393
bhl_116179,55495,BHL,1919,1910_1929,292,738,738
bhl_116182,55498,BHL,1898,1890_1909,314,902,902
bhl_116196,55512,BHL,1889,1870_1889,661,1200,2003
bhl_116200,55516,BHL,1899,1890_1909,462,1200,3411
bhl_116204,55520,BHL,1903,1890_1909,285,1068,1068
bhl_116209,46241,BHL,1909,1890_1909,319,866,866
bhl_116214,55530,BHL,1911,1910_1929,198,433,433
bhl_116234,55549,BHL,1906,1890_1909,100,304,304
bhl_116241,55555,BHL,1919,1910_1929,82,313,313
bhl_116243,55557,BHL,1919,1910_1929,320,753,753
bhl_116252,55566,BHL,1902,1890_1909,63,200,200
bhl_116253,62705,BHL,1876,1870_1889,2313,1200,9080
bhl_116255,11143,BHL,1871,1870_1889,171,445,445
bhl_116276,55587,BHL,1912,1910_1929,23,47,47
bhl_116282,55593,BHL,1908,1890_1909,540,1200,1907
bhl_116296,55605,BHL,1892,1890_1909,230,506,506
bhl_116309,55617,BHL,1895,1890_1909,167,509,509
bhl_116315,55623,BHL,1900,1890_1909,141,440,440
bhl_116317,55625,BHL,1916,1910_1929,449,1200,3416
bhl_116328,55635,BHL,1911,1910_1929,245,428,428
bhl_116334,55641,BHL,1899,1890_1909,429,1200,1724
bhl_116342,55649,BHL,1894,1890_1909,11,22,22
bhl_116347,55654,BHL,1917,1910_1929,536,1200,1355
bhl_116361,55665,BHL,1920,1910_1929,262,904,904
bhl_116373,5383,BHL,1918,1910_1929,439,788,788
bhl_116377,55473,BHL,1895,1890_1909,166,587,587
bhl_116388,55689,BHL,1904,1890_1909,175,417,417
bhl_116393,55693,BHL,1880,1870_1889,244,480,480
bhl_116425,55720,BHL,1904,1890_1909,407,1106,1106
bhl_116441,55732,BHL,1896,1890_1909,1304,1200,3397
bhl_116445,55735,BHL,1889,1870_1889,440,1161,1161
bhl_116450,55740,BHL,1870,1870_1889,160,644,644
bhl_116453,55742,BHL,1909,1890_1909,233,604,604
bhl_116454,55743,BHL,1914,1910_1929,108,339,339
bhl_116459,55748,BHL,1884,1870_1889,473,1200,1724
bhl_116471,55758,BHL,1916,1910_1929,36,105,105
bhl_116486,55772,BHL,1904,1890_1909,18,49,49
bhl_116488,55774,BHL,1870,1870_1889,833,1200,2191
bhl_116498,55783,BHL,1881,1870_1889,735,1200,2018
bhl_116501,55785,BHL,1855,1850_1869,148,356,356
bhl_116502,55786,BHL,1921,1910_1929,592,1200,1386
bhl_116511,55793,BHL,1906,1890_1909,609,1200,1991
bhl_116530,55809,BHL,1916,1910_1929,762,1200,2742
bhl_116532,55811,BHL,1864,1850_1869,56,236,236
bhl_116534,55813,BHL,1916,1910_1929,101,323,323
bhl_116543,18377,BHL,1910,1910_1929,328,841,841
bhl_116560,55839,BHL,1889,1870_1889,585,1200,1457
bhl_116565,48547,BHL,1901,1890_1909,248,1067,1067
bhl_116591,55865,BHL,1922,1910_1929,175,363,363
bhl_116598,55871,BHL,1907,1890_1909,318,1145,1145
bhl_116600,55872,BHL,1890,1890_1909,314,1093,1093
bhl_116617,54676,BHL,1914,1910_1929,241,1024,1024
bhl_116639,55909,BHL,1922,1910_1929,372,1200,1325
bhl_116640,55910,BHL,1900,1890_1909,902,1200,1874
bhl_116641,55911,BHL,1921,1910_1929,193,547,547
bhl_116643,55913,BHL,1911,1910_1929,94,272,272
bhl_116650,59819,BHL,1886,1870_1889,154,550,550
bhl_116678,55947,BHL,1892,1890_1909,244,822,822
bhl_116681,55015,BHL,1899,1890_1909,192,457,457
bhl_116687,55955,BHL,1913,1910_1929,247,763,763
bhl_116692,55959,BHL,1909,1890_1909,93,317,317
bhl_116694,54401,BHL,1899,1890_1909,1178,1200,3843
bhl_116703,14318,BHL,1881,1870_1889,193,576,576
bhl_116704,55971,BHL,1912,1910_1929,755,1200,2416
bhl_116705,55972,BHL,1919,1910_1929,249,831,831
bhl_116713,55980,BHL,1893,1890_1909,451,1142,1142
bhl_116719,55986,BHL,1899,1890_1909,466,1200,1884
bhl_116727,55993,BHL,1916,1910_1929,77,204,204
bhl_116742,56008,BHL,1912,1910_1929,269,928,928
bhl_116749,56013,BHL,1884,1870_1889,693,1088,1088
bhl_116755,56019,BHL,1898,1890_1909,277,572,572
bhl_116773,56034,BHL,1911,1910_1929,291,884,884
bhl_116777,56038,BHL,1894,1890_1909,223,852,852
bhl_116780,56041,BHL,1906,1890_1909,783,1200,1996
bhl_116802,56062,BHL,1902,1890_1909,496,1200,1485
bhl_116810,60895,BHL,1918,1910_1929,736,1200,2016
bhl_116822,56081,BHL,1893,1890_1909,213,444,444
bhl_116825,56084,BHL,1897,1890_1909,169,498,498
bhl_116829,56088,BHL,1921,1910_1929,298,754,754
bhl_116830,56089,BHL,1915,1910_1929,361,1200,1317
bhl_116834,56093,BHL,1898,1890_1909,91,385,385
bhl_116848,56062,BHL,1902,1890_1909,488,1124,1124
bhl_116849,56106,BHL,1897,1890_1909,1688,1200,4645
bhl_116853,56109,BHL,1902,1890_1909,380,1200,1340
bhl_116855,56111,BHL,1899,1890_1909,231,743,743
bhl_116878,56133,BHL,1917,1910_1929,278,518,518
bhl_116879,56134,BHL,1915,1910_1929,643,1200,1871
bhl_116886,56141,BHL,1917,1910_1929,118,299,299
bhl_116888,56143,BHL,1909,1890_1909,186,658,658
bhl_116892,56148,BHL,1877,1870_1889,866,1200,2780
bhl_116897,56153,BHL,1920,1910_1929,289,617,617
bhl_116901,56157,BHL,1860,1850_1869,222,508,508
bhl_116902,56158,BHL,1896,1890_1909,227,703,703
bhl_116905,56161,BHL,1897,1890_1909,253,632,632
bhl_116906,56162,BHL,1906,1890_1909,733,1200,2860
bhl_116908,56164,BHL,1911,1910_1929,283,761,761
bhl_116911,7986,BHL,1878,1870_1889,2123,1200,5700
bhl_116916,56171,BHL,1894,1890_1909,221,453,453
bhl_116921,56176,BHL,1893,1890_1909,120,308,308
bhl_116929,48454,BHL,1900,1890_1909,132,439,439
bhl_116942,56195,BHL,1885,1870_1889,510,1200,1621
bhl_116948,56200,BHL,1860,1850_1869,128,325,325
bhl_116953,56204,BHL,1852,1850_1869,316,510,510
bhl_116957,56208,BHL,1887,1870_1889,429,1200,1263
bhl_116960,56211,BHL,1874,1870_1889,126,291,291
bhl_116971,56220,BHL,1913,1910_1929,274,821,821
bhl_116974,56223,BHL,1918,1910_1929,337,942,942
bhl_116979,56228,BHL,1900,1890_1909,80,273,273
bhl_116991,56240,BHL,1875,1870_1889,169,916,916
bhl_116992,45166,BHL,1908,1890_1909,651,1200,1465
bhl_117012,28657,BHL,1921,1910_1929,240,637,637
bhl_117020,56265,BHL,1913,1910_1929,371,1200,1508
bhl_117023,56268,BHL,1911,1910_1929,69,177,177
bhl_117042,56284,BHL,1862,1850_1869,671,1200,2083
bhl_117047,55605,BHL,1896,1890_1909,272,650,650
bhl_117051,56292,BHL,1884,1870_1889,344,749,749
bhl_117069,56309,BHL,1905,1890_1909,276,893,893
bhl_117079,56319,BHL,1853,1850_1869,79,197,197
bhl_117081,56321,BHL,1902,1890_1909,440,963,963
bhl_117083,56323,BHL,1910,1910_1929,249,500,500
bhl_117114,55785,BHL,1855,1850_1869,147,361,361
bhl_117117,59984,BHL,1906,1890_1909,92,268,268
bhl_117118,56353,BHL,1900,1890_1909,401,1039,1039
bhl_117126,14610,BHL,1901,1890_1909,44,235,235
bhl_117132,56365,BHL,1913,1910_1929,135,380,380
bhl_117135,11802,BHL,1906,1890_1909,700,1200,1700
bhl_117138,56369,BHL,1911,1910_1929,222,596,596
bhl_117143,56374,BHL,1909,1890_1909,383,1157,1157
bhl_117153,1556,BHL,1912,1910_1929,589,1200,1351
bhl_117178,56403,BHL,1854,1850_1869,1658,1200,4462
bhl_117186,56409,BHL,1908,1890_1909,321,1200,1241
bhl_117198,56420,BHL,1896,1890_1909,137,330,330
bhl_117210,56430,BHL,1893,1890_1909,569,1200,1280
bhl_117211,56431,BHL,1900,1890_1909,805,1200,3039
bhl_117212,12263,BHL,1901,1890_1909,373,750,750
bhl_117214,56434,BHL,1914,1910_1929,159,431,431
bhl_117222,56441,BHL,1901,1890_1909,125,231,231
bhl_117224,11115,BHL,1876,1870_1889,270,885,885
bhl_117237,56454,BHL,1895,1890_1909,403,1200,1211
bhl_117241,56458,BHL,1907,1890_1909,591,1200,1752
bhl_117250,44379,BHL,1889,1870_1889,831,1200,1792
bhl_117284,56496,BHL,1914,1910_1929,302,736,736
bhl_117293,56504,BHL,1910,1910_1929,237,396,396
bhl_117300,56510,BHL,1872,1870_1889,78,204,204
bhl_117306,56516,BHL,1895,1890_1909,292,836,836
bhl_117319,56528,BHL,1917,1910_1929,376,1200,1327
bhl_117325,56531,BHL,1906,1890_1909,109,232,232
bhl_117326,56532,BHL,1920,1910_1929,466,1200,1565
bhl_117334,56539,BHL,1912,1910_1929,294,1183,1183
bhl_117349,13149,BHL,1888,1870_1889,271,563,563
bhl_117353,56557,BHL,1899,1890_1909,898,1200,2936
bhl_117356,13369,BHL,1854,1850_1869,29,141,141
bhl_117365,7862,BHL,1912,1910_1929,681,1200,2642
bhl_117367,56571,BHL,1920,1910_1929,245,689,689
bhl_117380,56583,BHL,1880,1870_1889,295,939,939
bhl_117384,56587,BHL,1897,1890_1909,281,703,703
bhl_117396,56598,BHL,1904,1890_1909,725,1200,2833
bhl_117401,56603,BHL,1885,1870_1889,90,197,197
bhl_117403,56605,BHL,1881,1870_1889,704,1200,1486
bhl_117404,56606,BHL,1889,1870_1889,304,688,688
bhl_117406,56607,BHL,1891,1890_1909,212,677,677
bhl_117411,56610,BHL,1896,1890_1909,445,1200,1247
bhl_117435,56632,BHL,1911,1910_1929,141,929,929
bhl_117438,56635,BHL,1897,1890_1909,488,1200,1289
bhl_117439,56636,BHL,1921,1910_1929,279,761,761
bhl_117446,56643,BHL,1910,1910_1929,211,428,428
bhl_117451,95239,BHL,1861,1850_1869,558,1200,1585
bhl_117454,56651,BHL,1915,1910_1929,390,1200,1321
bhl_117456,56653,BHL,1913,1910_1929,318,775,775
bhl_117464,56658,BHL,1904,1890_1909,446,1137,1137
bhl_117467,52028,BHL,1916,1910_1929,208,467,467
bhl_117469,56663,BHL,1922,1910_1929,22,45,45
bhl_117474,56666,BHL,1895,1890_1909,368,1200,1279
bhl_117482,56458,BHL,1909,1890_1909,440,914,914
bhl_117485,56676,BHL,1894,1890_1909,197,506,506
bhl_117504,56693,BHL,1886,1870_1889,1339,1200,2939
bhl_117507,54995,BHL,1897,1890_1909,159,294,294
bhl_117523,56710,BHL,1903,1890_1909,485,976,976
bhl_117526,56713,BHL,1911,1910_1929,439,1200,1551
bhl_117535,55095,BHL,1910,1910_1929,849,1200,1940
bhl_117537,56721,BHL,1903,1890_1909,669,1200,1721
bhl_117542,56726,BHL,1854,1850_1869,1963,1200,5672
bhl_117543,56727,BHL,1922,1910_1929,162,432,432
bhl_117571,56750,BHL,1916,1910_1929,455,975,975
bhl_117579,56757,BHL,1873,1870_1889,301,604,604
bhl_117580,56758,BHL,1897,1890_1909,551,1200,1565
bhl_117594,56768,BHL,1908,1890_1909,1060,1200,2867
bhl_117608,56781,BHL,1909,1890_1909,921,1200,1983
bhl_117611,56784,BHL,1874,1870_1889,851,1200,1899
bhl_117613,56786,BHL,1912,1910_1929,210,464,464
bhl_117645,56813,BHL,1921,1910_1929,216,375,375
bhl_117648,7998,BHL,1894,1890_1909,2132,1200,8420
bhl_117649,56817,BHL,1909,1890_1909,198,476,476
bhl_117662,56828,BHL,1910,1910_1929,651,1200,1732
bhl_117676,56839,BHL,1917,1910_1929,417,1038,1038
bhl_117686,56849,BHL,1907,1890_1909,16,74,74
bhl_117687,56850,BHL,1889,1870_1889,45,78,78
bhl_117693,56856,BHL,1880,1870_1889,219,504,504
bhl_117725,56880,BHL,1914,1910_1929,391,1130,1130
bhl_117752,56904,BHL,1913,1910_1929,137,239,239
bhl_117754,56906,BHL,1898,1890_1909,530,1200,1632
bhl_117756,56908,BHL,1886,1870_1889,914,1200,2188
bhl_117769,56920,BHL,1896,1890_1909,73,142,142
bhl_117775,56926,BHL,1896,1890_1909,855,1200,2412
bhl_117776,56927,BHL,1895,1890_1909,146,753,753
bhl_117777,56928,BHL,1905,1890_1909,20,80,80
bhl_117784,56933,BHL,1919,1910_1929,183,449,449
bhl_117788,56937,BHL,1913,1910_1929,474,1200,1712
bhl_117790,56939,BHL,1853,1850_1869,1626,1200,4284
bhl_117817,56605,BHL,1881,1870_1889,703,1200,1482
bhl_117821,56964,BHL,1860,1850_1869,434,1046,1046
bhl_117827,56969,BHL,1894,1890_1909,870,1200,2006
bhl_117845,56985,BHL,1900,1890_1909,554,1200,1282
bhl_117848,56988,BHL,1909,1890_1909,197,434,434
bhl_117851,56991,BHL,1917,1910_1929,303,658,658
bhl_117852,56992,BHL,1914,1910_1929,1282,1200,3290
bhl_117864,57002,BHL,1895,1890_1909,669,1200,1999
bhl_117867,57004,BHL,1870,1870_1889,338,1136,1136
bhl_117882,57018,BHL,1912,1910_1929,209,749,749
bhl_117888,57024,BHL,1911,1910_1929,547,1200,1956
bhl_117889,57025,BHL,1913,1910_1929,295,928,928
bhl_117922,57055,BHL,1882,1870_1889,122,637,637
bhl_117923,57056,BHL,1903,1890_1909,463,1200,1212
bhl_117927,57060,BHL,1899,1890_1909,383,1059,1059
bhl_117935,57068,BHL,1883,1870_1889,350,1200,1486
bhl_117941,57072,BHL,1888,1870_1889,354,961,961
bhl_117943,44117,BHL,1911,1910_1929,560,1173,1173
bhl_117946,57077,BHL,1874,1870_1889,211,778,778
bhl_117949,57079,BHL,1909,1890_1909,763,1200,2462
bhl_117957,57086,BHL,1922,1910_1929,372,829,829
bhl_117965,57094,BHL,1885,1870_1889,24,28,28
bhl_117972,57101,BHL,1916,1910_1929,233,661,661
bhl_117973,1042,BHL,1901,1890_1909,509,1200,1968
bhl_117975,12369,BHL,1906,1890_1909,288,672,672
bhl_117979,57108,BHL,1909,1890_1909,25,143,143
bhl_117985,57113,BHL,1913,1910_1929,228,755,755
bhl_117989,57116,BHL,1899,1890_1909,178,613,613
bhl_117993,57120,BHL,1904,1890_1909,222,507,507
bhl_117996,57122,BHL,1887,1870_1889,717,1200,1795
bhl_117999,57125,BHL,1904,1890_1909,88,142,142
bhl_118007,57131,BHL,1912,1910_1929,50,264,264
bhl_118016,55473,BHL,1908,1890_1909,158,525,525
bhl_118017,57139,BHL,1922,1910_1929,58,236,236
bhl_118033,57153,BHL,1880,1870_1889,387,791,791
bhl_118034,57154,BHL,1892,1890_1909,418,1000,1000
bhl_118037,57157,BHL,1905,1890_1909,649,1200,2191
bhl_118044,57160,BHL,1889,1870_1889,361,774,774
bhl_118045,57161,BHL,1913,1910_1929,169,429,429
bhl_118051,57166,BHL,1895,1890_1909,234,485,485
bhl_118052,55605,BHL,1888,1870_1889,186,420,420
bhl_118053,57167,BHL,1901,1890_1909,657,1200,2067
bhl_118056,56208,BHL,1889,1870_1889,441,1200,1542
bhl_118076,57187,BHL,1886,1870_1889,164,562,562
bhl_118078,57189,BHL,1900,1890_1909,551,1200,1253
bhl_118082,57191,BHL,1914,1910_1929,267,764,764
bhl_118090,13243,BHL,1859,1850_1869,173,537,537
bhl_118102,57209,BHL,1917,1910_1929,212,546,546
bhl_118104,57211,BHL,1917,1910_1929,546,1200,1942
bhl_118123,57230,BHL,1911,1910_1929,342,1200,1217
bhl_118126,57233,BHL,1922,1910_1929,182,743,743
bhl_118137,53953,BHL,1921,1910_1929,55,124,124
bhl_118144,57246,BHL,1920,1910_1929,157,379,379
bhl_118145,13851,BHL,1903,1890_1909,344,1200,1494
bhl_118164,57261,BHL,1910,1910_1929,172,308,308
bhl_118177,57271,BHL,1892,1890_1909,450,1200,1252
bhl_118181,57275,BHL,1884,1870_1889,660,1200,2572
bhl_118213,57302,BHL,1908,1890_1909,306,536,536
bhl_118216,57305,BHL,1914,1910_1929,532,1200,1356
bhl_118256,57333,BHL,1907,1890_1909,289,1186,1186
bhl_118257,57334,BHL,1896,1890_1909,264,458,458
bhl_118261,57337,BHL,1917,1910_1929,75,191,191
bhl_118262,57338,BHL,1905,1890_1909,177,929,929
bhl_118263,12092,BHL,1881,1870_1889,71,172,172
bhl_118265,57341,BHL,1897,1890_1909,150,435,435
bhl_118272,57342,BHL,1897,1890_1909,203,558,558
bhl_118279,57348,BHL,1900,1890_1909,407,1200,1219
bhl_118285,57354,BHL,1922,1910_1929,222,379,379
bhl_118299,54692,BHL,1920,1910_1929,217,854,854
bhl_118304,57370,BHL,1909,1890_1909,504,1200,1227
bhl_118305,57371,BHL,1911,1910_1929,569,1200,1873
bhl_118309,57375,BHL,1901,1890_1909,104,206,206
bhl_118311,57377,BHL,1915,1910_1929,214,369,369
bhl_118315,57380,BHL,1895,1890_1909,231,632,632
bhl_118318,57383,BHL,1901,1890_1909,111,240,240
bhl_118339,57403,BHL,1915,1910_1929,32,48,48
bhl_118345,57408,BHL,1919,1910_1929,232,566,566
bhl_118354,57416,BHL,1922,1910_1929,217,483,483
bhl_118357,57418,BHL,1902,1890_1909,767,1200,2294
bhl_118361,57421,BHL,1910,1910_1929,300,951,951
bhl_118365,57425,BHL,1891,1890_1909,185,843,843
bhl_118380,57439,BHL,1897,1890_1909,164,262,262
bhl_118396,57450,BHL,1896,1890_1909,24,138,138
bhl_118397,57451,BHL,1913,1910_1929,116,325,325
bhl_118398,53953,BHL,1915,1910_1929,140,324,324
bhl_118401,49381,BHL,1902,1890_1909,111,278,278
bhl_118402,54692,BHL,1920,1910_1929,214,622,622
bhl_118407,57458,BHL,1861,1850_1869,133,275,275
bhl_118417,57466,BHL,1897,1890_1909,271,967,967
bhl_118420,57469,BHL,1888,1870_1889,56,114,114
bhl_118424,55605,BHL,1886,1870_1889,85,172,172
bhl_118427,57474,BHL,1914,1910_1929,425,1200,1502
bhl_118435,11330,BHL,1882,1870_1889,629,1200,1473
bhl_118436,11790,BHL,1906,1890_1909,91,200,200
bhl_118437,57482,BHL,1905,1890_1909,423,852,852
bhl_118446,54995,BHL,1895,1890_1909,283,573,573
bhl_118457,57496,BHL,1885,1870_1889,326,935,935
bhl_118476,57511,BHL,1856,1850_1869,53,88,88
bhl_118481,57157,BHL,1905,1890_1909,628,1200,2185
bhl_118489,57521,BHL,1884,1870_1889,893,1200,2360
bhl_118493,53985,BHL,1919,1910_1929,818,1200,1881
bhl_118497,57528,BHL,1913,1910_1929,457,1200,1390
bhl_118510,57530,BHL,1879,1870_1889,451,1200,1530
bhl_118513,57533,BHL,1856,1850_1869,223,451,451
bhl_118516,57536,BHL,1866,1850_1869,911,1200,2294
bhl_118519,57539,BHL,1889,1870_1889,220,653,653
bhl_118535,57554,BHL,1914,1910_1929,130,302,302
bhl_118538,55473,BHL,1885,1870_1889,545,1200,1482
bhl_118543,57560,BHL,1892,1890_1909,123,368,368
bhl_118554,57271,BHL,1892,1890_1909,450,1200,1247
bhl_118558,57348,BHL,1900,1890_1909,412,1200,1278
bhl_118567,57578,BHL,1908,1890_1909,466,1200,1220
bhl_118568,57579,BHL,1906,1890_1909,256,998,998
bhl_118586,41835,BHL,1920,1910_1929,923,1200,2705
bhl_118596,8972,BHL,1921,1910_1929,627,1200,2142
bhl_118600,57608,BHL,1893,1890_1909,364,1034,1034
bhl_118601,57609,BHL,1902,1890_1909,187,880,880
bhl_118602,55793,BHL,1906,1890_1909,619,1200,2200
bhl_118610,57616,BHL,1900,1890_1909,66,391,391
bhl_118616,57622,BHL,1888,1870_1889,205,431,431
bhl_118662,57660,BHL,1909,1890_1909,1307,1200,3141
bhl_118667,57665,BHL,1899,1890_1909,462,1200,1878
bhl_118686,61822,BHL,1896,1890_1909,208,585,585
bhl_118690,57686,BHL,1917,1910_1929,107,186,186
bhl_118695,56458,BHL,1906,1890_1909,143,494,494
bhl_118702,57696,BHL,1890,1890_1909,682,1200,1819
bhl_118716,57709,BHL,1886,1870_1889,180,813,813
bhl_118717,11889,BHL,1901,1890_1909,480,1200,1367
bhl_118730,57721,BHL,1873,1870_1889,290,811,811
bhl_118741,57732,BHL,1906,1890_1909,614,1200,1867
bhl_118745,57736,BHL,1887,1870_1889,344,934,934
bhl_118749,57740,BHL,1879,1870_1889,464,1200,1268
bhl_118753,57744,BHL,1897,1890_1909,174,538,538
bhl_118758,57748,BHL,1913,1910_1929,399,1200,1518
bhl_118761,57750,BHL,1901,1890_1909,162,770,770
bhl_118776,7527,BHL,1905,1890_1909,302,1121,1121
bhl_118778,57762,BHL,1898,1890_1909,210,634,634
bhl_118783,57767,BHL,1917,1910_1929,406,1200,1549
bhl_118784,57768,BHL,1914,1910_1929,644,1200,1856
bhl_118785,57769,BHL,1909,1890_1909,622,1200,1280
bhl_118788,55335,BHL,1900,1890_1909,338,763,763
bhl_118791,55063,BHL,1888,1870_1889,863,1200,2786
bhl_118792,62918,BHL,1904,1890_1909,248,879,879
bhl_118793,58569,BHL,1886,1870_1889,304,706,706
bhl_118809,57788,BHL,1906,1890_1909,397,1200,1207
bhl_118812,57791,BHL,1864,1850_1869,504,1200,1489
bhl_118822,57800,BHL,1875,1870_1889,12,25,25
bhl_118838,57814,BHL,1907,1890_1909,130,403,403
bhl_118844,57820,BHL,1917,1910_1929,74,212,212
bhl_118853,57825,BHL,1886,1870_1889,260,1200,1350
bhl_118855,54676,BHL,1914,1910_1929,183,756,756
bhl_118861,57830,BHL,1871,1870_1889,635,1200,2141
bhl_118868,57835,BHL,1912,1910_1929,1961,1200,5090
bhl_118875,57841,BHL,1874,1870_1889,118,222,222
bhl_118877,57842,BHL,1903,1890_1909,369,865,865
bhl_118881,57846,BHL,1869,1850_1869,210,602,602
bhl_118886,57851,BHL,1890,1890_1909,25,148,148
bhl_118890,51920,BHL,1922,1910_1929,517,1200,2013
bhl_118893,57858,BHL,1916,1910_1929,117,307,307
bhl_118902,54692,BHL,1919,1910_1929,173,541,541
bhl_118929,57883,BHL,1825,1800_1829,362,1200,1782
bhl_119041,57940,BHL,1792,1750_1799,1010,1200,4529
bhl_119045,57942,BHL,1900,1890_1909,14,23,23
bhl_119348,64230,BHL,1895,1890_1909,20,43,43
bhl_119656,9136,BHL,1833,1830_1849,295,735,735
bhl_120133,48423,BHL,1905,1890_1909,773,1200,2266
bhl_120138,48423,BHL,1895,1890_1909,595,1200,3197
bhl_120532,58954,BHL,1883,1870_1889,145,344,344
bhl_120576,58980,BHL,1811,1800_1829,196,412,412
bhl_120958,59206,BHL,1834,1830_1849,65,197,197
bhl_121140,59327,BHL,1908,1890_1909,922,1200,2357
bhl_121267,59327,BHL,1902,1890_1909,1227,1200,3427
bhl_121269,59327,BHL,1904,1890_1909,1182,1200,3403
bhl_121270,59327,BHL,1906,1890_1909,1206,1200,3316
bhl_121271,59327,BHL,1905,1890_1909,1048,1200,2645
bhl_121390,59509,BHL,1843,1830_1849,297,738,738
bhl_121405,59512,BHL,1929,1910_1929,329,825,825
bhl_121502,59538,BHL,1844,1830_1849,108,553,553
bhl_121516,54742,BHL,1910,1910_1929,124,258,258
bhl_121554,59327,BHL,1907,1890_1909,1066,1200,2738
bhl_121762,59689,BHL,1863,1850_1869,9,15,15
bhl_122046,59817,BHL,1835,1830_1849,227,1182,1182
bhl_122050,59819,BHL,1886,1870_1889,163,557,557
bhl_122580,60182,BHL,1886,1870_1889,112,241,241
bhl_122919,60403,BHL,1802,1800_1829,39,77,77
bhl_122924,60404,BHL,1826,1800_1829,114,306,306
bhl_122927,60405,BHL,1855,1850_1869,314,885,885
bhl_122937,60409,BHL,1879,1870_1889,56,151,151
bhl_123170,60499,BHL,1870,1870_1889,491,1200,1757
bhl_123235,60525,BHL,1889,1870_1889,372,919,919
bhl_123691,53764,BHL,1844,1830_1849,58,216,216
bhl_123735,60821,BHL,1914,1910_1929,196,958,958
bhl_124543,61215,BHL,1868,1850_1869,735,1200,1838
bhl_124545,61215,BHL,1868,1850_1869,802,1200,1971
bhl_124546,14216,BHL,1838,1830_1849,380,922,922
bhl_124547,14216,BHL,1838,1830_1849,233,806,806
bhl_124548,14216,BHL,1838,1830_1849,393,1185,1185
bhl_124827,61406,BHL,1905,1890_1909,1293,1200,2825
bhl_124828,61407,BHL,1890,1890_1909,1315,1200,2835
bhl_124864,61420,BHL,1883,1870_1889,42,123,123
bhl_124866,61421,BHL,1909,1890_1909,722,1200,1721
bhl_124910,61439,BHL,1896,1890_1909,97,310,310
bhl_125013,15688,BHL,1910,1910_1929,258,681,681
bhl_125021,61507,BHL,1922,1910_1929,733,1200,2051
bhl_125043,61528,BHL,1902,1890_1909,225,561,561
bhl_125044,44007,BHL,1900,1890_1909,388,1194,1194
bhl_125045,61530,BHL,1910,1910_1929,330,1135,1135
bhl_125050,61535,BHL,1915,1910_1929,275,579,579
bhl_125494,61763,BHL,1929,1910_1929,53,122,122
bhl_126753,62320,BHL,1905,1890_1909,54,169,169
bhl_127293,62562,BHL,1918,1910_1929,33,63,63
bhl_127865,37018,BHL,1806,1800_1829,794,1200,3811
bhl_127868,62824,BHL,1827,1800_1829,68,256,256
bhl_128182,62930,BHL,1841,1830_1849,28,66,66
bhl_128207,62943,BHL,1899,1890_1909,20,40,40
bhl_128209,62944,BHL,1871,1870_1889,16,42,42
bhl_128286,62998,BHL,1853,1850_1869,107,275,275
bhl_130314,12369,BHL,1906,1890_1909,288,702,702
bhl_130386,64230,BHL,1892,1890_1909,9,9,9
bhl_130441,213848,BHL,1919,1910_1929,14,26,26
bhl_130553,64363,BHL,1811,1800_1829,108,597,597
bhl_130651,10416,BHL,1838,1830_1849,100,275,275
bhl_131537,64985,BHL,1786,1750_1799,133,363,363
bhl_131600,65016,BHL,1895,1890_1909,948,1200,3061
bhl_131766,65146,BHL,1822,1800_1829,30,76,76
bhl_132264,65519,BHL,1847,1830_1849,456,796,796
bhl_132529,65745,BHL,1822,1800_1829,524,1200,1432
bhl_132540,65745,BHL,1822,1800_1829,710,1200,2199
bhl_132570,65766,BHL,1770,1750_1799,3,3,3
bhl_132571,65767,BHL,1842,1830_1849,95,526,526
bhl_132576,65745,BHL,1822,1800_1829,549,1200,1785
bhl_132577,65745,BHL,1822,1800_1829,531,1200,1361
bhl_132647,65766,BHL,1770,1750_1799,221,499,499
bhl_132648,65766,BHL,1770,1750_1799,216,447,447
bhl_132651,48636,BHL,1819,1800_1829,456,969,969
bhl_132656,65766,BHL,1770,1750_1799,393,781,781
bhl_132660,65817,BHL,1842,1830_1849,128,377,377
bhl_132859,65988,BHL,1867,1850_1869,1646,1200,3824
bhl_132874,65995,BHL,1846,1830_1849,201,505,505
bhl_132900,66019,BHL,1816,1800_1829,278,1020,1020
bhl_132907,65995,BHL,1846,1830_1849,378,929,929
bhl_132912,66025,BHL,1889,1870_1889,558,1200,1411
bhl_132931,66041,BHL,1834,1830_1849,63,173,173
bhl_132941,66051,BHL,1858,1850_1869,241,507,507
bhl_132946,37810,BHL,1835,1830_1849,195,651,651
bhl_132950,66025,BHL,1889,1870_1889,530,1200,1659
bhl_132951,66025,BHL,1889,1870_1889,732,1200,2338
bhl_133378,66343,BHL,1803,1800_1829,63,100,100
bhl_133504,66447,BHL,1928,1910_1929,533,1200,1636
bhl_133841,64988,BHL,1836,1830_1849,408,1026,1026
bhl_134198,66881,BHL,1919,1910_1929,20,114,114
bhl_134207,66889,BHL,1912,1910_1929,425,978,978
bhl_134208,66889,BHL,1912,1910_1929,27,48,48
bhl_134211,66891,BHL,1899,1890_1909,21,43,43
bhl_134226,66905,BHL,1880,1870_1889,387,786,786
bhl_134234,66912,BHL,1918,1910_1929,278,631,631
bhl_134297,66964,BHL,1890,1890_1909,369,1047,1047
bhl_134321,66976,BHL,1897,1890_1909,416,1123,1123
bhl_134328,66964,BHL,1893,1890_1909,406,893,893
bhl_134331,66984,BHL,1892,1890_1909,367,907,907
bhl_134339,66991,BHL,1894,1890_1909,157,451,451
bhl_134342,66994,BHL,1885,1870_1889,358,1120,1120
bhl_134486,67094,BHL,1844,1830_1849,1989,1200,5125
bhl_135402,67706,BHL,1875,1870_1889,72,304,304
bhl_135417,67721,BHL,1854,1850_1869,449,1200,1526
bhl_135954,82303,BHL,1859,1850_1869,528,1200,1238
bhl_136741,10416,BHL,1838,1830_1849,132,417,417
bhl_137684,69239,BHL,1895,1890_1909,405,1045,1045
bhl_137685,69239,BHL,1895,1890_1909,395,1200,1356
bhl_137686,69240,BHL,1906,1890_1909,658,1200,2035
bhl_137806,27080,BHL,1898,1890_1909,163,413,413
bhl_137944,61477,BHL,1858,1850_1869,18,56,56
bhl_138456,69671,BHL,1874,1870_1889,195,530,530
bhl_139187,70088,BHL,1903,1890_1909,285,1091,1091
bhl_141387,70845,BHL,1849,1830_1849,33,87,87
bhl_147984,77308,BHL,1902,1890_1909,3,7,7
bhl_147985,77309,BHL,1905,1890_1909,5,13,13
bhl_147989,77312,BHL,1902,1890_1909,9,30,30
bhl_148009,77323,BHL,1903,1890_1909,33,82,82
bhl_148049,77344,BHL,1921,1910_1929,13,37,37
bhl_148161,77375,BHL,1877,1870_1889,933,1200,1947
bhl_148243,77375,BHL,1877,1870_1889,7,21,21
bhl_150878,79055,BHL,1893,1890_1909,398,1200,1368
bhl_151095,79164,BHL,1835,1830_1849,36,109,109
bhl_151113,79168,BHL,1857,1850_1869,334,826,826
bhl_152497,80009,BHL,1920,1910_1929,19,68,68
bhl_15508,917,BHL,1903,1890_1909,131,263,263
bhl_15510,919,BHL,1864,1850_1869,206,628,628
bhl_15519,927,BHL,1905,1890_1909,134,283,283
bhl_15522,927,BHL,1905,1890_1909,145,328,328
bhl_15533,927,BHL,1905,1890_1909,87,218,218
bhl_15537,941,BHL,1918,1910_1929,177,543,543
bhl_15542,946,BHL,1914,1910_1929,267,763,763
bhl_15544,948,BHL,1894,1890_1909,271,1010,1010
bhl_15554,957,BHL,1911,1910_1929,201,665,665
bhl_15556,959,BHL,1900,1890_1909,974,1200,2205
bhl_15613,57469,BHL,1888,1870_1889,59,123,123
bhl_15618,990,BHL,1866,1850_1869,1225,1200,2628
bhl_15619,991,BHL,1919,1910_1929,199,570,570
bhl_15620,54306,BHL,1912,1910_1929,438,1200,1483
bhl_15624,996,BHL,1885,1870_1889,321,954,954
bhl_156281,82382,BHL,1907,1890_1909,121,427,427
bhl_15634,1003,BHL,1885,1870_1889,460,911,911
bhl_15643,1006,BHL,1886,1870_1889,369,982,982
bhl_15644,1007,BHL,1922,1910_1929,74,184,184
bhl_15647,53985,BHL,1914,1910_1929,909,1200,2197
bhl_15653,61507,BHL,1922,1910_1929,748,1200,2115
bhl_15656,1016,BHL,1907,1890_1909,620,1200,1619
bhl_15658,1017,BHL,1913,1910_1929,384,942,942
bhl_15666,1021,BHL,1901,1890_1909,391,917,917
bhl_15671,1025,BHL,1860,1850_1869,130,327,327
bhl_15673,1027,BHL,1893,1890_1909,573,1200,1267
bhl_15674,1028,BHL,1913,1910_1929,139,688,688
bhl_15682,927,BHL,1905,1890_1909,176,407,407
bhl_15687,57371,BHL,1911,1910_1929,585,1200,1948
bhl_15690,1040,BHL,1921,1910_1929,167,280,280
bhl_15691,1041,BHL,1915,1910_1929,70,142,142
bhl_15692,1042,BHL,1901,1890_1909,512,1200,2014
bhl_15697,1046,BHL,1883,1870_1889,809,1200,2010
bhl_15698,1047,BHL,1907,1890_1909,267,722,722
bhl_15704,1052,BHL,1911,1910_1929,96,281,281
bhl_15705,57101,BHL,1916,1910_1929,231,656,656
bhl_15712,1056,BHL,1907,1890_1909,33,110,110
bhl_15713,1057,BHL,1909,1890_1909,324,777,777
bhl_15729,1071,BHL,1869,1850_1869,158,515,515
bhl_15734,1073,BHL,1909,1890_1909,250,682,682
bhl_15754,1087,BHL,1899,1890_1909,713,1200,1671
bhl_15795,1104,BHL,1882,1870_1889,71,296,296
bhl_15796,1105,BHL,1898,1890_1909,628,1200,2370
bhl_15806,1111,BHL,1874,1870_1889,198,819,819
bhl_15808,1073,BHL,1909,1890_1909,175,397,397
bhl_15840,53985,BHL,1914,1910_1929,923,1200,2225
bhl_15883,1134,BHL,1896,1890_1909,203,561,561
bhl_15886,1137,BHL,1897,1890_1909,629,1200,2088
bhl_159303,83722,BHL,1907,1890_1909,242,790,790
bhl_15949,8147,BHL,1893,1890_1909,404,890,890
bhl_15954,111654,BHL,1914,1910_1929,322,948,948
bhl_15962,1166,BHL,1904,1890_1909,416,1200,1535
bhl_15966,1169,BHL,1898,1890_1909,788,1200,2167
bhl_15971,12294,BHL,1891,1890_1909,691,1200,1832
bhl_15973,1176,BHL,1903,1890_1909,178,516,516
bhl_15975,1178,BHL,1859,1850_1869,144,334,334
bhl_15976,1179,BHL,1914,1910_1929,139,309,309
bhl_15978,1181,BHL,1917,1910_1929,128,411,411
bhl_15983,12294,BHL,1896,1890_1909,673,1200,1522
bhl_15985,1187,BHL,1879,1870_1889,272,665,665
bhl_15987,1189,BHL,1886,1870_1889,233,612,612
bhl_15988,1190,BHL,1886,1870_1889,325,1200,1419
bhl_15991,1193,BHL,1889,1870_1889,779,1200,3430
bhl_15992,1194,BHL,1884,1870_1889,382,1087,1087
bhl_15993,3747,BHL,1916,1910_1929,416,1083,1083
bhl_15995,1193,BHL,1889,1870_1889,497,1200,1943
bhl_15999,1199,BHL,1902,1890_1909,111,311,311
bhl_16001,55072,BHL,1911,1910_1929,294,889,889
bhl_16002,1202,BHL,1898,1890_1909,534,1200,1857
bhl_16003,1203,BHL,1906,1890_1909,135,207,207
bhl_16014,1209,BHL,1908,1890_1909,553,1200,1426
bhl_16050,34117,BHL,1916,1910_1929,226,614,614
bhl_16057,1105,BHL,1898,1890_1909,390,1098,1098
bhl_161293,84784,BHL,1846,1830_1849,23,68,68
bhl_16164,1318,BHL,1921,1910_1929,328,872,872
bhl_16168,1321,BHL,1910,1910_1929,126,370,370
bhl_16169,1322,BHL,1868,1850_1869,314,796,796
bhl_16170,1323,BHL,1884,1870_1889,703,1200,2251
bhl_16171,1324,BHL,1911,1910_1929,395,1109,1109
bhl_16185,1331,BHL,1911,1910_1929,174,367,367
bhl_16189,1335,BHL,1922,1910_1929,171,392,392
bhl_16193,1339,BHL,1907,1890_1909,550,1200,1570
bhl_16198,1343,BHL,1865,1850_1869,366,836,836
bhl_16199,1344,BHL,1920,1910_1929,292,769,769
bhl_162005,16625,BHL,1898,1890_1909,122,352,352
bhl_16204,17250,BHL,1894,1890_1909,850,1200,2187
bhl_16208,1351,BHL,1908,1890_1909,488,1153,1153
bhl_16218,56658,BHL,1904,1890_1909,444,1190,1190
bhl_16219,57025,BHL,1913,1910_1929,295,931,931
bhl_16221,1359,BHL,1905,1890_1909,533,1200,1259
bhl_16222,1360,BHL,1902,1890_1909,344,777,777
bhl_16231,1367,BHL,1912,1910_1929,142,354,354
bhl_16239,1372,BHL,1902,1890_1909,297,592,592
bhl_16245,3734,BHL,1893,1890_1909,28,41,41
bhl_16251,1344,BHL,1920,1910_1929,298,722,722
bhl_16257,1386,BHL,1914,1910_1929,36,85,85
bhl_16263,1390,BHL,1874,1870_1889,296,612,612
bhl_16265,1392,BHL,1901,1890_1909,408,1053,1053
bhl_16266,1393,BHL,1913,1910_1929,116,386,386
bhl_16269,1396,BHL,1912,1910_1929,129,393,393
bhl_162801,86010,BHL,1881,1870_1889,45,84,84
bhl_162802,86011,BHL,1894,1890_1909,85,175,175
bhl_16316,33932,BHL,1803,1800_1829,36,213,213
bhl_16317,1421,BHL,1914,1910_1929,405,1200,1625
bhl_163197,86332,BHL,1909,1890_1909,35,70,70
bhl_163215,86342,BHL,1911,1910_1929,164,399,399
bhl_163276,86358,BHL,1917,1910_1929,21,50,50
bhl_163284,86364,BHL,1896,1890_1909,14,38,38
bhl_163287,86367,BHL,1899,1890_1909,28,54,54
bhl_163289,86369,BHL,1900,1890_1909,5,6,6
bhl_16329,1429,BHL,1920,1910_1929,69,206,206
bhl_16348,1443,BHL,1904,1890_1909,213,736,736
bhl_16351,1445,BHL,1907,1890_1909,467,1035,1035
bhl_16356,1447,BHL,1910,1910_1929,95,148,148
bhl_16373,1461,BHL,1900,1890_1909,328,715,715
bhl_16378,55313,BHL,1917,1910_1929,159,327,327
bhl_16392,55436,BHL,1896,1890_1909,252,754,754
bhl_16393,55786,BHL,1921,1910_1929,597,1200,1381
bhl_16395,1478,BHL,1909,1890_1909,927,1200,1999
bhl_16411,12300,BHL,1886,1870_1889,1205,1200,3947
bhl_164141,87000,BHL,1811,1800_1829,53,131,131
bhl_164149,87000,BHL,1811,1800_1829,105,224,224
bhl_16436,1503,BHL,1919,1910_1929,177,431,431
bhl_16439,1505,BHL,1918,1910_1929,123,234,234
bhl_16455,1517,BHL,1913,1910_1929,291,704,704
bhl_16471,927,BHL,1905,1890_1909,54,126,126
bhl_16491,1543,BHL,1907,1890_1909,33,109,109
bhl_164935,57368,BHL,1909,1890_1909,396,1091,1091
bhl_16502,54569,BHL,1866,1850_1869,374,929,929
bhl_16504,1556,BHL,1912,1910_1929,578,1200,1370
bhl_16507,115671,BHL,1894,1890_1909,115,277,277
bhl_16520,990,BHL,1866,1850_1869,972,1200,2353
bhl_165210,87781,BHL,1838,1830_1849,126,597,597
bhl_165212,87783,BHL,1844,1830_1849,273,719,719
bhl_16525,1571,BHL,1907,1890_1909,220,512,512
bhl_16527,3771,BHL,1890,1890_1909,256,544,544
bhl_16528,1572,BHL,1893,1890_1909,113,273,273
bhl_16587,1602,BHL,1922,1910_1929,45,113,113
bhl_16588,1603,BHL,1913,1910_1929,600,1200,2059
bhl_16697,1667,BHL,1897,1890_1909,217,541,541
bhl_16698,1668,BHL,1896,1890_1909,217,539,539
bhl_16720,12293,BHL,1909,1890_1909,1052,1200,3431
bhl_16721,12293,BHL,1898,1890_1909,655,1200,1844
bhl_16725,8147,BHL,1890,1890_1909,371,1061,1061
bhl_16735,1675,BHL,1887,1870_1889,221,1152,1152
bhl_16738,1678,BHL,1910,1910_1929,874,1200,2031
bhl_16745,3738,BHL,1918,1910_1929,124,368,368
bhl_16750,1688,BHL,1920,1910_1929,423,1200,1352
bhl_16758,1693,BHL,1910,1910_1929,287,1028,1028
bhl_16760,1323,BHL,1884,1870_1889,416,1200,1605
bhl_16762,59948,BHL,1904,1890_1909,310,1096,1096
bhl_16763,1697,BHL,1880,1870_1889,666,1200,2022
bhl_16765,55971,BHL,1912,1910_1929,744,1200,2413
bhl_16767,12300,BHL,1885,1870_1889,1109,1200,2990
bhl_16768,1700,BHL,1920,1910_1929,1127,1200,2687
bhl_16777,1709,BHL,1897,1890_1909,257,1082,1082
bhl_16778,55280,BHL,1894,1890_1909,691,1200,1546
bhl_16781,1713,BHL,1888,1870_1889,374,1200,1354
bhl_16787,1717,BHL,1855,1850_1869,598,1200,1616
bhl_16789,1719,BHL,1903,1890_1909,667,1200,1767
bhl_16791,3733,BHL,1912,1910_1929,276,1138,1138
bhl_16800,1726,BHL,1881,1870_1889,70,112,112
bhl_16805,1731,BHL,1876,1870_1889,133,435,435
bhl_16806,1732,BHL,1906,1890_1909,174,762,762
bhl_16813,1737,BHL,1913,1910_1929,484,1200,1573
bhl_16816,1740,BHL,1871,1870_1889,22,46,46
bhl_16817,3846,BHL,1911,1910_1929,401,1196,1196
bhl_16818,1741,BHL,1865,1850_1869,457,1200,1964
bhl_16820,56089,BHL,1915,1910_1929,360,1200,1320
bhl_16821,1744,BHL,1887,1870_1889,752,1200,1866
bhl_16822,1745,BHL,1920,1910_1929,179,705,705
bhl_16823,1746,BHL,1921,1910_1929,912,1200,2415
bhl_16824,14607,BHL,1872,1870_1889,59,222,222
bhl_16827,1749,BHL,1875,1870_1889,281,1200,1303
bhl_16828,59921,BHL,1893,1890_1909,115,376,376
bhl_16830,1752,BHL,1906,1890_1909,924,1200,3098
bhl_16832,55512,BHL,1889,1870_1889,665,1200,2077
bhl_16836,1757,BHL,1858,1850_1869,480,1028,1028
bhl_16837,1758,BHL,1898,1890_1909,936,1200,2518
bhl_16838,1759,BHL,1917,1910_1929,472,1200,1509
bhl_16843,1763,BHL,1920,1910_1929,190,469,469
bhl_16844,1764,BHL,1910,1910_1929,180,536,536
bhl_16847,1767,BHL,1892,1890_1909,701,1200,2233
bhl_16848,1322,BHL,1868,1850_1869,10,13,13
bhl_16849,1768,BHL,1894,1890_1909,324,1002,1002
bhl_16851,1770,BHL,1889,1870_1889,232,802,802
bhl_16853,1746,BHL,1921,1910_1929,900,1200,2042
bhl_16854,1772,BHL,1912,1910_1929,105,402,402
bhl_16855,1773,BHL,1893,1890_1909,684,1200,2145
bhl_16856,1774,BHL,1912,1910_1929,573,1200,2256
bhl_16857,1775,BHL,1915,1910_1929,548,1200,1748
bhl_16858,1776,BHL,1897,1890_1909,808,1200,1864
bhl_16863,1776,BHL,1897,1890_1909,834,1200,2278
bhl_16865,1781,BHL,1872,1870_1889,409,1200,1740
bhl_16867,1783,BHL,1900,1890_1909,271,1200,1444
bhl_16873,3746,BHL,1892,1890_1909,716,1200,1642
bhl_16880,3845,BHL,1850,1850_1869,31,67,67
bhl_16888,55425,BHL,1892,1890_1909,275,820,820
bhl_16890,1795,BHL,1848,1830_1849,230,789,789
bhl_16892,1816,BHL,1853,1850_1869,244,780,780
bhl_16902,1802,BHL,1865,1850_1869,163,450,450
bhl_16914,39641,BHL,1850,1850_1869,351,985,985
bhl_16919,3756,BHL,1880,1870_1889,647,1200,1679
bhl_16921,1811,BHL,1885,1870_1889,651,1200,1692
bhl_16926,95694,BHL,1902,1890_1909,100,169,169
bhl_16927,1815,BHL,1885,1870_1889,756,1200,1721
bhl_16929,1816,BHL,1851,1850_1869,235,769,769
bhl_16951,1826,BHL,1870,1870_1889,521,1200,1445
bhl_16952,1827,BHL,1850,1850_1869,523,1200,1305
bhl_16956,1831,BHL,1859,1850_1869,465,1026,1026
bhl_16958,1832,BHL,1869,1850_1869,275,585,585
bhl_16960,1811,BHL,1885,1870_1889,944,1200,1997
bhl_17047,1858,BHL,1849,1830_1849,317,752,752
bhl_17053,3756,BHL,1880,1870_1889,658,1200,1654
bhl_17055,1811,BHL,1885,1870_1889,753,1200,1736
bhl_17083,1879,BHL,1902,1890_1909,140,348,348
bhl_17098,1889,BHL,1887,1870_1889,48,146,146
bhl_17099,1890,BHL,1910,1910_1929,119,362,362
bhl_17101,1891,BHL,1879,1870_1889,294,686,686
bhl_172892,95127,BHL,1830,1830_1849,25,85,85
bhl_173053,95239,BHL,1861,1850_1869,549,1200,1559
bhl_173311,95424,BHL,1883,1870_1889,43,90,90
bhl_174319,96198,BHL,1885,1870_1889,34,198,198
bhl_174325,64230,BHL,1892,1890_1909,39,81,81
bhl_17464,1927,BHL,1903,1890_1909,24,48,48
bhl_17482,1934,BHL,1922,1910_1929,322,1200,1214
bhl_175162,96956,BHL,1874,1870_1889,845,1200,1686
bhl_175484,97204,BHL,1808,1800_1829,92,278,278
bhl_175507,97204,BHL,1808,1800_1829,119,291,291
bhl_175511,97204,BHL,1808,1800_1829,162,420,420
bhl_175516,97204,BHL,1808,1800_1829,106,272,272
bhl_175518,97204,BHL,1808,1800_1829,107,248,248
bhl_175520,97204,BHL,1808,1800_1829,118,292,292
bhl_175530,97204,BHL,1808,1800_1829,168,400,400
bhl_175531,97204,BHL,1808,1800_1829,95,231,231
bhl_17565,4789,BHL,1846,1830_1849,183,492,492
bhl_175758,97204,BHL,1808,1800_1829,133,370,370
bhl_17605,57686,BHL,1917,1910_1929,104,181,181
bhl_176637,98164,BHL,1888,1870_1889,31,83,83
bhl_176948,98378,BHL,1896,1890_1909,158,455,455
bhl_176998,98397,BHL,1917,1910_1929,14,45,45
bhl_17705,1980,BHL,1911,1910_1929,282,556,556
bhl_177274,98554,BHL,1903,1890_1909,110,450,450
bhl_17742,41463,BHL,1831,1830_1849,698,1200,2368
bhl_17746,41463,BHL,1831,1830_1849,539,1200,1990
bhl_177983,99116,BHL,1857,1850_1869,411,959,959
bhl_178552,99586,BHL,1863,1850_1869,43,89,89
bhl_178589,99621,BHL,1870,1870_1889,828,1200,2758
bhl_178640,99672,BHL,1871,1870_1889,484,1200,1718
bhl_178943,99924,BHL,1899,1890_1909,6,19,19
bhl_178949,99930,BHL,1814,1800_1829,49,140,140
bhl_178951,99932,BHL,1875,1870_1889,369,1082,1082
bhl_178967,99930,BHL,1814,1800_1829,284,538,538
bhl_178968,99946,BHL,1868,1850_1869,306,785,785
bhl_179057,99946,BHL,1868,1850_1869,11,24,24
bhl_179070,100003,BHL,1882,1870_1889,771,1200,2279
bhl_17914,2010,BHL,1882,1870_1889,127,334,334
bhl_179163,100073,BHL,1839,1830_1849,109,268,268
bhl_179165,100075,BHL,1839,1830_1849,62,198,198
bhl_179201,100110,BHL,1853,1850_1869,6,10,10
bhl_179336,100224,BHL,1839,1830_1849,10,17,17
bhl_179341,100229,BHL,1906,1890_1909,77,216,216
bhl_179547,100403,BHL,1874,1870_1889,3,6,6
bhl_179570,99930,BHL,1814,1800_1829,32,169,169
bhl_179861,100631,BHL,1876,1870_1889,504,1200,1394
bhl_179924,1593,BHL,1824,1800_1829,201,665,665
bhl_180000,99930,BHL,1814,1800_1829,34,223,223
bhl_180002,100728,BHL,1879,1870_1889,877,1200,2926
bhl_180022,100738,BHL,1897,1890_1909,731,1200,2089
bhl_180032,100745,BHL,1892,1890_1909,594,1200,2655
bhl_180051,100754,BHL,1887,1870_1889,57,107,107
bhl_180052,100755,BHL,1889,1870_1889,668,1200,3285
bhl_180064,100755,BHL,1889,1870_1889,617,1200,3084
bhl_180065,100761,BHL,1886,1870_1889,370,947,947
bhl_180068,100745,BHL,1892,1890_1909,502,1200,2917
bhl_180150,100786,BHL,1892,1890_1909,316,636,636
bhl_180171,100793,BHL,1894,1890_1909,253,859,859
bhl_180173,100745,BHL,1892,1890_1909,597,1200,3125
bhl_180174,100738,BHL,1897,1890_1909,496,885,885
bhl_180177,100738,BHL,1897,1890_1909,682,1200,1705
bhl_180183,100797,BHL,1890,1890_1909,625,1200,3106
bhl_180282,100813,BHL,1880,1870_1889,214,515,515
bhl_180283,100814,BHL,1884,1870_1889,853,1200,1645
bhl_180329,100849,BHL,1836,1830_1849,53,132,132
bhl_180331,100851,BHL,1837,1830_1849,30,73,73
bhl_180353,100871,BHL,1889,1870_1889,111,216,216
bhl_180355,100872,BHL,1896,1890_1909,66,122,122
bhl_180400,100745,BHL,1892,1890_1909,612,1200,3382
bhl_180402,100814,BHL,1884,1870_1889,591,1200,1223
bhl_180615,101101,BHL,1885,1870_1889,536,1049,1049
bhl_18066,41463,BHL,1831,1830_1849,573,1200,2302
bhl_180669,100786,BHL,1892,1890_1909,662,1200,1460
bhl_180953,101407,BHL,1885,1870_1889,1110,1200,3709
bhl_181105,101478,BHL,1879,1870_1889,124,315,315
bhl_181193,101537,BHL,1885,1870_1889,315,971,971
bhl_181212,101554,BHL,1870,1870_1889,569,1200,1497
bhl_181266,101595,BHL,1888,1870_1889,80,143,143
bhl_18141,210584,BHL,1921,1910_1929,180,380,380
bhl_181448,101720,BHL,1834,1830_1849,98,272,272
bhl_181502,101746,BHL,1895,1890_1909,37,87,87
bhl_18154,2048,BHL,1908,1890_1909,14,30,30
bhl_181613,101795,BHL,1804,1800_1829,36,73,73
bhl_18162,2049,BHL,1888,1870_1889,176,598,598
bhl_181652,101823,BHL,1892,1890_1909,700,1200,1625
bhl_18167,2050,BHL,1910,1910_1929,51,122,122
bhl_181728,101877,BHL,1858,1850_1869,515,1200,1246
bhl_181774,101913,BHL,1858,1850_1869,46,67,67
bhl_18182,2052,BHL,1860,1850_1869,514,1175,1175
bhl_181822,101948,BHL,1819,1800_1829,6,9,9
bhl_181895,44848,BHL,1824,1800_1829,508,1200,1314
bhl_181953,101985,BHL,1883,1870_1889,101,261,261
bhl_181965,101987,BHL,1901,1890_1909,68,161,161
bhl_182167,102084,BHL,1867,1850_1869,577,1200,1346
bhl_182208,102120,BHL,1839,1830_1849,228,410,410
bhl_18223,10304,BHL,1891,1890_1909,431,1200,1295
bhl_18229,2063,BHL,1836,1830_1849,1031,1200,2596
bhl_182336,102216,BHL,1893,1890_1909,39,97,97
bhl_18237,210584,BHL,1917,1910_1929,220,522,522
bhl_182393,102272,BHL,1887,1870_1889,111,221,221
bhl_182426,102302,BHL,1859,1850_1869,1527,1200,4647
bhl_182897,102741,BHL,1821,1800_1829,85,311,311
bhl_182921,102754,BHL,1887,1870_1889,403,1200,1299
bhl_182934,102765,BHL,1878,1870_1889,1037,1200,3384
bhl_182939,102741,BHL,1821,1800_1829,78,184,184
bhl_182944,102741,BHL,1821,1800_1829,77,178,178
bhl_182949,102775,BHL,1870,1870_1889,599,1200,1326
bhl_18296,2068,BHL,1896,1890_1909,442,1186,1186
bhl_182981,102792,BHL,1871,1870_1889,1339,1200,2399
bhl_182983,102793,BHL,1874,1870_1889,139,362,362
bhl_183007,102817,BHL,1887,1870_1889,396,1200,1371
bhl_183022,102832,BHL,1823,1800_1829,589,1200,1571
bhl_183023,102833,BHL,1865,1850_1869,115,299,299
bhl_183035,102843,BHL,1896,1890_1909,285,591,591
bhl_183302,84784,BHL,1846,1830_1849,158,773,773
bhl_18339,33932,BHL,1800,1800_1829,33,146,146
bhl_183439,103110,BHL,1824,1800_1829,60,107,107
bhl_18344,2079,BHL,1842,1830_1849,60,89,89
bhl_183445,103115,BHL,1834,1830_1849,59,150,150
bhl_183449,103118,BHL,1859,1850_1869,6,21,21
bhl_183451,103120,BHL,1866,1850_1869,17,42,42
bhl_183477,103143,BHL,1857,1850_1869,167,362,362
bhl_18350,2079,BHL,1842,1830_1849,426,1200,2907
bhl_18357,33932,BHL,1802,1800_1829,34,163,163
bhl_18359,2079,BHL,1842,1830_1849,134,744,744
bhl_18362,2090,BHL,1887,1870_1889,757,1200,2010
bhl_18363,2079,BHL,1842,1830_1849,1,3,3
bhl_18364,2091,BHL,1803,1800_1829,482,840,840
bhl_18365,2092,BHL,1871,1870_1889,512,1200,1632
bhl_18366,2090,BHL,1887,1870_1889,782,1200,2077
bhl_18367,2093,BHL,1834,1830_1849,316,884,884
bhl_18368,61554,BHL,1902,1890_1909,367,1200,1826
bhl_18370,2095,BHL,1873,1870_1889,408,989,989
bhl_183724,103293,BHL,1879,1870_1889,904,1200,3012
bhl_18381,2100,BHL,1913,1910_1929,904,1200,2739
bhl_18387,2092,BHL,1871,1870_1889,428,1045,1045
bhl_18389,2079,BHL,1842,1830_1849,242,1200,1277
bhl_18398,2079,BHL,1842,1830_1849,78,292,292
bhl_18399,2106,BHL,1872,1870_1889,974,1200,2200
bhl_18401,2079,BHL,1842,1830_1849,615,1200,3050
bhl_18405,2109,BHL,1907,1890_1909,474,1182,1182
bhl_18416,2112,BHL,1872,1870_1889,408,986,986
bhl_184186,103700,BHL,1892,1890_1909,704,1200,1651
bhl_18419,2091,BHL,1803,1800_1829,659,1200,1234
bhl_18423,2079,BHL,1842,1830_1849,310,1200,1833
bhl_18424,2095,BHL,1873,1870_1889,497,1200,1544
bhl_184340,103821,BHL,1863,1850_1869,7,26,26
bhl_184354,102302,BHL,1859,1850_1869,1307,1200,3963
bhl_18454,11627,BHL,1902,1890_1909,187,542,542
bhl_184634,104056,BHL,1896,1890_1909,883,1200,2559
bhl_184638,104060,BHL,1884,1870_1889,31,60,60
bhl_18506,2129,BHL,1841,1830_1849,229,666,666
bhl_185132,171559,BHL,1823,1800_1829,305,738,738
bhl_185134,106307,BHL,1802,1800_1829,502,1200,1636
bhl_185169,104502,BHL,1816,1800_1829,545,1200,1824
bhl_185170,171559,BHL,1823,1800_1829,149,355,355
bhl_185175,171559,BHL,1823,1800_1829,255,1003,1003
bhl_185188,104519,BHL,1810,1800_1829,478,983,983
bhl_185201,104530,BHL,1812,1800_1829,282,869,869
bhl_18522,3766,BHL,1826,1800_1829,222,547,547
bhl_185366,104574,BHL,1812,1800_1829,162,1060,1060
bhl_185371,104579,BHL,1857,1850_1869,771,1200,1867
bhl_185384,104588,BHL,1871,1870_1889,912,1200,2316
bhl_185402,171559,BHL,1823,1800_1829,247,1038,1038
bhl_185409,104610,BHL,1810,1800_1829,524,1156,1156
bhl_185412,104612,BHL,1807,1800_1829,362,1200,1204
bhl_185419,171559,BHL,1823,1800_1829,204,496,496
bhl_185436,171559,BHL,1823,1800_1829,327,762,762
bhl_18545,2151,BHL,1874,1870_1889,258,565,565
bhl_185503,104695,BHL,1904,1890_1909,135,364,364
bhl_185504,104696,BHL,1902,1890_1909,136,370,370
bhl_185557,104725,BHL,1816,1800_1829,533,1200,1426
bhl_185578,171559,BHL,1823,1800_1829,280,845,845
bhl_185580,104741,BHL,1816,1800_1829,521,1200,1513
bhl_185621,104756,BHL,1871,1870_1889,3,7,7
bhl_185631,104756,BHL,1871,1870_1889,13,31,31
bhl_18569,2156,BHL,1828,1800_1829,816,1200,4126
bhl_18578,2158,BHL,1878,1870_1889,842,1200,2089
bhl_185906,104963,BHL,1895,1890_1909,843,1200,2856
bhl_185925,171559,BHL,1823,1800_1829,243,659,659
bhl_18593,2162,BHL,1889,1870_1889,1322,1200,3519
bhl_185932,104989,BHL,1892,1890_1909,749,1200,2603
bhl_185933,104990,BHL,1822,1800_1829,493,1074,1074
bhl_18597,2164,BHL,1895,1890_1909,1283,1200,5711
bhl_186102,105128,BHL,1910,1910_1929,556,1200,2139
bhl_186413,105343,BHL,1832,1830_1849,399,930,930
bhl_186435,105365,BHL,1864,1850_1869,282,854,854
bhl_186451,105381,BHL,1884,1870_1889,588,1200,1236
bhl_18655,2173,BHL,1872,1870_1889,23,69,69
bhl_186845,105633,BHL,1869,1850_1869,141,357,357
bhl_186850,105638,BHL,1884,1870_1889,849,1200,1675
bhl_186851,105639,BHL,1885,1870_1889,525,1200,1414
bhl_186867,105651,BHL,1887,1870_1889,323,1200,1459
bhl_187086,105744,BHL,1816,1800_1829,710,1200,2159
bhl_187201,105859,BHL,1812,1800_1829,357,1200,1319
bhl_187209,105867,BHL,1865,1850_1869,362,828,828
bhl_187211,105869,BHL,1895,1890_1909,304,573,573
bhl_187697,106307,BHL,1802,1800_1829,425,1200,1559
bhl_187864,106468,BHL,1889,1870_1889,1325,1200,3544
bhl_188133,106649,BHL,1812,1800_1829,393,1200,1348
bhl_188212,106688,BHL,1888,1870_1889,1346,1200,3587
bhl_188318,106755,BHL,1849,1830_1849,259,607,607
bhl_188445,106794,BHL,1871,1870_1889,486,1200,1746
bhl_188457,20384,BHL,1898,1890_1909,786,1200,2058
bhl_188500,106813,BHL,1845,1830_1849,318,641,641
bhl_188502,106815,BHL,1882,1870_1889,191,475,475
bhl_188504,106817,BHL,1845,1830_1849,260,490,490
bhl_188505,106818,BHL,1812,1800_1829,294,1124,1124
bhl_188516,106829,BHL,1835,1830_1849,35,71,71
bhl_188517,106830,BHL,1831,1830_1849,97,199,199
bhl_188532,106837,BHL,1828,1800_1829,47,82,82
bhl_188536,106841,BHL,1885,1870_1889,452,1200,1363
bhl_188537,106842,BHL,1862,1850_1869,90,297,297
bhl_188545,106845,BHL,1909,1890_1909,356,1113,1113
bhl_188592,106860,BHL,1815,1800_1829,73,178,178
bhl_188593,106860,BHL,1815,1800_1829,191,567,567
bhl_188594,106860,BHL,1815,1800_1829,100,282,282
bhl_188597,106862,BHL,1791,1750_1799,100,261,261
bhl_18865,11627,BHL,1905,1890_1909,271,721,721
bhl_188721,106945,BHL,1818,1800_1829,293,1108,1108
bhl_188726,106950,BHL,1878,1870_1889,823,1200,2025
bhl_188728,106952,BHL,1812,1800_1829,122,242,242
bhl_188748,106966,BHL,1881,1870_1889,310,818,818
bhl_188923,107131,BHL,1882,1870_1889,1320,1200,3589
bhl_189389,107488,BHL,1880,1870_1889,944,1200,2206
bhl_189392,107491,BHL,1849,1830_1849,303,728,728
bhl_189393,107492,BHL,1850,1850_1869,536,1200,1225
bhl_189399,107498,BHL,1812,1800_1829,125,196,196
bhl_189424,107523,BHL,1887,1870_1889,1146,1200,3807
bhl_189435,107534,BHL,1883,1870_1889,282,600,600
bhl_190675,108647,BHL,1827,1800_1829,81,262,262
bhl_190678,108650,BHL,1827,1800_1829,465,1046,1046
bhl_190679,108651,BHL,1827,1800_1829,483,1156,1156
bhl_190680,108652,BHL,1838,1830_1849,399,958,958
bhl_190710,108673,BHL,1907,1890_1909,32,141,141
bhl_191583,109386,BHL,1825,1800_1829,380,1200,1653
bhl_192253,109828,BHL,1881,1870_1889,112,253,253
bhl_192369,109904,BHL,1856,1850_1869,472,996,996
bhl_192372,109907,BHL,1845,1830_1849,325,646,646
bhl_192588,110040,BHL,1854,1850_1869,905,1200,1971
bhl_192830,110098,BHL,1794,1750_1799,91,262,262
bhl_192832,110099,BHL,1831,1830_1849,16,59,59
bhl_192837,110102,BHL,1889,1870_1889,386,1125,1125
bhl_193688,110427,BHL,1847,1830_1849,619,1083,1083
bhl_193689,110428,BHL,1855,1850_1869,1250,1200,2187
bhl_193690,110429,BHL,1858,1850_1869,128,207,207
bhl_193691,110430,BHL,1860,1850_1869,1725,1200,5003
bhl_193829,110551,BHL,1826,1800_1829,12,32,32
bhl_194065,110760,BHL,1861,1850_1869,256,555,555
bhl_194068,110763,BHL,1866,1850_1869,297,758,758
bhl_194069,110764,BHL,1866,1850_1869,255,577,577
bhl_194070,110765,BHL,1869,1850_1869,632,1200,1427
bhl_194072,110767,BHL,1870,1870_1889,9,30,30
bhl_194073,110768,BHL,1871,1870_1889,161,619,619
bhl_194120,110811,BHL,1841,1830_1849,1010,1200,1804
bhl_194155,110844,BHL,1838,1830_1849,447,857,857
bhl_194274,110932,BHL,1845,1830_1849,260,485,485
bhl_194277,110936,BHL,1793,1750_1799,286,1178,1178
bhl_194278,110936,BHL,1793,1750_1799,256,945,945
bhl_195035,111581,BHL,1895,1890_1909,128,321,321
bhl_195043,111589,BHL,1908,1890_1909,17,30,30
bhl_195060,111603,BHL,1882,1870_1889,751,1200,2246
bhl_195955,112230,BHL,1895,1890_1909,164,369,369
bhl_195971,112241,BHL,1896,1890_1909,531,1200,1851
bhl_196084,112297,BHL,1751,1750_1799,45,61,61
bhl_196207,112333,BHL,1890,1890_1909,314,991,991
bhl_196285,112375,BHL,1896,1890_1909,71,182,182
bhl_197034,112962,BHL,1863,1850_1869,87,229,229
bhl_197159,112962,BHL,1863,1850_1869,243,559,559
bhl_197165,112962,BHL,1863,1850_1869,170,377,377
bhl_197379,113210,BHL,1877,1870_1889,62,137,137
bhl_198106,113745,BHL,1751,1750_1799,47,68,68
bhl_198285,113846,BHL,1897,1890_1909,415,1200,1561
bhl_198287,113848,BHL,1827,1800_1829,475,1045,1045
bhl_198288,113849,BHL,1843,1830_1849,594,1198,1198
bhl_198289,113850,BHL,1846,1830_1849,639,1200,1528
bhl_198291,113852,BHL,1845,1830_1849,299,657,657
bhl_198292,113853,BHL,1845,1830_1849,331,654,654
bhl_198293,113854,BHL,1814,1800_1829,77,244,244
bhl_198295,113856,BHL,1851,1850_1869,540,1200,1509
bhl_198343,164031,BHL,1889,1870_1889,578,1200,3612
bhl_198377,16281,BHL,1840,1830_1849,1001,1200,1899
bhl_198378,113906,BHL,1806,1800_1829,315,886,886
bhl_19969,39976,BHL,1834,1830_1849,730,1200,2379
bhl_199728,114803,BHL,1827,1800_1829,475,1150,1150
bhl_199735,114810,BHL,1899,1890_1909,912,1200,3121
bhl_199738,114813,BHL,1892,1890_1909,464,1200,1286
bhl_199784,114859,BHL,1799,1750_1799,136,292,292
bhl_199792,114867,BHL,1789,1750_1799,596,1200,1207
bhl_199801,114876,BHL,1792,1750_1799,366,975,975
bhl_199814,16281,BHL,1840,1830_1849,51,238,238
bhl_199815,114890,BHL,1815,1800_1829,335,914,914
bhl_199818,114893,BHL,1806,1800_1829,304,847,847
bhl_199829,57696,BHL,1890,1890_1909,694,1200,1847
bhl_199832,29659,BHL,1889,1870_1889,306,682,682
bhl_199841,114909,BHL,1880,1870_1889,186,451,451
bhl_20020,2472,BHL,1889,1870_1889,728,1200,1507
bhl_20025,2473,BHL,1906,1890_1909,200,421,421
bhl_200358,115261,BHL,1913,1910_1929,91,227,227
bhl_20037,57533,BHL,1856,1850_1869,228,453,453
bhl_20043,2476,BHL,1835,1830_1849,1221,1200,2919
bhl_20045,2477,BHL,1921,1910_1929,127,504,504
bhl_20046,2478,BHL,1892,1890_1909,182,426,426
bhl_20054,2477,BHL,1922,1910_1929,115,486,486
bhl_200754,115528,BHL,1842,1830_1849,129,253,253
bhl_200769,115541,BHL,1899,1890_1909,348,544,544
bhl_200779,9889,BHL,1910,1910_1929,118,416,416
bhl_200798,115564,BHL,1797,1750_1799,57,134,134
bhl_200838,115598,BHL,1898,1890_1909,303,867,867
bhl_200860,115620,BHL,1860,1850_1869,549,1200,1270
bhl_200891,23952,BHL,1893,1890_1909,410,1175,1175
bhl_200894,66051,BHL,1858,1850_1869,244,523,523
bhl_200897,115652,BHL,1898,1890_1909,255,677,677
bhl_200917,115669,BHL,1815,1800_1829,8,20,20
bhl_200919,115671,BHL,1894,1890_1909,115,282,282
bhl_200931,115683,BHL,1846,1830_1849,601,1200,1209
bhl_20100,2490,BHL,1912,1910_1929,592,1200,1956
bhl_201008,153666,BHL,1758,1750_1799,263,755,755
bhl_201026,115744,BHL,1876,1870_1889,577,1200,1802
bhl_201048,115747,BHL,1895,1890_1909,275,845,845
bhl_201049,106307,BHL,1802,1800_1829,498,1200,1596
bhl_201080,115769,BHL,1894,1890_1909,156,412,412
bhl_201112,115788,BHL,1879,1870_1889,228,608,608
bhl_201199,115744,BHL,1876,1870_1889,535,1200,1462
bhl_201230,115840,BHL,1897,1890_1909,466,1200,1221
bhl_201261,115863,BHL,1867,1850_1869,12,29,29
bhl_201291,115874,BHL,1801,1800_1829,56,134,134
bhl_201302,56038,BHL,1894,1890_1909,224,901,901
bhl_201325,153666,BHL,1758,1750_1799,233,454,454
bhl_20133,2497,BHL,1916,1910_1929,52,171,171
bhl_201453,115982,BHL,1807,1800_1829,382,1104,1104
bhl_201462,115988,BHL,1883,1870_1889,110,179,179
bhl_201495,116018,BHL,1873,1870_1889,134,275,275
bhl_201523,116036,BHL,1893,1890_1909,227,691,691
bhl_201535,116046,BHL,1878,1870_1889,544,1200,1875
bhl_201536,116047,BHL,1837,1830_1849,230,974,974
bhl_201542,116052,BHL,1797,1750_1799,58,133,133
bhl_201567,8433,BHL,1857,1850_1869,518,1200,1418
bhl_201608,153666,BHL,1758,1750_1799,303,603,603
bhl_20177,2507,BHL,1890,1890_1909,814,1200,2251
bhl_202438,116595,BHL,1876,1870_1889,590,1200,1387
bhl_202530,116655,BHL,1860,1850_1869,442,1197,1197
bhl_202681,116753,BHL,1854,1850_1869,33,103,103
bhl_203122,117007,BHL,1912,1910_1929,4,9,9
bhl_204170,13969,BHL,1845,1830_1849,15,29,29
bhl_204461,117695,BHL,1803,1800_1829,59,172,172
bhl_204944,118057,BHL,1805,1800_1829,9,17,17
bhl_204969,118073,BHL,1805,1800_1829,16,31,31
bhl_205755,118563,BHL,1825,1800_1829,255,619,619
bhl_205764,118572,BHL,1878,1870_1889,60,192,192
bhl_205766,118574,BHL,1821,1800_1829,76,479,479
bhl_205775,118582,BHL,1799,1750_1799,321,868,868
bhl_205783,118590,BHL,1801,1800_1829,114,340,340
bhl_205809,118611,BHL,1848,1830_1849,514,969,969
bhl_206004,118650,BHL,1865,1850_1869,17,28,28
bhl_206011,118657,BHL,1873,1870_1889,104,247,247
bhl_206504,106307,BHL,1802,1800_1829,427,1200,1621
bhl_206554,99574,BHL,1868,1850_1869,684,1200,2040
bhl_206798,118872,BHL,1907,1890_1909,69,268,268
bhl_206834,118890,BHL,1914,1910_1929,108,418,418
bhl_206894,48423,BHL,1908,1890_1909,439,935,935
bhl_20692,2775,BHL,1920,1910_1929,248,749,749
bhl_207009,118970,BHL,1926,1910_1929,955,1200,1415
bhl_207066,118976,BHL,1906,1890_1909,31,90,90
bhl_207312,119051,BHL,1884,1870_1889,142,352,352
bhl_207328,27148,BHL,1892,1890_1909,134,418,418
bhl_207335,119063,BHL,1907,1890_1909,7,12,12
bhl_207344,119070,BHL,1911,1910_1929,236,788,788
bhl_207559,1241,BHL,1885,1870_1889,1543,1200,4196
bhl_207560,1241,BHL,1885,1870_1889,1396,1200,4565
bhl_207607,1241,BHL,1885,1870_1889,1484,1200,4443
bhl_207926,119225,BHL,1869,1850_1869,7,12,12
bhl_208426,119404,BHL,1875,1870_1889,91,329,329
bhl_208430,119407,BHL,1913,1910_1929,481,1200,1803
bhl_208550,119435,BHL,1905,1890_1909,1,1,1
bhl_209137,119693,BHL,1841,1830_1849,128,603,603
bhl_209152,119699,BHL,1809,1800_1829,77,244,244
bhl_209177,119710,BHL,1891,1890_1909,534,1025,1025
bhl_209505,119857,BHL,1895,1890_1909,474,964,964
bhl_209517,119864,BHL,1830,1830_1849,380,937,937
bhl_209774,119938,BHL,1857,1850_1869,335,860,860
bhl_209782,138591,BHL,1807,1800_1829,505,1200,1300
bhl_209797,138591,BHL,1807,1800_1829,272,485,485
bhl_209809,168314,BHL,1878,1870_1889,886,1200,2609
bhl_209964,120024,BHL,1868,1850_1869,671,1200,1954
bhl_209973,120028,BHL,1758,1750_1799,316,538,538
bhl_210012,120056,BHL,1804,1800_1829,99,390,390
bhl_210075,34177,BHL,1819,1800_1829,465,1200,1497
bhl_210084,120098,BHL,1838,1830_1849,121,478,478
bhl_210089,120101,BHL,1841,1830_1849,114,421,421
bhl_210090,120102,BHL,1875,1870_1889,368,946,946
bhl_210095,120105,BHL,1844,1830_1849,280,668,668
bhl_210129,108673,BHL,1907,1890_1909,31,158,158
bhl_210152,120141,BHL,1806,1800_1829,144,187,187
bhl_210198,120169,BHL,1849,1830_1849,47,129,129
bhl_210205,120176,BHL,1848,1830_1849,37,65,65
bhl_210496,10416,BHL,1849,1830_1849,319,843,843
bhl_210547,120442,BHL,1849,1830_1849,314,863,863
bhl_210586,10416,BHL,1849,1830_1849,168,456,456
bhl_210694,10416,BHL,1849,1830_1849,131,409,409
bhl_210695,120508,BHL,1849,1830_1849,105,309,309
bhl_21180,42270,BHL,1922,1910_1929,13,61,61
bhl_211924,121292,BHL,1871,1870_1889,901,1200,2465
bhl_212378,121533,BHL,1838,1830_1849,356,975,975
bhl_212979,14408,BHL,1834,1830_1849,62,212,212
bhl_21332,42270,BHL,1922,1910_1929,10,43,43
bhl_213836,122491,BHL,1870,1870_1889,627,1200,1776
bhl_214121,122700,BHL,1897,1890_1909,101,183,183
bhl_21428,42270,BHL,1922,1910_1929,12,38,38
bhl_214327,122843,BHL,1853,1850_1869,288,691,691
bhl_214351,122851,BHL,1852,1850_1869,161,441,441
bhl_214459,122364,BHL,1895,1890_1909,651,1200,2122
bhl_214592,122981,BHL,1893,1890_1909,544,1189,1189
bhl_214640,98554,BHL,1903,1890_1909,89,253,253
bhl_214676,122994,BHL,1920,1910_1929,115,366,366
bhl_214793,98554,BHL,1903,1890_1909,181,577,577
bhl_215223,123276,BHL,1838,1830_1849,28,68,68
bhl_215509,123032,BHL,1898,1890_1909,165,589,589
bhl_215510,123033,BHL,1918,1910_1929,31,91,91
bhl_215525,123045,BHL,1914,1910_1929,91,187,187
bhl_215548,123066,BHL,1923,1910_1929,5,15,15
bhl_215891,123276,BHL,1835,1830_1849,18,51,51
bhl_215892,123276,BHL,1835,1830_1849,22,46,46
bhl_216284,123818,BHL,1927,1910_1929,8,45,45
bhl_216989,124615,BHL,1844,1830_1849,480,1200,1610
bhl_217438,124925,BHL,1802,1800_1829,174,528,528
bhl_217529,124925,BHL,1802,1800_1829,155,457,457
bhl_218060,58835,BHL,1771,1750_1799,453,969,969
bhl_218379,125549,BHL,1791,1750_1799,469,1200,1394
bhl_219121,126233,BHL,1831,1830_1849,336,879,879
bhl_219195,126233,BHL,1831,1830_1849,295,825,825
bhl_219218,126233,BHL,1831,1830_1849,347,777,777
bhl_219223,126233,BHL,1831,1830_1849,470,1113,1113
bhl_219275,58835,BHL,1771,1750_1799,364,740,740
bhl_220516,134730,BHL,1910,1910_1929,369,1200,1242
bhl_220878,127456,BHL,1821,1800_1829,34,85,85
bhl_221712,127948,BHL,1835,1830_1849,137,326,326
bhl_221746,127948,BHL,1835,1830_1849,115,231,231
bhl_222632,128474,BHL,1888,1870_1889,77,329,329
bhl_223688,129151,BHL,1806,1800_1829,384,916,916
bhl_223689,129151,BHL,1806,1800_1829,793,1200,4158
bhl_223690,129151,BHL,1806,1800_1829,535,1200,3146
bhl_223691,129151,BHL,1806,1800_1829,140,275,275
bhl_223692,129151,BHL,1806,1800_1829,314,596,596
bhl_223693,129151,BHL,1806,1800_1829,629,1200,3734
bhl_223724,129151,BHL,1806,1800_1829,618,1200,4800
bhl_224658,129930,BHL,1887,1870_1889,253,471,471
bhl_225690,130754,BHL,1894,1890_1909,600,1200,1971
bhl_225834,130870,BHL,1836,1830_1849,365,1200,1891
bhl_225906,130754,BHL,1894,1890_1909,481,1200,1640
bhl_225917,130870,BHL,1836,1830_1849,406,1019,1019
bhl_226080,131022,BHL,1833,1830_1849,311,473,473
bhl_226107,131022,BHL,1833,1830_1849,351,814,814
bhl_226346,131022,BHL,1833,1830_1849,600,1200,2056
bhl_226746,131528,BHL,1835,1830_1849,169,456,456
bhl_226747,131528,BHL,1835,1830_1849,179,474,474
bhl_227225,131886,BHL,1869,1850_1869,349,767,767
bhl_227659,132236,BHL,1832,1830_1849,116,512,512
bhl_227703,132273,BHL,1825,1800_1829,262,562,562
bhl_227707,132277,BHL,1856,1850_1869,43,196,196
bhl_228367,39641,BHL,1850,1850_1869,348,986,986
bhl_228408,132812,BHL,1902,1890_1909,32,130,130
bhl_228432,132831,BHL,1816,1800_1829,67,311,311
bhl_228700,171558,BHL,1857,1850_1869,25,101,101
bhl_228743,132957,BHL,1871,1870_1889,80,306,306
bhl_229710,98554,BHL,1903,1890_1909,71,113,113
bhl_229843,133922,BHL,1899,1890_1909,579,1200,1893
bhl_229941,133986,BHL,1887,1870_1889,288,549,549
bhl_230861,134730,BHL,1910,1910_1929,248,805,805
bhl_230985,134833,BHL,1869,1850_1869,344,716,716
bhl_231490,135299,BHL,1859,1850_1869,609,1200,1623
bhl_231605,98554,BHL,1907,1890_1909,13,22,22
bhl_232812,136491,BHL,1883,1870_1889,19,29,29
bhl_233396,169837,BHL,1824,1800_1829,163,443,443
bhl_233397,169837,BHL,1824,1800_1829,133,323,323
bhl_234814,138291,BHL,1915,1910_1929,18,55,55
bhl_235203,138591,BHL,1807,1800_1829,266,475,475
bhl_235215,138591,BHL,1807,1800_1829,504,1200,1304
bhl_235656,138591,BHL,1807,1800_1829,493,1200,1351
bhl_235837,139052,BHL,1838,1830_1849,218,540,540
bhl_239832,141447,BHL,1873,1870_1889,58,107,107
bhl_24005,4801,BHL,1905,1890_1909,268,676,676
bhl_240562,141902,BHL,1892,1890_1909,278,817,817
bhl_24064,4820,BHL,1916,1910_1929,217,497,497
bhl_241743,142792,BHL,1806,1800_1829,595,1200,4818
bhl_242591,143338,BHL,1880,1870_1889,628,1200,2677
bhl_243634,5549,BHL,1865,1850_1869,553,1200,1939
bhl_243880,144326,BHL,1905,1890_1909,95,397,397
bhl_24524,4997,BHL,1842,1830_1849,98,286,286
bhl_24567,4997,BHL,1842,1830_1849,123,383,383
bhl_24584,5018,BHL,1888,1870_1889,49,187,187
bhl_245904,145944,BHL,1917,1910_1929,101,194,194
bhl_24665,5049,BHL,1888,1870_1889,76,332,332
bhl_24685,4997,BHL,1842,1830_1849,75,294,294
bhl_248827,147972,BHL,1824,1800_1829,175,395,395
bhl_24893,4997,BHL,1842,1830_1849,95,318,318
bhl_24927,4997,BHL,1842,1830_1849,107,353,353
bhl_249356,42255,BHL,1912,1910_1929,3,12,12
bhl_250965,149341,BHL,1830,1830_1849,284,762,762
bhl_250972,149347,BHL,1830,1830_1849,283,809,809
bhl_250978,64835,BHL,1815,1800_1829,234,1200,1217
bhl_251325,149604,BHL,1752,1750_1799,1453,1200,3093
bhl_251725,61923,BHL,1913,1910_1929,4007,1200,13876
bhl_252479,149955,BHL,1837,1830_1849,29,71,71
bhl_252569,149997,BHL,1771,1750_1799,291,534,534
bhl_252717,150060,BHL,1861,1850_1869,111,338,338
bhl_252810,150060,BHL,1867,1850_1869,79,252,252
bhl_252893,150147,BHL,1867,1850_1869,4,14,14
bhl_253279,150415,BHL,1889,1870_1889,177,969,969
bhl_253607,98554,BHL,1903,1890_1909,424,761,761
bhl_25404,12644,BHL,1877,1870_1889,187,397,397
bhl_254112,151045,BHL,1853,1850_1869,226,772,772
bhl_254145,151075,BHL,1900,1890_1909,13,32,32
bhl_254166,151091,BHL,1908,1890_1909,172,397,397
bhl_254198,98554,BHL,1903,1890_1909,244,682,682
bhl_25480,48521,BHL,1896,1890_1909,49,94,94
bhl_25482,15858,BHL,1882,1870_1889,57,212,212
bhl_255072,151789,BHL,1851,1850_1869,23,56,56
bhl_255207,24333,BHL,1857,1850_1869,83,189,189
bhl_256571,152648,BHL,1840,1830_1849,109,217,217
bhl_256878,152882,BHL,1910,1910_1929,28,44,44
bhl_257318,153157,BHL,1769,1750_1799,22,53,53
bhl_257461,153227,BHL,1912,1910_1929,15,38,38
bhl_257462,153228,BHL,1902,1890_1909,6,26,26
bhl_257499,153245,BHL,1913,1910_1929,8,29,29
bhl_257524,153262,BHL,1876,1870_1889,20,87,87
bhl_257537,168314,BHL,1879,1870_1889,19,34,34
bhl_257588,153295,BHL,1878,1870_1889,45,132,132
bhl_257589,168314,BHL,1878,1870_1889,16,19,19
bhl_25765,5484,BHL,1879,1870_1889,35,100,100
bhl_257961,153555,BHL,1901,1890_1909,33,37,37
bhl_259015,54569,BHL,1866,1850_1869,367,934,934
bhl_25925,5549,BHL,1865,1850_1869,542,1200,1889
bhl_259278,154504,BHL,1830,1830_1849,45,107,107
bhl_260132,155045,BHL,1866,1850_1869,69,129,129
bhl_260843,155443,BHL,1899,1890_1909,58,159,159
bhl_261417,155808,BHL,1766,1750_1799,270,959,959
bhl_261924,156201,BHL,1823,1800_1829,22,58,58
bhl_26201,5600,BHL,1885,1870_1889,38,153,153
bhl_262706,156640,BHL,1811,1800_1829,111,587,587
bhl_262929,156764,BHL,1849,1830_1849,651,1200,2293
bhl_263114,156860,BHL,1785,1750_1799,129,258,258
bhl_263349,156984,BHL,1833,1830_1849,119,230,230
bhl_263443,157030,BHL,1866,1850_1869,12,23,23
bhl_264295,6247,BHL,1875,1870_1889,143,553,553
bhl_264427,157772,BHL,1839,1830_1849,241,573,573
bhl_264434,157775,BHL,1883,1870_1889,280,879,879
bhl_265585,153666,BHL,1758,1750_1799,285,559,559
bhl_265827,158724,BHL,1902,1890_1909,91,279,279
bhl_265828,158725,BHL,1821,1800_1829,204,400,400
bhl_266696,159239,BHL,1788,1750_1799,23,102,102
bhl_26676,5761,BHL,1789,1750_1799,8,12,12
bhl_266862,159375,BHL,1908,1890_1909,50,92,92
bhl_266877,159380,BHL,1869,1850_1869,99,426,426
bhl_266907,159388,BHL,1859,1850_1869,308,1111,1111
bhl_266952,159403,BHL,1825,1800_1829,110,260,260
bhl_267077,159403,BHL,1828,1800_1829,97,288,288
bhl_267091,159403,BHL,1828,1800_1829,60,183,183
bhl_267093,159403,BHL,1833,1830_1849,136,328,328
bhl_267480,159585,BHL,1799,1750_1799,67,270,270
bhl_26753,5789,BHL,1824,1800_1829,211,419,419
bhl_267598,159664,BHL,1815,1800_1829,119,323,323
bhl_267965,159881,BHL,1842,1830_1849,913,1200,2679
bhl_268047,159911,BHL,1900,1890_1909,224,443,443
bhl_268756,12620,BHL,1901,1890_1909,919,1200,3255
bhl_268770,160224,BHL,1913,1910_1929,115,388,388
bhl_268829,123276,BHL,1835,1830_1849,87,176,176
bhl_270676,161764,BHL,1889,1870_1889,258,622,622
bhl_271206,45263,BHL,1902,1890_1909,527,1200,1811
bhl_272608,163142,BHL,1907,1890_1909,257,885,885
bhl_273119,67391,BHL,1914,1910_1929,441,936,936
bhl_273183,163574,BHL,1887,1870_1889,5,16,16
bhl_273339,163714,BHL,1882,1870_1889,28,53,53
bhl_273367,163727,BHL,1886,1870_1889,45,118,118
bhl_273374,163732,BHL,1895,1890_1909,12,29,29
bhl_273684,51841,BHL,1888,1870_1889,379,1117,1117
bhl_273705,164031,BHL,1889,1870_1889,601,1200,3811
bhl_273723,164031,BHL,1901,1890_1909,106,1200,1294
bhl_273733,164031,BHL,1895,1890_1909,377,1200,3095
bhl_273734,164031,BHL,1898,1890_1909,285,1200,3792
bhl_273763,164031,BHL,1905,1890_1909,133,1200,1467
bhl_273773,164080,BHL,1810,1800_1829,99,131,131
bhl_273993,164291,BHL,1843,1830_1849,146,344,344
bhl_276433,166220,BHL,1797,1750_1799,73,308,308
bhl_281920,169606,BHL,1814,1800_1829,371,913,913
bhl_281933,169615,BHL,1814,1800_1829,445,1031,1031
bhl_285144,172558,BHL,1861,1850_1869,99,374,374
bhl_286006,173224,BHL,1865,1850_1869,99,349,349
bhl_286269,9241,BHL,1923,1910_1929,754,1200,1720
bhl_287484,174245,BHL,1798,1750_1799,118,413,413
bhl_287909,174551,BHL,1906,1890_1909,85,297,297
bhl_287910,174551,BHL,1907,1890_1909,87,281,281
bhl_290909,176698,BHL,1798,1750_1799,113,415,415
bhl_290923,176712,BHL,1798,1750_1799,199,508,508
bhl_29649,6744,BHL,1899,1890_1909,108,631,631
bhl_296524,31910,BHL,1913,1910_1929,643,1200,2284
bhl_29969,6879,BHL,1851,1850_1869,279,752,752
bhl_299742,183921,BHL,1844,1830_1849,11,16,16
bhl_301273,185366,BHL,1925,1910_1929,209,487,487
bhl_303798,187776,BHL,1906,1890_1909,148,450,450
bhl_304442,188053,BHL,1821,1800_1829,15,34,34
bhl_310425,192847,BHL,1755,1750_1799,101,209,209
bhl_311907,193491,BHL,1758,1750_1799,1792,1200,4021
bhl_314210,17098,BHL,1905,1890_1909,303,932,932
bhl_314398,195273,BHL,1768,1750_1799,83,113,113
bhl_315258,195967,BHL,1901,1890_1909,23,66,66
bhl_315272,195980,BHL,1888,1870_1889,38,105,105
bhl_315643,196339,BHL,1897,1890_1909,15,35,35
bhl_315728,196420,BHL,1873,1870_1889,442,1200,1568
bhl_315964,158659,BHL,1899,1890_1909,10,29,29
bhl_316608,197073,BHL,1792,1750_1799,463,1016,1016
bhl_317171,197509,BHL,1850,1850_1869,90,191,191
bhl_317220,197554,BHL,1904,1890_1909,18,56,56
bhl_317296,197623,BHL,1887,1870_1889,23,67,67
bhl_317608,197833,BHL,1880,1870_1889,110,407,407
bhl_317617,197839,BHL,1835,1830_1849,362,1149,1149
bhl_317620,197842,BHL,1831,1830_1849,381,861,861
bhl_31786,7527,BHL,1905,1890_1909,306,1131,1131
bhl_317866,197349,BHL,1917,1910_1929,138,400,400
bhl_317874,197349,BHL,1916,1910_1929,225,599,599
bhl_317923,198024,BHL,1844,1830_1849,223,443,443
bhl_319520,199460,BHL,1903,1890_1909,14,129,129
bhl_319801,199159,BHL,1859,1850_1869,131,193,193
bhl_320406,200120,BHL,1840,1830_1849,383,820,820
bhl_321348,112962,BHL,1855,1850_1869,39,73,73
bhl_321356,200951,BHL,1813,1800_1829,5,17,17
bhl_321368,200951,BHL,1813,1800_1829,3,16,16
bhl_321369,200962,BHL,1804,1800_1829,86,307,307
bhl_321372,200951,BHL,1813,1800_1829,4,15,15
bhl_321373,200951,BHL,1813,1800_1829,4,19,19
bhl_321374,200964,BHL,1793,1750_1799,42,103,103
bhl_322049,199159,BHL,1859,1850_1869,47,75,75
bhl_325178,204225,BHL,1799,1750_1799,300,743,743
bhl_325377,204369,BHL,1835,1830_1849,357,1148,1148
bhl_325664,204617,BHL,1835,1830_1849,365,1155,1155
bhl_326038,56768,BHL,1908,1890_1909,1820,1200,4875
bhl_326179,205055,BHL,1903,1890_1909,30,91,91
bhl_329337,207796,BHL,1827,1800_1829,89,393,393
bhl_330468,208772,BHL,1890,1890_1909,819,1200,2161
bhl_334788,210985,BHL,1907,1890_1909,31,78,78
bhl_334977,211040,BHL,1845,1830_1849,130,399,399
bhl_335199,211073,BHL,1890,1890_1909,190,464,464
bhl_335629,211188,BHL,1859,1850_1869,537,1200,1209
bhl_336370,211507,BHL,1929,1910_1929,422,1086,1086
bhl_336452,39838,BHL,1843,1830_1849,575,1200,1222
bhl_336635,211569,BHL,1924,1910_1929,209,706,706
bhl_336648,211569,BHL,1925,1910_1929,234,836,836
bhl_336653,211569,BHL,1923,1910_1929,190,600,600
bhl_336715,211579,BHL,1845,1830_1849,3,3,3
bhl_338619,212394,BHL,1924,1910_1929,23,81,81
bhl_338651,212394,BHL,1828,1800_1829,42,159,159
bhl_338669,4628,BHL,1901,1890_1909,114,282,282
bhl_338670,212397,BHL,1920,1910_1929,173,403,403
bhl_338760,4628,BHL,1899,1890_1909,209,403,403
bhl_339114,212485,BHL,1868,1850_1869,36,85,85
bhl_339216,4628,BHL,1913,1910_1929,591,1200,1553
bhl_340072,40342,BHL,1869,1850_1869,24,111,111
bhl_341870,213399,BHL,1834,1830_1849,102,298,298
bhl_342103,213441,BHL,1865,1850_1869,30,64,64
bhl_342271,213484,BHL,1886,1870_1889,370,1033,1033
bhl_342280,213488,BHL,1906,1890_1909,21,42,42
bhl_347276,216768,BHL,1843,1830_1849,629,1200,1502
bhl_347280,216772,BHL,1843,1830_1849,637,1200,1493
bhl_347408,216863,BHL,1843,1830_1849,639,1200,1500
bhl_347896,217232,BHL,1846,1830_1849,536,1154,1154
bhl_348055,217312,BHL,1848,1830_1849,249,951,951
bhl_348380,217545,BHL,1915,1910_1929,42,86,86
bhl_348387,217550,BHL,1905,1890_1909,44,110,110
bhl_348389,217552,BHL,1910,1910_1929,29,56,56
bhl_349734,218555,BHL,1911,1910_1929,5,5,5
bhl_349919,217602,BHL,1817,1800_1829,6,7,7
bhl_350898,219435,BHL,1811,1800_1829,143,223,223
bhl_351311,219712,BHL,1842,1830_1849,99,522,522
bhl_351317,219716,BHL,1842,1830_1849,101,541,541
bhl_351740,220027,BHL,1755,1750_1799,101,239,239
bhl_352538,220493,BHL,1901,1890_1909,167,316,316
bhl_35330,100229,BHL,1906,1890_1909,81,225,225
bhl_37399,9109,BHL,1892,1890_1909,1697,1200,5139
bhl_37411,9118,BHL,1901,1890_1909,87,412,412
bhl_37455,9109,BHL,1895,1890_1909,1881,1200,5234
bhl_40112,9889,BHL,1910,1910_1929,111,400,400
bhl_41186,10351,BHL,1915,1910_1929,195,454,454
bhl_41452,10536,BHL,1857,1850_1869,252,653,653
bhl_41455,10539,BHL,1803,1800_1829,360,1010,1010
bhl_41514,35758,BHL,1895,1890_1909,322,871,871
bhl_41543,10416,BHL,1838,1830_1849,37,83,83
bhl_41545,10416,BHL,1838,1830_1849,43,143,143
bhl_41546,10416,BHL,1838,1830_1849,56,124,124
bhl_41781,10539,BHL,1803,1800_1829,300,707,707
bhl_41793,10714,BHL,1861,1850_1869,137,308,308
bhl_41818,10215,BHL,1903,1890_1909,207,573,573
bhl_41855,10215,BHL,1902,1890_1909,211,640,640
bhl_41866,10215,BHL,1901,1890_1909,216,533,533
bhl_41889,1603,BHL,1913,1910_1929,546,1200,1678
bhl_41893,10739,BHL,1918,1910_1929,822,1200,1768
bhl_42007,10788,BHL,1907,1890_1909,169,624,624
bhl_43722,11500,BHL,1922,1910_1929,164,923,923
bhl_44314,11771,BHL,1844,1830_1849,571,1200,1612
bhl_44316,11773,BHL,1868,1850_1869,60,421,421
bhl_44332,11785,BHL,1906,1890_1909,197,688,688
bhl_44334,57482,BHL,1905,1890_1909,427,843,843
bhl_44337,11790,BHL,1906,1890_1909,93,212,212
bhl_44504,11870,BHL,1894,1890_1909,263,888,888
bhl_44510,11875,BHL,1848,1830_1849,287,1033,1033
bhl_44511,11876,BHL,1848,1830_1849,289,1048,1048
bhl_44512,11875,BHL,1851,1850_1869,546,1200,1544
bhl_44516,11879,BHL,1884,1870_1889,359,1088,1088
bhl_44528,11889,BHL,1901,1890_1909,476,1200,1340
bhl_44558,11899,BHL,1888,1870_1889,47,199,199
bhl_44632,11930,BHL,1896,1890_1909,110,390,390
bhl_44982,12137,BHL,1837,1830_1849,8,8,8
bhl_44984,12139,BHL,1899,1890_1909,297,871,871
bhl_44990,12137,BHL,1837,1830_1849,520,1200,1546
bhl_45008,8027,BHL,1840,1830_1849,411,1200,1468
bhl_45908,12502,BHL,1849,1830_1849,686,1200,2430
bhl_46153,12644,BHL,1857,1850_1869,391,835,835
bhl_46159,12644,BHL,1857,1850_1869,932,1200,2266
bhl_47294,33932,BHL,1802,1800_1829,35,148,148
bhl_47306,33932,BHL,1803,1800_1829,42,205,205
bhl_47315,13203,BHL,1853,1850_1869,197,533,533
bhl_47622,13281,BHL,1921,1910_1929,247,834,834
bhl_47630,13286,BHL,1891,1890_1909,590,1200,1881
bhl_47631,13287,BHL,1890,1890_1909,80,161,161
bhl_47833,13361,BHL,1852,1850_1869,455,1155,1155
bhl_47856,13369,BHL,1854,1850_1869,30,141,141
bhl_47857,13370,BHL,1905,1890_1909,157,430,430
bhl_47940,55555,BHL,1919,1910_1929,85,320,320
bhl_47943,13405,BHL,1915,1910_1929,57,195,195
bhl_47949,13411,BHL,1879,1870_1889,211,503,503
bhl_47950,13412,BHL,1916,1910_1929,294,1072,1072
bhl_47968,13429,BHL,1833,1830_1849,61,144,144
bhl_47971,13432,BHL,1871,1870_1889,53,183,183
bhl_48006,10313,BHL,1754,1750_1799,318,555,555
bhl_48018,13452,BHL,1920,1910_1929,27,60,60
bhl_48182,13535,BHL,1892,1890_1909,885,1200,2169
bhl_48186,13539,BHL,1846,1830_1849,624,1200,1209
bhl_48216,57086,BHL,1922,1910_1929,372,821,821
bhl_48225,12300,BHL,1885,1870_1889,1131,1200,3057
bhl_48246,13575,BHL,1919,1910_1929,113,592,592
bhl_48260,13588,BHL,1905,1890_1909,281,900,900
bhl_48263,13590,BHL,1883,1870_1889,75,293,293
bhl_48267,13594,BHL,1884,1870_1889,248,539,539
bhl_48268,11876,BHL,1850,1850_1869,554,1200,1548
bhl_48286,13605,BHL,1872,1870_1889,546,1200,1610
bhl_48296,57106,BHL,1916,1910_1929,231,561,561
bhl_48300,13615,BHL,1892,1890_1909,267,921,921
bhl_48304,13618,BHL,1908,1890_1909,164,818,818
bhl_48305,13619,BHL,1880,1870_1889,184,461,461
bhl_48306,13620,BHL,1887,1870_1889,183,565,565
bhl_48320,13629,BHL,1877,1870_1889,767,1200,2549
bhl_48323,13630,BHL,1866,1850_1869,239,813,813
bhl_48327,13634,BHL,1898,1890_1909,203,704,704
bhl_48337,13639,BHL,1916,1910_1929,63,193,193
bhl_48342,13643,BHL,1881,1870_1889,1119,1200,3928
bhl_48344,13645,BHL,1918,1910_1929,341,1078,1078
bhl_48351,13652,BHL,1868,1850_1869,186,700,700
bhl_48403,1811,BHL,1885,1870_1889,47,127,127
bhl_48536,13735,BHL,1842,1830_1849,747,1200,3656
bhl_48557,13754,BHL,1906,1890_1909,236,561,561
bhl_48569,13765,BHL,1851,1850_1869,146,475,475
bhl_48571,13767,BHL,1845,1830_1849,308,681,681
bhl_48575,13770,BHL,1889,1870_1889,5,29,29
bhl_48579,11387,BHL,1911,1910_1929,396,1200,1234
bhl_48608,13790,BHL,1866,1850_1869,62,187,187
bhl_48703,13824,BHL,1910,1910_1929,48,129,129
bhl_48714,11500,BHL,1921,1910_1929,168,926,926
bhl_48728,13836,BHL,1858,1850_1869,118,399,399
bhl_48788,13851,BHL,1903,1890_1909,343,1200,1494
bhl_48790,42255,BHL,1916,1910_1929,212,770,770
bhl_48815,13866,BHL,1883,1870_1889,145,465,465
bhl_48831,13870,BHL,1877,1870_1889,48,94,94
bhl_48890,13888,BHL,1902,1890_1909,161,412,412
bhl_48894,13890,BHL,1877,1870_1889,490,1200,1286
bhl_48896,13892,BHL,1921,1910_1929,403,1200,1621
bhl_48898,13893,BHL,1917,1910_1929,33,99,99
bhl_48914,13899,BHL,1903,1890_1909,177,466,466
bhl_48927,13370,BHL,1905,1890_1909,148,419,419
bhl_48929,13870,BHL,1874,1870_1889,48,82,82
bhl_48932,13905,BHL,1894,1890_1909,12,48,48
bhl_48935,13870,BHL,1879,1870_1889,37,74,74
bhl_48937,40362,BHL,1911,1910_1929,297,887,887
bhl_48942,61554,BHL,1900,1890_1909,747,1200,2232
bhl_48943,14833,BHL,1901,1890_1909,180,342,342
bhl_48945,69671,BHL,1865,1850_1869,421,1200,1258
bhl_48947,13917,BHL,1860,1850_1869,408,1050,1050
bhl_49045,32861,BHL,1893,1890_1909,269,765,765
bhl_49048,13961,BHL,1914,1910_1929,176,460,460
bhl_49053,13965,BHL,1873,1870_1889,181,1125,1125
bhl_49054,13966,BHL,1875,1870_1889,220,592,592
bhl_49056,13968,BHL,1854,1850_1869,29,85,85
bhl_49057,13969,BHL,1867,1850_1869,193,634,634
bhl_49068,13973,BHL,1899,1890_1909,17,48,48
bhl_49070,13974,BHL,1880,1870_1889,45,194,194
bhl_49081,13981,BHL,1895,1890_1909,87,220,220
bhl_49265,14050,BHL,1892,1890_1909,378,834,834
bhl_49267,12187,BHL,1923,1910_1929,272,706,706
bhl_49345,14075,BHL,1858,1850_1869,23,44,44
bhl_49350,14076,BHL,1894,1890_1909,157,618,618
bhl_49351,14077,BHL,1874,1870_1889,336,827,827
bhl_49375,14083,BHL,1892,1890_1909,108,323,323
bhl_49447,14123,BHL,1906,1890_1909,175,684,684
bhl_49448,14124,BHL,1910,1910_1929,62,170,170
bhl_49455,14129,BHL,1909,1890_1909,34,106,106
bhl_49464,14138,BHL,1909,1890_1909,13,76,76
bhl_49465,14139,BHL,1910,1910_1929,306,1148,1148
bhl_49470,14142,BHL,1888,1870_1889,64,205,205
bhl_49480,14123,BHL,1905,1890_1909,227,918,918
bhl_49481,14123,BHL,1896,1890_1909,208,1200,2280
bhl_49486,14151,BHL,1903,1890_1909,77,383,383
bhl_49552,14123,BHL,1900,1890_1909,357,1200,1499
bhl_49567,48423,BHL,1912,1910_1929,861,1200,2074
bhl_49571,14123,BHL,1902,1890_1909,304,1190,1190
bhl_49572,14178,BHL,1909,1890_1909,369,1200,1891
bhl_49573,14123,BHL,1912,1910_1929,349,1200,1412
bhl_49577,14180,BHL,1883,1870_1889,361,1200,1486
bhl_49579,14123,BHL,1905,1890_1909,303,1200,1299
bhl_49591,1187,BHL,1879,1870_1889,212,600,600
bhl_49596,7986,BHL,1878,1870_1889,2127,1200,5670
bhl_49615,7998,BHL,1896,1890_1909,2158,1200,8176
bhl_49648,14205,BHL,1880,1870_1889,111,427,427
bhl_49675,14216,BHL,1842,1830_1849,68,205,205
bhl_49676,14216,BHL,1841,1830_1849,234,781,781
bhl_49679,14216,BHL,1842,1830_1849,334,974,974
bhl_49681,14220,BHL,1895,1890_1909,569,1200,1287
bhl_49758,14252,BHL,1882,1870_1889,309,728,728
bhl_49903,14283,BHL,1872,1870_1889,123,448,448
bhl_50068,14318,BHL,1881,1870_1889,195,582,582
bhl_50136,14180,BHL,1881,1870_1889,312,1200,1266
bhl_50147,13286,BHL,1891,1890_1909,476,1200,1602
bhl_50297,14392,BHL,1910,1910_1929,256,835,835
bhl_50318,14408,BHL,1823,1800_1829,108,328,328
bhl_50320,14408,BHL,1818,1800_1829,107,316,316
bhl_50322,14410,BHL,1857,1850_1869,220,823,823
bhl_50332,14420,BHL,1844,1830_1849,61,151,151
bhl_50335,14423,BHL,1890,1890_1909,614,1129,1129
bhl_50337,14423,BHL,1891,1890_1909,794,1200,1635
bhl_50339,14408,BHL,1829,1800_1829,156,498,498
bhl_50341,14408,BHL,1818,1800_1829,173,422,422
bhl_50345,14408,BHL,1812,1800_1829,180,592,592
bhl_50346,14423,BHL,1888,1870_1889,636,1191,1191
bhl_50348,14423,BHL,1889,1870_1889,599,1200,1214
bhl_50351,14408,BHL,1834,1830_1849,91,261,261
bhl_50366,14408,BHL,1823,1800_1829,99,287,287
bhl_50410,14469,BHL,1880,1870_1889,356,1008,1008
bhl_50428,14486,BHL,1912,1910_1929,152,522,522
bhl_50449,14507,BHL,1890,1890_1909,497,1200,1501
bhl_50454,14511,BHL,1871,1870_1889,60,414,414
bhl_50460,7886,BHL,1920,1910_1929,555,1200,5102
bhl_50464,14521,BHL,1895,1890_1909,948,1200,2729
bhl_50476,14526,BHL,1895,1890_1909,319,676,676
bhl_50512,14535,BHL,1915,1910_1929,282,1200,1212
bhl_50513,14536,BHL,1889,1870_1889,586,1200,1459
bhl_50517,14539,BHL,1905,1890_1909,375,954,954
bhl_50539,14559,BHL,1902,1890_1909,278,681,681
bhl_50561,14573,BHL,1825,1800_1829,160,353,353
bhl_50572,14580,BHL,1875,1870_1889,262,948,948
bhl_50608,14593,BHL,1893,1890_1909,369,1035,1035
bhl_50662,14607,BHL,1872,1870_1889,56,212,212
bhl_50669,14610,BHL,1901,1890_1909,43,228,228
bhl_50682,14620,BHL,1919,1910_1929,69,444,444
bhl_50686,14624,BHL,1903,1890_1909,455,1200,1703
bhl_51043,13870,BHL,1875,1870_1889,31,64,64
bhl_51044,13870,BHL,1876,1870_1889,45,69,69
bhl_51046,13870,BHL,1876,1870_1889,33,70,70
bhl_51070,14712,BHL,1893,1890_1909,77,159,159
bhl_51204,14754,BHL,1884,1870_1889,15,27,27
bhl_51205,14755,BHL,1886,1870_1889,24,51,51
bhl_51206,14756,BHL,1880,1870_1889,376,1200,1238
bhl_51224,14762,BHL,1870,1870_1889,4,7,7
bhl_51244,14766,BHL,1843,1830_1849,288,821,821
bhl_51307,14774,BHL,1888,1870_1889,680,1200,1973
bhl_51312,14779,BHL,1831,1830_1849,305,737,737
bhl_51365,14816,BHL,1819,1800_1829,158,386,386
bhl_51366,55089,BHL,1905,1890_1909,214,592,592
bhl_51380,14831,BHL,1871,1870_1889,184,384,384
bhl_51382,14833,BHL,1901,1890_1909,181,340,340
bhl_51384,58585,BHL,1915,1910_1929,722,1200,2113
bhl_51400,14851,BHL,1914,1910_1929,492,1200,1376
bhl_51460,14892,BHL,1882,1870_1889,31,129,129
bhl_51554,14943,BHL,1903,1890_1909,355,1090,1090
bhl_51556,14945,BHL,1875,1870_1889,175,337,337
bhl_51560,14948,BHL,1896,1890_1909,269,763,763
bhl_51564,14952,BHL,1879,1870_1889,472,1200,1757
bhl_51570,14957,BHL,1843,1830_1849,367,1200,1757
bhl_51574,14959,BHL,1876,1870_1889,565,1200,1588
bhl_51615,14967,BHL,1919,1910_1929,93,489,489
bhl_51636,14981,BHL,1898,1890_1909,302,858,858
bhl_51637,14982,BHL,1909,1890_1909,478,1200,1480
bhl_51723,15031,BHL,1909,1890_1909,29,51,51
bhl_51725,15033,BHL,1899,1890_1909,40,78,78
bhl_51726,15034,BHL,1892,1890_1909,358,1200,1543
bhl_51752,15051,BHL,1865,1850_1869,178,405,405
bhl_51797,15086,BHL,1878,1870_1889,98,212,212
bhl_51802,15089,BHL,1884,1870_1889,739,1200,2486
bhl_51808,15093,BHL,1914,1910_1929,105,496,496
bhl_51817,15100,BHL,1877,1870_1889,80,257,257
bhl_51873,15051,BHL,1859,1850_1869,78,164,164
bhl_51874,15051,BHL,1859,1850_1869,52,153,153
bhl_51877,15051,BHL,1858,1850_1869,119,270,270
bhl_51921,15162,BHL,1889,1870_1889,441,1200,2013
bhl_51953,15191,BHL,1894,1890_1909,9,43,43
bhl_51974,15206,BHL,1874,1870_1889,450,1200,1853
bhl_52067,15229,BHL,1862,1850_1869,1645,1200,4663
bhl_52100,3956,BHL,1880,1870_1889,372,947,947
bhl_52114,15243,BHL,1874,1870_1889,332,696,696
bhl_52144,15269,BHL,1890,1890_1909,9,22,22
bhl_52149,15274,BHL,1824,1800_1829,447,856,856
bhl_52226,15297,BHL,1895,1890_1909,247,479,479
bhl_52243,15304,BHL,1900,1890_1909,258,801,801
bhl_52245,15306,BHL,1869,1850_1869,816,1200,2416
bhl_52287,15319,BHL,1911,1910_1929,31,102,102
bhl_52288,15320,BHL,1908,1890_1909,675,1200,1707
bhl_52332,15331,BHL,1913,1910_1929,235,706,706
bhl_52623,15455,BHL,1869,1850_1869,301,623,623
bhl_52728,15162,BHL,1885,1870_1889,498,1200,1862
bhl_52916,15604,BHL,1901,1890_1909,114,232,232
bhl_53027,15677,BHL,1917,1910_1929,187,639,639
bhl_53034,15229,BHL,1859,1850_1869,1698,1200,4547
bhl_53044,15688,BHL,1910,1910_1929,262,671,671
bhl_53160,176365,BHL,1849,1830_1849,330,905,905
bhl_53180,15731,BHL,1909,1890_1909,58,177,177
bhl_53216,15746,BHL,1901,1890_1909,442,1200,1344
bhl_53222,15752,BHL,1897,1890_1909,581,1200,2079
bhl_53268,15769,BHL,1874,1870_1889,700,1200,1669
bhl_53326,15782,BHL,1908,1890_1909,323,677,677
bhl_53554,15841,BHL,1913,1910_1929,511,1200,1553
bhl_53744,49605,BHL,1909,1890_1909,427,1023,1023
bhl_53839,15908,BHL,1921,1910_1929,461,1200,1673
bhl_53862,15918,BHL,1904,1890_1909,29,82,82
bhl_53957,46703,BHL,1882,1870_1889,778,1200,1677
bhl_54015,15974,BHL,1893,1890_1909,179,430,430
bhl_54051,15996,BHL,1841,1830_1849,159,470,470
bhl_54054,15999,BHL,1855,1850_1869,106,229,229
bhl_54055,16000,BHL,1831,1830_1849,35,77,77
bhl_54061,15996,BHL,1842,1830_1849,292,714,714
bhl_54079,16007,BHL,1815,1800_1829,108,503,503
bhl_54167,11627,BHL,1908,1890_1909,220,608,608
bhl_54179,16030,BHL,1816,1800_1829,65,318,318
bhl_54184,16033,BHL,1896,1890_1909,202,466,466
bhl_54210,16045,BHL,1846,1830_1849,231,642,642
bhl_54211,16046,BHL,1860,1850_1869,566,1200,1724
bhl_54233,16033,BHL,1895,1890_1909,367,853,853
bhl_54278,16061,BHL,1834,1830_1849,151,357,357
bhl_54279,16062,BHL,1823,1800_1829,142,427,427
bhl_54308,16077,BHL,1853,1850_1869,164,415,415
bhl_54472,8131,BHL,1828,1800_1829,714,1200,2261
bhl_54480,12644,BHL,1860,1850_1869,528,1072,1072
bhl_54488,16121,BHL,1881,1870_1889,21,55,55
bhl_54491,16124,BHL,1878,1870_1889,36,147,147
bhl_54495,16128,BHL,1882,1870_1889,80,125,125
bhl_54498,16131,BHL,1875,1870_1889,24,71,71
bhl_54507,16137,BHL,1907,1890_1909,384,1059,1059
bhl_54510,12644,BHL,1862,1850_1869,497,900,900
bhl_54559,16157,BHL,1839,1830_1849,105,775,775
bhl_54560,16158,BHL,1845,1830_1849,108,769,769
bhl_54561,16159,BHL,1820,1800_1829,100,254,254
bhl_54563,16160,BHL,1822,1800_1829,102,342,342
bhl_54565,16161,BHL,1831,1830_1849,96,488,488
bhl_54567,16163,BHL,1825,1800_1829,90,395,395
bhl_54569,16164,BHL,1827,1800_1829,89,391,391
bhl_54603,16178,BHL,1898,1890_1909,915,1200,3429
bhl_54618,16184,BHL,1859,1850_1869,99,187,187
bhl_54699,16203,BHL,1868,1850_1869,365,820,820
bhl_54797,55012,BHL,1881,1870_1889,121,334,334
bhl_54876,16241,BHL,1915,1910_1929,366,1024,1024
bhl_54885,16245,BHL,1905,1890_1909,36,80,80
bhl_54891,16247,BHL,1843,1830_1849,263,854,854
bhl_55014,16281,BHL,1840,1830_1849,992,1200,1920
bhl_55090,16294,BHL,1880,1870_1889,611,1200,2608
bhl_55115,16323,BHL,1896,1890_1909,353,927,927
bhl_55137,16330,BHL,1873,1870_1889,356,729,729
bhl_55151,16333,BHL,1903,1890_1909,280,654,654
bhl_55171,16339,BHL,1873,1870_1889,189,1153,1153
bhl_55183,16342,BHL,1863,1850_1869,485,1200,1501
bhl_55185,16342,BHL,1865,1850_1869,391,1068,1068
bhl_55187,16342,BHL,1862,1850_1869,445,1200,1537
bhl_55212,16339,BHL,1873,1870_1889,182,1123,1123
bhl_55213,16342,BHL,1867,1850_1869,493,1200,1278
bhl_56398,17191,BHL,1898,1890_1909,305,858,858
bhl_57518,13281,BHL,1921,1910_1929,242,863,863
bhl_59436,19614,BHL,1912,1910_1929,165,492,492
bhl_59440,11930,BHL,1896,1890_1909,108,384,384
bhl_59671,19821,BHL,1851,1850_1869,571,1200,1449
bhl_5968,201,BHL,1797,1750_1799,44,117,117
bhl_5969,201,BHL,1797,1750_1799,34,134,134
bhl_59975,164031,BHL,1889,1870_1889,598,1200,3818
bhl_62579,10351,BHL,1915,1910_1929,217,573,573
bhl_63404,55748,BHL,1884,1870_1889,488,1200,1885
bhl_66765,25201,BHL,1807,1800_1829,416,818,818
bhl_66910,25284,BHL,1917,1910_1929,35,141,141
bhl_66912,118872,BHL,1907,1890_1909,67,249,249
bhl_66914,25288,BHL,1908,1890_1909,92,338,338
bhl_67040,25381,BHL,1888,1870_1889,98,414,414
bhl_67042,13281,BHL,1921,1910_1929,4,35,35
bhl_67043,13281,BHL,1921,1910_1929,241,879,879
bhl_67044,199664,BHL,1919,1910_1929,69,328,328
bhl_67045,25384,BHL,1923,1910_1929,43,186,186
bhl_67047,35791,BHL,1888,1870_1889,72,267,267
bhl_67088,25418,BHL,1907,1890_1909,63,187,187
bhl_69474,27080,BHL,1898,1890_1909,465,1200,1225
bhl_69475,27080,BHL,1900,1890_1909,650,1200,1792
bhl_69566,27147,BHL,1909,1890_1909,62,347,347
bhl_69567,27148,BHL,1892,1890_1909,138,424,424
bhl_70543,27984,BHL,1904,1890_1909,294,1005,1005
bhl_73532,29990,BHL,1892,1890_1909,248,534,534
bhl_75241,7527,BHL,1905,1890_1909,302,1166,1166
bhl_78693,16342,BHL,1869,1850_1869,218,569,569
bhl_78694,33927,BHL,1803,1800_1829,403,1200,1702
bhl_78697,33930,BHL,1896,1890_1909,188,560,560
bhl_78699,33932,BHL,1800,1800_1829,124,463,463
bhl_79596,34596,BHL,1902,1890_1909,188,492,492
bhl_80997,11627,BHL,1904,1890_1909,311,971,971
bhl_81104,35758,BHL,1895,1890_1909,320,868,868
bhl_81153,35790,BHL,1902,1890_1909,64,233,233
bhl_81154,35791,BHL,1888,1870_1889,72,269,269
bhl_81158,35794,BHL,1896,1890_1909,215,539,539
bhl_81160,35795,BHL,1918,1910_1929,616,1200,1275
bhl_81221,35828,BHL,1864,1850_1869,365,818,818
bhl_81228,35835,BHL,1909,1890_1909,36,77,77
bhl_81287,33932,BHL,1802,1800_1829,86,375,375
bhl_81339,10631,BHL,1894,1890_1909,215,439,439
bhl_81378,35874,BHL,1896,1890_1909,541,1200,1565
bhl_81585,36017,BHL,1909,1890_1909,95,429,429
bhl_81831,36197,BHL,1923,1910_1929,285,571,571
bhl_84533,37835,BHL,1908,1890_1909,952,1200,3454
bhl_84556,37840,BHL,1876,1870_1889,3,6,6
bhl_84557,37841,BHL,1876,1870_1889,10,22,22
bhl_84580,10333,BHL,1845,1830_1849,158,552,552
bhl_84584,37857,BHL,1831,1830_1849,73,557,557
bhl_84603,16281,BHL,1840,1830_1849,53,231,231
bhl_85058,37960,BHL,1870,1870_1889,64,341,341
bhl_85285,34179,BHL,1841,1830_1849,190,437,437
bhl_85311,38092,BHL,1872,1870_1889,4,6,6
bhl_85312,38093,BHL,1881,1870_1889,784,1200,1694
bhl_86745,39129,BHL,1872,1870_1889,125,305,305
bhl_86753,10366,BHL,1834,1830_1849,170,837,837
bhl_86914,39198,BHL,1906,1890_1909,266,714,714
bhl_87607,8129,BHL,1862,1850_1869,302,1200,1721
bhl_87634,8129,BHL,1847,1830_1849,241,1200,1491
bhl_87678,39523,BHL,1910,1910_1929,794,1200,3021
bhl_87727,39555,BHL,1889,1870_1889,255,551,551
bhl_87728,39555,BHL,1889,1870_1889,425,1118,1118
bhl_87806,39566,BHL,1867,1850_1869,879,1200,2910
bhl_87824,39566,BHL,1870,1870_1889,934,1200,3010
bhl_87977,39601,BHL,1889,1870_1889,1000,1200,2528
bhl_88015,39609,BHL,1870,1870_1889,874,1200,3001
bhl_88018,39609,BHL,1868,1850_1869,727,1200,2407
bhl_88048,39622,BHL,1821,1800_1829,21,70,70
bhl_88092,39636,BHL,1863,1850_1869,230,591,591
bhl_88105,39641,BHL,1850,1850_1869,352,941,941
bhl_88252,39686,BHL,1834,1830_1849,256,560,560
bhl_88533,39801,BHL,1903,1890_1909,61,347,347
bhl_88585,11606,BHL,1851,1850_1869,1070,1200,4346
bhl_88586,39825,BHL,1792,1750_1799,467,1200,1342
bhl_88595,39827,BHL,1838,1830_1849,428,1029,1029
bhl_88605,39830,BHL,1865,1850_1869,211,591,591
bhl_88621,39838,BHL,1842,1830_1849,297,1200,1289
bhl_88936,34494,BHL,1849,1830_1849,1974,1200,5947
bhl_89080,39976,BHL,1837,1830_1849,73,291,291
bhl_89289,39976,BHL,1834,1830_1849,744,1200,2604
bhl_89312,39976,BHL,1834,1830_1849,699,1200,2731
bhl_89317,39976,BHL,1834,1830_1849,716,1200,2404
bhl_89321,39976,BHL,1837,1830_1849,71,259,259
bhl_89417,39976,BHL,1837,1830_1849,64,185,185
bhl_89420,39976,BHL,1834,1830_1849,735,1200,2628
bhl_89654,48423,BHL,1888,1870_1889,858,1200,4662
bhl_89674,40280,BHL,1835,1830_1849,359,1159,1159
bhl_89676,40282,BHL,1822,1800_1829,426,1182,1182
bhl_89678,40282,BHL,1822,1800_1829,588,1200,2385
bhl_89770,40342,BHL,1869,1850_1869,2002,1200,5493
bhl_90005,40342,BHL,1869,1850_1869,1569,1200,5101
bhl_90958,41175,BHL,1841,1830_1849,55,214,214
bhl_91146,20384,BHL,1898,1890_1909,765,1200,2442
bhl_91158,20384,BHL,1898,1890_1909,680,1200,2155
bhl_91166,20384,BHL,1898,1890_1909,794,1200,2546
bhl_91180,41372,BHL,1814,1800_1829,80,218,218
bhl_91182,41372,BHL,1815,1800_1829,83,228,228
bhl_91275,41403,BHL,1834,1830_1849,1402,1200,4075
bhl_91278,39838,BHL,1843,1830_1849,559,1200,1213
bhl_91360,20384,BHL,1898,1890_1909,792,1200,2086
bhl_91385,41419,BHL,1852,1850_1869,1435,1200,4291
bhl_91457,41446,BHL,1854,1850_1869,1423,1200,4197
bhl_91498,41463,BHL,1831,1830_1849,580,1200,2238
bhl_91500,41463,BHL,1831,1830_1849,705,1200,2340
bhl_91501,41463,BHL,1831,1830_1849,543,1200,1972
bhl_91515,41463,BHL,1831,1830_1849,517,1200,2051
bhl_91614,48696,BHL,1905,1890_1909,76,232,232
bhl_91783,41622,BHL,1804,1800_1829,504,1200,1463
bhl_91784,41622,BHL,1804,1800_1829,548,1200,1644
bhl_91785,41623,BHL,1806,1800_1829,121,375,375
bhl_92073,41853,BHL,1838,1830_1849,389,1200,1383
bhl_92074,41854,BHL,1812,1800_1829,199,562,562
bhl_92075,57055,BHL,1882,1870_1889,123,633,633
bhl_92098,20384,BHL,1898,1890_1909,828,1200,2287
bhl_92521,42226,BHL,1826,1800_1829,163,959,959
bhl_92527,42229,BHL,1883,1870_1889,17,41,41
bhl_92533,10416,BHL,1843,1830_1849,361,848,848
bhl_92610,42278,BHL,1831,1830_1849,65,215,215
bhl_92611,42278,BHL,1829,1800_1829,83,262,262
bhl_92613,42278,BHL,1832,1830_1849,73,233,233
bhl_92614,42279,BHL,1820,1800_1829,126,352,352
bhl_92675,42279,BHL,1821,1800_1829,146,324,324
bhl_92676,42279,BHL,1822,1800_1829,147,314,314
bhl_92719,11354,BHL,1876,1870_1889,578,1200,1734
bhl_93056,42502,BHL,1859,1850_1869,126,264,264
bhl_93071,42514,BHL,1876,1870_1889,569,1200,1680
bhl_93091,42526,BHL,1861,1850_1869,228,647,647
bhl_93094,42528,BHL,1853,1850_1869,366,763,763
bhl_93377,42660,BHL,1905,1890_1909,290,599,599
bhl_93393,111654,BHL,1914,1910_1929,218,746,746
bhl_93479,42673,BHL,1784,1750_1799,520,1200,1459
bhl_93534,39838,BHL,1842,1830_1849,5,8,8
bhl_93716,39838,BHL,1842,1830_1849,299,1200,1368
bhl_93722,42857,BHL,1877,1870_1889,19,65,65
bhl_93747,39838,BHL,1842,1830_1849,744,1200,3665
bhl_93808,39838,BHL,1843,1830_1849,426,1200,2940
bhl_93929,14423,BHL,1913,1910_1929,457,1200,1283
bhl_94131,15229,BHL,1862,1850_1869,1650,1200,4703
bhl_94444,43409,BHL,1853,1850_1869,88,306,306
bhl_94830,42660,BHL,1901,1890_1909,300,669,669
bhl_94894,8148,BHL,1829,1800_1829,307,749,749
bhl_94897,17346,BHL,1837,1830_1849,123,360,360
bhl_94898,17346,BHL,1841,1830_1849,160,438,438
bhl_95167,43793,BHL,1833,1830_1849,470,1200,2133
bhl_95168,43794,BHL,1848,1830_1849,272,585,585
bhl_95205,43814,BHL,1830,1830_1849,157,350,350
bhl_95249,43793,BHL,1833,1830_1849,563,1200,2032
bhl_95470,11354,BHL,1876,1870_1889,535,1200,1479
bhl_95471,42514,BHL,1876,1870_1889,529,1200,1429
bhl_95528,39838,BHL,1843,1830_1849,379,1200,2023
bhl_95639,10416,BHL,1845,1830_1849,190,453,453
bhl_96668,44488,BHL,1829,1800_1829,204,458,458
bhl_97115,8133,BHL,1829,1800_1829,429,1019,1019
bhl_97134,8133,BHL,1828,1800_1829,229,441,441
bhl_97135,8133,BHL,1830,1830_1849,364,686,686
bhl_97231,8133,BHL,1831,1830_1849,329,615,615
bhl_97232,8133,BHL,1835,1830_1849,269,789,789
bhl_97241,8133,BHL,1835,1830_1849,408,984,984
bhl_97435,44848,BHL,1824,1800_1829,451,1200,1267
bhl_97489,44872,BHL,1790,1750_1799,82,197,197
bhl_97605,44925,BHL,1822,1800_1829,192,530,530
bhl_97662,44966,BHL,1850,1850_1869,191,562,562
bhl_98209,45263,BHL,1898,1890_1909,682,1200,1925
bhl_98541,45414,BHL,1873,1870_1889,260,577,577
bhl_98731,111654,BHL,1915,1910_1929,372,973,973
bhl_99104,45796,BHL,1863,1850_1869,178,401,401
bhl_99105,54211,BHL,1863,1850_1869,275,592,592
bhl_99170,45844,BHL,1880,1870_1889,238,463,463
bhl_99234,45871,BHL,1876,1870_1889,368,948,948
bhl_99235,45871,BHL,1876,1870_1889,369,770,770
bhl_99821,7529,BHL,1849,1830_1849,26,157,157
bhl_99824,7529,BHL,1849,1830_1849,54,197,197
bhl_99912,15162,BHL,1913,1910_1929,495,1200,1886
bhl_99914,15162,BHL,1889,1870_1889,787,1200,3390
ia_10030549bsb,born|john physiophilus specimen of the natural history of,IA,1783,1750_1799,35,89,89
ia_10074770bsb,bancroft|essay on the natural history of guiana in,IA,1769,1750_1799,133,266,266
ia_10075625bsb,edwards|essays upon natural history,IA,1770,1750_1799,121,199,199
ia_10076636bsb,venegas|natural and civil history of california containing an,IA,1759,1750_1799,83,110,110
ia_10225749bsb,wallis|natural history and antiquities of northhumberland and of,IA,1769,1750_1799,260,639,639
ia_10226237bsb,mendesdacosta|natural history of fossils 1 1,IA,1757,1750_1799,326,597,597
ia_10229808bsb,lettsom|natural history of the tea tree,IA,1772,1750_1799,24,42,42
ia_10231717bsb,pennant|history of quadrupeds 1,IA,1781,1750_1799,258,895,895
ia_10231718bsb,pennant|history of quadrupeds 2,IA,1781,1750_1799,232,707,707
ia_10281136bsb,nimmo|general history of stirlingshire containing an account of,IA,1777,1750_1799,113,147,147
ia_10307269bsb,pennant|genera of birds,IA,1773,1750_1799,50,222,222
ia_10366820bsb,forster|observations made during a voyage round the world,IA,1778,1750_1799,339,504,504
ia_10368383bsb,goodwyn|connexion of life with respiration or an experimental,IA,1788,1750_1799,55,84,84
ia_10807411bsb,fenning|new system of geography or a general description,IA,1765,1750_1799,1996,1200,3008
ia_10867534bsb,hill|general natural history or new and accurate descriptions,IA,1751,1750_1799,1026,1200,1659
ia_10867536bsb,horrebov|natural history of iceland,IA,1758,1750_1799,151,263,263
ia_10928757bsb,pennant|british zoology 1,IA,1768,1750_1799,221,631,631
ia_10928758bsb,pennant|british zoology 2,IA,1768,1750_1799,220,602,602
ia_10928759bsb,pennant|british zoology 3,IA,1768,1750_1799,250,678,678
ia_11019210bsb,|wonders of nature and art being an account,IA,1768,1750_1799,220,420,420
ia_11210850bsb,hill|review of the works of the royal society,IA,1751,1750_1799,281,435,435
ia_11348830bsb,latham|general synopsis of birds 1 1,IA,1781,1750_1799,326,1059,1059
ia_11348831bsb,latham|general synopsis of birds 1 2,IA,1782,1750_1799,328,905,905
ia_11348832bsb,latham|general synopsis of birds 2 1,IA,1783,1750_1799,53,163,163
ia_11348833bsb,latham|general synopsis of birds 2 2,IA,1783,1750_1799,28,70,70
ia_11348834bsb,latham|general synopsis of birds 3 1,IA,1785,1750_1799,277,764,764
ia_11348835bsb,latham|general synopsis of birds 3 2,IA,1785,1750_1799,291,836,836
ia_11348836bsb,latham|general synopsis of birds 4 1,IA,1787,1750_1799,232,808,808
ia_BIUSante_43148x01,bondt|account of the diseases natural history and medicines,IA,1769,1750_1799,72,123,123
ia_NHM6732,|observations made during a voyage round the world,IA,1778,1750_1799,300,460,460
ia_adescriptionthr00boregoog,thomasboreman|description of three hundred animals viz beasts birds,IA,1769,1750_1799,71,281,281
ia_adissertationon00primgoog,humphreyprimatt|dissertation on the duty of mercy and sin,IA,1776,1750_1799,130,265,265
ia_anaturalhistory00albigoog,eleazaralbin|natural history of english song birds and such,IA,1759,1750_1799,75,138,138
ia_anaturalhistory00costgoog,emanuelmendesdacosta|natural history of fossils,IA,1757,1750_1799,323,623,623
ia_anaturalhistory01edwagoog,georgeedwards|natural history of uncommon birds and of some,IA,1750,1750_1799,249,514,514
ia_anessayonapplic00aikigoog,johnaikin|essay on the application of natural history to,IA,1777,1750_1799,47,84,84
ia_anessayonapplic00aitkgoog,johnaitkin|essay on the application of natural history to,IA,1777,1750_1799,58,134,134
ia_anessaytowardsa00ruttgoog,johnrutty|essay towards a natural history of the county,IA,1772,1750_1799,112,150,150
ia_australiaitssce00socigoog,religioustractsocietygreatbritain|australia its scenery natural history and resources with,IA,1799,1750_1799,113,224,224
ia_barrsbuffonbuff00degoog,georgeslouisleclercbuffoncomtede|barr s buffon buffon s natural history containing,IA,1792,1750_1799,112,151,151
ia_bim_eighteenth-century_1790_2,|beauties of the creation or a new moral,IA,1790,1750_1799,90,258,258
ia_bim_eighteenth-century_a-collection-of-birds-an_barlow-francis_1799,barlow|collection of birds and beasts on thirty six,IA,1799,1750_1799,4,4,4
ia_bim_eighteenth-century_a-collection-of-engravin_denman-thomas_1787,denman|collection of engravings tending to illustrate the generation,IA,1787,1750_1799,18,35,35
ia_bim_eighteenth-century_a-compendium-of-authenti_1756,|compendium of authentic and entertaining voyages digested in,IA,1756,1750_1799,140,188,188
ia_bim_eighteenth-century_a-compendium-of-authenti_goldsmith-oliver_1766_1,goldsmith|compendium of authentic and entertaining voyages digested in,IA,1766,1750_1799,163,195,195
ia_bim_eighteenth-century_a-compendium-of-the-most_1757_2,|compendium of the most approved modern travels containing,IA,1757,1750_1799,121,183,183
ia_bim_eighteenth-century_a-concise-natural-histor_romans-bernard_1775,romans|concise natural history of east and west florida,IA,1775,1750_1799,260,317,317
ia_bim_eighteenth-century_a-curious-antique-collec_bickham-george_1796,bickham|curious antique collection of birds eye views of,IA,1796,1750_1799,11,13,13
ia_bim_eighteenth-century_a-description-of-three-h_boreman-thomas_1753,boreman|description of three hundred animals viz beasts birds,IA,1753,1750_1799,172,573,573
ia_bim_eighteenth-century_a-description-of-three-h_boreman-thomas_1786,boreman|description of three hundred animals viz beasts insects,IA,1786,1750_1799,193,583,583
ia_bim_eighteenth-century_a-discourse-on-the-emigr_edwards-george-of-mark_1780,edwards|discourse on the emigration of british birds 1780,IA,1780,1750_1799,58,126,126
ia_bim_eighteenth-century_a-discourse-on-the-emigr_edwards-george-of-mark_1795,edwards|discourse on the emigration of british birds 1795,IA,1795,1750_1799,61,137,137
ia_bim_eighteenth-century_a-general-history-of-qua_beilby-ralph_1790,beilby|general history of quadrupeds the figures engraved on,IA,1790,1750_1799,373,846,846
ia_bim_eighteenth-century_a-general-history-of-qua_beilby-ralph_1791,beilby|general history of quadrupeds the figures engraved upon,IA,1791,1750_1799,375,865,865
ia_bim_eighteenth-century_a-journey-from-gibraltar_carter-francis_1777_1,carter|journey from gibraltar to malaga with a view,IA,1777,1750_1799,59,75,75
ia_bim_eighteenth-century_a-key-to-natural-history_1798,|key to natural history to accompany the children,IA,1798,1750_1799,6,62,62
ia_bim_eighteenth-century_a-modern-system-of-natur_ward-samuel-vicar-of-c_1775_2,ward|modern system of natural history containing accurate descriptions,IA,1775,1750_1799,134,331,331
ia_bim_eighteenth-century_a-natural-history-of-bir_edwards-george_1750_3,edwards|natural history of birds most of which have,IA,1750,1750_1799,130,266,266
ia_bim_eighteenth-century_a-natural-history-of-bri_hayes-william-draughts_1775,hayes|natural history of british birds c with their,IA,1775,1750_1799,53,84,84
ia_bim_eighteenth-century_a-natural-history-of-eng_albin-eleazar_1779,albin|natural history of english song birds including such,IA,1779,1750_1799,89,168,168
ia_bim_eighteenth-century_a-natural-history-of-fis_jones-stephen-freemaso_1795,jones|natural history of fishes 1795,IA,1795,1750_1799,176,425,425
ia_bim_eighteenth-century_a-natural-history-of-fos_mendes-da-costa-emanuel_1757,mendesdacosta|natural history of fossils by emanuel mendes da,IA,1757,1750_1799,333,609,609
ia_bim_eighteenth-century_a-natural-history-of-sin_albin-eleazar_1754,albin|natural history of singing birds and particularly that,IA,1754,1750_1799,112,214,214
ia_bim_eighteenth-century_a-naturalists-calendar-_white-gilbert-of-selbo_1795,white|naturalist s calendar with observations in various branches,IA,1795,1750_1799,62,180,180
ia_bim_eighteenth-century_a-new-accurate-system-of_brookes-richard-md_1763_4,brookes|new accurate system of natural history 1763 vol,IA,1763,1750_1799,458,942,942
ia_bim_eighteenth-century_a-new-accurate-system-of_brookes-richard-md_1772_5,brookes|new accurate system of natural history 1772 vol,IA,1772,1750_1799,258,370,370
ia_bim_eighteenth-century_a-new-and-accurate-syste_brookes-richard-md_1763_2,brookes|new and accurate system of natural history 1763,IA,1763,1750_1799,532,1063,1063
ia_bim_eighteenth-century_a-new-and-accurate-syste_brookes-richard-md_1771_2,brookes|new and accurate system of natural history 1771,IA,1771,1750_1799,528,1200,1213
ia_bim_eighteenth-century_a-new-and-accurate-syste_brookes-richard-md_1772_6,brookes|new and accurate system of natural history 1772,IA,1772,1750_1799,247,362,362
ia_bim_eighteenth-century_a-new-lottery-book-of-bi_1771,|new lottery book of birds and beasts for,IA,1771,1750_1799,4,5,5
ia_bim_eighteenth-century_a-new-moral-system-of-na_1789,|new moral system of natural history or the,IA,1789,1750_1799,94,365,365
ia_bim_eighteenth-century_a-philosophical-and-medi_adair-james-makittrick_1787,adair|philosophical and medical sketch of the natural history,IA,1787,1750_1799,114,185,185
ia_bim_eighteenth-century_a-second-dissertation-on_haller-albrecht-von_1757,haller|second dissertation on the motion of the blood,IA,1757,1750_1799,109,355,355
ia_bim_eighteenth-century_a-seventh-eighth-and-ni_anderson-james-md_1787,anderson|seventh eighth and ninth letter to sir joseph,IA,1787,1750_1799,6,7,7
ia_bim_eighteenth-century_a-short-essay-on-the-pro_elford-william_1786,elford|short essay on the propagation and dispersion of,IA,1786,1750_1799,63,99,99
ia_bim_eighteenth-century_a-short-treatise-on-cani_physician_1795,physician|short treatise on canine madness particularly the bite,IA,1795,1750_1799,26,39,39
ia_bim_eighteenth-century_a-sixth-letter-to-sir-jo_anderson-james-md_1787,anderson|sixth letter to sir joseph banks baronet on,IA,1787,1750_1799,5,7,7
ia_bim_eighteenth-century_a-system-of-anatomy-and-_1787_2_0,|system of anatomy and physiology from the latest,IA,1787,1750_1799,262,372,372
ia_bim_eighteenth-century_a-system-of-anatomy-and-_1791_1,|system of anatomy and physiology with the comparative,IA,1791,1750_1799,489,1018,1018
ia_bim_eighteenth-century_a-tenth-letter-to-sir-jo_anderson-james-md_1787,anderson|tenth letter to sir joseph banks baronet on,IA,1787,1750_1799,8,10,10
ia_bim_eighteenth-century_a-tour-to-cheltenham-spa_moreau-simeon_1783,moreau|tour to cheltenham spa or gloucestershire display d,IA,1783,1750_1799,71,95,95
ia_bim_eighteenth-century_a-treatise-on-comparativ_monro-alexander_1783,monro|treatise on comparative anatomy by alexander monro published,IA,1783,1750_1799,130,264,264
ia_bim_eighteenth-century_a-voyage-to-north-americ_charlevoix-pierre-fran_1766_1,charlevoix|voyage to north america undertaken by command of,IA,1766,1750_1799,222,388,388
ia_bim_eighteenth-century_an-account-of-the-first-_roberts-william_1763,roberts|account of the first discovery and natural history,IA,1763,1750_1799,94,147,147
ia_bim_eighteenth-century_an-account-of-the-orific_home-sir-everard_1798,home|account of the orifice in the retina of,IA,1798,1750_1799,12,20,20
ia_bim_eighteenth-century_an-easy-way-of-breeding-_1788,|easy way of breeding canary birds and the,IA,1788,1750_1799,30,59,59
ia_bim_eighteenth-century_an-eleventh-letter-to-si_anderson-james-md_1787,anderson|eleventh letter to sir joseph banks baronet on,IA,1787,1750_1799,8,11,11
ia_bim_eighteenth-century_an-essay-on-comparative-_monro-alexander_1775,monro|essay on comparative anatomy the second edition 1775,IA,1775,1750_1799,88,191,191
ia_bim_eighteenth-century_an-essay-on-humanity-to-_young-thomas_1798,young|essay on humanity to animals by thomas young,IA,1798,1750_1799,78,170,170
ia_bim_eighteenth-century_an-essay-on-the-applicat_aikin-john_1777,aikin|essay on the application of natural history to,IA,1777,1750_1799,69,130,130
ia_bim_eighteenth-century_an-essay-on-the-manageme_mills-john-f-r-s_1766,mills|essay on the management of bees wherein is,IA,1766,1750_1799,154,342,342
ia_bim_eighteenth-century_an-essay-on-the-method-o_kentish-richard_1787,kentish|essay on the method of studying natural history,IA,1787,1750_1799,37,91,91
ia_bim_eighteenth-century_an-essay-on-the-vital-an_whytt-robert_1751,whytt|essay on the vital and other involuntary motions,IA,1751,1750_1799,187,274,274
ia_bim_eighteenth-century_an-essay-towards-a-natur_dodd-james-solas_1752,dodd|essay towards a natural history of the herring,IA,1752,1750_1799,105,178,178
ia_bim_eighteenth-century_an-experimental-history-_lewis-william-md_1769_2,lewis|experimental history of the materia medica or of,IA,1769,1750_1799,212,301,301
ia_bim_eighteenth-century_an-experimental-inquiry-_hewson-william-frs_1771,hewson|experimental inquiry into the properties of the blood,IA,1771,1750_1799,67,98,98
ia_bim_eighteenth-century_an-exposition-of-english_harris-moses_1782,harris|exposition of english insects including the several classes,IA,1782,1750_1799,229,519,519
ia_bim_eighteenth-century_an-historical-narrative-_1786,|historical narrative of the discovery of new holland,IA,1786,1750_1799,41,63,63
ia_bim_eighteenth-century_an-inaugural-dissertatio_seybert-adam_1793,seybert|inaugural dissertation being an attempt to disprove the,IA,1793,1750_1799,54,95,95
ia_bim_eighteenth-century_an-inaugural-essay-on-th_stock-john-edmonds_1797,stock|inaugural essay on the effects of cold upon,IA,1797,1750_1799,13,19,19
ia_bim_eighteenth-century_an-oration-delivered-feb_rush-benjamin_1774,rush|oration delivered february 4 1774 before the american,IA,1774,1750_1799,35,49,49
ia_bim_eighteenth-century_archives-of-entomology-_fuessli-johann-caspar_1795,fuessli|archives of entomology containing the history or ascertaining,IA,1795,1750_1799,184,357,357
ia_bim_eighteenth-century_arctic-zoology-arctic_pennant-thomas_1784_1,pennant|arctic zoology 1784 vol 1,IA,1784,1750_1799,524,1200,1249
ia_bim_eighteenth-century_arctic-zoology-arctic_pennant-thomas_1784_2,pennant|arctic zoology 1784 vol 2,IA,1784,1750_1799,396,1200,1390
ia_bim_eighteenth-century_arithmetical-questions-_butler-william_1788,butler|arithmetical questions having for the most part a,IA,1788,1750_1799,28,32,32
ia_bim_eighteenth-century_barrs-buffon-buffons-_buffon-georges-louis-le_1797_6,buffon|barr s buffon buffon s natural history containing,IA,1797,1750_1799,279,538,538
ia_bim_eighteenth-century_beauties-of-natural-hist_1777,|beauties of natural history or elements of zoography,IA,1777,1750_1799,347,984,984
ia_bim_eighteenth-century_british-zoology-f_1776_3,|british zoology fourth edition 1776 vol 3,IA,1776,1750_1799,314,1002,1002
ia_bim_eighteenth-century_british-zoology-fo_1776_1,|british zoology fourth edition 1776 vol 1,IA,1776,1750_1799,366,1036,1036
ia_bim_eighteenth-century_british-zoology-fo_1776_2,|british zoology fourth edition 1776 vol 2,IA,1776,1750_1799,283,716,716
ia_bim_eighteenth-century_british-zoology-fo_1777_4,|british zoology fourth edition 1777 vol 4,IA,1777,1750_1799,96,391,391
ia_bim_eighteenth-century_british-zoology_pennant-thomas_1768_1,pennant|british zoology 1768 vol 1,IA,1768,1750_1799,228,455,455
ia_bim_eighteenth-century_british-zoology_pennant-thomas_1768_2,pennant|british zoology 1768 vol 2,IA,1768,1750_1799,261,578,578
ia_bim_eighteenth-century_british-zoology_pennant-thomas_1769_3,pennant|british zoology 1769 vol 3,IA,1769,1750_1799,294,817,817
ia_bim_eighteenth-century_british-zoology_pennant-thomas_1770_4,pennant|british zoology 1770 vol 4,IA,1770,1750_1799,81,138,138
ia_bim_eighteenth-century_cimelia-physica-figures_shaw-george_1796,shaw|cimelia physica figures of rare and curious quadrupeds,IA,1796,1750_1799,92,258,258
ia_bim_eighteenth-century_curious-and-authentic-me_1763,|curious and authentic memoirs concerning a late peace,IA,1763,1750_1799,45,87,87
ia_bim_eighteenth-century_delineation-of-curious-f_burt-n-of-the-naval-a_1791,burt|delineation of curious foreign beasts and birds in,IA,1791,1750_1799,31,53,53
ia_bim_eighteenth-century_description-of-three-hu_boreman-thomas_1787,boreman|description of above three hundred animals viz beasts,IA,1787,1750_1799,163,365,365
ia_bim_eighteenth-century_elegant-extracts-of-natu_heron-robert-miscellan_1792_1,heron|elegant extracts of natural history collected and revised,IA,1792,1750_1799,357,749,749
ia_bim_eighteenth-century_elements-of-chemistry-a_fourcroy-antoine-frano_1796_2,fourcroy|elements of chemistry and natural history to which,IA,1796,1750_1799,185,310,310
ia_bim_eighteenth-century_elements-of-natural-hist_fourcroy-antoine-franco_1796_3,fourcroy|elements of natural history and of chemistry 1796,IA,1796,1750_1799,109,154,154
ia_bim_eighteenth-century_elements-of-natural-hist_fourcroy-antoine-frano_1790_2,fourcroy|elements of natural history and chemistry by m,IA,1790,1750_1799,332,497,497
ia_bim_eighteenth-century_elements-of-the-practic_fordyce-george-1736-18_1770,fordyce|elements of the practice of physic part 11,IA,1770,1750_1799,25,34,34
ia_bim_eighteenth-century_elements-of-the-practice_fordyce-george_1771,fordyce|elements of the practice of physic in two,IA,1771,1750_1799,51,72,72
ia_bim_eighteenth-century_england-illustrated-or-_1764_2,|england illustrated or a compendium of the natural,IA,1764,1750_1799,312,398,398
ia_bim_eighteenth-century_essays-on-the-microscope_adams-george-mathemati_1787,adams|essays on the microscope containing a practical description,IA,1787,1750_1799,497,749,749
ia_bim_eighteenth-century_essays-physiological-and_wilkinson-charles-henry_1798,wilkinson|essays physiological and philosophical on the distortion of,IA,1798,1750_1799,99,147,147
ia_bim_eighteenth-century_every-lady-and-gentleman_spilsbury-francis-b-o_1791,spilsbury|every lady and gentleman their own dentist as,IA,1791,1750_1799,29,41,41
ia_bim_eighteenth-century_experimental-inquiries-_hewson-william-f-rs_1777,hewson|experimental inquiries part the third containing a description,IA,1777,1750_1799,64,86,86
ia_bim_eighteenth-century_experiments-on-animals-a_hunter-john-frs_1775,hunter|experiments on animals and vegetables with respect to,IA,1775,1750_1799,10,24,24
ia_bim_eighteenth-century_experiments-on-the-cause_caverhill-john_1770,caverhill|experiments on the cause of heat in living,IA,1770,1750_1799,38,51,51
ia_bim_eighteenth-century_fabulous-histories-desi_trimmer-mrs_1786,trimmer|fabulous histories designed for the instruction of children,IA,1786,1750_1799,199,375,375
ia_bim_eighteenth-century_fabulous-histories-desi_trimmer-mrs_1786_0,trimmer|fabulous histories designed for the struction of children,IA,1786,1750_1799,180,398,398
ia_bim_eighteenth-century_five-letters-to-sir-jose_anderson-james-md_1787,anderson|five letters to sir joseph banks baronet on,IA,1787,1750_1799,15,25,25
ia_bim_eighteenth-century_forste-forsog-paa-norge_pontoppidan-erik-the-y_1775_2,pontoppidan|natural history of norway in two parts translated,IA,1775,1750_1799,487,1156,1156
ia_bim_eighteenth-century_four-dissertations-i-t_hume-david_1757,hume|four dissertations i the natural history of religion,IA,1757,1750_1799,78,103,103
ia_bim_eighteenth-century_fundamenta-entomologiae_bladh-andreas-joannes_1772,bladh|fundamenta entomologiae or an introduction to the knowledge,IA,1772,1750_1799,42,104,104
ia_bim_eighteenth-century_genera-of-birds_pennant-thomas_1781,pennant|genera of birds 1781,IA,1781,1750_1799,76,222,222
ia_bim_eighteenth-century_heads-of-a-course-of-lec_moyes-henry_1780,moyes|heads of a course of lectures on the,IA,1780,1750_1799,5,8,8
ia_bim_eighteenth-century_histoire-naturelle-eng_buffon-georges-louis-le_1775_1,buffon|natural history of animals vegetables and minerals with,IA,1775,1750_1799,342,505,505
ia_bim_eighteenth-century_histoire-naturelle-eng_buffon-georges-louis-le_1791,buffon|buffon s natural history abridged including the history,IA,1791,1750_1799,927,1200,1923
ia_bim_eighteenth-century_histoire-naturelle-eng_buffon-georges-louis-le_1791_7,buffon|natural history general and particular by the count,IA,1791,1750_1799,443,1200,1265
ia_bim_eighteenth-century_histoire-naturelle-eng_le-clerc-georges-louis-_1791_1,leclerc|system of natural history 1791 vol 1,IA,1791,1750_1799,406,1113,1113
ia_bim_eighteenth-century_histoire-naturelle-eng_le-clerc-georges-louis-_1791_2,leclerc|system of natural history 1791 vol 2,IA,1791,1750_1799,418,1200,1270
ia_bim_eighteenth-century_histoire-naturelle-eng_leclerc-george-louis-c_1792_7,leclerc|barr s buffon buffon s natural history containing,IA,1792,1750_1799,221,432,432
ia_bim_eighteenth-century_histoire-naturelle-eng_leclerc-georges-louis-_1780_1,leclerc|natural history 1780 vol 1,IA,1780,1750_1799,223,334,334
ia_bim_eighteenth-century_histoire-naturelle-eng_leclerc-georges-louis-_1780_2,leclerc|natural history 1780 vol 2,IA,1780,1750_1799,356,647,647
ia_bim_eighteenth-century_histoire-naturelle-eng_leclerc-georges-louis-_1780_3,leclerc|natural history 1780 vol 3,IA,1780,1750_1799,363,697,697
ia_bim_eighteenth-century_histoire-naturelle-eng_leclerc-georges-louis-_1780_4,leclerc|natural history 1780 vol 4,IA,1780,1750_1799,321,716,716
ia_bim_eighteenth-century_histoire-naturelle-eng_leclerc-georges-louis-_1780_5,leclerc|natural history 1780 vol 5,IA,1780,1750_1799,407,1084,1084
ia_bim_eighteenth-century_histoire-naturelle-eng_leclerc-georges-louis-_1780_6,leclerc|natural history 1780 vol 6,IA,1780,1750_1799,436,1137,1137
ia_bim_eighteenth-century_histoire-naturelle-eng_leclerc-georges-louis-_1780_7,leclerc|natural history 1780 vol 7,IA,1780,1750_1799,446,1115,1115
ia_bim_eighteenth-century_histoire-naturelle-eng_leclerc-georges-louis-_1780_8,leclerc|natural history 1780 vol 8,IA,1780,1750_1799,342,947,947
ia_bim_eighteenth-century_histoire-naturelle-eng_leclerc-georges-louis-_1785_8,leclerc|natural history general and particular by the count,IA,1785,1750_1799,384,1091,1091
ia_bim_eighteenth-century_histoire-naturelle-eng_leclerc-georges-louis-_1785_9_0,leclerc|natural history 1785 vol 9,IA,1785,1750_1799,174,342,342
ia_bim_eighteenth-century_histoire-naturelle-eng_leclerc-georges-louis-_1791,leclerc|buffon s natural history abridged including the history,IA,1791,1750_1799,914,1200,1735
ia_bim_eighteenth-century_historiae-naturalis-et-_bontius-jacobus_1769,bontius|account of the diseases natural history and medicines,IA,1769,1750_1799,84,121,121
ia_bim_eighteenth-century_history-of-british-birds_beilby-ralph_1797_0,beilby|history of british birds the figures engraved on,IA,1797,1750_1799,241,418,418
ia_bim_eighteenth-century_illustration-of-british-_donovan-e-edward_1799,donovan|illustration of british zoology on may 1 1799,IA,1799,1750_1799,4,11,11
ia_bim_eighteenth-century_indian-zoology-second_pennant-thomas_1790,pennant|indian zoology second edition 1790,IA,1790,1750_1799,58,175,175
ia_bim_eighteenth-century_institutions-of-entomolo_linn-carl-von_1773,linn|institutions of entomology being a translation of linn,IA,1773,1750_1799,152,287,287
ia_bim_eighteenth-century_instructions-for-collect_donovan-e-edward_1794,donovan|instructions for collecting and preserving various subjects of,IA,1794,1750_1799,69,102,102
ia_bim_eighteenth-century_journal-of-a-voyage-to-n_white-john_1790,white|journal of a voyage to new south wales,IA,1790,1750_1799,179,309,309
ia_bim_eighteenth-century_letters-concerning-the-_hamilton-william-bd-_1790,hamilton|letters concerning the natural history of the basaltes,IA,1790,1750_1799,105,131,131
ia_bim_eighteenth-century_letters-concerning-the-n_hamilton-william_1786,hamilton|letters concerning the northern coast of the county,IA,1786,1750_1799,59,87,87
ia_bim_eighteenth-century_letters-on-iceland-cont_troil-uno-von_1783,troil|letters on iceland containing observations on the natural,IA,1783,1750_1799,76,138,138
ia_bim_eighteenth-century_magazine-of-natural-hist_sibly-ebenezer_1794_3,sibly|magazine of natural history comprehending the whole science,IA,1794,1750_1799,803,1200,2085
ia_bim_eighteenth-century_melisselogia-an-enqui_thorley-john_1765,thorley|enquiry into the nature order and government of,IA,1765,1750_1799,143,228,228
ia_bim_eighteenth-century_micrographia-illustrata_adams-george_1771,adams|micrographia illustrata or the microscope explained in several,IA,1771,1750_1799,328,522,522
ia_bim_eighteenth-century_minor-morals-interspers_smith-charlotte-turner_1799_2,smith|minor morals interspersed with sketches of natural history,IA,1799,1750_1799,30,51,51
ia_bim_eighteenth-century_miscellaneous-tracts-and_falconer-william_1793,falconer|miscellaneous tracts and collections relating to natural history,IA,1793,1750_1799,102,169,169
ia_bim_eighteenth-century_moral-and-literary-disse_percival-thomas_1784,percival|moral and literary dissertations on the following subjects,IA,1784,1750_1799,67,105,105
ia_bim_eighteenth-century_natural-history-of-birds_1798_5,|natural history of birds fish insects and reptiles,IA,1798,1750_1799,418,738,738
ia_bim_eighteenth-century_natural-history-of-birds_leclerc-georges-louis-_1793_3,leclerc|natural history of birds fish insects and reptiles,IA,1793,1750_1799,225,441,441
ia_bim_eighteenth-century_natural-history-of-the-_hunter-john-frs_1778_0,hunter|practical treatise on the diseases of the teeth,IA,1778,1750_1799,46,61,61
ia_bim_eighteenth-century_naturgeschichte-fr-kin_raff-georg-christian_1796_1,raff|system of natural history 1796 vol 1,IA,1796,1750_1799,268,849,849
ia_bim_eighteenth-century_naturgeschichte-fr-kin_raff-georg-christian_1796_2,raff|system of natural history 1796 vol 2,IA,1796,1750_1799,397,1200,1210
ia_bim_eighteenth-century_observations-on-the-supe_saunders-william_1783,saunders|observations on the superior efficacy of the red,IA,1783,1750_1799,28,40,40
ia_bim_eighteenth-century_on-cruelty-to-animals_trusler-john_1796,trusler|on cruelty to animals 1796,IA,1796,1750_1799,7,10,10
ia_bim_eighteenth-century_on-the-conduct-of-man-to_nicholson-george_1797,nicholson|on the conduct of man to inferior animals,IA,1797,1750_1799,146,329,329
ia_bim_eighteenth-century_opuscoli-di-fisica-anim_spallanzani-lazzaro_1784_1,spallanzani|dissertations relative to the natural history of animals,IA,1784,1750_1799,334,805,805
ia_bim_eighteenth-century_opuscoli-di-fisica-anim_spallanzani-lazzaro_1799,spallanzani|opuscoli di fisica animale e vegetabile english abridgments,IA,1799,1750_1799,290,586,586
ia_bim_eighteenth-century_ornithologia-britannica_fothergill-charles_1799,fothergill|ornithologia britannica or a list of all the,IA,1799,1750_1799,24,107,107
ia_bim_eighteenth-century_outlines-of-the-natural-_berkenhout-john_1769_1,berkenhout|outlines of the natural history of great britain,IA,1769,1750_1799,137,1152,1152
ia_bim_eighteenth-century_outlines-of-the-natural_berkenhout-john_1789_2,berkenhout|synopsis of the natural history of great britain,IA,1789,1750_1799,186,318,318
ia_bim_eighteenth-century_philosophical-observatio_parsons-james_1752,parsons|philosophical observations on the analogy between the propagation,IA,1752,1750_1799,179,283,283
ia_bim_eighteenth-century_physiological-essays-co_whytt-robert-the-elder_1755,whytt|physiological essays containing i an inquiry into the,IA,1755,1750_1799,94,156,156
ia_bim_eighteenth-century_proposals-for-publishing_1790,|proposals for publishing by subscription by peter hill,IA,1790,1750_1799,7,12,12
ia_bim_eighteenth-century_queries-drawn-up-for-the_sinclair-john-sir_1790,sinclair|queries drawn up for the purpose of elucidating,IA,1790,1750_1799,10,15,15
ia_bim_eighteenth-century_queries-proposed-to-gent_society-of-antiquaries-o_1754,societyofantiquariesoflondon|queries proposed to gentlemen in the several parts,IA,1754,1750_1799,5,9,9
ia_bim_eighteenth-century_queries-proposed-to-the-_nichols-john_1787,nichols|queries proposed to the nobility gentry and clergy,IA,1787,1750_1799,7,10,10
ia_bim_eighteenth-century_remarkable-ruins-and-ro_cordiner-charles_1788,cordiner|remarkable ruins and romantic prospects of north britain,IA,1788,1750_1799,121,168,168
ia_bim_eighteenth-century_remarks-on-mr-david-hum_warburton-william_1757,warburton|remarks on mr david hume s essay on,IA,1757,1750_1799,24,27,27
ia_bim_eighteenth-century_remarks-upon-the-natural_stona-thomas_1758,stona|remarks upon the natural history of religion by,IA,1758,1750_1799,47,72,72
ia_bim_eighteenth-century_rural-beauties-or-the-_botanista-theophilus_1757,botanista|rural beauties or the natural history of the,IA,1757,1750_1799,110,192,192
ia_bim_eighteenth-century_select-dissertations-fro_1781,|select dissertations from the am nitates academic a,IA,1781,1750_1799,122,164,164
ia_bim_eighteenth-century_six-sketches-on-the-hist_home-henry-lord-kames_1776,home|six sketches on the history of man containing,IA,1776,1750_1799,140,242,242
ia_bim_eighteenth-century_spectacle-de-la-nature-_1757_0,|spectacle de la nature or nature display d,IA,1757,1750_1799,234,399,399
ia_bim_eighteenth-century_spectacle-de-la-nature_pluche-noel-antoine_1757,pluche|spectacle de la nature or nature display d,IA,1757,1750_1799,308,569,569
ia_bim_eighteenth-century_speculum-linnaeanum-siv_shaw-george-naturalist_1790,shaw|speculum linnaeanum sive zoologice linnaeanae illustratio genus omne,IA,1790,1750_1799,20,42,42
ia_bim_eighteenth-century_syllabus-of-a-course-of-_moyes-henry_1790,moyes|syllabus of a course of lectures on the,IA,1790,1750_1799,6,14,14
ia_bim_eighteenth-century_synopsis-of-quadrupeds_pennant-thomas-natura_1771,pennant|synopsis of quadrupeds 1771,IA,1771,1750_1799,379,937,937
ia_bim_eighteenth-century_synopsis-of-quadrupeds_pennant-thomas_1781_1,pennant|history of quadrupeds 1781 vol 1,IA,1781,1750_1799,262,856,856
ia_bim_eighteenth-century_synopsis-of-quadrupeds_pennant-thomas_1781_2,pennant|history of quadrupeds 1781 vol 2,IA,1781,1750_1799,223,683,683
ia_bim_eighteenth-century_telliamed-english-tel_maillet-benot-de_1750,maillet|telliamed english telliamed or discourses between an indian,IA,1750,1750_1799,170,299,299
ia_bim_eighteenth-century_telliamed-or-discourse_maillet-benot-de_1750,maillet|telliamed or discourses between an indian philosopher and,IA,1750,1750_1799,197,332,332
ia_bim_eighteenth-century_the-anatomical-instructo_pole-thomas_1790,pole|anatomical instructor or an illustration of the modern,IA,1790,1750_1799,108,174,174
ia_bim_eighteenth-century_the-anatomy-of-the-human_monro-alexander-md-f_1782,monro|anatomy of the human bones nerves and lacteal,IA,1782,1750_1799,436,696,696
ia_bim_eighteenth-century_the-antiquities-natural_norden-friderik-ludvig-_1792,norden|antiquities natural history ruins and other curiosities of,IA,1792,1750_1799,55,59,59
ia_bim_eighteenth-century_the-art-of-making-sugar_1752,|art of making sugar under the heads of,IA,1752,1750_1799,26,30,30
ia_bim_eighteenth-century_the-aurelian-or-natura_harris-moses-entomolog_1766,harris|aurelian or natural history of english insects namely,IA,1766,1750_1799,180,368,368
ia_bim_eighteenth-century_the-bird-fanciers-neces_1760,|bird fancier s necessary companion and sure guide,IA,1760,1750_1799,83,176,176
ia_bim_eighteenth-century_the-birds-of-great-brita_lewin-william_1789-1790_1-2,lewin|birds of great britain with their eggs accurately,IA,1789,1750_1799,76,216,216
ia_bim_eighteenth-century_the-calendar-of-nature-_aikin-john_1789,aikin|calendar of nature or youth s delightful companion,IA,1789,1750_1799,41,82,82
ia_bim_eighteenth-century_the-complete-cow-doctor_rowlin-joshua_1799,rowlin|complete cow doctor or farmer s companion treating,IA,1799,1750_1799,196,357,357
ia_bim_eighteenth-century_the-cry-of-nature-or-a_oswald-john_1791,oswald|cry of nature or an appeal to mercy,IA,1791,1750_1799,42,62,62
ia_bim_eighteenth-century_the-emulation-of-the-ins_1754,|emulation of the insects or a minister chosen,IA,1754,1750_1799,7,19,19
ia_bim_eighteenth-century_the-experienced-bee-keep_bromwich-bryan-lanson_1783,bromwich|experienced bee keeper containing an essay on the,IA,1783,1750_1799,61,128,128
ia_bim_eighteenth-century_the-farmers-wife-or-co_1780,|farmer s wife or complete country housewife containing,IA,1780,1750_1799,82,144,144
ia_bim_eighteenth-century_the-farmers-wife-or-th_1780,|farmer s wife or the complete country housewife,IA,1780,1750_1799,82,140,140
ia_bim_eighteenth-century_the-fowler-containing-r_cox-nicholas_1795,cox|fowler containing rules for taking every species of,IA,1795,1750_1799,85,189,189
ia_bim_eighteenth-century_the-general-magazine-of-_martin-benjamin_1755_1,martin|general magazine of arts and sciences philosophical philological,IA,1755,1750_1799,227,362,362
ia_bim_eighteenth-century_the-hare-or-hunting-in_1799_0,|hare or hunting incompatible with humanity written as,IA,1799,1750_1799,8,10,10
ia_bim_eighteenth-century_the-husbandmans-compani_yonge-anthony_1767,yonge|husbandman s companion and gentleman s amusement containing,IA,1767,1750_1799,65,115,115
ia_bim_eighteenth-century_the-insects-of-great-bri_lewin-william_1795,lewin|insects of great britain systematically arranged accurately engraved,IA,1795,1750_1799,125,290,290
ia_bim_eighteenth-century_the-natural-history-and-_white-gilbert_1789,white|natural history and antiquities of selborne in the,IA,1789,1750_1799,396,718,718
ia_bim_eighteenth-century_the-natural-history-of-b_1786,|natural history of birds containing a variety of,IA,1786,1750_1799,52,143,143
ia_bim_eighteenth-century_the-natural-history-of-b_1791_1,|natural history of birds 1791 vol 1,IA,1791,1750_1799,119,298,298
ia_bim_eighteenth-century_the-natural-history-of-b_1791_2,|natural history of birds 1791 vol 2,IA,1791,1750_1799,147,355,355
ia_bim_eighteenth-century_the-natural-history-of-b_1791_3,|natural history of birds 1791 vol 3,IA,1791,1750_1799,163,367,367
ia_bim_eighteenth-century_the-natural-history-of-b_1793,|natural history of beasts compiled from the best,IA,1793,1750_1799,184,499,499
ia_bim_eighteenth-century_the-natural-history-of-b_buffon-georges-louis-le_1792,buffon|natural history of birds from the french of,IA,1792,1750_1799,396,1032,1032
ia_bim_eighteenth-century_the-natural-history-of-b_donovan-edward_1799_3,donovan|natural history of british birds or a selection,IA,1799,1750_1799,37,129,129
ia_bim_eighteenth-century_the-natural-history-of-b_hughes-griffith_1750,hughes|natural history of barbados in ten books by,IA,1750,1750_1799,344,632,632
ia_bim_eighteenth-century_the-natural-history-of-b_jones-stephen_1793,jones|natural history of birds compiled from the best,IA,1793,1750_1799,198,473,473
ia_bim_eighteenth-century_the-natural-history-of-b_jones-stephen_1798_1,jones|natural history of beasts compiled from the best,IA,1798,1750_1799,117,227,227
ia_bim_eighteenth-century_the-natural-history-of-b_tell-truth-t_1778,telltruth|natural history of birds by t tell truth,IA,1778,1750_1799,51,108,108
ia_bim_eighteenth-century_the-natural-history-of-e_hablitz-karl-ivanovich_1789,hablitz|natural history of east tartary 1789,IA,1789,1750_1799,94,187,187
ia_bim_eighteenth-century_the-natural-history-of-e_martin-benjamin-optici_1759_1,martin|natural history of england or a description of,IA,1759,1750_1799,287,459,459
ia_bim_eighteenth-century_the-natural-history-of-f_1781,|natural history of four footed beasts by t,IA,1781,1750_1799,43,89,89
ia_bim_eighteenth-century_the-natural-history-of-i_1792,|natural history of insects compiled from swammerdam brookes,IA,1792,1750_1799,442,1005,1005
ia_bim_eighteenth-century_the-natural-history-of-m_1786,|natural history of many curious and uncommon zoophytes,IA,1786,1750_1799,140,359,359
ia_bim_eighteenth-century_the-natural-history-of-t_aikin-arthur_1798,aikin|natural history of the year being an enlargement,IA,1798,1750_1799,86,156,156
ia_bim_eighteenth-century_the-natural-history-of-t_buffon-georges-louis-le_1762,buffon|natural history of the horse to which is,IA,1762,1750_1799,282,571,571
ia_bim_eighteenth-century_the-natural-history-of-t_harris-thaddeus-mason_1793,harris|natural history of the bible or a description,IA,1793,1750_1799,215,455,455
ia_bim_eighteenth-century_the-natural-history-of-t_hunter-john-f-r-s_1771,hunter|natural history of the human teeth explaining their,IA,1771,1750_1799,71,102,102
ia_bim_eighteenth-century_the-natural-history-of-t_lettsom-john-coakley_1772,lettsom|natural history of the tea tree with observations,IA,1772,1750_1799,26,40,40
ia_bim_eighteenth-century_the-natural-history-of-t_williams-john-mineral-_1789_1,williams|natural history of the mineral kingdom 1789 vol,IA,1789,1750_1799,155,195,195
ia_bim_eighteenth-century_the-naturalists-and-tra_lettsom-john-coakley_1772,lettsom|naturalist s and traveller s companion containing instructions,IA,1772,1750_1799,37,69,69
ia_bim_eighteenth-century_the-new-and-complete-bir_thompson-william_1783,thompson|new and complete bird fancyer or bird fancyer,IA,1783,1750_1799,65,117,117
ia_bim_eighteenth-century_the-philosophy-of-natura_smellie-william-member_1790_1,smelliewilliammemberoftheroyalsocietyofedinburgh|philosophy of natural history by william smellie in,IA,1790,1750_1799,353,806,806
ia_bim_eighteenth-century_the-philosophy-of-natura_smellie-william_1790,smellie|philosophy of natural history by william smellie 1790,IA,1790,1750_1799,977,1200,2665
ia_bim_eighteenth-century_the-philosophy-of-natura_smellie-william_1791,smellie|philosophy of natural history by william smellie member,IA,1791,1750_1799,571,1200,1502
ia_bim_eighteenth-century_the-political-squabble-_neitherside-nicholas_1773,neitherside|political squabble or a scramble for the loaves,IA,1773,1750_1799,12,16,16
ia_bim_eighteenth-century_the-present-state-of-the_chnier-louis-de_1788_1,chnier|present state of the empire of morocco its,IA,1788,1750_1799,102,163,163
ia_bim_eighteenth-century_the-rational-brutes-or-_kilner-dorothy_1799,kilner|rational brutes or talking animals by m pelham,IA,1799,1750_1799,71,141,141
ia_bim_eighteenth-century_the-reasonable-animals-_1780,|reasonable animals a satyrical sketch as it performed,IA,1780,1750_1799,7,39,39
ia_bim_eighteenth-century_the-vermin-killer-being_1765,|vermin killer being a compleat and necessary family,IA,1765,1750_1799,84,170,170
ia_bim_eighteenth-century_the-visit-for-a-week-or_peacock-lucy_1794,peacock|visit for a week or hints on the,IA,1794,1750_1799,92,139,139
ia_bim_eighteenth-century_the-woody-quiristers-or_1760,|woody quiristers or the birds harmony in two,IA,1760,1750_1799,4,15,15
ia_bim_eighteenth-century_the-young-ladys-introdu_demarville-young-lady_1766,demarvilleyoungladysintroductiontonaturalhistory|young lady s introduction to natural history 1766,IA,1766,1750_1799,192,275,275
ia_bim_eighteenth-century_three-years-travels-thro_carver-jonathan_1798,carver|three years travels through the interior parts of,IA,1798,1750_1799,224,362,362
ia_bim_eighteenth-century_tillforladelige-efterre_horrebov-niels_1758,horrebov|natural history of iceland translated from the danish,IA,1758,1750_1799,167,357,357
ia_bim_eighteenth-century_tracts-and-observations-_townson-robert_1799,townson|tracts and observations in natural history and physiology,IA,1799,1750_1799,100,165,165
ia_bim_eighteenth-century_tracts-relating-to-natur_smith-james-edward-sir_1798,smith|tracts relating to natural history by james edward,IA,1798,1750_1799,103,166,166
ia_bim_eighteenth-century_travels-in-england-scot_faujas-de-st-fond-cit_1799_1,faujasdestfond|travels in england scotland and the hebrides undertaken,IA,1799,1750_1799,106,148,148
ia_bim_eighteenth-century_travels-into-dalmatia-c_fortis-alberto_1778,fortis|travels into dalmatia containing general observations on the,IA,1778,1750_1799,305,466,466
ia_bim_eighteenth-century_travels-through-italy-i_ferber-johann-jakob_1776,ferber|travels through italy in the years 1771 and,IA,1776,1750_1799,197,289,289
ia_bim_eighteenth-century_travels-through-spain-w_dillon-john-talbot-sir_1780_0,dillon|travels through spain with a view to illustrate,IA,1780,1750_1799,230,330,330
ia_bim_eighteenth-century_various-subjects-of-nat_miller-john-frederick_1776,miller|1776,IA,1776,1750_1799,3,3,3
ia_bim_eighteenth-century_zoologia-ethica-a-disqui_jones-william_1771,jones|zoologia ethica a disquisition concerning the mosaic distinction,IA,1771,1750_1799,90,155,155
ia_biostor-5796,jamesedwardsmith|introductory discourse on the rise and progress of,IA,1791,1750_1799,28,43,43
ia_biostor-5804,edmundlambert|iv observations relating to the migration of birds,IA,1797,1750_1799,4,12,12
ia_biostor-6043,johnbrand|xvi on the latin terms used in natural,IA,1797,1750_1799,2,3,3
ia_biostor-6094,thomasmarsham|xxiii observations on the insects that infested the,IA,1797,1750_1799,12,28,28
ia_birdsGreatBrita00,lewin|birds of great britain systematically arranged accurately engraved,IA,1795,1750_1799,64,149,149
ia_britishzoology04penngoog,thomaspennant|british zoology,IA,1776,1750_1799,252,671,671
ia_bub_gb_BcJ8tPdu2VsC,johntalbotdillon|travels through spain with a view to illustrate,IA,1780,1750_1799,205,304,304
ia_bub_gb_CzPlLupapjIC,|voyage to southamerica describing at large the spanish,IA,1758,1750_1799,197,330,330
ia_bub_gb_da8WAAAAQAAJ,thomaspennant|genera of birds,IA,1773,1750_1799,47,212,212
ia_bub_gb_jNW4-K2f8OMC,|general natural history or new and accurate descriptions,IA,1773,1750_1799,978,1200,1789
ia_bub_gb_s89S2h_8924C,|present state of the empire of morocco its,IA,1788,1750_1799,65,85,85
ia_comparisonsstru00compgoog,comparisons|comparisons of structure in animals the hand and,IA,1799,1750_1799,153,254,254
ia_elementschemist03fourgoog,antoinefranoisdefourcroy|elements of chemistry and natural history to which,IA,1796,1750_1799,198,443,443
ia_essaysuponnatur00edwagoog,georgeedwards|essays upon natural history and other miscellaneous subjects,IA,1770,1750_1799,116,200,200
ia_gleaningsnatura00plesgoog,georgeedwards|gleanings of natural history exhibiting figures of quadrupeds,IA,1764,1750_1799,205,631,631
ia_historybritishb01bewigoog,thomasbewick|history of british birds volume 1,IA,1797,1750_1799,244,460,460
ia_illustrationsna00drurgoog,drudrury|illustrations of natural history wherein are exhibited upwards,IA,1773,1750_1799,201,386,386
ia_johnphysiophilu00borngoog,ignazborn|john physiophilus s specimen of the natural history,IA,1783,1750_1799,30,75,75
ia_naturalhistoryb02donogoog,edwarddonovan|natural history of british insects explaining them in,IA,1796,1750_1799,52,190,190
ia_naturalhistoryf00wardgoog,samuelward|natural history of fishes,IA,1775,1750_1799,215,538,538
ia_naturalhistoryh01huntgoog,johnhunter|natural history of the human teeth explaining their,IA,1778,1750_1799,94,146,146
ia_paper-doi-10_1098_rstl_1751_0013,monsherissantthostack|experiments made on a great number of living,IA,1751,1750_1799,17,41,41
ia_paper-doi-10_1098_rstl_1755_0039,rbrocklesby|account of some experiments on the sensibility and,IA,1755,1750_1799,6,10,10
ia_paper-doi-10_1098_rstl_1755_0061,arussel|account of four undescribed fishes of aleppo in,IA,1755,1750_1799,5,13,13
ia_paper-doi-10_1098_rstl_1755_0089,atrembleytbirch|account of a work published in italian by,IA,1755,1750_1799,6,8,8
ia_paper-doi-10_1098_rstl_1757_0041,makenside|observations on the origin and use of the,IA,1757,1750_1799,6,7,7
ia_paper-doi-10_1098_rstl_1761_0110,jellis|account of the male and female cochineal insects,IA,1761,1750_1799,6,9,9
ia_paper-doi-10_1098_rstl_1766_0023,drparsons|observations upon animals commonly called amphibious by authors,IA,1766,1750_1799,11,15,15
ia_paper-doi-10_1098_rstl_1766_0024,|account of some peculiar advantages in the structure,IA,1766,1750_1799,12,24,24
ia_paper-doi-10_1098_rstl_1767_0032,tharmersclark|remarks on the very different accounts that have,IA,1767,1750_1799,14,26,26
ia_paper-doi-10_1098_rstl_1768_0014,tpennant|account of the different species of the birds,IA,1768,1750_1799,7,26,26
ia_paper-doi-10_1098_rstl_1768_0034,whewsonwhunter|account of the lymphatic system in birds by,IA,1768,1750_1799,8,15,15
ia_paper-doi-10_1098_rstl_1769_0028,whewsonwhunter|account of the lymphatic system in amphibious animals,IA,1769,1750_1799,6,10,10
ia_paper-doi-10_1098_rstl_1770_0016,thodavies|letter from captain davies to john ellis esquire,IA,1770,1750_1799,4,4,4
ia_paper-doi-10_1098_rstl_1770_0022,dcirillo|letter to dr william watson f r s,IA,1770,1750_1799,3,6,6
ia_paper-doi-10_1098_rstl_1770_0028,tskuckhan|four letters from mr t s kuckhan to,IA,1770,1750_1799,17,29,29
ia_paper-doi-10_1098_rstl_1771_0029,mrmullerrhabennet|observations on some bivalve insects found in common,IA,1771,1750_1799,14,43,43
ia_paper-doi-10_1098_rstl_1772_0022,dbarrington|essay on the periodical appearing and disappearing of,IA,1772,1750_1799,56,128,128
ia_paper-doi-10_1098_rstl_1772_0024,cgullet|letter from mr christopher gullet to matthew maty,IA,1772,1750_1799,4,5,5
ia_paper-doi-10_1098_rstl_1772_0030,jrforster|account of the birds sent from hudson s,IA,1772,1750_1799,30,127,127
ia_paper-doi-10_1098_rstl_1773_0018,jrforster|account of some curious fishes sent from hudson,IA,1773,1750_1799,10,18,18
ia_paper-doi-10_1098_rstl_1773_0031,dbarrington|experiments and observations on the singing of birds,IA,1773,1750_1799,37,78,78
ia_paper-doi-10_1098_rstl_1774_0029,jhunter|account of certain receptacles of air in birds,IA,1774,1750_1799,8,12,12
ia_paper-doi-10_1098_rstl_1775_0021,adicquemare|second essay on the natural history of the,IA,1775,1750_1799,41,98,98
ia_paper-doi-10_1098_rstl_1775_0044,jhunter|experiments on animals and vegetables with respect to,IA,1775,1750_1799,10,27,27
ia_paper-doi-10_1098_rstl_1778_0002,jhunter|of the heat c of animals and vegetables,IA,1778,1750_1799,34,70,70
ia_paper-doi-10_1098_rstl_1779_0025,afontanajparadise|experiments and observations on the inflammable air breathed,IA,1779,1750_1799,19,36,36
ia_paper-doi-10_1098_rstl_1779_0029,afontana|account of the airs extracted from different kinds,IA,1779,1750_1799,5,7,7
ia_paper-doi-10_1098_rstl_1779_0040,jingenhousz|improvements in electricity by john ingenhousz f r,IA,1779,1750_1799,3,3,3
ia_paper-doi-10_1098_rstl_1780_0011,afontana|memoria sopra il veleno americano detto ticunas by,IA,1780,1750_1799,70,158,158
ia_paper-doi-10_1098_rstl_1780_0034,tcavallo|thermometrical experiments and observations by tiberius cavallo f,IA,1780,1750_1799,6,10,10
ia_paper-doi-10_1098_rstl_1781_0003,jrforster|natural history and description of the tyger cat,IA,1781,1750_1799,1,2,2
ia_paper-doi-10_1098_rstl_1781_0048,jkerrjbanks|natural history of the insect which produces the,IA,1781,1750_1799,6,15,15
ia_paper-doi-10_1098_rstl_1781_0055,acrawfordjbanks|experiments on the power that animals when placed,IA,1781,1750_1799,14,28,28
ia_paper-doi-10_1098_rstl_1781_0058,tcavallo|account of some thermometrical experiments containing i experiments,IA,1781,1750_1799,6,10,10
ia_paper-doi-10_1098_rstl_1784_0021,wandrejbankswherschel|description of the teeth of the anarrhichas lupus,IA,1784,1750_1799,8,24,24
ia_paper-doi-10_1098_rstl_1788_0016,ejenner|observations on the natural history of the cuckoo,IA,1788,1750_1799,19,44,44
ia_paper-doi-10_1098_rstl_1789_0004,ewgray|observations on the class of animals called by,IA,1789,1750_1799,16,40,40
ia_synopsisnatural00berkgoog,johnberkenhout|synopsis of the natural history of great britain,IA,1795,1750_1799,170,358,358
ia_tractsandobserv00towngoog,roberttownson|tracts and observations in natural history and physiology,IA,1799,1750_1799,87,152,152
ia_travelsintonort00forsgoog,pehrkalm|travels into north america containing its natural history,IA,1771,1750_1799,185,337,337
